Crime ID,Month,Reported by,Falls within,Longitude,Latitude,Location,LSOA code,LSOA name,Outcome type
ce308e25dd23095304d9196d4aaaccade7d0b5e2d5f1be26463f669facefbb8d,2023-02,Warwickshire Police,Warwickshire Police,,,No location,,,Investigation complete; no suspect identified
b8f4f5b479367848b545d5e76063cdab4b77f8c8825b9af2f5801e9814b5f379,2023-02,Warwickshire Police,Warwickshire Police,,,No location,,,Investigation complete; no suspect identified
7be7ff67d7a1a6171b1f50bed7a7b765ff4757dadce0b55f3cb52f0ab8daeddc,2023-02,Warwickshire Police,Warwickshire Police,,,No location,,,Unable to prosecute suspect
3a3f1d832f1d1602a0d915e9c979b354c2cc6cd63de7b484c0c7146b19655a67,2023-02,Warwickshire Police,Warwickshire Police,,,No location,,,Unable to prosecute suspect
b912147cbeeee2df79e6d4b7d1cd993930b6e7c8d205b8240a95d579d909d280,2023-02,Warwickshire Police,Warwickshire Police,,,No location,,,Investigation complete; no suspect identified
6f1c34dcae45011ce4900571011809b882c3fccc9882c1df8be329eb0aaa129c,2023-02,Warwickshire Police,Warwickshire Police,,,No location,,,Suspect charged
03fd02b2d360ace70376dfc89d64da08be7e4fec9f90dd47c9e7e37f1ee982af,2023-02,Warwickshire Police,Warwickshire Police,-1.258179,52.387197,On or near ,E01031141,Rugby 002E,Suspect charged
53e5b47067df09a3b4042596350554df5a6538166e063513f8eab1fb5f27b5d5,2023-02,Warwickshire Police,Warwickshire Police,-1.579316,52.285216,On or near Guy Street,E01031319,Warwick 012E,Investigation complete; no suspect identified
d107778a458e7c270dfd503327a92f346d9139206de04bdb40752aa3086849d0,2023-02,Warwickshire Police,Warwickshire Police,-1.544437,52.281275,On or near Linkway,E01031265,Warwick 013E,Investigation complete; no suspect identified
5e259ec99f296f525570411393a2963903aa5ad9e440dfa46f6bca561035102b,2023-02,Warwickshire Police,Warwickshire Police,-1.258802,52.385515,On or near ,E01031141,Rugby 002E,Suspect charged
8d7dac7343fa1362a65fa95d3d82476c23484f4714536963850f18637ab46b04,2023-02,Warwickshire Police,Warwickshire Police,-1.574168,52.338987,On or near Chandler Court,E01031303,Warwick 003A,Unable to prosecute suspect
f06a511159003ee4f3a9a8f452a02884386ab09b68e0adb319e6ef8d6d620d7e,2023-02,Warwickshire Police,Warwickshire Police,-1.466857,52.523542,On or near Newdegate Place,E01031043,Nuneaton and Bedworth 005A,Unable to prosecute suspect
4a523b3f61ebf224a73ffba032ec005d731711d8f435aa6e08603606af05f3dc,2023-02,Warwickshire Police,Warwickshire Police,-1.573565,52.337627,On or near ,E01031303,Warwick 003A,Investigation complete; no suspect identified
487c6a25559c4d2720568d72b20144ff89808e30fde232975fc0782a27d76718,2023-02,Warwickshire Police,Warwickshire Police,-1.485473,52.476795,On or near Delamere Road,E01031062,Nuneaton and Bedworth 013A,Investigation complete; no suspect identified
2873c1199ec84c926f191c0767f7970eeef7a5d11332f77822e4a535ecaf447d,2023-02,Warwickshire Police,Warwickshire Police,-1.252483,52.404260,On or near Overview Way,E01032892,Rugby 001G,Investigation complete; no suspect identified
38314668b8978f8d9f0cabc4c1e45db038bd0bcc2b6a2e055ad4d790e0d9901e,2023-02,Warwickshire Police,Warwickshire Police,-1.904833,52.270050,On or near The Maltings,E01031241,Stratford-on-Avon 003C,Unable to prosecute suspect
052ed5ec8116888f8e09cc9b7509c671b05512df9e214e4b7f99339042156a04,2023-02,Warwickshire Police,Warwickshire Police,-1.630675,52.594314,On or near Jim Casey Way,E01031025,North Warwickshire 002B,Offender given a caution
0672e32fc0c7bd531729bc8dd1d3b13bba140ffce831378c36377913358627ec,2023-02,Warwickshire Police,Warwickshire Police,-1.262685,52.372454,On or near Chapel Street,E01031145,Rugby 009C,Unable to prosecute suspect
c4fe3cac5d3e7f38732952ec27be34210b8cf57e706c7a658662af4bc0fb020c,2023-02,Warwickshire Police,Warwickshire Police,-1.424403,52.476640,On or near School Road,E01031067,Nuneaton and Bedworth 014A,Unable to prosecute suspect
be0209d742833d7931914cfa6e29f196c521db68c4ef6555c0fad3e3bd43c97e,2023-02,Warwickshire Police,Warwickshire Police,-1.537301,52.351739,On or near ,E01031300,Warwick 002E,Investigation complete; no suspect identified
af69030fd3c85cac22ff2eb32af1c84898a1c9bdd17ba9d72221af25cc236817,2023-02,Warwickshire Police,Warwickshire Police,-1.523674,52.301134,On or near Grange Road,E01031274,Warwick 006B,Investigation complete; no suspect identified
c92514dae6d1fa3fb5fe6b66d61e0d3f5dc07eb413a71edfb1db27b0af00fd3c,2023-02,Warwickshire Police,Warwickshire Police,-1.391140,52.244992,On or near Oak Close,E01031222,Stratford-on-Avon 004D,Investigation complete; no suspect identified
e06a45c6eb5a548445fbfba46b4a268d74c471c7924c4a3baefd94741e19cb1c,2023-02,Warwickshire Police,Warwickshire Police,-1.632910,52.297775,On or near Rowborough Close,E01031268,Warwick 014D,Investigation complete; no suspect identified
1511e234a8abef3331a402d1052283059da2769966b45f018912396daa55a24b,2023-02,Warwickshire Police,Warwickshire Police,-1.546536,52.577831,On or near Market Street,E01031011,North Warwickshire 003C,Unable to prosecute suspect
633e8f7df6e5e781eea99afc5b8226c9e1cfacc07174a9b807596a3413113ce9,2023-02,Warwickshire Police,Warwickshire Police,-1.417493,52.474745,On or near Eustace Road,E01031068,Nuneaton and Bedworth 014B,Unable to prosecute suspect
2734a86432bc3526ab3f1f4ecffd2bace47b9c688f59bf52a3dbdbe6caa16f7d,2023-02,Warwickshire Police,Warwickshire Police,-1.461746,52.526935,On or near ,E01031102,Nuneaton and Bedworth 003C,Unable to prosecute suspect
5329337b0d2620ddf57ba9e95275f91b36cfab4be99cd57fe6fa47dbab5688c1,2023-02,Warwickshire Police,Warwickshire Police,-1.463960,52.522998,On or near ,E01031043,Nuneaton and Bedworth 005A,Suspect charged
2387dbb48f58339d9c3bb94ea025315ae6c03b150d3be463c53db581f93ce908,2023-02,Warwickshire Police,Warwickshire Police,-1.461746,52.526935,On or near ,E01031102,Nuneaton and Bedworth 003C,Unable to prosecute suspect
5084a3f4b8c11ca591e862586e446a8b07d950ed177f301e7755c1a3f28c1e29,2023-02,Warwickshire Police,Warwickshire Police,-1.462931,52.525250,On or near ,E01031043,Nuneaton and Bedworth 005A,Suspect charged
b64dc7046852e74878d06d516adec8606298dae7af752bfa0c031fa0b854b39a,2023-02,Warwickshire Police,Warwickshire Police,-1.461746,52.526935,On or near ,E01031102,Nuneaton and Bedworth 003C,Unable to prosecute suspect
cc782401735180a61b0239b1393e3cbf0b3499ce4e3132e2fe5aa7dcb23faa3b,2023-02,Warwickshire Police,Warwickshire Police,-1.664190,52.578277,On or near Colonel Dibley Close,E01031031,North Warwickshire 002D,Unable to prosecute suspect
b7067fcc2aea6dc49e8d9680ddc9abf08e91e3c61366f70cb25f449f3d398fd5,2023-02,Warwickshire Police,Warwickshire Police,-1.539845,52.574254,On or near Hollands Mead,E01031013,North Warwickshire 003E,Unable to prosecute suspect
39ccebe462abb08c9b3d85b4147d71c3dfa28c203d6c1661cb20a90a75e1c152,2023-02,Warwickshire Police,Warwickshire Police,-1.516296,52.533876,On or near Westminster Drive,E01031084,Nuneaton and Bedworth 004D,Unable to prosecute suspect
d80599e94e32ce3e942c399f0cba2abac1c9ec5e914279c7098e425885be1c16,2023-02,Warwickshire Police,Warwickshire Police,-1.391140,52.244992,On or near Oak Close,E01031222,Stratford-on-Avon 004D,Unable to prosecute suspect
a1e88413de1ab477ea08c299f1ddc702a0935dd298155b08acead12e925d6dc5,2023-02,Warwickshire Police,Warwickshire Police,-1.490505,52.521731,On or near Tomkinson Road,E01031060,Nuneaton and Bedworth 006D,Unable to prosecute suspect
cbc85017f82430efe84f8b000b2951acc8b900c6b9fb776cf1e3e4cac5e62fa0,2023-02,Warwickshire Police,Warwickshire Police,-1.434360,52.464812,On or near Top Road,E01031159,Rugby 001C,Investigation complete; no suspect identified
2ffb391f4a0a1d7fc9e09943765e3b6742429c479bf0245e636e781e71204f69,2023-02,Warwickshire Police,Warwickshire Police,-1.709208,52.196513,On or near Clopton Court,E01031229,Stratford-on-Avon 009B,Unable to prosecute suspect
c5a0c73b9bce9c6d095ada331325456577dec7ebd8c5dd27e6002e94937645e0,2023-02,Warwickshire Police,Warwickshire Police,-1.787160,52.183670,On or near Church Bank,E01031188,Stratford-on-Avon 007B,Investigation complete; no suspect identified
3aac5cf8076bf32b3ddb33a9f884f2cd73ac9665b83d35df78bf3916e990bb93,2023-02,Warwickshire Police,Warwickshire Police,-1.740316,52.122774,On or near St Swithin's Drive,E01031212,Stratford-on-Avon 014B,Unable to prosecute suspect
5c5c281e9ed9f459327aad6b3a4bd32c5bd95ed4cf7041f616294f4f8b11f4a8,2023-02,Warwickshire Police,Warwickshire Police,-1.401067,52.384357,On or near Kirby Close,E01031154,Rugby 004D,Unable to prosecute suspect
8d84bec173498b7ccbf72d9008b44fc36ec6e701c176b558cd80ada9c1a1242e,2023-02,Warwickshire Police,Warwickshire Police,-1.869375,52.178144,On or near High Street,E01031190,Stratford-on-Avon 012B,Investigation complete; no suspect identified
2849b569390f97b12ac6f97e9560eff70d79bd7c30521af033764d87205f5469,2023-02,Warwickshire Police,Warwickshire Police,-1.423337,52.260473,On or near Featherbed Lane,E01031210,Stratford-on-Avon 005F,Investigation complete; no suspect identified
568d3b9132cdb69ce19c44882328a61134e39ac1ff1287c4c36e57abadbb2c4c,2023-02,Warwickshire Police,Warwickshire Police,-1.445284,52.546583,On or near Nuneaton Lane,E01031110,Nuneaton and Bedworth 001A,Unable to prosecute suspect
43b9fee083d2614162481e77ef02f34960bffd071c768696875fa2141a9c795c,2023-02,Warwickshire Police,Warwickshire Police,-1.744798,52.123260,On or near Millfield Close,E01031212,Stratford-on-Avon 014B,Unable to prosecute suspect
9eb765d509165262c0fd989eee03e51c9a437dc1c82d96877e2d24c9ebceb02d,2023-02,Warwickshire Police,Warwickshire Police,-1.531725,52.567651,On or near Findley Close,E01031015,North Warwickshire 003G,Investigation complete; no suspect identified
de57812ed523a6991e9ff882b73e41894f34f0995e95b511f4ce99ec377beb0d,2023-02,Warwickshire Police,Warwickshire Police,-1.294257,52.359161,On or near ,E01031127,Rugby 007C,Unable to prosecute suspect
5bbf19b691725803294bf5fe26e346a42175a9768e4dc49b30bfedc9b6f2f1dd,2023-02,Warwickshire Police,Warwickshire Police,-1.466580,52.526947,On or near ,E01031043,Nuneaton and Bedworth 005A,Investigation complete; no suspect identified
1b3349290b1dc38659cca5f455174f013dad450a1cd3843e680375ecc08d4901,2023-02,Warwickshire Police,Warwickshire Police,-1.712134,52.200988,On or near ,E01031231,Stratford-on-Avon 009D,Unable to prosecute suspect
776d4a13bd1e053193d97d5ca723b484cbe78c7bcc197441edece5ca64649d08,2023-02,Warwickshire Police,Warwickshire Police,-1.592802,52.198848,On or near Willett Gardens,E01031253,Stratford-on-Avon 008G,Unable to prosecute suspect
57efa32d73ec3f05c1ac18e02d355fdf792e2d63158027e004c993ccc80cadab,2023-02,Warwickshire Police,Warwickshire Police,-1.262685,52.372454,On or near Chapel Street,E01031145,Rugby 009C,Unable to prosecute suspect
c30352193eb49b08b695d0bb48e2d4b67a34eb6cb52a80558039880145a57971,2023-02,Warwickshire Police,Warwickshire Police,-1.536851,52.291899,On or near Warwick Street,E01033256,Warwick 007I,Investigation complete; no suspect identified
14a734f3e84921c2e2795237aed44752f70500d6730b5f494802c99005784591,2023-02,Warwickshire Police,Warwickshire Police,-1.593239,52.288807,On or near Cape Road,E01031321,Warwick 011A,Unable to prosecute suspect
a8495f8a233746f466aaaa0486b4ebf88c645df6285bd2c57889637923c00a6d,2023-02,Warwickshire Police,Warwickshire Police,-1.705309,52.487004,On or near Sherborne Close,E01031022,North Warwickshire 006D,Investigation complete; no suspect identified
f780f1b3c7608d85fae31530ffb2338bc2871a5bf8f9558ba22b3fc47f517230,2023-02,Warwickshire Police,Warwickshire Police,-1.463664,52.543746,On or near Duckpond Lane,E01031113,Nuneaton and Bedworth 001D,Investigation complete; no suspect identified
aa873c7d4cd8f015d42fd0b48def63b247fd7e6b4bfdecece8f357b44df1b6df,2023-02,Warwickshire Police,Warwickshire Police,-1.519533,52.547932,On or near Nuneaton Road,E01031030,North Warwickshire 005F,Investigation complete; no suspect identified
7120ae5e857dcd8405cfaad41831ca260eec2c7d56d750f7290c1d2f7294abbc,2023-02,Warwickshire Police,Warwickshire Police,-1.855779,52.172059,On or near Ash Place,E01031190,Stratford-on-Avon 012B,Investigation complete; no suspect identified
2d3d5e70c5e388691f8e20e61f3f1907a459c2be1d43920ffa44bafc95901ac3,2023-02,Warwickshire Police,Warwickshire Police,-1.247147,52.385266,On or near Howkins Road,E01031141,Rugby 002E,Unable to prosecute suspect
86110038f6a2dce5b47355384a3f803cc38fdbe5b424c064eead4e0329ffbcc2,2023-02,Warwickshire Police,Warwickshire Police,-1.590737,52.288331,On or near Deerpark Drive,E01031321,Warwick 011A,Investigation complete; no suspect identified
a031caa7055aa847ef0deaffd39ce210276637e872dca1acd7a2cdbd68b3cf8c,2023-02,Warwickshire Police,Warwickshire Police,-1.246367,52.398288,On or near Sandpiper Close,E01032892,Rugby 001G,Unable to prosecute suspect
d72a83a9946aad9c435c84c4a869789a6888d88a2cf7ebab45be28e82765315c,2023-02,Warwickshire Police,Warwickshire Police,-1.268578,52.362547,On or near Maple Gardens,E01031176,Rugby 011E,Unable to prosecute suspect
674f4e9bd70ce8e787d4e6b0f6947d4d632416043728ebd5998f8b2cc0688baf,2023-02,Warwickshire Police,Warwickshire Police,-1.704263,52.192233,On or near ,E01031234,Stratford-on-Avon 011C,Investigation complete; no suspect identified
b73f67db09160867abf14e8ac9528cdcac20c932174b4e2feef310c806e8ada4,2023-02,Warwickshire Police,Warwickshire Police,-1.704263,52.192233,On or near ,E01031234,Stratford-on-Avon 011C,Investigation complete; no suspect identified
2fc870d034fdc0f1433975d2f7f8eef3dc6cf2c6f62523f237092adc2ff7bce6,2023-02,Warwickshire Police,Warwickshire Police,-1.371179,52.411532,On or near Green Lane,E01031159,Rugby 001C,Investigation complete; no suspect identified
a2b543676ba54769bb6f47ca58e4de336d15b62bca82764502935ff47a5b8f63,2023-02,Warwickshire Police,Warwickshire Police,-1.368825,52.144306,On or near Forge Lane,E01031198,Stratford-on-Avon 005B,Unable to prosecute suspect
8b04ee161324fb7ebb6007dcf88a348e31af58746fe1e62075b7c8461ced3069,2023-02,Warwickshire Police,Warwickshire Police,-1.622573,52.612861,On or near Aldridge Close,E01031040,North Warwickshire 001F,Investigation complete; no suspect identified
951c7eb90991396726592b2799684543ddd9b3a3b0ae785c319d5a13450330a4,2023-02,Warwickshire Police,Warwickshire Police,,,No location,,,Investigation complete; no suspect identified
f2873caed33dad9276d2b35c4d2545c6c2eeda21f60560b9569ae4bcbf2f7d2a,2023-02,Warwickshire Police,Warwickshire Police,-1.731372,52.516481,On or near Park Grove,E01031042,North Warwickshire 006F,Investigation complete; no suspect identified
b89812ecf07776d7028a9a000af35d3eddbb365eae892151b3a561673cc78cb8,2023-02,Warwickshire Police,Warwickshire Police,-1.487166,52.459065,On or near Mcdonnell Drive,E01031080,Nuneaton and Bedworth 018D,Investigation complete; no suspect identified
c62e3ff2c28c719b19bbf73ba72cc9218d64539f2ccf14dbee452c2976b97fd2,2023-02,Warwickshire Police,Warwickshire Police,-1.492773,52.516679,On or near Denehurst Way,E01031061,Nuneaton and Bedworth 006E,Unable to prosecute suspect
18fd2b845378a581799702721d22b0f54ec59970ec703842dedc09c48abb2270,2023-02,Warwickshire Police,Warwickshire Police,-1.593239,52.288807,On or near Cape Road,E01031321,Warwick 011A,Unable to prosecute suspect
3170720c1b51bd7ee1dae6571de81a2fa85a39a37eb3b6bd9cc65b94dea243ca,2023-02,Warwickshire Police,Warwickshire Police,-1.534848,52.288601,On or near Euston Place,E01031271,Warwick 010A,Suspect charged
672a3a8bd2acf406dc36e50f403d6745c67e902b5b8f15e5f9716f0f11a43f1f,2023-02,Warwickshire Police,Warwickshire Police,-1.368285,52.487501,On or near Church Hill,E01031182,Rugby 001E,Unable to prosecute suspect
23b1e0d299a0622006b526bf1b630eac3124642794d3c6d7bc8fd65d83904aa5,2023-02,Warwickshire Police,Warwickshire Police,-1.400715,52.249581,On or near Hartley Gardens,E01031222,Stratford-on-Avon 004D,Suspect charged
24bf5bbd861c3363c124a8516367dfcfa1a26a57b65b2573658fd9cacf07fded,2023-02,Warwickshire Police,Warwickshire Police,-1.723605,52.196386,On or near Baker Avenue,E01031238,Stratford-on-Avon 009F,Unable to prosecute suspect
db05189e94f0abb29944c682053364143fcd88591848c2af00c90a1b7c33cba1,2023-02,Warwickshire Police,Warwickshire Police,-1.506701,52.471779,On or near Mavor Drive,E01031086,Nuneaton and Bedworth 016A,Unable to prosecute suspect
9aabc7f5f1f3c7f2244be1c151a41b17dff985ba23d187a466692b6d715b3dfd,2023-02,Warwickshire Police,Warwickshire Police,-1.475670,52.526152,On or near Bottrill Street,E01031046,Nuneaton and Bedworth 005D,Unable to prosecute suspect
9fa98f1ad4a027fa103bdc4b0deae74a43fd135b7a8bfbb7be9b9002f03073e1,2023-02,Warwickshire Police,Warwickshire Police,-1.578226,52.346014,On or near Church Drive,E01031258,Warwick 001E,Investigation complete; no suspect identified
01bb491ef0f5183ea4805dce52ddde2b9936cf3b6b401536577b437371246557,2023-02,Warwickshire Police,Warwickshire Police,-1.301890,52.361220,On or near Callier Close,E01032894,Rugby 007G,Unable to prosecute suspect
0c9e742d091b0f7f53622cebc933f5158cbaa7f6eff40764805164b7e8631eec,2023-02,Warwickshire Police,Warwickshire Police,-1.471626,52.489707,On or near King George's Avenue,E01031065,Nuneaton and Bedworth 013D,Unable to prosecute suspect
f311320eef6b3635d8dc7161677af8d6f0ede5f3e02e20585f8e9e667d2fa315,2023-02,Warwickshire Police,Warwickshire Police,-1.477475,52.473362,On or near Black Bank,E01031080,Nuneaton and Bedworth 018D,Unable to prosecute suspect
cd46b079510ebef3358f25c253fd862416fa554717cd480f23cf85e2f22d230d,2023-02,Warwickshire Police,Warwickshire Police,-1.705580,52.192027,On or near ,E01031234,Stratford-on-Avon 011C,Investigation complete; no suspect identified
33a749ca113b76796ec820d173a1feb4032921452153b24cb6422551cec796ee,2023-02,Warwickshire Police,Warwickshire Police,-1.705580,52.192027,On or near ,E01031234,Stratford-on-Avon 011C,Investigation complete; no suspect identified
cacd9bf6769c93f5c41f312e6b6b0cfa90b566beaa7a2948bcce9d531f71ba74,2023-02,Warwickshire Police,Warwickshire Police,-1.630209,52.065255,On or near Darlingscote Road,E01031215,Stratford-on-Avon 015D,Unable to prosecute suspect
0904444eb2fec23b2955a8b601beedbf0005cd90aa17677f74553f522f83f0b4,2023-02,Warwickshire Police,Warwickshire Police,-1.675391,52.189233,On or near Blackberry Lane,E01031227,Stratford-on-Avon 010C,Investigation complete; no suspect identified
51c0a0bb49a47d24b8af02753d04f0146a37535ccf95bb12230a373eca4adfcf,2023-02,Warwickshire Police,Warwickshire Police,-1.401376,52.384349,On or near Beechers Keep,E01031154,Rugby 004D,Unable to prosecute suspect
7708fd8a93c5f1d34a7e27b81991826ce3bdcf1e796614f89fa636bee8497444,2023-02,Warwickshire Police,Warwickshire Police,-1.472105,52.364593,On or near Siskin Parkway East,E01031308,Warwick 005G,Investigation complete; no suspect identified
a83efc908c77146ff079552afeeba539c197811135e47c50164ec7f3c141fd63,2023-02,Warwickshire Police,Warwickshire Police,-1.710400,52.494442,On or near Digby Road,E01031021,North Warwickshire 006C,Investigation complete; no suspect identified
b69921e77c410b0ee69be2b1087004e8de726c9fa855babee92eab0bf31011dd,2023-02,Warwickshire Police,Warwickshire Police,-1.520666,52.541392,On or near Church Road,E01031030,North Warwickshire 005F,Unable to prosecute suspect
ec7e9ce55b8b23831f38bc60ab77afdd3102b8284032423cad7b2b50784f93ad,2023-02,Warwickshire Police,Warwickshire Police,-1.256663,52.377702,On or near Alexandra Road,E01031174,Rugby 003D,Unable to prosecute suspect
8fedc1b07346856ed2daa9d234be22fc4b654a2b712e8369bdd79330f4946c69,2023-02,Warwickshire Police,Warwickshire Police,-1.537327,52.291254,On or near Windsor Place,E01033256,Warwick 007I,Unable to prosecute suspect
c2e0e68c63ea4a39576d43eaa2bbeb859a3b59de102f6b5ca479d709cde03eda,2023-02,Warwickshire Police,Warwickshire Police,-1.593061,52.297024,On or near Hughes Close,E01031313,Warwick 008E,Investigation complete; no suspect identified
27a93a4ce16ea09b8191eca757a97acfa17b354da4f35fd1b5800176fac49a8b,2023-02,Warwickshire Police,Warwickshire Police,-1.505945,52.472234,On or near Raynor Crescent,E01031086,Nuneaton and Bedworth 016A,Unable to prosecute suspect
d682f0d124227021602da41012d05f5cf00bdee272ee8a597a02241c5ddbd019,2023-02,Warwickshire Police,Warwickshire Police,-1.248875,52.389080,On or near Rowse Close,E01031140,Rugby 002D,Unable to prosecute suspect
466066b8b074c6e50ff01cc97ec35ca2b225b872b8f42331ccbd50f23c5389f6,2023-02,Warwickshire Police,Warwickshire Police,-1.429409,52.226797,On or near Blue Pool Vale,E01031199,Stratford-on-Avon 005C,Unable to prosecute suspect
3ea09d518ce291e86a32bb9a53bfb721a08bb8fd90ad4418ad39ce0af9065142,2023-02,Warwickshire Police,Warwickshire Police,-1.258334,52.377956,On or near Lodge Road,E01031174,Rugby 003D,Unable to prosecute suspect
bd42ed7fe0eb7cff658ad2ba5fd310a91241f7cb60b0d735096a910e2d3fb83b,2023-02,Warwickshire Police,Warwickshire Police,-1.467996,52.478048,On or near Queen Street,E01031096,Nuneaton and Bedworth 015B,Investigation complete; no suspect identified
f11920c3d083f20456582e49c2c3a2430facca7cf4e6e5cae908e490c1dc10cc,2023-02,Warwickshire Police,Warwickshire Police,-1.272606,52.364927,On or near Wentworth Road,E01031176,Rugby 011E,Suspect charged
864de272645ca9d83cb50aca996d2dcb1675db6ecf0ac96580b9122c71fe38fc,2023-02,Warwickshire Police,Warwickshire Police,,,No location,,,Investigation complete; no suspect identified
2d41e1900f16c6078037e97b397b2f4422d49245a1ae98462672644733470dae,2023-02,Warwickshire Police,Warwickshire Police,-1.429540,52.484710,On or near Claremont Close,E01031069,Nuneaton and Bedworth 014C,Investigation complete; no suspect identified
331ea29892d58a169fd26ae2003cd5aaac7dce00b4b8781126dd6f74c1d61bc1,2023-02,Warwickshire Police,Warwickshire Police,-1.580170,52.350030,On or near Abbotsford Mews,E01031256,Warwick 001C,Unable to prosecute suspect
4e2b39aabe66f714ae8c2bff13c3b4d0716a2f188a84ef84ea3ffbba14fa52f2,2023-02,Warwickshire Police,Warwickshire Police,-1.626642,52.300380,On or near Blackwell Lane,E01031268,Warwick 014D,Suspect charged
e3d94874acaf02fa4036157745a8e68a6996b4453e82e6c74ae57b97d90a19e3,2023-02,Warwickshire Police,Warwickshire Police,-1.566346,52.292407,On or near Beech Grove,E01031309,Warwick 008A,Unable to prosecute suspect
a392311b968f951815cdcd43430abe6e673dd7709a91bfd181eb023cd5037ca9,2023-02,Warwickshire Police,Warwickshire Police,-1.400845,52.284518,On or near Galanos,E01031210,Stratford-on-Avon 005F,Unable to prosecute suspect
30c4d6fc19bc0847ff9a0d6d84c8feb20ba0acc8d187bce5f6b584b68001df22,2023-02,Warwickshire Police,Warwickshire Police,-1.470231,52.489359,On or near Queen Mary's Road,E01031065,Nuneaton and Bedworth 013D,Unable to prosecute suspect
831219fa01fec7909e38a86d4442c8350eef9c817053e44a93acefcfd6c6da28,2023-02,Warwickshire Police,Warwickshire Police,-1.538179,52.285440,On or near Station Approach,E01031291,Warwick 009B,Unable to prosecute suspect
1042d8ecef510074b62e25e5a23b6975caf35b733db092b537bd174fadc112b4,2023-02,Warwickshire Police,Warwickshire Police,-1.470231,52.489359,On or near Queen Mary's Road,E01031065,Nuneaton and Bedworth 013D,Unable to prosecute suspect
2e5a295bcaa06eb8f7f7976e543531d2f2a0a45981f0311816b7e264f705b841,2023-02,Warwickshire Police,Warwickshire Police,-1.571051,52.342626,On or near Mayo Drive,E01031307,Warwick 003E,Unable to prosecute suspect
7215561c8a925a7f498889a29b0198788342f02f227319a0187bde3418a2641c,2023-02,Warwickshire Police,Warwickshire Police,-1.481357,52.483753,On or near Marner Road,E01031109,Nuneaton and Bedworth 012E,Unable to prosecute suspect
89e7647da836c3c5ce11e5f099abb7ea4f724a8dc175653f57331dfbbc11f0fc,2023-02,Warwickshire Police,Warwickshire Police,-1.614570,52.619461,On or near ,E01031037,North Warwickshire 001C,Unable to prosecute suspect
9b1d4a3785287ecfe74974b8d218f260f2ef268f20f0ba2eb0fd54ab3d0121c3,2023-02,Warwickshire Police,Warwickshire Police,-1.428258,52.531327,On or near Baskerville Road,E01031103,Nuneaton and Bedworth 003D,Unable to prosecute suspect
666a60af4cd4c00c1274dc6332396160bd6a84f2d77b2b370322dccfb0b993e0,2023-02,Warwickshire Police,Warwickshire Police,,,No location,,,Investigation complete; no suspect identified
7bf8b84b280ae9d54c9b4ed0d5c8f966dd826c4d9ff7513c6c627bd7ff0c94eb,2023-02,Warwickshire Police,Warwickshire Police,,,No location,,,Unable to prosecute suspect
51e930a0cd69dac96b2fe174696a0e2c7d13c49813ec9127c21ebf07b4d606ff,2023-02,Warwickshire Police,Warwickshire Police,-1.535950,52.288309,On or near Bedford Place,E01033253,Warwick 007H,Suspect charged
51e930a0cd69dac96b2fe174696a0e2c7d13c49813ec9127c21ebf07b4d606ff,2023-02,Warwickshire Police,Warwickshire Police,-1.535950,52.288309,On or near Bedford Place,E01033253,Warwick 007H,Suspect charged
c4a06743ea5f520503d8854205c2ff6ffb4d8c808cdb079f54462410bbf3da91,2023-02,Warwickshire Police,Warwickshire Police,,,No location,,,Unable to prosecute suspect
326674e59a0373600b6d0cc8a4369a5c96bf9e86e1d763210bedc611e9949b6e,2023-02,Warwickshire Police,Warwickshire Police,-1.520118,52.284155,On or near Waterloo Street,E01031337,Warwick 010G,Unable to prosecute suspect
bd1d0873bd9a28880aa50198075283080f86aca45a5756d7a8864ffb5bb12272,2023-02,Warwickshire Police,Warwickshire Police,-1.454363,52.525570,On or near The Maltings,E01031100,Nuneaton and Bedworth 003A,Unable to prosecute suspect
8fe2421666190d039b03eaff7c600a2a1a7694e7477d79422992ecb7da37019b,2023-02,Warwickshire Police,Warwickshire Police,,,No location,,,Unable to prosecute suspect
db8ea94ecd3dd2029b438724b3f5f7e040e67d729f01c2660eb15eed98cb7ee6,2023-02,Warwickshire Police,Warwickshire Police,-1.631378,52.635453,On or near ,E01031035,North Warwickshire 001A,Suspect charged
db8ea94ecd3dd2029b438724b3f5f7e040e67d729f01c2660eb15eed98cb7ee6,2023-02,Warwickshire Police,Warwickshire Police,-1.631378,52.635453,On or near ,E01031035,North Warwickshire 001A,Suspect charged
db8ea94ecd3dd2029b438724b3f5f7e040e67d729f01c2660eb15eed98cb7ee6,2023-02,Warwickshire Police,Warwickshire Police,-1.631378,52.635453,On or near ,E01031035,North Warwickshire 001A,Suspect charged
3d00dbf6e1fb932481c2decaf6f0052b0c94a5cfdd96542dc9ea17c095b70568,2023-02,Warwickshire Police,Warwickshire Police,-1.278160,52.373870,On or near ,E01031168,Rugby 006B,Unable to prosecute suspect
db6b4ee0d3b93bd1f1de3265e49db9eeddf2669a87be1e6b604ee84a7375f12c,2023-02,Warwickshire Police,Warwickshire Police,-1.260360,52.373599,On or near Bank Street,E01031173,Rugby 003C,Unable to prosecute suspect
8bb0b336e7ce575e1345be10863f3b8668f58d56fb8809b1914aa17dc9d10cb1,2023-02,Warwickshire Police,Warwickshire Police,-1.278160,52.373870,On or near ,E01031168,Rugby 006B,Unable to prosecute suspect
f50b4cb814d7881ff774372e0b1349aa49b40557b8dc411063b5f83d93e95eb3,2023-02,Warwickshire Police,Warwickshire Police,-1.513188,52.299806,On or near Clare Close,E01031273,Warwick 006A,Unable to prosecute suspect
40867b63581a9cdaaf39c04ba83de94981a01e4fd7901896910ee7ae4443b9a4,2023-02,Warwickshire Police,Warwickshire Police,-1.464036,52.486490,On or near Oak Close,E01031065,Nuneaton and Bedworth 013D,Unable to prosecute suspect
8e23644b6bc2f7eb1b2b7a1e3b71eabfe66960494a05adddf6ac8d7fb1a0ca67,2023-02,Warwickshire Police,Warwickshire Police,-1.406497,52.270710,On or near Bascote Road,E01031211,Stratford-on-Avon 005G,Unable to prosecute suspect
a885ecd6cfe40ab1e51c324710a5078757c6f4e42985fb49e3604705b2ebddab,2023-02,Warwickshire Police,Warwickshire Police,-1.548375,52.250049,On or near Rye Fields,E01031260,Warwick 014B,Action to be taken by another organisation
28b577482ea05319efea4b6be0c0e8bb09d77b1680d78c64a9a929f4e7dfaed2,2023-02,Warwickshire Police,Warwickshire Police,-1.469445,52.521611,On or near ,E01031043,Nuneaton and Bedworth 005A,Unable to prosecute suspect
d23a9bde9717f512d73231cd62e483cff7cac26af50761d76ebf5deccbfb46fe,2023-02,Warwickshire Police,Warwickshire Police,-1.520251,52.305351,On or near ,E01031289,Warwick 007G,Investigation complete; no suspect identified
fec6db3c961aebdaf7ed4ebcd06f69b298b3cc8d70a485207ab71761fae7bd10,2023-02,Warwickshire Police,Warwickshire Police,-1.704263,52.192233,On or near ,E01031234,Stratford-on-Avon 011C,Unable to prosecute suspect
0a132d56c81d7d4bbf6fd0a96c02315eff9ca14abcf87ad2fd4b4f0dbe6fa7a8,2023-02,Warwickshire Police,Warwickshire Police,-1.536851,52.291899,On or near Warwick Street,E01033256,Warwick 007I,Unable to prosecute suspect
fcd6bce7867b189e04f08860f2df3f588d6f188fd54de1424ecfda849bc39468,2023-02,Warwickshire Police,Warwickshire Police,-1.509530,52.531098,On or near Brights Road,E01032890,Nuneaton and Bedworth 002F,Unable to prosecute suspect
291eac9a36ca41478752c43ed77317e4278eb313de26dfe6a42ba18e7a41c8b3,2023-02,Warwickshire Police,Warwickshire Police,-1.509530,52.531098,On or near Brights Road,E01032890,Nuneaton and Bedworth 002F,Unable to prosecute suspect
0cc28ef1c8130e40f7a043712e7d6b923b256f972c39ab3c387be9e45fe37665,2023-02,Warwickshire Police,Warwickshire Police,-1.523611,52.272823,On or near Brunswick Street,E01031264,Warwick 013D,Unable to prosecute suspect
6bad352e53915f6a39b2caccddbd37726d48ac4647bc2a21d1a6a93194ae5ec5,2023-02,Warwickshire Police,Warwickshire Police,-1.600696,52.401876,On or near Patricia Close,E01009703,Coventry 025C,Unable to prosecute suspect
dc6e249056cfac596c3d52088675fd6ccf38a0f5e28c7695e25984f01f08d0bc,2023-02,Warwickshire Police,Warwickshire Police,-1.535686,52.523715,On or near Valley Road,E01031083,Nuneaton and Bedworth 004C,Unable to prosecute suspect
6c19061f49c1c350fc67e813f0806be18222b8860e1b9e952a084f0853e2a700,2023-02,Warwickshire Police,Warwickshire Police,-1.252405,52.350624,On or near Gorse Farm Close,E01031143,Rugby 009A,Investigation complete; no suspect identified
f3ecbf63c37883d8fc84a8754f28e91a1a1462c852d724254bd3f1cd41e51aa8,2023-02,Warwickshire Police,Warwickshire Police,-1.506124,52.533835,On or near Oakroyd Crescent,E01031073,Nuneaton and Bedworth 002C,Investigation complete; no suspect identified
8f2cadb94dc483fc65df2069b5e5dba2384429eb8f44a237f2133663db8c1c5f,2023-02,Warwickshire Police,Warwickshire Police,-1.526793,52.273978,On or near Masters Road,E01031264,Warwick 013D,Investigation complete; no suspect identified
fe3c8ae92d72a9f8721360c4cc0bf7f760bebcba703f4ad7178fd3393881e341,2023-02,Warwickshire Police,Warwickshire Police,-1.530860,52.284414,On or near ,E01031336,Warwick 010F,Unable to prosecute suspect
89b932ebde067f9a372e8931128acf247ee51eee1ca17ee4a657e8fff03d188b,2023-02,Warwickshire Police,Warwickshire Police,-1.563435,52.286007,On or near ,E01031320,Warwick 012F,Investigation complete; no suspect identified
868c91b6896d4d8c6faf52c7034f132d6ab329c337cb74c75ddff730c46bad66,2023-02,Warwickshire Police,Warwickshire Police,-1.500407,52.475052,On or near Snowdrop Close,E01031087,Nuneaton and Bedworth 016B,Unable to prosecute suspect
316c7b1ba7a272141ae3a4b208c442d003f871e9d35648dce50bce3b99538a36,2023-02,Warwickshire Police,Warwickshire Police,-1.256668,52.379141,On or near The Sidings,E01031174,Rugby 003D,Investigation complete; no suspect identified
fcd76cd6ab4b1e4b01533790b292cfd7e8763fe1b07e59ecc18dbb560dcb4aba,2023-02,Warwickshire Police,Warwickshire Police,-1.452082,52.513441,On or near Springfield Road,E01031054,Nuneaton and Bedworth 010C,Unable to prosecute suspect
9338244a6bedf8ccdf57464388cceeaefbdd75a21220ed50815fa52a33a13ea3,2023-02,Warwickshire Police,Warwickshire Police,-1.403675,52.125868,On or near Banbury Road,E01031194,Stratford-on-Avon 013A,Investigation complete; no suspect identified
18d570e5e57e35f2feaacc2ff28619cab7b7f9a9abbe9c094735b4192790f423,2023-02,Warwickshire Police,Warwickshire Police,-1.876705,52.219435,On or near Birmingham Road,E01031184,Stratford-on-Avon 006B,Unable to prosecute suspect
8f87b478c35b6e84703cc8ad048b44a21d92ea73229abadbe1fef546cffb09b5,2023-02,Warwickshire Police,Warwickshire Police,-1.539845,52.574254,On or near Hollands Mead,E01031013,North Warwickshire 003E,Unable to prosecute suspect
e21b27b25b64eeb7634d3d9b3056a5ece029b11c2fc2535f3782ecdee63a37ee,2023-02,Warwickshire Police,Warwickshire Police,-1.459585,52.478352,On or near East Avenue,E01031095,Nuneaton and Bedworth 015A,Unable to prosecute suspect
1db74695920e089f0273ee9118eee46fdc086415ee22ec3e20685de60fe34123,2023-02,Warwickshire Police,Warwickshire Police,-1.312026,52.377093,On or near Green Close,E01031164,Rugby 007D,Investigation complete; no suspect identified
1603cc51c3545a4fa044331eb742c1dceeb4570cc0e9f137ed59d9b3de17247e,2023-02,Warwickshire Police,Warwickshire Police,-1.468177,52.518001,On or near Rose Lane,E01031119,Nuneaton and Bedworth 009E,Investigation complete; no suspect identified
870e60bd0130e5b8581faea9e52c203f4f41894beb037cf7ee538b6406d6d158,2023-02,Warwickshire Police,Warwickshire Police,-1.374564,52.247845,On or near Marston Croft,E01031219,Stratford-on-Avon 004A,Investigation complete; no suspect identified
606fe3037fbb42e24c61489b45ec5ac58ee0cd25a37f9f3fd446aba5aeea1d52,2023-02,Warwickshire Police,Warwickshire Police,-1.450736,52.533017,On or near ,E01031104,Nuneaton and Bedworth 003E,Investigation complete; no suspect identified
3692374389c2ada7be93b0cc6c19447ff05439f2d617a0e2dfe61b69b1233372,2023-02,Warwickshire Police,Warwickshire Police,-1.434360,52.464812,On or near Top Road,E01031159,Rugby 001C,Investigation complete; no suspect identified
31bf83c4af651af83a591ce2319173085805ce18278bb8c4ec7c47afb2bd68fc,2023-02,Warwickshire Police,Warwickshire Police,-1.831157,52.160168,On or near ,E01031192,Stratford-on-Avon 012D,Investigation complete; no suspect identified
f8a31486a39d7044c337e946fd4ba9c5c7174392584fa860d06e4c2824b56f65,2023-02,Warwickshire Police,Warwickshire Police,-1.424807,52.478422,On or near Barbridge Close,E01031067,Nuneaton and Bedworth 014A,Investigation complete; no suspect identified
cbaa024a3d720eaeff5739563570df68ecf1c16ccb57ab7f744d1dae77ab8027,2023-02,Warwickshire Police,Warwickshire Police,-1.470522,52.479848,On or near Croxhall Street,E01031064,Nuneaton and Bedworth 013C,Unable to prosecute suspect
e37a8104246819f4f50c0b11743e0d24c8d251245e8efdfbb416729fb5bf30c4,2023-02,Warwickshire Police,Warwickshire Police,-1.472595,52.481332,On or near Old Meeting Yard,E01031064,Nuneaton and Bedworth 013C,Investigation complete; no suspect identified
9e573c0fa00ba54aed8ce22d23fa710c9a6bfb3957cf4ea9a30e346df7e1dbbc,2023-02,Warwickshire Police,Warwickshire Police,-1.561729,52.290727,On or near Portobello Way,E01031309,Warwick 008A,Unable to prosecute suspect
96bfc48ca6368c27c879fc734f6cabdabcd4855faa451feecdfbd90d058f2ec5,2023-02,Warwickshire Police,Warwickshire Police,-1.265643,52.359760,On or near Charlesfield Road,E01031146,Rugby 009D,Unable to prosecute suspect
1efffe46450cd025c2f60505dad1cfdcd4ae7a1d0ce498441da818a85e085606,2023-02,Warwickshire Police,Warwickshire Police,-1.502272,52.519875,On or near Bede Road,E01031094,Nuneaton and Bedworth 007E,Unable to prosecute suspect
bbfba74de4a541f3467edf0fc59e78341f082e3f433e52e77cb22412bdbd54ed,2023-02,Warwickshire Police,Warwickshire Police,-1.582620,52.283106,On or near Cross Street,E01031323,Warwick 011C,Suspect charged
6bc8f3ab20e6ae82956274351eb83b85a2d5f876c37df4b062859999fb1a62a6,2023-02,Warwickshire Police,Warwickshire Police,-1.455546,52.513331,On or near The Square,E01031053,Nuneaton and Bedworth 010B,Suspect charged
246411212c2f3f10902f064b8850930fd52c05e37d94d60efb50598051498f81,2023-02,Warwickshire Police,Warwickshire Police,-1.520118,52.284155,On or near Waterloo Street,E01031337,Warwick 010G,Unable to prosecute suspect
a4fcfa03b16a77aeca90f0389f29b37d00cd9ae6e5175f3151728a7d2fc8e609,2023-02,Warwickshire Police,Warwickshire Police,-1.557141,52.519805,On or near Croft Mead,E01031005,North Warwickshire 005A,Unable to prosecute suspect
94c2a00df1da6e72abb89e08ceca5aa1c17cdf9cebea831a701aa7f908a8ae41,2023-02,Warwickshire Police,Warwickshire Police,-1.263133,52.373163,On or near ,E01031173,Rugby 003C,Unable to prosecute suspect
4f2887de6471bb90d76bcfea4053945ab09d9bf1c68061f843b296ef7691ce4c,2023-02,Warwickshire Police,Warwickshire Police,-1.904022,52.422001,On or near Haytor Avenue,E01008970,Birmingham 110C,Unable to prosecute suspect
d63680b0221fffa1778425bf176f893074e99c25e6c6a180ce8603f848f53f71,2023-02,Warwickshire Police,Warwickshire Police,-1.518825,52.535784,On or near Salisbury Drive,E01031084,Nuneaton and Bedworth 004D,Unable to prosecute suspect
f63d96c78dcae0a8cdf139df5f997036d7b508200a548ef758309792915e4e42,2023-02,Warwickshire Police,Warwickshire Police,-1.263133,52.373163,On or near ,E01031173,Rugby 003C,Unable to prosecute suspect
8b5f2114fba7e95feddaac5c53777cbe1d70e7e132ed869a1895e9e7d675e297,2023-02,Warwickshire Police,Warwickshire Police,-1.281671,52.359301,On or near Laburnum Grove,E01031178,Rugby 011G,Unable to prosecute suspect
4c7b55e1eb5c2b022694e95f2da13a9467b10a4331236127fbf5ecb68d29e9d7,2023-02,Warwickshire Police,Warwickshire Police,-1.436949,52.531863,On or near Keswick Close,E01031103,Nuneaton and Bedworth 003D,Unable to prosecute suspect
db4ee2040fb9c613c7e950790e26c0b18792b015fd28cb97612449d08d873521,2023-02,Warwickshire Police,Warwickshire Police,-1.263133,52.373163,On or near ,E01031173,Rugby 003C,Unable to prosecute suspect
b5ef83bd90b98d1003c64f618e132dcd60642ea0f67b4a13f83518d54db58838,2023-02,Warwickshire Police,Warwickshire Police,-1.263133,52.373163,On or near ,E01031173,Rugby 003C,Unable to prosecute suspect
96239707b86e993e9434146d9ab92ecf7d45b104404d70bc1ed0eb3db239087a,2023-02,Warwickshire Police,Warwickshire Police,-1.469445,52.521611,On or near ,E01031043,Nuneaton and Bedworth 005A,Suspect charged
fbfce5501395faae4affa515765b84fbe18b77744944f09897c24309820f9729,2023-02,Warwickshire Police,Warwickshire Police,-1.466857,52.523542,On or near Newdegate Place,E01031043,Nuneaton and Bedworth 005A,Unable to prosecute suspect
3e6955eae1e78705d62668c68c89d0fab7229143d62fa02aa819cc52c602bc7f,2023-02,Warwickshire Police,Warwickshire Police,-1.541142,52.285308,On or near Renshaw Drive,E01031291,Warwick 009B,Unable to prosecute suspect
562900b4d022e9a7edc1a6d4f4a7c42efa0f112b49412c19f5a3d61ecfaa8a48,2023-02,Warwickshire Police,Warwickshire Police,-1.438082,52.530906,On or near Burnham Rise,E01031103,Nuneaton and Bedworth 003D,Investigation complete; no suspect identified
5dc415fecd3006dfbdd5ef119969a686fd9136487ecd9859e7728ab274297e07,2023-02,Warwickshire Police,Warwickshire Police,-1.258802,52.385515,On or near ,E01031141,Rugby 002E,Investigation complete; no suspect identified
b4eba6c4ed686fb5ddc6cf1c935b2e65a290c64627d4b9e87bf67d86464417c2,2023-02,Warwickshire Police,Warwickshire Police,,,No location,,,Unable to prosecute suspect
7ad98b950c5b9dc0af4c5b39d1bf6ccd73e5d0c7fd7e56b32e09db578f1b5c85,2023-02,Warwickshire Police,Warwickshire Police,-1.705580,52.192027,On or near ,E01031234,Stratford-on-Avon 011C,Investigation complete; no suspect identified
999bdce679ba1dac73c0f8f82cf90a4997da0fbdeaa290e79aa00b5a9036ff3e,2023-02,Warwickshire Police,Warwickshire Police,-1.535131,52.290904,On or near ,E01033253,Warwick 007H,Investigation complete; no suspect identified
3e0547e73e8218b1daa563b1ab8628662032b816d22008209f190cd4955368d0,2023-02,Warwickshire Police,Warwickshire Police,-1.634881,52.610455,On or near Green Lane,E01031040,North Warwickshire 001F,Investigation complete; no suspect identified
e894e69f6ed887abe7bb46fa1d4d45edbd6f81b575fadc9c8eef23334a5c7d0a,2023-02,Warwickshire Police,Warwickshire Police,,,No location,,,Investigation complete; no suspect identified
086f97d0e4736615e4d2e06016508d54427b3a091b835e16f814d20103784e17,2023-02,Warwickshire Police,Warwickshire Police,-1.733051,52.197109,On or near Holbrook Road,E01031237,Stratford-on-Avon 011E,Investigation complete; no suspect identified
4e35f5e9631ea66429b0aff9095cbf6f3e256dd25cec5387d02d466b24b71adc,2023-02,Warwickshire Police,Warwickshire Police,-1.479882,52.517702,On or near Greenmoor Road,E01031059,Nuneaton and Bedworth 006C,Action to be taken by another organisation
a51b9871256f884dc6e015cda0e437e41939316c4f5a28f2910217a899ba74a1,2023-02,Warwickshire Police,Warwickshire Police,-1.267747,52.371901,On or near Pennington Mews,E01031173,Rugby 003C,Unable to prosecute suspect
69b7b0ca39a7b7bde4db76a5de3e0d60a2113fd9594851c69973efad0cb91cde,2023-02,Warwickshire Police,Warwickshire Police,-1.538222,52.292606,On or near Russell Street,E01033256,Warwick 007I,Unable to prosecute suspect
4e548653773e1274f25c75a6f992daa65ce42e192be130a0e653eaf6c72bd323,2023-02,Warwickshire Police,Warwickshire Police,-1.706617,52.192164,On or near High Street,E01031234,Stratford-on-Avon 011C,Investigation complete; no suspect identified
ac1203abd6090e3855304191e66e60cf121dd233b2794161e245c060be1eae46,2023-02,Warwickshire Police,Warwickshire Police,-1.509421,52.525038,On or near Lomond Way,E01031081,Nuneaton and Bedworth 004A,Investigation complete; no suspect identified
77bdf1bde72eabc12a1e5dbcce0a9f14e3c973a6bba121b131b991bf94fa3e5d,2023-02,Warwickshire Police,Warwickshire Police,-1.263133,52.373163,On or near ,E01031173,Rugby 003C,Investigation complete; no suspect identified
1a2c37abb2c491a75d4e28d63866557587b953e8a17daf6a6bd0045475b75c1d,2023-02,Warwickshire Police,Warwickshire Police,-1.267747,52.371901,On or near Pennington Mews,E01031173,Rugby 003C,Unable to prosecute suspect
214850e71b2b40bf7167a1f5cff4d559bfd1e29f4141c0f81253ad952510c39b,2023-02,Warwickshire Police,Warwickshire Police,-1.225442,52.359467,On or near Hoskyn Close,E01031163,Rugby 010C,Unable to prosecute suspect
dd73cea7e32bdbe92c73385f38c4699ea0f4d0f893df1d435072894e6b20d28e,2023-02,Warwickshire Police,Warwickshire Police,-1.511842,52.523358,On or near Spinney Lane,E01031081,Nuneaton and Bedworth 004A,Unable to prosecute suspect
e35853516757be85babd133d110aa0bb88cc3cd0b09413e33f49f1e78fd35ad5,2023-02,Warwickshire Police,Warwickshire Police,-1.400845,52.284518,On or near Galanos,E01031210,Stratford-on-Avon 005F,Unable to prosecute suspect
4ad544ccb18d9946a40d014e86bb691e9a72e3c192778b78010be561108b57c1,2023-02,Warwickshire Police,Warwickshire Police,-1.701916,52.538085,On or near The Green,E01031024,North Warwickshire 004B,Investigation complete; no suspect identified
1292d063ad378f916aca9a80f353ca4ce30d40687bf0f775ee92a4190c0a0593,2023-02,Warwickshire Police,Warwickshire Police,,,No location,,,Investigation complete; no suspect identified
eba5d975439b08ac4d56752231f21220568349bdddfb4094147b9475a191495c,2023-02,Warwickshire Police,Warwickshire Police,-1.582680,52.332904,On or near Beechwood Croft,E01031304,Warwick 003B,Investigation complete; no suspect identified
93d0886384c6840134a0a8f40b12f83f0125d0d45bf977896fc03f82f84794df,2023-02,Warwickshire Police,Warwickshire Police,-1.611000,52.613948,On or near Sunset Close,E01031037,North Warwickshire 001C,Investigation complete; no suspect identified
daef9fc6a571205ab38f489b4a54d28f9ec75376a35816c1555a7d8d7c6808b6,2023-02,Warwickshire Police,Warwickshire Police,-1.710447,52.188173,On or near Bull Street,E01031235,Stratford-on-Avon 011D,Investigation complete; no suspect identified
23af4e22b4305476c47d10398b76b8857422c2531a0de9e4d6be7f058ae3d437,2023-02,Warwickshire Police,Warwickshire Police,-1.533187,52.281986,On or near Frances Havergal Close,E01031266,Warwick 013F,Investigation complete; no suspect identified
9230ffc735e209c33844cd4cae1cbaa12c642c980dcd7138b3e1cd01238e92f8,2023-02,Warwickshire Police,Warwickshire Police,-1.554906,52.345380,On or near Arlidge Crescent,E01031296,Warwick 002A,Investigation complete; no suspect identified
30a7f063ccaa15e4626941609b4ae04fcdf528fc94f71987dc15413bf0176f8b,2023-02,Warwickshire Police,Warwickshire Police,-1.445820,52.239822,On or near ,E01031199,Stratford-on-Avon 005C,Investigation complete; no suspect identified
0e01f9444af4ea85eafea7961520e044651e759f65efc10b3e82e60be219dc6a,2023-02,Warwickshire Police,Warwickshire Police,-1.737454,52.197271,On or near Mount Crescent,E01031237,Stratford-on-Avon 011E,Investigation complete; no suspect identified
4fd8d218a4b72521c2806113796479cb48523e0df9145fc56877eaf4edbe1602,2023-02,Warwickshire Police,Warwickshire Police,-1.522339,52.297101,On or near Gresham Place,E01031276,Warwick 006D,Unable to prosecute suspect
a2c6cba5e41921053a2443db95cd6c5463fd934ca3d15f4ccdcb82e03857bab7,2023-02,Warwickshire Police,Warwickshire Police,-1.402928,52.146803,On or near Park Close,E01031198,Stratford-on-Avon 005B,Investigation complete; no suspect identified
0e0b1d9b44e982f8ea23a265216fece180721311b75013015a9a29a98a24e4a8,2023-02,Warwickshire Police,Warwickshire Police,-1.474439,52.524277,On or near Meadow Court,E01031043,Nuneaton and Bedworth 005A,Investigation complete; no suspect identified
a8a357c0bb55c44008501212d33ad63bfe7d3ac0c3a02d64fd97bc7f3bdc8733,2023-02,Warwickshire Police,Warwickshire Police,-1.795989,52.188028,On or near Field View,E01031188,Stratford-on-Avon 007B,Investigation complete; no suspect identified
5e48e57be21108716aeafd386adc0df9de9db4cb4b8e55772315e6b3aff7d6f1,2023-02,Warwickshire Police,Warwickshire Police,-1.856594,52.168833,On or near St Laurence Way,E01031190,Stratford-on-Avon 012B,Investigation complete; no suspect identified
cdc9e81deae77b2b6d341fba98e969394a445e8e91d92d8757271a154eb02c7a,2023-02,Warwickshire Police,Warwickshire Police,-1.502021,52.218054,On or near ,E01031199,Stratford-on-Avon 005C,Investigation complete; no suspect identified
1110637bc7f6fae04014c220c2799ad814787925ba42be629a795d2c1372bf2f,2023-02,Warwickshire Police,Warwickshire Police,-1.275055,52.368781,On or near Webb Ellis Road,E01031167,Rugby 006A,Investigation complete; no suspect identified
b91b2999f2e34b7f921b840e054e64d6c479ee0e8508ab88b42703cb4877f00e,2023-02,Warwickshire Police,Warwickshire Police,-1.572960,52.342579,On or near ,E01031303,Warwick 003A,Investigation complete; no suspect identified
3983819d7fda61bceaf9bdb1cfd5ccc132e912b03c837a0842f8b13ebf3f42a6,2023-02,Warwickshire Police,Warwickshire Police,-1.872044,52.214908,On or near ,E01031184,Stratford-on-Avon 006B,Investigation complete; no suspect identified
01e6ef3d3b0fd9309e8038348d9872df842ee30abd3929dbde8b26ccc306cecd,2023-02,Warwickshire Police,Warwickshire Police,-1.257491,52.373860,On or near Charles Warren Close,E01031173,Rugby 003C,Unable to prosecute suspect
1ba2599c7c96697ffa3f57725def7ba3c6b2a4d5a45ab05f2d0b20b0d2c8f51c,2023-02,Warwickshire Police,Warwickshire Police,-1.299738,52.381238,On or near Garratt Close,E01031165,Rugby 007E,Unable to prosecute suspect
5c0fee88a63f136933940e7b754fcb3adae388074bd729e285d2ff5bba069f36,2023-02,Warwickshire Police,Warwickshire Police,-1.299738,52.381238,On or near Garratt Close,E01031165,Rugby 007E,Unable to prosecute suspect
50a72e2f967dcbf95314f46a892c27e9efbed86336d1211487fcacb307d14a53,2023-02,Warwickshire Police,Warwickshire Police,-1.564638,52.338017,On or near Worcester Road,E01031305,Warwick 003C,Unable to prosecute suspect
2fd42cf1152322e6aa6600dd07912541d8f15b5f80690cde90670b8ee92c1981,2023-02,Warwickshire Police,Warwickshire Police,-1.545527,52.577000,On or near Long Street,E01031010,North Warwickshire 003B,Unable to prosecute suspect
80270c2a40ec8fecd097b6c669a856e54c64eda6843d4db12ac1d63447a016fa,2023-02,Warwickshire Police,Warwickshire Police,-1.504301,52.520270,On or near Whitehouse Crescent,E01031092,Nuneaton and Bedworth 007C,Unable to prosecute suspect
807a2a2eb4f4c0a8da6116ba2e1c2373e943a366146f8da2c9072eed3b789d11,2023-02,Warwickshire Police,Warwickshire Police,-1.502853,52.279867,On or near Leam View,E01031301,Warwick 005E,Unable to prosecute suspect
dd31f1021da5f517cabc52d3353466111594e931053b10fcf3636a4185f8b5c9,2023-02,Warwickshire Police,Warwickshire Police,-1.547663,52.276882,On or near Apollo Way,E01031315,Warwick 012A,Investigation complete; no suspect identified
32e02acd95e37d7a2cee96ebb5577d83ad84ff5503bfc769ce20d144eb3e9947,2023-02,Warwickshire Police,Warwickshire Police,-1.504798,52.217059,On or near Warwick Services Northbound,E01031199,Stratford-on-Avon 005C,Unable to prosecute suspect
c5e2d61d386b4d520a9d765eb4b37698cf8e56f4ac313ab4e2e3a351c76005b8,2023-02,Warwickshire Police,Warwickshire Police,-1.251818,52.381915,On or near Lyttelton Close,E01031141,Rugby 002E,Unable to prosecute suspect
4c2baad7847d4bf9df795eb25ec9f663891f378d04db94c4c3755f5bf4bf4e4c,2023-02,Warwickshire Police,Warwickshire Police,-1.480268,52.528645,On or near ,E01031044,Nuneaton and Bedworth 005B,Investigation complete; no suspect identified
262c88d6304faf1e9d04b509b1cef823198ed205343948e2a393931f429de13a,2023-02,Warwickshire Police,Warwickshire Police,-1.527829,52.537573,On or near The Larches,E01031008,North Warwickshire 005B,Unable to prosecute suspect
bcd422625bec61d74bcdbec166ebb6288dde7566c04383de637333cc226bd056,2023-02,Warwickshire Police,Warwickshire Police,-1.714449,52.202747,On or near ,E01031231,Stratford-on-Avon 009D,Unable to prosecute suspect
f0e6b654604dc678c393222e9b0910ca8f9a3c85e98f8cd77c17dc99f90f3fcf,2023-02,Warwickshire Police,Warwickshire Police,-1.276409,52.375793,On or near Aspects Mews,E01031169,Rugby 006C,Investigation complete; no suspect identified
d9e976fd4fcf0edb9f044402a10f33174c87a9ba32be103d4e6f2f46c0e3873b,2023-02,Warwickshire Police,Warwickshire Police,-1.435225,52.526065,On or near Fleece Lane,E01031103,Nuneaton and Bedworth 003D,Investigation complete; no suspect identified
4c416bfb9db0fd338abec26f59e92cffca0c71cea10f23ec19ac0373ad28d61e,2023-02,Warwickshire Police,Warwickshire Police,-1.536851,52.291899,On or near Warwick Street,E01033256,Warwick 007I,Unable to prosecute suspect
946232a8b860e0e23826e16c6a799dfd9b886b156a873a1f1f7c1061a190a6b3,2023-02,Warwickshire Police,Warwickshire Police,-1.259563,52.374458,On or near ,E01031173,Rugby 003C,Investigation complete; no suspect identified
41bdf266c134d8a9d29faf8e475300299d31e7277ca224f85fa22d024791e7eb,2023-02,Warwickshire Police,Warwickshire Police,-1.458291,52.507033,On or near Raveloe Drive,E01031117,Nuneaton and Bedworth 009C,Unable to prosecute suspect
4da79feb87cd48e6b81f22bbf72adfba6375242b07cff6e435bdcdd8c07580e7,2023-02,Warwickshire Police,Warwickshire Police,-1.545312,52.264539,On or near Imogen Gardens,E01031318,Warwick 012D,Unable to prosecute suspect
b627358d2af864577f0f48ddfd70b28171af8a9bb5dc01f687932c047ae1be12,2023-02,Warwickshire Police,Warwickshire Police,-1.546715,52.471827,On or near ,E01031027,North Warwickshire 007C,Investigation complete; no suspect identified
105e23fae21fccac819ef15d958bec30925bc19d8d2990dc83ab947b45472dad,2023-02,Warwickshire Police,Warwickshire Police,-1.517125,52.299237,On or near Wellington Road,E01031274,Warwick 006B,Unable to prosecute suspect
76cf6ce74fbe61da413869aa7d52d21eaf4d24dd489e6fb2a6e1d3e7eb8e800e,2023-02,Warwickshire Police,Warwickshire Police,-1.517125,52.299237,On or near Wellington Road,E01031274,Warwick 006B,Unable to prosecute suspect
2ddffcdab1f1f2bac30b7c11f489166f14699e90fcfa70742fc0283d736e5b8d,2023-02,Warwickshire Police,Warwickshire Police,-1.527318,52.537058,On or near Ansley Common,E01031008,North Warwickshire 005B,Investigation complete; no suspect identified
21bda6b6d383012ce32132cff77d122d8dc4fa2839d2a9a515fd2bcc90c4c405,2023-02,Warwickshire Police,Warwickshire Police,-1.547612,52.293294,On or near ,E01031290,Warwick 009A,Unable to prosecute suspect
ffe2ce61f7e8367326f94215790bdedea59ad8f62cf1e8c8ddc67b36363024f3,2023-02,Warwickshire Police,Warwickshire Police,-1.726810,52.196132,On or near Brookside Close,E01031238,Stratford-on-Avon 009F,Unable to prosecute suspect
2543d9ad55f4a01fa39a174029ea3cbf69fbb8c8f4e1035c8e26855d39641730,2023-02,Warwickshire Police,Warwickshire Police,-1.517125,52.299237,On or near Wellington Road,E01031274,Warwick 006B,Unable to prosecute suspect
ed0813cf65b436edce5da84ce644a515861a76f1153974dd6a4b85a8f731e6f1,2023-02,Warwickshire Police,Warwickshire Police,-1.498545,52.310955,On or near High Street,E01031277,Warwick 005A,Investigation complete; no suspect identified
123a1e645e2b9215ce7181868242280c321cfccc3a2b6068ed0119cfce7a8c03,2023-02,Warwickshire Police,Warwickshire Police,-1.531633,52.537516,On or near Ansley Common,E01031008,North Warwickshire 005B,Unable to prosecute suspect
d8fd8f8528b7cfdac4f1a6ab3964f998e3c928f8b358b440befadb8b41724708,2023-02,Warwickshire Police,Warwickshire Police,-1.601623,52.272671,On or near Tennyson Avenue,E01033255,Warwick 011H,Suspect charged
9f2e56b9ac6fa5b5634171585230b22f8076a9ad8a8a30e7f3040ebe18549d7d,2023-02,Warwickshire Police,Warwickshire Police,-1.459430,52.506661,On or near Fir Tree Grove,E01031117,Nuneaton and Bedworth 009C,Unable to prosecute suspect
84a50321cb6dfcd66db5b951c25e44ba859856a779447469c5b49a9cd4e746cf,2023-02,Warwickshire Police,Warwickshire Police,-1.586858,52.282924,On or near The Butts,E01031324,Warwick 011D,Unable to prosecute suspect
23de2f85948af0cb920f8ad6204af789e72a94dbc6e1ac6d6e435277d1b90723,2023-02,Warwickshire Police,Warwickshire Police,-1.297196,52.409021,On or near Meadow Way,E01032892,Rugby 001G,Investigation complete; no suspect identified
c274ac5e7b809a22512ee033a31b10b60bfa7bc2649c97bf174cebf3006c3167,2023-02,Warwickshire Police,Warwickshire Police,-1.541142,52.285308,On or near Renshaw Drive,E01031291,Warwick 009B,Unable to prosecute suspect
0dafb54dcd3c4252dbae5d7880cae5a7812b2cc57d63721da69f7d856165bf01,2023-02,Warwickshire Police,Warwickshire Police,-1.520666,52.541392,On or near Church Road,E01031030,North Warwickshire 005F,Unable to prosecute suspect
60766b7aa48358366f94441fc0aa416258f4904c731be4779845dba81d36ff2e,2023-02,Warwickshire Police,Warwickshire Police,-1.541142,52.285308,On or near Renshaw Drive,E01031291,Warwick 009B,Unable to prosecute suspect
b311016f518fb08224db18b29578673aee0c63add6d636e6b14df87b026a25a1,2023-02,Warwickshire Police,Warwickshire Police,-1.707151,52.188920,On or near The Paddocks,E01031235,Stratford-on-Avon 011D,Unable to prosecute suspect
dee61d112eef2024151008ed28bc5d558393d60c98600e42f2bc3769f59dab36,2023-02,Warwickshire Police,Warwickshire Police,-1.260360,52.373599,On or near Bank Street,E01031173,Rugby 003C,Unable to prosecute suspect
85768228ce2683af3fe0f60b7e0d4a137c5e9fd93f2e5912a41eedbd7372d1bd,2023-02,Warwickshire Police,Warwickshire Police,-1.490505,52.521731,On or near Tomkinson Road,E01031060,Nuneaton and Bedworth 006D,Unable to prosecute suspect
e413621555e90f47668b63cba862f3ee4cd9761089eac03ff0c54d20f8be6d0b,2023-02,Warwickshire Police,Warwickshire Police,-1.445907,52.391525,On or near Beaufort Drive,E01009538,Coventry 035D,Investigation complete; no suspect identified
4735122ba463c46b5f03c2d552cedfa82d8f5ff8a418f9c9776f70f48299b48c,2023-02,Warwickshire Police,Warwickshire Police,-1.694160,52.521146,On or near Fishery Lane,E01031024,North Warwickshire 004B,Investigation complete; no suspect identified
3c80b8b2e334c4f1ade9b8dadae410ab8503b708a3534d669290ebabb75a0762,2023-02,Warwickshire Police,Warwickshire Police,-1.502948,52.530459,On or near Sycamore Road,E01032890,Nuneaton and Bedworth 002F,Unable to prosecute suspect
a74f15f8b76d49c0eda10b25ba10dafa2cf283c802b223700caa28bacf8c1791,2023-02,Warwickshire Police,Warwickshire Police,-1.629246,52.599227,On or near Arley Drive,E01031025,North Warwickshire 002B,Unable to prosecute suspect
0708fbd55618d52329ba41a09e29a4d0184c60b4f1b0e9eec44f8498f26abfcb,2023-02,Warwickshire Police,Warwickshire Police,-1.208422,52.357062,On or near Rowe Close,E01031162,Rugby 010B,Investigation complete; no suspect identified
29eaf7e6730b6b2f03f8666686632fe2fa346e8f84e4016b1298aa504da8693d,2023-02,Warwickshire Police,Warwickshire Police,-1.505418,52.216474,On or near ,E01031199,Stratford-on-Avon 005C,Investigation complete; no suspect identified
4ca10c2828e2e108d2b0ab6efa1a4609defeaa0891ac8ee408ae085c0c29aea1,2023-02,Warwickshire Police,Warwickshire Police,-1.679693,52.534625,On or near ,E01031024,North Warwickshire 004B,Investigation complete; no suspect identified
2007360bd0c464e7faaffea5f622f117c78d0f397c82d33062712bf3342dd3ef,2023-02,Warwickshire Police,Warwickshire Police,-1.537327,52.291254,On or near Windsor Place,E01033256,Warwick 007I,Suspect charged
b79e9fc994886a0254c242cc6ae02a6fa180358bc19c0596fbcc84563e8a5a42,2023-02,Warwickshire Police,Warwickshire Police,-1.589838,52.295179,On or near Lowes Avenue,E01031313,Warwick 008E,Investigation complete; no suspect identified
c08fb18778a2371f480740d9a1f6a1e6b8a402cdbf58b3840e090250aad51dd3,2023-02,Warwickshire Police,Warwickshire Police,-1.663258,52.135921,On or near Campden Lawns,E01031196,Stratford-on-Avon 014A,Investigation complete; no suspect identified
659e9095dad33c8b0a5a5fa0909767ba21453c93478d47899e8377cbc254ba45,2023-02,Warwickshire Police,Warwickshire Police,-1.705956,52.194905,On or near Lock Close,E01031229,Stratford-on-Avon 009B,Unable to prosecute suspect
ab4254a46220723c52761f5c9564e8be94c6703b6bd14f19757f8a1123c960d6,2023-02,Warwickshire Police,Warwickshire Police,-1.537327,52.291254,On or near Windsor Place,E01033256,Warwick 007I,Investigation complete; no suspect identified
a27e19b2c55b2331747b4b2e03293833cda9634b36ee8410fb2e551e9f5bcdb0,2023-02,Warwickshire Police,Warwickshire Police,-1.445491,52.502101,On or near Upton Drive,E01031055,Nuneaton and Bedworth 010D,Investigation complete; no suspect identified
546899c24ecee539e5c5b5a3c4a6c8ada3542aca4253ffba292487dabdd46648,2023-02,Warwickshire Police,Warwickshire Police,-1.268578,52.362547,On or near Maple Gardens,E01031176,Rugby 011E,Unable to prosecute suspect
9c2d6fe56296bed7ac10beffe978d741deb1bb2c45be90d94684d4c5f6b47469,2023-02,Warwickshire Police,Warwickshire Police,-1.273711,52.372783,On or near Easy Lane,E01031170,Rugby 006D,Investigation complete; no suspect identified
cf86176837be8c937003a065e32829acfd8b514023b1367e166b4cab5e72689d,2023-02,Warwickshire Police,Warwickshire Police,-1.542755,52.293819,On or near Strathearn Road,E01031294,Warwick 009E,Investigation complete; no suspect identified
df318789d183fb4517f6c485bcf43a4c7db44701f76261a9a13bb101d59ac653,2023-02,Warwickshire Police,Warwickshire Police,,,No location,,,Investigation complete; no suspect identified
7bd7a90b15e39ebe1c09d0663a79c67195199cec167e4c999a58437dc1a3f2f9,2023-02,Warwickshire Police,Warwickshire Police,-1.544245,52.283929,On or near ,E01031265,Warwick 013E,Unable to prosecute suspect
d8b72d2accf78e06c8511b0721d49d36187bfe04ac8304262908ba1fbe24967b,2023-02,Warwickshire Police,Warwickshire Police,-1.458291,52.507033,On or near Raveloe Drive,E01031117,Nuneaton and Bedworth 009C,Unable to prosecute suspect
eec2ba79d3e69ef454f4513b0c1222910976eda9cf65ed98d05268202f9ea56f,2023-02,Warwickshire Police,Warwickshire Police,-1.529691,52.573001,On or near Ivor Road,E01031014,North Warwickshire 003F,Investigation complete; no suspect identified
f0dbe345bf95c7ebd521751272707ba125a54bbe793c37df0dcee5356ceaa534,2023-02,Warwickshire Police,Warwickshire Police,-1.469399,52.522987,On or near Stratford Street,E01031043,Nuneaton and Bedworth 005A,Investigation complete; no suspect identified
131ae4b6536f85429e62fd25e63e7106209a794176b42237f7e9b68127f69c2e,2023-02,Warwickshire Police,Warwickshire Police,-1.248046,52.369566,On or near Caldecott Place,E01031144,Rugby 009B,Investigation complete; no suspect identified
2c127371aa50015a3064a30ad9d8c69f781b0ac8b537614b9c3a750c181ccff7,2023-02,Warwickshire Police,Warwickshire Police,-1.523523,52.285122,On or near Rotherfield Close,E01031335,Warwick 010E,Investigation complete; no suspect identified
1882cfd4a795dbe9a2cd295a0432fbe53e4b4b3afbc87ec70f014542d3d7414c,2023-02,Warwickshire Police,Warwickshire Police,-1.520020,52.519463,On or near Prescelly Close,E01031093,Nuneaton and Bedworth 007D,Investigation complete; no suspect identified
38ef2337d34870f6a49869cb7f9ad89052b783c947664ef9285755f321652381,2023-02,Warwickshire Police,Warwickshire Police,-1.531377,52.569897,On or near Church Walk,E01031014,North Warwickshire 003F,Unable to prosecute suspect
e69c0aeaef55041f83514f116eb7c675bbb241ab5ed66427c4ad54024bbd5061,2023-02,Warwickshire Police,Warwickshire Police,-1.486673,52.517947,On or near Silver Walk,E01031051,Nuneaton and Bedworth 008D,Investigation complete; no suspect identified
97643597daf8ed9eb3e92dc8ba287270c8fb64312a445e096d6249c3cca39dc2,2023-02,Warwickshire Police,Warwickshire Police,-1.503139,52.244208,On or near ,E01031331,Warwick 015E,Investigation complete; no suspect identified
35bc9f7e2faf42a466a5d79ac6ff0f590269669d15ea5fc598c6bb4aeba0b157,2023-02,Warwickshire Police,Warwickshire Police,-1.278303,52.387582,On or near Grange Road,E01031171,Rugby 003A,Investigation complete; no suspect identified
a378220dca6fe1bdeda3e5ba67e3c0d74b233e0727d663709c3f5bf30f713099,2023-02,Warwickshire Police,Warwickshire Police,-1.534912,52.293690,On or near Clarendon Avenue,E01033253,Warwick 007H,Investigation complete; no suspect identified
47b080b1da9b1983a1329823eb856feff3459b19e156287b51253023460ca16d,2023-02,Warwickshire Police,Warwickshire Police,-1.474378,52.479983,On or near ,E01031064,Nuneaton and Bedworth 013C,Investigation complete; no suspect identified
5593a7f0b0d732b6101171b104caaaae541de6a5ad093c93a75e7617d00a3e48,2023-02,Warwickshire Police,Warwickshire Police,-1.428818,52.508603,On or near St Andrews Drive,E01031122,Nuneaton and Bedworth 011C,Action to be taken by another organisation
dcf057718a592365c15080617b7abafd3969f705c00b3eeb90e8ca150acb0682,2023-02,Warwickshire Police,Warwickshire Police,,,No location,,,Investigation complete; no suspect identified
82220fa333ce5d5ea2121b262ff12669f4fc083d1f2fe11dff605ae7d0ed2d2f,2023-02,Warwickshire Police,Warwickshire Police,-1.481675,52.505555,On or near Wisteria Way,E01031050,Nuneaton and Bedworth 008C,Unable to prosecute suspect
2f2e940e9e654f2db88feb22611eae294a6c56430bf29b158e310c73bdd745a1,2023-02,Warwickshire Police,Warwickshire Police,-1.184895,52.357253,On or near Hughes Drive,E01032892,Rugby 001G,Unable to prosecute suspect
c695ab7d0045e389f4e6c3d2e32c6b16c40cbf4a49a44bb08f91a6335cab190a,2023-02,Warwickshire Police,Warwickshire Police,-1.469399,52.522987,On or near Stratford Street,E01031043,Nuneaton and Bedworth 005A,Investigation complete; no suspect identified
0cfe3d658afe34301d45193614a2cf7fb02ffe74063f4e731a989e38121aefba,2023-02,Warwickshire Police,Warwickshire Police,-1.725217,52.188748,On or near Quiney's Road,E01031232,Stratford-on-Avon 011A,Unable to prosecute suspect
dac877621fc3b85b81accef4b4933a357d18546341570089b9fa7722d3a1042c,2023-02,Warwickshire Police,Warwickshire Police,-1.540892,52.050826,On or near Friars Lane,E01031193,Stratford-on-Avon 015A,Investigation complete; no suspect identified
a802c08a06fa90f1b150c82327a27855e3bc9b05937861fbae05dace428487f5,2023-02,Warwickshire Police,Warwickshire Police,-1.314992,52.377165,On or near South View Road,E01031164,Rugby 007D,Investigation complete; no suspect identified
3a10ae51fc8213b1ea62c55c1ef9a7385c683aefe3919e08bc14d3f848e88dd2,2023-02,Warwickshire Police,Warwickshire Police,-1.540892,52.050826,On or near Friars Lane,E01031193,Stratford-on-Avon 015A,Investigation complete; no suspect identified
c434f056d52bf8f436df7e8b7dcd484755f1b499b2d3833a15f29ec0be0ecaf2,2023-02,Warwickshire Police,Warwickshire Police,-1.571476,52.353334,On or near Windmill Close,E01031297,Warwick 002B,Investigation complete; no suspect identified
9ce2b31b592721ea00d841a6fd696be75f21943e0ae17a0e8ac6a99b679caa60,2023-02,Warwickshire Police,Warwickshire Police,-1.865233,52.179299,On or near Aspley Close,E01031191,Stratford-on-Avon 012C,Unable to prosecute suspect
4dcb672605ed116ffca65b43e6cf442d8704386717b273a3d38c59451d7fe896,2023-02,Warwickshire Police,Warwickshire Police,-1.531463,52.518870,On or near Park Lane,E01031090,Nuneaton and Bedworth 007A,Unable to prosecute suspect
c3bf5b72f9886c261e6ffe8efd4ff9989e673401ddd374e64ff1248153f8027d,2023-02,Warwickshire Police,Warwickshire Police,-1.499378,52.471038,On or near Henson Road,E01031087,Nuneaton and Bedworth 016B,Unable to prosecute suspect
255cec2b13705e27bee128f1f4bf233cd28180d63a20ed6ce586fa4f4eb88c28,2023-02,Warwickshire Police,Warwickshire Police,-1.725217,52.188748,On or near Quiney's Road,E01031232,Stratford-on-Avon 011A,Unable to prosecute suspect
5710f656b98d8e589c2b84d79a359905d1b3df2461893766d6b73972080598ed,2023-02,Warwickshire Police,Warwickshire Police,-1.868224,52.176587,On or near Albion Terrace,E01031190,Stratford-on-Avon 012B,Investigation complete; no suspect identified
be50e1fd804f0a532d90f32ac8e6e6bd2cd38bde8e2a33865d5726b1fe519861,2023-02,Warwickshire Police,Warwickshire Police,-1.663258,52.133970,On or near Minster View,E01031196,Stratford-on-Avon 014A,Investigation complete; no suspect identified
d4aaff2a293269272bc78c2eb7193f5df9946a5b99b45faa456219896b3860cf,2023-02,Warwickshire Police,Warwickshire Police,-1.725217,52.188748,On or near Quiney's Road,E01031232,Stratford-on-Avon 011A,Unable to prosecute suspect
b38f3c5e91466d019e158a3d8e7114d37ac49c814462e6daa6e6c32fc354529b,2023-02,Warwickshire Police,Warwickshire Police,-1.516183,52.284714,On or near Radford Road,E01031333,Warwick 010C,Investigation complete; no suspect identified
4eb98ed97b1b85ad0c3d00ca17e0b3150e0cf276fc936f3e4c1bd52d15cc8ced,2023-02,Warwickshire Police,Warwickshire Police,-1.466857,52.523542,On or near Newdegate Place,E01031043,Nuneaton and Bedworth 005A,Unable to prosecute suspect
37edf8c73e2889aae483d3b6e97db59d0242d5393a9e9bd1fd06a97829814751,2023-02,Warwickshire Police,Warwickshire Police,-1.427923,52.218249,On or near Ladbroke Road,E01031200,Stratford-on-Avon 005D,Investigation complete; no suspect identified
99178dbda43feb3256ddce3fe610e1a23d7e21aa57824ae0e616dcb238198606,2023-02,Warwickshire Police,Warwickshire Police,-1.471659,52.507849,On or near Gilfil Road,E01031116,Nuneaton and Bedworth 009B,Unable to prosecute suspect
1f2d10c15b45c8b571729112a729f1d8272e57c563ae7eabeacb7e3345a31c2d,2023-02,Warwickshire Police,Warwickshire Police,-1.547602,52.574680,On or near Terrace Road,E01031010,North Warwickshire 003B,Action to be taken by another organisation
0522358dda8fc49f50f25117e5a5e4a166cce4a25bc388eefbe80be394a2591d,2023-02,Warwickshire Police,Warwickshire Police,-1.586785,52.339661,On or near Fishponds Road,E01031304,Warwick 003B,Investigation complete; no suspect identified
3df8798663a01fdc71bdd826fc59edcba65030dc6aaf0c3a1b5424b1067a27ac,2023-02,Warwickshire Police,Warwickshire Police,-1.577953,52.340568,On or near ,E01031258,Warwick 001E,Investigation complete; no suspect identified
e3d19d9e9a3f1c9453c45f71513bfee80d51af60bee70c2a757b7833a69acb0d,2023-02,Warwickshire Police,Warwickshire Police,-1.494581,52.273871,On or near Thornley Close,E01031302,Warwick 005F,Investigation complete; no suspect identified
bc8b02b9a767b6cb54f29f84c9324813f35d0542254b283ad4ad895790d9ed42,2023-02,Warwickshire Police,Warwickshire Police,-1.603864,52.271168,On or near Whitman Way,E01033255,Warwick 011H,Unable to prosecute suspect
a0b509a40c261d77fd03df0e7df413400a92f913bbc7c9a2dcbb47978f6e00dc,2023-02,Warwickshire Police,Warwickshire Police,-1.407851,52.454946,On or near Church Road,E01031159,Rugby 001C,Investigation complete; no suspect identified
e27a8e053701e64154a93271fa375085f3fee9cb7664e70cda87bc77d5664a44,2023-02,Warwickshire Police,Warwickshire Police,-1.744580,52.286588,On or near Warwick Road,E01031195,Stratford-on-Avon 002A,Suspect charged
03320f115041f8de2a92a24609bd6ad9694d34de4a40dcd608e4018c317c7226,2023-02,Warwickshire Police,Warwickshire Police,-1.259650,52.373055,On or near Castle Street,E01031173,Rugby 003C,Unable to prosecute suspect
fddc3fc75c7d62e3af94ec1a9c60282e709b95183269fe12f7db87ae4fc8a425,2023-02,Warwickshire Police,Warwickshire Police,-1.545882,52.574071,On or near Meadow Street,E01031010,North Warwickshire 003B,Unable to prosecute suspect
d0d8f5065bc5c8fa62a76010ee797ffdbdd10fedabb60923462bc1b4920a83e4,2023-02,Warwickshire Police,Warwickshire Police,-1.577585,52.340824,On or near Eagle Lane,E01031258,Warwick 001E,Investigation complete; no suspect identified
42bb0cbf65999780b44e2db586e78cf4d301bd4dcccea1ad893de4a26b6133f7,2023-02,Warwickshire Police,Warwickshire Police,-1.880631,52.229086,On or near Willoughby Close,E01031184,Stratford-on-Avon 006B,Investigation complete; no suspect identified
99a864def1d4474e68ee78c43e638f51af7184c1730ce479a96dac05772697bd,2023-02,Warwickshire Police,Warwickshire Police,-1.617506,52.606246,On or near Coppice Drive,E01031026,North Warwickshire 002C,Unable to prosecute suspect
8cdc60facc96e64cec2a4a1ea539680e2ad3a653862510e4bd456f379838d19e,2023-02,Warwickshire Police,Warwickshire Police,-1.487222,52.518813,On or near Croft Road,E01031059,Nuneaton and Bedworth 006C,Investigation complete; no suspect identified
65f05607c7b25295710c7ae41a54e53ef75a3921563149898448b8648f4617d1,2023-02,Warwickshire Police,Warwickshire Police,-1.577585,52.340824,On or near Eagle Lane,E01031258,Warwick 001E,Investigation complete; no suspect identified
43bf42bba4cbb78f983ff9196e238607889461dedb440b08a1108a5fe99039b1,2023-02,Warwickshire Police,Warwickshire Police,-1.596207,52.288125,On or near St Michael's Road,E01031322,Warwick 011B,Unable to prosecute suspect
07dd66742a8248d7f080b3b2303a3ce50c03ac8141bcef02253cc9dc0ae388fd,2023-02,Warwickshire Police,Warwickshire Police,-1.263133,52.373163,On or near ,E01031173,Rugby 003C,Investigation complete; no suspect identified
6d5dfffb8297e5a6bb6a7366089ab743fd84604709bb0cc3c46ce76367c0a51f,2023-02,Warwickshire Police,Warwickshire Police,-1.403343,52.373589,On or near Salisbury Close,E01031153,Rugby 004C,Unable to prosecute suspect
fa24b503e450b3d06a8f2c96ada72d8420ec54ec2ba01093d016e89a7d29623c,2023-02,Warwickshire Police,Warwickshire Police,-1.663676,52.514285,On or near The Green,E01031028,North Warwickshire 007D,Investigation complete; no suspect identified
0bce6d05728395b2e277978e21fe6b9d41c6c2c2f38abce5f47e806abc72115f,2023-02,Warwickshire Police,Warwickshire Police,-1.822079,52.193150,On or near Croft Lane,E01031188,Stratford-on-Avon 007B,Investigation complete; no suspect identified
21ad27ddd5061b8fe4442210bc30b02933f753359c8cececa6e976cd77279ae4,2023-02,Warwickshire Police,Warwickshire Police,-1.352565,52.307099,On or near Birdingbury Road,E01031166,Rugby 012E,Investigation complete; no suspect identified
365707eb5fd6c93a6beff551a179851365b20073709c700e83a18d426daa5866,2023-02,Warwickshire Police,Warwickshire Police,-1.714949,52.188579,On or near ,E01031235,Stratford-on-Avon 011D,Investigation complete; no suspect identified
7f09306993e570af7e81821a1bf29eaf46a5683d9d962395ba182fce0cf4f3f5,2023-02,Warwickshire Police,Warwickshire Police,-1.403343,52.373589,On or near Salisbury Close,E01031153,Rugby 004C,Unable to prosecute suspect
44ffd4243abf634ec81321816c82eaaf21b703a022df7d66374b0819a01d5e56,2023-02,Warwickshire Police,Warwickshire Police,-1.413634,52.391747,On or near Ferndale Road,E01031151,Rugby 004A,Unable to prosecute suspect
a7e54c93c982116783079f10ea6caf19d39691e3cd72f706c221a819bc97e396,2023-02,Warwickshire Police,Warwickshire Police,-1.527119,52.339933,On or near ,E01031308,Warwick 005G,Unable to prosecute suspect
4dbee892b18258cce1ec9b59541f812ae552bfefd2cfa0387afe6c18330be614,2023-02,Warwickshire Police,Warwickshire Police,-1.463480,52.487395,On or near Beechwood Road,E01031065,Nuneaton and Bedworth 013D,Unable to prosecute suspect
6e299f6bd1ba374eed15aae77e4a00402ac71151e366487780fff551ec10c92c,2023-02,Warwickshire Police,Warwickshire Police,-1.461746,52.526935,On or near ,E01031102,Nuneaton and Bedworth 003C,Investigation complete; no suspect identified
866392a3e96a0b9fd53557890984015d668f673650935c2cd36c105dfde3733b,2023-02,Warwickshire Police,Warwickshire Police,-1.489657,52.517304,On or near Runneymede Gardens,E01031051,Nuneaton and Bedworth 008D,Investigation complete; no suspect identified
f5b8fd907dd71de99a12efe9afef2e14e9ae5ca6a503b40f5f650a56e5d73ab9,2023-02,Warwickshire Police,Warwickshire Police,-1.720468,52.204254,On or near Rye Close,E01031230,Stratford-on-Avon 009C,Unable to prosecute suspect
ecc514f2a4575e230b4392a231f36da3b413bdbdd27da130102377965d533a40,2023-02,Warwickshire Police,Warwickshire Police,-1.464773,52.522831,On or near ,E01031043,Nuneaton and Bedworth 005A,Suspect charged
d8c16b172f6112ca6d60ab30c1c1b828d26d84b22eb7aebe13e91ba9b483a372,2023-02,Warwickshire Police,Warwickshire Police,-1.536546,52.290226,On or near Bedford Street,E01033253,Warwick 007H,Investigation complete; no suspect identified
e76c5c8e51e6e5fdd492d5c80ac28b681eb80f83e1d46aab88d67c452abbc8d9,2023-02,Warwickshire Police,Warwickshire Police,-1.884968,52.244940,On or near Birmingham Road,E01031213,Stratford-on-Avon 001A,Investigation complete; no suspect identified
2a784955f69c50e9aaeff795f1cde8d49488579c96ea19352d45989e5a0ee7b1,2023-02,Warwickshire Police,Warwickshire Police,-1.521121,52.457481,On or near Pilgrims Walk,E01031078,Nuneaton and Bedworth 018B,Unable to prosecute suspect
ba95b1c83a996ebc97d91453b096e8f7297465a2ec9d0edd425c873d3c93a652,2023-02,Warwickshire Police,Warwickshire Police,-1.689391,52.180792,On or near ,E01033251,Stratford-on-Avon 010E,Unable to prosecute suspect
c5de76549b26e5132e07d3abae05bfa719bf6311a32d8ff5823bb075c730e376,2023-02,Warwickshire Police,Warwickshire Police,-1.535686,52.523715,On or near Valley Road,E01031083,Nuneaton and Bedworth 004C,Investigation complete; no suspect identified
f10ecdd82d757291a63e3cbe6142e717947e45db903921ee33b411e1656ee9af,2023-02,Warwickshire Police,Warwickshire Police,-1.256067,52.387804,On or near ,E01031141,Rugby 002E,Investigation complete; no suspect identified
05940fa20d3aacd7f916241581875501e2fe993ae6a6cd4772bc3d2fac78c863,2023-02,Warwickshire Police,Warwickshire Police,-1.586800,52.282797,On or near ,E01031324,Warwick 011D,Investigation complete; no suspect identified
a9c88233007442419556745c52c969ae8fe3de13d1696549c3d4ce4da4815f05,2023-02,Warwickshire Police,Warwickshire Police,-1.662022,52.514730,On or near Croxall Drive,E01031028,North Warwickshire 007D,Investigation complete; no suspect identified
223fe783138880be01e772f7cf3ecf558259228e047f7c0156607fd93ec4171f,2023-02,Warwickshire Police,Warwickshire Police,-1.577953,52.340568,On or near ,E01031258,Warwick 001E,Investigation complete; no suspect identified
6be51a88c462b89138db3b8be553f1a81f4220bfb6a9df9e5328f7209e2c2912,2023-02,Warwickshire Police,Warwickshire Police,-1.459769,52.524651,On or near Trent Road,E01031102,Nuneaton and Bedworth 003C,Unable to prosecute suspect
0667961a654d51a814468c87ad8eb8664d08446e5eeb0fd925428a217551a133,2023-02,Warwickshire Police,Warwickshire Police,-1.495238,52.277992,On or near Chance Fields,E01031301,Warwick 005E,Investigation complete; no suspect identified
42b25c0e60c7982b6926a3c4d9c27cd3d68df048313a25a20751608e9e8f7e48,2023-02,Warwickshire Police,Warwickshire Police,-1.707508,52.510522,On or near ,E01031020,North Warwickshire 006B,Investigation complete; no suspect identified
6988b8fadda90b867274076e544dac969958f21fb9152220e521a3656aa08685,2023-02,Warwickshire Police,Warwickshire Police,-1.577133,52.025778,On or near Wood Lane,E01031209,Stratford-on-Avon 015B,Investigation complete; no suspect identified
2db874c66c11077e6bada5de8c81c3b4772deb0732b98b5015cea7f332539da7,2023-02,Warwickshire Police,Warwickshire Police,-1.480718,52.505488,On or near Sunflower Drive,E01031050,Nuneaton and Bedworth 008C,Unable to prosecute suspect
945a5d2bb557f423f6b5e629d899760cd43ddb807a94a1918cff88679a372840,2023-02,Warwickshire Police,Warwickshire Police,-1.498397,52.521081,On or near ,E01031058,Nuneaton and Bedworth 006B,Investigation complete; no suspect identified
3952e0c1f7459e9a21b134f58d58093fd8d2c4cefd938e4ed91668bbad07ee93,2023-02,Warwickshire Police,Warwickshire Police,-1.504193,52.470896,On or near Newey Avenue,E01031086,Nuneaton and Bedworth 016A,Investigation complete; no suspect identified
4ad5b2b21b7e64d93f8e074adcdbce1677e0fecf7fbf5d490071c7066ca1770a,2023-02,Warwickshire Police,Warwickshire Police,-1.556594,52.273410,On or near Sandpit Boulevard,E01031315,Warwick 012A,Investigation complete; no suspect identified
57e89c435df157fd6f72d1d506c61b18fb77b4792758b24192afc7f797f9f9c0,2023-02,Warwickshire Police,Warwickshire Police,-1.498397,52.521081,On or near ,E01031058,Nuneaton and Bedworth 006B,Unable to prosecute suspect
5d1b8a9e5b589d8e5c048d3d8d4e780e4016fa956cdae937ca8bfc2c9a0a0983,2023-02,Warwickshire Police,Warwickshire Police,-1.473900,52.484251,On or near Leicester Road,E01031064,Nuneaton and Bedworth 013C,Unable to prosecute suspect
76d89799678d9f7735b14bb710184a292f70a0a45d307b917891a2639dcd58d1,2023-02,Warwickshire Police,Warwickshire Police,-1.498397,52.521081,On or near ,E01031058,Nuneaton and Bedworth 006B,Investigation complete; no suspect identified
1282437c4edb935820ee5cd5cbaa59b2efbda14ac86ee12e2f7fbc93762aa0a9,2023-02,Warwickshire Police,Warwickshire Police,-1.184252,52.360251,On or near Houlton Way,E01032892,Rugby 001G,Unable to prosecute suspect
9c374b3fac27f076c2f892f18bb276dd1fce798826ce82d736f87debb90f8971,2023-02,Warwickshire Police,Warwickshire Police,-1.699581,52.194130,On or near ,E01031229,Stratford-on-Avon 009B,Unable to prosecute suspect
6b07cec4469906c67c7d6d8273073edf844418c12d4ea1f6526c5d9b4cb379f4,2023-02,Warwickshire Police,Warwickshire Police,-1.600208,52.247503,On or near High Street,E01031269,Warwick 014E,Investigation complete; no suspect identified
390d6cdc6e4c9957fb4b801d0b7078c6227a8c2079b35b8d42c65fce5076e56b,2023-02,Warwickshire Police,Warwickshire Police,-1.504798,52.217059,On or near Warwick Services Northbound,E01031199,Stratford-on-Avon 005C,Investigation complete; no suspect identified
9025d8bad0bb1bab832839fcdaa7ca12790dfdc4fb0871034a3783559c5ef485,2023-02,Warwickshire Police,Warwickshire Police,-1.570967,52.504393,On or near Stewart Court,E01031005,North Warwickshire 005A,Investigation complete; no suspect identified
44433a8546a29b496cf61b0afcab33dad3a79ff603158b3b34cefa78540eecd4,2023-02,Warwickshire Police,Warwickshire Police,-1.566910,52.287149,On or near Emscote Road,E01031320,Warwick 012F,Investigation complete; no suspect identified
c3ee23662e9ec493d7a7b874105bcfb7a606ccac483e68d16d238f37a9e3547a,2023-02,Warwickshire Police,Warwickshire Police,-1.680999,52.188538,On or near Wootton Close,E01031227,Stratford-on-Avon 010C,Investigation complete; no suspect identified
9f228547e6a0ce22db7a33116478c4a0d1e30da215309a458f4e423c6336d1b7,2023-02,Warwickshire Police,Warwickshire Police,,,No location,,,Investigation complete; no suspect identified
11d88018c8daf1cf65b43dfe125871d76756c4368bea76904f91c57f1c5bd00e,2023-02,Warwickshire Police,Warwickshire Police,-1.259934,52.388583,On or near ,E01031141,Rugby 002E,Investigation complete; no suspect identified
3b41575b5ed77aafc1b7ec655309e6af8db48e3776343c79d854fba432db45c8,2023-02,Warwickshire Police,Warwickshire Police,-1.520020,52.519463,On or near Prescelly Close,E01031093,Nuneaton and Bedworth 007D,Investigation complete; no suspect identified
d136538de5ea25f919352905fbe05b9092513ce6fd32b8b7b1c9b6be55db8833,2023-02,Warwickshire Police,Warwickshire Police,,,No location,,,Unable to prosecute suspect
a1f2557a1a72fb6d67d14407f1a79b811ae3f5ea1d96e55baa6c91b2187a6b53,2023-02,Warwickshire Police,Warwickshire Police,-1.434049,52.459272,On or near Chapel Lane,E01031159,Rugby 001C,Unable to prosecute suspect
1824130ac1dca45a80e93681b82fd3b7f2239027450437e64a2d1675c69bec01,2023-02,Warwickshire Police,Warwickshire Police,-1.444543,52.531692,On or near Derwent Way,E01031104,Nuneaton and Bedworth 003E,Investigation complete; no suspect identified
23e7926b69c2cafcbe600dcedb0f0a76b8f0b8c739be81cca9d3e019efcce17a,2023-02,Warwickshire Police,Warwickshire Police,-1.404754,52.352739,On or near Squires Road,E01031150,Rugby 012D,Investigation complete; no suspect identified
9e190dde2b721e822bf64c45ab14aaca109a7d462efedbefd777acd2095144ab,2023-02,Warwickshire Police,Warwickshire Police,-1.464594,52.541206,On or near Dovecote Drive,E01031113,Nuneaton and Bedworth 001D,Investigation complete; no suspect identified
ed5d6a831c1acf1230620b3bdc9a9d01317cdc5c66549c24c08d8a31c389627a,2023-02,Warwickshire Police,Warwickshire Police,-1.546838,52.202493,On or near Oaktree Close,E01031252,Stratford-on-Avon 008F,Investigation complete; no suspect identified
83485225d843fc73861af57e6a4356d1ec23b35c816925ae54bab376aa93892b,2023-02,Warwickshire Police,Warwickshire Police,-1.466857,52.523542,On or near Newdegate Place,E01031043,Nuneaton and Bedworth 005A,Investigation complete; no suspect identified
259eff1d182c31ead89e73b18bac9d0c2b843507e7d388ac720691278f67f557,2023-02,Warwickshire Police,Warwickshire Police,-1.484508,52.522874,On or near Borough Way,E01031045,Nuneaton and Bedworth 005C,Unable to prosecute suspect
0df92583139afa8712b2f38b7ae80a4a8e09ec5ffbc201f2381882d0f2f9c86a,2023-02,Warwickshire Police,Warwickshire Police,-1.413651,52.390461,On or near Daneswood Road,E01031151,Rugby 004A,Investigation complete; no suspect identified
c57bcf254fc6bb39dddc6809f6287f11e85a29dbb82fa4f03a8b3cf176da42f3,2023-02,Warwickshire Police,Warwickshire Police,-1.565477,52.288286,On or near Austin Edwards Drive,E01031309,Warwick 008A,Investigation complete; no suspect identified
222d1bc2e221f4e090071d6fcd66df51c83ddec7ac3e17572b9b619acfd7b621,2023-02,Warwickshire Police,Warwickshire Police,-1.562902,52.650557,On or near Orton Lane,E01031036,North Warwickshire 001B,Investigation complete; no suspect identified
900bf2b1acc205d942dfa9000bcfe6d75ff2a3349bf2e482a1ad98553fdf22bb,2023-02,Warwickshire Police,Warwickshire Police,-1.244953,52.401066,On or near Bryant Road,E01032891,Rugby 001F,Investigation complete; no suspect identified
f937528f129ba29c1e84db64080a59e67b8098269c4a52cae15492d891086243,2023-02,Warwickshire Police,Warwickshire Police,-1.468594,52.509102,On or near B4113,E01031116,Nuneaton and Bedworth 009B,Unable to prosecute suspect
96ad680c2c92feb81bec657a6d9a13012e3c86a23a9fee8b43871c4e6d7bd1e6,2023-02,Warwickshire Police,Warwickshire Police,-1.495125,52.477385,On or near The Rowans,E01031106,Nuneaton and Bedworth 012B,Investigation complete; no suspect identified
98a88097af8f51969b0644980f010131fad9244b437d3d2d4ccd6076bec20981,2023-02,Warwickshire Police,Warwickshire Police,-1.593061,52.297024,On or near Hughes Close,E01031313,Warwick 008E,Investigation complete; no suspect identified
c31eb3fec84942142dce1f784cd70aeab35ef423b0a0ce15925d39828b53fa5e,2023-02,Warwickshire Police,Warwickshire Police,-1.534848,52.288601,On or near Euston Place,E01031271,Warwick 010A,Unable to prosecute suspect
7d01cd445e8384691faf6b59951a16942d2f083607ea3789107bffd25d435c66,2023-02,Warwickshire Police,Warwickshire Police,-1.532869,52.285788,On or near Church Walk,E01031336,Warwick 010F,Investigation complete; no suspect identified
e9cec49feb47b59b0e9a9a46b690cc920a145b249464213862b5f1ac533ef383,2023-02,Warwickshire Police,Warwickshire Police,-1.464773,52.522831,On or near ,E01031043,Nuneaton and Bedworth 005A,Unable to prosecute suspect
90ef1f858261f0ce6c48df78e42a790d84d2f09a98cd8ebe87b715b569788989,2023-02,Warwickshire Police,Warwickshire Police,-1.615607,52.610672,On or near Bardon View Road,E01031039,North Warwickshire 001E,Unable to prosecute suspect
ef4d7b54a45b1e4fe46b0e08a35ae2dd34bf4a770d6f002b6430ae94cab655eb,2023-02,Warwickshire Police,Warwickshire Police,-1.254457,52.374353,On or near Bath Street,E01031132,Rugby 005C,Unable to prosecute suspect
704dc22678e1e23009d998c134ba9b305ed129bb512ca6420931937e3eab268b,2023-02,Warwickshire Police,Warwickshire Police,-1.462823,52.480911,On or near Wootton Street,E01031095,Nuneaton and Bedworth 015A,Unable to prosecute suspect
aa27b8d546fe0beaf84bf01378cb307de61e8cb712efe72b1d92d8433e4eb56c,2023-02,Warwickshire Police,Warwickshire Police,-1.468789,52.521033,On or near ,E01031046,Nuneaton and Bedworth 005D,Investigation complete; no suspect identified
3757aa260ea8b08ce489824750d4ed7773106e4078aab5e37ec6db351a5740e9,2023-02,Warwickshire Police,Warwickshire Police,-1.510894,52.469315,On or near Hospital Lane,E01031086,Nuneaton and Bedworth 016A,Suspect charged
39fb5e16a7195ea5747b26cd9c802e807efa837f4f51dc81bce290b5117ad34a,2023-02,Warwickshire Police,Warwickshire Police,-1.533712,52.276657,On or near Silver Birch Grove,E01031262,Warwick 013B,Unable to prosecute suspect
9e2cf64e487ffd1d23b91de7279ba7656fb8bed624d1415d87034ba6cb732cf0,2023-02,Warwickshire Police,Warwickshire Police,-1.522910,52.538398,On or near School Hill,E01031030,North Warwickshire 005F,Unable to prosecute suspect
c48816dcb585ba8ca9fd1c805de820784d8d5b5937b7c439c930e6b3e647f0aa,2023-02,Warwickshire Police,Warwickshire Police,-1.747977,52.517129,On or near Birmingham Road,E01031041,North Warwickshire 006E,Unable to prosecute suspect
2e48f903bd48e8964d71b5d47577a69d4fecfcdd21b3c5010e4065e0600ff1ff,2023-02,Warwickshire Police,Warwickshire Police,-1.254457,52.374353,On or near Bath Street,E01031132,Rugby 005C,Unable to prosecute suspect
33e44ef5da954fa46108d7197b96e6a9ce5dad1d72b80678956e87adba937e5f,2023-02,Warwickshire Police,Warwickshire Police,-1.900791,52.466319,On or near St Lawrence Close,E01008995,Birmingham 134A,Suspect charged
f9bb9794905da7e4ab33d9b0e3ded4d09a6f27780cb60068baa820e25a1defe9,2023-02,Warwickshire Police,Warwickshire Police,-1.647157,52.560292,On or near Kings Close,E01031032,North Warwickshire 002E,Unable to prosecute suspect
8a7b3cd7d21fab598b07a5b86e8fd1f245cea39d78717aa77a73f472dd394ae9,2023-02,Warwickshire Police,Warwickshire Police,-1.495367,52.471596,On or near Heath Avenue,E01031087,Nuneaton and Bedworth 016B,Unable to prosecute suspect
d8e936ae21a67e47de87da67f1b105cb45e0005ad980a85b768e29653795abaa,2023-02,Warwickshire Police,Warwickshire Police,-1.479882,52.517702,On or near Greenmoor Road,E01031059,Nuneaton and Bedworth 006C,Unable to prosecute suspect
338e3ebdf2df906ecf398755eda0292f218c98520c21b2ae5777ed7442b6859b,2023-02,Warwickshire Police,Warwickshire Police,-1.514404,52.532952,On or near Charlotte Close,E01031084,Nuneaton and Bedworth 004D,Unable to prosecute suspect
3585333c92c4e7a88b689593ff7890b0264f66713676a44b9de5f41d1e572658,2023-02,Warwickshire Police,Warwickshire Police,-1.528648,52.309173,On or near Bowers Croft,E01031288,Warwick 007F,Unable to prosecute suspect
cd51c04603c5fcc81ee237fa908316d8a4ec313ff4f489dafab1196da8ccfb39,2023-02,Warwickshire Police,Warwickshire Police,-1.722007,52.203880,On or near Cocksfoot Close,E01031231,Stratford-on-Avon 009D,Unable to prosecute suspect
522a4bb61a7bff8cff8af9e5774276b35d9e814ba87ae79c463de714d0f30662,2023-02,Warwickshire Police,Warwickshire Police,-1.707395,52.193991,On or near ,E01031229,Stratford-on-Avon 009B,Unable to prosecute suspect
236a3f1312413865c4c367c859d0197681228ca3246edd144329d876542a2ed1,2023-02,Warwickshire Police,Warwickshire Police,-1.434586,52.525316,On or near Spinning Wheel Drive,E01031103,Nuneaton and Bedworth 003D,Unable to prosecute suspect
d6a0a2c0a37dbe2f884bf5eb286526b7cb5dfe5de14bc5a298c9f49d42374127,2023-02,Warwickshire Police,Warwickshire Police,-1.532153,52.284176,On or near High Street,E01031336,Warwick 010F,Investigation complete; no suspect identified
be7e30b54a02c1132b08c754d637ea8d120f53d69a9c4f01ecb6fab5ba258a2a,2023-02,Warwickshire Police,Warwickshire Police,-1.714449,52.202747,On or near ,E01031231,Stratford-on-Avon 009D,Investigation complete; no suspect identified
3a6ef14030035065954a05b5a3e4a9eed3f57e2115c72d9f9e43d7e2a391ee9b,2023-02,Warwickshire Police,Warwickshire Police,-1.698105,52.189742,On or near ,E01031225,Stratford-on-Avon 010A,Investigation complete; no suspect identified
e70712268083687dc928b4d81c775f039dbae41792a3c57ae4f6e86b35bfb747,2023-02,Warwickshire Police,Warwickshire Police,-1.508498,52.281005,On or near Vermont Grove,E01031334,Warwick 010D,Unable to prosecute suspect
7c2592747ace29d5db0650323e4e9eecef646b94c9524fdfb7304e67988b773a,2023-02,Warwickshire Police,Warwickshire Police,-1.510071,52.274008,On or near Kingfishers Reach,E01031328,Warwick 015B,Unable to prosecute suspect
fed761f4db86eb4e448e9a064f8fd0d6469182bd6dd77fda42de2a6fee1c35e1,2023-02,Warwickshire Police,Warwickshire Police,-1.534848,52.288601,On or near Euston Place,E01031271,Warwick 010A,Suspect charged
f19c03b284c91ede837b5a542b2adc2b51e70e4dc21e95b47246dd1a388c6e48,2023-02,Warwickshire Police,Warwickshire Police,-1.579062,52.335273,On or near Mortimer Road,E01031303,Warwick 003A,Unable to prosecute suspect
3624ce7f65e14a82102f0c6b5b7de74a3ab06cbcdf1e07a10faaa0ddd8fc3075,2023-02,Warwickshire Police,Warwickshire Police,,,No location,,,Unable to prosecute suspect
5255dbd72fa435d8f40eb353cfc440b8a0c3f1d1a76400548a64ab1182b122d7,2023-02,Warwickshire Police,Warwickshire Police,-1.475670,52.526152,On or near Bottrill Street,E01031046,Nuneaton and Bedworth 005D,Investigation complete; no suspect identified
a66a879c8bbfa29e96de0c0c32c80e42defd50b530c5e5e418cca050757cf039,2023-02,Warwickshire Police,Warwickshire Police,-1.504798,52.217059,On or near Warwick Services Northbound,E01031199,Stratford-on-Avon 005C,Investigation complete; no suspect identified
27f7bb68a8a793dcf08c57dc1febb82a9daf75c0f33ee8bac83c4c9016b49644,2023-02,Warwickshire Police,Warwickshire Police,-1.486958,52.513669,On or near Oldany Way,E01031051,Nuneaton and Bedworth 008D,Investigation complete; no suspect identified
375111d6423391f8e8fd0e47ec784401846cab168b79b4e3d753d0865c8955f1,2023-02,Warwickshire Police,Warwickshire Police,,,No location,,,Unable to prosecute suspect
d276b7d6e8aba8ac41c66b84f8d8f56eff85a1e6d3a76b024389f6d9cfc86f06,2023-02,Warwickshire Police,Warwickshire Police,-1.497708,52.472937,On or near Bellairs Avenue,E01031087,Nuneaton and Bedworth 016B,Investigation complete; no suspect identified
ded792b8e1daf88ce07667e915b000cba3998ab2cae22c0bd807294eddf2e4ab,2023-02,Warwickshire Police,Warwickshire Police,-1.704263,52.192233,On or near ,E01031234,Stratford-on-Avon 011C,Unable to prosecute suspect
a5175caa888cae472258e0e67894430c57bd00cc46369208d34d3e29a375943f,2023-02,Warwickshire Police,Warwickshire Police,-1.609169,52.261162,On or near The Peacocks,E01033255,Warwick 011H,Offender given a drugs possession warning
94b9ade69da3b7d851ebf5fb82cbc12d28cb895ffe4421134b828fa499741dd5,2023-02,Warwickshire Police,Warwickshire Police,-1.430703,52.532642,On or near Edgedale Road,E01031103,Nuneaton and Bedworth 003D,Investigation complete; no suspect identified
102b8053ffae8a4a0d0538389b5815e63923770b2d76f05530b999dfe0c14d60,2023-02,Warwickshire Police,Warwickshire Police,-1.619903,52.605928,On or near ,E01031026,North Warwickshire 002C,Investigation complete; no suspect identified
243abe198852a20dd108931eccb24189f11a7e717166b777cada7f0b64a8ce12,2023-02,Warwickshire Police,Warwickshire Police,-1.461288,52.486037,On or near Furnace Road,E01031066,Nuneaton and Bedworth 013E,Unable to prosecute suspect
2439dfc84bc6e40c3c48623c3a53803b59fe4ea5f0b2bbc53e56b44e27cfce14,2023-02,Warwickshire Police,Warwickshire Police,-1.708844,52.191639,On or near Ely Street,E01031234,Stratford-on-Avon 011C,Investigation complete; no suspect identified
8c1f0767ccf6153c06c8861ca2f35fa435d6acc435f378e8e0b82708e7350a1c,2023-02,Warwickshire Police,Warwickshire Police,-1.705580,52.192027,On or near ,E01031234,Stratford-on-Avon 011C,Unable to prosecute suspect
c8bf46b1b06af756cbc241ed305ac8c1bd14b90a24433a0d86eb5273a7c2a476,2023-02,Warwickshire Police,Warwickshire Police,-1.729040,52.190393,On or near The Old Square,E01031233,Stratford-on-Avon 011B,Investigation complete; no suspect identified
7ff3b99bb69eda85b11ebbae39b42a4b5f627a436c8be00180c0a7622a6da417,2023-02,Warwickshire Police,Warwickshire Police,-1.737454,52.197271,On or near Mount Crescent,E01031237,Stratford-on-Avon 011E,Investigation complete; no suspect identified
317cf1d74983ed29caa88e80577a08afa2a7d4dbb8c645f17e5359631fae5c61,2023-02,Warwickshire Police,Warwickshire Police,-1.839564,52.363100,On or near ,E01031243,Stratford-on-Avon 001B,Investigation complete; no suspect identified
b2221913e8e492fa3e8b25bafea12976bae1e05d9f8f098bb7aa7ac9bb0dce8b,2023-02,Warwickshire Police,Warwickshire Police,-1.545343,52.285891,On or near Park Drive,E01031293,Warwick 009D,Investigation complete; no suspect identified
caa99859b4c0d77e5b16ee5ca7c21ad661287c88e5352ca15c4ade0403f88ddf,2023-02,Warwickshire Police,Warwickshire Police,-1.706617,52.192164,On or near High Street,E01031234,Stratford-on-Avon 011C,Investigation complete; no suspect identified
268adc72ea836961e7e5e6934cc7851b3a72ec6a1ea3267a51c25cd650d24814,2023-02,Warwickshire Police,Warwickshire Police,-1.474660,52.479759,On or near Church Way,E01031064,Nuneaton and Bedworth 013C,Investigation complete; no suspect identified
48b198951a1db96e00ec382a4b17ccd8efae2df43735222e0e2be904861aff07,2023-02,Warwickshire Police,Warwickshire Police,-1.474660,52.479759,On or near Church Way,E01031064,Nuneaton and Bedworth 013C,Unable to prosecute suspect
488e82288825cd66a6367047fd019efea58fbab0345d91dd2ebc77d24e6ef6f6,2023-02,Warwickshire Police,Warwickshire Police,-1.528962,52.518429,On or near Robins Way,E01031090,Nuneaton and Bedworth 007A,Investigation complete; no suspect identified
efa7f4f834a7e2a4eb810f47a0939cf886ee683e39d4cc99f766c274f4933ae3,2023-02,Warwickshire Police,Warwickshire Police,-1.533780,52.292526,On or near Oxford Row,E01033256,Warwick 007I,Investigation complete; no suspect identified
96d5fb5793ef822c92be3430b9a7e542041ed20cb782354f4594fcfa68504937,2023-02,Warwickshire Police,Warwickshire Police,-1.736647,52.192174,On or near ,E01031233,Stratford-on-Avon 011B,Unable to prosecute suspect
d1d2a3cd233b5c1d9b420ec47a6418358bc9c0ef159a96c3cb25c165c4e620c2,2023-02,Warwickshire Police,Warwickshire Police,-1.531294,52.279381,On or near St John's Road,E01031261,Warwick 013A,Investigation complete; no suspect identified
1f18bd3c43ad4fa41afa4d6ca8552f3c49bcbc7779587e6225a123ff0f330f31,2023-02,Warwickshire Police,Warwickshire Police,-1.736647,52.192174,On or near ,E01031233,Stratford-on-Avon 011B,Unable to prosecute suspect
774aa04ece7e445bcae2c84a5eedb56215a5cc096b1edba124cc5c81a7c1cf81,2023-02,Warwickshire Police,Warwickshire Police,-1.538802,52.572335,On or near Charlotte Way,E01031013,North Warwickshire 003E,Unable to prosecute suspect
2bca6ace4691164d9ff21c17c1ef3afcaab964321c71bea07849d5858c0fede1,2023-02,Warwickshire Police,Warwickshire Police,,,No location,,,Unable to prosecute suspect
df214f57e9867c8543fbd92de9ad195c6666f0cc1d78d41cf2fd0c1c9c51fd04,2023-02,Warwickshire Police,Warwickshire Police,-1.538120,52.291113,On or near Windsor Street,E01033253,Warwick 007H,Offender given a caution
2c126cfcd635e373cd7dcef88c6573c81f4dee7dc738670d1bd46c746a59e08e,2023-02,Warwickshire Police,Warwickshire Police,-1.248896,52.374857,On or near Oxford Street,E01031130,Rugby 005A,Unable to prosecute suspect
766e2614adeb857a30657d64c6b0f75248b303f93b71648bbca0bbaa7b543ee5,2023-02,Warwickshire Police,Warwickshire Police,-1.460625,52.523387,On or near Glebe Road,E01031043,Nuneaton and Bedworth 005A,Unable to prosecute suspect
9ff1e0ea0c1c0da74b880c31f7c4ba21d5b00f1530e3ee6c570c426fb6b328b1,2023-02,Warwickshire Police,Warwickshire Police,-1.248896,52.374857,On or near Oxford Street,E01031130,Rugby 005A,Suspect charged
ecfdb8d54d7df6b8efe2807765f88b52cc3bb494f89a04b8afae392ef013f2d1,2023-02,Warwickshire Police,Warwickshire Police,-1.523672,52.526607,On or near Crackenthorpe Way,E01031082,Nuneaton and Bedworth 004B,Unable to prosecute suspect
8a99e80ad7ce6c5ea0db7a1adb1c9e10c35edb8381b0c30bf9d40f987d559a4f,2023-02,Warwickshire Police,Warwickshire Police,-1.290234,52.337120,On or near ,E01031148,Rugby 012B,Investigation complete; no suspect identified
b44e560a63e52a0a1224beedeace732b1e38ea8ea4bca4ba7e34e996197f1409,2023-02,Warwickshire Police,Warwickshire Police,-1.709445,52.305980,On or near High Cross Lane,E01031281,Warwick 004A,Unable to prosecute suspect
06578c09f1d62001ccc5669c0745823308cfa87fe01b5ec683259fd763a2c4e2,2023-02,Warwickshire Police,Warwickshire Police,-1.260360,52.373599,On or near Bank Street,E01031173,Rugby 003C,Unable to prosecute suspect
2a352af25e335707e5e468170584f617b6f46a64de3f60f3a0f0a5b5ee48eca8,2023-02,Warwickshire Police,Warwickshire Police,-1.514691,52.277687,On or near Standlake Mews,E01031332,Warwick 010B,Investigation complete; no suspect identified
dddfda1cf03689a64f60a5add34b1e95c67a9485f17177362de606a118ca6f68,2023-02,Warwickshire Police,Warwickshire Police,-1.463092,52.482998,On or near Hazel Grove,E01031095,Nuneaton and Bedworth 015A,Unable to prosecute suspect
70b88d7b6fe1d64463ed4faef18fd1f131162119c2e6de52bfd2efa8a8b40010,2023-02,Warwickshire Police,Warwickshire Police,-1.544924,52.575335,On or near Cooks Close,E01031010,North Warwickshire 003B,Investigation complete; no suspect identified
cbf1b42a9158896d848d4cf87f82cbb8e3c8da96a14dff1bab403ad6fe446b87,2023-02,Warwickshire Police,Warwickshire Police,-1.517058,52.406410,On or near Croft Road,E01009642,Coventry 031C,Unable to prosecute suspect
06c2a47224d1bf49cd004e2d3e178e98768fc127ae9ddbf826ae21d7d08476ff,2023-02,Warwickshire Police,Warwickshire Police,-1.712134,52.200988,On or near ,E01031231,Stratford-on-Avon 009D,Unable to prosecute suspect
cd8b7a3b33e89566673780ef5b4f1e05cf7719f2ed6135df3abbdd902109bfa6,2023-02,Warwickshire Police,Warwickshire Police,-1.625923,52.063174,On or near Sheep Street,E01031216,Stratford-on-Avon 015E,Investigation complete; no suspect identified
956077ae50c5cf3c6458b7c0df076dc2c04703b5947f139e8517b018aa3ffb8e,2023-02,Warwickshire Police,Warwickshire Police,-1.534377,52.292905,On or near ,E01033253,Warwick 007H,Investigation complete; no suspect identified
08b66252c8ecc1a13a201fc9fa4e0c777b419a64a2c117b9bb003bf0e556d611,2023-02,Warwickshire Police,Warwickshire Police,-1.538901,52.290730,On or near Portland Street,E01033256,Warwick 007I,Unable to prosecute suspect
71631b52314309c5758b0505627f1bdc5b1fa40adbe8525db23136317a860f38,2023-02,Warwickshire Police,Warwickshire Police,-1.402928,52.146803,On or near Park Close,E01031198,Stratford-on-Avon 005B,Investigation complete; no suspect identified
06def733a44d0c9e416398ce4e373fe42dc0e7503e1347715df7a0c4b6685154,2023-02,Warwickshire Police,Warwickshire Police,-1.466263,52.523898,On or near ,E01031043,Nuneaton and Bedworth 005A,Investigation complete; no suspect identified
df416859ea6ff170daf1dcc099392f4691e7cf013dd61750cc454331b26526df,2023-02,Warwickshire Police,Warwickshire Police,-1.532523,52.283791,On or near Crown Terrace,E01031266,Warwick 013F,Unable to prosecute suspect
4d1bca642091269e2863b3fa7344fa57c4bb03758238228eb9e5ec9c4086fa1d,2023-02,Warwickshire Police,Warwickshire Police,-1.184895,52.357253,On or near Hughes Drive,E01032892,Rugby 001G,Unable to prosecute suspect
96d2fc87cf25539d17571fb9b90a3094edf98679d40307f42ebbefc6cc331c80,2023-02,Warwickshire Police,Warwickshire Police,-1.371849,52.249242,On or near Squadron Avenue,E01031219,Stratford-on-Avon 004A,Unable to prosecute suspect
5accfe2f4520e161abc482e06f13c7264d77f0badc587f71dfe4ab8791ece2b5,2023-02,Warwickshire Police,Warwickshire Police,-1.509548,52.468563,On or near Acorn Close,E01031086,Nuneaton and Bedworth 016A,Unable to prosecute suspect
9c13dd9a3b0fad1d1d2dddaefbf3f88c7c1c24be5856d507a26773b43bb07b59,2023-02,Warwickshire Police,Warwickshire Police,-1.463211,52.505842,On or near Sorrell Road,E01031118,Nuneaton and Bedworth 009D,Unable to prosecute suspect
4f87db299954db07c36334022edebc6a345eb5b414f946e0ac21279fe8ba9f42,2023-02,Warwickshire Police,Warwickshire Police,-1.275055,52.368781,On or near Webb Ellis Road,E01031167,Rugby 006A,Investigation complete; no suspect identified
277d7cf3297fc35e40eb5c256437329c6626734f7bcfae6be4ad2c3c9abd77ef,2023-02,Warwickshire Police,Warwickshire Police,-1.491283,52.530859,On or near Elderberry Drive,E01031075,Nuneaton and Bedworth 002E,Unable to prosecute suspect
50f804ef2ea6fc63ba60d4871186416b23148583b5aefd67a08354c012b1555f,2023-02,Warwickshire Police,Warwickshire Police,-1.671903,52.339209,On or near Birmingham Road,E01031283,Warwick 004C,Unable to prosecute suspect
a460d534b5dd6d349bd59132fa6c7ca7c6fe9f7051e88efc10228cf1cf960eaf,2023-02,Warwickshire Police,Warwickshire Police,-1.509548,52.468563,On or near Acorn Close,E01031086,Nuneaton and Bedworth 016A,Unable to prosecute suspect
49b1d79151bcaf7109070c7c28dd3572c77bad55bf4e8a424f4fa93ee1d3e120,2023-02,Warwickshire Police,Warwickshire Police,-1.498397,52.521081,On or near ,E01031058,Nuneaton and Bedworth 006B,Unable to prosecute suspect
1365ff002ce38c9cacc6404b9f5f78d62acfa12a00b734f1d60d1d4f70a5cfb1,2023-02,Warwickshire Police,Warwickshire Police,-1.526865,52.278275,On or near Llewellyn Road,E01031263,Warwick 013C,Investigation complete; no suspect identified
cdf526f201a0e416b4a64d1151f6ca9f822854cea6e0ff2642a2c51adcdabf2d,2023-02,Warwickshire Police,Warwickshire Police,-1.710658,52.196229,On or near A3400,E01031229,Stratford-on-Avon 009B,Investigation complete; no suspect identified
fa1e1d28dfa2ea1cbde3997addb29013a5a41161151e3427bcc613e8134efd77,2023-02,Warwickshire Police,Warwickshire Police,-1.910241,52.269946,On or near Kiln Close,E01031213,Stratford-on-Avon 001A,Investigation complete; no suspect identified
ddda84af983b847cd79421e2d31c723d501ce0a5fbc87324882ee894f015144b,2023-02,Warwickshire Police,Warwickshire Police,-1.498332,52.471123,On or near Cashmore Road,E01031087,Nuneaton and Bedworth 016B,Unable to prosecute suspect
3065f129664677de0b9eae7f3aa2dd48d0eb490a21d56b87257664ae9a3d9a8f,2023-02,Warwickshire Police,Warwickshire Police,-1.487222,52.518813,On or near Croft Road,E01031059,Nuneaton and Bedworth 006C,Investigation complete; no suspect identified
a19178219634be7cef8b2e93cafb51d8318f3ec43fa65bfc8a0601026bcd522c,2023-02,Warwickshire Police,Warwickshire Police,-1.445284,52.546583,On or near Nuneaton Lane,E01031110,Nuneaton and Bedworth 001A,Unable to prosecute suspect
8e41a576ecb1c21ae8a6f2c325f6b295ac67b8fbf776c9bf6ac384d0826ba17a,2023-02,Warwickshire Police,Warwickshire Police,-1.490755,52.522999,On or near Byford Street,E01031057,Nuneaton and Bedworth 006A,Unable to prosecute suspect
770de244bc2ec5dc89c1c790ec478887c08a180d204e3a3c673d88878e0abd9e,2023-02,Warwickshire Police,Warwickshire Police,-1.535950,52.288309,On or near Bedford Place,E01033253,Warwick 007H,Offender given a drugs possession warning
baaeda7e3f07c22cb3514b855587f4210c48e34eb11d756c07f0c607a499f27a,2023-02,Warwickshire Police,Warwickshire Police,-1.513188,52.299806,On or near Clare Close,E01031273,Warwick 006A,Suspect charged
2862ee70fe15126f93291dbc624794407d907204ca58ec3adbe86e55a24fa65f,2023-02,Warwickshire Police,Warwickshire Police,-1.535950,52.288309,On or near Bedford Place,E01033253,Warwick 007H,Investigation complete; no suspect identified
e6f7770380bf3cf02ce55bfb0b8e0e3f7b6fa01601a9b7d4b1213bf6411c90bd,2023-02,Warwickshire Police,Warwickshire Police,-1.476716,52.519954,On or near Silken Court,E01031047,Nuneaton and Bedworth 005E,Investigation complete; no suspect identified
34a1edc2b306b0e6018b45745c11ccb2937c0dfbd21be13ee12cd45cfa4c8b71,2023-02,Warwickshire Police,Warwickshire Police,-1.445526,52.527426,On or near Brixham Close,E01031102,Nuneaton and Bedworth 003C,Unable to prosecute suspect
1ffd272c7cd158e770ed329bf7222525aa31b68cd496afd944d8cada05f38a94,2023-02,Warwickshire Police,Warwickshire Police,-1.535950,52.288309,On or near Bedford Place,E01033253,Warwick 007H,Investigation complete; no suspect identified
a94100e90d76b01777db431b365e12f5f4296c57013408d09c7ad6f378b797c1,2023-02,Warwickshire Police,Warwickshire Police,-1.513188,52.299806,On or near Clare Close,E01031273,Warwick 006A,Suspect charged
3f490aefb16917c29671afc4795c74a0735c59d24bd0a1b767b8eacc4596ab59,2023-02,Warwickshire Police,Warwickshire Police,-1.600494,52.280402,On or near ,E01031324,Warwick 011D,Investigation complete; no suspect identified
0dc193c28f690fcf09ee9f9bc6a67796c11565962870a96132212a3b1a93b9b0,2023-02,Warwickshire Police,Warwickshire Police,-1.608508,52.621778,On or near Coronation Avenue,E01031038,North Warwickshire 001D,Unable to prosecute suspect
6e64d299987e6a79ddfb8cf8056ff539b0cd24ea42f67d1f0de5196602802127,2023-02,Warwickshire Police,Warwickshire Police,-1.735574,52.193590,On or near South Green Drive,E01031233,Stratford-on-Avon 011B,Investigation complete; no suspect identified
f816945bb81a4bc7997179bd482f6edd0c9c7d8dda3331747c8d811febc179ed,2023-02,Warwickshire Police,Warwickshire Police,-1.448381,52.528941,On or near ,E01031102,Nuneaton and Bedworth 003C,Investigation complete; no suspect identified
bc030df0bdef7e38cef61b30c905e7e5306e5e4efc40e5daa504a568911c6c59,2023-02,Warwickshire Police,Warwickshire Police,-1.475243,52.486450,On or near Ascot Close,E01031109,Nuneaton and Bedworth 012E,Unable to prosecute suspect
d88603222cc872687d493dd6ca3210788fdf54a1c18c0481a2fddfab9d4e343b,2023-02,Warwickshire Police,Warwickshire Police,-1.596796,52.200516,On or near Ramsay Green,E01031218,Stratford-on-Avon 008B,Investigation complete; no suspect identified
d7dd6a4f826dc5cac63a5da8328ed9d46372f78bf0342262cfd9a19d1014cd43,2023-02,Warwickshire Police,Warwickshire Police,-1.513188,52.299806,On or near Clare Close,E01031273,Warwick 006A,Unable to prosecute suspect
3039dd83456232d5c886fe19fc677dd1d1eba77a3c45b53ecba71d5488bfeb0a,2023-02,Warwickshire Police,Warwickshire Police,-1.536851,52.291899,On or near Warwick Street,E01033256,Warwick 007I,Investigation complete; no suspect identified
b3495ebddf441a95c5457f9f95306be59f10d5841ced46946828ba409526b4e5,2023-02,Warwickshire Police,Warwickshire Police,-1.709924,52.506334,On or near Rose Road,E01031020,North Warwickshire 006B,Investigation complete; no suspect identified
cc9a1dda2e13196dd69751fe5b585080c70fb53a00cc2cf07af8d1b5f01df3a0,2023-02,Warwickshire Police,Warwickshire Police,-1.601623,52.272671,On or near Tennyson Avenue,E01033255,Warwick 011H,Investigation complete; no suspect identified
cf12b1b28683b587ca1bd0bf38cfe72a39b74e484bfe588b8ed065b7b638e067,2023-02,Warwickshire Police,Warwickshire Police,-1.489657,52.517304,On or near Runneymede Gardens,E01031051,Nuneaton and Bedworth 008D,Investigation complete; no suspect identified
25173ed7d88e7e556b16c2d03797b98e141b1173b9e7fb632e435539e77046ca,2023-02,Warwickshire Police,Warwickshire Police,-1.490859,52.531882,On or near Tuttle Hill,E01031075,Nuneaton and Bedworth 002E,Investigation complete; no suspect identified
7398f51e5c0aacf1867ec10eeeb8332e481daae96d13ecf787579205238d15f9,2023-02,Warwickshire Police,Warwickshire Police,-1.576732,52.317941,On or near Wheelwright Mews,E01031284,Warwick 004D,Investigation complete; no suspect identified
adae4e83e2bdff7933ac84888bd9181777b10c04bd8783b7e09b7ad03a7dadda,2023-02,Warwickshire Police,Warwickshire Police,-1.744077,52.511133,On or near Attleboro Lane,E01031041,North Warwickshire 006E,Investigation complete; no suspect identified
cc9970d44b7f6387d3ee5451cff7d0fa80934d248f5999e5d1e886283996019d,2023-02,Warwickshire Police,Warwickshire Police,-1.707356,52.195493,On or near Mulberry Street,E01031229,Stratford-on-Avon 009B,Unable to prosecute suspect
c965eeab5391bace0b718c6f10992b2152c82b751e9267e637ccf22f5d381b40,2023-02,Warwickshire Police,Warwickshire Police,-1.708844,52.191639,On or near Ely Street,E01031234,Stratford-on-Avon 011C,Unable to prosecute suspect
ea64a6e77ccd2bbb3d5759ef3cd709a2b41aeea479e05dc9bfb5256db6b5da51,2023-02,Warwickshire Police,Warwickshire Police,-1.250289,52.392343,On or near Thirlmere,E01031142,Rugby 002F,Investigation complete; no suspect identified
d194ab5f964333c853d5a28677721397f86fb58954a84ac6a9aec522193ea0f1,2023-02,Warwickshire Police,Warwickshire Police,-1.708088,52.516695,On or near ,E01031020,North Warwickshire 006B,Investigation complete; no suspect identified
e4ea8d13e0deb2ce95baef5ad3195447de09de48fcf25a12adc9a9f7c5221181,2023-02,Warwickshire Police,Warwickshire Police,-1.590300,52.281587,On or near Market Place,E01031324,Warwick 011D,Investigation complete; no suspect identified
59a622585a7e94ab0186f254c94c242fe98602d21b7b7f9e0b765de57bcd4ad9,2023-02,Warwickshire Police,Warwickshire Police,-1.708844,52.191639,On or near Ely Street,E01031234,Stratford-on-Avon 011C,Unable to prosecute suspect
94e9dedc60f657765efd4765bf073ddd91f16f7d7adfe40e70887fe72d86d0cf,2023-02,Warwickshire Police,Warwickshire Police,-1.490859,52.531882,On or near Tuttle Hill,E01031075,Nuneaton and Bedworth 002E,Investigation complete; no suspect identified
53ef60bc95d5bbdd24f5f9ff93d6d79885b2aa021c46749b8ec994cd9e78cad4,2023-02,Warwickshire Police,Warwickshire Police,-1.650877,52.349523,On or near Honiley Road,E01031283,Warwick 004C,Investigation complete; no suspect identified
99982f06d8e285f3edde58cc33f655d491060ed29ae8b81f0ede3f985e425f1c,2023-02,Warwickshire Police,Warwickshire Police,-1.296847,52.406915,On or near Rugby Road,E01032892,Rugby 001G,Investigation complete; no suspect identified
1c78dd590f552fd7f35f8d8df32b15a740b47a415a443917f63af8236b3b0d41,2023-02,Warwickshire Police,Warwickshire Police,-1.454567,52.534085,On or near Brookdale Road,E01031112,Nuneaton and Bedworth 001C,Unable to prosecute suspect
b7c21d085be61da49f1c1874890329da214c4d57b43a9bbb8c95feea4cf09a0f,2023-02,Warwickshire Police,Warwickshire Police,-1.454294,52.513344,On or near Freer Street,E01031053,Nuneaton and Bedworth 010B,Unable to prosecute suspect
75e777ab288f378aba921ce1fe779c29ecc56001986ba97e302b38e15a9895e3,2023-02,Warwickshire Police,Warwickshire Police,-1.645254,52.299970,On or near Canal Road,E01031268,Warwick 014D,Investigation complete; no suspect identified
a4281a2a9e22f6229d78e5a63dae7928ec7b43701a4dfe84f50e89372be9d7e1,2023-02,Warwickshire Police,Warwickshire Police,-1.719714,52.207884,On or near Kensington Close,E01031230,Stratford-on-Avon 009C,Investigation complete; no suspect identified
c7ff0a00fd155d38189ae638907ecebde4946347995464af1a51b46ee6fafd9b,2023-02,Warwickshire Police,Warwickshire Police,-1.472584,52.527810,On or near Winfield Road,E01031044,Nuneaton and Bedworth 005B,Unable to prosecute suspect
4a62472f96b4bfc9d5a0b6e06cb699a3ed0c251037a728883757e0df016992be,2023-02,Warwickshire Police,Warwickshire Police,-1.582620,52.283106,On or near Cross Street,E01031323,Warwick 011C,Investigation complete; no suspect identified
706128e05dee10821d494f0b2e24f10fc665573371fd9621cbd05da038560757,2023-02,Warwickshire Police,Warwickshire Police,-1.467667,52.522367,On or near Coventry Street,E01031043,Nuneaton and Bedworth 005A,Investigation complete; no suspect identified
3085061a87f090ee6f86301a6bed9c0de4dd263fd060ee93678827b6c3071919,2023-02,Warwickshire Police,Warwickshire Police,-1.475687,52.481310,On or near George Street Ringway,E01031064,Nuneaton and Bedworth 013C,Unable to prosecute suspect
ee74d138de55af5555a6fa8992205e973facabf8d84c070fa8dd9efbfca5626b,2023-02,Warwickshire Police,Warwickshire Police,-1.462823,52.480911,On or near Wootton Street,E01031095,Nuneaton and Bedworth 015A,Unable to prosecute suspect
2d6285dcebef22e0b2e24010606128f362e2b044368dbd4511cf7cf63a6918fc,2023-02,Warwickshire Police,Warwickshire Police,-1.689153,52.235939,On or near Frogmore Road,E01031217,Stratford-on-Avon 008A,Investigation complete; no suspect identified
cdbd1538f01517a148e6ec46914a705dfa633172463d049b720c94c4895569ee,2023-02,Warwickshire Police,Warwickshire Police,-1.581218,52.293404,On or near Woodloes Avenue South,E01031310,Warwick 008B,Investigation complete; no suspect identified
78bc4cd61f956b761a204ce67a64dabfc35096250642736413c57729c27df8b3,2023-02,Warwickshire Police,Warwickshire Police,-1.234304,52.399820,On or near Chervil Way,E01032892,Rugby 001G,Investigation complete; no suspect identified
97820158546e057475fced3dab8bc2545267b7b6571b177238343922921a198e,2023-02,Warwickshire Police,Warwickshire Police,-1.502021,52.218054,On or near ,E01031199,Stratford-on-Avon 005C,Investigation complete; no suspect identified
07a100d9b346425fe683b99406e0a3c0706074e133c858f6eeaf4bae2b879c41,2023-02,Warwickshire Police,Warwickshire Police,-1.510051,52.301015,On or near The Crest,E01031273,Warwick 006A,Unable to prosecute suspect
fbfa5e31990a63e9d778c06307964b41d73fc81dd243af7f7d4fb73864ce6a2f,2023-02,Warwickshire Police,Warwickshire Police,-1.716759,52.191515,On or near St Martin's Close,E01031232,Stratford-on-Avon 011A,Investigation complete; no suspect identified
862d9d69bcd68e4066f6497b06fff1d14fe9562df42c8d980b1346dd1309a34b,2023-02,Warwickshire Police,Warwickshire Police,-1.427452,52.504892,On or near Osprey Close,E01031123,Nuneaton and Bedworth 011D,Investigation complete; no suspect identified
d23bbfd31e71f4a5e3f74671cac363c4d5e423cf178e28ee5a5065a7926a94ed,2023-02,Warwickshire Police,Warwickshire Police,-1.408368,52.415221,On or near ,E01031159,Rugby 001C,Investigation complete; no suspect identified
3532fe47f7ecaf8cf68cae7cc9f40d93ab27f5e0a985bc24641c8356bd92805b,2023-02,Warwickshire Police,Warwickshire Police,-1.741099,52.196893,On or near Toll Gate Close,E01031237,Stratford-on-Avon 011E,Investigation complete; no suspect identified
f765221859d12362f08b05704f4970b0cf736773ebcc8e37604a292a614a3eb5,2023-02,Warwickshire Police,Warwickshire Police,-1.469343,52.521494,On or near ,E01031043,Nuneaton and Bedworth 005A,Unable to prosecute suspect
68ccb5dec5aa804ee9cb8b1dc7f4c7f4f269146f1fa5ae52d356ccda8772fc7f,2023-02,Warwickshire Police,Warwickshire Police,-1.547025,52.577662,On or near Derby Lane,E01031011,North Warwickshire 003C,Unable to prosecute suspect
3d87b11816b728c7a059aa7d1fafd1ba179e1744305a12152f9139d130cff360,2023-02,Warwickshire Police,Warwickshire Police,-1.466857,52.523542,On or near Newdegate Place,E01031043,Nuneaton and Bedworth 005A,Unable to prosecute suspect
49795fbe9ff70f48195fd5fa4f80af8baeca4711cd3f164505657753dc430e57,2023-02,Warwickshire Police,Warwickshire Police,-1.466580,52.526947,On or near ,E01031043,Nuneaton and Bedworth 005A,Unable to prosecute suspect
8c89633f8a910b6ef78b85bc769b8538c1c64a616954d119085e98faf71afa23,2023-02,Warwickshire Police,Warwickshire Police,-1.453567,52.517278,On or near William Street,E01031052,Nuneaton and Bedworth 010A,Unable to prosecute suspect
afa292280dc21aa11036d732ccee060590b9c1f94c8dfd97d842d3b34b931425,2023-02,Warwickshire Police,Warwickshire Police,-1.484508,52.522874,On or near Borough Way,E01031045,Nuneaton and Bedworth 005C,Unable to prosecute suspect
29e2caeae005725fec4368e22834a3ebc3efe341a91a134b8e49d83e7382678f,2023-02,Warwickshire Police,Warwickshire Police,-1.512713,52.301674,On or near Fell Grove,E01031273,Warwick 006A,Unable to prosecute suspect
1706b3d01ee2ad61ae5fb797e6038b25626b54a4517a9f31096074a823cedd50,2023-02,Warwickshire Police,Warwickshire Police,-1.867402,52.222131,On or near Avon Crescent,E01031185,Stratford-on-Avon 006C,Unable to prosecute suspect
f0c0191beb1db6fdce64a16e9a2d11619eaac2da6e146bf6d84a395541cfaed0,2023-02,Warwickshire Police,Warwickshire Police,-1.484172,52.486031,On or near Girtin Close,E01031108,Nuneaton and Bedworth 012D,Unable to prosecute suspect
8233c5aad70bbb2174e28072936daedd0e06906160f8f44a0d599a020d22ba79,2023-02,Warwickshire Police,Warwickshire Police,-1.484172,52.486031,On or near Girtin Close,E01031108,Nuneaton and Bedworth 012D,Unable to prosecute suspect
0cca42b9d53e7cd07a4a9f98c8884c4bbbf53053d7fb2279cce93334cd15b187,2023-02,Warwickshire Police,Warwickshire Police,-1.564493,52.288426,On or near Humphris Street,E01031309,Warwick 008A,Unable to prosecute suspect
1395d15690b07be74a0c81d38dfd76fc791d2ba881f93081cd1bfe236c32b81e,2023-02,Warwickshire Police,Warwickshire Police,-1.454294,52.513344,On or near Freer Street,E01031053,Nuneaton and Bedworth 010B,Unable to prosecute suspect
e994ef38668506196e43f3313e393c636e043d7090b35d0cdc219652b7c74e0c,2023-02,Warwickshire Police,Warwickshire Police,-1.295168,52.369325,On or near Kennedy Drive,E01031125,Rugby 007A,Unable to prosecute suspect
b0f84f090a64e55bc89be3857687466805184a6985aad62c2664e40a822b82ce,2023-02,Warwickshire Police,Warwickshire Police,-1.498397,52.521081,On or near ,E01031058,Nuneaton and Bedworth 006B,Unable to prosecute suspect
b4b86085c44059d5ff7a5b86b37c81f4d4273cfa0bff8181ecff44727410c402,2023-02,Warwickshire Police,Warwickshire Police,-1.544924,52.575335,On or near Cooks Close,E01031010,North Warwickshire 003B,Unable to prosecute suspect
b3c634428fc201049a8f3fe4e905b5b68e87a010fdb9fb7ac6300e6bcaca00de,2023-02,Warwickshire Police,Warwickshire Police,-1.466231,52.532619,On or near Brook Lane,E01031113,Nuneaton and Bedworth 001D,Investigation complete; no suspect identified
c9784b25b981555d6f7ae60fa699a6d21642a8aa5059efc6e201f050d03a1e5b,2023-02,Warwickshire Police,Warwickshire Police,-1.554135,52.270254,On or near Heathcote Lane,E01031318,Warwick 012D,Suspect charged
1a5eb098d161f9f1f985d8ee48432dd56208dfa67b7a0911bc4461476b7e65a0,2023-02,Warwickshire Police,Warwickshire Police,-1.263133,52.373163,On or near ,E01031173,Rugby 003C,Investigation complete; no suspect identified
ab6cd228f739b710a58109ea076fb3c694def7bb407f3079790d49be869d3128,2023-02,Warwickshire Police,Warwickshire Police,-1.709283,52.193852,On or near ,E01031229,Stratford-on-Avon 009B,Unable to prosecute suspect
1132e309dee421c2f311d1c1920a3bfacb270dad666a47c9b7993988c39a96f9,2023-02,Warwickshire Police,Warwickshire Police,-1.229998,52.360108,On or near Robbins Court,E01031180,Rugby 010E,Unable to prosecute suspect
619510ceea9c93959ef760d3d419dcc7519bca8ad5130a865fa0d449420b662f,2023-02,Warwickshire Police,Warwickshire Police,-1.256067,52.387804,On or near ,E01031141,Rugby 002E,Suspect charged
7ed9e5c66be3ee475bcee1f8baa1506cabbf9f6aaab0be0aaab2a60a9fd40a97,2023-02,Warwickshire Police,Warwickshire Police,-1.871879,52.222846,On or near Heron Close,E01031185,Stratford-on-Avon 006C,Investigation complete; no suspect identified
76533c9a44cfc9516f0002a6b40bc74f32111c27b401436aa816f8f3eb1b0a9a,2023-02,Warwickshire Police,Warwickshire Police,-1.426942,52.216042,On or near Orchard Close,E01031200,Stratford-on-Avon 005D,Investigation complete; no suspect identified
2884384fbf243f85406c115e78751bc279684a8ce76ea61591e733d5cf131337,2023-02,Warwickshire Police,Warwickshire Police,-1.716826,52.183334,On or near Kempton Close,E01031232,Stratford-on-Avon 011A,Unable to prosecute suspect
a65149b9af888e16af2a120362f351df2e296e2ac19e962b328bbe63beaeebd2,2023-02,Warwickshire Police,Warwickshire Police,-1.461043,52.508502,On or near Donnithorne Avenue,E01031117,Nuneaton and Bedworth 009C,Unable to prosecute suspect
3eb664ef5a4b8f6bdd273ee6294789348f25b2e43f081256c48cd3d6949a4d64,2023-02,Warwickshire Police,Warwickshire Police,-1.545964,52.279600,On or near Tachbrook Park Drive,E01031315,Warwick 012A,Investigation complete; no suspect identified
00194dee5f03a27db44851d818610f88f99cb70f7aedd23e753baeac22833052,2023-02,Warwickshire Police,Warwickshire Police,-1.716826,52.183334,On or near Kempton Close,E01031232,Stratford-on-Avon 011A,Unable to prosecute suspect
5c1aa4c0a492bf48f0ab5b5a55d90c78fd82810c5e76a97e28c893a185c606f2,2023-02,Warwickshire Police,Warwickshire Police,-1.895358,52.273485,On or near ,E01031239,Stratford-on-Avon 003A,Unable to prosecute suspect
dc4bfa23eedb6834efc018ef5682e96195693ca930e2f3dad3e7f3926e3b6592,2023-02,Warwickshire Police,Warwickshire Police,-1.438533,52.537093,On or near Lichfield Close,E01031111,Nuneaton and Bedworth 001B,Unable to prosecute suspect
bd153d158b6ff139af15828922cbe4193b4b2d27d8b6daa24a928946f8010e5c,2023-02,Warwickshire Police,Warwickshire Police,-1.222194,52.382183,On or near Allans Close,E01031129,Rugby 001B,Investigation complete; no suspect identified
dfe2f1548a73afa6d92d7d0b48dee358e4447cd354f57912077da2734857539c,2023-02,Warwickshire Police,Warwickshire Police,-1.547663,52.276882,On or near Apollo Way,E01031315,Warwick 012A,Unable to prosecute suspect
e373e9f0199fc451f6f941fdd79d5bf0fbfcb625948dfdfaacd1ecf6aab9b3b3,2023-02,Warwickshire Police,Warwickshire Police,-1.868382,52.217215,On or near ,E01031184,Stratford-on-Avon 006B,Investigation complete; no suspect identified
4efdc8b0a663353224d1be0e7e9dd3badcadcca4a76489a78b49128716737c84,2023-02,Warwickshire Police,Warwickshire Police,-1.482759,52.526961,On or near ,E01031044,Nuneaton and Bedworth 005B,Investigation complete; no suspect identified
5a233208a9050c1bb4c40216fe9e2ef47788019bb32508a089c269e0acd23cab,2023-02,Warwickshire Police,Warwickshire Police,-1.509014,52.461009,On or near Ash Green Lane,E01031078,Nuneaton and Bedworth 018B,Unable to prosecute suspect
296eccc050ac8fb2ab56df3502eac9d136d84d0800184496c3b6cbca9724e504,2023-02,Warwickshire Police,Warwickshire Police,-1.535789,52.282689,On or near Flavel Crescent,E01031261,Warwick 013A,Unable to prosecute suspect
96d0ba23702cc69a8e2afcb01f2dba832f86137c712e2ca9b28f387afc1396e1,2023-02,Warwickshire Police,Warwickshire Police,-1.061650,52.640511,On or near Flamborough Road,E01013768,Leicester 037D,Unable to prosecute suspect
fbfc29977c3ddd848e94c8f4ec5b1ed0c0839fe331decd74e3ed2147a345f362,2023-02,Warwickshire Police,Warwickshire Police,-1.514975,52.314764,On or near Balmoral Way,E01031278,Warwick 005B,Investigation complete; no suspect identified
ea2a6ce0f7f365ab78fe462b98285d5df788d556cbf0c8f033d35af9556777f9,2023-02,Warwickshire Police,Warwickshire Police,-1.517210,52.279189,On or near Ryland Close,E01031332,Warwick 010B,Unable to prosecute suspect
271c44bc1f0024bfeeccee3ed0bfcbdd31be2ddded2c0533cfb8f1883b61a859,2023-02,Warwickshire Police,Warwickshire Police,-1.502021,52.218054,On or near ,E01031199,Stratford-on-Avon 005C,Suspect charged
29ff520f8b310b014525e12ff74f7d4574819489df270d570e27b7f4e79f19b7,2023-02,Warwickshire Police,Warwickshire Police,-1.673303,52.294549,On or near Ash Close,E01031283,Warwick 004C,Unable to prosecute suspect
fe73c96b4d58b20ea9b557e77febebb13e505ed90d1677e5878ba15c0a7255a5,2023-02,Warwickshire Police,Warwickshire Police,-1.673303,52.294549,On or near Ash Close,E01031283,Warwick 004C,Unable to prosecute suspect
369f219aaca217a0e26f0a9f0a298f1578bc1f056b4867789994452bf19d9581,2023-02,Warwickshire Police,Warwickshire Police,-1.673303,52.294549,On or near Ash Close,E01031283,Warwick 004C,Unable to prosecute suspect
5b02b6fdf2f802a91387311ed37e7f50b0e7b6ad34bd0e35d91ebab9ca52c07b,2023-02,Warwickshire Police,Warwickshire Police,-1.266926,52.356765,On or near Long Furlong,E01031146,Rugby 009D,Investigation complete; no suspect identified
7935da2532d0fea8414cae7811b85b08357b9b891553beeb91a9c011ef639f06,2023-02,Warwickshire Police,Warwickshire Police,-1.470825,52.524503,On or near Powell Way,E01031043,Nuneaton and Bedworth 005A,Investigation complete; no suspect identified
a1935f36de5484ab3e559865b04b3815a0d611f2b719fd96424b692ffc5c2333,2023-02,Warwickshire Police,Warwickshire Police,-1.543299,52.471710,On or near ,E01031027,North Warwickshire 007C,Investigation complete; no suspect identified
13115f1892019692689b7d9babab7ea0b9d7fdd83ba7d1eba6da0ddf2b61b1f2,2023-02,Warwickshire Police,Warwickshire Police,-1.748360,52.517021,On or near Birmingham Road,E01031041,North Warwickshire 006E,Investigation complete; no suspect identified
916532cf8bd7f35f6e09cc654b5384c1050b9efbb7498fb7995ead0d45b4faba,2023-02,Warwickshire Police,Warwickshire Police,-1.522072,52.302836,On or near Old School Mews,E01031274,Warwick 006B,Unable to prosecute suspect
81a476ac24c60a073be7873ba0397b31d6d696ab533710047192e0f2cbfbac74,2023-02,Warwickshire Police,Warwickshire Police,-1.254870,52.377754,On or near Omega Place,E01031174,Rugby 003D,Unable to prosecute suspect
6c188f4a79073c33ae1e556efcc473359f790df7c522b6ec52e39e28836fea3f,2023-02,Warwickshire Police,Warwickshire Police,-1.498397,52.521081,On or near ,E01031058,Nuneaton and Bedworth 006B,Investigation complete; no suspect identified
b0f7064f0d10bc6f4ba9888eb89d63e4250e2f332f5eb12d073b06edcba98cc6,2023-02,Warwickshire Police,Warwickshire Police,-1.473751,52.464625,On or near Bayton Road,E01031099,Nuneaton and Bedworth 015E,Investigation complete; no suspect identified
3bf5797abe89a64faee83e15fdfd9374dc1fd719f7f96c43ef9df517491bd11d,2023-02,Warwickshire Police,Warwickshire Police,-1.482759,52.526961,On or near ,E01031044,Nuneaton and Bedworth 005B,Investigation complete; no suspect identified
326e9dcc5f35215887590049ddec80f50b235a596adaa2b85eb89ecde7377ba2,2023-02,Warwickshire Police,Warwickshire Police,-1.463289,52.521278,On or near Church Street,E01031043,Nuneaton and Bedworth 005A,Investigation complete; no suspect identified
ae33e7c106a333a7c968fa3b1cd04759ff91e2517dc27c80cffc9ab0e2a7d4c1,2023-02,Warwickshire Police,Warwickshire Police,-1.529070,52.519346,On or near Kings View,E01031090,Nuneaton and Bedworth 007A,Unable to prosecute suspect
a4e20d8546c1620b53ddf00bbf6ab87a29fcc7342f6ece70fa3ad308f9cfe07c,2023-02,Warwickshire Police,Warwickshire Police,-1.542692,52.284217,On or near ,E01031265,Warwick 013E,Investigation complete; no suspect identified
2b4aa36c52a1cad5fb0999ec7c033e95d05580e702b38a26c07f65c0cd8d8655,2023-02,Warwickshire Police,Warwickshire Police,-1.505329,52.516660,On or near Grove Road,E01031092,Nuneaton and Bedworth 007C,Investigation complete; no suspect identified
25b8e53445c02227f28ecc23c96c1d557a641590a525854750dffa77129a39dd,2023-02,Warwickshire Police,Warwickshire Police,-1.609169,52.261162,On or near The Peacocks,E01033255,Warwick 011H,Investigation complete; no suspect identified
618927e101951bdadcd07d65925dbc145a5fdf843e027d8201792ba80989bc57,2023-02,Warwickshire Police,Warwickshire Police,-1.464523,52.485180,On or near Conifer Close,E01031066,Nuneaton and Bedworth 013E,Unable to prosecute suspect
804b5f6cbc3ab56d0463126be23c70fb81b7c40c89d86abf6047c3f6a3580488,2023-02,Warwickshire Police,Warwickshire Police,-1.537246,52.294796,On or near Beauchamp Road,E01033253,Warwick 007H,Investigation complete; no suspect identified
f437fb2fd716f5be9fdbf10f713513c9f7a37bb1eb56b2009f4fafda5b6718bc,2023-02,Warwickshire Police,Warwickshire Police,-1.473022,52.484993,On or near Old Arden Close,E01031064,Nuneaton and Bedworth 013C,Unable to prosecute suspect
2b0d425c3f684cd40f2d7d5e2cacdd9d9eae6e17b01e05d81d4a95d8c19b3bff,2023-02,Warwickshire Police,Warwickshire Police,-1.534848,52.288601,On or near Euston Place,E01031271,Warwick 010A,Unable to prosecute suspect
0a326526a84c4468e1e02ec4734d7ddacbf81f7f8e772785ce13077ba96ac9b3,2023-02,Warwickshire Police,Warwickshire Police,-1.796662,52.239436,On or near Bearley Road,E01031187,Stratford-on-Avon 007A,Unable to prosecute suspect
4e248c60fdaa7d1934d8d2f3d60a8363b3bf9fed40277ee62f8322b809650841,2023-02,Warwickshire Police,Warwickshire Police,-1.445426,52.540003,On or near Bladon Close,E01031110,Nuneaton and Bedworth 001A,Unable to prosecute suspect
67cc5374647a9fb2704ad3c18c5af12adc873744353dd91ee6203058ab96adee,2023-02,Warwickshire Police,Warwickshire Police,-1.479882,52.517702,On or near Greenmoor Road,E01031059,Nuneaton and Bedworth 006C,Investigation complete; no suspect identified
728af49fb9d62237cf6af5715390852298a9f0af286b21ad1a469ba4b80e7c78,2023-02,Warwickshire Police,Warwickshire Police,-1.534244,52.573648,On or near Witherley Road,E01031013,North Warwickshire 003E,Unable to prosecute suspect
f22c2ff7742e805321bd021d78a7ed260ef159caa8ebb5094227e9b274933320,2023-02,Warwickshire Police,Warwickshire Police,-1.534244,52.573648,On or near Witherley Road,E01031013,North Warwickshire 003E,Unable to prosecute suspect
ed13edc1c8573bcebf93f855572ce40ee4539eeb6cdae5950ba80a3c26ce3b20,2023-02,Warwickshire Police,Warwickshire Police,-1.884968,52.244940,On or near Birmingham Road,E01031213,Stratford-on-Avon 001A,Investigation complete; no suspect identified
86528ab7d03376a90cb1669d2ce1f20a5562b05b1e578b203e1dd9cebe608f1d,2023-02,Warwickshire Police,Warwickshire Police,-1.237724,52.400084,On or near Lancut Hill,E01032891,Rugby 001F,Action to be taken by another organisation
94b9acc7027c15dc5da1ecac917ba5caf2a0e4bb84442ae41e7edd6085926c2a,2023-02,Warwickshire Police,Warwickshire Police,-1.515823,52.276186,On or near ,E01031334,Warwick 010D,Investigation complete; no suspect identified
fc49731195b1684df1d2368b98a6c192bd7b14f2a8ab5bb6e84d593874b61b5f,2023-02,Warwickshire Police,Warwickshire Police,-1.569081,52.256322,On or near ,E01031260,Warwick 014B,Unable to prosecute suspect
760a104f2a4d98927e629dad2f4486568ff5de6396f47fe0f4f90cb52d4598ee,2023-02,Warwickshire Police,Warwickshire Police,-1.715012,52.507902,On or near ,E01031019,North Warwickshire 006A,Unable to prosecute suspect
323128ce01f97484b3da28edc4b9164ee3364e1d7cf75e71947bfc61d53ec348,2023-02,Warwickshire Police,Warwickshire Police,-1.498768,52.275570,On or near Spring Lane,E01031302,Warwick 005F,Unable to prosecute suspect
1d0e4098c9571e8993efe9fa382fb6a681f99361de80fbe406563f09eea5c8f5,2023-02,Warwickshire Police,Warwickshire Police,-1.458467,52.231870,On or near Bird Walk,E01031199,Stratford-on-Avon 005C,Unable to prosecute suspect
6c16f1cdecf67de9c3cf253647c0d1eccaed62108c2876e8fd9b56c7fc71dc9d,2023-02,Warwickshire Police,Warwickshire Police,-1.627259,52.295024,On or near ,E01031268,Warwick 014D,Investigation complete; no suspect identified
fce1b2cdb52d55af2fc4a1c2b74fb0b2ab91ebad53897c687a5bd8f3b9a85132,2023-02,Warwickshire Police,Warwickshire Police,-1.486967,52.520502,On or near Clifton Road,E01031059,Nuneaton and Bedworth 006C,Unable to prosecute suspect
81e906ba74057e30805f7492a588e11552f23af9ff0e5056b8770058975a5620,2023-02,Warwickshire Police,Warwickshire Police,-1.262516,52.373792,On or near North Street,E01031173,Rugby 003C,Investigation complete; no suspect identified
1c37e05eb97147c65893c260cb9f5013730d6c98dd16e6bf2be95c6caabb8f91,2023-02,Warwickshire Police,Warwickshire Police,-1.471659,52.507849,On or near Gilfil Road,E01031116,Nuneaton and Bedworth 009B,Unable to prosecute suspect
c37e4405dd9c1c44cf9c171038f02b2167546bb9c8cd659513dc91d53085db03,2023-02,Warwickshire Police,Warwickshire Police,-1.471659,52.507849,On or near Gilfil Road,E01031116,Nuneaton and Bedworth 009B,Unable to prosecute suspect
cd63d38bc01fb0ca574ca2608a57119896bd7625b59c76ae2d12f9a74dcaabe9,2023-02,Warwickshire Police,Warwickshire Police,-1.466231,52.532619,On or near Brook Lane,E01031113,Nuneaton and Bedworth 001D,Investigation complete; no suspect identified
33bcb6256fc216285235b615f7b51025c071f47fefa2b7c9ea81e051f5179756,2023-02,Warwickshire Police,Warwickshire Police,-1.534848,52.288601,On or near Euston Place,E01031271,Warwick 010A,Unable to prosecute suspect
33b6e402f265a3929dbe82d09a7f543c2d71a5eebbf59151376d2a83176237e6,2023-02,Warwickshire Police,Warwickshire Police,-1.565955,52.338355,On or near Moseley Road,E01031307,Warwick 003E,Unable to prosecute suspect
4731399edd90542167defd9c2a9750013895143c2e36cfd574e3e42c35a2cd9f,2023-02,Warwickshire Police,Warwickshire Police,-1.565955,52.338355,On or near Moseley Road,E01031307,Warwick 003E,Unable to prosecute suspect
28886908b0ee6f734bcca2e7ec09572b868e34a3c8eba64b19b055738bcd7497,2023-02,Warwickshire Police,Warwickshire Police,-1.498332,52.471123,On or near Cashmore Road,E01031087,Nuneaton and Bedworth 016B,Unable to prosecute suspect
a2ac87a851b159b79e95298192dca8b93d01a8b7e91e602bb77b15ed44a70e44,2023-02,Warwickshire Police,Warwickshire Police,-1.548509,52.291756,On or near Gunnery Terrace,E01031290,Warwick 009A,Investigation complete; no suspect identified
0dded098ef9c5b25f1f14f71a2d96ab5d6e7d54ef563c18f1b1c2a7e77f8c561,2023-02,Warwickshire Police,Warwickshire Police,-1.526892,52.307368,On or near Cedar Close,E01031288,Warwick 007F,Unable to prosecute suspect
50b0f04e48c9bddff77a1cb320e2a4ec8e3e6d2623c3d1b9fda82f9a1a912197,2023-02,Warwickshire Police,Warwickshire Police,-1.717228,52.200695,On or near Hamlet Way,E01031231,Stratford-on-Avon 009D,Suspect charged
ae16331d767b37744e5dc8771d4d451b34c48828beaf5cd09d1ff343655cf6c1,2023-02,Warwickshire Police,Warwickshire Police,-1.473751,52.464625,On or near Bayton Road,E01031099,Nuneaton and Bedworth 015E,Investigation complete; no suspect identified
1ae3a5e1757b4a4ca4d1c543bb762ad70d63750ddc2e0108ffce6104e6963b77,2023-02,Warwickshire Police,Warwickshire Police,-1.715865,52.184994,On or near Hertford Road,E01031235,Stratford-on-Avon 011D,Investigation complete; no suspect identified
f8f378b9902ccf7c3a4c423d606e56eb3851112595018d4dc35ed1e4ab48d820,2023-02,Warwickshire Police,Warwickshire Police,-1.537246,52.294796,On or near Beauchamp Road,E01033253,Warwick 007H,Investigation complete; no suspect identified
af44569a65b82568ba089cc4625e14d1661295b031a4aae3c7b77b14c70b5c3f,2023-02,Warwickshire Police,Warwickshire Police,-1.643906,52.077382,On or near ,E01031245,Stratford-on-Avon 014C,Investigation complete; no suspect identified
97c02d93706866ca3c1a5bee26cc3c2ed02e29783cf781600130b5b3dfdbc120,2023-02,Warwickshire Police,Warwickshire Police,-1.207227,52.359023,On or near Myers Road,E01031162,Rugby 010B,Investigation complete; no suspect identified
22084d684baa195e6ecb4078f833b283f0732c991c15a8d405be69c6cce83e8d,2023-02,Warwickshire Police,Warwickshire Police,-1.207227,52.359023,On or near Myers Road,E01031162,Rugby 010B,Investigation complete; no suspect identified
7538234ec77abf6134ad62fc8731e881cd351cdf4a12366013fe50bb21cd043a,2023-02,Warwickshire Police,Warwickshire Police,-1.498397,52.521081,On or near ,E01031058,Nuneaton and Bedworth 006B,Investigation complete; no suspect identified
37a065e150d80dc29e59972fe2a2f066dbab3abb564415777ff87296c82b3bdc,2023-02,Warwickshire Police,Warwickshire Police,-1.717228,52.200695,On or near Hamlet Way,E01031231,Stratford-on-Avon 009D,Suspect charged
d33783fb78e0f849dc2e86c58fc8a6bc973b30aa7c3ea1eeda3960d18223bc4e,2023-02,Warwickshire Police,Warwickshire Police,-1.717228,52.200695,On or near Hamlet Way,E01031231,Stratford-on-Avon 009D,Unable to prosecute suspect
7cf64eadf92e4e87065b8507f2b1b085665c5d3142b5aad39543abdd10cc2efb,2023-02,Warwickshire Police,Warwickshire Police,-1.725687,52.207404,On or near Hedgehog Avenue,E01031230,Stratford-on-Avon 009C,Unable to prosecute suspect
9ab381a674fc9c556bfc78a4e26ef20d436a25a98dd684168901952826ff439e,2023-02,Warwickshire Police,Warwickshire Police,-1.498397,52.521081,On or near ,E01031058,Nuneaton and Bedworth 006B,Investigation complete; no suspect identified
96384299f230b3619401a5cd3e92b774d8a0f6b7ff249c7ca4e78e96e7fe9d46,2023-02,Warwickshire Police,Warwickshire Police,-1.526140,52.274739,On or near Southway,E01031264,Warwick 013D,Investigation complete; no suspect identified
2e2ea98369945b570f2398009ffce8db490f8520f070ea9e8f73396ab95b1d33,2023-02,Warwickshire Police,Warwickshire Police,-1.526140,52.274739,On or near Southway,E01031264,Warwick 013D,Investigation complete; no suspect identified
582b89adc20d7d6992221de01abf515fc0e9b29389f24968189f4eec4a56f7e0,2023-02,Warwickshire Police,Warwickshire Police,-1.822126,52.207121,On or near ,E01031187,Stratford-on-Avon 007A,Unable to prosecute suspect
0a844e96dd39d3b245ce86eaa1b59b0c841bb92606d708b3e4b188a6e709c08b,2023-02,Warwickshire Police,Warwickshire Police,-1.511935,52.532267,On or near Almond Avenue,E01032890,Nuneaton and Bedworth 002F,Unable to prosecute suspect
e5cdd5f17fb770083d49c636def833029747da7b28273654ef80ceda9dc462e5,2023-02,Warwickshire Police,Warwickshire Police,-1.855025,52.170179,On or near The Poplars,E01031190,Stratford-on-Avon 012B,Unable to prosecute suspect
66c8263dcd68d4790569d2cceecc204d65cd4432860c0b734bd763e26a3cc84c,2023-02,Warwickshire Police,Warwickshire Police,-1.426422,52.347218,On or near ,E01031150,Rugby 012D,Unable to prosecute suspect
ddb8f0060ed40e552ea974604a4a086e4e62534775accbaa36dbcba70a577398,2023-02,Warwickshire Police,Warwickshire Police,-1.462611,52.475336,On or near Drayton Road,E01031097,Nuneaton and Bedworth 015C,Unable to prosecute suspect
0ed6ab9299168638b5741eda3e9a62abbd5a6f6a298da7c0b2846daf6d07a124,2023-02,Warwickshire Police,Warwickshire Police,-1.772648,52.290448,On or near Castle Road,E01031203,Stratford-on-Avon 002C,Unable to prosecute suspect
bfa8c917db1f8cd944f9bd3c3e4b9005ecd4d065db0d794663041c5aaf1cce8a,2023-02,Warwickshire Police,Warwickshire Police,-1.508133,52.514982,On or near Seeswood Close,E01031050,Nuneaton and Bedworth 008C,Unable to prosecute suspect
72215a1109532365e4a8c204c55bf4bada7ebc291a61edc4bd6e1c2b113f988d,2023-02,Warwickshire Police,Warwickshire Police,-1.776460,52.135731,On or near Hopkins Field,E01031212,Stratford-on-Avon 014B,Investigation complete; no suspect identified
8b160cf124b09d9706a7e828ae7a8d25adec6da838d0e5b1b999dc401835824c,2023-02,Warwickshire Police,Warwickshire Police,-1.528111,52.268625,On or near Lammas Croft,E01031327,Warwick 015A,Investigation complete; no suspect identified
55dd602132b1309289c54b1836c92c183cae8e34aa1513059afd287f0e827ad9,2023-02,Warwickshire Police,Warwickshire Police,-1.246484,52.394054,On or near Keswick Drive,E01031142,Rugby 002F,Unable to prosecute suspect
98f6edd4c23c979fc114876eb4fc2d57719f8971e07bff2626a6b0aae55864a6,2023-02,Warwickshire Police,Warwickshire Police,-1.710491,52.192569,On or near ,E01031234,Stratford-on-Avon 011C,Unable to prosecute suspect
d90a99ba9bab8bf7440a309c47c35ea3ae142b885b5c83dc94e0ae4a434b38b4,2023-02,Warwickshire Police,Warwickshire Police,-1.563606,52.347417,On or near Beech Drive,E01031298,Warwick 002C,Investigation complete; no suspect identified
764a4787766b8384dcf1fdadc59548d6783b94e7f98df79e934814552d7ec345,2023-02,Warwickshire Police,Warwickshire Police,-1.302073,52.375705,On or near Bilton Lane,E01031164,Rugby 007D,Unable to prosecute suspect
77805ade1da019c820dba1a4636ccd86d08aa55702a563e55f0e2068589efddd,2023-02,Warwickshire Police,Warwickshire Police,-1.567803,52.288789,On or near Vicarage Fields,E01031309,Warwick 008A,Investigation complete; no suspect identified
87e94175b9538f67f698a3970312c87bbd46e99ecb61c8a4e0258d0a4acbde62,2023-02,Warwickshire Police,Warwickshire Police,-1.263133,52.373163,On or near ,E01031173,Rugby 003C,Investigation complete; no suspect identified
795c6aac161f82d4815072245846519960bcbf8b09213f75dffb35d12b9a69c9,2023-02,Warwickshire Police,Warwickshire Police,-1.263133,52.373163,On or near ,E01031173,Rugby 003C,Investigation complete; no suspect identified
10c8bbc6261c1e779cd8c36fb41a6216261b3ac810cb60f651a8aedf96abf521,2023-02,Warwickshire Police,Warwickshire Police,-1.263133,52.373163,On or near ,E01031173,Rugby 003C,Investigation complete; no suspect identified
3b7350ab2851fa73780b9f75a0c68b49a24ed552ae777757acc840eb82986bf7,2023-02,Warwickshire Police,Warwickshire Police,-1.254447,52.370595,On or near Whitehall Road,E01031144,Rugby 009B,Investigation complete; no suspect identified
38510a370e14ed4f6b63ca65ee46ed459e536ecd18dd2462c41322cd64172531,2023-02,Warwickshire Police,Warwickshire Police,-1.738370,52.479611,On or near Chelmsley Circle,E01010125,Solihull 006A,Unable to prosecute suspect
edc8f8a74c3df584039c3b415755fe52c3cc15ab234ff9cc7377fffc07c58309,2023-02,Warwickshire Police,Warwickshire Police,-1.554237,52.579541,On or near Old Watling Street,E01031010,North Warwickshire 003B,Unable to prosecute suspect
f4efc7086a9d992319a2d548d1eea9879301fef2183902a9b108dbf37f866bf5,2023-02,Warwickshire Police,Warwickshire Police,-1.522324,52.291662,On or near Fernhill Drive,E01031271,Warwick 010A,Local resolution
009407650e486a7f4ba28a7b43411ba80df4e5d6669c067daec8b452b267e0c8,2023-02,Warwickshire Police,Warwickshire Police,-1.528111,52.268625,On or near Lammas Croft,E01031327,Warwick 015A,Investigation complete; no suspect identified
38b28f7d5415403d93385cb76da7149a3ce1450abc6ad706a9ec400a1647cf26,2023-02,Warwickshire Police,Warwickshire Police,-1.477936,52.467961,On or near Tregullan Road,E01031098,Nuneaton and Bedworth 015D,Unable to prosecute suspect
f2d5c6540cc8efbe5cdba157cb1e48f8d260c0301964cffd916daeb0f51b29f7,2023-02,Warwickshire Police,Warwickshire Police,-1.369028,52.391220,On or near Queens Road,E01031154,Rugby 004D,Unable to prosecute suspect
85bc48053c4827381dfc6a0916e7d299af102b6d61e3289955e986f45b208fa2,2023-02,Warwickshire Police,Warwickshire Police,,,No location,,,Investigation complete; no suspect identified
077e719bccdcf331bdb4b3722fa3c1b45f09d9d35d69fb41dd5bb3e2c0c7d07e,2023-02,Warwickshire Police,Warwickshire Police,-1.256663,52.377702,On or near Alexandra Road,E01031174,Rugby 003D,Unable to prosecute suspect
44befeb8dc559f317ba97f73b54ff700f89f00dbe819e0c9e09be783c4cb3705,2023-02,Warwickshire Police,Warwickshire Police,-1.508133,52.514982,On or near Seeswood Close,E01031050,Nuneaton and Bedworth 008C,Unable to prosecute suspect
c2ea2df21852ea4783ad44e6b15b4924fc7739a380d1eeba098f5e932845f365,2023-02,Warwickshire Police,Warwickshire Police,-1.473596,52.481355,On or near ,E01031064,Nuneaton and Bedworth 013C,Investigation complete; no suspect identified
7f62aada54e9ecc652270fd0a72fb6bc5b2f21f0c66d45f47ccbf6fe00bf3225,2023-02,Warwickshire Police,Warwickshire Police,-1.470550,52.511835,On or near College Street,E01031116,Nuneaton and Bedworth 009B,Unable to prosecute suspect
6ee55866777aa5a28c4eecba289955853265e448b337cb663ab08a2a555e8676,2023-02,Warwickshire Police,Warwickshire Police,-1.518018,52.277700,On or near Craig Close,E01031334,Warwick 010D,Unable to prosecute suspect
67ab6f6d7188087f1617d215a13493b99b32f1f84fa1533fbd6bae9fac6615a8,2023-02,Warwickshire Police,Warwickshire Police,-1.873321,52.178867,On or near Millers Bank,E01031191,Stratford-on-Avon 012C,Investigation complete; no suspect identified
eff93714fa3643bf3b7b0d75f52acf5eefa04b6065fad750391435bb946b91a8,2023-02,Warwickshire Police,Warwickshire Police,-1.872044,52.214908,On or near ,E01031184,Stratford-on-Avon 006B,Investigation complete; no suspect identified
7ada8cc09ac98d4c4431506e106d19330f62655eb20eabe9ba1c3df2982eaacd,2023-02,Warwickshire Police,Warwickshire Police,-1.395398,52.225819,On or near Church Road,E01031197,Stratford-on-Avon 005A,Investigation complete; no suspect identified
339380e504dd3362c59fea9f158bb2737a62fce173004e19078c7fa603ddd519,2023-02,Warwickshire Police,Warwickshire Police,-1.464510,52.525041,On or near ,E01031043,Nuneaton and Bedworth 005A,Investigation complete; no suspect identified
58d17d71c7da780655f67b7166cb3cf1dfdae4cfe5513ed79bad73d5142cf8ea,2023-02,Warwickshire Police,Warwickshire Police,-1.263133,52.373163,On or near ,E01031173,Rugby 003C,Investigation complete; no suspect identified
4e1195bebf96862ba2727951da75b58b2514cf0d2c0db7b75f5b963674979208,2023-02,Warwickshire Police,Warwickshire Police,-1.549267,52.292181,On or near Rugby Road,E01031290,Warwick 009A,Investigation complete; no suspect identified
5378c3594d2ee722bfbb71cba0da83deeafa55cef2876682f9e053bd7b5e2565,2023-02,Warwickshire Police,Warwickshire Police,-1.482827,52.482672,On or near Lovell Road,E01031105,Nuneaton and Bedworth 012A,Unable to prosecute suspect
7fb69ed3efb8b7bd3c56da4765f40b4795cfc09b7765dc6554f0f4029b468816,2023-02,Warwickshire Police,Warwickshire Police,-1.466580,52.526947,On or near ,E01031043,Nuneaton and Bedworth 005A,Unable to prosecute suspect
1dc876625a660631a10a49386c585feccdde5f2c025fed75646edb9b521ae23e,2023-02,Warwickshire Police,Warwickshire Police,-1.465000,52.474978,On or near Pebblebrook Way,E01031097,Nuneaton and Bedworth 015C,Unable to prosecute suspect
736103a62924f1034b70e77f84efc5a1a69fdd36bc97fdfc0f5e0b6ca230b8de,2023-02,Warwickshire Police,Warwickshire Police,-1.466580,52.526947,On or near ,E01031043,Nuneaton and Bedworth 005A,Unable to prosecute suspect
efe8f94d1e49d45d5e09ccfd3b2fb37c97dbf935501adf87e82da78c7fabd737,2023-02,Warwickshire Police,Warwickshire Police,-1.256663,52.377702,On or near Alexandra Road,E01031174,Rugby 003D,Unable to prosecute suspect
1f48d144ef28a1de14505dbe3cdd5fcd898469d587ea165c1ce44bd3dc7f7ac2,2023-02,Warwickshire Police,Warwickshire Police,-1.732679,52.200731,On or near Trevelyan Crescent,E01031236,Stratford-on-Avon 009E,Suspect charged
1f48d144ef28a1de14505dbe3cdd5fcd898469d587ea165c1ce44bd3dc7f7ac2,2023-02,Warwickshire Police,Warwickshire Police,-1.732679,52.200731,On or near Trevelyan Crescent,E01031236,Stratford-on-Avon 009E,Suspect charged
d3f4504e9774654fed3768caba3f968bf377321a7b96b25fda0ced99666ce2d2,2023-02,Warwickshire Police,Warwickshire Police,-1.503438,52.531441,On or near Beechwood Road,E01032890,Nuneaton and Bedworth 002F,Unable to prosecute suspect
ca30b9defa0992122cad4a26c76b510478f78699cb5e7be3d4e9d8face991f4a,2023-02,Warwickshire Police,Warwickshire Police,-1.466041,52.487515,On or near Marston Lane,E01031065,Nuneaton and Bedworth 013D,Unable to prosecute suspect
ca9fa4f7b0396476a8a45e58be82702287332829540c7c4ccaa3d28e6c05fc00,2023-02,Warwickshire Police,Warwickshire Police,-1.531686,52.282538,On or near West Street,E01031266,Warwick 013F,Investigation complete; no suspect identified
47ad2ace65091425a495fccfc809ea99792733eb7a8fc74dd9bc9281a0700586,2023-02,Warwickshire Police,Warwickshire Police,-1.272407,52.374384,On or near Rowland Street,E01031169,Rugby 006C,Suspect charged
899276eb347359029f06b0e75e77588c759b83b8e144165e503c5829052c0837,2023-02,Warwickshire Police,Warwickshire Police,-1.570314,52.655879,On or near Fairfax Rise,E01031036,North Warwickshire 001B,Unable to prosecute suspect
c777af10630329873ed7fb434605c74519a1aed52aa3b8522723e9d336d320b0,2023-02,Warwickshire Police,Warwickshire Police,-1.473631,52.519113,On or near Prince's Avenue,E01031119,Nuneaton and Bedworth 009E,Suspect charged
7371320e9fc40032e83041770a086fb8e1e01c6623b0bf9666ed3b1e94785d58,2023-02,Warwickshire Police,Warwickshire Police,-1.463664,52.543746,On or near Duckpond Lane,E01031113,Nuneaton and Bedworth 001D,Unable to prosecute suspect
6ac4b1151cbd3a36a4de7f9a2dff13f6b8f9f5513e72a1f19886f8fe6aaa53dd,2023-02,Warwickshire Police,Warwickshire Police,-1.608576,52.268613,On or near Alder Meadow,E01033254,Warwick 011G,Investigation complete; no suspect identified
2f19cf125fd97d414fc8ed340dc63faa4125b652f6c183f6d43e9e42edfc8403,2023-02,Warwickshire Police,Warwickshire Police,-1.468789,52.521033,On or near ,E01031046,Nuneaton and Bedworth 005D,Unable to prosecute suspect
9d4984bd46cee5cefdf6e54d6f9489d390b5466bf833baf0b0921496c1648833,2023-02,Warwickshire Police,Warwickshire Police,-1.468789,52.521033,On or near ,E01031046,Nuneaton and Bedworth 005D,Unable to prosecute suspect
451cac3fb0d7ee9f6bea82197e037ddd956b1ba410c1e979164e75cc6bcdc7da,2023-02,Warwickshire Police,Warwickshire Police,-1.570314,52.655879,On or near Fairfax Rise,E01031036,North Warwickshire 001B,Unable to prosecute suspect
62281bf20c6491a2f63903367aba37ae1069adcc952fb4cf19ba6b4d4be8546d,2023-02,Warwickshire Police,Warwickshire Police,-1.531295,52.569321,On or near Cadman Close,E01031015,North Warwickshire 003G,Investigation complete; no suspect identified
ebb98c081291d2070d68978ec81e4d8ad284c77e4f93e3f707c63311885ec85c,2023-02,Warwickshire Police,Warwickshire Police,-1.587071,52.628367,On or near Church Road,E01031035,North Warwickshire 001A,Unable to prosecute suspect
ab08bf492f08fb814517ee4c1910824e9687abfb5dddf0f609ff941ff258218f,2023-02,Warwickshire Police,Warwickshire Police,-1.575684,52.332447,On or near Sunshine Close,E01031305,Warwick 003C,Investigation complete; no suspect identified
7776375a5d84b6af42ffa10d1d0d1eafc7837b77ab7a3a335c32dd38c63eec56,2023-02,Warwickshire Police,Warwickshire Police,-1.643906,52.077382,On or near ,E01031245,Stratford-on-Avon 014C,Investigation complete; no suspect identified
578d80ecf119cea41392f8d1cf1ac0f9d25465bcd4c65e0a510cb41b073a83d0,2023-02,Warwickshire Police,Warwickshire Police,-1.698105,52.189742,On or near ,E01031225,Stratford-on-Avon 010A,Investigation complete; no suspect identified
a799096e8005219ab1357f35860a31114e28b89110c1a214deb3cf4151466052,2023-02,Warwickshire Police,Warwickshire Police,-1.469399,52.522987,On or near Stratford Street,E01031043,Nuneaton and Bedworth 005A,Investigation complete; no suspect identified
5d6c6672079e818bbcb0b2dbac40720b8d919b0c242de8dbf78cd65b11175766,2023-02,Warwickshire Police,Warwickshire Police,-1.731444,52.196736,On or near Sidelands Road,E01031237,Stratford-on-Avon 011E,Investigation complete; no suspect identified
9e82396bf22a2ac5fcf3f8d3816682e39d0815a7cb22d2012d61c5caede50057,2023-02,Warwickshire Police,Warwickshire Police,-1.665179,52.136870,On or near Sutcliffe Avenue,E01031196,Stratford-on-Avon 014A,Investigation complete; no suspect identified
cfde399008eb498f78f9af8735a1b9e6055f905fffdd13ec1aa67fdce77e4d58,2023-02,Warwickshire Police,Warwickshire Police,-1.266685,52.373099,On or near Schoolfield Grove,E01031173,Rugby 003C,Investigation complete; no suspect identified
1fb73082fa2c270b2d35b8ed09475c3971e755466cd90891fe43258f643d8a44,2023-02,Warwickshire Police,Warwickshire Police,-1.245982,52.368258,On or near Slade Road,E01031157,Rugby 008C,Investigation complete; no suspect identified
98cd715323877fb97a3076bb50181be9f50521eda21cc1faa07f8e787929d853,2023-02,Warwickshire Police,Warwickshire Police,-1.459585,52.478352,On or near East Avenue,E01031095,Nuneaton and Bedworth 015A,Investigation complete; no suspect identified
806c1b510f5ee0ee3a309659d7e80560e836f9a6b1d5a78e1d41017aee2bbd9c,2023-02,Warwickshire Police,Warwickshire Police,-1.443200,52.165961,On or near Falkland Place,E01031194,Stratford-on-Avon 013A,Unable to prosecute suspect
89171370d2bb9afe2c0033b82c5e0984be8f72332a7e033ca4f9f57d04a5c5b0,2023-02,Warwickshire Police,Warwickshire Police,-1.717612,52.201926,On or near ,E01031231,Stratford-on-Avon 009D,Investigation complete; no suspect identified
62b878351b657c4eb9ebc5c5c13c413d336e7ceccb97ed8ec507c0da25e67018,2023-02,Warwickshire Police,Warwickshire Police,-1.522085,52.266191,On or near Markham Drive,E01031331,Warwick 015E,Unable to prosecute suspect
db581e5bee25c0d893e8b2f3a1a283a2b8869429c7078c48957b9ddeb21fcb23,2023-02,Warwickshire Police,Warwickshire Police,-1.538222,52.292606,On or near Russell Street,E01033256,Warwick 007I,Investigation complete; no suspect identified
39b5bb2b6d2822fdc9da91b0ffc1033d91217b4daf41556c6a1f1b8f51f6ea97,2023-02,Warwickshire Police,Warwickshire Police,-1.603864,52.271168,On or near Whitman Way,E01033255,Warwick 011H,Unable to prosecute suspect
f182034a9e6a9269e04e98931a0be3b1897989e08e726c8295992dbb291b4ebc,2023-02,Warwickshire Police,Warwickshire Police,-1.538222,52.292606,On or near Russell Street,E01033256,Warwick 007I,Unable to prosecute suspect
af39b32ca213a59fa3a39b0ecf8c816839f5adb15ccc85d20efc3972440472b3,2023-02,Warwickshire Police,Warwickshire Police,-1.542377,52.574785,On or near South Street,E01031013,North Warwickshire 003E,Offender given a caution
adc0289bfefe18126a7a1bc64bda5f2a970f61aac02ec7bbc84e27e4e3f8a13e,2023-02,Warwickshire Police,Warwickshire Police,-1.484451,52.198209,On or near Birdhaven Close,E01031207,Stratford-on-Avon 013D,Unable to prosecute suspect
e806d6c68198141aca49221337f813cfe1e84b5a462a2481ceb078a2aed51b07,2023-02,Warwickshire Police,Warwickshire Police,-1.562902,52.650557,On or near Orton Lane,E01031036,North Warwickshire 001B,Investigation complete; no suspect identified
3120f56c3697ba1af279385723fba624f19eee337838188ce322b482995f9b90,2023-02,Warwickshire Police,Warwickshire Police,-1.611000,52.613948,On or near Sunset Close,E01031037,North Warwickshire 001C,Unable to prosecute suspect
9abe6597270e389007f9b4ec0f9424244cbc921444c88c127a10e9709cfe4691,2023-02,Warwickshire Police,Warwickshire Police,-1.611000,52.613948,On or near Sunset Close,E01031037,North Warwickshire 001C,Unable to prosecute suspect
2572b275014aa6adfac1df53a158a55c7e41de246c080a768995d1d962e940c8,2023-02,Warwickshire Police,Warwickshire Police,-1.663676,52.514285,On or near The Green,E01031028,North Warwickshire 007D,Unable to prosecute suspect
afdce0391701c56d9062f20b01e1f7778b641c84bf3f562b3249286722c551de,2023-02,Warwickshire Police,Warwickshire Police,-1.542377,52.574785,On or near South Street,E01031013,North Warwickshire 003E,Unable to prosecute suspect
177927e26d543cb2742fbac38413694aa49a690a03480fb6cff3814cf55fd760,2023-02,Warwickshire Police,Warwickshire Police,-1.475550,52.511043,On or near ,E01031049,Nuneaton and Bedworth 008B,Suspect charged
93bf21a8dfe3dae6e97383a1a5163c278c2ce34e5a1228b0b8fdb8e59b70647a,2023-02,Warwickshire Police,Warwickshire Police,-1.560709,52.288628,On or near Grange Close,E01031320,Warwick 012F,Unable to prosecute suspect
65b513a4e3c6d5f552cf73f7d298d3746873e3203b291af7b2d4ca983c44c913,2023-02,Warwickshire Police,Warwickshire Police,-1.560709,52.288628,On or near Grange Close,E01031320,Warwick 012F,Unable to prosecute suspect
8fc0dee829dcc942102210d426cd636065c3ee41070499f414e8573f0aa6e5ae,2023-02,Warwickshire Police,Warwickshire Police,-1.265271,52.368901,On or near East Union Street,E01031145,Rugby 009C,Unable to prosecute suspect
4cfa702557c9c1091b5da2cf793813bc0942f7c096dc3e84bb4ea0936c809400,2023-02,Warwickshire Police,Warwickshire Police,-1.866050,52.218758,On or near Grove Place,E01031186,Stratford-on-Avon 006D,Unable to prosecute suspect
42a4b874ab69399e358984fb244a7a335ff283d51f7ce72c74e0adc9d63e1aa5,2023-02,Warwickshire Police,Warwickshire Police,-1.707593,52.195017,On or near St James Mews,E01031229,Stratford-on-Avon 009B,Unable to prosecute suspect
25b0aed9546c9471f00fc70a89f134c610899e49fd105ae27412de2d5c3a2093,2023-02,Warwickshire Police,Warwickshire Police,-1.533187,52.281986,On or near Frances Havergal Close,E01031266,Warwick 013F,Unable to prosecute suspect
75ed90452ddef5d286f17d236ed32b69e4ab96f1669a0f87416f6ffd175c4e3e,2023-02,Warwickshire Police,Warwickshire Police,-1.483610,52.518986,On or near Howard Road,E01031059,Nuneaton and Bedworth 006C,Investigation complete; no suspect identified
57b04acc03910e3a06668db79c74ca709b53298292e9f1113c08cc8fc9bada7a,2023-02,Warwickshire Police,Warwickshire Police,-1.456300,52.529849,On or near Regency Close,E01031114,Nuneaton and Bedworth 001E,Investigation complete; no suspect identified
7efa65f919fe25b8bebd996c936f6e8f9bc335b3815948f11ecedea41449fc1b,2023-02,Warwickshire Police,Warwickshire Police,-1.532366,52.280572,On or near Charlotte Street,E01031266,Warwick 013F,Unable to prosecute suspect
cfff02ccf6c1bbae543ab9cc9ff8c4c223533dd20eca2b5501c67de980d5015f,2023-02,Warwickshire Police,Warwickshire Police,-1.564980,52.349490,On or near Villiers Road,E01031298,Warwick 002C,Suspect charged
10fb897143cd6530a1f4c5c1fe9f0fd264cb4f3653e17bbf050d60f1792bb1d3,2023-02,Warwickshire Police,Warwickshire Police,-1.286029,52.391360,On or near Manor House Close,E01031172,Rugby 003B,Unable to prosecute suspect
43ab666a1792bd4af719936f1a24d12c3b53e82bbcd9ac0d6fa8c5a7b763eb59,2023-02,Warwickshire Police,Warwickshire Police,-1.631378,52.635453,On or near ,E01031035,North Warwickshire 001A,Investigation complete; no suspect identified
ce78e404a1a57d300d1388286544baa2fc7fb02b72efde6891d8ed313d2f0b07,2023-02,Warwickshire Police,Warwickshire Police,-1.466041,52.487515,On or near Marston Lane,E01031065,Nuneaton and Bedworth 013D,Unable to prosecute suspect
c5ee2f7c6766d4f6add9cb404490bbd52656b693fbe7c0e3159bce73d1e54102,2023-02,Warwickshire Police,Warwickshire Police,-1.546715,52.471827,On or near ,E01031027,North Warwickshire 007C,Investigation complete; no suspect identified
518a1be13159c0b22a54119197b0356a652905e76f6c550d2cae805068830521,2023-02,Warwickshire Police,Warwickshire Police,-1.545883,52.576822,On or near ,E01031010,North Warwickshire 003B,Unable to prosecute suspect
36c59ea90ab4d7791b737065aebc788bd9b805c1d2a1996bbec32584a970ea8b,2023-02,Warwickshire Police,Warwickshire Police,-1.475550,52.511043,On or near ,E01031049,Nuneaton and Bedworth 008B,Investigation complete; no suspect identified
7723056950d304c235af092a511e04d699e1d6554fc953a424dc7e1251af02e5,2023-02,Warwickshire Police,Warwickshire Police,-1.558634,52.588431,On or near Whittington Lane,E01031017,North Warwickshire 005C,Investigation complete; no suspect identified
193edc159e326ee09aef68495f6bc3c62a311c8af35a6b97e36a9d8753e5696a,2023-02,Warwickshire Police,Warwickshire Police,-1.476591,52.529213,On or near Jodrell Street,E01031044,Nuneaton and Bedworth 005B,Unable to prosecute suspect
a7006c11e0a5e9f2877400bd6defdf4ed76d90eec593778c823df54cbe04d5b1,2023-02,Warwickshire Police,Warwickshire Police,-1.470825,52.524503,On or near Powell Way,E01031043,Nuneaton and Bedworth 005A,Investigation complete; no suspect identified
37302210a5d2cf94f10e4ee2836bbd89d0e3593eb05f7135f3c2328940d954f1,2023-02,Warwickshire Police,Warwickshire Police,-1.256663,52.377702,On or near Alexandra Road,E01031174,Rugby 003D,Unable to prosecute suspect
0480fdeae856e2ea073427d9f572583b9d1af47207acac550b0c87a6aac44211,2023-02,Warwickshire Police,Warwickshire Police,-1.401276,52.125038,On or near Court Close,E01031194,Stratford-on-Avon 013A,Investigation complete; no suspect identified
86f1e61c0895531beddd5d35b3bb712a97a1ffc279c908a855ab0c84e75047ad,2023-02,Warwickshire Police,Warwickshire Police,-1.427393,52.507148,On or near Moorcroft Close,E01031123,Nuneaton and Bedworth 011D,Unable to prosecute suspect
9cadf0c60cc518e9d2a75a0de82422e26ec10670f93a677bf0330910999b6db7,2023-02,Warwickshire Police,Warwickshire Police,-1.706243,52.497147,On or near Sumner Road,E01031021,North Warwickshire 006C,Unable to prosecute suspect
2ac69d036434b83d4dbdb71c056f762e91d5d7f2aeb9f1777813cfebf312d505,2023-02,Warwickshire Police,Warwickshire Police,-1.521805,52.304435,On or near The Holt,E01031289,Warwick 007G,Unable to prosecute suspect
e2b507140590a392c87a12fcd7e89bcaaf64219148a7f23d34a6d6c1ba0dd71f,2023-02,Warwickshire Police,Warwickshire Police,-1.669747,52.490677,On or near Coleshill Road,E01031028,North Warwickshire 007D,Investigation complete; no suspect identified
7b3018ee247adbca5d1b87b15fcb4f69f57278dcc772edaf9a9c2a582a9601f3,2023-02,Warwickshire Police,Warwickshire Police,-1.710491,52.192569,On or near ,E01031234,Stratford-on-Avon 011C,Unable to prosecute suspect
bb3445bdf5cd2a2648597a4a352607903d01205eab85d39afb484c9eb59e17db,2023-02,Warwickshire Police,Warwickshire Police,-1.710491,52.192569,On or near ,E01031234,Stratford-on-Avon 011C,Unable to prosecute suspect
01f220e3a4a80388c9a77749d4a5eb7fe1762d2cceead5d6da38813bee3cb631,2023-02,Warwickshire Police,Warwickshire Police,-1.445914,52.531734,On or near Windermere Avenue,E01031104,Nuneaton and Bedworth 003E,Unable to prosecute suspect
973da9ac132537da083a153851b29d1e326ed148dde2b04880d76e41da024bde,2023-02,Warwickshire Police,Warwickshire Police,-1.511539,52.525424,On or near Arklet Close,E01031081,Nuneaton and Bedworth 004A,Unable to prosecute suspect
0c7e6f5abc5d8daee30196671d79d62051e86f659aed256a53fc0de1a6fecbe5,2023-02,Warwickshire Police,Warwickshire Police,-1.704263,52.192233,On or near ,E01031234,Stratford-on-Avon 011C,Unable to prosecute suspect
0a5d7fe449187b97d35fd269f3f87237cc42cb5604ddf134e2dfb838ac4ea598,2023-02,Warwickshire Police,Warwickshire Police,-1.271890,52.351294,On or near Ruskin Close,E01031143,Rugby 009A,Investigation complete; no suspect identified
abb679c91fac5675004a5b9fe9ed50cef3425d2ca6902d7fd941c47340fd9372,2023-02,Warwickshire Police,Warwickshire Police,-1.732679,52.200731,On or near Trevelyan Crescent,E01031236,Stratford-on-Avon 009E,Investigation complete; no suspect identified
1a7e165b8a758caee14290b82d40f5cc3817d91a375886c7c8eb7db5bf83f16a,2023-02,Warwickshire Police,Warwickshire Police,-1.253139,52.388064,On or near Oulton Road,E01031141,Rugby 002E,Investigation complete; no suspect identified
fbc48edfa133223c78a3902a92672e84b3ce86470620fcbe85a943c00b4a4998,2023-02,Warwickshire Police,Warwickshire Police,-1.440927,52.523907,On or near Redruth Close,E01031101,Nuneaton and Bedworth 003B,Unable to prosecute suspect
9398555246513f7553e9329853941a32b7cb65c0ea5c7be54926b18f64663948,2023-02,Warwickshire Police,Warwickshire Police,-1.383191,52.279537,On or near The Locks,E01031211,Stratford-on-Avon 005G,Unable to prosecute suspect
bac7b8c502f0e5d2ad47706f161a07df995e51307d75509d0e4b472343c046d4,2023-02,Warwickshire Police,Warwickshire Police,-1.761994,52.116949,On or near MacBeth Road,E01031212,Stratford-on-Avon 014B,Unable to prosecute suspect
23ee64b1db9a00da86a702765fe40a4cde2541bcef63bf5ad9dc49732998c42a,2023-02,Warwickshire Police,Warwickshire Police,-1.713785,52.199149,On or near Maybrook Road,E01031231,Stratford-on-Avon 009D,Unable to prosecute suspect
eaaaa35c18ae9a0d8685f7e7dddfe69735c5f270f8a480ad726b4009516f1c12,2023-02,Warwickshire Police,Warwickshire Police,-1.851724,52.248400,On or near Spernal Lane,E01031213,Stratford-on-Avon 001A,Unable to prosecute suspect
c4105b43b9d840576d5ba0e4cb665ae70d43445c5916a1636bef235c1dcc9716,2023-02,Warwickshire Police,Warwickshire Police,-1.545527,52.577000,On or near Long Street,E01031010,North Warwickshire 003B,Unable to prosecute suspect
79d12fa236817e5fac76d7e5be3c65db434df59904b28f2a2362340425bfe753,2023-02,Warwickshire Police,Warwickshire Police,-1.505978,52.531225,On or near ,E01032890,Nuneaton and Bedworth 002F,Unable to prosecute suspect
ca9a9aa60554bfe765fe0d468ca7bf6df54badbf36b8cc5321d294f9045bcc1a,2023-02,Warwickshire Police,Warwickshire Police,-1.390623,52.228195,On or near Southam Road,E01031197,Stratford-on-Avon 005A,Investigation complete; no suspect identified
e1f621e3ea70ba65c802d2090c32da5c6aa374153437cb1004b200d4c5ee1675,2023-02,Warwickshire Police,Warwickshire Police,,,No location,,,Unable to prosecute suspect
c7ce61cd8a17b3557689e6b701258a1d2d6d51215b612c15d78a180c5c9c1b4a,2023-02,Warwickshire Police,Warwickshire Police,-1.460358,52.476584,On or near Poplar Avenue,E01031097,Nuneaton and Bedworth 015C,Unable to prosecute suspect
d81324ee7a447b0b542dba82968b9be696928aa6d3f893b4c21af6dd6b062755,2023-02,Warwickshire Police,Warwickshire Police,-1.280082,52.367616,On or near Stowe Drive,E01031168,Rugby 006B,Unable to prosecute suspect
e6f87589dd77cf36f14aab410a0a48a2613490bda9410d75abd91f464b62c489,2023-02,Warwickshire Police,Warwickshire Police,-1.508108,52.280545,On or near Stidfall Grove,E01031334,Warwick 010D,Unable to prosecute suspect
f5e96de42143b5656c0f71fdab882f810d805c1a9f776fb4fe019bf857cbc278,2023-02,Warwickshire Police,Warwickshire Police,-1.496484,52.515670,On or near Belle Vue,E01031061,Nuneaton and Bedworth 006E,Unable to prosecute suspect
48f1ede0ae7cdfbcea905c84defe9bea36357fa2c9454b0727222d4d95eec13f,2023-02,Warwickshire Police,Warwickshire Police,-1.460358,52.476584,On or near Poplar Avenue,E01031097,Nuneaton and Bedworth 015C,Unable to prosecute suspect
2d77fecfb43d2025a9d8731b57f0668aa20fb5cd360aff6e40caacf776ec2b7a,2023-02,Warwickshire Police,Warwickshire Police,-1.280082,52.367616,On or near Stowe Drive,E01031168,Rugby 006B,Unable to prosecute suspect
8fa7be0915cc01e858afce390217afa188f54830914801153f85def3166b2be1,2023-02,Warwickshire Police,Warwickshire Police,-1.465121,52.536677,On or near Lionel Close,E01031113,Nuneaton and Bedworth 001D,Unable to prosecute suspect
1cd8e9f6371adece6a1206608842c31a8e9b7146c0697f755add39ca5d8ce216,2023-02,Warwickshire Police,Warwickshire Police,-1.627259,52.295024,On or near ,E01031268,Warwick 014D,Investigation complete; no suspect identified
7ef9090a91fa1dd25681755afb6ded6fc705c0755f2fa83da8c8dc6bc373a075,2023-02,Warwickshire Police,Warwickshire Police,-1.601657,52.579126,On or near Bowling Green Close,E01031018,North Warwickshire 005D,Investigation complete; no suspect identified
29fe43b94e679efc4e5e238db8529ef4b213da9cdb0eeeab65c5f5a6f5327282,2023-02,Warwickshire Police,Warwickshire Police,-1.715865,52.184994,On or near Hertford Road,E01031235,Stratford-on-Avon 011D,Investigation complete; no suspect identified
e7a9c72f7f7b92e8a18c1ab2d651095b71adb7c3c6d1da75f2000959d6600cee,2023-02,Warwickshire Police,Warwickshire Police,-1.473486,52.522530,On or near ,E01031046,Nuneaton and Bedworth 005D,Suspect charged
0780a583c0189d71415c165fa94f266c97f97bfb12895bba1d130e241d7d4be0,2023-02,Warwickshire Police,Warwickshire Police,-1.546783,52.258260,On or near Burwell Grove,E01031259,Warwick 014A,Unable to prosecute suspect
23c37051cd3826b984dca4db1f01bc0d267b5bf77bbb3d072f030a73a782a17f,2023-02,Warwickshire Police,Warwickshire Police,-1.688126,52.238265,On or near Duttons Close,E01031217,Stratford-on-Avon 008A,Further investigation is not in the public interest
3543aa9c44c8d9873d18f06a1cb7d909ceff31014828559705c87439179b1ff2,2023-02,Warwickshire Police,Warwickshire Police,-1.706633,52.482890,On or near High Lodge,E01031022,North Warwickshire 006D,Investigation complete; no suspect identified
1bcb345ae912e5ef571e9d0362d5d78f96148fda223272b03668156e75522f11,2023-02,Warwickshire Police,Warwickshire Police,-1.408368,52.415221,On or near ,E01031159,Rugby 001C,Unable to prosecute suspect
251f8900eb4c2963f260acc8657af5df1dc95837118d04228bfb33b3067ba1ac,2023-02,Warwickshire Police,Warwickshire Police,-1.367451,52.492261,On or near Temple Hill,E01031182,Rugby 001E,Unable to prosecute suspect
d468fbc03302588a54375e8c1523537d59a1b020dc35300df053bb55d7e08e79,2023-02,Warwickshire Police,Warwickshire Police,-1.475550,52.511043,On or near ,E01031049,Nuneaton and Bedworth 008B,Suspect charged
dc6d9cc52a7238e26866d4c48743f654de8313966145073e4e29cfd5f8cee199,2023-02,Warwickshire Police,Warwickshire Police,-1.258436,52.372733,On or near Gas Street,E01031173,Rugby 003C,Unable to prosecute suspect
068590706080d71746de2c14452944e26a7bbe3b20186e77490641bd993abadc,2023-02,Warwickshire Police,Warwickshire Police,-1.496484,52.515670,On or near Belle Vue,E01031061,Nuneaton and Bedworth 006E,Unable to prosecute suspect
350f32cce4270d8d2a8e88a6bb17dee2fc1ec7a49c9ff253fa7b83d91faf4827,2023-02,Warwickshire Police,Warwickshire Police,-1.620325,52.599603,On or near Quarry Close,E01031025,North Warwickshire 002B,Investigation complete; no suspect identified
7be1526f5dd601ef8d309ee1479d6a60c032ea7feb73aef21ca7d62fb07f1e11,2023-02,Warwickshire Police,Warwickshire Police,,,No location,,,Investigation complete; no suspect identified
0821336948307f8b85cd9173125c1f56df9473e885de7f5f84fb4afa0da7a532,2023-02,Warwickshire Police,Warwickshire Police,-1.523306,52.302598,On or near The Greenways,E01031289,Warwick 007G,Investigation complete; no suspect identified
cd018ae79f00a52f68ada9aef03ae8a5341e39a9b446c39cb6b1da71bbb15986,2023-02,Warwickshire Police,Warwickshire Police,-1.521734,52.519110,On or near Snowdon Close,E01031090,Nuneaton and Bedworth 007A,Investigation complete; no suspect identified
8cf5388459f0ce4d9e772ba26df726006fe284af8f8df4656e7b256b53fb19fc,2023-02,Warwickshire Police,Warwickshire Police,-1.434360,52.464812,On or near Top Road,E01031159,Rugby 001C,Unable to prosecute suspect
66c4d9fbb73d6dd102da3240328af6501704ae091bd2f34806f6715f13f0b01c,2023-02,Warwickshire Police,Warwickshire Police,-1.520020,52.519463,On or near Prescelly Close,E01031093,Nuneaton and Bedworth 007D,Investigation complete; no suspect identified
277d81d48a8361a7a96e4996e34bbd068f8cc72ff60b8100f950ab9d7d7a92de,2023-02,Warwickshire Police,Warwickshire Police,-1.680145,52.565744,On or near Pear Tree Avenue,E01031033,North Warwickshire 004C,Unable to prosecute suspect
98deb7a8435355e66f0a7f531eb09ea0b8fa4aa280ca115f59dc58e76e9470bb,2023-02,Warwickshire Police,Warwickshire Police,-1.527480,52.542561,On or near Oldbury Road,E01031029,North Warwickshire 005E,Unable to prosecute suspect
7c65ef02e978b49c374a7cd3614772bdf229c25af6c7063e21e8d0588e37e096,2023-02,Warwickshire Police,Warwickshire Police,-1.496484,52.515670,On or near Belle Vue,E01031061,Nuneaton and Bedworth 006E,Suspect charged
6215abdd184a0fb42b3a75200c4e4cefebb455882a19c3fb368d02d29b513ca5,2023-02,Warwickshire Police,Warwickshire Police,-1.551623,52.289655,On or near Warwick New Road,E01031293,Warwick 009D,Unable to prosecute suspect
6088a634348f226141ebff4a61dc3bb327b6e2ded58fe34fb90a2ce5f598846c,2023-02,Warwickshire Police,Warwickshire Police,-1.472221,52.468286,On or near Paragon Way,E01031098,Nuneaton and Bedworth 015D,Unable to prosecute suspect
a1f30dec31a668375379dfad7eb5b2c57254947e8a3b555cc9960fca81a7855b,2023-02,Warwickshire Police,Warwickshire Police,-1.660283,52.334833,On or near A4177,E01031283,Warwick 004C,Investigation complete; no suspect identified
933ce10347dd77d113807636dc38ccfcb980b933642cf56a47e49d99afcf0e9a,2023-02,Warwickshire Police,Warwickshire Police,-1.268578,52.362547,On or near Maple Gardens,E01031176,Rugby 011E,Unable to prosecute suspect
d577bb545ae5442400c288a30794b36532fc7527b52bf5cf1353637528d9b989,2023-02,Warwickshire Police,Warwickshire Police,-1.275923,52.375853,On or near Avenue Road,E01031169,Rugby 006C,Unable to prosecute suspect
e5c784f8722106071b4dab1175cc66789570a42d70fb3b868ddbaf1738e22b70,2023-02,Warwickshire Police,Warwickshire Police,-1.402617,52.348997,On or near Manor Drive,E01031150,Rugby 012D,Investigation complete; no suspect identified
ef385ebb277b6358e1b33ba4d87e63b96e97e088ff5dfe557f9811fdc3039d56,2023-02,Warwickshire Police,Warwickshire Police,-1.589866,52.664426,On or near St Marys Grove,E01031036,North Warwickshire 001B,Investigation complete; no suspect identified
7c64e961779bd636d22243b8d0c78cc5b87983e7d14e5fa72d199cba9725d73f,2023-02,Warwickshire Police,Warwickshire Police,-1.867835,52.164899,On or near Hipbag Lane,E01031192,Stratford-on-Avon 012D,Unable to prosecute suspect
5451df0c51ee7c5a623487e3b8dab1c665711249ba7e273ec1a9e86e6e1c0aa8,2023-02,Warwickshire Police,Warwickshire Police,-1.484887,52.515593,On or near Shetland Drive,E01031051,Nuneaton and Bedworth 008D,Unable to prosecute suspect
4eb771eedb243a5ec0a44db677989c4716620f29b1c4de37145b76bf2b38ad3f,2023-02,Warwickshire Police,Warwickshire Police,-1.472221,52.468286,On or near Paragon Way,E01031098,Nuneaton and Bedworth 015D,Unable to prosecute suspect
cd4840e6751d933de3b86d03a109c8a628e2c35cc9a1592b57d1192740140e41,2023-02,Warwickshire Police,Warwickshire Police,-1.473596,52.481355,On or near ,E01031064,Nuneaton and Bedworth 013C,Unable to prosecute suspect
2d12613a39e65d24afb9c527985ccef73da02400d844fbd3d0955ab10352fdfa,2023-02,Warwickshire Police,Warwickshire Police,-1.432135,52.479859,On or near Weston Lane,E01031067,Nuneaton and Bedworth 014A,Unable to prosecute suspect
1ff081dd0f32b343fce41db7dd5fc2643156c5e51643883fe31697ab9b6af5eb,2023-02,Warwickshire Police,Warwickshire Police,-1.459585,52.478352,On or near East Avenue,E01031095,Nuneaton and Bedworth 015A,Investigation complete; no suspect identified
d62ac7c81c1f40915b978049bb66679f9a5e67f85f0ee06d8c5da9304a5c6593,2023-02,Warwickshire Police,Warwickshire Police,-1.474979,52.522247,On or near Queen's Road,E01031047,Nuneaton and Bedworth 005E,Unable to prosecute suspect
066773568fc37ba641b711356508383e41bc5bd9b9b13549fc6e8848c4de6d84,2023-02,Warwickshire Police,Warwickshire Police,-1.596747,52.581797,On or near The Common,E01031018,North Warwickshire 005D,Investigation complete; no suspect identified
5d10034fa11720df3e53d2fa81b0cb6d6a1b7eecf92794cbdbf8583babb233d5,2023-02,Warwickshire Police,Warwickshire Police,-1.452108,52.512551,On or near Mayfield Road,E01031053,Nuneaton and Bedworth 010B,Unable to prosecute suspect
ee18178bfcdd4d63bc72200758fed0d573cad614d2c57b12277720eaf3ce9622,2023-02,Warwickshire Police,Warwickshire Police,-1.534848,52.288601,On or near Euston Place,E01031271,Warwick 010A,Suspect charged
20e6925e8a151e543dd6f852434a0072ad49a48c88c5a92bb2d8459054f91865,2023-02,Warwickshire Police,Warwickshire Police,,,No location,,,Investigation complete; no suspect identified
4de73334e8756b1345e5701c54c730a315ad3dbcb9d2527e2c832204cad918ae,2023-02,Warwickshire Police,Warwickshire Police,-1.452082,52.513441,On or near Springfield Road,E01031054,Nuneaton and Bedworth 010C,Unable to prosecute suspect
ae908da922e5fca9a2f79716caa7c0f7ea04ed07fd021376f9c8caf3632d8364,2023-02,Warwickshire Police,Warwickshire Police,-1.538088,52.284343,On or near ,E01031261,Warwick 013A,Suspect charged
94f12a30e473ddbf43f768ff7ccf7d191143c55454818547c7ddd6d5d99fbe35,2023-02,Warwickshire Police,Warwickshire Police,-1.474620,52.520214,On or near Bracebridge Street,E01031047,Nuneaton and Bedworth 005E,Investigation complete; no suspect identified
ffb4103f98033f3d552ae07976995c3c9a0286670b6fd2398158556392a88c58,2023-02,Warwickshire Police,Warwickshire Police,-1.282010,52.389142,On or near ,E01031172,Rugby 003B,Unable to prosecute suspect
ed624d4743b8b6e6387c2358a02275fc6a058f8423766d034dd7454dd99be3f7,2023-02,Warwickshire Police,Warwickshire Police,-1.466532,52.524231,On or near ,E01031043,Nuneaton and Bedworth 005A,Unable to prosecute suspect
9af1c6d484afd82011889640fdca011f04010853ece9f90f6a4facfd627f4db5,2023-02,Warwickshire Police,Warwickshire Police,-1.467322,52.533900,On or near Shawe Avenue,E01031113,Nuneaton and Bedworth 001D,Unable to prosecute suspect
b4be17ca7d3bcf656179dc2751ef9cffa97626b22ef0a38a47b0c139c74a2517,2023-02,Warwickshire Police,Warwickshire Police,-1.467667,52.522367,On or near Coventry Street,E01031043,Nuneaton and Bedworth 005A,Unable to prosecute suspect
d42126eab1009a85e9795f8804ffdbbf331b2966c22232bfe1f36f6cb78f0490,2023-02,Warwickshire Police,Warwickshire Police,-1.681588,52.181859,On or near Neptune Drive,E01033251,Stratford-on-Avon 010E,Unable to prosecute suspect
5499b7fccdccc5bc94400d85b65312f701a2c7575a16239f02a12af0edb80e15,2023-02,Warwickshire Police,Warwickshire Police,-1.477095,52.526545,On or near Manor Court Avenue,E01031045,Nuneaton and Bedworth 005C,Investigation complete; no suspect identified
1ca92b03ca5451928d909955e7a5fa429286976196c158d358dc6f0af03680f3,2023-02,Warwickshire Police,Warwickshire Police,-1.697900,52.183251,On or near Marigold Road,E01033251,Stratford-on-Avon 010E,Unable to prosecute suspect
a638977dad33fa17d6dbda69c7ed11276e288ab2e21aa1335159d1d238af230b,2023-02,Warwickshire Police,Warwickshire Police,-1.274325,52.372966,On or near Bakehouse Lane,E01031170,Rugby 006D,Unable to prosecute suspect
ca922041e1eb1806d49bc2524f7573e1c3dc6c7f09d5e7ed2860d00e7eebe914,2023-02,Warwickshire Police,Warwickshire Police,-1.602874,52.270401,On or near Arnold Place,E01033255,Warwick 011H,Suspect charged
8a14d809363d4d45fd525d92cf0e631b83d35520609bdde9ad48d47f368ea802,2023-02,Warwickshire Police,Warwickshire Police,-1.466532,52.524231,On or near ,E01031043,Nuneaton and Bedworth 005A,Unable to prosecute suspect
fcfbf735c0c34c81a64f779b38bf5dce2f90ca31d480b3d4626be307763be428,2023-02,Warwickshire Police,Warwickshire Police,-1.647157,52.560292,On or near Kings Close,E01031032,North Warwickshire 002E,Unable to prosecute suspect
625f777b82fbc75edb4ef6e0f5b80d3706b58520284b52694c1923d81b2d33ed,2023-02,Warwickshire Police,Warwickshire Police,-1.508332,52.528836,On or near Skimmer Lane,E01032890,Nuneaton and Bedworth 002F,Unable to prosecute suspect
6d7c6d6a6bee7aa4b002f886a9554eecc77807ba53d5f100d0ebe17d096e74dc,2023-02,Warwickshire Police,Warwickshire Police,-1.459585,52.478352,On or near East Avenue,E01031095,Nuneaton and Bedworth 015A,Investigation complete; no suspect identified
95f196496dc75d3629db058d27b5425806af4f5f7a8b8ef4c32cc2772f054f48,2023-02,Warwickshire Police,Warwickshire Police,-1.555315,52.265071,On or near Marchant Way,E01031318,Warwick 012D,Investigation complete; no suspect identified
1a949124f3d79a12c1a808fe78c105225beef293fd1763aafde37fe6d4bf80cf,2023-02,Warwickshire Police,Warwickshire Police,-1.511976,52.528600,On or near Kingfisher Avenue,E01032890,Nuneaton and Bedworth 002F,Investigation complete; no suspect identified
f630f7fb8a5ccd883411553eeb8e860635c51a51ee5c2b0438e84ac2ddaf8bf9,2023-02,Warwickshire Police,Warwickshire Police,-1.505804,52.200332,On or near The Bank,E01031207,Stratford-on-Avon 013D,Investigation complete; no suspect identified
ffd48bef6dd616a7a42b7cd761b8e1febe76e9ccfe1f4f68fb1c86838f968787,2023-02,Warwickshire Police,Warwickshire Police,-1.467667,52.522367,On or near Coventry Street,E01031043,Nuneaton and Bedworth 005A,Unable to prosecute suspect
aaf5ebeb479ec3f9f67cc1cd08faad335a3995030bc470a417b53d210c292c5b,2023-02,Warwickshire Police,Warwickshire Police,-1.505329,52.516660,On or near Grove Road,E01031092,Nuneaton and Bedworth 007C,Unable to prosecute suspect
1ed3bdacf0021152a7d76401a0743921480a017a199680a68dc5435408dc30c0,2023-02,Warwickshire Police,Warwickshire Police,-1.444543,52.531692,On or near Derwent Way,E01031104,Nuneaton and Bedworth 003E,Investigation complete; no suspect identified
2906de5a746ee6f407b1ac76298f31d59c2deb9428edd775cbb4ce2bd2057f45,2023-02,Warwickshire Police,Warwickshire Police,-1.578778,52.286311,On or near Guy's Cliffe Terrace,E01031319,Warwick 012E,Investigation complete; no suspect identified
5985ff45631a4fc7b0f61e7fb965cb8da6c8a1249adcc11a39cc0cf474ae2daa,2023-02,Warwickshire Police,Warwickshire Police,-1.520666,52.541392,On or near Church Road,E01031030,North Warwickshire 005F,Action to be taken by another organisation
b92f3762fc0e72eb07e16293d6cb6121c97824f80fd3e98656f180918459f359,2023-02,Warwickshire Police,Warwickshire Police,-1.689391,52.180792,On or near ,E01033251,Stratford-on-Avon 010E,Investigation complete; no suspect identified
0165fba56e085fec00af4b308a441ae5e318df56e7744f7b3340ce58636c823b,2023-02,Warwickshire Police,Warwickshire Police,-1.474660,52.479759,On or near Church Way,E01031064,Nuneaton and Bedworth 013C,Investigation complete; no suspect identified
a0017aa63612082d1c2d8f6e2605d8be8870fe62004e758c852e1eecd70c62de,2023-02,Warwickshire Police,Warwickshire Police,-1.373416,52.252352,On or near Daventry Road,E01031219,Stratford-on-Avon 004A,Investigation complete; no suspect identified
bf4f11fcd4687c98bd71a753c5c012b8bffaa8d6535728e38296fc63a804749c,2023-02,Warwickshire Police,Warwickshire Police,-1.712134,52.200988,On or near ,E01031231,Stratford-on-Avon 009D,Investigation complete; no suspect identified
666be7f05a8332ad5c1402c3fa6ddcffcf8d9f170360ca895973fc72c696ede8,2023-02,Warwickshire Police,Warwickshire Police,-1.539159,52.294183,On or near Clarendon Square,E01033256,Warwick 007I,Unable to prosecute suspect
a4b579bd78665e694dbdf8cf5700a4bf5d4036d458af4c8840f9245c73b7a18a,2023-02,Warwickshire Police,Warwickshire Police,-1.547025,52.577662,On or near Derby Lane,E01031011,North Warwickshire 003C,Unable to prosecute suspect
a0bb2c2fe00e8b7b398a3fd8e91f687c036bee434a673711ad2d0d1dac3574b8,2023-02,Warwickshire Police,Warwickshire Police,-1.588931,52.280602,On or near High Street,E01031317,Warwick 012C,Unable to prosecute suspect
61a4948fc895b0053636a44c56b66321efa70415d67bb671db21c58157e43052,2023-02,Warwickshire Police,Warwickshire Police,-1.560709,52.288628,On or near Grange Close,E01031320,Warwick 012F,Unable to prosecute suspect
7c43ba52eaf2b9bec6bff098b19bb7d0e1129b3498cf338d4b063261cf561d4d,2023-02,Warwickshire Police,Warwickshire Police,-1.479882,52.517702,On or near Greenmoor Road,E01031059,Nuneaton and Bedworth 006C,Unable to prosecute suspect
37c05706a63b2dee8991acc9c4dfd44a313f3745760bc6a8002f5dc4fa1d2b43,2023-02,Warwickshire Police,Warwickshire Police,-1.878665,52.219779,On or near Jephcott Close,E01031184,Stratford-on-Avon 006B,Investigation complete; no suspect identified
25c54ea5ffca4a444775964cf92cae94190524cf1e463dbc335b0ea13c322146,2023-02,Warwickshire Police,Warwickshire Police,-1.531295,52.569321,On or near Cadman Close,E01031015,North Warwickshire 003G,Investigation complete; no suspect identified
567ac16da3dae21524e30131715fbb091cce57553d815d44564a7d75fb0fe2ad,2023-02,Warwickshire Police,Warwickshire Police,-1.539159,52.294183,On or near Clarendon Square,E01033256,Warwick 007I,Unable to prosecute suspect
6b35595f854d344237cfa70fe50de54bbcbd79463f3ebfabd46cbf936332e828,2023-02,Warwickshire Police,Warwickshire Police,-1.466489,52.516267,On or near Home Park Road,E01031119,Nuneaton and Bedworth 009E,Unable to prosecute suspect
28c046a4532c3032a25dca47760cb10ce8c5424aee905adc9ac6b78976de91f4,2023-02,Warwickshire Police,Warwickshire Police,-1.236847,52.392131,On or near Mosedale,E01031137,Rugby 002A,Unable to prosecute suspect
4e568d3c28550ea0773a25f77793ba21ce632adf1553f33e3bde04dc9ab7863a,2023-02,Warwickshire Police,Warwickshire Police,-1.472221,52.468286,On or near Paragon Way,E01031098,Nuneaton and Bedworth 015D,Unable to prosecute suspect
4e568d3c28550ea0773a25f77793ba21ce632adf1553f33e3bde04dc9ab7863a,2023-02,Warwickshire Police,Warwickshire Police,-1.472221,52.468286,On or near Paragon Way,E01031098,Nuneaton and Bedworth 015D,Unable to prosecute suspect
a4647aada93678efea94aa7223f6ececed6d1b9be6306eae23119b78a36c93ca,2023-02,Warwickshire Police,Warwickshire Police,-1.689052,52.195814,On or near Tiddington Road,E01031227,Stratford-on-Avon 010C,Investigation complete; no suspect identified
f6c85223ac6dab187875e57911ccb96579510537869f607613036ce6dfe42160,2023-02,Warwickshire Police,Warwickshire Police,-1.465973,52.479747,On or near Tintern Way,E01031096,Nuneaton and Bedworth 015B,Unable to prosecute suspect
9681f4b74f80f694654013bb01d93418049aafadc2068c6b63a0842afcd2c0b5,2023-02,Warwickshire Police,Warwickshire Police,-1.535908,52.288375,On or near ,E01033253,Warwick 007H,Investigation complete; no suspect identified
7e5fe6033118c5d56cd3016232cb8b3cf748d9a37ba2a7a85853ee82386f29b1,2023-02,Warwickshire Police,Warwickshire Police,-1.488989,52.203093,On or near Wellum Street,E01031207,Stratford-on-Avon 013D,Unable to prosecute suspect
13e64f333cdbf1592efa4df25f1523b942bd6b33b35ec58aaf2d6228f0651af7,2023-02,Warwickshire Police,Warwickshire Police,-1.513242,52.305614,On or near Exmoor Drive,E01031275,Warwick 006C,Unable to prosecute suspect
47654c466ae3bab3a1b861bdb048fee840fafb401ceb86fc706e3f80e4a687b8,2023-02,Warwickshire Police,Warwickshire Police,-1.243875,52.374690,On or near Winfield Street,E01031130,Rugby 005A,Unable to prosecute suspect
4deaf90c1f40063c46f68bf55257fed19e35989ae3fb0135bac218a836481ff4,2023-02,Warwickshire Police,Warwickshire Police,-1.710940,52.197785,On or near Bardswell Court,E01031231,Stratford-on-Avon 009D,Unable to prosecute suspect
41d16dd8c998249b7c923ef1fe1b1a723bbc91acf2f4d35cb0731b1eef2e4e80,2023-02,Warwickshire Police,Warwickshire Police,-1.243875,52.374690,On or near Winfield Street,E01031130,Rugby 005A,Unable to prosecute suspect
e637daaab9b885d5001ba3ef13e5404fcf6851e7a5ad3eaa6b694fd70dd9af27,2023-02,Warwickshire Police,Warwickshire Police,-1.275055,52.368781,On or near Webb Ellis Road,E01031167,Rugby 006A,Investigation complete; no suspect identified
676a84bd7faa4b1745413300858131234c9b972c8e77203a5088a353a3b19bd6,2023-02,Warwickshire Police,Warwickshire Police,-1.697335,52.186756,On or near Bridgetown Road,E01031225,Stratford-on-Avon 010A,Unable to prosecute suspect
00a0411d43ad87cfb71e7bb75593bfc3ff291f8f430c5c2bb29299941eb95550,2023-02,Warwickshire Police,Warwickshire Police,-1.561340,52.291543,On or near Kempton Drive,E01031309,Warwick 008A,Unable to prosecute suspect
12919e6b4ef2073ba39babfa59fe3d30468ec06b815211c213b22aed4ac687ae,2023-02,Warwickshire Police,Warwickshire Police,-1.518825,52.535784,On or near Salisbury Drive,E01031084,Nuneaton and Bedworth 004D,Unable to prosecute suspect
8f636999e6f58643ec9d0c64ab326d9ca928e40ccd29ed960e875279115ab73d,2023-02,Warwickshire Police,Warwickshire Police,-1.528110,52.292134,On or near Lansdowne Circus,E01031271,Warwick 010A,Unable to prosecute suspect
77581aa8c85873792c6839d107ceb49d8df687bc13da4d81b3938068653f5c02,2023-02,Warwickshire Police,Warwickshire Police,-1.528110,52.292134,On or near Lansdowne Circus,E01031271,Warwick 010A,Unable to prosecute suspect
bc5d94701a2934e211c2f0fcf7cdcc03b216e064b4346bb9aecc4f5485dad8f5,2023-02,Warwickshire Police,Warwickshire Police,-1.471757,52.486084,On or near ,E01031065,Nuneaton and Bedworth 013D,Investigation complete; no suspect identified
1a23a06076ab7b89ec808b30138b7b97fc43610631a293b12e0c816a01029123,2023-02,Warwickshire Police,Warwickshire Police,-1.244727,52.373824,On or near Rokeby Street,E01031133,Rugby 005D,Suspect charged
86729f1f55ebdb335f5833b81365e639186448848bb521eef248d619d08f2690,2023-02,Warwickshire Police,Warwickshire Police,-1.602874,52.270401,On or near Arnold Place,E01033255,Warwick 011H,Suspect charged
3d6fc9c15b641970e868f7adf6601407ff64b2fd1014f1a42345b3d129cb5f1d,2023-02,Warwickshire Police,Warwickshire Police,-1.398444,52.283189,On or near ,E01031210,Stratford-on-Avon 005F,Investigation complete; no suspect identified
83ca1f764f6b8887f9e25644155755986caa63320e888b0f095dc9032d3843b8,2023-02,Warwickshire Police,Warwickshire Police,-1.520080,52.282168,On or near Corsair Close,E01031337,Warwick 010G,Investigation complete; no suspect identified
d5efd4067a91cfb3a9dd244112922122ac7ed2da4eec591bac3459012a44c801,2023-02,Warwickshire Police,Warwickshire Police,-1.244727,52.373824,On or near Rokeby Street,E01031133,Rugby 005D,Suspect charged
d8a76602eb36c3a11a2e5bc24aeacd0740e0b94948da34903837f45abba7fa61,2023-02,Warwickshire Police,Warwickshire Police,-1.520020,52.519463,On or near Prescelly Close,E01031093,Nuneaton and Bedworth 007D,Unable to prosecute suspect
574f8cd5fa5f23c8f1ff2f8f4d851fc4667fb01621dd203d56ab8282f9925b91,2023-02,Warwickshire Police,Warwickshire Police,-1.647157,52.560292,On or near Kings Close,E01031032,North Warwickshire 002E,Unable to prosecute suspect
b20b3cbf430df4d3840194ba54944f26bf664c699184ce8483ce05ad5f16673d,2023-02,Warwickshire Police,Warwickshire Police,-1.244727,52.373824,On or near Rokeby Street,E01031133,Rugby 005D,Suspect charged
78e097e1893003fdc6e1df44a5e62f6ecd9b39d2a3f628b9dba6014b4070e320,2023-02,Warwickshire Police,Warwickshire Police,-1.469343,52.521494,On or near ,E01031043,Nuneaton and Bedworth 005A,Investigation complete; no suspect identified
c2fcf4e2a408dd90efd626cf1a268cfdeba5e1b2886cc4d5cff29f6dab126093,2023-02,Warwickshire Police,Warwickshire Police,-1.507545,52.521443,On or near Short Street,E01031094,Nuneaton and Bedworth 007E,Unable to prosecute suspect
12b9d3b14c8cf78cb82ac8cabdbe03a2552cdbff35963635ae6bac47c30aebb3,2023-02,Warwickshire Police,Warwickshire Police,-1.569144,52.505501,On or near Charles Street,E01031006,North Warwickshire 007A,Unable to prosecute suspect
22c0fca6d021a83db3350754b661d5c65cb7531bf3deaf7e0370701076032485,2023-02,Warwickshire Police,Warwickshire Police,-1.465597,52.508325,On or near Knebley Crescent,E01031116,Nuneaton and Bedworth 009B,Unable to prosecute suspect
702c963b12f2604bf092f035c634621c2dae309188f6b5ee5e44d87a4152d663,2023-02,Warwickshire Police,Warwickshire Police,-1.466857,52.523542,On or near Newdegate Place,E01031043,Nuneaton and Bedworth 005A,Offender given a caution
1d551d50ffced798e1596c033f8e02a88c930b47c65e1b1663fd528b55fcfdd4,2023-02,Warwickshire Police,Warwickshire Police,-1.571259,52.284621,On or near Avon Street,E01031316,Warwick 012B,Unable to prosecute suspect
b3d70ccaa553f67c196f45acb4e065c18684a7b783e25576c2af3c656085218b,2023-02,Warwickshire Police,Warwickshire Police,-1.545964,52.279600,On or near Tachbrook Park Drive,E01031315,Warwick 012A,Investigation complete; no suspect identified
8fe63a7d28846325c6aed7be8b562fc32bed13de7ba772695d9a80fd0b51861f,2023-02,Warwickshire Police,Warwickshire Police,-1.401224,52.126791,On or near School Lane,E01031194,Stratford-on-Avon 013A,Investigation complete; no suspect identified
07b6c3b0552affce40fc79d2373e8c8c8acc2877b7f211be60ea73a7f5176a83,2023-02,Warwickshire Police,Warwickshire Police,-1.507848,52.281524,On or near Portway Close,E01031334,Warwick 010D,Investigation complete; no suspect identified
6c346f60ea78e7a48a42641e17e9b786b3382a9c2889b6d951e8203fe2eba72e,2023-02,Warwickshire Police,Warwickshire Police,-1.475749,52.481040,On or near ,E01031064,Nuneaton and Bedworth 013C,Investigation complete; no suspect identified
447a8595c5aa204cb2ffbe6f0976e29e73ab163969d29a29e1385c67f2f693fb,2023-02,Warwickshire Police,Warwickshire Police,-1.243447,52.392857,On or near Selside,E01031142,Rugby 002F,Unable to prosecute suspect
90e605fe76e003c9380ab75291d6d99cf442c1acc345f4bb6425d429efacb5fa,2023-02,Warwickshire Police,Warwickshire Police,-1.477993,52.509225,On or near Barling Way,E01031049,Nuneaton and Bedworth 008B,Investigation complete; no suspect identified
47e589e1c1e48f8f316e772d0e04348d9ecfc0fb7854c2e74c58cc946a3af3d1,2023-02,Warwickshire Police,Warwickshire Police,-1.504301,52.520270,On or near Whitehouse Crescent,E01031092,Nuneaton and Bedworth 007C,Unable to prosecute suspect
d2b420e3bc6babf13930081f0a0fd94cf41ec4cc1dbdf4b95dfae50d900cdce1,2023-02,Warwickshire Police,Warwickshire Police,-1.534377,52.292905,On or near ,E01033253,Warwick 007H,Investigation complete; no suspect identified
fcd46d9494418aa90d78e3eadb7ec31511935b32edb1615540ca655777d159a0,2023-02,Warwickshire Police,Warwickshire Police,-1.872044,52.214908,On or near ,E01031184,Stratford-on-Avon 006B,Investigation complete; no suspect identified
b1da017106f451e928080af2d48ebd60d46a119e1d25b1c26b0ec480ad189b95,2023-02,Warwickshire Police,Warwickshire Police,-1.259934,52.388583,On or near ,E01031141,Rugby 002E,Investigation complete; no suspect identified
b1da017106f451e928080af2d48ebd60d46a119e1d25b1c26b0ec480ad189b95,2023-02,Warwickshire Police,Warwickshire Police,-1.259934,52.388583,On or near ,E01031141,Rugby 002E,Investigation complete; no suspect identified
aa04f36e0ea220f91727d3a052149c2f3aa6bab308588d839d71e8a60ff5bcd0,2023-02,Warwickshire Police,Warwickshire Police,-1.680999,52.188538,On or near Wootton Close,E01031227,Stratford-on-Avon 010C,Investigation complete; no suspect identified
fa252488bf49a445fd51dc25761c9b42c1eaa05c306da4d343076645db041eb5,2023-02,Warwickshire Police,Warwickshire Police,-1.550122,52.577872,On or near Avins Courtyard,E01031010,North Warwickshire 003B,Investigation complete; no suspect identified
1f3b0a1ff486ee8f3dbb91eb4093b6cb7c90525190136e18541281228f9ae15d,2023-02,Warwickshire Police,Warwickshire Police,-1.432965,52.216601,On or near Church Close,E01031200,Stratford-on-Avon 005D,Investigation complete; no suspect identified
6dfc5afad48e7e2d5e8b4323f308aebb82713a2d3216e32b9d5f3ff65ab55f9f,2023-02,Warwickshire Police,Warwickshire Police,-1.710609,52.187895,On or near Paddock Place,E01031234,Stratford-on-Avon 011C,Unable to prosecute suspect
8064833e57e0bbf9be369619429698af84a54cc66d75af7c44359563d683c9c2,2023-02,Warwickshire Police,Warwickshire Police,-1.511976,52.528600,On or near Kingfisher Avenue,E01032890,Nuneaton and Bedworth 002F,Unable to prosecute suspect
326ff4a7a019e81312fc790de796d5f8d54b946c40fb468af14b0ba5b2dbe39d,2023-02,Warwickshire Police,Warwickshire Police,-1.443295,52.518462,On or near Heart Of England Way,E01031120,Nuneaton and Bedworth 011A,Investigation complete; no suspect identified
66bb13c3998e09722f0d66c1d3b3782d08d55060b6890b812a975a3fa6a43b3f,2023-02,Warwickshire Police,Warwickshire Police,-1.535950,52.288309,On or near Bedford Place,E01033253,Warwick 007H,Investigation complete; no suspect identified
34f6513d747505e96afd79740adc127e10a23c6597ad3fe9d1d592ea59fc6e24,2023-02,Warwickshire Police,Warwickshire Police,-1.221829,52.397976,On or near Silver Street,E01032892,Rugby 001G,Investigation complete; no suspect identified
467694dd7074163ad64ba636c0fd2b4558f14ed68d30cd5236d469363e38c367,2023-02,Warwickshire Police,Warwickshire Police,-1.601940,52.586930,On or near St Nicholas Estate,E01031016,North Warwickshire 002A,Investigation complete; no suspect identified
9f825ea71cbf582403916b2e204c9a4a5d1629fc832b24cf8d6c2a1e8704a162,2023-02,Warwickshire Police,Warwickshire Police,-1.521931,52.517268,On or near Cheviot Close,E01031093,Nuneaton and Bedworth 007D,Investigation complete; no suspect identified
b005f5ec073cb4bb5a9dbae0f409618516f70dda4cf5ed8c2dafe12bfeba34f9,2023-02,Warwickshire Police,Warwickshire Police,-1.547006,52.259331,On or near Felthouse Drive,E01031259,Warwick 014A,Unable to prosecute suspect
8158e6bd02d7f0b98a7b0d29728bcded31975b90aa60d5d4f0ece11189ef7be5,2023-02,Warwickshire Police,Warwickshire Police,-1.523824,52.517995,On or near Cromdale Close,E01031093,Nuneaton and Bedworth 007D,Investigation complete; no suspect identified
2de4d1122b5fbab0c211ccf9f104f112503fe1ffc506ce1c5c5e85c268943c29,2023-02,Warwickshire Police,Warwickshire Police,-1.717612,52.201926,On or near ,E01031231,Stratford-on-Avon 009D,Unable to prosecute suspect
112ef085c709075c88b671caceff7f06073ac17958dc496914fb4b5de83b1e8f,2023-02,Warwickshire Police,Warwickshire Police,-1.480268,52.528645,On or near ,E01031044,Nuneaton and Bedworth 005B,Unable to prosecute suspect
1705c790ee2dd26d290bca28f7963304c96c8d7044984285e1fa572e16754562,2023-02,Warwickshire Police,Warwickshire Police,-1.740754,52.514937,On or near Howarth Court,E01031041,North Warwickshire 006E,Unable to prosecute suspect
9bfc766dbb2a7c6d6ef7bd2021783aec6a29b97e00bd7a0c5004deed657e16e6,2023-02,Warwickshire Police,Warwickshire Police,-1.506045,52.218116,On or near ,E01031199,Stratford-on-Avon 005C,Investigation complete; no suspect identified
b882012174c3972a41a8c5359492f44177b416935bdfcfabc45552ec23a89915,2023-02,Warwickshire Police,Warwickshire Police,-1.472592,52.475372,On or near ,E01031096,Nuneaton and Bedworth 015B,Unable to prosecute suspect
a73133948c4ca8d5032165b5819207232e149481a2e5abec5905b6df79cf7cd3,2023-02,Warwickshire Police,Warwickshire Police,-1.494057,52.470305,On or near Bowling Green Lane,E01031089,Nuneaton and Bedworth 016D,Unable to prosecute suspect
73b24b4b61de918cf77ae23f931cbe18dbd1897ad70b615d3e596f17800d3914,2023-02,Warwickshire Police,Warwickshire Police,-1.482409,52.514594,On or near Braemar Way,E01031049,Nuneaton and Bedworth 008B,Unable to prosecute suspect
6f139e59b41304689a2c5e9bf33c8b856ac12a5f80d9db129f096f75282afb4c,2023-02,Warwickshire Police,Warwickshire Police,-1.861737,52.163847,On or near ,E01031192,Stratford-on-Avon 012D,Unable to prosecute suspect
24543460d455cfb41020ffefe1eca961a5dd3ccdc023490ff38f310f6e57d907,2023-02,Warwickshire Police,Warwickshire Police,-1.872044,52.214908,On or near ,E01031184,Stratford-on-Avon 006B,Investigation complete; no suspect identified
d6af47a3792a8d7d49126a22f30fb582539ca62442762e2c78b3835860f9d7eb,2023-02,Warwickshire Police,Warwickshire Police,-1.593239,52.288807,On or near Cape Road,E01031321,Warwick 011A,Unable to prosecute suspect
35797177aef6428a9b18d91eb9ec4cd0183ed973efeedc07be5c982c307d7aad,2023-02,Warwickshire Police,Warwickshire Police,-1.473900,52.484251,On or near Leicester Road,E01031064,Nuneaton and Bedworth 013C,Unable to prosecute suspect
1a3d6fe3a311601bedfe93f520435bbafa720ed5dfc7c3f54c7d3b6dd422e625,2023-02,Warwickshire Police,Warwickshire Police,-1.473900,52.484251,On or near Leicester Road,E01031064,Nuneaton and Bedworth 013C,Unable to prosecute suspect
0d59caee8f20d5ecabe87432d94344db9fc9d2e0585df124f5f50de7cfe32f46,2023-02,Warwickshire Police,Warwickshire Police,-1.611783,52.278935,On or near ,E01033255,Warwick 011H,Unable to prosecute suspect
1ba7facf16f4dbb7045b36cb25d19f9cd2e7f3bcd4415aba73a9be2685243a50,2023-02,Warwickshire Police,Warwickshire Police,-1.591511,52.349198,On or near Castle Green,E01031254,Warwick 001A,Investigation complete; no suspect identified
14e166cc82a5032309723dfb4e057ff42daee30cb6103ed98dcf0ea8e1b21320,2023-02,Warwickshire Police,Warwickshire Police,-1.466436,52.541322,On or near Orangery Close,E01031113,Nuneaton and Bedworth 001D,Investigation complete; no suspect identified
f741ac89e9f9d91c23c380de7f3f75cbc3d104fef83971ab0d6e743b74ea244a,2023-02,Warwickshire Police,Warwickshire Police,-1.596172,52.274190,On or near ,E01031325,Warwick 011E,Unable to prosecute suspect
18dd1d66ee383ebb54d1b4447e03be558e474f70cd96a3919b94ffaa75823417,2023-02,Warwickshire Police,Warwickshire Police,-1.578229,52.342553,On or near ,E01031258,Warwick 001E,Investigation complete; no suspect identified
2cc4c78ff6f9936931c386a6fc12f2c04517e22e48b9a0b768b7c9f204647377,2023-02,Warwickshire Police,Warwickshire Police,-1.578778,52.286311,On or near Guy's Cliffe Terrace,E01031319,Warwick 012E,Investigation complete; no suspect identified
7aa9c104a11fd5ada1b5843f8d0a21b56eeadf446ee97caeb99646e23eb2078d,2023-02,Warwickshire Police,Warwickshire Police,-1.554862,52.278114,On or near Willow Drive,E01031315,Warwick 012A,Unable to prosecute suspect
144ebcdfc0e1a4e246f0471844b636d3306ab50f58f1bd746da4099f45505ac6,2023-02,Warwickshire Police,Warwickshire Police,-1.645254,52.299970,On or near Canal Road,E01031268,Warwick 014D,Investigation complete; no suspect identified
7d00306af00845b194d9492582801dd7fea52a10d7d3c3685edff5c7ef64ee2f,2023-02,Warwickshire Police,Warwickshire Police,-1.724035,52.185976,On or near Colbeck Close,E01031232,Stratford-on-Avon 011A,Unable to prosecute suspect
4747c497b1010d50b97bc04a97d61787c469daf41eba1cf1d6704f1d5e4e7601,2023-02,Warwickshire Police,Warwickshire Police,-1.724035,52.185976,On or near Colbeck Close,E01031232,Stratford-on-Avon 011A,Suspect charged
9f4c2cca5f802e6df2c0b5ee8b8e3fb5e8bbdbe3d9ca2989703303b53f51e643,2023-02,Warwickshire Police,Warwickshire Police,-1.466857,52.523542,On or near Newdegate Place,E01031043,Nuneaton and Bedworth 005A,Offender given a caution
9f4c2cca5f802e6df2c0b5ee8b8e3fb5e8bbdbe3d9ca2989703303b53f51e643,2023-02,Warwickshire Police,Warwickshire Police,-1.466857,52.523542,On or near Newdegate Place,E01031043,Nuneaton and Bedworth 005A,Offender given a caution
f4b95399c9efd0b58cc38c8656b58d0fa9870e13d034ca27a83ccad9b2f6fae4,2023-02,Warwickshire Police,Warwickshire Police,-1.537333,52.290651,On or near John Street,E01033253,Warwick 007H,Unable to prosecute suspect
f8f47e2da66f55dfe5cb05887fdf42723871c18291129ec2954c132309843dfd,2023-02,Warwickshire Police,Warwickshire Police,-1.270016,52.374189,On or near George Street,E01031169,Rugby 006C,Suspect charged
03c8353586b36a5123139a3724bd6a5d3f5b1de1b041a12087fa32db7c5bd4ac,2023-02,Warwickshire Police,Warwickshire Police,-1.537327,52.291254,On or near Windsor Place,E01033256,Warwick 007I,Unable to prosecute suspect
f97368c1415ee2c9c58ce0808a4c009a5d4c8eef6a61ffd29181ce2acc6b27bd,2023-02,Warwickshire Police,Warwickshire Police,-1.551915,52.556869,On or near Purley Chase Lane,E01031015,North Warwickshire 003G,Investigation complete; no suspect identified
1dd9f289b56ad96a9c4aca87766cc8046afd2f6dc625b03e57e08ac804b912ca,2023-02,Warwickshire Police,Warwickshire Police,-1.706102,52.496256,On or near Lyon Court,E01031021,North Warwickshire 006C,Unable to prosecute suspect
1b7d333958c0a0456303cdb2f698f3fa52ac0d7a09671e321f65d5123227c2cb,2023-02,Warwickshire Police,Warwickshire Police,-1.286031,52.348395,On or near Othello Close,E01031135,Rugby 011B,Unable to prosecute suspect
2b01a765a20c91e13863ac02e3118d09813219a3b97b7a22879c921975fbc3ad,2023-02,Warwickshire Police,Warwickshire Police,-1.464773,52.522831,On or near ,E01031043,Nuneaton and Bedworth 005A,Unable to prosecute suspect
ed67a0b0e28cbb4926ffa98e793e3c61c8f8023999c0cde3f97242ebe14cf5c0,2023-02,Warwickshire Police,Warwickshire Police,-1.603059,52.241534,On or near Dugard Place,E01031269,Warwick 014E,Investigation complete; no suspect identified
2b6aca880886e180349f11b75546e0bce166b91e702b824ddf687b0132b69618,2023-02,Warwickshire Police,Warwickshire Police,-1.262685,52.372454,On or near Chapel Street,E01031145,Rugby 009C,Investigation complete; no suspect identified
19d4d81cf040b59ec483af9c8ba71e8736c7c9ed07a1289fee7620d9aaaf8b85,2023-02,Warwickshire Police,Warwickshire Police,-1.467908,52.485312,On or near Downing Crescent,E01031066,Nuneaton and Bedworth 013E,Unable to prosecute suspect
71fe87ad321b58ec04cebf7c80cc7bea8fda6edc8535cf7124b8f729ea8da4de,2023-02,Warwickshire Police,Warwickshire Police,-1.509530,52.531098,On or near Brights Road,E01032890,Nuneaton and Bedworth 002F,Unable to prosecute suspect
b82addd3449ae17f9bf83a748ae31619442a9a6ced7da4a638198f2cd58bdaed,2023-02,Warwickshire Police,Warwickshire Police,-1.509530,52.531098,On or near Brights Road,E01032890,Nuneaton and Bedworth 002F,Unable to prosecute suspect
62afd449607d4980d60818e4c3b2fe0386d2d3cd648ba245eeb515fa0a75857e,2023-02,Warwickshire Police,Warwickshire Police,-1.467322,52.533900,On or near Shawe Avenue,E01031113,Nuneaton and Bedworth 001D,Unable to prosecute suspect
0e5bd3f7193ddfb2f869f8999de98408d5b13ca5fe9d1134e396315772e7e46e,2023-02,Warwickshire Police,Warwickshire Police,-1.467322,52.533900,On or near Shawe Avenue,E01031113,Nuneaton and Bedworth 001D,Unable to prosecute suspect
71c1aee4c7ae8255cae3c02f9a11015ae1b5de2f5fe34ec21199645b4450d94c,2023-02,Warwickshire Police,Warwickshire Police,-1.435338,52.527567,On or near Pashmina Gardens,E01031103,Nuneaton and Bedworth 003D,Unable to prosecute suspect
5353061e2d13a280adaa0b551a807cb1e97ae8ab1d58f3624bd9126af54d427d,2023-02,Warwickshire Police,Warwickshire Police,-1.390207,52.225397,On or near Bridge Lane,E01031197,Stratford-on-Avon 005A,Investigation complete; no suspect identified
8c24d64c794587a94392ebdbc923640faf0481e3326f420f3c407d05510a3840,2023-02,Warwickshire Police,Warwickshire Police,-1.435338,52.527567,On or near Pashmina Gardens,E01031103,Nuneaton and Bedworth 003D,Unable to prosecute suspect
532d8108d510c96a802e87fc5614cbd6b30bda1e527af1e3839e9506bcd74930,2023-02,Warwickshire Police,Warwickshire Police,-1.270016,52.374189,On or near George Street,E01031169,Rugby 006C,Suspect charged
353249492425d96aaf514358ed0a215cfabc6bbefc52a44a2edbc404e575bc7c,2023-02,Warwickshire Police,Warwickshire Police,-1.533529,52.285728,On or near Spencer Street,E01031291,Warwick 009B,Investigation complete; no suspect identified
d97a2e11c6bd71a701df2387fe708e91bd15b57be1db345d381d49f5c1de66ca,2023-02,Warwickshire Police,Warwickshire Police,-1.270016,52.374189,On or near George Street,E01031169,Rugby 006C,Suspect charged
b1f1bce863a8be3fe8f553e14d01bd750c66628dad2ed78b942e6f59a1b80ca4,2023-02,Warwickshire Police,Warwickshire Police,-1.569632,52.381422,On or near Scarman Road,E01031308,Warwick 005G,Unable to prosecute suspect
b5240946b373cab5c29f3c2fcf6018ab5b00287613a5df93dd999807c5354143,2023-02,Warwickshire Police,Warwickshire Police,-1.473486,52.522530,On or near ,E01031046,Nuneaton and Bedworth 005D,Unable to prosecute suspect
f4aef4eb8b0fb4905d78cfaebc4f55856dee7aba210a445649f66ceec9c765de,2023-02,Warwickshire Police,Warwickshire Police,-1.498397,52.521081,On or near ,E01031058,Nuneaton and Bedworth 006B,Unable to prosecute suspect
4fdc0f33545dac9e056b9f7fc1e18c863f37522e66fdf2c80886d2e8d8d499eb,2023-02,Warwickshire Police,Warwickshire Police,-1.708844,52.191639,On or near Ely Street,E01031234,Stratford-on-Avon 011C,Unable to prosecute suspect
9226289476722408862306a9aa1ce99dffd23ce8e7da60e534ab07e1fcac2dab,2023-02,Warwickshire Police,Warwickshire Police,-1.270016,52.374189,On or near George Street,E01031169,Rugby 006C,Suspect charged
ef779815d22cc7cb75e39d7d3d305d58ac9a5df556c5e1d73c321511b5bb9fa7,2023-02,Warwickshire Police,Warwickshire Police,-1.699904,52.192021,On or near ,E01031229,Stratford-on-Avon 009B,Suspect charged
4e1eb3f866a8ffdbe9b0ce90ba74ada54079a8213a6d9e5a3c388f54f41d34b6,2023-02,Warwickshire Police,Warwickshire Police,-1.460492,52.526983,On or near Old Hinckley Road,E01031102,Nuneaton and Bedworth 003C,Unable to prosecute suspect
056da4b381c9277fd6bb6261b23775b47eddc9f58411366a227fceed61ce3183,2023-02,Warwickshire Police,Warwickshire Police,-1.609983,52.613746,On or near Sunfields Close,E01031037,North Warwickshire 001C,Unable to prosecute suspect
6f1cd88206872ae5034a0ba4f8064d972c9e8c6018f27ee19bbf690db617692f,2023-02,Warwickshire Police,Warwickshire Police,-1.542377,52.574785,On or near South Street,E01031013,North Warwickshire 003E,Unable to prosecute suspect
8df4e1d760e595d85e1e35edcdda80004a9bd0b4da402e59a3e506e88f0174f5,2023-02,Warwickshire Police,Warwickshire Police,-1.532841,52.461124,On or near Hill Road,E01031077,Nuneaton and Bedworth 018A,Unable to prosecute suspect
ac10a9a2a7be8d237e46f6c2058f8f5dcdd58e57885fd41b8af81942ada0cf5d,2023-02,Warwickshire Police,Warwickshire Police,-1.856634,52.333787,On or near Aspley Heath Lane,E01031244,Stratford-on-Avon 001C,Investigation complete; no suspect identified
3603174fdf7142698e1c44871f040de32c29c9394b76c16d8c2cc1ffddda289e,2023-02,Warwickshire Police,Warwickshire Police,-1.280673,52.375567,On or near Lawford Bridge Close,E01031169,Rugby 006C,Investigation complete; no suspect identified
7a3e81665872d92d763d7c5e948e229ebca2eea28e41cded41cc2d2ed61b331b,2023-02,Warwickshire Police,Warwickshire Police,-1.414533,52.447050,On or near Main Road,E01031159,Rugby 001C,Investigation complete; no suspect identified
c0af9c643f763231f414eeaef4ab9f55a872d1aa70a660da14a1cff0ac3ce6f6,2023-02,Warwickshire Police,Warwickshire Police,-1.610190,52.375333,On or near Hob Lane,E01010166,Solihull 025A,Unable to prosecute suspect
119ea1b88b7086b759dcb46b87bd769085475f8f46a9d96eba301b1e7847669a,2023-02,Warwickshire Police,Warwickshire Police,-1.513758,52.530027,On or near Trafford Drive,E01032890,Nuneaton and Bedworth 002F,Investigation complete; no suspect identified
813ae8600a6c8799dfb295d241512ea163509d36adf94372ec632af2a4f14201,2023-02,Warwickshire Police,Warwickshire Police,-1.468789,52.521033,On or near ,E01031046,Nuneaton and Bedworth 005D,Unable to prosecute suspect
b60ed118935e52c6c8381bcd3c3fe593fd141c8a188f41be99d0d1dce5ee687f,2023-02,Warwickshire Police,Warwickshire Police,-1.287534,52.363598,On or near Spicer Place,E01031136,Rugby 011C,Unable to prosecute suspect
f670d4035a6c74be7424c1c1a3f4b1282e29699348e5c0e30ff4d0b942de867a,2023-02,Warwickshire Police,Warwickshire Police,-1.625228,51.970055,On or near Deerhurst Close,E01031209,Stratford-on-Avon 015B,Investigation complete; no suspect identified
4f0e984639ad2df63f405f22bd92642fd4ccee45cc4d63af9ef9405e73f9c4f3,2023-02,Warwickshire Police,Warwickshire Police,-1.572304,52.348168,On or near Henry Street,E01031257,Warwick 001D,Investigation complete; no suspect identified
8cd32b8ac3de985784f11bdddafc812b2ca079e3e0743c8fc9877a7778064e1d,2023-02,Warwickshire Police,Warwickshire Police,-1.254485,52.373589,On or near Murrayian Close,E01031132,Rugby 005C,Unable to prosecute suspect
8fa825b17723b3e016e0ef05d1ad494499d7152d57edc7fee59c58d9f24e44f3,2023-02,Warwickshire Police,Warwickshire Police,-1.295034,52.379583,On or near Weaver Drive,E01031164,Rugby 007D,Unable to prosecute suspect
b27ca553090c6fbdcf79bae4ebbfbc0cc45e65477936931232d917a955071313,2023-02,Warwickshire Police,Warwickshire Police,-1.572304,52.348168,On or near Henry Street,E01031257,Warwick 001D,Investigation complete; no suspect identified
70249e9bd757f2bcf03f1bd8cefa8269385303b582c986fd312ce6800dea12b8,2023-02,Warwickshire Police,Warwickshire Police,-1.463166,52.479330,On or near William Street,E01031096,Nuneaton and Bedworth 015B,Unable to prosecute suspect
1733a32b2db7453724696eff3f090636984397c8e68c98da6d94369eb3d35528,2023-02,Warwickshire Police,Warwickshire Police,-1.501994,52.535319,On or near ,E01031073,Nuneaton and Bedworth 002C,Investigation complete; no suspect identified
22172b70b49c2216a26258335749f0b4d3c30772e2ebec51a070baaad8c2371b,2023-02,Warwickshire Police,Warwickshire Police,-1.487222,52.518813,On or near Croft Road,E01031059,Nuneaton and Bedworth 006C,Unable to prosecute suspect
388fa0b83cee701a821db94f83889f414918f9e67f98f3ccd7fa5e8521a2b101,2023-02,Warwickshire Police,Warwickshire Police,-1.487222,52.518813,On or near Croft Road,E01031059,Nuneaton and Bedworth 006C,Unable to prosecute suspect
0b46cb43db3440c9906583379a20348d3051e8ea92ee08d2b2c5ade62ce58be3,2023-02,Warwickshire Police,Warwickshire Police,-1.259793,52.370638,On or near Church Walk,E01031145,Rugby 009C,Investigation complete; no suspect identified
fb27369858aaa38d91efa5a8576c0929f0b8b80e4332b690186fd70fe33098e5,2023-02,Warwickshire Police,Warwickshire Police,-1.503139,52.244208,On or near ,E01031331,Warwick 015E,Investigation complete; no suspect identified
afa5373c712db560e66c2374a205810b426295b373dd0cff8f2f62d1a8946da2,2023-02,Warwickshire Police,Warwickshire Police,-1.510724,52.466078,On or near Royal Oak Lane,E01031078,Nuneaton and Bedworth 018B,Investigation complete; no suspect identified
3bdda6ceacbf19a5b8eea68d4f8b18b78ee97970310c6c747135b3ecf41fb0e8,2023-02,Warwickshire Police,Warwickshire Police,-1.468127,52.502601,On or near Coventry Road,E01031118,Nuneaton and Bedworth 009D,Investigation complete; no suspect identified
e69c2725a8cbab5c45c75a87bded6610e532d6e7f443c9e4140b90bd886e3661,2023-02,Warwickshire Police,Warwickshire Police,-1.520080,52.282168,On or near Corsair Close,E01031337,Warwick 010G,Investigation complete; no suspect identified
45bc9eac8a97dab3637b2a7e7173933bebddd7273328e6e0bbd5084374285a88,2023-02,Warwickshire Police,Warwickshire Police,-1.445284,52.546583,On or near Nuneaton Lane,E01031110,Nuneaton and Bedworth 001A,Unable to prosecute suspect
1f6ed5a215727e248a84795884649f9bf62791d5a88ad22a0fb21a59b1345048,2023-02,Warwickshire Police,Warwickshire Police,-1.271972,52.361498,On or near Harris Drive,E01031176,Rugby 011E,Unable to prosecute suspect
a35cd8704543e7f053d7f7a6f385ca1fabc55028b712d08bc1421899a571da64,2023-02,Warwickshire Police,Warwickshire Police,-1.706633,52.482890,On or near High Lodge,E01031022,North Warwickshire 006D,Investigation complete; no suspect identified
25df7657c9e552931633d5b15a89de9331583d461054c98205a7a686baaad8ce,2023-02,Warwickshire Police,Warwickshire Police,-1.527480,52.542561,On or near Oldbury Road,E01031029,North Warwickshire 005E,Unable to prosecute suspect
1cc62aef11edaee693e5d329cdcd9543100fb05143b467f8342ecce57407416b,2023-02,Warwickshire Police,Warwickshire Police,-1.542021,52.290984,On or near New Brook Street,E01031291,Warwick 009B,Investigation complete; no suspect identified
2f28a687a3964a7b2d1ab86e1647a9e45a5bd672736e6f6227f5b07ed9a3c675,2023-02,Warwickshire Police,Warwickshire Police,-1.354723,52.424973,On or near Smeaton Lane,E01031160,Rugby 001D,Investigation complete; no suspect identified
a3f627671953425ec8dfe43b24ec60f3d8733759156660e45344528dc2a9f51b,2023-02,Warwickshire Police,Warwickshire Police,-1.538536,52.260970,On or near Duke Of York Avenue,E01031259,Warwick 014A,Investigation complete; no suspect identified
6fc7f6e1ee9f736efd661e8b5a5627c3b8f009146edd245a7fb2405b66ec2393,2023-02,Warwickshire Police,Warwickshire Police,-1.671667,52.533483,On or near Middle Lane,E01031024,North Warwickshire 004B,Investigation complete; no suspect identified
f8747207c3190a85951c5817b000cc20db5b101076af1d08c424c20a91b46dfb,2023-02,Warwickshire Police,Warwickshire Police,-1.596026,52.275790,On or near Noble Close,E01031325,Warwick 011E,Unable to prosecute suspect
360b6424e0145c09c4f8a141a78d33124e14be3cf83bde00b3c97f1fceaa0a9f,2023-02,Warwickshire Police,Warwickshire Police,-1.564757,52.345273,On or near Tulip Tree Avenue,E01031298,Warwick 002C,Investigation complete; no suspect identified
ed9d4867a9ab645239dd8065709bf13d2ed1d0cddd81169d33f60b0190ba3bca,2023-02,Warwickshire Police,Warwickshire Police,-1.680999,52.188538,On or near Wootton Close,E01031227,Stratford-on-Avon 010C,Investigation complete; no suspect identified
76c49f8881e36f70cd2c1eb842284e6961e29aa51d3479e0c79ae9a88d225386,2023-02,Warwickshire Police,Warwickshire Police,-1.538536,52.260970,On or near Duke Of York Avenue,E01031259,Warwick 014A,Investigation complete; no suspect identified
e27cdee33d47a0152a112bb15fd86d2fdac6fe289b67ba3f910c31c0815ece6d,2023-02,Warwickshire Police,Warwickshire Police,-1.546723,52.576870,On or near Coleshill Street,E01031010,North Warwickshire 003B,Investigation complete; no suspect identified
d0ae149dd1dfe16c6339484c4c73a3e5094039b93fd8c32c5810e357a7d75bd9,2023-02,Warwickshire Police,Warwickshire Police,-1.435873,52.526068,On or near Roving Way,E01031103,Nuneaton and Bedworth 003D,Investigation complete; no suspect identified
25fa55a17bf682e94214fd66ece6ad79a83e1f3b5fe9953307157b2c231281a0,2023-02,Warwickshire Police,Warwickshire Police,-1.530693,52.293340,On or near Lansdowne Road,E01031272,Warwick 007B,Investigation complete; no suspect identified
802bfa7b5b8211c071ea95070d25a76fa7ee22459081a28084bae76158e9d425,2023-02,Warwickshire Police,Warwickshire Police,-1.734515,52.179734,On or near Luddington Road,E01031188,Stratford-on-Avon 007B,Investigation complete; no suspect identified
f6b452aa339a0c0fb5a476e5925a1c9929d442f8405182eb41c909296ec8d0b7,2023-02,Warwickshire Police,Warwickshire Police,-1.690131,52.090934,On or near Front Street,E01031246,Stratford-on-Avon 014D,Investigation complete; no suspect identified
95324ec3a155dbbb4704f268d4aa84e5d47d6ce91c153763b79d3ba087e652a1,2023-02,Warwickshire Police,Warwickshire Police,-1.691172,52.301537,On or near Shrewley Common,E01031281,Warwick 004A,Investigation complete; no suspect identified
562c54db5a4a401f2c72b450d24ff1023a929a247031ac049e478b4cfefc1055,2023-02,Warwickshire Police,Warwickshire Police,-1.544681,52.577446,On or near Ratcliffe Street,E01031010,North Warwickshire 003B,Investigation complete; no suspect identified
a20a33f30d093d2d3d5cb02c53caf60263f74814d11737aa8ef7f999e079fafb,2023-02,Warwickshire Police,Warwickshire Police,-1.252405,52.350624,On or near Gorse Farm Close,E01031143,Rugby 009A,Investigation complete; no suspect identified
941d996b014797cb05c2f98e9ef869b0e772633f6d78ae13505569bcd299bcbd,2023-02,Warwickshire Police,Warwickshire Police,-1.714949,52.188579,On or near ,E01031235,Stratford-on-Avon 011D,Investigation complete; no suspect identified
b9143fad9efb3b79fb9c9dca9d4134b288ae2626ad48028be5a77973e05ffe41,2023-02,Warwickshire Police,Warwickshire Police,-1.640950,52.115653,On or near Rookery Lane,E01031246,Stratford-on-Avon 014D,Investigation complete; no suspect identified
cf611038328147341dc8dfcfe82a3c205fce5545a0d8d9dd94e2a02dbec64388,2023-02,Warwickshire Police,Warwickshire Police,-1.714949,52.188579,On or near ,E01031235,Stratford-on-Avon 011D,Investigation complete; no suspect identified
cf53cc282ebf2caf1a50830c36e6494abeb01d7131668147aa8747db11a72f2d,2023-02,Warwickshire Police,Warwickshire Police,-1.538179,52.285440,On or near Station Approach,E01031291,Warwick 009B,Investigation complete; no suspect identified
27f6d0cae2802325fbcff9c16fb4989347a3b87fdae8652c191f959debaceda6,2023-02,Warwickshire Police,Warwickshire Police,-1.433425,52.218437,On or near Station Road,E01031200,Stratford-on-Avon 005D,Investigation complete; no suspect identified
b396f7f17cddcdc85e5d7bd954ddd12f7e72e8192d7081a257266c5a5a75dbd8,2023-02,Warwickshire Police,Warwickshire Police,-1.489657,52.517304,On or near Runneymede Gardens,E01031051,Nuneaton and Bedworth 008D,Unable to prosecute suspect
56953194075fa82cbf14e1d25312d0226b6e38175e1b85ea4425721253fc1723,2023-02,Warwickshire Police,Warwickshire Police,-1.538217,52.294485,On or near Hall Road,E01033253,Warwick 007H,Investigation complete; no suspect identified
9780876efd73f2f42411926f60af398bf956aaaf05cbab8206467adaf2affda4,2023-02,Warwickshire Police,Warwickshire Police,-1.709283,52.193852,On or near ,E01031229,Stratford-on-Avon 009B,Unable to prosecute suspect
4b474461f8d2c42fe612f84954ec77317dcfb329958f63594a30473296de4280,2023-02,Warwickshire Police,Warwickshire Police,-1.861737,52.163847,On or near ,E01031192,Stratford-on-Avon 012D,Unable to prosecute suspect
23ba5f28ea6943d811fe372eaac07e262eff8d9490ea4bd31554560e2ef53e74,2023-02,Warwickshire Police,Warwickshire Police,-1.498397,52.521081,On or near ,E01031058,Nuneaton and Bedworth 006B,Investigation complete; no suspect identified
f28847c24dbebc9bf4a5ad366c451bdd0bbf5fa036ea8bd0aa18bc8019bd9884,2023-02,Warwickshire Police,Warwickshire Police,-1.482759,52.526961,On or near ,E01031044,Nuneaton and Bedworth 005B,Investigation complete; no suspect identified
c415a3ada2c7b0e56e7fd142c15694b04290d07798b891baeafc31d4d3340fe2,2023-02,Warwickshire Police,Warwickshire Police,-1.433425,52.218437,On or near Station Road,E01031200,Stratford-on-Avon 005D,Investigation complete; no suspect identified
bd42dad3e79e12532b516cd5c9991961af267d6b3f53aae672d29cbfbaeb62f8,2023-02,Warwickshire Police,Warwickshire Police,-1.521249,52.309773,On or near Crawford Close,E01031287,Warwick 007E,Investigation complete; no suspect identified
448ad52faadbd533ea26ed5b6db698958db7a4729d4dcb9a32552f988a822eec,2023-02,Warwickshire Police,Warwickshire Police,-1.655445,52.479533,On or near Church Lane,E01031028,North Warwickshire 007D,Unable to prosecute suspect
a1d941e469e3f6f9d268b05f96848f46f38faef16cfe04b9d2127459f1e25e6b,2023-02,Warwickshire Police,Warwickshire Police,-1.597556,52.187680,On or near Rose Lane,E01031250,Stratford-on-Avon 008D,Unable to prosecute suspect
12b66bdb58ef9bf1f1b462a613f7093e3c8c156553a522198df949ba818e0ccf,2023-02,Warwickshire Police,Warwickshire Police,-1.237724,52.400084,On or near Lancut Hill,E01032891,Rugby 001F,Action to be taken by another organisation
cf234fe9c10d58c2c73692da0124ba56f1963265369e671b72fc93b4c0f56b75,2023-02,Warwickshire Police,Warwickshire Police,,,No location,,,Investigation complete; no suspect identified
e2dd219bac347e894f8a8002c170a87f34c42d45f4142f026e5c647e5df98060,2023-02,Warwickshire Police,Warwickshire Police,-1.468127,52.502601,On or near Coventry Road,E01031118,Nuneaton and Bedworth 009D,Suspect charged
e462b80bb372adbf8654092e902be63629df9fdd55bca17ea892cfc1cf45b7a4,2023-02,Warwickshire Police,Warwickshire Police,-1.468127,52.502601,On or near Coventry Road,E01031118,Nuneaton and Bedworth 009D,Suspect charged
a1f87af55836037a7f500720ed74232af9e2305e29f82c7d298095c3ae0a9edb,2023-02,Warwickshire Police,Warwickshire Police,-1.727895,52.198113,On or near Drayton Close,E01031238,Stratford-on-Avon 009F,Unable to prosecute suspect
2f5dd66ba5f6d31be33ec71fd30d4b6598014607a72012e81d07573c386555f0,2023-02,Warwickshire Police,Warwickshire Police,-1.464355,52.505110,On or near Poyser Road,E01031118,Nuneaton and Bedworth 009D,Unable to prosecute suspect
a9e1a1bc0cf89511a43af11232b291a52d8390ce94f661c092685e7d2d35c57d,2023-02,Warwickshire Police,Warwickshire Police,-1.526140,52.274739,On or near Southway,E01031264,Warwick 013D,Investigation complete; no suspect identified
8fe60aaef545e51030be32da7cfed143cf693c9fa22f54716a03b037e01c5966,2023-02,Warwickshire Police,Warwickshire Police,-1.256575,52.396968,On or near Hazel Close,E01032892,Rugby 001G,Investigation complete; no suspect identified
4d772af0f713e351bb7bfeed0a1c684f9bfca3930735323f54ccc2af2dac20a7,2023-02,Warwickshire Police,Warwickshire Police,-1.233277,52.396325,On or near Sedge Road,E01032892,Rugby 001G,Investigation complete; no suspect identified
a98e352b9e0d408de211c8f70093f48c4af869344bb8f8af22eec97403920c98,2023-02,Warwickshire Police,Warwickshire Police,-1.534190,52.289821,On or near ,E01033253,Warwick 007H,Investigation complete; no suspect identified
ff26340e02ba71bbea9d51e808f215be462ab20817e3f8645e6c85a962fc90ce,2023-02,Warwickshire Police,Warwickshire Police,-1.534190,52.289821,On or near ,E01033253,Warwick 007H,Investigation complete; no suspect identified
a5cfa0088d59caea7b9ba6c0811775a7ce0a03ed901a4fc1334f1593c1b28039,2023-02,Warwickshire Police,Warwickshire Police,-1.562619,52.523134,On or near Galley View,E01031005,North Warwickshire 005A,Unable to prosecute suspect
0fe419ca3a8dc48a1fd5642eea42daa3498c14d99f8d9439e708b7f0e7714be2,2023-02,Warwickshire Police,Warwickshire Police,-1.508133,52.514982,On or near Seeswood Close,E01031050,Nuneaton and Bedworth 008C,Unable to prosecute suspect
cb53fb642f061b4d1e46b2cd5313f845fdc1453e1d513e5dec8d7cc9858a3f31,2023-02,Warwickshire Police,Warwickshire Police,-1.233277,52.396325,On or near Sedge Road,E01032892,Rugby 001G,Investigation complete; no suspect identified
cee0de95c5bb0a78e472cb7d0fc1cee8c731e65f635c4ab589312c7604122add,2023-02,Warwickshire Police,Warwickshire Police,-1.220598,52.382738,On or near ,E01031129,Rugby 001B,Investigation complete; no suspect identified
f9177332a25ab54b04a8d62a4a445a518951796640b6499da0c45a83f7000a8b,2023-02,Warwickshire Police,Warwickshire Police,-1.513758,52.530027,On or near Trafford Drive,E01032890,Nuneaton and Bedworth 002F,Unable to prosecute suspect
c942cab3d62899ab88f5bf0e0b97f3943eec3f64b4297f977c1800d58203215c,2023-02,Warwickshire Police,Warwickshire Police,-1.534377,52.292905,On or near ,E01033253,Warwick 007H,Unable to prosecute suspect
1e3c2cdc7f1cdc55e2cdd1cf9287cd18986d05f838792cf78b0b4aa0e08a25b7,2023-02,Warwickshire Police,Warwickshire Police,-1.680995,52.446315,On or near ,E01031028,North Warwickshire 007D,Unable to prosecute suspect
b68362960c51d119d52f71cef2ba0bfe3f5b84b4aabb82380a3c4242b05a3b1c,2023-02,Warwickshire Police,Warwickshire Police,-1.190809,52.360665,On or near Mountbatten View,E01032892,Rugby 001G,Unable to prosecute suspect
e1be371e13debf358bdfefe67e376f3e5aabf955c65faac384b332a6721382f6,2023-02,Warwickshire Police,Warwickshire Police,-1.457208,52.517196,On or near Park Street,E01031052,Nuneaton and Bedworth 010A,Unable to prosecute suspect
5505a079a108c880111e86e362cc716885efab19625ec7154f090b3f65f301b5,2023-02,Warwickshire Police,Warwickshire Police,-1.510051,52.301015,On or near The Crest,E01031273,Warwick 006A,Investigation complete; no suspect identified
a02486d923c554360dbe99d45d63adfbbd094280908e91492eae5d30995f78fc,2023-02,Warwickshire Police,Warwickshire Police,-1.469343,52.521494,On or near ,E01031043,Nuneaton and Bedworth 005A,Investigation complete; no suspect identified
a0c28b622df5e7865391ffcb0fbffa221120e764c60246f3af112e286675826e,2023-02,Warwickshire Police,Warwickshire Police,-1.267578,52.360842,On or near St Georges Avenue,E01031146,Rugby 009D,Unable to prosecute suspect
0f945e557cd3733198660b8cc6305743d83d36832796c0a956908beb10e9a020,2023-02,Warwickshire Police,Warwickshire Police,-1.382581,52.281206,On or near Cuckoo Close,E01031211,Stratford-on-Avon 005G,Investigation complete; no suspect identified
6606b591d907f7cec6812d258a43d651fa808155dea71f9df4461180966efc09,2023-02,Warwickshire Police,Warwickshire Police,-1.445426,52.540003,On or near Bladon Close,E01031110,Nuneaton and Bedworth 001A,Unable to prosecute suspect
f0f3c01181227fb05cf2ba9a0e96930d08b5da449b32a6e11cabfe80c4e9a7d7,2023-02,Warwickshire Police,Warwickshire Police,-1.298726,52.366308,On or near Elder Close,E01032895,Rugby 007H,Investigation complete; no suspect identified
38e6a4f966d15c9235124a380bfce62b4a0a6f7fa952e8c9112c5f5207515778,2023-02,Warwickshire Police,Warwickshire Police,-1.478938,52.467893,On or near Trenance Road,E01031098,Nuneaton and Bedworth 015D,Investigation complete; no suspect identified
c759748e9ece7e4e4b4cd4b0cf5bb1eacbeb507bd56a1865dbf19a86f358a017,2023-02,Warwickshire Police,Warwickshire Police,-1.559262,52.347257,On or near ,E01031298,Warwick 002C,Unable to prosecute suspect
56112378d24fee0382decdd70bd50ef75569579174e01a58d953a089c52b4f8b,2023-02,Warwickshire Police,Warwickshire Police,-1.267578,52.360842,On or near St Georges Avenue,E01031146,Rugby 009D,Unable to prosecute suspect
54b63909781306ac394a54616a09c9771765f0e06e64274af36446a49995e899,2023-02,Warwickshire Police,Warwickshire Police,-1.436949,52.531863,On or near Keswick Close,E01031103,Nuneaton and Bedworth 003D,Unable to prosecute suspect
28cbb5c935f0beb35df89d783665196ff21fb8d31464dc973dba1d5422427b28,2023-02,Warwickshire Police,Warwickshire Police,-1.308881,52.379988,On or near West Street,E01031164,Rugby 007D,Unable to prosecute suspect
ed1b10000ab12f7e5bc17f1ee7863e4e506bb337d580f9871d579bb7873e9ba4,2023-02,Warwickshire Police,Warwickshire Police,-1.478453,52.525121,On or near Manor Court Road,E01031045,Nuneaton and Bedworth 005C,Unable to prosecute suspect
90a79d4398cfb9f0869ed048924bbc390aa614298c4b3943880d3dd5f835d621,2023-02,Warwickshire Police,Warwickshire Police,-1.500237,52.530403,On or near Laburnum Grove,E01032890,Nuneaton and Bedworth 002F,Suspect charged
7696c87225861f419d12ab0399681bbaa7f1ef28a2c224bea34649768c996e6f,2023-02,Warwickshire Police,Warwickshire Police,-1.460027,52.509621,On or near Morris Drive,E01031116,Nuneaton and Bedworth 009B,Unable to prosecute suspect
a9646b6f3864c143be8bb65c60dd060fed451b32d9d2ac50534d89be7177903d,2023-02,Warwickshire Police,Warwickshire Police,-1.893693,52.283382,On or near Abbeyfields Drive,E01031213,Stratford-on-Avon 001A,Investigation complete; no suspect identified
95a5c375d28813dec833bc726442c47f816afcf2f72a2be7bb68dbc25f70b578,2023-02,Warwickshire Police,Warwickshire Police,-1.473900,52.484251,On or near Leicester Road,E01031064,Nuneaton and Bedworth 013C,Unable to prosecute suspect
004930b80f7adcfe14a42f96176f80af7d55901b02ca8f308e0a971c64624251,2023-02,Warwickshire Police,Warwickshire Police,-1.576148,52.351481,On or near Manor Road,E01031256,Warwick 001C,Investigation complete; no suspect identified
b4b8db89f21473b3b3899b2b326b350792c7ca33f8c6cf0c5efe516e21017c8d,2023-02,Warwickshire Police,Warwickshire Police,-1.462347,52.523530,On or near Wheat Street,E01031043,Nuneaton and Bedworth 005A,Offender given a caution
3bf9d5a6caffde060badb5ad3246fc2b1c4349fa5ade91da2d9a2936b67badbb,2023-02,Warwickshire Police,Warwickshire Police,-1.706893,52.499099,On or near High Street,E01031021,North Warwickshire 006C,Unable to prosecute suspect
f43bbfdb72c5f5aed026045f526d994ad51f79811c767a9e7ff81bd2c21f49c7,2023-02,Warwickshire Police,Warwickshire Police,-1.445426,52.540003,On or near Bladon Close,E01031110,Nuneaton and Bedworth 001A,Investigation complete; no suspect identified
af48a5104ad80927c2fb338fc593b9022e7aaf249cb857d629c8468903f39207,2023-02,Warwickshire Police,Warwickshire Police,-1.584514,52.310947,On or near ,E01031284,Warwick 004D,Investigation complete; no suspect identified
4f640d5beed42e0dbe11cfe60290823b0d7e20bdc07690334772fb0bad85000f,2023-02,Warwickshire Police,Warwickshire Police,-1.710658,52.196229,On or near A3400,E01031229,Stratford-on-Avon 009B,Investigation complete; no suspect identified
92f0272b0e099158c3b6e67bef20a977c8f21ba84ca026e3366636d08e96c86d,2023-02,Warwickshire Police,Warwickshire Police,-1.553306,52.291486,On or near The Spinney,E01031293,Warwick 009D,Investigation complete; no suspect identified
6e31a1541924cd11871dd5684e9bcaa155d091fef7eac920f37749a416ef0dbf,2023-02,Warwickshire Police,Warwickshire Police,-1.509548,52.468563,On or near Acorn Close,E01031086,Nuneaton and Bedworth 016A,Unable to prosecute suspect
7a9f6bec68c1eeca49a9d7c8307baca518ae8274e973a6635d09a931114205de,2023-02,Warwickshire Police,Warwickshire Police,-1.530373,52.293051,On or near Lansdowne Street,E01031272,Warwick 007B,Unable to prosecute suspect
7d2064859da5da7ccd5e482b1d88d0b5edd3430031adc1d99749969bad8b80fe,2023-02,Warwickshire Police,Warwickshire Police,-1.487489,52.519974,On or near North Street,E01031059,Nuneaton and Bedworth 006C,Unable to prosecute suspect
85fa00cd30a7e280313c0287188680ee11987761892066d94b3d6ef695e4aa7f,2023-02,Warwickshire Police,Warwickshire Police,-1.478730,52.524098,On or near Clarence Street,E01031046,Nuneaton and Bedworth 005D,Unable to prosecute suspect
a2683b3cf66e04c71c089d6751c878e5ee897ee2935a9569f9c86892f76334ea,2023-02,Warwickshire Police,Warwickshire Police,-1.852964,52.165547,On or near Icknield Street,E01031192,Stratford-on-Avon 012D,Unable to prosecute suspect
1046fa6d3548d5eb7382a80c23987830a3025226f4a8e5fb37c42d18acdc5d67,2023-02,Warwickshire Police,Warwickshire Police,-1.577953,52.340568,On or near ,E01031258,Warwick 001E,Investigation complete; no suspect identified
68657902d6b8e43aa1dae4b007d9611a463bcf04317a83500993386aef5c8369,2023-02,Warwickshire Police,Warwickshire Police,-1.473506,52.490137,On or near Hill Street,E01031109,Nuneaton and Bedworth 012E,Unable to prosecute suspect
175469275eaca36756f95abd975d151c58cc65eebf97ca44b14ad1a3d77f1879,2023-02,Warwickshire Police,Warwickshire Police,-1.627259,52.295024,On or near ,E01031268,Warwick 014D,Unable to prosecute suspect
aa0ae9ea2d1ffa4dd14a81e74c36920f787fd4695cc9a0636c6f571f5dc1303e,2023-02,Warwickshire Police,Warwickshire Police,-1.893693,52.283382,On or near Abbeyfields Drive,E01031213,Stratford-on-Avon 001A,Investigation complete; no suspect identified
b9a79643fb1045297ff058409a17a258da0fd9e13b42113b29eaaa8870b6d2e3,2023-02,Warwickshire Police,Warwickshire Police,-1.860113,52.170266,On or near Laxton Way,E01031190,Stratford-on-Avon 012B,Unable to prosecute suspect
975031c117f9dd91aba0cbbc8bc133ea2ae113cbdb4fede9022641152c85b512,2023-02,Warwickshire Police,Warwickshire Police,-1.898455,52.265118,On or near Lords Lane,E01031242,Stratford-on-Avon 003D,Unable to prosecute suspect
ba53b9f0ca43d0d779ed7a8199dbe74db37ed4203639dc1e9156584b2f9e6cc2,2023-02,Warwickshire Police,Warwickshire Police,-1.898455,52.265118,On or near Lords Lane,E01031242,Stratford-on-Avon 003D,Unable to prosecute suspect
b5fc0e2eb8363b850d129acb134424e2cfc524fcba47c587e52068903ccbbced,2023-02,Warwickshire Police,Warwickshire Police,-1.491561,52.479995,On or near Charles Eaton Road,E01031106,Nuneaton and Bedworth 012B,Investigation complete; no suspect identified
43b61513cd4350e9d473736631edf9c581b18b1c0b015af6992c3403dc4af916,2023-02,Warwickshire Police,Warwickshire Police,-1.495359,52.523792,On or near Black-A-Tree Road,E01031057,Nuneaton and Bedworth 006A,Unable to prosecute suspect
b5fe33da953c49c32917a8486b27e151891e1bd45441417072d1eb67f12f6f59,2023-02,Warwickshire Police,Warwickshire Police,-1.479125,52.486944,On or near Holbein Close,E01031107,Nuneaton and Bedworth 012C,Investigation complete; no suspect identified
2e4b05e6b4ffeaa1041e7ca7ff62c5863679ce046f5a8f009a6bc3d128746048,2023-02,Warwickshire Police,Warwickshire Police,-1.620658,52.068219,On or near Caudlewell Drive,E01031215,Stratford-on-Avon 015D,Investigation complete; no suspect identified
33c009b2c3270c29378693229c830979e6f11f1e327e50be96726e06a4e8cf4a,2023-02,Warwickshire Police,Warwickshire Police,-1.495286,52.521158,On or near Somerset Drive,E01031058,Nuneaton and Bedworth 006B,Suspect charged
c2616002c9af6797fce822fb82e7be57965e196e65423eaebb07af384700d697,2023-02,Warwickshire Police,Warwickshire Police,-1.626051,52.462741,On or near Kinwalsey Lane,E01031028,North Warwickshire 007D,Investigation complete; no suspect identified
871ee03f9d84f2ca7ed1e8d9614f102e2e6cefce9214e5c635d8217b0028c741,2023-02,Warwickshire Police,Warwickshire Police,-1.549866,52.576900,On or near Tenter Street,E01031009,North Warwickshire 003A,Unable to prosecute suspect
4ad153eae0910e737da45f6c061022dbc0a22c8f1d05e5aafae9342d256e9b25,2023-02,Warwickshire Police,Warwickshire Police,-1.593011,52.280050,On or near Westgate Close,E01031324,Warwick 011D,Investigation complete; no suspect identified
3f860a36ec11a1739f7a520fbf3ad1adf75ac0d83fe6555dfb9971f0695678f0,2023-02,Warwickshire Police,Warwickshire Police,-1.701910,52.536736,On or near Church Lane,E01031024,North Warwickshire 004B,Investigation complete; no suspect identified
7529ee90e029d0201f15ea0db4f8c71653745acfd42583395410370987de9ca7,2023-02,Warwickshire Police,Warwickshire Police,-1.275055,52.368781,On or near Webb Ellis Road,E01031167,Rugby 006A,Investigation complete; no suspect identified
c9d6043afe315c8ff58522223427c6dc6f5e869277aeeeef6f68c2df291e8076,2023-02,Warwickshire Police,Warwickshire Police,-1.454274,52.511321,On or near Hilditch Way,E01031117,Nuneaton and Bedworth 009C,Investigation complete; no suspect identified
232c73bcb10d8bcc51aa3cebf54358b8e17fdc27446b768a039735aed2dc5ff1,2023-02,Warwickshire Police,Warwickshire Police,-1.427914,52.457903,On or near Lower Road,E01031159,Rugby 001C,Investigation complete; no suspect identified
6eec213c6761471ceee2d214e6e7c7db6df89532f6d1ebc1334419374ad7d12d,2023-02,Warwickshire Police,Warwickshire Police,-1.526535,52.518006,On or near Brendon Way,E01031090,Nuneaton and Bedworth 007A,Investigation complete; no suspect identified
49b723a0619be682b94e4928e082595113761db56eff26cea2e67a2790f69270,2023-02,Warwickshire Police,Warwickshire Police,-1.644597,52.583281,On or near ,E01031031,North Warwickshire 002D,Investigation complete; no suspect identified
52607b29675348ea2b0f1797b349a5615d357ce22f39de256ee267c49083ff66,2023-02,Warwickshire Police,Warwickshire Police,-1.690449,52.152646,On or near Shipston Road,E01031196,Stratford-on-Avon 014A,Investigation complete; no suspect identified
57affa74f0e7f1d2e803ae89529921d145382a0c22e8d27e6d0d3f9be9de47a7,2023-02,Warwickshire Police,Warwickshire Police,-1.504798,52.217059,On or near Warwick Services Northbound,E01031199,Stratford-on-Avon 005C,Investigation complete; no suspect identified
19573cd55971f6e2c041ca1b38f6acc9ea86b37a31f8bd289a340cafa8a28ee9,2023-02,Warwickshire Police,Warwickshire Police,-1.483446,52.481371,On or near Ashford Drive,E01031105,Nuneaton and Bedworth 012A,Investigation complete; no suspect identified
6bb639082cb8bf032b5b539f022561463034a8f94e261461d577f45a2e313c1e,2023-02,Warwickshire Police,Warwickshire Police,-1.542704,52.261697,On or near King Edward Drive,E01031259,Warwick 014A,Suspect charged
00c3c39d0639b92390ffbd8f115647a851d8ff2ad4663415e949954b754194d9,2023-02,Warwickshire Police,Warwickshire Police,-1.265646,52.363104,On or near Southbrook Road,E01031146,Rugby 009D,Unable to prosecute suspect
a5273763cde0b44fbbf34f0ec818957ae62e34ab67a4bb7c61edf516c7bc7808,2023-02,Warwickshire Police,Warwickshire Police,-1.291097,52.359358,On or near The Green,E01031136,Rugby 011C,Unable to prosecute suspect
b99802e112a808194c2f957d426392e684ed0f760661507e29d1c025fb37b24b,2023-02,Warwickshire Police,Warwickshire Police,-1.548532,52.586163,On or near Willday Drive,E01031011,North Warwickshire 003C,Unable to prosecute suspect
aec5df2f427708dc32bb8d00e1b9f4aee507c7f671cf9249959bae291d4640d5,2023-02,Warwickshire Police,Warwickshire Police,-1.536851,52.291899,On or near Warwick Street,E01033256,Warwick 007I,Unable to prosecute suspect
4697c44917b1ece55caa6eb1efee4f023fc9e3380113d0f40447d76e573098bc,2023-02,Warwickshire Police,Warwickshire Police,-1.466159,52.482652,On or near Johnson Road,E01031096,Nuneaton and Bedworth 015B,Unable to prosecute suspect
628141acf1725af91e53de9fe0170abf6afd3f736bafb0937450a663819dfd88,2023-02,Warwickshire Police,Warwickshire Police,-1.467202,52.506031,On or near Dorlecote Road,E01031118,Nuneaton and Bedworth 009D,Unable to prosecute suspect
98c13bca797e13e47f8560fdab2971cf73414e3e2842a302efbdacfdc6ec6617,2023-02,Warwickshire Police,Warwickshire Police,-1.552473,52.269322,On or near Dove Drive,E01031318,Warwick 012D,Unable to prosecute suspect
3a6a7715b5392939d871ff6013603362ce4bbcc663d59501889a17f7d7e35320,2023-02,Warwickshire Police,Warwickshire Police,-1.524861,52.277908,On or near Alexandra Road,E01031263,Warwick 013C,Unable to prosecute suspect
127ff5c37e11c05c507b28a47262461f80d62d213052691b2391a393847de930,2023-02,Warwickshire Police,Warwickshire Police,-1.723605,52.196386,On or near Baker Avenue,E01031238,Stratford-on-Avon 009F,Investigation complete; no suspect identified
945226e3fcf57ae57c8bae995a87f21566d86038bf5e8267d43ca29a2728ba1a,2023-02,Warwickshire Police,Warwickshire Police,-1.581288,52.343570,On or near Smalley Place,E01031256,Warwick 001C,Unable to prosecute suspect
d05c13e15e6c0c15e15841840d515529b7f18a0eadd5f7a6016331cdf91252f5,2023-02,Warwickshire Police,Warwickshire Police,-1.717503,52.194160,On or near ,E01031238,Stratford-on-Avon 009F,Investigation complete; no suspect identified
0e51e787dd7e159212cc5a621009816432cc722c3d28d796ce07821a428b266a,2023-02,Warwickshire Police,Warwickshire Police,-1.549866,52.576900,On or near Tenter Street,E01031009,North Warwickshire 003A,Investigation complete; no suspect identified
c5ca6d1d411e1f2a77d1fd27837e775b042eb48cca1162b630126b8c7809f262,2023-02,Warwickshire Police,Warwickshire Police,-1.588140,52.290075,On or near Percy Road,E01031321,Warwick 011A,Unable to prosecute suspect
4ef474a00515a5ab81cc84de6dd25e45c10620ec2d3f4ed807ca6c76ed2cd38d,2023-02,Warwickshire Police,Warwickshire Police,-1.371849,52.249242,On or near Squadron Avenue,E01031219,Stratford-on-Avon 004A,Unable to prosecute suspect
d63499483a8f3b6d89f64adb50b71a65ba120f6ec3f56d319d8895e1d9260223,2023-02,Warwickshire Police,Warwickshire Police,-1.254485,52.373589,On or near Murrayian Close,E01031132,Rugby 005C,Unable to prosecute suspect
d193879d8871ec0bc5d10cacb18e51cc1f93ddf17573ce0f4007eef217ba9bf2,2023-02,Warwickshire Police,Warwickshire Police,-1.216739,52.364175,On or near Pine Grove,E01031161,Rugby 010A,Unable to prosecute suspect
eab66b996b91d33e0561932b786ccd8ddc7555b61ee6cf43165c062cf9e25ccd,2023-02,Warwickshire Police,Warwickshire Police,-1.263638,52.373476,On or near ,E01031173,Rugby 003C,Unable to prosecute suspect
79186bd3aa730d5c626d79cf88c8e5236e10127387711e527e04663cfbdba7a0,2023-02,Warwickshire Police,Warwickshire Police,-1.591287,52.281033,On or near Market Street,E01031324,Warwick 011D,Unable to prosecute suspect
91ab7d71f9e3ccd4c391a3747606ea418d683747587d61e0f7bc2beaa72d42e8,2023-02,Warwickshire Police,Warwickshire Police,-1.509550,52.277351,On or near Charlecote Gardens,E01031334,Warwick 010D,Investigation complete; no suspect identified
c38164616de3f02fab7d1f940ed1584e93eaa74b86abc8790a4830f3b94f6f48,2023-02,Warwickshire Police,Warwickshire Police,-1.508300,52.530427,On or near Long Kiln Road,E01032890,Nuneaton and Bedworth 002F,Investigation complete; no suspect identified
d8f31ad8ba5c7a6c1843abf0c322598c32d280cbf7cb374cf02013ab55b7e7ae,2023-02,Warwickshire Police,Warwickshire Police,-1.553090,52.266249,On or near Cox Gardens,E01031318,Warwick 012D,Investigation complete; no suspect identified
caf19479933780093292bef8b6d3d54f1bf30c64234fd3a6d85b32ab444ffad0,2023-02,Warwickshire Police,Warwickshire Police,-1.449604,52.508953,On or near Ivanhoe Avenue,E01031054,Nuneaton and Bedworth 010C,Unable to prosecute suspect
0afdc32de090bbdfa352e3d7ccb7957b4c2b61c2a062695908ccfa0020b01a99,2023-02,Warwickshire Police,Warwickshire Police,-1.257210,52.388018,On or near Leicester Road,E01031141,Rugby 002E,Investigation complete; no suspect identified
26b56738cbdfd70a564dc0c38ac102b382aa89542a5cf58c2c0d21a2347c8d21,2023-02,Warwickshire Police,Warwickshire Police,-1.895462,52.273197,On or near Marble Alley,E01031239,Stratford-on-Avon 003A,Investigation complete; no suspect identified
84c8ae7dbbe4198e826473caae78870c0b5e188082beb48622c1a36716d990f4,2023-02,Warwickshire Police,Warwickshire Police,-1.743714,52.337543,On or near Pound Close,E01031282,Warwick 004B,Unable to prosecute suspect
9e127146192a05aec2cb2578f1078970a79150d9aa760e918a33ccf3f0424773,2023-02,Warwickshire Police,Warwickshire Police,-1.423850,52.473904,On or near Neale Close,E01031067,Nuneaton and Bedworth 014A,Investigation complete; no suspect identified
866f4b18c406d0c43ac6e0b9d8a3feafc30718e1eebabca3e46459354c7ce601,2023-02,Warwickshire Police,Warwickshire Police,-1.738008,52.122894,On or near The Close,E01031212,Stratford-on-Avon 014B,Investigation complete; no suspect identified
6ca42596c68f02aa5751efe69bac93cfea46ea25a4d24a347367b26b663e0314,2023-02,Warwickshire Police,Warwickshire Police,-1.462937,52.524719,On or near Regent Street,E01031043,Nuneaton and Bedworth 005A,Investigation complete; no suspect identified
6c51d5912f494987d1370bc564a4bfad53e1890eb7faa129bb148d97d3050069,2023-02,Warwickshire Police,Warwickshire Police,-1.797214,52.176118,On or near B439,E01031188,Stratford-on-Avon 007B,Investigation complete; no suspect identified
59a681d4e10943abb06cad267fb57c32a199a7114d6b3747042a6c6f8bf782d4,2023-02,Warwickshire Police,Warwickshire Police,-1.784148,52.587770,On or near Hill Lane,E01031023,North Warwickshire 004A,Investigation complete; no suspect identified
bfef2563f2146a71418fbe82496bb26c24aca7aa0217752c2433995af789b722,2023-02,Warwickshire Police,Warwickshire Police,,,No location,,,Investigation complete; no suspect identified
36e4654657e9c3d5e684bf83383422113a4428176edf7b1720a611c0df7a31fe,2023-02,Warwickshire Police,Warwickshire Police,-1.721339,52.200690,On or near ,E01031231,Stratford-on-Avon 009D,Unable to prosecute suspect
2151831dce76b687bd518ffa7c00046544f48b49c7186186dc42f96357f31fd1,2023-02,Warwickshire Police,Warwickshire Police,-1.891634,52.159655,On or near Cherry Tree Crescent,E01031189,Stratford-on-Avon 012A,Unable to prosecute suspect
e825fd296165fa58aac9a75fb2a0bc15b20eaa1872d49ad5182d04fb039bd45e,2023-02,Warwickshire Police,Warwickshire Police,-1.783399,52.589927,On or near London Road,E01029488,Lichfield 012A,Investigation complete; no suspect identified
793fc37b1fd6d8ca1edb5e80691c1bc9213135e233539bab809954c024c438db,2023-02,Warwickshire Police,Warwickshire Police,-1.732679,52.200731,On or near Trevelyan Crescent,E01031236,Stratford-on-Avon 009E,Investigation complete; no suspect identified
fd9d1fba18137966c832e3e58458b72e545f85be35be2f723ba957e76a28f34f,2023-02,Warwickshire Police,Warwickshire Police,-1.897930,52.264182,On or near Ridgeway Close,E01031242,Stratford-on-Avon 003D,Unable to prosecute suspect
9df0c9e668d9d815bc389dee52337dc366055e6fac2f8e4f1c3939ed81e1ad9d,2023-02,Warwickshire Police,Warwickshire Police,-1.540114,52.299617,On or near Spilsbury Close,E01031285,Warwick 007C,Action to be taken by another organisation
7773eaa0122a1f3ae47a3e55c6d170fcf1277aeb25f8504a372eb8580ebb2970,2023-02,Warwickshire Police,Warwickshire Police,,,No location,,,Investigation complete; no suspect identified
0bba0f7dd3b3ddff7c902027172ef5def7d5f725ba4fda135922e0f923650c6b,2023-02,Warwickshire Police,Warwickshire Police,-1.591287,52.281033,On or near Market Street,E01031324,Warwick 011D,Suspect charged
1650e910ba2dae8f1b108b4b7d6c8eb265611606cb2b22c50c7fffca67feb6bd,2023-02,Warwickshire Police,Warwickshire Police,-1.506045,52.218116,On or near ,E01031199,Stratford-on-Avon 005C,Investigation complete; no suspect identified
d66f9859aceca755a5d7763d2f7fdba98f2890f81b489dbd7f207123207b39d2,2023-02,Warwickshire Police,Warwickshire Police,-1.537327,52.291254,On or near Windsor Place,E01033256,Warwick 007I,Suspect charged
75c1ce4077a39bf473803c1de8439c6ee150dc7c648976fa1dd30b268c632254,2023-02,Warwickshire Police,Warwickshire Police,-1.537327,52.291254,On or near Windsor Place,E01033256,Warwick 007I,Suspect charged
35c8fd4256f570b786d1d5ed1a6f9a1d7cf7824f8dd7fc90c3a072eb997b8e84,2023-02,Warwickshire Police,Warwickshire Police,-1.531294,52.279381,On or near St John's Road,E01031261,Warwick 013A,Investigation complete; no suspect identified
950ed5b4d36dbe3b49e40185a2d15b159ae1b6ff040f00e6d6d5f98ec70e9b26,2023-02,Warwickshire Police,Warwickshire Police,-1.451294,52.368319,On or near Glenfern Gardens,E01031181,Rugby 004E,Investigation complete; no suspect identified
40935248a35b598af393c331d163f02657047d7d561a1d07288d27d3fef1e27e,2023-02,Warwickshire Police,Warwickshire Police,-1.256663,52.377702,On or near Alexandra Road,E01031174,Rugby 003D,Investigation complete; no suspect identified
6dbc42c672147dac882e36f42dc8db1b88c34c5ce69a20d88e8e516cfc0a3b3d,2023-02,Warwickshire Police,Warwickshire Police,-1.592742,52.202174,On or near Hopkins Way,E01031253,Stratford-on-Avon 008G,Unable to prosecute suspect
7049135124d98b7167d6790b09d4fd62853ab074a11732b5aea0d5987c87063e,2023-02,Warwickshire Police,Warwickshire Police,-1.569474,52.341730,On or near Ash Drive,E01031307,Warwick 003E,Unable to prosecute suspect
ed6d693f90a08d8c157a2a43422aa6386c966008a049f6aa7a659999732d2da9,2023-02,Warwickshire Police,Warwickshire Police,-1.715087,52.194585,On or near Stephenson Row,E01031229,Stratford-on-Avon 009B,Investigation complete; no suspect identified
fcc8d1b002c749a7302b26188dd3aa6347a3f5c4a14744041a83cce491eee149,2023-02,Warwickshire Police,Warwickshire Police,-1.852964,52.165547,On or near Icknield Street,E01031192,Stratford-on-Avon 012D,Unable to prosecute suspect
9934965affae1027dae7c2b4b5cf7801c19fba469f7e7516ab4f328abd7633da,2023-02,Warwickshire Police,Warwickshire Police,-1.893378,52.279816,On or near ,E01031213,Stratford-on-Avon 001A,Unable to prosecute suspect
9f1d5f92b63385de54c43bf4564c1c0426347056f9c0b56784828a672b39b7fa,2023-02,Warwickshire Police,Warwickshire Police,-1.509328,52.537354,On or near Hillside Drive,E01031073,Nuneaton and Bedworth 002C,Unable to prosecute suspect
f752d0598f37b0aeacb8d51d8deba5c68d2087fe3223e27adc1396c497194330,2023-02,Warwickshire Police,Warwickshire Police,-1.447117,52.125873,On or near Old Road,E01031194,Stratford-on-Avon 013A,Investigation complete; no suspect identified
6fe5608b85402bb362c9c3cd4a31ad5ef1eb5c379bfb79259d0b20dc47b15b2e,2023-02,Warwickshire Police,Warwickshire Police,-1.459668,52.532903,On or near Carisbrook Road,E01031114,Nuneaton and Bedworth 001E,Unable to prosecute suspect
2dcfc41c82b2e9d3d1086967aaf5337760d889a08bf37a89bbef6cab34cf62c7,2023-02,Warwickshire Police,Warwickshire Police,-1.822079,52.193150,On or near Croft Lane,E01031188,Stratford-on-Avon 007B,Investigation complete; no suspect identified
354e57f478fcb351b6e19fb4f5aca63538e5bf538eed781e26c5efe570d8b6ff,2023-02,Warwickshire Police,Warwickshire Police,-1.464523,52.485180,On or near Conifer Close,E01031066,Nuneaton and Bedworth 013E,Unable to prosecute suspect
f4af039384f0a597abca51db378726ce34b75f387c0fbaa8e39698a626f12262,2023-02,Warwickshire Police,Warwickshire Police,-1.620320,52.613906,On or near Dexter Way,E01031039,North Warwickshire 001E,Investigation complete; no suspect identified
3749885e1cd7f2b461434ea550f38fce8b9de9ec802625089798d92f06b28d73,2023-02,Warwickshire Police,Warwickshire Police,-1.697355,52.257087,On or near Wolverton Road,E01031217,Stratford-on-Avon 008A,Investigation complete; no suspect identified
69aef8af28eec975fdfab648768405d5c7d7bbf2f1d00c97b1e896ae25fb637a,2023-02,Warwickshire Police,Warwickshire Police,-1.530248,52.277174,On or near Hitchman Mews,E01031262,Warwick 013B,Unable to prosecute suspect
0abe18010447d6c59cde3497492b51ae373a46f7d0f87b0afcf7e7d9f6bc45ee,2023-02,Warwickshire Police,Warwickshire Police,-1.454508,52.525787,On or near Crossing Gates,E01031100,Nuneaton and Bedworth 003A,Unable to prosecute suspect
98a72eabad88d00c65c6666150b6429137d81dc9b600712fd47051805fe805b5,2023-02,Warwickshire Police,Warwickshire Police,-1.623646,52.281851,On or near Woodway Avenue,E01031267,Warwick 014C,Investigation complete; no suspect identified
dbccd2f6e09dba4f1e7077562ad5e42b5e2a714662c552c7e353f48505e6dbbb,2023-02,Warwickshire Police,Warwickshire Police,-1.291769,52.343970,On or near ,E01031147,Rugby 012A,Investigation complete; no suspect identified
a5fb17d2b486068ddb0a631df25a4ee462b2d01852ef82773692f9c4b385a391,2023-02,Warwickshire Police,Warwickshire Police,-1.445284,52.546583,On or near Nuneaton Lane,E01031110,Nuneaton and Bedworth 001A,Investigation complete; no suspect identified
4755464fc715ba06cf785ba021572aaaa6eb712d8b4b436d842b6cd481271c31,2023-02,Warwickshire Police,Warwickshire Police,-1.520801,52.354025,On or near ,E01031308,Warwick 005G,Unable to prosecute suspect
6455c8b016b29ab067f14c12c4fbd770ae8bc597bd1d684f31faedb5ec414d13,2023-02,Warwickshire Police,Warwickshire Police,-1.496838,52.474318,On or near Bryony Close,E01031087,Nuneaton and Bedworth 016B,Unable to prosecute suspect
5147952b3a8d88f96dd5edb1114a6051af5735e407cf7e575b512ec01aef0040,2023-02,Warwickshire Police,Warwickshire Police,-1.732923,52.191642,On or near Cottage Lane,E01031233,Stratford-on-Avon 011B,Investigation complete; no suspect identified
3e408776c9e245800449972f1f63c8380c7a98ab17e3e76d8a3a21e1229f673b,2023-02,Warwickshire Police,Warwickshire Police,-1.349493,52.324532,On or near ,E01031149,Rugby 012C,Unable to prosecute suspect
9f0c0d38853b5c39e8118e6a42f7e3ef54677deb5050300f05c2278d81f63bf7,2023-02,Warwickshire Police,Warwickshire Police,-1.625428,52.647040,On or near New Road,E01031035,North Warwickshire 001A,Investigation complete; no suspect identified
d845e59f4ad8eeec3a0f4924df4676cf1c59943d602d35a638e72fee4a7f62ea,2023-02,Warwickshire Police,Warwickshire Police,-1.526385,52.521044,On or near Poachers Close,E01031090,Nuneaton and Bedworth 007A,Investigation complete; no suspect identified
5d7c744ae5edfeb2122289b1502d89771516a497919f645fc932647a76d0c530,2023-02,Warwickshire Police,Warwickshire Police,-1.714876,52.204699,On or near Elm Road,E01031230,Stratford-on-Avon 009C,Action to be taken by another organisation
1f02948fbd439779591572b047e5b17909fe2c560695b815106a4cfc7deac34e,2023-02,Warwickshire Police,Warwickshire Police,-1.675200,52.313811,On or near Ludlows Lane,E01031283,Warwick 004C,Investigation complete; no suspect identified
6553df4fa22b77f7bcadbc0b55164e0c7809d05e7621f64a8b22a71eddf2a589,2023-02,Warwickshire Police,Warwickshire Police,-1.663258,52.135921,On or near Campden Lawns,E01031196,Stratford-on-Avon 014A,Investigation complete; no suspect identified
82a3d4a6c2993058606e31d8fdbd2b986903f3ac2af59142b44a60b99e875dd0,2023-02,Warwickshire Police,Warwickshire Police,-1.534043,52.285369,On or near ,E01031291,Warwick 009B,Investigation complete; no suspect identified
3f3c4add68e759e12fd8a4b6234ce1c64e4e162cc0317c4c6731e8e94c171845,2023-02,Warwickshire Police,Warwickshire Police,-1.575359,52.576077,On or near Merevale Lane,E01031018,North Warwickshire 005D,Unable to prosecute suspect
757e05820d5fda640098976ad6541def944d500e8fb80507c2db722b787667a8,2023-02,Warwickshire Police,Warwickshire Police,-1.528616,52.280377,On or near East Grove,E01031263,Warwick 013C,Investigation complete; no suspect identified
59ee298bdd529a7d65b1c71c5fd43e7a3b15fb76e64d942a55e17c20cb649337,2023-02,Warwickshire Police,Warwickshire Police,-1.663258,52.135921,On or near Campden Lawns,E01031196,Stratford-on-Avon 014A,Investigation complete; no suspect identified
ac6bf4e69c5b604914cb393f5d19b150b90ba927acbc26d52a26253cabe39b01,2023-02,Warwickshire Police,Warwickshire Police,-1.732923,52.191642,On or near Cottage Lane,E01031233,Stratford-on-Avon 011B,Investigation complete; no suspect identified
547709de4e2027c360a0c38554a198e42c4ad40858e11ea86364dc697bd34e23,2023-02,Warwickshire Police,Warwickshire Police,-1.244825,52.381026,On or near Prospect Way,E01031130,Rugby 005A,Investigation complete; no suspect identified
5905067b49aa8f6add62f7d8ed23a22ba410540fb0a55938bd4419872655cd7b,2023-02,Warwickshire Police,Warwickshire Police,-1.254485,52.373589,On or near Murrayian Close,E01031132,Rugby 005C,Investigation complete; no suspect identified
963ac54f9411bfdaa09c2083f2d3355e84c2412dc522d6e5c51ef806ca507298,2023-02,Warwickshire Police,Warwickshire Police,-1.528648,52.309173,On or near Bowers Croft,E01031288,Warwick 007F,Investigation complete; no suspect identified
89d71d027ba5447b1af074ae4c2bd602e1f89c96e9d0dc3110047950f51e430e,2023-02,Warwickshire Police,Warwickshire Police,-1.474439,52.524277,On or near Meadow Court,E01031043,Nuneaton and Bedworth 005A,Unable to prosecute suspect
3af4fcc6ee43f3e90313254fbec888886f17cedab060667a92f43984265ba2d8,2023-02,Warwickshire Police,Warwickshire Police,-1.636335,52.059898,On or near Clifford Place,E01031214,Stratford-on-Avon 015C,Unable to prosecute suspect
e7e7125f2a163377f488e934e9c27bcd265fa65ce054d36ba5dd4c29c7bad9bc,2023-02,Warwickshire Police,Warwickshire Police,-1.366303,52.423445,On or near Smeaton Lane,E01031159,Rugby 001C,Suspect charged
f31f935065fe8f1f1816c0b2a768f143ec81bbd0b3b81c5dfe18905a77ef452c,2023-02,Warwickshire Police,Warwickshire Police,-1.531463,52.518870,On or near Park Lane,E01031090,Nuneaton and Bedworth 007A,Unable to prosecute suspect
2002668ed37ffbe41b9a3c35eea9bf273ebdcead638280aaa0ead2a56077f121,2023-02,Warwickshire Police,Warwickshire Police,-1.366303,52.423445,On or near Smeaton Lane,E01031159,Rugby 001C,Suspect charged
15ebac33ef0a79526e2bf2914954ffb3e6799c5370075deb24d7448e158e5a9c,2023-02,Warwickshire Police,Warwickshire Police,-1.681590,52.567879,On or near Oaktree Close,E01031034,North Warwickshire 004D,Unable to prosecute suspect
fbf2e826d998ba4ef086cf454e8dc22b6b1ddfc9e21cfbecf892f6a1fb710381,2023-02,Warwickshire Police,Warwickshire Police,-1.438126,52.538988,On or near Norwich Close,E01031111,Nuneaton and Bedworth 001B,Investigation complete; no suspect identified
2d0dd6831539bfa3bae27331d6d1a2b5193594b8c238c3fb4302aaa5aeafa0c9,2023-02,Warwickshire Police,Warwickshire Police,-1.470825,52.524503,On or near Powell Way,E01031043,Nuneaton and Bedworth 005A,Investigation complete; no suspect identified
8e7d48c30c5afb979dea527e5fdb49658d3119be948092ee483793fac9fc9c04,2023-02,Warwickshire Police,Warwickshire Police,-1.247327,52.392873,On or near Ennerdale,E01031142,Rugby 002F,Investigation complete; no suspect identified
96b737f380f533ef7b574e24e8d1288de230186968ce960d7c9db4ef1b400fbb,2023-02,Warwickshire Police,Warwickshire Police,-1.896268,52.273234,On or near High Street,E01031239,Stratford-on-Avon 003A,Unable to prosecute suspect
35d4911e45c1d016586d2c96a8efeae57c893a96ce879e3911620ae9126ce910,2023-02,Warwickshire Police,Warwickshire Police,,,No location,,,Investigation complete; no suspect identified
f646d0fa624f37e651d4ad04d6d587812186524ee55d2a4c0c253b7220d42484,2023-02,Warwickshire Police,Warwickshire Police,-1.536144,52.266948,On or near Sir Toby Belch Drive,E01031329,Warwick 015C,Unable to prosecute suspect
8780e200f7dd6a041f61664c5d33f6cdb66cac1f9681a0d95b27d3f67fb9e726,2023-02,Warwickshire Police,Warwickshire Police,-1.517916,52.300634,On or near Thursfield Road,E01031274,Warwick 006B,Unable to prosecute suspect
6d8ad06c1f35df63bafa76743b8b003d7840848ce6fd335f94cb1f547b4b3332,2023-02,Warwickshire Police,Warwickshire Police,-1.681590,52.567879,On or near Oaktree Close,E01031034,North Warwickshire 004D,Unable to prosecute suspect
501890221c9012c83d62937f87b0ac570f267148b0db30d0a2ea9a6115222dc0,2023-02,Warwickshire Police,Warwickshire Police,-1.387268,52.260255,On or near Merestone Close,E01031220,Stratford-on-Avon 004B,Unable to prosecute suspect
5276ead9a4e438c81c33bd206c63282ab70e6193c613bc8627ef3163d6779cc4,2023-02,Warwickshire Police,Warwickshire Police,-1.466231,52.532619,On or near Brook Lane,E01031113,Nuneaton and Bedworth 001D,Unable to prosecute suspect
c88edb577dcac5c8826eafe9fa9c37249d4cf1708c028ee1ff6189eda7987573,2023-02,Warwickshire Police,Warwickshire Police,-1.591511,52.349198,On or near Castle Green,E01031254,Warwick 001A,Investigation complete; no suspect identified
11b7f79fd6fd56d67527fe64820f0efa4385fcf34d74da2d91e94a5f00631e52,2023-02,Warwickshire Police,Warwickshire Police,-1.736352,52.198159,On or near Glebe Road,E01031237,Stratford-on-Avon 011E,Investigation complete; no suspect identified
073e09a43e4b6cd680dd62bedaf9df29028a391cc4399bf7b56a98872d3ba1b2,2023-02,Warwickshire Police,Warwickshire Police,,,No location,,,Investigation complete; no suspect identified
f8ec4561630885133a5c9ea3ed25fdc67fb6b5dedc35dab9f7b5b4b9d457a278,2023-02,Warwickshire Police,Warwickshire Police,-1.530373,52.293051,On or near Lansdowne Street,E01031272,Warwick 007B,Unable to prosecute suspect
049c410eb268296b31af7af5db32000e4c46ca86b00a4e9bffa84ebf4086818a,2023-02,Warwickshire Police,Warwickshire Police,-1.481357,52.483753,On or near Marner Road,E01031109,Nuneaton and Bedworth 012E,Unable to prosecute suspect
48961191b1ce321ea31c5e896381b0a83da5a149bbe947a907f4b430dc7fffe1,2023-02,Warwickshire Police,Warwickshire Police,-1.711246,52.290557,On or near The Cumsey,E01031281,Warwick 004A,Investigation complete; no suspect identified
73115b8fe35bbc0d9d255e034173712b4cd53ae3210eb9bd7713b9dc452272b9,2023-02,Warwickshire Police,Warwickshire Police,-1.872044,52.214908,On or near ,E01031184,Stratford-on-Avon 006B,Investigation complete; no suspect identified
3d185971220163b9c3ff53dee9fb3516c647f4bfcf87d65d679e007ca40ed007,2023-02,Warwickshire Police,Warwickshire Police,-1.474620,52.520214,On or near Bracebridge Street,E01031047,Nuneaton and Bedworth 005E,Unable to prosecute suspect
1b600c9b2e776ecbf819799738e29dc52549b15eb91c0eba8f4dcb4d5c761a7a,2023-02,Warwickshire Police,Warwickshire Police,-1.266137,52.366272,On or near Brookside Close,E01031145,Rugby 009C,Investigation complete; no suspect identified
a02c02e65bb7589fd921c859917423548c8870a50e3c9b2c6ce400f100c64211,2023-02,Warwickshire Police,Warwickshire Police,-1.546694,52.292827,On or near Arley Mews,E01031290,Warwick 009A,Unable to prosecute suspect
1d2b3a4af5d5637be32c99e27c65f4b2ef75268bd9f334f10a120f1f552c7295,2023-02,Warwickshire Police,Warwickshire Police,-1.872044,52.214908,On or near ,E01031184,Stratford-on-Avon 006B,Investigation complete; no suspect identified
7b134e41e51a657923da735f8fe03705a003ed3adab15fc6f1eccbc6d9ccfae3,2023-02,Warwickshire Police,Warwickshire Police,-1.546694,52.292827,On or near Arley Mews,E01031290,Warwick 009A,Unable to prosecute suspect
9084a0a78e32036ce3584325e779604767e37ece332ef4476a2dec12c520637e,2023-02,Warwickshire Police,Warwickshire Police,-1.546694,52.292827,On or near Arley Mews,E01031290,Warwick 009A,Unable to prosecute suspect
55dbce6946aeb7a3059319a563a82ff4462e433089c273fcb30052f610c8b675,2023-02,Warwickshire Police,Warwickshire Police,-1.568517,52.358619,On or near Princes Drive,E01031300,Warwick 002E,Investigation complete; no suspect identified
20cf52d00228bf78228c6d642154c30ca2868c938ceefd6d17968c1be6b9ebfd,2023-02,Warwickshire Police,Warwickshire Police,-1.531358,52.292759,On or near Swan Street,E01031272,Warwick 007B,Investigation complete; no suspect identified
5bc5dbfb8983db6c02b064ac2893452093e321122c346c432eded7f241f3d80d,2023-02,Warwickshire Police,Warwickshire Police,-1.247818,52.365671,On or near Blossom Way,E01031156,Rugby 008B,Investigation complete; no suspect identified
3f0322b6e3f901f763b9578e2728761724dc583cc596343bb10460e32e331403,2023-02,Warwickshire Police,Warwickshire Police,-1.544222,52.293690,On or near Milverton Crescent West,E01031294,Warwick 009E,Investigation complete; no suspect identified
3c54bfd3d0d43c7cfd65056a0dba75b675ce8d3a62660eb208213d14ec2ae647,2023-02,Warwickshire Police,Warwickshire Police,-1.544222,52.293690,On or near Milverton Crescent West,E01031294,Warwick 009E,Investigation complete; no suspect identified
0ab801202120d70a8afb8ef79de8d1ee801a17378ff47e611c492a43c718fd5e,2023-02,Warwickshire Police,Warwickshire Police,-1.544222,52.293690,On or near Milverton Crescent West,E01031294,Warwick 009E,Investigation complete; no suspect identified
de1ce30f4a0aeef31d57d7d6b20ee695598afbd8e97189eb686373aa7a498a69,2023-02,Warwickshire Police,Warwickshire Police,-1.473437,52.526691,On or near Friary Street,E01031043,Nuneaton and Bedworth 005A,Unable to prosecute suspect
27e613b3589abe1245ebc2767a03f548fcf7304f4de8f5d65a370ab82741dbba,2023-02,Warwickshire Police,Warwickshire Police,-1.706617,52.192164,On or near High Street,E01031234,Stratford-on-Avon 011C,Unable to prosecute suspect
aead0ffe30fbacb5c1ec191a74f34e725353b82500c66607b85d45fd63741aed,2023-02,Warwickshire Police,Warwickshire Police,-1.478387,52.515754,On or near ,E01031049,Nuneaton and Bedworth 008B,Unable to prosecute suspect
b0eee8e68f4eac9ed15555dc577116d963fa290e86fb42efddb7323ea8afcdd3,2023-02,Warwickshire Police,Warwickshire Police,-1.556594,52.273410,On or near Sandpit Boulevard,E01031315,Warwick 012A,Unable to prosecute suspect
3b3dbeebd5c0879ce28fdf5defd908dde7af78ccd19c6319f34093c60c30e28c,2023-02,Warwickshire Police,Warwickshire Police,-1.222399,52.400614,On or near The Leys,E01032892,Rugby 001G,Unable to prosecute suspect
933060d37faf89435bce62db8fb7ca13ead2f9fb33a893296268b65be8e3dc7d,2023-02,Warwickshire Police,Warwickshire Police,-1.222399,52.400614,On or near The Leys,E01032892,Rugby 001G,Unable to prosecute suspect
0161589c2eb58881710f964d39cd2e02c94d09b8ea44b4c20216c563340237cd,2023-02,Warwickshire Police,Warwickshire Police,-1.265754,52.384043,On or near ,E01031171,Rugby 003A,Unable to prosecute suspect
683592e31f1fb84645ad11bfdf79542d5655136f725e89d551e42d2dc8696b04,2023-02,Warwickshire Police,Warwickshire Police,-1.280140,52.364965,On or near St Anne's Road,E01031176,Rugby 011E,Unable to prosecute suspect
65d8c36b43f5627022abb3b532b1f56c2d1c286671ac1009303a54da0bae6f2c,2023-02,Warwickshire Police,Warwickshire Police,-1.265754,52.384043,On or near ,E01031171,Rugby 003A,Unable to prosecute suspect
09c562e5ad3244b1cb68b3138f74f87540c92ebf3d379e3b7cff97db3a07ed6a,2023-02,Warwickshire Police,Warwickshire Police,-1.222399,52.400614,On or near The Leys,E01032892,Rugby 001G,Unable to prosecute suspect
e5ad96fa858e99d2f70f226e2aeb9a5b05110162baf30624a2b315eeb58f5839,2023-02,Warwickshire Police,Warwickshire Police,-1.518818,52.285066,On or near Radford Road,E01031337,Warwick 010G,Unable to prosecute suspect
d3a2ef66cf2640a3dcf5a03a7894a3bada9becf128b0d04211a9e13dab670afe,2023-02,Warwickshire Police,Warwickshire Police,-1.543395,52.107135,On or near Green Lane,E01031247,Stratford-on-Avon 013E,Offender given a caution
c8a46ab640a4df86d9442ece35f937f6d8c9adde818419999fa315c657748808,2023-02,Warwickshire Police,Warwickshire Police,-1.577585,52.340824,On or near Eagle Lane,E01031258,Warwick 001E,Investigation complete; no suspect identified
e794672ff14a4bcd64055fe52ba1af57bd1187cd675301810be9782037085a69,2023-02,Warwickshire Police,Warwickshire Police,-1.501516,52.472072,On or near Dark Lane,E01031087,Nuneaton and Bedworth 016B,Unable to prosecute suspect
8d2a0988d3189151a7611ef0eac763b97f9bd14124ec536b9a907e65f76e1417,2023-02,Warwickshire Police,Warwickshire Police,-1.496939,52.529984,On or near Cherry Tree Avenue,E01031075,Nuneaton and Bedworth 002E,Investigation complete; no suspect identified
4845269d635054720beb0b6b402ae91d36b8d953dd834a451a6ec26452a66df4,2023-02,Warwickshire Police,Warwickshire Police,-1.263879,52.371328,On or near Drury Lane,E01031145,Rugby 009C,Unable to prosecute suspect
c2533412c70ffe55c5c08d3019b4f8b98ce5b66133b28a354cab1b605e2664c9,2023-02,Warwickshire Police,Warwickshire Police,-1.261586,52.378470,On or near Acacia Grove,E01031174,Rugby 003D,Unable to prosecute suspect
fc1e9d939d60fd8fd85537e6cc89fe30a82989dbffbe58882b0d47f4b8d8e348,2023-02,Warwickshire Police,Warwickshire Police,-1.501994,52.535319,On or near ,E01031073,Nuneaton and Bedworth 002C,Investigation complete; no suspect identified
c52994573f9e46b0460141010a1cdcc5f2d0e8909b0087fe5704e72c58116544,2023-02,Warwickshire Police,Warwickshire Police,-1.535950,52.288309,On or near Bedford Place,E01033253,Warwick 007H,Unable to prosecute suspect
68922d89ccc6af7fcfcea6fb4e570f623ff6a4319d943bd56cccc9068a1bd28f,2023-02,Warwickshire Police,Warwickshire Police,-1.548043,52.279176,On or near ,E01031315,Warwick 012A,Suspect charged
68922d89ccc6af7fcfcea6fb4e570f623ff6a4319d943bd56cccc9068a1bd28f,2023-02,Warwickshire Police,Warwickshire Police,-1.548043,52.279176,On or near ,E01031315,Warwick 012A,Suspect charged
a1b35fc8adf7302fa4470cf0ae4c69549547c59cae7329159f67e3f2d85c6aca,2023-02,Warwickshire Police,Warwickshire Police,-1.466489,52.516267,On or near Home Park Road,E01031119,Nuneaton and Bedworth 009E,Unable to prosecute suspect
18e12e4c4ec59724d9f99e7d320e9f6bd60196fd80af2777ea51d38aafd54f78,2023-02,Warwickshire Police,Warwickshire Police,-1.362879,52.330395,On or near Main Street,E01031149,Rugby 012C,Investigation complete; no suspect identified
192b28227f7bb524a8f7b3175b3231ced08d6bb9da9d86b35676e5427731a290,2023-02,Warwickshire Police,Warwickshire Police,-1.708994,52.495481,On or near Wilmot Avenue,E01031021,North Warwickshire 006C,Unable to prosecute suspect
6a742315ed42d35afdd10ff62e0a565bc5c99768239de30cf3c56fe5118812b8,2023-02,Warwickshire Police,Warwickshire Police,,,No location,,,Investigation complete; no suspect identified
7dba61f3916266ae7a7331b46daf2d5bb46675b1fea5005e4aad3787e43993eb,2023-02,Warwickshire Police,Warwickshire Police,-1.486302,52.521892,On or near ,E01031059,Nuneaton and Bedworth 006C,Investigation complete; no suspect identified
3e6863d1073959ae40ead3bcdf7f3ed35f903b31c4c18ee9c81607e471193117,2023-02,Warwickshire Police,Warwickshire Police,-1.513278,52.272880,On or near Parish End,E01031328,Warwick 015B,Investigation complete; no suspect identified
5889c977a5ee46ffd9e16edd77ed677b749556f55cd634e521bcb03680060604,2023-02,Warwickshire Police,Warwickshire Police,-1.266114,52.375658,On or near Dale Street,E01031173,Rugby 003C,Investigation complete; no suspect identified
e6545306e9e5a088f36fea984b8b555fe5cc6eb2175ed763c5f3dd5270eb90ec,2023-02,Warwickshire Police,Warwickshire Police,-1.609254,52.288151,On or near Warmington Grove,E01031322,Warwick 011B,Investigation complete; no suspect identified
0ea0f05c0f66a84b23386763dd4f1e14abd600afb732a3f63a70c4123fd11498,2023-02,Warwickshire Police,Warwickshire Police,-1.527109,52.263631,On or near Rowley Road,E01031331,Warwick 015E,Investigation complete; no suspect identified
7422072aea5cb91c7d00da1cc0d29bcb049d1a7b64b4daea577ebbfafdd2ad99,2023-02,Warwickshire Police,Warwickshire Police,-1.527693,52.265135,On or near Moorhill Road,E01031330,Warwick 015D,Investigation complete; no suspect identified
3603b1bf140defa47e4790655d3e3ad68687bfa904053d1eb8b26060f1876f65,2023-02,Warwickshire Police,Warwickshire Police,-1.520374,52.538388,On or near Victoria Road,E01031030,North Warwickshire 005F,Suspect charged
9132c06e2cd28c5e812aedb12c8b3c6d5866f7be57e44921aa14cd29f188020d,2023-02,Warwickshire Police,Warwickshire Police,-1.370367,52.487090,On or near Hall Road,E01031182,Rugby 001E,Unable to prosecute suspect
917d733f4f1dbf56581463255452ed1495903d00745e6d4a2ae03efa953662e2,2023-02,Warwickshire Police,Warwickshire Police,,,No location,,,Unable to prosecute suspect
4115e0d1f2bf1352c656d2610b7724523f873f07c15a6d6ace4801a0c7e75891,2023-02,Warwickshire Police,Warwickshire Police,-1.586217,52.288756,On or near Wathen Road,E01031321,Warwick 011A,Unable to prosecute suspect
d9d1b82f5b7fa0ebdbea60abdc3d9a0a1277083f51e0f319f0165193439d54a6,2023-02,Warwickshire Police,Warwickshire Police,-1.589785,52.281873,On or near New Street,E01031324,Warwick 011D,Investigation complete; no suspect identified
5356a14c66db7ea9272a6293e408e01d2b56f80959d688eaceec9ee6e83fe67d,2023-02,Warwickshire Police,Warwickshire Police,-1.532869,52.285788,On or near Church Walk,E01031336,Warwick 010F,Unable to prosecute suspect
f1597079b678936890c6f554645a431b4f79801675060e74c3821f7de589e3b4,2023-02,Warwickshire Police,Warwickshire Police,-1.542688,52.278913,On or near Monarch Gardens,E01031261,Warwick 013A,Unable to prosecute suspect
0ab66b2595c62ce55fab7898f0926ffde0c818e5de0fbb8b79a7c748830f4430,2023-02,Warwickshire Police,Warwickshire Police,-1.552964,52.578494,On or near Merevale Road,E01031010,North Warwickshire 003B,Suspect charged
3947abedce56803440d5e1d1ce16e6ca928ec67d3ed4e0b58f56f7cf7fe8f23d,2023-02,Warwickshire Police,Warwickshire Police,-1.713554,52.510038,On or near Constantine Lane,E01031019,North Warwickshire 006A,Unable to prosecute suspect
726d0bf8948fed6d2f3c9d610d1c78e57c075f2f7a2d13b2d85e0ead126bb42e,2023-02,Warwickshire Police,Warwickshire Police,-1.505978,52.531225,On or near ,E01032890,Nuneaton and Bedworth 002F,Unable to prosecute suspect
8a00993b64f90f7f4ef4f5597e417f1bdfd9857e889415158b0d847f904a75f5,2023-02,Warwickshire Police,Warwickshire Police,-1.469484,52.458358,On or near Waterside,E01031099,Nuneaton and Bedworth 015E,Unable to prosecute suspect
123ba8cf0d40a947ade6833d26ae10f2c932e54c21e5a64f6fedddcdabfc4efc,2023-02,Warwickshire Police,Warwickshire Police,-1.452174,52.509576,On or near Peverill Close,E01031054,Nuneaton and Bedworth 010C,Unable to prosecute suspect
fd30e28006505f06ef16d8a8ec8d6648fd52846368551b016b436e02db2dbbba,2023-02,Warwickshire Police,Warwickshire Police,-1.401276,52.125038,On or near Court Close,E01031194,Stratford-on-Avon 013A,Investigation complete; no suspect identified
16ea6c31a90bdb9331f105b545735212e043dc5bd53ec9561fd79ae256bb2982,2023-02,Warwickshire Police,Warwickshire Police,-1.573402,52.285870,On or near Basant Close,E01031319,Warwick 012E,Unable to prosecute suspect
4f03251543a6fc8e9e058b3ed3eb909903802e21a0ab9f4e14ebd92cd895ce04,2023-02,Warwickshire Police,Warwickshire Police,-1.561920,52.283274,On or near Bennett Drive,E01031316,Warwick 012B,Unable to prosecute suspect
611433a17021a480a479c1bd790d23e24d785be6cd8ea5eb4b08cefe018d148b,2023-02,Warwickshire Police,Warwickshire Police,-1.277580,52.372438,On or near New Street,E01031168,Rugby 006B,Unable to prosecute suspect
e031615d1c02ec2e59cc2d60c9376dfd514537b1f31b4d00c395a8a02a554bab,2023-02,Warwickshire Police,Warwickshire Police,-1.256067,52.387804,On or near ,E01031141,Rugby 002E,Investigation complete; no suspect identified
3bfe0da1af3a20b5f76880efa9535d808dd84dbbd97b990f02ebf853d014361b,2023-02,Warwickshire Police,Warwickshire Police,-1.546715,52.471827,On or near ,E01031027,North Warwickshire 007C,Investigation complete; no suspect identified
c5795ba78e55691fd80ab3df26db3eee00ad8e4cd684b49eb9627944bf333c61,2023-02,Warwickshire Police,Warwickshire Police,-1.445284,52.546583,On or near Nuneaton Lane,E01031110,Nuneaton and Bedworth 001A,Unable to prosecute suspect
0831141b2dd89ca1612a909732f6d7d70db39842366e3ee7b769712167642077,2023-02,Warwickshire Police,Warwickshire Police,-1.624832,52.066317,On or near Watery Lane,E01031215,Stratford-on-Avon 015D,Unable to prosecute suspect
197836fb0efea53959b795480e6069430d6cb8da1dba45979e2df4e940dd5162,2023-02,Warwickshire Police,Warwickshire Police,-1.470918,52.516763,On or near Stewart Street,E01031115,Nuneaton and Bedworth 009A,Investigation complete; no suspect identified
f27d374aba80b66ec5dff28049fefc142d83ad9eb6a683dc4c3812c3c94f91e9,2023-02,Warwickshire Police,Warwickshire Police,-1.265936,52.376610,On or near Hill Street,E01031173,Rugby 003C,Unable to prosecute suspect
807ece9f0eb243227a7bc7b500c1d8924b12fa5625f8e923aa2f52709287b78b,2023-02,Warwickshire Police,Warwickshire Police,-1.263133,52.373163,On or near ,E01031173,Rugby 003C,Offender given a caution
8d21a64150aa931e59d445ee76283658af4c3fc4988e73eb53aacd69190811f0,2023-02,Warwickshire Police,Warwickshire Police,-1.539821,52.579306,On or near A5,E01031012,North Warwickshire 003D,Unable to prosecute suspect
39e06538884ad5eacd35738b28c157aed4a6c8df457d11f3f14cc9971fa7d401,2023-02,Warwickshire Police,Warwickshire Police,-1.536851,52.291899,On or near Warwick Street,E01033256,Warwick 007I,Investigation complete; no suspect identified
b3dbf4ace1b582492a8a52dad6e136d77d4b8e105d31bd1c739be7660183c157,2023-02,Warwickshire Police,Warwickshire Police,-1.371380,52.485279,On or near Fern Hill Way,E01031182,Rugby 001E,Unable to prosecute suspect
324603e5b1e6baf78d32c2aecd706003ae655a1f430a501f330f162c6f2a1c0e,2023-02,Warwickshire Police,Warwickshire Police,-1.380584,52.106689,On or near Middle Lane,E01031194,Stratford-on-Avon 013A,Investigation complete; no suspect identified
a71de60264a235483db20f6f323b70f0f5b0445229acf54f6c15780389d4e3f8,2023-02,Warwickshire Police,Warwickshire Police,-1.263133,52.373163,On or near ,E01031173,Rugby 003C,Investigation complete; no suspect identified
71d1cfc5efc481d0652b5db35392056c6b1cc0d83a364dfbceb8cba42bc6e1f3,2023-02,Warwickshire Police,Warwickshire Police,-1.534377,52.292905,On or near ,E01033253,Warwick 007H,Investigation complete; no suspect identified
ee3b1ae0881b03761d3be8dfdda10a81178f9424721e9871b84b8a287ee416fb,2023-02,Warwickshire Police,Warwickshire Police,-1.694187,52.553402,On or near Bodymoor Heath Road,E01031024,North Warwickshire 004B,Investigation complete; no suspect identified
75e532a3f2ed37dd5a973c4b012c9adecc2ee60dd4bfdeb237172118eb87b423,2023-02,Warwickshire Police,Warwickshire Police,-1.538222,52.292606,On or near Russell Street,E01033256,Warwick 007I,Investigation complete; no suspect identified
05a69f4fccd4918fbf7814c8827809f95bfa31b1e0a33911da28c6767a764e77,2023-02,Warwickshire Police,Warwickshire Police,-1.515823,52.276186,On or near ,E01031334,Warwick 010D,Investigation complete; no suspect identified
6faae5630a556ceae3385207c1d505986607b87db3625d218113a4657ae6fc52,2023-02,Warwickshire Police,Warwickshire Police,-1.253394,52.371182,On or near Earl Street,E01031132,Rugby 005C,Unable to prosecute suspect
528ba00aa38f3fec86030f177a19b9a19a5152ac001ce881303949ff50d79f45,2023-02,Warwickshire Police,Warwickshire Police,-1.253394,52.371182,On or near Earl Street,E01031132,Rugby 005C,Unable to prosecute suspect
32e477a3f792cd127b1eb80c6c2c57c74b3ae2743a4078b8bde3b78cdbcf132b,2023-02,Warwickshire Police,Warwickshire Police,-1.592491,52.352824,On or near Clinton Lane,E01031254,Warwick 001A,Unable to prosecute suspect
76e96ed3a6709fc44053e6b693455a0602eaa636120c117854be0540d5e8e146,2023-02,Warwickshire Police,Warwickshire Police,-1.471757,52.486084,On or near ,E01031065,Nuneaton and Bedworth 013D,Unable to prosecute suspect
5333771c02c15d343f1c1c0ada1d2af285af805a33bc916df618730585de7bed,2023-02,Warwickshire Police,Warwickshire Police,-1.737563,52.305587,On or near Henley Road,E01031282,Warwick 004B,Unable to prosecute suspect
769bad4b549940cc44cae272dc6a1489a7530e4026b3485505cfa57f1f746d91,2023-02,Warwickshire Police,Warwickshire Police,-1.566346,52.292407,On or near Beech Grove,E01031309,Warwick 008A,Unable to prosecute suspect
0e31e02ae8781b6f0fb57879a1cb40c61847d50a7b7ad2093b1ca1cf7ccfed22,2023-02,Warwickshire Police,Warwickshire Police,-1.607886,52.290385,On or near Amey Way,E01031312,Warwick 008D,Unable to prosecute suspect
e7dbddbf820496a64a1239993d0a7d6d41d952fe4a5da1a59002daf216dd8676,2023-02,Warwickshire Police,Warwickshire Police,-1.471757,52.486084,On or near ,E01031065,Nuneaton and Bedworth 013D,Unable to prosecute suspect
b50c4c428172caa6bc404706fb9937b49f45ff48011d87041f0923085ceeb366,2023-02,Warwickshire Police,Warwickshire Police,-1.482046,52.477706,On or near Kirkstone Road,E01031062,Nuneaton and Bedworth 013A,Unable to prosecute suspect
584c694ea00f81ccba385a527ac6267224c522a7b6ae34a2dd0f31610fb36ca3,2023-02,Warwickshire Police,Warwickshire Police,-1.245729,52.406429,On or near ,E01032892,Rugby 001G,Unable to prosecute suspect
0f5968ce3695e63f111094b43c8d4cb396de438089a2320cce478360731a7e65,2023-02,Warwickshire Police,Warwickshire Police,-1.583673,51.997939,On or near Shipston Road,E01031209,Stratford-on-Avon 015B,Unable to prosecute suspect
ef97d8933dad250e6de917b4c179c5ff70cf4cd52d9cd73118b8b139d4c03a53,2023-02,Warwickshire Police,Warwickshire Police,-1.413634,52.391747,On or near Ferndale Road,E01031151,Rugby 004A,Investigation complete; no suspect identified
97a3f6f269d9f4190e8d436cd0e65988b22f00aed84a54308ce2634efb7e1f5a,2023-02,Warwickshire Police,Warwickshire Police,-1.564980,52.349490,On or near Villiers Road,E01031298,Warwick 002C,Unable to prosecute suspect
212052ee0e16b8f3731604d01279f35a156cc4a423e2195575615f18928f1567,2023-02,Warwickshire Police,Warwickshire Police,-1.435338,52.527567,On or near Pashmina Gardens,E01031103,Nuneaton and Bedworth 003D,Investigation complete; no suspect identified
e182a592916863a82d806fa4ce9ac2a3dee9bad4d493b0a09ce3d3a2bdd01cec,2023-02,Warwickshire Police,Warwickshire Police,-1.479613,52.471762,On or near Manse Close,E01031080,Nuneaton and Bedworth 018D,Investigation complete; no suspect identified
dfa2e75290da9c672c6499fc06dd6df2962f998635cf9bfd8ccdb4814cd9d9ad,2023-02,Warwickshire Police,Warwickshire Police,-1.506045,52.218116,On or near ,E01031199,Stratford-on-Avon 005C,Unable to prosecute suspect
8bc7f7c867cb61a2e127263dda797443a7a0a381ee5fd9ff578033b694df2865,2023-02,Warwickshire Police,Warwickshire Police,-1.449604,52.508953,On or near Ivanhoe Avenue,E01031054,Nuneaton and Bedworth 010C,Unable to prosecute suspect
cd13705719fbb26af3228e3416a8825649a2444660dcf00418ec11db4f4530fa,2023-02,Warwickshire Police,Warwickshire Police,-1.713639,52.510533,On or near Centurion Close,E01031019,North Warwickshire 006A,Unable to prosecute suspect
19c1837972bba2aadc61a7907644d306289adc3c1940f3df7a33d2fdc8466419,2023-02,Warwickshire Police,Warwickshire Police,-1.518825,52.535784,On or near Salisbury Drive,E01031084,Nuneaton and Bedworth 004D,Unable to prosecute suspect
8a21e59d7958d60db0914ffaa4525f9ff427e69137975acfbf58d74159ee947f,2023-02,Warwickshire Police,Warwickshire Police,-1.547822,52.279994,On or near ,E01031315,Warwick 012A,Investigation complete; no suspect identified
0882b00d90ae88ceab5ddf582e92f9bca3a280da09ef4d6e9552cf433537d678,2023-02,Warwickshire Police,Warwickshire Police,-1.474979,52.522247,On or near Queen's Road,E01031047,Nuneaton and Bedworth 005E,Unable to prosecute suspect
62abd3907752520512bb8820682e985c5b6f55197708819fe192535619bd4211,2023-02,Warwickshire Police,Warwickshire Police,-1.280592,52.358827,On or near Cherry Grove,E01031178,Rugby 011G,Unable to prosecute suspect
839f608f1d2a9616e2b7ddeedd77680e18574735c1fa4c1196426321aecf84e3,2023-02,Warwickshire Police,Warwickshire Police,-1.508244,52.473368,On or near Blair Drive,E01031086,Nuneaton and Bedworth 016A,Unable to prosecute suspect
f9f6ea0ccc7aa86a6562994699e5f2ba07f85135ee645c0c8ca9c350c2ae1b03,2023-02,Warwickshire Police,Warwickshire Police,-1.900688,52.163978,On or near Park Hall Mews,E01031189,Stratford-on-Avon 012A,Investigation complete; no suspect identified
9ff9839aef3f4a91e85f2d0f51347dfe4bdad92af46a713e81dcff5623efe252,2023-02,Warwickshire Police,Warwickshire Police,-1.502021,52.218054,On or near ,E01031199,Stratford-on-Avon 005C,Unable to prosecute suspect
de52478143183e59b5f94d96bfffe4d9eb39290cee49e22312e4614cd89598bf,2023-02,Warwickshire Police,Warwickshire Police,-1.852176,52.169546,On or near Waterloo Crescent,E01031190,Stratford-on-Avon 012B,Investigation complete; no suspect identified
c30210fdc2284328659c6f7602f5470c3a10e5e4f6e70d5223a522363c9f9623,2023-02,Warwickshire Police,Warwickshire Police,-1.262685,52.372454,On or near Chapel Street,E01031145,Rugby 009C,Investigation complete; no suspect identified
ca35134a9400c476e4557f433735bd7c7167fe4b9cc59b0c9bc7de14b09779b8,2023-02,Warwickshire Police,Warwickshire Police,-1.589249,52.198557,On or near Newbold Road,E01031253,Stratford-on-Avon 008G,Unable to prosecute suspect
124c8953abf09269444fca7f16544404e562f586d4e19745a491ce81ceb676d4,2023-02,Warwickshire Police,Warwickshire Police,-1.500018,52.531516,On or near Cedar Road,E01032890,Nuneaton and Bedworth 002F,Unable to prosecute suspect
6132ae0eead5611dfb959ff47e43e6d14cfc416dd280b7f0e306ce085bfe7972,2023-02,Warwickshire Police,Warwickshire Police,-1.734905,52.197913,On or near Hillside Road,E01031237,Stratford-on-Avon 011E,Investigation complete; no suspect identified
0bf88f277d8058860a6081e2df5e1e07bb81e9ce751f1cb7a86eee9958297110,2023-02,Warwickshire Police,Warwickshire Police,-1.592651,52.277819,On or near West Street,E01031325,Warwick 011E,Investigation complete; no suspect identified
b2100fa198c5909db0435b198de6a564e9f15989d5d3072c79379a87ddd18443,2023-02,Warwickshire Police,Warwickshire Police,-1.497269,52.463621,On or near Church Lane,E01032588,Nuneaton and Bedworth 018E,Investigation complete; no suspect identified
614c9a03d34b4b296c2b4d256d4d924212ef628713defd86f427549807385604,2023-02,Warwickshire Police,Warwickshire Police,-1.896371,52.266734,On or near Allendale Avenue,E01031242,Stratford-on-Avon 003D,Investigation complete; no suspect identified
9b500bd2e0044e325ad1017e04da9d2dac7929ae1481fc855f5b1f0fbb8cf374,2023-02,Warwickshire Police,Warwickshire Police,-1.619339,52.611206,On or near Dordon Road,E01031039,North Warwickshire 001E,Unable to prosecute suspect
ecbc7e49582b951567026377af9e583b31a301bfd83d53d9edf7c43b9b01320f,2023-02,Warwickshire Police,Warwickshire Police,-1.880631,52.229086,On or near Willoughby Close,E01031184,Stratford-on-Avon 006B,Investigation complete; no suspect identified
a49d216d2272bc945986857ade26cdefeb9f40c531fe9cd98e1c28b9d68104a1,2023-02,Warwickshire Police,Warwickshire Police,-1.738085,52.194459,On or near Hathaway Green Lane,E01031233,Stratford-on-Avon 011B,Unable to prosecute suspect
b89c3addbe43d68e5f7ca5a4435cc0f2b3805840352f485f0092ddf6fc4a4f67,2023-02,Warwickshire Police,Warwickshire Police,-1.517077,52.261765,On or near Cedar Way,E01031328,Warwick 015B,Unable to prosecute suspect
9ef31db19f963fc80add5c213fc446f6fd884343c17415055fc4b5be18f83823,2023-02,Warwickshire Police,Warwickshire Police,-1.465554,52.479089,On or near Earl Street,E01031096,Nuneaton and Bedworth 015B,Unable to prosecute suspect
1f9709294b570e7be7fcaf0397900cd64f21821d1bbc16a563495d18c2bae712,2023-02,Warwickshire Police,Warwickshire Police,-1.737793,52.199412,On or near Ludford Close,E01031237,Stratford-on-Avon 011E,Investigation complete; no suspect identified
05b7ddbd8e77f1240bec350559d61c13ce0ec5cc0374b79fb76858ce022c1cb0,2023-02,Warwickshire Police,Warwickshire Police,-1.502174,52.515460,On or near Arbury Road,E01031092,Nuneaton and Bedworth 007C,Unable to prosecute suspect
92272d60b9ae649258ef9c448030ef4c0246619608835a53f0c38daa0a0cd9d1,2023-02,Warwickshire Police,Warwickshire Police,-1.495359,52.523792,On or near Black-A-Tree Road,E01031057,Nuneaton and Bedworth 006A,Unable to prosecute suspect
335888a6211a6bcde42a7682aaa1e1879c73820e148bc00f268494038927c18d,2023-02,Warwickshire Police,Warwickshire Police,-1.520374,52.538388,On or near Victoria Road,E01031030,North Warwickshire 005F,Unable to prosecute suspect
c7da551afc0b911ded98a93a1c766082415530aa2142ef05da1e034c7e9093eb,2023-02,Warwickshire Police,Warwickshire Police,-1.478398,52.528492,On or near Midland Road,E01031044,Nuneaton and Bedworth 005B,Unable to prosecute suspect
72563d66ed678858f0f93ac76f811147d8bdae134086d8615d2deb293792d54c,2023-02,Warwickshire Police,Warwickshire Police,-1.532374,52.279862,On or near Claremont Road,E01031266,Warwick 013F,Unable to prosecute suspect
62763cca29c81db158b016528d7b8bf2a4e84795388ed76acaaad26cb5216550,2023-02,Warwickshire Police,Warwickshire Police,-1.262685,52.372454,On or near Chapel Street,E01031145,Rugby 009C,Investigation complete; no suspect identified
4feb8d57885d720b5dfa43db6d1d19c65cdc6df83264a0fdca431c3abae945ca,2023-02,Warwickshire Police,Warwickshire Police,-1.469399,52.522987,On or near Stratford Street,E01031043,Nuneaton and Bedworth 005A,Unable to prosecute suspect
c9c6a08473968faa6bb503b5811ec080c6a337594d47b259715b6fbe6f3ec7e3,2023-02,Warwickshire Police,Warwickshire Police,-1.466263,52.523898,On or near ,E01031043,Nuneaton and Bedworth 005A,Unable to prosecute suspect
b7b385997695463d1059140d264a57b214e30588203103cdda3690a10fc01a0f,2023-02,Warwickshire Police,Warwickshire Police,-1.531463,52.518870,On or near Park Lane,E01031090,Nuneaton and Bedworth 007A,Unable to prosecute suspect
b6a42935461193bd5ac600be48ac8e70b64d1192b4339edb47894bce91899663,2023-02,Warwickshire Police,Warwickshire Police,-1.545312,52.264539,On or near Imogen Gardens,E01031318,Warwick 012D,Unable to prosecute suspect
72c52b2f98e98e708d14a49778db0042f83bd7723bccc3580d1d4e905853700b,2023-02,Warwickshire Police,Warwickshire Police,-1.268578,52.362547,On or near Maple Gardens,E01031176,Rugby 011E,Unable to prosecute suspect
37691e844d7bab64ca520237c75c2ff272084b23739bcb51ebdf3cbd172de1c0,2023-02,Warwickshire Police,Warwickshire Police,-1.286029,52.391360,On or near Manor House Close,E01031172,Rugby 003B,Investigation complete; no suspect identified
919c61a4c6a9b46b8af981b556920e45077afaf35021ee40447fa6ff9d57a67d,2023-02,Warwickshire Police,Warwickshire Police,-1.225118,52.362036,On or near Sewell Place,E01031163,Rugby 010C,Unable to prosecute suspect
29d780eccc8f3475240c7f079e07aebe274a924f674c5343082cb8ac04a56ba6,2023-02,Warwickshire Police,Warwickshire Police,-1.508244,52.473368,On or near Blair Drive,E01031086,Nuneaton and Bedworth 016A,Unable to prosecute suspect
fe47b36c31a7ff4b60b82786f8f950ffc41fea3685640b89cb667938bdc9ee3c,2023-02,Warwickshire Police,Warwickshire Police,-1.468355,52.182449,On or near Church Lane,E01031205,Stratford-on-Avon 013B,Unable to prosecute suspect
5ce2384444addc90962342f4d345f0641dc78184968bbbce1817172ae35cc8c5,2023-02,Warwickshire Police,Warwickshire Police,-1.492773,52.516679,On or near Denehurst Way,E01031061,Nuneaton and Bedworth 006E,Investigation complete; no suspect identified
5feb9447743f8cf89fb001f88b6185e77e794e8b05f966277f07b9b66921226f,2023-02,Warwickshire Police,Warwickshire Police,-1.739987,52.194418,On or near West Green Drive,E01031233,Stratford-on-Avon 011B,Investigation complete; no suspect identified
179f73a491b7ac6ec58ffe681ab5de06da991578ba4909e7a2f57bcc19ed3afc,2023-02,Warwickshire Police,Warwickshire Police,-1.579626,52.289623,On or near Gaveston Close,E01031323,Warwick 011C,Investigation complete; no suspect identified
6c1ffa87dbb7e3aaa849f583666cbfb3a16bd89237c0ecab9a780b6634cf5a70,2023-02,Warwickshire Police,Warwickshire Police,-1.423337,52.260473,On or near Featherbed Lane,E01031210,Stratford-on-Avon 005F,Investigation complete; no suspect identified
95124ac93a848c4034dd18ae7beb7b957a83be0217cfa0e0219c73e76f0d9f99,2023-02,Warwickshire Police,Warwickshire Police,-1.477876,52.484268,On or near Tulliver Close,E01031109,Nuneaton and Bedworth 012E,Unable to prosecute suspect
db582d4d3f13ab250408f034d652a368915de1ca1240d6c06f13e6ed5fbc5bb8,2023-02,Warwickshire Police,Warwickshire Police,-1.751041,52.517351,On or near Mytton Road,E01031041,North Warwickshire 006E,Unable to prosecute suspect
21cff552aa674b0d79d9aa5396721da04cd8ccb3cfa461e3cd87221d692b75a0,2023-02,Warwickshire Police,Warwickshire Police,-1.498397,52.521081,On or near ,E01031058,Nuneaton and Bedworth 006B,Suspect charged
962857f9736cc7b008547bf20be4314c7924517af5a405592cb3fbf005d08750,2023-02,Warwickshire Police,Warwickshire Police,-1.259934,52.388583,On or near ,E01031141,Rugby 002E,Investigation complete; no suspect identified
0a8e2be7c502926b8d528ac64ad01ddd332b4acdeb4eef248df35071f5a822d9,2023-02,Warwickshire Police,Warwickshire Police,-1.501636,52.521356,On or near Haunchwood Road,E01031094,Nuneaton and Bedworth 007E,Unable to prosecute suspect
d13ecdee8c6a0fb9f7339a75cd5f5af427b53f9baa71300c2a5fdfb12afa06b6,2023-02,Warwickshire Police,Warwickshire Police,-1.429142,52.227111,On or near Ash Mews,E01031199,Stratford-on-Avon 005C,Investigation complete; no suspect identified
4e5c0e2c7fa85d8041ec4dabc2eac68a9bbd24146045f14f0806a65ee58c75eb,2023-02,Warwickshire Police,Warwickshire Police,-1.505418,52.216474,On or near ,E01031199,Stratford-on-Avon 005C,Investigation complete; no suspect identified
696155244c29af371817b62465e6e841ff8cc5138234b53a8f83188112dfb114,2023-02,Warwickshire Police,Warwickshire Police,-1.720218,52.195137,On or near Mossop Court,E01031238,Stratford-on-Avon 009F,Investigation complete; no suspect identified
8fd093a04d6a22351bc1b15f56f583fe4aa6e5954815a36e4b764fe212587cf6,2023-02,Warwickshire Police,Warwickshire Police,-1.462735,52.485684,On or near Pine Tree Road,E01031066,Nuneaton and Bedworth 013E,Unable to prosecute suspect
663baa349c5064772b5e01183131c15ee28391aa2aaed611187e198c6fc674d1,2023-02,Warwickshire Police,Warwickshire Police,-1.216429,52.360954,On or near Willow Tree Gardens,E01031161,Rugby 010A,Unable to prosecute suspect
35a95a52040efafc87d434a76bbf7babd73032c16303b3829a4d4ac6e6adeedb,2023-02,Warwickshire Police,Warwickshire Police,-1.462735,52.485684,On or near Pine Tree Road,E01031066,Nuneaton and Bedworth 013E,Unable to prosecute suspect
c7ec00c5d8d3bc710366c345dc022e497cb7c997c2e797100cc4ce23aad4e4f0,2023-02,Warwickshire Police,Warwickshire Police,-1.592127,52.294944,On or near Corbison Close,E01031312,Warwick 008D,Investigation complete; no suspect identified
af2cd18279dc3399b12092e7017ef041c5ff1dcf02bc66ddd01603032ba4184a,2023-02,Warwickshire Police,Warwickshire Police,-1.495223,52.529294,On or near Lime Grove,E01031075,Nuneaton and Bedworth 002E,Unable to prosecute suspect
d1201568d6965c13a75610d8ecdbf7decd40de22127ce021cf6399b37afdac12,2023-02,Warwickshire Police,Warwickshire Police,,,No location,,,Investigation complete; no suspect identified
1103ffa60fd477419ec9af424bd9455821fb9678613c0a602b32c29f90c018b2,2023-02,Warwickshire Police,Warwickshire Police,-1.561663,52.466592,On or near Kingswood Avenue,E01031027,North Warwickshire 007C,Unable to prosecute suspect
cabfcf630b471eeb24c225404e39d5e4aa3183f9498d1dc7c72273e05211cb6f,2023-02,Warwickshire Police,Warwickshire Police,-1.313938,52.354161,On or near Harrowell Close,E01031147,Rugby 012A,Investigation complete; no suspect identified
7489bfe43b49b450eda90343ccc1815baf14351af2949268600c96a01c1a8c6a,2023-02,Warwickshire Police,Warwickshire Police,-1.463092,52.482998,On or near Hazel Grove,E01031095,Nuneaton and Bedworth 015A,Investigation complete; no suspect identified
74e3f7c9a6678c0f23952d83a3e636c208dbfd377ad4b92058d18a0028345503,2023-02,Warwickshire Police,Warwickshire Police,-1.638009,52.607192,On or near M42,E01031025,North Warwickshire 002B,Investigation complete; no suspect identified
36f1deb802040c0a2a6d866b340c193027367b764662661db71788bf4ce4f0b5,2023-02,Warwickshire Police,Warwickshire Police,-1.706633,52.482890,On or near High Lodge,E01031022,North Warwickshire 006D,Investigation complete; no suspect identified
a31fd5cc5895bfa742cbffcdbcf76aa904437355ed8f741cd63244481f5d9711,2023-02,Warwickshire Police,Warwickshire Police,-1.271903,52.371108,On or near Charles Street,E01031167,Rugby 006A,Investigation complete; no suspect identified
e6e9c842b6925fdf31861891c211cf89ca8e849d22a04afeba364902bfebc62d,2023-02,Warwickshire Police,Warwickshire Police,-1.605554,52.272307,On or near Mander Grove,E01033255,Warwick 011H,Action to be taken by another organisation
4bf14457c5693a3277d488cd4be2b72f1c378c12564f3f58b77ef42ab4e40b6d,2023-02,Warwickshire Police,Warwickshire Police,-1.605554,52.272307,On or near Mander Grove,E01033255,Warwick 011H,Action to be taken by another organisation
e864a4fecf6a4fc29a29f2b3c736e224a453280653c90896ae9bf644caa61c5d,2023-02,Warwickshire Police,Warwickshire Police,-1.605554,52.272307,On or near Mander Grove,E01033255,Warwick 011H,Action to be taken by another organisation
58913fb48a2e25a01a17f74ef224a68c1c320b17cc2b4f987d5a6fbca2c3fac1,2023-02,Warwickshire Police,Warwickshire Police,,,No location,,,Investigation complete; no suspect identified
4dcea1a594f7733afe03757a5fc55491975d71d714a64ba2429e8354a9470dd3,2023-02,Warwickshire Police,Warwickshire Police,,,No location,,,Suspect charged
4dcea1a594f7733afe03757a5fc55491975d71d714a64ba2429e8354a9470dd3,2023-02,Warwickshire Police,Warwickshire Police,,,No location,,,Suspect charged
a47fa20899aabcbeea65e2bda545ad626be2ecf1d94689f91b7b09aa3706b276,2023-02,Warwickshire Police,Warwickshire Police,-1.623351,52.061925,On or near Mill Court,E01031215,Stratford-on-Avon 015D,Investigation complete; no suspect identified
7c4f04c43158592cf8afe52f6ce78449123bc090b8fa655b7cd8f5d7aad42f2d,2023-02,Warwickshire Police,Warwickshire Police,-1.478730,52.524098,On or near Clarence Street,E01031046,Nuneaton and Bedworth 005D,Unable to prosecute suspect
d99f4298aa8ba80eb4e44bf2aa7745d796ef38be251ec31b840aae0ebb42c86c,2023-02,Warwickshire Police,Warwickshire Police,-1.607509,52.245046,On or near Elliotts Orchard,E01031269,Warwick 014E,Unable to prosecute suspect
178e5a435684f0917c1ea764afce743a8896e2bd958c261a0c85e04a9e2a531f,2023-02,Warwickshire Police,Warwickshire Police,-1.529802,52.565396,On or near Quarry Lane,E01031014,North Warwickshire 003F,Investigation complete; no suspect identified
4541c17058d3632ed5ec4d87fb154c7260a715bbe24032dfc48d48bfd09b4fe5,2023-02,Warwickshire Police,Warwickshire Police,-1.273145,52.369669,On or near Bloxam Gardens,E01031167,Rugby 006A,Investigation complete; no suspect identified
269acb5589c18adc52c4b45a86b12794dd41738c1938a36115e5bd8defac0f5b,2023-02,Warwickshire Police,Warwickshire Police,-1.470229,52.520194,On or near Prince's Street,E01031119,Nuneaton and Bedworth 009E,Unable to prosecute suspect
92138a8fe6275ca3caae89acdd24192b0c6882342e3991214827866ddbb400e2,2023-02,Warwickshire Police,Warwickshire Police,-1.510051,52.301015,On or near The Crest,E01031273,Warwick 006A,Unable to prosecute suspect
8ba147536ef5bc016cf9d6112ac1642985b75e65d7be994716cda01be5f972c6,2023-02,Warwickshire Police,Warwickshire Police,-1.484282,52.136893,On or near Shanes Castle Road,E01031205,Stratford-on-Avon 013B,Investigation complete; no suspect identified
b27deead9e4a3f0e2891aae5a8c38b5da0c8863544ca02ba6097e46f5794ecd3,2023-02,Warwickshire Police,Warwickshire Police,-1.498211,52.529630,On or near Pear Tree Avenue,E01031075,Nuneaton and Bedworth 002E,Unable to prosecute suspect
23fa4cb9614618b4ab3546bbb44e184ebb6b588985003154c30e99724cf3310b,2023-02,Warwickshire Police,Warwickshire Police,-1.489657,52.517304,On or near Runneymede Gardens,E01031051,Nuneaton and Bedworth 008D,Investigation complete; no suspect identified
fda9e2fdafdd1f95320749b4651a7078b1a12a07f335e868524637c7b8f52386,2023-02,Warwickshire Police,Warwickshire Police,-1.505329,52.516660,On or near Grove Road,E01031092,Nuneaton and Bedworth 007C,Unable to prosecute suspect
7d99d53f29ef26c950f772600b5708b96a14babdad34252acb715728c2663336,2023-02,Warwickshire Police,Warwickshire Police,-1.479613,52.471762,On or near Manse Close,E01031080,Nuneaton and Bedworth 018D,Investigation complete; no suspect identified
b279904ffa07e7984ce5af8f51e6408cb9fc34eca268896f399182498bf8094f,2023-02,Warwickshire Police,Warwickshire Police,-1.474540,52.522513,On or near ,E01031046,Nuneaton and Bedworth 005D,Investigation complete; no suspect identified
118384d8c9fa931b86092d1c2751d9814d4b48a45e2c54d9e54ed412e238b766,2023-02,Warwickshire Police,Warwickshire Police,-1.535207,52.266873,On or near Medley Grove,E01031329,Warwick 015C,Investigation complete; no suspect identified
a96001fccce24466e5e3a2d2eca93ef63d3f632fa50109880beea6810a94af2a,2023-02,Warwickshire Police,Warwickshire Police,-1.742201,52.196167,On or near ,E01031233,Stratford-on-Avon 011B,Investigation complete; no suspect identified
216a347751451a4489056e919e062cdcc90ebc7659ddd9399c02c2af73c8e4f8,2023-02,Warwickshire Police,Warwickshire Police,-1.464068,52.480215,On or near Brick Kiln Way,E01031096,Nuneaton and Bedworth 015B,Investigation complete; no suspect identified
3d9de1d2a264e9ba219ec11989ef81b6f7fe0a57ecd9bf89ab66e8ee17a2c295,2023-02,Warwickshire Police,Warwickshire Police,-1.537246,52.294796,On or near Beauchamp Road,E01033253,Warwick 007H,Investigation complete; no suspect identified
21601a8302ecabd6253c51e723b10619bd9d8cac417e3d329c3153ebfb63cab9,2023-02,Warwickshire Police,Warwickshire Police,-1.589401,52.290098,On or near Lyttelton Road,E01031321,Warwick 011A,Unable to prosecute suspect
f3808532d28d390baa5075bd6425e60d6a092c5e43b4c1e3f0717ea9982030c8,2023-02,Warwickshire Police,Warwickshire Police,-1.462710,52.532441,On or near Ventnor Street,E01031114,Nuneaton and Bedworth 001E,Investigation complete; no suspect identified
06a00d000a2dec45f9dca701f6abc849ba7c0cdb811c13bc46aa293a49bceb27,2023-02,Warwickshire Police,Warwickshire Police,-1.557141,52.519805,On or near Croft Mead,E01031005,North Warwickshire 005A,Unable to prosecute suspect
072b3e1e9ee790bc9af8674e4ee8ca4a5c1bbe16fdce40c9644001ce77d8994e,2023-02,Warwickshire Police,Warwickshire Police,-1.255975,52.373167,On or near Charlotte Street,E01031132,Rugby 005C,Investigation complete; no suspect identified
e0cc8d3f4ffa98befa1822dd8a559a1a1e653c8b704659b21261324dcbd39742,2023-02,Warwickshire Police,Warwickshire Police,-1.291097,52.359358,On or near The Green,E01031136,Rugby 011C,Unable to prosecute suspect
a1d0f908d29a886bfc52cb146c599c2a8735370bc5c8c1ab69bd74dafb458ca8,2023-02,Warwickshire Police,Warwickshire Police,-1.502021,52.218054,On or near ,E01031199,Stratford-on-Avon 005C,Investigation complete; no suspect identified
3b23ccff10231fdf12ff58f08e82af7e7eff7c350378a2c089a58d2cdd8a0ac5,2023-02,Warwickshire Police,Warwickshire Police,-1.535131,52.290904,On or near ,E01033253,Warwick 007H,Investigation complete; no suspect identified
f61f9b3df5301fc7365c569bd7f35910f107b0a43934041e650526a5ce232280,2023-02,Warwickshire Police,Warwickshire Police,-1.259650,52.373055,On or near Castle Street,E01031173,Rugby 003C,Suspect charged
f61f9b3df5301fc7365c569bd7f35910f107b0a43934041e650526a5ce232280,2023-02,Warwickshire Police,Warwickshire Police,-1.259650,52.373055,On or near Castle Street,E01031173,Rugby 003C,Suspect charged
2246a6b67bbb99b947764ce64b2bfc91e3af85753fb889ea00cedffab947bd86,2023-02,Warwickshire Police,Warwickshire Police,-1.469631,52.479242,On or near King Street,E01031064,Nuneaton and Bedworth 013C,Investigation complete; no suspect identified
446ea4e1aa0ee529eb03f2c268738607031ef05ff40e75cfc4abfb027ffee3b9,2023-02,Warwickshire Police,Warwickshire Police,-1.722565,52.346899,On or near Kingswood Close,E01031281,Warwick 004A,Investigation complete; no suspect identified
a43478c501ff8475646aabf3d6e0015b281c184c497acd7c7e02f66b3e51ee00,2023-02,Warwickshire Police,Warwickshire Police,-1.262733,52.371357,On or near High Street,E01031145,Rugby 009C,Unable to prosecute suspect
b25a1300e860642170f343fc88210f9859a3dd83dfda82561912ec2b833bd209,2023-02,Warwickshire Police,Warwickshire Police,-1.262733,52.371357,On or near High Street,E01031145,Rugby 009C,Unable to prosecute suspect
df4c7935a22b58107a2f5d29f3dfbe6f9875cb5fb558ef381b4a1a21327672b8,2023-02,Warwickshire Police,Warwickshire Police,-1.516332,52.312800,On or near Kelvin Road,E01031278,Warwick 005B,Investigation complete; no suspect identified
433004f97658c6f42d05acc64f88d859921c7214f5a1c7086ff96cdc3f15ad14,2023-02,Warwickshire Police,Warwickshire Police,-1.717185,52.195849,On or near ,E01031238,Stratford-on-Avon 009F,Unable to prosecute suspect
0d125718047f3ffe2cabf920ae73c2250416168e55782c471b178b6887a8e655,2023-02,Warwickshire Police,Warwickshire Police,-1.433661,52.531892,On or near Skeggles Close,E01031103,Nuneaton and Bedworth 003D,Unable to prosecute suspect
13f2d1c994052c4a7365bdf93f982af3053936d7aeebecbcfbbca0ac2aa4ad7b,2023-02,Warwickshire Police,Warwickshire Police,-1.723176,52.201824,On or near ,E01031231,Stratford-on-Avon 009D,Unable to prosecute suspect
e8dc61ca733e7949932be210871d16b5d10e96d39b9a66e0c9359b0d050ed5d5,2023-02,Warwickshire Police,Warwickshire Police,-1.720218,52.195137,On or near Mossop Court,E01031238,Stratford-on-Avon 009F,Unable to prosecute suspect
ccb773a97380a42bfb120faafbdc947b8b782cffbed001b62e8ea5e527bd1c75,2023-02,Warwickshire Police,Warwickshire Police,-1.532153,52.284176,On or near High Street,E01031336,Warwick 010F,Unable to prosecute suspect
9c3defe54b5be4c6b5a86279f33f37bf1495479e50e32a4529bcd607275c3c68,2023-02,Warwickshire Police,Warwickshire Police,-1.435161,52.214292,On or near Chapple Hyam Avenue,E01031199,Stratford-on-Avon 005C,Unable to prosecute suspect
bb1b6dd0076109db0c19687af0d0b040210edd226907136e8d4187add5bc38e2,2023-02,Warwickshire Police,Warwickshire Police,-1.465597,52.508325,On or near Knebley Crescent,E01031116,Nuneaton and Bedworth 009B,Suspect charged
c69d3d820f9576687349a6393a716410c876e20cee3c6d041829fca0086dacab,2023-02,Warwickshire Police,Warwickshire Police,-1.388045,52.253831,On or near ,E01031222,Stratford-on-Avon 004D,Unable to prosecute suspect
39454f1d1e3146810018655217b84012321262a638983da6feb2498c4b07115b,2023-02,Warwickshire Police,Warwickshire Police,-1.532523,52.283791,On or near Crown Terrace,E01031266,Warwick 013F,Suspect charged
39454f1d1e3146810018655217b84012321262a638983da6feb2498c4b07115b,2023-02,Warwickshire Police,Warwickshire Police,-1.532523,52.283791,On or near Crown Terrace,E01031266,Warwick 013F,Suspect charged
a7367ea005ba22d76e3f3af304978a5c09f03e01e3b5e71b61752390a17ad517,2023-02,Warwickshire Police,Warwickshire Police,-1.739609,52.121397,On or near Hamilton Road,E01031212,Stratford-on-Avon 014B,Unable to prosecute suspect
8f00f8da0596f0d9563ef39d89e1eceecb31163d72204a1164b5bd6cbe4b8e9f,2023-02,Warwickshire Police,Warwickshire Police,-1.607501,52.267567,On or near Priors Grove Close,E01033255,Warwick 011H,Unable to prosecute suspect
cc1997ab2d0dbb4bfdae96936566e50b51760873287067f34bac34124c78ffa9,2023-02,Warwickshire Police,Warwickshire Police,-1.435482,52.525572,On or near Lambs Down Lane,E01031103,Nuneaton and Bedworth 003D,Unable to prosecute suspect
3e661ccb90f07868c646741e3978416c3a2991a1619f027ffa000aab00f6cc6a,2023-02,Warwickshire Police,Warwickshire Police,-1.459036,52.476344,On or near Shakespeare Avenue,E01031095,Nuneaton and Bedworth 015A,Unable to prosecute suspect
47a0a72bc5a4edcb6c9cac108007b29d9b085f4d29208ee24403d5cb16fbd40e,2023-02,Warwickshire Police,Warwickshire Police,-1.537333,52.290651,On or near John Street,E01033253,Warwick 007H,Unable to prosecute suspect
5a35823d0295b0c0b8b6929a1055392af7cb65e580efa539d1c7655590a97239,2023-02,Warwickshire Police,Warwickshire Police,-1.236847,52.392131,On or near Mosedale,E01031137,Rugby 002A,Unable to prosecute suspect
122ffc4c047b2d59190c53869f9e5a2bd8204e7726bd280a6954614b475f7aec,2023-02,Warwickshire Police,Warwickshire Police,-1.459036,52.476344,On or near Shakespeare Avenue,E01031095,Nuneaton and Bedworth 015A,Unable to prosecute suspect
ea95c45090b4c4d3a3619a6260ab5c0ea9245b7c2dc4bef9345f1c4100c46570,2023-02,Warwickshire Police,Warwickshire Police,-1.537333,52.290651,On or near John Street,E01033253,Warwick 007H,Unable to prosecute suspect
953fecb65ba6e6c341ec35f0d3e510f46a39a68a1d81b5268d45a40c5623cac4,2023-02,Warwickshire Police,Warwickshire Police,-1.707656,52.521765,On or near Edison Road,E01031024,North Warwickshire 004B,Unable to prosecute suspect
0abd1992195b29a8b5179738d5cc915c231170ae7783d34be841b1df4a1afabc,2023-02,Warwickshire Police,Warwickshire Police,-1.295168,52.369325,On or near Kennedy Drive,E01031125,Rugby 007A,Unable to prosecute suspect
52faab1d188539644162aaf7ecde83c72aa20db94b6a80c20db20498b5ea2476,2023-02,Warwickshire Police,Warwickshire Police,-1.559262,52.347257,On or near ,E01031298,Warwick 002C,Unable to prosecute suspect
096ad9a268223fc69123908972b4584a4f549f661b4646d226337331cc92e46c,2023-02,Warwickshire Police,Warwickshire Police,-1.474439,52.524277,On or near Meadow Court,E01031043,Nuneaton and Bedworth 005A,Unable to prosecute suspect
c5a431b06b9af90e8cf21084644bd00acf36b6699039fab0cae6cb91788e22af,2023-02,Warwickshire Police,Warwickshire Police,-1.483368,52.474242,On or near Didsbury Road,E01031079,Nuneaton and Bedworth 018C,Investigation complete; no suspect identified
c586eec3ab5a709a9db9228fcd587b2cf4c972906fddbe3d14e095d9232f8e84,2023-02,Warwickshire Police,Warwickshire Police,-1.408368,52.415221,On or near ,E01031159,Rugby 001C,Unable to prosecute suspect
aceb7b13b72a902ea14ca721a94c7d310e67dd74eeea16126b7a4d009828e209,2023-02,Warwickshire Police,Warwickshire Police,-1.502174,52.515460,On or near Arbury Road,E01031092,Nuneaton and Bedworth 007C,Investigation complete; no suspect identified
e06b7cdaa9eaa872fc76eddd1404a892078a32ca9bcb2979f5bd60337d042d30,2023-02,Warwickshire Police,Warwickshire Police,-1.502174,52.515460,On or near Arbury Road,E01031092,Nuneaton and Bedworth 007C,Investigation complete; no suspect identified
c7eb4ad75bb558566cdcd8955293c928d30f303c979f9a45c3ed1619563bf3fd,2023-02,Warwickshire Police,Warwickshire Police,-1.266514,52.362130,On or near Kingsway,E01031146,Rugby 009D,Unable to prosecute suspect
e95e14f977afe4d3d7d34d9860f0beac45df4f8051a39bb795d67ff67ecac034,2023-02,Warwickshire Police,Warwickshire Police,-1.259934,52.388583,On or near ,E01031141,Rugby 002E,Unable to prosecute suspect
0d436ab41b6683104520c732c5ea736addd6d83906fd68436ef22c0f035297c8,2023-02,Warwickshire Police,Warwickshire Police,-1.709720,52.194195,On or near Shakespeare's Birthplace Coach Terminal,E01031229,Stratford-on-Avon 009B,Investigation complete; no suspect identified
0e549642501a1dc63a2da2727ec7e9d141cc3236deb1e69b7aab5c452955d590,2023-02,Warwickshire Police,Warwickshire Police,-1.783195,52.169062,On or near Quiney's Leys,E01031248,Stratford-on-Avon 012E,Investigation complete; no suspect identified
9a35e98575e7d90a18591bc7b26f12db0a7608227fb4316b80e6b9e998b8cb3a,2023-02,Warwickshire Police,Warwickshire Police,,,No location,,,Investigation complete; no suspect identified
9839776bd39f87ccac15af22093dfa64006307ac55a31fdb8beab7036db5c23a,2023-02,Warwickshire Police,Warwickshire Police,-1.245729,52.406429,On or near ,E01032892,Rugby 001G,Unable to prosecute suspect
463461612a8029289ae10927b5f1a818d7e7d7130251fb7fa932f01ae7b4fca1,2023-02,Warwickshire Police,Warwickshire Police,-1.542243,52.282283,On or near England Crescent,E01031265,Warwick 013E,Unable to prosecute suspect
a47589307d849b7f4344236f74bf7bc7b19bf608eda7b32505db6f339317f7aa,2023-02,Warwickshire Police,Warwickshire Police,-1.712134,52.200988,On or near ,E01031231,Stratford-on-Avon 009D,Unable to prosecute suspect
b84bff196d53c92b9c9499288e6239c84bf8eef4d1c934409861c2f453ab35cf,2023-02,Warwickshire Police,Warwickshire Police,-1.491323,52.278119,On or near Hutchcocks Close,E01031301,Warwick 005E,Investigation complete; no suspect identified
827816740bbdb5725d8f9968adb291556c4b39fcc57c415c724cb5a433a72d73,2023-02,Warwickshire Police,Warwickshire Police,-1.536851,52.291899,On or near Warwick Street,E01033256,Warwick 007I,Investigation complete; no suspect identified
d58c34cdb4455322e347da39a2e6e86038ddc2d1a1c101d33137a262eb759e40,2023-02,Warwickshire Police,Warwickshire Police,-1.514047,52.537274,On or near Grange Close,E01031074,Nuneaton and Bedworth 002D,Unable to prosecute suspect
e0da79e4f760b3786176121d427367511e24aec660e3ad3f6a896aabaacf682b,2023-02,Warwickshire Police,Warwickshire Police,-1.903771,52.279920,On or near Studley Road,E01032253,Redditch 009A,Investigation complete; no suspect identified
ac486352f5fb78550ab70ce0f1090d5aff3a6f2a54984e54ad692309a4946f4b,2023-02,Warwickshire Police,Warwickshire Police,-1.248884,52.390303,On or near Matlock Close,E01031140,Rugby 002D,Investigation complete; no suspect identified
33157de0ff82953adf26e69df55a0424b8158ca234774404617438f503a7a5f5,2023-02,Warwickshire Police,Warwickshire Police,-1.394190,52.254348,On or near Mill Crescent,E01031221,Stratford-on-Avon 004C,Unable to prosecute suspect
dc776ea7808ddc0b7929ac77346d202305a3f94077166fe2368251ab5c3ad87b,2023-02,Warwickshire Police,Warwickshire Police,-1.471445,52.520748,On or near Windsor Street,E01031046,Nuneaton and Bedworth 005D,Unable to prosecute suspect
9d4cca47f9bc151f660b12c65139facfb9f50b0e5e4abca78eb58e599de3729c,2023-02,Warwickshire Police,Warwickshire Police,-1.428000,52.539848,On or near Watling Street,E01031111,Nuneaton and Bedworth 001B,Investigation complete; no suspect identified
1faac9628609388e6c336df951f31a32583ec462b6d85f35b3f4d725633f97c0,2023-02,Warwickshire Police,Warwickshire Police,-1.278774,52.360470,On or near Marlborough Road,E01031177,Rugby 011F,Unable to prosecute suspect
0dbeed48a1ed08201fc004378a36abc11a0faa6a83584f1462df8419ddf9f203,2023-02,Warwickshire Police,Warwickshire Police,-1.534377,52.292905,On or near ,E01033253,Warwick 007H,Investigation complete; no suspect identified
1853982970e8ac3048af4a39366fa45bfd2f78ac200a9092765c9f3510d9e62b,2023-02,Warwickshire Police,Warwickshire Police,-1.591403,52.281735,On or near ,E01031324,Warwick 011D,Unable to prosecute suspect
f5d943915ae10ecd8fa0f3c1d9a7b04661be3f1305bff986d2ff2b2603329a84,2023-02,Warwickshire Police,Warwickshire Police,-1.534377,52.292905,On or near ,E01033253,Warwick 007H,Investigation complete; no suspect identified
516cdd0284df1e55252d8d861a8cd7fee1d60a635c05c2e9bd57c4c35473a44b,2023-02,Warwickshire Police,Warwickshire Police,-1.499378,52.471038,On or near Henson Road,E01031087,Nuneaton and Bedworth 016B,Unable to prosecute suspect
84c9bccc2053b7bbedae9d03e1d0509cbc5a7e12d50f5fc5b9b781d58d84d0a1,2023-02,Warwickshire Police,Warwickshire Police,-1.532403,52.278477,On or near Charles Gardner Road,E01031262,Warwick 013B,Investigation complete; no suspect identified
805be52fc4abd80a74dd01dea58a9e9d25ab4354d8a11e70ecfe34c2fe247623,2023-02,Warwickshire Police,Warwickshire Police,-1.473847,52.457820,On or near Brockenhurst Way,E01031099,Nuneaton and Bedworth 015E,Investigation complete; no suspect identified
23e2e4da35c045cf40af28c220928c908d6981bc2c4f08093fe8b0c78761fb9a,2023-02,Warwickshire Police,Warwickshire Police,-1.474540,52.522513,On or near ,E01031046,Nuneaton and Bedworth 005D,Suspect charged
9f815933e9d97c0009011dcf2e25329f6ec0c333a7d5215d90da7a9d5d95033e,2023-02,Warwickshire Police,Warwickshire Police,-1.470454,52.459719,On or near Sephton Drive,E01031099,Nuneaton and Bedworth 015E,Investigation complete; no suspect identified
9e32838447994cc68971525b0fd1efe0f2bf0a9fb565c3ac15a391f3687c1387,2023-02,Warwickshire Police,Warwickshire Police,-1.474540,52.522513,On or near ,E01031046,Nuneaton and Bedworth 005D,Suspect charged
67b58964aba2676bf56545656ab026c334ad3f72e1780fbd10a5f06d32d8c4d4,2023-02,Warwickshire Police,Warwickshire Police,-1.534194,52.282395,On or near Priory Street,E01031266,Warwick 013F,Investigation complete; no suspect identified
519d0370fe97f96567180875e326ede48b8fa7833b634a8b26e4096d99959fbd,2023-02,Warwickshire Police,Warwickshire Police,-1.303823,52.356898,On or near Edwin Close,E01032893,Rugby 007F,Unable to prosecute suspect
612d801487aae3cc482e50134601204626258a28920fca67b5afd9b645987ccd,2023-02,Warwickshire Police,Warwickshire Police,-1.428818,52.508603,On or near St Andrews Drive,E01031122,Nuneaton and Bedworth 011C,Action to be taken by another organisation
fd2d622a9fc3c053a8a5d99793bd00deea56f472055e2c9e7418ce49daf39589,2023-02,Warwickshire Police,Warwickshire Police,-1.427914,52.457903,On or near Lower Road,E01031159,Rugby 001C,Investigation complete; no suspect identified
c3bf0e2c3bd28ae3620e8e150511e63c120c9a6973c3dba25017f4437d4bddaf,2023-02,Warwickshire Police,Warwickshire Police,-1.428818,52.508603,On or near St Andrews Drive,E01031122,Nuneaton and Bedworth 011C,Action to be taken by another organisation
c59131e106c68ec85f0a364ef42c0c8a203560a293ff7c2dff03f62a879d768c,2023-02,Warwickshire Police,Warwickshire Police,-1.352565,52.307099,On or near Birdingbury Road,E01031166,Rugby 012E,Investigation complete; no suspect identified
89e79dc5fc2db873a801494809a4ec89a0583120ee28e80367e4e7ada7a1335a,2023-02,Warwickshire Police,Warwickshire Police,-1.484508,52.522874,On or near Borough Way,E01031045,Nuneaton and Bedworth 005C,Unable to prosecute suspect
a24baec5ad10a9eae500b8f4e470d2fb2d6e79f75e327f09e7564368c6f34afb,2023-02,Warwickshire Police,Warwickshire Police,-1.489657,52.517304,On or near Runneymede Gardens,E01031051,Nuneaton and Bedworth 008D,Unable to prosecute suspect
6513b12e717f6d226d361d1b42ae08a52ca2c620662f371a346908f224da43b2,2023-02,Warwickshire Police,Warwickshire Police,,,No location,,,Investigation complete; no suspect identified
9beaa3925631a6fd7ea290f10ba03e3b1a3a5561f6028942044fb93127ed93d2,2023-02,Warwickshire Police,Warwickshire Police,-1.537333,52.290651,On or near John Street,E01033253,Warwick 007H,Investigation complete; no suspect identified
17cb8f240b0b06a56dba2092d915f3b894cf5152ca439d99415ae96cdd0632eb,2023-02,Warwickshire Police,Warwickshire Police,-1.508762,52.531247,On or near Slate Lane,E01032890,Nuneaton and Bedworth 002F,Unable to prosecute suspect
9d196be82592b533403714bc08faeb87821f26af3ed046155f45c85ca0c6aa3e,2023-02,Warwickshire Police,Warwickshire Police,-1.793675,52.242380,On or near Bearley Road,E01031187,Stratford-on-Avon 007A,Investigation complete; no suspect identified
239e13682d6ebb8c64267e68503d068afee90a77239b147b6eff9763649aa194,2023-02,Warwickshire Police,Warwickshire Police,-1.537333,52.290651,On or near John Street,E01033253,Warwick 007H,Investigation complete; no suspect identified
f4f7abff81d5f47583f2cc32b0b82367efab9bbbf0f4d53accc39c465dbdf3ed,2023-02,Warwickshire Police,Warwickshire Police,-1.712600,52.280680,On or near Churchfield Close,E01031195,Stratford-on-Avon 002A,Investigation complete; no suspect identified
ce49cddad289608e90230b56f51354ec63f52c691215caea03e1910b29454a06,2023-02,Warwickshire Police,Warwickshire Police,-1.514507,52.279781,On or near Gainsborough Drive,E01031332,Warwick 010B,Investigation complete; no suspect identified
b9dcef5d3ed9011d263a36c79a3201d27c6e99b59807c71fe2f5c6100dc26255,2023-02,Warwickshire Police,Warwickshire Police,-1.263133,52.373163,On or near ,E01031173,Rugby 003C,Investigation complete; no suspect identified
f1227c68866127db4187a84eee05b0c0512f698e34eddbe81d61e3919cb48559,2023-02,Warwickshire Police,Warwickshire Police,-1.680145,52.565744,On or near Pear Tree Avenue,E01031033,North Warwickshire 004C,Unable to prosecute suspect
9914cefec7f388d9e65f131339fdb60efd2d4596fd3e8398ba80d5ced1e5a3b7,2023-02,Warwickshire Police,Warwickshire Police,-1.853543,52.167426,On or near Wharrad Close,E01031190,Stratford-on-Avon 012B,Unable to prosecute suspect
a0171743c66b6b5b00d9a21b8cfe8d52da92a55697e52dac887b46d867c10ba2,2023-02,Warwickshire Police,Warwickshire Police,-1.442460,52.525074,On or near Padstow Close,E01031101,Nuneaton and Bedworth 003B,Investigation complete; no suspect identified
1095725259e5fbab1cee9ae7f4140c70408a9abdc2c094dd3228752e4ab04841,2023-02,Warwickshire Police,Warwickshire Police,-1.260360,52.373599,On or near Bank Street,E01031173,Rugby 003C,Unable to prosecute suspect
8de1b43447276e741f1ba36bc27be94405b6b09069187b39bb3e379ca9c1d30d,2023-02,Warwickshire Police,Warwickshire Police,-1.286029,52.391360,On or near Manor House Close,E01031172,Rugby 003B,Unable to prosecute suspect
e3ffcd4c9113b253f6fbc247c8fbc0e8a3bb87645767da9264095c77a6309ab9,2023-02,Warwickshire Police,Warwickshire Police,-1.352897,52.281262,On or near Calias Lane,E01031166,Rugby 012E,Unable to prosecute suspect
304e4cff65cfc4fc66b15fde686d9a013898f415c03c7856d93a530a66e2c185,2023-02,Warwickshire Police,Warwickshire Police,-1.672484,52.190798,On or near Knights Lane,E01031227,Stratford-on-Avon 010C,Unable to prosecute suspect
8ee4b1f0221ad42861b6989c6295e5a8319101b3e1b4c37df5dd86149a9c0afa,2023-02,Warwickshire Police,Warwickshire Police,-1.243283,52.368933,On or near Newton Mews,E01031157,Rugby 008C,Unable to prosecute suspect
ce7c829c214933bfbcbdfa94a617c3b868e23783623f72dc95f30783d2408144,2023-02,Warwickshire Police,Warwickshire Police,-1.286025,52.361584,On or near Pool Close,E01031134,Rugby 011A,Unable to prosecute suspect
1412167f813aad80c7392dd0ee5251b18ac6684081755848006c2d635e20b6d7,2023-02,Warwickshire Police,Warwickshire Police,-1.245729,52.406429,On or near ,E01032892,Rugby 001G,Unable to prosecute suspect
1a6a8213c1400268b7198565d591cb48ba71ad468d38e491b7e0f0dc4424072c,2023-02,Warwickshire Police,Warwickshire Police,-1.556874,52.317419,On or near Hill Wootton Road,E01031284,Warwick 004D,Unable to prosecute suspect
1a6a8213c1400268b7198565d591cb48ba71ad468d38e491b7e0f0dc4424072c,2023-02,Warwickshire Police,Warwickshire Police,-1.556874,52.317419,On or near Hill Wootton Road,E01031284,Warwick 004D,Unable to prosecute suspect
3dbd9a729151052f498c92e05f59d0e777e20a367e463f3ffd0eadbe426a6923,2023-02,Warwickshire Police,Warwickshire Police,-1.462823,52.480911,On or near Wootton Street,E01031095,Nuneaton and Bedworth 015A,Investigation complete; no suspect identified
2ca5b864d6b3d4d0dc0a69ce21e5863a0f398a2aef3126bed857968d6fbd5ef1,2023-02,Warwickshire Police,Warwickshire Police,-1.535789,52.282689,On or near Flavel Crescent,E01031261,Warwick 013A,Unable to prosecute suspect
d2ce29e1ad29e2e3924c435013a978b75bd0c1d3221f098930aa1f8f14c22055,2023-02,Warwickshire Police,Warwickshire Police,-1.251818,52.381915,On or near Lyttelton Close,E01031141,Rugby 002E,Unable to prosecute suspect
f76c06d942694b4a07f0874c9f7e984447d9a97b3b4427ae42227cca44942049,2023-02,Warwickshire Police,Warwickshire Police,-1.251784,52.396102,On or near Swift Avenue,E01032892,Rugby 001G,Unable to prosecute suspect
3b1c3ac45688c5c417e0e32563358443a565761b57a74cf3b8c1767fd5b4e4a7,2023-02,Warwickshire Police,Warwickshire Police,-1.697900,52.183251,On or near Marigold Road,E01033251,Stratford-on-Avon 010E,Unable to prosecute suspect
545177b62e7e6973ccf831c32d9477581d525e1ee6bdd15d595a0f6e63df49e5,2023-02,Warwickshire Police,Warwickshire Police,-1.512955,52.314378,On or near Kenilworth Road,E01031278,Warwick 005B,Unable to prosecute suspect
09348d34322b9cdcd0959524985763ea0e2884cb5c5741f95cc15f66f6b49aac,2023-02,Warwickshire Police,Warwickshire Police,-1.228830,52.359687,On or near ,E01031180,Rugby 010E,Unable to prosecute suspect
900da55b43ec813c7ff52238d3b4dfdbe683ed4e6b7316ef53e6346bfb6888ae,2023-02,Warwickshire Police,Warwickshire Police,-1.896667,52.265368,On or near Allendale Crescent,E01031242,Stratford-on-Avon 003D,Investigation complete; no suspect identified
6e26d3ae44c8b0304ed11e014bd4998d048848a19567f16f28e13489a4cf0c2a,2023-02,Warwickshire Police,Warwickshire Police,-1.706633,52.482890,On or near High Lodge,E01031022,North Warwickshire 006D,Investigation complete; no suspect identified
918a9d7e400f6bf863d1bbe1bdbd6239c8acea8c935af011bf58bf7c11c418bc,2023-02,Warwickshire Police,Warwickshire Police,-1.712134,52.200988,On or near ,E01031231,Stratford-on-Avon 009D,Investigation complete; no suspect identified
5cf53cc71f67b8df607692058a1063aa3b79cfa5d0f23735797f47b4f4372846,2023-02,Warwickshire Police,Warwickshire Police,-1.559262,52.347257,On or near ,E01031298,Warwick 002C,Unable to prosecute suspect
8ee9a1453250acf79e91edcb569a932a4db31c6c0e60972c47cee87f90f9f1ab,2023-02,Warwickshire Police,Warwickshire Police,-1.216794,52.380996,On or near Hillmorton Lane,E01031129,Rugby 001B,Investigation complete; no suspect identified
07b0fc289a8887ab756c4c56f6c3429c782d10aa6d0e3b834d47974f72b1fe54,2023-02,Warwickshire Police,Warwickshire Police,-1.504301,52.520270,On or near Whitehouse Crescent,E01031092,Nuneaton and Bedworth 007C,Unable to prosecute suspect
85cf8432e3ef7c4be0f17a28f642410846c3825541ca8f8e51b3a9dba2a6ceea,2023-02,Warwickshire Police,Warwickshire Police,-1.454363,52.525570,On or near The Maltings,E01031100,Nuneaton and Bedworth 003A,Unable to prosecute suspect
65cc7eb16d9d66b3974bf91a4eb9ff4dedaac80edf1a57caaa06d3aa06aa577d,2023-02,Warwickshire Police,Warwickshire Police,-1.400845,52.284518,On or near Galanos,E01031210,Stratford-on-Avon 005F,Unable to prosecute suspect
53706fb2671882140bb68feeaca6771296e0b7ef5c2ca81f13e22f701e8b23ce,2023-02,Warwickshire Police,Warwickshire Police,-1.481364,52.468102,On or near Coventry Road Exhall,E01031099,Nuneaton and Bedworth 015E,Investigation complete; no suspect identified
fd15b305453e5148686addea0707910351fcf311e0efe1111a812412dc992066,2023-02,Warwickshire Police,Warwickshire Police,-1.530373,52.293051,On or near Lansdowne Street,E01031272,Warwick 007B,Unable to prosecute suspect
0d9a3a246f8a4403dcb46e550d1e152bd5058a8eb52248003d5cf617011c1d6a,2023-02,Warwickshire Police,Warwickshire Police,-1.708855,52.189949,On or near Church Street,E01031234,Stratford-on-Avon 011C,Unable to prosecute suspect
a1f0af76727fbbfb5b9a34421ccbfc0e1a0627dfd558d5d3bbd6707b92a5e652,2023-02,Warwickshire Police,Warwickshire Police,-1.530373,52.293051,On or near Lansdowne Street,E01031272,Warwick 007B,Unable to prosecute suspect
c16c8eed30b501cb3821ebabac3c1014222c8f8d6ac8088b750786d2cfbd4a0e,2023-02,Warwickshire Police,Warwickshire Police,-1.893378,52.279816,On or near ,E01031213,Stratford-on-Avon 001A,Unable to prosecute suspect
b491f2041bf58a68cec0aff6dae9828dc1dfa372bee209899b6c3448584733b5,2023-02,Warwickshire Police,Warwickshire Police,-1.562284,52.353436,On or near Northvale Close,E01031300,Warwick 002E,Investigation complete; no suspect identified
84ace1fe1307f3a8e39aaa75ae1521f9328eacc6dd368483e343bc93aa7796c6,2023-02,Warwickshire Police,Warwickshire Police,-1.779718,52.292808,On or near Back Lane,E01031202,Stratford-on-Avon 002B,Unable to prosecute suspect
cb8e3803184be710fc17cc0c9fe1bb2dbbb490828143f235f57b7bb6c82675d2,2023-02,Warwickshire Police,Warwickshire Police,-1.575359,52.576077,On or near Merevale Lane,E01031018,North Warwickshire 005D,Unable to prosecute suspect
4fdc8697c3b5d5c07d283cac9604a31ef8b9a101126e4b4423806ac288a98ba1,2023-02,Warwickshire Police,Warwickshire Police,-1.428258,52.531327,On or near Baskerville Road,E01031103,Nuneaton and Bedworth 003D,Unable to prosecute suspect
38f86e275cdb49746874764574a2d441dbd3078637f7146eb97aaca29779ed75,2023-02,Warwickshire Police,Warwickshire Police,-1.471014,52.510030,On or near Marner Road,E01031116,Nuneaton and Bedworth 009B,Unable to prosecute suspect
29a2dddf860044a5a3fdc07f5d56472b7a71c5c5942bbb60c79a75137eafed35,2023-02,Warwickshire Police,Warwickshire Police,-1.390140,52.259146,On or near Linley Road,E01031220,Stratford-on-Avon 004B,Unable to prosecute suspect
cd7ae2cfa41a37a6aa864bc667e5c8c2506e0058a62495621e8e1e3b6d5a1ddf,2023-02,Warwickshire Police,Warwickshire Police,-1.485305,52.468478,On or near Hayes Lane,E01031079,Nuneaton and Bedworth 018C,Investigation complete; no suspect identified
88c44f88a710c84664ecac01859ee301a055ccce1356bf763bf5351d1baf2630,2023-02,Warwickshire Police,Warwickshire Police,-1.490673,52.522451,On or near Wood Street,E01031060,Nuneaton and Bedworth 006D,Unable to prosecute suspect
68733ca23f8430fb5c4da45faca02d693437d38127a6fea8d5da0f9388466fd5,2023-02,Warwickshire Police,Warwickshire Police,-1.390140,52.259146,On or near Linley Road,E01031220,Stratford-on-Avon 004B,Suspect charged
740bceefce08b441c0cc016b0e0671ea2faf3e2814b43a646aaf772c803a6530,2023-02,Warwickshire Police,Warwickshire Police,-1.511935,52.532267,On or near Almond Avenue,E01032890,Nuneaton and Bedworth 002F,Unable to prosecute suspect
43689229c836a6845febdc0a8d47314d27deabd674536fa22290787e649ab957,2023-02,Warwickshire Police,Warwickshire Police,-1.492620,52.372387,On or near Rowley Road,E01031308,Warwick 005G,Investigation complete; no suspect identified
63a418ddd9ac6f54bc477bfa79f0d9287666b7a3d24fd92ab2b8c643a0a18f07,2023-02,Warwickshire Police,Warwickshire Police,-1.736355,52.200047,On or near Sackville Close,E01031237,Stratford-on-Avon 011E,Investigation complete; no suspect identified
706d11864d38daf845a51fb473daf2b9f213f86a1a15128edacc3c43b7e8671c,2023-02,Warwickshire Police,Warwickshire Police,-1.489657,52.517304,On or near Runneymede Gardens,E01031051,Nuneaton and Bedworth 008D,Investigation complete; no suspect identified
4a30aaac36004b9dd964c4cf334f80c5d0621e8956693b8783c76d05be800884,2023-02,Warwickshire Police,Warwickshire Police,-1.495286,52.521158,On or near Somerset Drive,E01031058,Nuneaton and Bedworth 006B,Suspect charged
a8defcf9891e539cda2d3cd4f0d824f6beb3a0a43dc5e0a89aa5d0b41ead12da,2023-02,Warwickshire Police,Warwickshire Police,-1.708663,52.205898,On or near Sycamore Close,E01031228,Stratford-on-Avon 009A,Unable to prosecute suspect
a6ef7057245276878676d97e9c169c03f41ec772038a4d0c56d218ca54d3888f,2023-02,Warwickshire Police,Warwickshire Police,-1.722837,52.197409,On or near Masons Road,E01031238,Stratford-on-Avon 009F,Investigation complete; no suspect identified
72454dfa7c1c551c7d29f77ca1f60d0bce4137ea7be934fc82d10f8278aae4c1,2023-02,Warwickshire Police,Warwickshire Police,-1.252621,52.375232,On or near Murray Road,E01031131,Rugby 005B,Unable to prosecute suspect
1df0dca94d68c582f944724452540c5fb2ae9bf8b8e89261e65cc8f81fd048cc,2023-02,Warwickshire Police,Warwickshire Police,-1.433340,52.472080,On or near B4109,E01031070,Nuneaton and Bedworth 014D,Investigation complete; no suspect identified
2835259f1d02f44f95abbd225e40137ed3d96a318f57c38f644fa23708266b19,2023-02,Warwickshire Police,Warwickshire Police,-1.527770,52.571950,On or near Watling Street,E01031014,North Warwickshire 003F,Investigation complete; no suspect identified
5c65382be81c1e9fa9bbf3ecb9d6e62885638f697e34f21d45958f6f21d9b259,2023-02,Warwickshire Police,Warwickshire Police,-1.478167,52.504452,On or near Swan Close,E01031050,Nuneaton and Bedworth 008C,Investigation complete; no suspect identified
a107923267ed72745ff44ea63e6790e1aaf5646f99704cc91cc3235b289372d0,2023-02,Warwickshire Police,Warwickshire Police,-1.442300,52.540033,On or near Milby Drive,E01031110,Nuneaton and Bedworth 001A,Investigation complete; no suspect identified
bd18a3a32eaa4eb7bdd6933fae7e87b338be6a90762930028de7919601597808,2023-02,Warwickshire Police,Warwickshire Police,-1.227431,52.358249,On or near Elms Drive,E01031179,Rugby 010D,Investigation complete; no suspect identified
be5b97c2bcc57c0b6ea22b661c31186dbc10c2f74bcf13ebc1fe8b6a4f145812,2023-02,Warwickshire Police,Warwickshire Police,-1.605742,52.191224,On or near ,E01031250,Stratford-on-Avon 008D,Investigation complete; no suspect identified
6882cfc3e70161075d8b5f0dee1d67c9ffbba5562741ab031ca2de362a3e27a2,2023-02,Warwickshire Police,Warwickshire Police,-1.528427,52.282984,On or near Neilston Street,E01031266,Warwick 013F,Investigation complete; no suspect identified
16306c182cb2900911c221f4619daba1cfdacc6ee7732c06bff804acfb68b0c4,2023-02,Warwickshire Police,Warwickshire Police,-1.704263,52.192233,On or near ,E01031234,Stratford-on-Avon 011C,Unable to prosecute suspect
9ca358d3f83d6649061359b05456e18885f510b1064972b4f06ee0cfc69a98a2,2023-02,Warwickshire Police,Warwickshire Police,-1.521155,52.284501,On or near St Mary's Terrace,E01031337,Warwick 010G,Unable to prosecute suspect
270fb8c596123525cd5fffbfaf75399123071fe3571553ebc6aa241371163047,2023-02,Warwickshire Police,Warwickshire Police,-1.895358,52.273485,On or near ,E01031239,Stratford-on-Avon 003A,Unable to prosecute suspect
f15e84add5c1b6fd8fbe5201a1265d76abc2f674fd56160290d2193882394718,2023-02,Warwickshire Police,Warwickshire Police,-1.252124,52.377710,On or near Charolais Close,E01031174,Rugby 003D,Investigation complete; no suspect identified
0d01c3d2679fe24855a9de9bb336542a576b894b7a6a36d166f8cfafb9a539a9,2023-02,Warwickshire Police,Warwickshire Police,-1.521155,52.284501,On or near St Mary's Terrace,E01031337,Warwick 010G,Suspect charged
aa14ca17c8ff9ba20f00bd26653264830e4c496bbff7be55613445b618648625,2023-02,Warwickshire Police,Warwickshire Police,-1.552515,52.279724,On or near Conrad Lewis Way,E01031315,Warwick 012A,Unable to prosecute suspect
ae90f73b2591ba03cc2ecb07d33687c3e6ac62efd91d79b5d977bb9551b18a74,2023-02,Warwickshire Police,Warwickshire Police,-1.501994,52.535319,On or near ,E01031073,Nuneaton and Bedworth 002C,Investigation complete; no suspect identified
d5c5709a24ff7d819d1abde1e73d3fbb6d8b3bf9aac1c60bbda0cd33fc84d80e,2023-02,Warwickshire Police,Warwickshire Police,-1.545343,52.285891,On or near Park Drive,E01031293,Warwick 009D,Investigation complete; no suspect identified
42d425cb7078e8cf01fca0fdc04c36fd3675bf09821d6a8ce11ca2236b532fa3,2023-02,Warwickshire Police,Warwickshire Police,-1.269075,52.368879,On or near Park Lane,E01031167,Rugby 006A,Investigation complete; no suspect identified
ac5620f376d68a12f042c7e0888b3087718f917e7639d073f2a7c00f6daa7d43,2023-02,Warwickshire Police,Warwickshire Police,-1.884825,52.147286,On or near ,E01032414,Wychavon 011C,Investigation complete; no suspect identified
81c74c6f62f42b27e1a8c54bb326bf073309a2e7d946b5bf7aa26cd59746b835,2023-02,Warwickshire Police,Warwickshire Police,-1.515823,52.276186,On or near ,E01031334,Warwick 010D,Investigation complete; no suspect identified
d278e2034d312fb46133cdeeead384a48f555fe28b2faec20de723c471dba319,2023-02,Warwickshire Police,Warwickshire Police,-1.536189,52.538945,On or near Thorncliffe Way,E01031008,North Warwickshire 005B,Unable to prosecute suspect
64d796e2544f4179c6897b6674b5bc40c84376833193cf0fe5c17428b5687901,2023-02,Warwickshire Police,Warwickshire Police,-1.584896,52.287394,On or near Trueman Close,E01031323,Warwick 011C,Investigation complete; no suspect identified
24aa1af105eed2a0639b9ec19ae18ad98a563416ba474450fa06a3d4e87ac89b,2023-02,Warwickshire Police,Warwickshire Police,-1.261689,52.379352,On or near Wood Street,E01031174,Rugby 003D,Investigation complete; no suspect identified
9328b08e95eb04e2beadf1ca663a4b2bc1745509828b93745d6c69267402fa34,2023-02,Warwickshire Police,Warwickshire Police,-1.712041,52.185884,On or near Holtom Street,E01031235,Stratford-on-Avon 011D,Investigation complete; no suspect identified
7680de6e77502fa6ab15a7e066d0afe8355ef25e1e4c8133f3613102d0e241d8,2023-02,Warwickshire Police,Warwickshire Police,-1.544245,52.283929,On or near ,E01031265,Warwick 013E,Investigation complete; no suspect identified
cd43d3612204503f15d99613ed5cbe33d25bc44960b36f74c64bbb4299470975,2023-02,Warwickshire Police,Warwickshire Police,-1.483610,52.518986,On or near Howard Road,E01031059,Nuneaton and Bedworth 006C,Unable to prosecute suspect
b28ed933e48aca1e27adafed7dc22eb5a62fcfb485c3da46559f42b5a1fd4981,2023-02,Warwickshire Police,Warwickshire Police,-1.465833,52.474281,On or near Coalpit Fields Road,E01031097,Nuneaton and Bedworth 015C,Investigation complete; no suspect identified
9f8ac4876f65b84197b183004812ac17d6f0151ebaa74c4a8cf3792644e5b621,2023-02,Warwickshire Police,Warwickshire Police,-1.707656,52.521765,On or near Edison Road,E01031024,North Warwickshire 004B,Investigation complete; no suspect identified
4ecb966c5e53c0e8c20b21e3003e4ab7087463ca6f9760735d1ef73e1b6bdfda,2023-02,Warwickshire Police,Warwickshire Police,-1.240942,52.410435,On or near Dixwell Way,E01032892,Rugby 001G,Unable to prosecute suspect
9dac7edd91e8ef6808e0be113b765b566e876813849143d9cf820dd57ca7cbf6,2023-02,Warwickshire Police,Warwickshire Police,-1.299738,52.381238,On or near Garratt Close,E01031165,Rugby 007E,Unable to prosecute suspect
9a90524152d39838b06dc2ed0ca2e963d0c31d2014a17891ad5c96b9c17fac5e,2023-02,Warwickshire Police,Warwickshire Police,-1.534043,52.285369,On or near ,E01031291,Warwick 009B,Suspect charged
6219876e5b8732c5864a51607e7916010296fd305d4253b93930fda0f48870b8,2023-02,Warwickshire Police,Warwickshire Police,-1.534043,52.285369,On or near ,E01031291,Warwick 009B,Suspect charged
17d9c443d90239f1991ae6298b404eaf91a8edeed746a7157984f8ff30dd1467,2023-02,Warwickshire Police,Warwickshire Police,-1.534043,52.285369,On or near ,E01031291,Warwick 009B,Unable to prosecute suspect
0f57301c401e8268c5c50723a8c73fb23a6cffb94ce02fed865ce0b20a7ff6b5,2023-02,Warwickshire Police,Warwickshire Police,-1.580170,52.350030,On or near Abbotsford Mews,E01031256,Warwick 001C,Unable to prosecute suspect
b08d5abf920530756b48cc68e43f2c011dd20c2d098e698c8e75106bfc6a7a43,2023-02,Warwickshire Police,Warwickshire Police,-1.550122,52.577872,On or near Avins Courtyard,E01031010,North Warwickshire 003B,Suspect charged
b08d5abf920530756b48cc68e43f2c011dd20c2d098e698c8e75106bfc6a7a43,2023-02,Warwickshire Police,Warwickshire Police,-1.550122,52.577872,On or near Avins Courtyard,E01031010,North Warwickshire 003B,Suspect charged
1151ae197611742905da7891a9b47df8665b1e1bc005690fd6e88c4700530df4,2023-02,Warwickshire Police,Warwickshire Police,-1.680999,52.188538,On or near Wootton Close,E01031227,Stratford-on-Avon 010C,Unable to prosecute suspect
6049d30775c1fe5146924b60eebb9a8b5b99c617add86db232a04a46371ce029,2023-02,Warwickshire Police,Warwickshire Police,-1.466857,52.523542,On or near Newdegate Place,E01031043,Nuneaton and Bedworth 005A,Investigation complete; no suspect identified
58d90c125caf94f9f97d7f2e315cb2c86ac3fe9c2af2f0a01c8f3f0ec20c8401,2023-02,Warwickshire Police,Warwickshire Police,-1.672484,52.190798,On or near Knights Lane,E01031227,Stratford-on-Avon 010C,Unable to prosecute suspect
551d844a72a2f1c45edfa2a470e1a792fe922cf2e985816f7366230ec266c04d,2023-02,Warwickshire Police,Warwickshire Police,-1.266420,52.351808,On or near Brafield Leys,E01031143,Rugby 009A,Unable to prosecute suspect
258d542edf9fcd2827e60725357324bbb53bfec51fde5d0ab634f5b92ef7af3b,2023-02,Warwickshire Police,Warwickshire Police,-1.252405,52.350624,On or near Gorse Farm Close,E01031143,Rugby 009A,Unable to prosecute suspect
4b12fcf0b6a2009b98b69caeeb545c5a303b2bb15dccd66c885a6545c994b8bc,2023-02,Warwickshire Police,Warwickshire Police,-1.254788,52.375632,On or near Market Street,E01031132,Rugby 005C,Unable to prosecute suspect
49ee2343b024531bc38306f235a22fd93623a04e266007fdcdd2dafa6b7c221a,2023-02,Warwickshire Police,Warwickshire Police,-1.531463,52.518870,On or near Park Lane,E01031090,Nuneaton and Bedworth 007A,Unable to prosecute suspect
14de3513087fc64235689702b348eb3e6a029527d5762468334def6208f21199,2023-02,Warwickshire Police,Warwickshire Police,-1.712134,52.200988,On or near ,E01031231,Stratford-on-Avon 009D,Unable to prosecute suspect
de29efee69d51dd8028657aa35b9315b2074606f22eb7e978e95de5010d326ba,2023-02,Warwickshire Police,Warwickshire Police,-1.473900,52.484251,On or near Leicester Road,E01031064,Nuneaton and Bedworth 013C,Investigation complete; no suspect identified
9c5973e48b9428607261284221cf371fe46e6bb2134af2c3101847dd11cc7933,2023-02,Warwickshire Police,Warwickshire Police,-1.691537,52.193996,On or near Elgin Gardens,E01033252,Stratford-on-Avon 010F,Unable to prosecute suspect
f0b0e064f2913348ee27a6e6cdef40bdaab8fcb8c93449f06d8def96e348ba43,2023-02,Warwickshire Police,Warwickshire Police,-1.569365,52.212305,On or near Newbold Road,E01031252,Stratford-on-Avon 008F,Unable to prosecute suspect
e6d2a4045b8137cd11e5c8ad7850c191d28e5cbee18e04cb8da7ec3fc60e35f1,2023-02,Warwickshire Police,Warwickshire Police,-1.859165,52.336316,On or near Rushbrook Lane,E01031243,Stratford-on-Avon 001B,Investigation complete; no suspect identified
3de556d2ea62ccb24606bd71f665dcdc4382c23de5d770e96ad2debcf5cbf3eb,2023-02,Warwickshire Police,Warwickshire Police,-1.431695,52.217503,On or near High Street,E01031200,Stratford-on-Avon 005D,Unable to prosecute suspect
cafbd071e5b3b64424d27c951689b73d4dac40dcb77e8fb1745dee47f0551a71,2023-02,Warwickshire Police,Warwickshire Police,-1.445192,52.536361,On or near ,E01031110,Nuneaton and Bedworth 001A,Unable to prosecute suspect
0a9e5d306c0010de1b4175c0a01ca6c66acb3a68417f73f1aadf715bcc4619dc,2023-02,Warwickshire Police,Warwickshire Police,-1.529305,52.278986,On or near Shrubland Street,E01031263,Warwick 013C,Unable to prosecute suspect
0e59a8b49594718cd47fe5d2a62a5f513c6ee941772368067cdb4123c9ccfe49,2023-02,Warwickshire Police,Warwickshire Police,-1.527829,52.537573,On or near The Larches,E01031008,North Warwickshire 005B,Unable to prosecute suspect
75bb57488801a0fa1596a92484de4e592ffd326611410449305a316d7a63bea6,2023-02,Warwickshire Police,Warwickshire Police,-1.483529,52.529621,On or near Currane Road,E01031075,Nuneaton and Bedworth 002E,Investigation complete; no suspect identified
a86642cd1c4a5ce315aea23aa3ff126d9af7d79a9b60c24d84feb4908b29ccd5,2023-02,Warwickshire Police,Warwickshire Police,-1.608786,52.268119,On or near Lovell Field Close,E01033254,Warwick 011G,Investigation complete; no suspect identified
ebbbc74829431d6d0b6293f687a3917214d2543e4ad153c6ec90e81e3f17da9b,2023-02,Warwickshire Police,Warwickshire Police,-1.591947,52.194737,On or near Birch Grove,E01031250,Stratford-on-Avon 008D,Investigation complete; no suspect identified
ebf43bccc01c04c3f5be628a488b0d8077e4cc238cbb2554c66a795a17951c54,2023-02,Warwickshire Police,Warwickshire Police,-1.473596,52.481355,On or near ,E01031064,Nuneaton and Bedworth 013C,Unable to prosecute suspect
e70249a09ce9422b053b8ab068014ebe5e94e9a4788a208c16eac8d6debd7364,2023-02,Warwickshire Police,Warwickshire Police,-1.502013,52.373138,On or near Friends Close,E01031308,Warwick 005G,Investigation complete; no suspect identified
7acef3575a6c03a9d4f40ddb84bbbd15908692477885701a2e3bd619b382f9ea,2023-02,Warwickshire Police,Warwickshire Police,-1.474979,52.522247,On or near Queen's Road,E01031047,Nuneaton and Bedworth 005E,Investigation complete; no suspect identified
67ed2395f471e42e6b9f5170f89b8a8afc024725801400bc0c0a53f1e3b9b5d9,2023-02,Warwickshire Police,Warwickshire Police,-1.471920,52.479882,On or near ,E01031064,Nuneaton and Bedworth 013C,Unable to prosecute suspect
6d31aa70160925d3bdf7d1a0e09e59ce13d7bb6570d68ba6f23959eea4ba1b84,2023-02,Warwickshire Police,Warwickshire Police,-1.534377,52.292905,On or near ,E01033253,Warwick 007H,Investigation complete; no suspect identified
efb8e41e8f368bdff25df6d2746e263294755e9440dee7c2c5b131ab97e09e87,2023-02,Warwickshire Police,Warwickshire Police,-1.471920,52.479882,On or near ,E01031064,Nuneaton and Bedworth 013C,Unable to prosecute suspect
b7d21488f0dbf0a4f92d7b747b130a9db7b980de04e73f845c042beef49c6139,2023-02,Warwickshire Police,Warwickshire Police,-1.285847,52.353492,On or near Martin Lane,E01031134,Rugby 011A,Unable to prosecute suspect
ea0423e87c6df3a95fd738ca8d6d84516f4131a0744bad23b8c1c95f302c3e6e,2023-02,Warwickshire Police,Warwickshire Police,-1.736149,52.491544,On or near Birmingham Road,E01010145,Solihull 005A,Investigation complete; no suspect identified
94ddd76a704ebe15ed88be8b70e0b1b20107b434dada81682f0b51e6fc7b2cd6,2023-02,Warwickshire Police,Warwickshire Police,-1.465443,52.183794,On or near ,E01031205,Stratford-on-Avon 013B,Investigation complete; no suspect identified
8350ba82076fba6a2a4dc507ba3e7f0dbe813d1e54013ae57522267e308c9fd1,2023-02,Warwickshire Police,Warwickshire Police,-1.697871,52.183287,On or near Bluebell Road,E01033251,Stratford-on-Avon 010E,Unable to prosecute suspect
55c902d517494c4e99c3d03e6852509010593c520ac79265247e24ac2a2e18eb,2023-02,Warwickshire Police,Warwickshire Police,-1.697871,52.183287,On or near Bluebell Road,E01033251,Stratford-on-Avon 010E,Unable to prosecute suspect
86dd8a1554b7e67f72e2584c87ad75b229c530fbab30c3e69d4c0bdbe33faae0,2023-02,Warwickshire Police,Warwickshire Police,-1.697871,52.183287,On or near Bluebell Road,E01033251,Stratford-on-Avon 010E,Unable to prosecute suspect
8376783f65de883bdcd32ef654beace8327ba57adeb2e4e87bb7e1ce8dc9a3c0,2023-02,Warwickshire Police,Warwickshire Police,-1.513188,52.299806,On or near Clare Close,E01031273,Warwick 006A,Investigation complete; no suspect identified
a81a83fb118cf4803b142af3af9d43a2952b7d0ac7997495c8a703baa8ab2ef1,2023-02,Warwickshire Police,Warwickshire Police,-1.471920,52.479882,On or near ,E01031064,Nuneaton and Bedworth 013C,Unable to prosecute suspect
c35a6b8871f1864a62a35a8d391031d1cfd527ab3015778008a1ed00be3b6cfc,2023-02,Warwickshire Police,Warwickshire Police,-1.720218,52.195137,On or near Mossop Court,E01031238,Stratford-on-Avon 009F,Unable to prosecute suspect
ad1df8fad1b9f97fddde67b3c8588a20ad7dc97e83ff5e6f94acc1dffb455453,2023-02,Warwickshire Police,Warwickshire Police,-1.241592,52.371601,On or near Eastlands Place,E01031133,Rugby 005D,Investigation complete; no suspect identified
86822bb8711efdf6ae776b65f1150aff37a2fc02006adb073f196cc891687513,2023-02,Warwickshire Police,Warwickshire Police,-1.491561,52.479995,On or near Charles Eaton Road,E01031106,Nuneaton and Bedworth 012B,Investigation complete; no suspect identified
e04abffd83b3a4f612c3867458af6aa14c53679f867c463f90b771efd7eaf712,2023-02,Warwickshire Police,Warwickshire Police,-1.736149,52.491544,On or near Birmingham Road,E01010145,Solihull 005A,Investigation complete; no suspect identified
c2ae6f74a6577cc93ebb9844a6131c183523a98b1bfa5d06e40abb5b07803458,2023-02,Warwickshire Police,Warwickshire Police,-1.609728,52.595847,On or near ,E01031025,North Warwickshire 002B,Investigation complete; no suspect identified
468f77053a05ffda7be8e16560b9dee1d2103f40c6228de867e5cc34056acc5c,2023-02,Warwickshire Police,Warwickshire Police,-1.583978,52.344659,On or near Borrowell Lane,E01031256,Warwick 001C,Investigation complete; no suspect identified
57795182f64a5da6b09909b5185c9758e891dff7429b9b3dec43881da60f69c9,2023-02,Warwickshire Police,Warwickshire Police,-1.723295,52.196691,On or near Sandel Close,E01031238,Stratford-on-Avon 009F,Unable to prosecute suspect
b52d5667aac769515d968b57b432f8587fa59e8b12439aa2eb8283f191001dc1,2023-02,Warwickshire Police,Warwickshire Police,-1.465443,52.183794,On or near ,E01031205,Stratford-on-Avon 013B,Unable to prosecute suspect
8101131c2e593373f5d0dfd5d14cbf55dae437282247073cd5f52a80ff406199,2023-02,Warwickshire Police,Warwickshire Police,-1.583978,52.344659,On or near Borrowell Lane,E01031256,Warwick 001C,Investigation complete; no suspect identified
5c1d1ab635ed858f1e784d7c3db4eca2f56f24d5a2aee2443981e3294594ad62,2023-02,Warwickshire Police,Warwickshire Police,-1.436304,52.215323,On or near Plough Lane,E01031199,Stratford-on-Avon 005C,Investigation complete; no suspect identified
95d684d5f9cf9ef0a15b306350e52c0356b978d631920450b5601ffa7800663d,2023-02,Warwickshire Police,Warwickshire Police,-1.451294,52.368319,On or near Glenfern Gardens,E01031181,Rugby 004E,Investigation complete; no suspect identified
b354a5760552e19061bd4967d64ebfa0efd2359980c20fe63f63e51ceb9fcae6,2023-02,Warwickshire Police,Warwickshire Police,-1.598923,52.271404,On or near Longfellow Avenue,E01033255,Warwick 011H,Unable to prosecute suspect
9bd8274bcad85dbe0058a4a6263c20993ec55d4cf78300b58bf77276c95a182f,2023-02,Warwickshire Police,Warwickshire Police,-1.278621,52.366241,On or near Bilton Road,E01031177,Rugby 011F,Unable to prosecute suspect
8e6dab3799f1aa3324cba368c605e3df54a7abd69a9e65174d72b6e92b3282ce,2023-02,Warwickshire Police,Warwickshire Police,-1.660283,52.334833,On or near A4177,E01031283,Warwick 004C,Investigation complete; no suspect identified
b067c6b7165e6fbb0947434262c9f458b665a7f8e56a6d1b3a2c404d91082908,2023-02,Warwickshire Police,Warwickshire Police,-1.361974,52.267808,On or near Jubilee Fields,E01031223,Stratford-on-Avon 004E,Unable to prosecute suspect
aa907f141463dc05ff7827fb9c877f535ebb9125846c19970d5bdbeabc1571cd,2023-02,Warwickshire Police,Warwickshire Police,-1.522114,52.517988,On or near Ashe Road,E01031090,Nuneaton and Bedworth 007A,Unable to prosecute suspect
d6ad2d5be30f7e0fde1213625a9d7da56dbccf11ddc17e0e6df715b741f9a7d0,2023-02,Warwickshire Police,Warwickshire Police,-1.549745,52.246449,On or near The Lees,E01031260,Warwick 014B,Offender given penalty notice
422a123d3fcd3490d5fa51151a36e92c8aee2b431320e27e5d6aa0f860483cb4,2023-02,Warwickshire Police,Warwickshire Police,-1.872059,52.221363,On or near Blackthorn Way,E01031185,Stratford-on-Avon 006C,Investigation complete; no suspect identified
1db1133fd583abbaa8d33e515fc5322f29c969956491fac42afff47da6b31cf8,2023-02,Warwickshire Police,Warwickshire Police,-1.484508,52.522874,On or near Borough Way,E01031045,Nuneaton and Bedworth 005C,Unable to prosecute suspect
aaf5017ae8984dd0418baeaaa16c19c0fe9aff9822eb73fd34f2be5368c68e7b,2023-02,Warwickshire Police,Warwickshire Police,-1.479783,52.484888,On or near Bede Road,E01031109,Nuneaton and Bedworth 012E,Unable to prosecute suspect
9435182bf5439183c7913d799c53139b0658304f751f44d1f54fdae97d0a2a7e,2023-02,Warwickshire Police,Warwickshire Police,-1.262733,52.371357,On or near High Street,E01031145,Rugby 009C,Suspect charged
bb9acd2b286774f9fe01474c974f537fc53ef0125275d50a7641fd8fa50cdf17,2023-02,Warwickshire Police,Warwickshire Police,-1.716826,52.183334,On or near Kempton Close,E01031232,Stratford-on-Avon 011A,Unable to prosecute suspect
95a748e149377a9a8adb4e705f67a15f90d4b312b620812bbf3dd3deafb3dae1,2023-02,Warwickshire Police,Warwickshire Police,-1.464532,52.477134,On or near Corn Meadows,E01031097,Nuneaton and Bedworth 015C,Unable to prosecute suspect
69d2e2920d9d633d659b5596c898fb27be12ff86b3b5b39bb4fad96070615c0b,2023-02,Warwickshire Police,Warwickshire Police,-1.703900,52.501690,On or near Blythe Road,E01031021,North Warwickshire 006C,Unable to prosecute suspect
c40f9da4da8e74db250649bb15d30ae88b07f6bcbd45274ad5e241077eddf4f1,2023-02,Warwickshire Police,Warwickshire Police,-1.262516,52.373792,On or near North Street,E01031173,Rugby 003C,Unable to prosecute suspect
cb7b783e38ac770a18885ac666ba5177eeefb94929d6b7ebade11a764f02d95f,2023-02,Warwickshire Police,Warwickshire Police,-1.262516,52.373792,On or near North Street,E01031173,Rugby 003C,Unable to prosecute suspect
2d7df3687eea12d2cbc11ffa830d4fbdf7a308ecf57eea8ee3231cb66a024ef6,2023-02,Warwickshire Police,Warwickshire Police,-1.533686,52.286133,On or near Spencer Yard,E01031291,Warwick 009B,Unable to prosecute suspect
56e7b3fc283fca04f009f33f237f2616e9fe79143fd05fcf32d0f302085e8d53,2023-02,Warwickshire Police,Warwickshire Police,-1.556594,52.273410,On or near Sandpit Boulevard,E01031315,Warwick 012A,Unable to prosecute suspect
2ea73c7910c59dfad6f4da8571ef822bcf4106107f70776cea46b05f1fbd9572,2023-02,Warwickshire Police,Warwickshire Police,-1.581923,52.562940,On or near ,E01031018,North Warwickshire 005D,Unable to prosecute suspect
8d3538ff5f652df4c536b2b390b61f42d722b66d76cc4334a09cac6bc04d00b4,2023-02,Warwickshire Police,Warwickshire Police,-1.581923,52.562940,On or near ,E01031018,North Warwickshire 005D,Unable to prosecute suspect
9a4a0ef303eca8a47bf7422599fd9a515ee1916529a0f22a14f17e6ea4a962ab,2023-02,Warwickshire Police,Warwickshire Police,-1.518825,52.535784,On or near Salisbury Drive,E01031084,Nuneaton and Bedworth 004D,Suspect charged
ab34dec930efcdece553ac2203d69afb3148b0ae228c4fb7654c00d3eee2a4ec,2023-02,Warwickshire Police,Warwickshire Police,-1.518825,52.535784,On or near Salisbury Drive,E01031084,Nuneaton and Bedworth 004D,Suspect charged
1552dda933e63f9d74d0f203187746ceeb81327e2eab55f1a0586c26a3cc8df7,2023-02,Warwickshire Police,Warwickshire Police,-1.824229,52.171054,On or near ,E01031188,Stratford-on-Avon 007B,Unable to prosecute suspect
572cb9bd35bba24c37b5a3e8e7b4a53bf9ad6d7a4c14188036e3ec21044fa7d3,2023-02,Warwickshire Police,Warwickshire Police,-1.473653,52.514780,On or near Navigation Close,E01031059,Nuneaton and Bedworth 006C,Unable to prosecute suspect
9dffdfae7a7222a2b89746ef625d33ba381562bd8fe80bc32c2e564a8a0ef058,2023-02,Warwickshire Police,Warwickshire Police,-1.464826,52.482079,On or near Tewkesbury Drive,E01031096,Nuneaton and Bedworth 015B,Unable to prosecute suspect
d03bbf766eebf74f958fd3e7418f738e7668eec0f748950e2113059a7d6cc248,2023-02,Warwickshire Police,Warwickshire Police,-1.705580,52.192027,On or near ,E01031234,Stratford-on-Avon 011C,Unable to prosecute suspect
c4291463d8a4e481264d74d1810505700f9cc32c1ea57a4fa3b7ff3b3fdee3fc,2023-02,Warwickshire Police,Warwickshire Police,-1.554115,52.278076,On or near Pinewood Avenue,E01031315,Warwick 012A,Action to be taken by another organisation
c7db069985a346bb4ebce06392b7d919042e7e9b72a4468c0e5310d674de44fb,2023-02,Warwickshire Police,Warwickshire Police,-1.548836,52.282569,On or near The Moorings,E01031320,Warwick 012F,Unable to prosecute suspect
cdf8f8fa6de322d365786f5f8ed882bc2d7d81f71c3551fe5dec4d9a47cbeb31,2023-02,Warwickshire Police,Warwickshire Police,-1.278518,52.352701,On or near Edyvean Close,E01031175,Rugby 011D,Investigation complete; no suspect identified
6a9cdbd6fdc412a37dad91f231dee0653565ed848196b27cd1550aeab46e8c4e,2023-02,Warwickshire Police,Warwickshire Police,-1.547822,52.279994,On or near ,E01031315,Warwick 012A,Unable to prosecute suspect
6df2d9565f23d8f6549236e2797003dae59a811fbb9c07935c058e7ac611b49c,2023-02,Warwickshire Police,Warwickshire Police,-1.760169,52.586565,On or near Coppice Lane,E01031023,North Warwickshire 004A,Investigation complete; no suspect identified
07170187ff6aa42dd79edc561baed807c4e8b524b9d59b93598ba44085f38d3c,2023-02,Warwickshire Police,Warwickshire Police,-1.469445,52.521611,On or near ,E01031043,Nuneaton and Bedworth 005A,Investigation complete; no suspect identified
220590b25a5e9c30648017304212f3f2d61da7e6692158af9e44f03c7cb9caf9,2023-02,Warwickshire Police,Warwickshire Police,-1.469445,52.521611,On or near ,E01031043,Nuneaton and Bedworth 005A,Offender given a caution
7b1a4f723a1c0cf8e296f2bf69c8a81fce3db466e4b42627654e508cc36ddb42,2023-02,Warwickshire Police,Warwickshire Police,-1.572803,52.506495,On or near Firtree Lane,E01031006,North Warwickshire 007A,Unable to prosecute suspect
f9a723b6eb5d7171f3862506a4e5d0a0aad3fb061df47020e81f9ebb7af638f5,2023-02,Warwickshire Police,Warwickshire Police,-1.719873,52.205844,On or near Barley Close,E01031230,Stratford-on-Avon 009C,Unable to prosecute suspect
00d7ceff4a1137b9e9c032d95be857eb37edb8c603dbf29e16370cfeb5e99cf8,2023-02,Warwickshire Police,Warwickshire Police,-1.285847,52.353492,On or near Martin Lane,E01031134,Rugby 011A,Unable to prosecute suspect
b685a24d086ccf8c0f53f052f1490949aac50b4df853fe2de1fc03a8b909a31c,2023-02,Warwickshire Police,Warwickshire Police,-1.714449,52.202747,On or near ,E01031231,Stratford-on-Avon 009D,Unable to prosecute suspect
5ee2f877fa888644579a0a49059daebff637a4edd483f3058685f23cd8a9de22,2023-02,Warwickshire Police,Warwickshire Police,-1.698105,52.189742,On or near ,E01031225,Stratford-on-Avon 010A,Unable to prosecute suspect
2da58684f59ac0707d7b7cc88dff384942cf456361116209b2633b6f3c264d87,2023-02,Warwickshire Police,Warwickshire Police,-1.718870,52.193102,On or near Willows Drive North,E01031232,Stratford-on-Avon 011A,Investigation complete; no suspect identified
427f683a155e8d42f1ba3844f2ed063a273fdfcc27aa995edae4ee7c117266aa,2023-02,Warwickshire Police,Warwickshire Police,-1.472105,52.364593,On or near Siskin Parkway East,E01031308,Warwick 005G,Unable to prosecute suspect
ec7280645c03112fe06274d225baeb671bcf10b09d1d2c9ccd6d30539319558f,2023-02,Warwickshire Police,Warwickshire Police,-1.277316,52.375097,On or near Pinfold Street,E01031169,Rugby 006C,Unable to prosecute suspect
148e1d3f11b276f69e9e6bdba891d563b72a4d046fa12f90196746124b531a2d,2023-02,Warwickshire Police,Warwickshire Police,-1.460962,52.487402,On or near Chestnut Road,E01031066,Nuneaton and Bedworth 013E,Unable to prosecute suspect
e3e5536199a96e53af27433ee1445473b3b03ca1064fe0510d18bf2eb391d560,2023-02,Warwickshire Police,Warwickshire Police,-1.460977,52.507854,On or near Franklin Road,E01031117,Nuneaton and Bedworth 009C,Unable to prosecute suspect
c0dfe6d51c13ade310a91c923ba1cba99ac96e4c9c73f225b9251e7e65946b63,2023-02,Warwickshire Police,Warwickshire Police,-1.482612,52.509839,On or near Sargasso Lane,E01031049,Nuneaton and Bedworth 008B,Unable to prosecute suspect
08a558fe026bd3ffd1995102910afcac65be303fa91bb7362e50693c0db5769b,2023-02,Warwickshire Police,Warwickshire Police,-1.608791,52.287475,On or near Lyster Close,E01031322,Warwick 011B,Investigation complete; no suspect identified
05bc3d22ae27d968170027562ede78edb40e74227598b245605734879da914fb,2023-02,Warwickshire Police,Warwickshire Police,-1.541769,52.580779,On or near Sanders Close,E01031012,North Warwickshire 003D,Unable to prosecute suspect
7fc188a82226c2e27346e32fba1e3e0c2b37da35734e3d21f1ca60512d74af53,2023-02,Warwickshire Police,Warwickshire Police,-1.744798,52.123260,On or near Millfield Close,E01031212,Stratford-on-Avon 014B,Investigation complete; no suspect identified
26bae8f802b53d98975520040a72477ea5b089be9c2c16250e35e43678a1c1b7,2023-02,Warwickshire Police,Warwickshire Police,-1.593239,52.288807,On or near Cape Road,E01031321,Warwick 011A,Unable to prosecute suspect
05e67a96825efce98b47a613866a4bfe9bd29a56907d3a518c288ffd4633c358,2023-02,Warwickshire Police,Warwickshire Police,-1.511935,52.532267,On or near Almond Avenue,E01032890,Nuneaton and Bedworth 002F,Unable to prosecute suspect
44cd3d340c0a7ae027e8b9fd45fde3b1569816ebe3dc1fdd58664aadea1924c5,2023-02,Warwickshire Police,Warwickshire Police,-1.728597,52.337500,On or near Old Warwick Road,E01031282,Warwick 004B,Investigation complete; no suspect identified
b0892d0fa17bda833d2101dcf2b766c7f767d8d6b9f538f412accfde2b537aef,2023-02,Warwickshire Police,Warwickshire Police,-1.541769,52.580779,On or near Sanders Close,E01031012,North Warwickshire 003D,Unable to prosecute suspect
72549f638f32f2dc57ca4d4cd3c8680b1e5c5cbf803f1c194db6abc46c876c49,2023-02,Warwickshire Police,Warwickshire Police,-1.714722,52.169267,On or near The Close,E01031248,Stratford-on-Avon 012E,Investigation complete; no suspect identified
eee62a1903c0f9f0cfff42833d7e503c7fee90efc7c6ed575466b65a54adb41b,2023-02,Warwickshire Police,Warwickshire Police,-1.531017,52.283434,On or near ,E01031266,Warwick 013F,Unable to prosecute suspect
ff27149440e904a504a28f3890c17a33a3f652c0b90178df8ee52d1b21d9a23b,2023-02,Warwickshire Police,Warwickshire Police,-1.240422,52.402161,On or near Central Park Drive,E01032891,Rugby 001F,Investigation complete; no suspect identified
77f0026c3f20448b9b0b655131fe170c84c7c6acaef1d1eeaa0fe0cec98213bc,2023-02,Warwickshire Police,Warwickshire Police,-1.663258,52.133970,On or near Minster View,E01031196,Stratford-on-Avon 014A,Investigation complete; no suspect identified
fadc2862d6e140164b4ca245a858e0d88d660db6860742ed9dc1710b116967db,2023-02,Warwickshire Police,Warwickshire Police,-1.238636,52.373542,On or near Butlin Road,E01031133,Rugby 005D,Investigation complete; no suspect identified
050b36a7c84c3aee235aa6539c540cd9d77d03646f1247fa658551e13a3f3577,2023-02,Warwickshire Police,Warwickshire Police,-1.473596,52.481355,On or near ,E01031064,Nuneaton and Bedworth 013C,Investigation complete; no suspect identified
28955a7142f7e9ebc9adbc93e9b5c5d5bce08a27f02365a8690348d3144a52b7,2023-02,Warwickshire Police,Warwickshire Police,-1.388716,52.279628,On or near Leigh Crescent,E01031211,Stratford-on-Avon 005G,Investigation complete; no suspect identified
49c02e4810748e95816d0824e4db65247a29b3df6f0ca8d7c9f061de00c57419,2023-02,Warwickshire Police,Warwickshire Police,-1.504513,52.312437,On or near Stonehouse Close,E01031279,Warwick 005C,Unable to prosecute suspect
19ecb1b5f17b25164a4c09d925b411f4f1e047f92c97a3a6c402e06b46e5b0c9,2023-02,Warwickshire Police,Warwickshire Police,-1.496683,52.308241,On or near Cross Lane,E01031279,Warwick 005C,Unable to prosecute suspect
eeec38a1cd2ed3a5ebd209193b60525dfa16c802e130792c72f5139c71eca320,2023-02,Warwickshire Police,Warwickshire Police,-1.474265,52.528978,On or near Aston Road,E01031044,Nuneaton and Bedworth 005B,Suspect charged
a4bc5f67aba773d2a565266385fec74fd7dec01811013c0757c960d00230c97c,2023-02,Warwickshire Police,Warwickshire Police,-1.526236,52.521160,On or near Poachers Close,E01031090,Nuneaton and Bedworth 007A,Unable to prosecute suspect
ee38c06025d548888cf245d4756dd0cff88ea8754e5eb0c81d0992c79401e62d,2023-02,Warwickshire Police,Warwickshire Police,-1.900058,52.268931,On or near Crooks Lane,E01031241,Stratford-on-Avon 003C,Unable to prosecute suspect
6af2531c7255621dd27dd2e585c4f702599c8ae3d91ef07c351b0de6b3cbc0bd,2023-02,Warwickshire Police,Warwickshire Police,-1.704263,52.192233,On or near ,E01031234,Stratford-on-Avon 011C,Investigation complete; no suspect identified
b5deb2ff81a11809b40244279c51e154f337bca08a6090212e1d2f9896f63c8a,2023-02,Warwickshire Police,Warwickshire Police,-1.608508,52.621778,On or near Coronation Avenue,E01031038,North Warwickshire 001D,Unable to prosecute suspect
60a61b8e7156eeb052b10830e3437b44dc7770444caf341547eccf7069d9d21d,2023-02,Warwickshire Police,Warwickshire Police,-1.564980,52.349490,On or near Villiers Road,E01031298,Warwick 002C,Suspect charged
bbe87a7d9df5d8aaf130717f0d27826d2bd58d49c955b114e6b4952f93839cfa,2023-02,Warwickshire Police,Warwickshire Police,-1.388993,52.256264,On or near Grange Close,E01031220,Stratford-on-Avon 004B,Investigation complete; no suspect identified
00d2cc0e3cd9019843c9e5fb5dfc5f8b56127a81353de7c314548c0a90360002,2023-02,Warwickshire Police,Warwickshire Police,-1.399676,52.124553,On or near Soot Lane,E01031194,Stratford-on-Avon 013A,Unable to prosecute suspect
f1f5725305a00823815d7dfbd078c6162516c7713b5ea3bca09d60a20d4cb86a,2023-02,Warwickshire Police,Warwickshire Police,-1.595943,52.276833,On or near St Laurence Avenue,E01031325,Warwick 011E,Unable to prosecute suspect
77cd531316789a167010b1eab5f28eb34cbd7abe0dc85c99220de2a1032a46de,2023-02,Warwickshire Police,Warwickshire Police,-1.595943,52.276833,On or near St Laurence Avenue,E01031325,Warwick 011E,Unable to prosecute suspect
74cec659f11b49ce45217df8094a6121da67a13e88b067d8aff88d5377ffa231,2023-02,Warwickshire Police,Warwickshire Police,-1.716826,52.183334,On or near Kempton Close,E01031232,Stratford-on-Avon 011A,Unable to prosecute suspect
4f95b3f0e7f3a5585e28fda25fd14ee030fbf6b3022fc27d2894cc22a45bfc1a,2023-02,Warwickshire Police,Warwickshire Police,-1.474062,52.526235,On or near Upper Abbey Street,E01031043,Nuneaton and Bedworth 005A,Suspect charged
35a32bc13fb668808ecfdb8ce6e907959e6de751d7f91c0209cfd84c1de41b81,2023-02,Warwickshire Police,Warwickshire Police,-1.520666,52.541392,On or near Church Road,E01031030,North Warwickshire 005F,Unable to prosecute suspect
67bd342ccb2ec7d58cb9089a10d94bf38278721f9c81433f470b27f6d174461b,2023-02,Warwickshire Police,Warwickshire Police,-1.511048,52.301118,On or near Newland Road,E01031273,Warwick 006A,Unable to prosecute suspect
8ff03d74d6ad81182f872e6c7eebe907c79b5ef63a68c0e56cea4a1e2f978cd4,2023-02,Warwickshire Police,Warwickshire Police,-1.470482,52.508922,On or near Middlemarch Road,E01031116,Nuneaton and Bedworth 009B,Unable to prosecute suspect
d94bd0285e021d17ea7373135887611511f317e1f385bf35723107b0b057e38e,2023-02,Warwickshire Police,Warwickshire Police,-1.510135,52.302769,On or near Cumberland Crescent,E01031275,Warwick 006C,Investigation complete; no suspect identified
9cbf7c4b774eb6f2b452b32cf265caca36a1270e9d7f5886566045dac11cae7b,2023-02,Warwickshire Police,Warwickshire Police,-1.279886,52.373351,On or near Eliot Court,E01031168,Rugby 006B,Investigation complete; no suspect identified
f275186599b87c18d81acc3c85d336b94897aeb176899e28e0ce9bfc29f4977b,2023-02,Warwickshire Police,Warwickshire Police,-1.727872,52.206807,On or near Farm Close,E01031230,Stratford-on-Avon 009C,Unable to prosecute suspect
d8ff74551eee7d308f544394fe7f543c572a72dcc5e8c8846ac7f6681a0ab635,2023-02,Warwickshire Police,Warwickshire Police,-1.461175,52.475932,On or near George Eliot Avenue,E01031097,Nuneaton and Bedworth 015C,Unable to prosecute suspect
a9347244b2b686385fe8ca00cb0673efd163c96a055784204e7f5c53e426a351,2023-02,Warwickshire Police,Warwickshire Police,-1.549402,52.577563,On or near ,E01031010,North Warwickshire 003B,Unable to prosecute suspect
d5d3a7650fe9edeb08d1e28d946fe9dd9d143f0fe34f418c83b88c4198779fcc,2023-02,Warwickshire Police,Warwickshire Police,-1.584805,52.290864,On or near ,E01031323,Warwick 011C,Unable to prosecute suspect
584b1b76d471c32ee1fff30f3bb4a3c36224407de1ee644c12b7f0302e98a8f5,2023-02,Warwickshire Police,Warwickshire Police,-1.487780,52.198862,On or near Leam Road,E01031207,Stratford-on-Avon 013D,Unable to prosecute suspect
bdc44bd356db9d8e916272db2d807a02bbbeff45f5eceef9f1515a770d69e1c6,2023-02,Warwickshire Police,Warwickshire Police,-1.727872,52.206807,On or near Farm Close,E01031230,Stratford-on-Avon 009C,Unable to prosecute suspect
874444a2b6ab100f31b173c5461e992207dba76fc98655c886aacaca28e4ed55,2023-02,Warwickshire Police,Warwickshire Police,-1.427393,52.507148,On or near Moorcroft Close,E01031123,Nuneaton and Bedworth 011D,Unable to prosecute suspect
0c1b9e866accdeb9105de348b7f5e0d636d7cf1ef9f1ff799568bf132f673d1d,2023-02,Warwickshire Police,Warwickshire Police,-1.471256,52.486127,On or near Gordon Close,E01031065,Nuneaton and Bedworth 013D,Unable to prosecute suspect
d3352bdd1e9d6ead204517cf8a0701e70b8794fb5232f3e9bfe87c78d7bfbbe4,2023-02,Warwickshire Police,Warwickshire Police,-1.489376,52.512374,On or near ,E01031049,Nuneaton and Bedworth 008B,Unable to prosecute suspect
b8c3f72304b5bd533b654317c08fca2e950f62f08ab5da709e2406169046c33f,2023-02,Warwickshire Police,Warwickshire Police,-1.727872,52.206807,On or near Farm Close,E01031230,Stratford-on-Avon 009C,Unable to prosecute suspect
e57290fb1dce6909ab2e3d4309ae1b6bd470d1e1acedde308a67520ca68c422b,2023-02,Warwickshire Police,Warwickshire Police,-1.530373,52.293051,On or near Lansdowne Street,E01031272,Warwick 007B,Unable to prosecute suspect
d56a68c13266a17d956c76c0b51ad88344d8bcc3bf3a29a8688ec716e6af9fba,2023-02,Warwickshire Police,Warwickshire Police,-1.522762,52.275418,On or near Arden Close,E01031264,Warwick 013D,Unable to prosecute suspect
9eb8bd83e24598da981e6c966f6617524f3cde3378775a075344bd68104837d9,2023-02,Warwickshire Police,Warwickshire Police,-1.542692,52.284217,On or near ,E01031265,Warwick 013E,Investigation complete; no suspect identified
0cde01831957ad3aa4d1481ce94ba26a12e6c78f042531f365b589e982a222ba,2023-02,Warwickshire Police,Warwickshire Police,-1.579638,52.282152,On or near ,E01031317,Warwick 012C,Investigation complete; no suspect identified
c709ac79c2a00d1b51c6e159420fd661337cf5339262444a6289d4e3d90566da,2023-02,Warwickshire Police,Warwickshire Police,-1.719010,52.189560,On or near Shottery Road,E01031235,Stratford-on-Avon 011D,Investigation complete; no suspect identified
33bf2e90194d8e8313985f5bc3734fc536bcdbd0b57cef8349ccd61f08074d5a,2023-02,Warwickshire Police,Warwickshire Police,-1.243163,52.387992,On or near Hawlands,E01031140,Rugby 002D,Investigation complete; no suspect identified
45fc1c01cf6931349098f84a66780e3bb8f0989e3b7693a44717bf63c177e44a,2023-02,Warwickshire Police,Warwickshire Police,-1.581923,52.562940,On or near ,E01031018,North Warwickshire 005D,Unable to prosecute suspect
a5fdf2069f3150bab7dfaad4571d7184287e02958e97a3c7d079379f8a89f459,2023-02,Warwickshire Police,Warwickshire Police,-1.393709,52.506351,On or near Townsends Close,E01031182,Rugby 001E,Unable to prosecute suspect
0d6423aa3b87387df6c136fffa40c55249b0caa9b5b3298c6276237f2275c22b,2023-02,Warwickshire Police,Warwickshire Police,-1.508133,52.514982,On or near Seeswood Close,E01031050,Nuneaton and Bedworth 008C,Investigation complete; no suspect identified
a54f5a67158f62ffb6fd3c91fa1d3212842a08dd2877b86d77cb7a330683c796,2023-02,Warwickshire Police,Warwickshire Police,-1.466041,52.487515,On or near Marston Lane,E01031065,Nuneaton and Bedworth 013D,Unable to prosecute suspect
c1e64a2d65d3e72214608160a470a61dca4cdaa3f8126a8767788ac28ef3a0f4,2023-02,Warwickshire Police,Warwickshire Police,-1.466041,52.487515,On or near Marston Lane,E01031065,Nuneaton and Bedworth 013D,Unable to prosecute suspect
d1605ab15c80d16cc11657130d679ef2559660bff2f82c91e41b39ef38fa2126,2023-02,Warwickshire Police,Warwickshire Police,-1.452874,52.506630,On or near Marston Lane,E01031117,Nuneaton and Bedworth 009C,Unable to prosecute suspect
636135b5a958e14f50db30b5fa1106965c9a0e05d86b8eb0158e22b678aab26b,2023-02,Warwickshire Police,Warwickshire Police,-1.254478,52.379217,On or near ,E01031174,Rugby 003D,Investigation complete; no suspect identified
