Crime ID,Month,Reported by,Falls within,Longitude,Latitude,Location,LSOA code,LSOA name,Outcome type
c93f3841fcd1609b0b6857a3a0ee4e7d2f36338875b6ac47ae181598e885ceab,2024-06,Wiltshire Police,Wiltshire Police,-1.791090,51.066645,On or near Love Lane,E01032023,Wiltshire 059D,Suspect charged
772e188742e67e26e8b66882dfd9f904fc75c2cc2bfa94f16519e19e86ded87c,2024-06,Wiltshire Police,Wiltshire Police,-1.741709,51.565850,On or near The Drive,E01015484,Swindon 013D,Investigation complete; no suspect identified
eacf91785e2a8303144c2a926ebb3ee42ae62ea2ac41edf675b3702bc44966ab,2024-06,Wiltshire Police,Wiltshire Police,-1.783040,51.599777,On or near Woodcutters Mews,E01033860,Swindon 028F,Investigation complete; no suspect identified
a9ecc1fb0ff434adf4e6c57cdb7083ba69a77ecbb5808c697e354ccd93ef148c,2024-06,Wiltshire Police,Wiltshire Police,-1.647136,51.553376,On or near Poveys Place,E01015548,Swindon 008D,Investigation complete; no suspect identified
cdaad8ac888234dbd2092ba16a4483eb589d987992adedb3ce9e518b254512a9,2024-06,Wiltshire Police,Wiltshire Police,-1.804716,51.595086,On or near Pope Close,E01015513,Swindon 004A,Unable to prosecute suspect
f2ffa28adea03d326a79e11e18157e1f1ebca373436bbbb3c4e6ea08204986bd,2024-06,Wiltshire Police,Wiltshire Police,-1.783049,51.092447,On or near Fulton Road,E01031984,Wiltshire 051A,Suspect charged
a8cca17a9c2c495e23565d8c7d3addd2e77ad690d12ac282416b770d9f192c8e,2024-06,Wiltshire Police,Wiltshire Police,-1.766498,51.174962,On or near Annetts Close,E01031975,Wiltshire 048B,Unable to prosecute suspect
36a07edd97e437d63c020addac6bef8dce595b1f874904e7cbe2fa38c06552ab,2024-06,Wiltshire Police,Wiltshire Police,-2.176371,51.269125,On or near Brouncker Road,E01032121,Wiltshire 039E,Suspect charged
9270ab25f40c4db980b402adcf88b68a568760230a273faa124ce691f8f393ef,2024-06,Wiltshire Police,Wiltshire Police,-1.823900,51.303439,On or near The Gardens,E01031882,Wiltshire 038C,Action to be taken by another organisation
10031f1ad0e7437f866474569f755c6473e4950695e6eddffc52d2847ca55b96,2024-06,Wiltshire Police,Wiltshire Police,-1.798509,51.552600,On or near Valleyside,E01015498,Swindon 021B,Unable to prosecute suspect
5fc5a70f432eb4aa1f844e4a75e8e8b67053984ce2489cc5ab67e5c2cd20011f,2024-06,Wiltshire Police,Wiltshire Police,-1.744356,51.559391,On or near Tavistock Road,E01015538,Swindon 016A,Unable to prosecute suspect
4f4e698692de8a2a2dee9dc6d651f161ae6a48a4c8cad81da7fdbe9f64788a27,2024-06,Wiltshire Police,Wiltshire Police,-2.228027,51.311684,On or near Westfield Road,E01032096,Wiltshire 033A,Unable to prosecute suspect
3c931f6338b04d19cc3e3f6e301a48a7a9a65cbbbd74e1cb2b8ab5c4d0cca77a,2024-06,Wiltshire Police,Wiltshire Police,-1.875986,51.110602,On or near Sutton Close,E01032013,Wiltshire 049A,Unable to prosecute suspect
fefcc3d36ec52a122723656a5c82b5533224c77f41b456276dd9c6b0ae77a5cb,2024-06,Wiltshire Police,Wiltshire Police,-1.770206,51.587974,On or near Parking Area,E01015555,Swindon 005A,Unable to prosecute suspect
552b409e41850bd85490d15d0f48f4d84b6974fdc41af9c3376da1d571cecc01,2024-06,Wiltshire Police,Wiltshire Police,-2.001660,51.352297,On or near The Sidings,E01031854,Wiltshire 026B,Suspect charged
ddd3c01c2fdd5e1f122672bd09eab189b27d5a72c94081b8f98889ced1b6560d,2024-06,Wiltshire Police,Wiltshire Police,-2.001660,51.352297,On or near The Sidings,E01031854,Wiltshire 026B,Suspect charged
1c76ddf746903fbf9b1cb16e3eea7fdefefc876e1d55e797d532bdbaf190708e,2024-06,Wiltshire Police,Wiltshire Police,-1.824618,51.604180,On or near Tortworth Road,E01032713,Swindon 026F,Unable to prosecute suspect
1c76ddf746903fbf9b1cb16e3eea7fdefefc876e1d55e797d532bdbaf190708e,2024-06,Wiltshire Police,Wiltshire Police,-1.824618,51.604180,On or near Tortworth Road,E01032713,Swindon 026F,Unable to prosecute suspect
1c76ddf746903fbf9b1cb16e3eea7fdefefc876e1d55e797d532bdbaf190708e,2024-06,Wiltshire Police,Wiltshire Police,-1.824618,51.604180,On or near Tortworth Road,E01032713,Swindon 026F,Unable to prosecute suspect
1c76ddf746903fbf9b1cb16e3eea7fdefefc876e1d55e797d532bdbaf190708e,2024-06,Wiltshire Police,Wiltshire Police,-1.824618,51.604180,On or near Tortworth Road,E01032713,Swindon 026F,Unable to prosecute suspect
1453d605a4d2ae584af7258bbdc5c3daaee8aabd9282ba5c52cfe2fdd27fa59d,2024-06,Wiltshire Police,Wiltshire Police,-2.147300,51.447282,On or near Shopping Area,E01031931,Wiltshire 018A,Unable to prosecute suspect
72c26e8358ea30e5c76abcff61f4213a7959a8d4cf71923a385146bfff505eb2,2024-06,Wiltshire Police,Wiltshire Police,-1.835333,51.082110,On or near Hazel Close,E01031981,Wiltshire 052B,Unable to prosecute suspect
29da11bae886a651399cae38166af070f90fff0abc29d430840f8d559fa51f80,2024-06,Wiltshire Police,Wiltshire Police,-1.795554,51.070447,On or near Chipper Lane,E01032014,Wiltshire 056A,Suspect charged
ac4c4c2167f0667053bdd5d973f98bd27edcf07428ad65ca5aafe2bd2b901ac9,2024-06,Wiltshire Police,Wiltshire Police,-2.188433,51.263747,On or near Meadow Close,E01032115,Wiltshire 064A,Suspect charged
ac4c4c2167f0667053bdd5d973f98bd27edcf07428ad65ca5aafe2bd2b901ac9,2024-06,Wiltshire Police,Wiltshire Police,-2.188433,51.263747,On or near Meadow Close,E01032115,Wiltshire 064A,Suspect charged
c1de7f35ee2792645ad8f54086c94277947e1efa2839b0f6ef478c7f982d4145,2024-06,Wiltshire Police,Wiltshire Police,-1.840898,51.552512,On or near Basingstoke Close,E01015500,Swindon 018B,Unable to prosecute suspect
2c7709e5413100fbea0ddf49f9d9dc7bafd1486050308760df527cfe6b35b103,2024-06,Wiltshire Police,Wiltshire Police,-2.129552,51.384182,On or near Little John Avenue,E01032064,Wiltshire 020B,Suspect charged
b9619e5bd90a517b4e658dd0c322da363abcab75b63a8bf5254b9a191d0580f4,2024-06,Wiltshire Police,Wiltshire Police,-1.790205,51.063523,On or near Churchill Way South,E01032023,Wiltshire 059D,Suspect charged
10bb2f6f48c92c1fc3170e84ca195bfdbd3b299431c75e99843e7e42de6f66f8,2024-06,Wiltshire Police,Wiltshire Police,-1.706186,51.638147,On or near Knowlands,E01015522,Swindon 001D,Suspect charged
51f40c16c7a9cd607caa23fa3bad25b5fff7b197abad9634cb4913e95747a315,2024-06,Wiltshire Police,Wiltshire Police,-1.809596,51.591605,On or near Haydon Court,E01015516,Swindon 004D,Investigation complete; no suspect identified
f2e5f8587787efeae25432d86ed6723666db66bf0424d85179859e860dd4686f,2024-06,Wiltshire Police,Wiltshire Police,-1.796619,51.559178,On or near Jolliffe Street,E01015477,Swindon 015C,Suspect charged
b1b13fe1546b16bdbede18a50189f3a83c6c5871c6f0dd73849a395e8e64fe10,2024-06,Wiltshire Police,Wiltshire Police,-2.192849,51.318977,On or near Slowgrove Close,E01032102,Wiltshire 032D,Suspect charged
37de986b25276ad595ceaa8f93f47bd084b319866ce6fddfd2a36401f7306531,2024-06,Wiltshire Police,Wiltshire Police,-2.207334,51.317055,On or near County Way,E01032094,Wiltshire 035C,Unable to prosecute suspect
188980f7436af39204b14e680c8110a06f72e8b370c23746107f5cd0411e7ffb,2024-06,Wiltshire Police,Wiltshire Police,-1.834288,51.081446,On or near Sports/Recreation Area,E01031981,Wiltshire 052B,Unable to prosecute suspect
8fd1c910642cff675bd557289b33a096963918d197b16d1d8b25faed17362c59,2024-06,Wiltshire Police,Wiltshire Police,-2.192849,51.318977,On or near Slowgrove Close,E01032102,Wiltshire 032D,Suspect charged
3841a96b1d251b24cafb89d892cdccccf50e7be17b7d4ccfda3d989d65c8cdee,2024-06,Wiltshire Police,Wiltshire Police,-1.784788,51.562772,On or near Parking Area,E01033845,Swindon 015E,Unable to prosecute suspect
0a7b2834738240b8b7420a8118225e83574182f3dc139b484534202fb5a4c083,2024-06,Wiltshire Police,Wiltshire Police,-1.828994,51.573185,On or near Forest Park Road,E01015561,Swindon 014A,Suspect charged
be9be070ef165ec0bc6931e00c0b0235d4d717ec4ae9595e0a5c1266325b2ec0,2024-06,Wiltshire Police,Wiltshire Police,-1.746412,51.415244,On or near Preshute Lane,E01031864,Wiltshire 019D,Unable to prosecute suspect
303eee910b00d310e40655df650702e2e927243472638df46ab9b6e8158cb347,2024-06,Wiltshire Police,Wiltshire Police,-1.719055,51.580463,On or near Petrol Station,E01015473,Swindon 008A,Unable to prosecute suspect
f6700028f33188d68c5e86722985a34bf600cc01fb4bd9f3002e3dfd96574679,2024-06,Wiltshire Police,Wiltshire Police,-1.997493,51.405321,On or near Stockley Road,E01031904,Wiltshire 013B,Suspect charged
3eca324608c9faca84040a10238a5031d3a6022ac8e4155129d2a2caef576b3c,2024-06,Wiltshire Police,Wiltshire Police,-1.815876,51.060140,On or near Essex Square,E01032008,Wiltshire 058A,Unable to prosecute suspect
5952d570d77c3feb66a04158b6c8505ec0d2d2a08bc4aa971db03f6411aeb2fe,2024-06,Wiltshire Police,Wiltshire Police,-1.779385,51.561350,On or near Parking Area,E01032714,Swindon 019E,Unable to prosecute suspect
49a65da78c6d521f00d2f30998ff8baf067e071db58140688f13a9d0848d5e01,2024-06,Wiltshire Police,Wiltshire Police,-1.719055,51.580463,On or near Petrol Station,E01015473,Swindon 008A,Suspect charged
af93557a39e3a078d0018db832f398544a73fa17ae9c59516ced7c4a801a5d16,2024-06,Wiltshire Police,Wiltshire Police,-1.828971,51.559994,On or near Parking Area,E01015569,Swindon 022D,Local resolution
62912c04597fda82a9311d23ec63324765fd1a6230e90a3916cd35a76b6884bf,2024-06,Wiltshire Police,Wiltshire Police,-1.768776,51.174292,On or near Hudson Road,E01031975,Wiltshire 048B,Suspect charged
e42be1d557aa05b1700708281f1875e8519128b6be4f6086ce56890f6e67543b,2024-06,Wiltshire Police,Wiltshire Police,-1.776541,51.553028,On or near Albert Street,E01032715,Swindon 019F,Unable to prosecute suspect
a6f92e091e97ebb129f6eb198875471b3f5f75033927ca0cd02dedc546d90f34,2024-06,Wiltshire Police,Wiltshire Police,-1.776111,51.552443,On or near Wood Street,E01015534,Swindon 024B,Unable to prosecute suspect
e7b0a58063d258bdb1434762924f0bcdb3cc84031b7577d934726c8f53d6a1c0,2024-06,Wiltshire Police,Wiltshire Police,-2.101606,51.586050,On or near St Mary's Street,E01031949,Wiltshire 002D,Suspect charged
f9bd68a4adfe6febb56b3120346e46f32c6c164a8431f704711acc03f3fc4797,2024-06,Wiltshire Police,Wiltshire Police,-2.117016,51.460956,On or near St Mary's Place,E01031912,Wiltshire 011B,Suspect charged
68b8efeaf8e7c519f3e27346dc1e07db98c0c3318fd0a81f633bed3864461727,2024-06,Wiltshire Police,Wiltshire Police,-2.176382,51.204563,On or near Supermarket,E01032103,Wiltshire 044A,Suspect charged
4deae315db4db4772c8eacef4f9d622d0b699c92949d43745845a423dc57e9d1,2024-06,Wiltshire Police,Wiltshire Police,-2.125847,51.364053,On or near Bath Road,E01034530,Wiltshire 021I,Unable to prosecute suspect
46adcf8076b919f9712189b0d751eeae23667ab7bdb4aa3e7d2104f7fac9e56e,2024-06,Wiltshire Police,Wiltshire Police,-1.727200,51.538528,On or near Hospital,E01015547,Swindon 008C,Suspect charged
9acca2d8c5fbcc3c04185b280e538b3786dfbc22d3aabf75aa08186db6c14c0d,2024-06,Wiltshire Police,Wiltshire Police,-1.766340,51.169476,On or near Jaggard View,E01031978,Wiltshire 048E,Unable to prosecute suspect
b351e20304418272c752a0f2c247d5eebed9430b3c590ccd5b1792c47193869f,2024-06,Wiltshire Police,Wiltshire Police,-2.139707,51.495881,On or near Paddock End,E01031940,Wiltshire 008B,Unable to prosecute suspect
ac9f21afc4df662ccec4e83f94c35057815f9dcecf527e51c9d29beb0c7ab4e0,2024-06,Wiltshire Police,Wiltshire Police,-1.767322,51.584651,On or near Old Dairy Close,E01015559,Swindon 005E,Unable to prosecute suspect
16dd4fc8274b00be808adc5c86053ce7d1e1185a4fe73892c9520787f4d5c698,2024-06,Wiltshire Police,Wiltshire Police,-2.214201,51.315846,On or near Wesley Road,E01032089,Wiltshire 036B,Local resolution
61b9595887c206b28d43de4d523eee507327aba25d58b30b6051b26927bba278,2024-06,Wiltshire Police,Wiltshire Police,-1.777690,51.583520,On or near Chestnut Avenue,E01015506,Swindon 007A,Investigation complete; no suspect identified
4c4f92fddc7ddd1f6c8c726c897902123f99ee5631b134cb2aa11116ee0c9e23,2024-06,Wiltshire Police,Wiltshire Police,-2.119974,51.469099,On or near Ashe Crescent,E01031919,Wiltshire 009E,Unable to prosecute suspect
18eef4ed8a5e439c58847a85ef70f67cbd2cb7f8f74b52d1ede458d6f00b545c,2024-06,Wiltshire Police,Wiltshire Police,-2.179946,51.204648,On or near Market Place,E01032103,Wiltshire 044A,Suspect charged
b749b23cc626c3e28ffe50e574a8a66b9669d6ed1fcb8ce3e8037d62cdfad138,2024-06,Wiltshire Police,Wiltshire Police,-2.108313,51.554044,On or near Granary Close,E01031960,Wiltshire 005D,Suspect charged
284e568da577bcc8bf9c1a9ae73048a34668c5e41935e9e02317bec201f2fdbd,2024-06,Wiltshire Police,Wiltshire Police,-1.797693,51.567497,On or near Wedgewood Close,E01015578,Swindon 012B,Unable to prosecute suspect
b656e56af69d4e07ac8d7488ff0e6f408e04ce2fe116fcae7f995f920f6885af,2024-06,Wiltshire Police,Wiltshire Police,-1.996008,51.452958,On or near Redman Road,E01032690,Wiltshire 015F,Unable to prosecute suspect
e0942b4b7529791efb0186748b4ee78bb5e64d35a99203f354f612c13302b329,2024-06,Wiltshire Police,Wiltshire Police,-1.809414,51.579970,On or near Beaney View,E01015530,Swindon 006D,Unable to prosecute suspect
31320bc3824d0c20cf75d51569523531e0fc142ca39acaada9852332890d04d5,2024-06,Wiltshire Police,Wiltshire Police,-1.809414,51.579970,On or near Beaney View,E01015530,Swindon 006D,Unable to prosecute suspect
6499d218f8d2d3dcd29e33b0ee0de3261202f509f8726d2533ebbba67bce9497,2024-06,Wiltshire Police,Wiltshire Police,-1.892528,51.547733,On or near Longfellow Crescent,E01031964,Wiltshire 006B,Unable to prosecute suspect
7fa9b1b619008576d0db18d59ad92db4bc05bd9742460666b872b46ba63cee88,2024-06,Wiltshire Police,Wiltshire Police,-1.666155,51.241691,On or near Merrington Way,E01032697,Wiltshire 066C,Unable to prosecute suspect
ac149d33eda09406b2057ded1350001842057b90963a55eeb062601417945d95,2024-06,Wiltshire Police,Wiltshire Police,-2.214652,51.571655,On or near Cliff Road,E01031957,Wiltshire 005A,Investigation complete; no suspect identified
1f8185bcefaeff6c5eb3cab151e723127cbbd1f9b5671f509cec500044a69990,2024-06,Wiltshire Police,Wiltshire Police,-1.776814,51.572292,On or near Supermarket,E01015510,Swindon 010C,Unable to prosecute suspect
ee297fa045bf0feb3410b8b3631106a4c27ea3e8cc5c27d4ecdeed6c9904cd18,2024-06,Wiltshire Police,Wiltshire Police,-1.842025,51.580962,On or near South View,E01034521,Wiltshire 003F,Unable to prosecute suspect
c1bb3353f7e6d8b9d454b3f9f88bdef309f397e698ac7caef8560425bf9286bf,2024-06,Wiltshire Police,Wiltshire Police,-1.750727,51.553275,On or near Supermarket,E01015541,Swindon 020D,Unable to prosecute suspect
2e0f6ba8b6f76a2263a9a57d384b02f902ce3de0d4638ae2f48dbda5e3b0d492,2024-06,Wiltshire Police,Wiltshire Police,-2.203185,51.313366,On or near Carders Corner,E01032093,Wiltshire 035B,Suspect charged
15a96728e184f00fd50839fabf15128358a5e015ca207102a628790bbdf4ccdb,2024-06,Wiltshire Police,Wiltshire Police,-1.798913,51.082557,On or near Park Lane,E01032019,Wiltshire 053B,Unable to prosecute suspect
3c64662a5147ba6d7a41b94bd63e9fff59fbf69cd8a0113f721bd51d47f32e68,2024-06,Wiltshire Police,Wiltshire Police,-2.127005,51.377684,On or near The Crays,E01032065,Wiltshire 020C,Investigation complete; no suspect identified
0f316377b342d767ae7bcdea883ab7426694a3a6542c686a1052970473dde63f,2024-06,Wiltshire Police,Wiltshire Police,-1.765436,51.566925,On or near Selwood Close,E01015479,Swindon 017A,Unable to prosecute suspect
15277dfe43a36a23894b3dc52076fac96c9f2bf4b8f83c26dd06b38cb0e28c10,2024-06,Wiltshire Police,Wiltshire Police,-2.245455,51.351401,On or near Bainton Close,E01032046,Wiltshire 027B,Unable to prosecute suspect
15277dfe43a36a23894b3dc52076fac96c9f2bf4b8f83c26dd06b38cb0e28c10,2024-06,Wiltshire Police,Wiltshire Police,-2.245455,51.351401,On or near Bainton Close,E01032046,Wiltshire 027B,Unable to prosecute suspect
70e73eb279bf075c08dd1d8d36e6af34fd9818518e84ded427c2bf85fe60ae09,2024-06,Wiltshire Police,Wiltshire Police,-1.809907,51.071649,On or near Hospital,E01032003,Wiltshire 055C,Unable to prosecute suspect
a6915b293a943e57cc5f2e67e5059054c041fc90509e7713bc0fa81328eff3a0,2024-06,Wiltshire Police,Wiltshire Police,-1.793082,51.550316,On or near Celsus Grove,E01032706,Swindon 021E,Unable to prosecute suspect
4534730d49a56b8c127dd324d5abefa728dab4b09545b19da12626081ee1b1d8,2024-06,Wiltshire Police,Wiltshire Police,-2.192849,51.318977,On or near Slowgrove Close,E01032102,Wiltshire 032D,Suspect charged
96d9d13b52f0843c61f1e64adb9bd77863da5cd78aee10344f9609b5e4340990,2024-06,Wiltshire Police,Wiltshire Police,-1.602872,51.443790,On or near Oxford Street,E01031874,Wiltshire 012D,Suspect charged
b96d914780e8f500ee38a745278ff7a96296e94c738d3773d7291bfe9b9929d2,2024-06,Wiltshire Police,Wiltshire Police,-1.791302,51.066987,On or near Waverley Place,E01032023,Wiltshire 059D,Suspect charged
52d228d6b35bf0af030fef69661f39cc4182dde63334f159d21a3a6371d7a321,2024-06,Wiltshire Police,Wiltshire Police,-1.823283,51.598316,On or near Lilian Close,E01032703,Swindon 026C,Unable to prosecute suspect
1efd2bda58f3a5084e100ba3c4fa4e1e962716440e326143d1b60d071c480dec,2024-06,Wiltshire Police,Wiltshire Police,-2.192849,51.318977,On or near Slowgrove Close,E01032102,Wiltshire 032D,Suspect charged
1cd200fc4663bc2053103c7dcb8f4c3c07cdc4f119a5507a182646e917e01cba,2024-06,Wiltshire Police,Wiltshire Police,-1.779351,51.565360,On or near Manchester Road,E01015480,Swindon 015D,Suspect charged
114137f5bfac5a42fe734ba69b9442cc710aad0a300b0dbf4bbbb6986f8184c9,2024-06,Wiltshire Police,Wiltshire Police,-2.229123,51.315863,On or near Tyning Close,E01032098,Wiltshire 033C,Unable to prosecute suspect
1525e6fec091080121b3d23ced93a46c46008f568590597694f8201da0402521,2024-06,Wiltshire Police,Wiltshire Police,-1.786886,51.561517,On or near Queen Street,E01033845,Swindon 015E,Unable to prosecute suspect
3b1757fc623cb63d58d3a4b7dc8dfb239543729c45f8ab2f8f339690ea717958,2024-06,Wiltshire Police,Wiltshire Police,-1.815058,51.197456,On or near Parking Area,E01034542,Wiltshire 045G,Suspect charged
47be0b2f327614aafdecfee78b9259fccafa74d2e4f94074e3f21099b670a86b,2024-06,Wiltshire Police,Wiltshire Police,-1.733945,51.194081,On or near Parking Area,E01031988,Wiltshire 045B,Suspect charged
833dfe7c67734d3e316387ba6d07345eeb41557ca9c05353323812da464b4454,2024-06,Wiltshire Police,Wiltshire Police,-1.789114,51.563220,On or near Sheppard Street,E01015477,Swindon 015C,Unable to prosecute suspect
833dfe7c67734d3e316387ba6d07345eeb41557ca9c05353323812da464b4454,2024-06,Wiltshire Police,Wiltshire Police,-1.789114,51.563220,On or near Sheppard Street,E01015477,Swindon 015C,Unable to prosecute suspect
833dfe7c67734d3e316387ba6d07345eeb41557ca9c05353323812da464b4454,2024-06,Wiltshire Police,Wiltshire Police,-1.789114,51.563220,On or near Sheppard Street,E01015477,Swindon 015C,Unable to prosecute suspect
a6d6f7f6c74e222d47e2c9732a53d487805ee6d7aedb8eb9304084434400e044,2024-06,Wiltshire Police,Wiltshire Police,-1.895132,51.543932,On or near Queen's Road,E01031963,Wiltshire 006A,Unable to prosecute suspect
5d85b3ff8bd19f640e2eba4667f87ed7b0b72b6395d5204ae54236666fce4582,2024-06,Wiltshire Police,Wiltshire Police,-1.609933,51.254708,On or near Coronation Road,E01031859,Wiltshire 065B,Unable to prosecute suspect
5a2f91d2765d6e8503caf0b3b0992499a428b40aef79a78691978a0742e1aaa5,2024-06,Wiltshire Police,Wiltshire Police,-2.137498,51.455899,On or near Portway,E01031928,Wiltshire 011F,Unable to prosecute suspect
5a2f91d2765d6e8503caf0b3b0992499a428b40aef79a78691978a0742e1aaa5,2024-06,Wiltshire Police,Wiltshire Police,-2.137498,51.455899,On or near Portway,E01031928,Wiltshire 011F,Unable to prosecute suspect
5a2f91d2765d6e8503caf0b3b0992499a428b40aef79a78691978a0742e1aaa5,2024-06,Wiltshire Police,Wiltshire Police,-2.137498,51.455899,On or near Portway,E01031928,Wiltshire 011F,Unable to prosecute suspect
5a2f91d2765d6e8503caf0b3b0992499a428b40aef79a78691978a0742e1aaa5,2024-06,Wiltshire Police,Wiltshire Police,-2.137498,51.455899,On or near Portway,E01031928,Wiltshire 011F,Unable to prosecute suspect
254e7d606b78541faff52828375cc79268d78fddcd16a88055851063f72a93b9,2024-06,Wiltshire Police,Wiltshire Police,-1.602872,51.443790,On or near Oxford Street,E01031874,Wiltshire 012D,Suspect charged
cf96af5c369713da12d72e8bfce9ae54363dce8cd86b57cff1990fa22933ddc5,2024-06,Wiltshire Police,Wiltshire Police,-1.836981,51.550709,On or near Cottington Close,E01015503,Swindon 022C,Suspect charged
1f4b9a775bd70a6d4e71a4353723f3761c0c631883ad7f96af3c7ceb4984c672,2024-06,Wiltshire Police,Wiltshire Police,-1.790205,51.063523,On or near Churchill Way South,E01032023,Wiltshire 059D,Unable to prosecute suspect
8831268ced78c04048fb3404bba823a265593efc3b1b314e962b5f428a49edb3,2024-06,Wiltshire Police,Wiltshire Police,-1.745528,51.551014,On or near Netherton Close,E01015539,Swindon 020B,Suspect charged
987375c6d7d7d5efb7897ffce36d8c71c8402170b6b055456affc1f365541292,2024-06,Wiltshire Police,Wiltshire Police,-2.136127,51.454704,On or near Chelwood Close,E01031928,Wiltshire 011F,Unable to prosecute suspect
ca0233d3b98ccb2a6e948544a955369d30ca4de88b67bd6bd22b65250b1a2099,2024-06,Wiltshire Police,Wiltshire Police,-2.015503,51.438957,On or near Oak Close,E01034524,Wiltshire 016E,Unable to prosecute suspect
c01feccb6a83b45ab929ab2cb5854828b13dfa999f4135bdcad09467448e71b2,2024-06,Wiltshire Police,Wiltshire Police,-1.794190,51.069150,On or near Queen Street,E01032022,Wiltshire 058C,Suspect charged
863df5d1f88524ea65803d0e2d92097a0d7cd91fa83f6a4e0f376035f2e2ccf2,2024-06,Wiltshire Police,Wiltshire Police,-1.789823,51.043946,On or near Hospital,E01032000,Wiltshire 057A,Suspect charged
d7964ab00710a1aa76a96b4f6f264090f174363177fbec65fb56d606749661c3,2024-06,Wiltshire Police,Wiltshire Police,-1.794190,51.069150,On or near Queen Street,E01032022,Wiltshire 058C,Suspect charged
487c9ef1cf3f3cd5219d04207fc9efae2be10997e8860089cd0c9c68e86350f6,2024-06,Wiltshire Police,Wiltshire Police,-1.845085,51.568217,On or near Maldwyn Close,E01015565,Swindon 011C,Unable to prosecute suspect
1a18b51f95ffb4aa822665c0068176e04a45970545b9de6ce2a1b44140155270,2024-06,Wiltshire Police,Wiltshire Police,-1.780290,51.556155,On or near Prospect Hill,E01015497,Swindon 019D,Unable to prosecute suspect
c095a7265fde8df72502988f6faf8c30b1ae24ae2b5ff7b677b12e4f85bb276e,2024-06,Wiltshire Police,Wiltshire Police,-2.211306,51.319619,On or near Parking Area,E01034534,Wiltshire 031E,Unable to prosecute suspect
0baa39f98da9a0c16e006b1eef7f20af871d2789c4ad42d9a74f6127f14db47c,2024-06,Wiltshire Police,Wiltshire Police,-1.833726,51.092485,On or near Brodie Rise,E01031980,Wiltshire 052A,Suspect charged
565b637601d532ae942043de5e070b705216ed64b51ea8585443a2f216940ab0,2024-06,Wiltshire Police,Wiltshire Police,-1.802450,51.571794,On or near Telford Pool,E01015581,Swindon 012D,Investigation complete; no suspect identified
f5733a16f0302943da86d5b07972115698c38c902908b458a66c87f11f11d710,2024-06,Wiltshire Police,Wiltshire Police,-2.218139,51.428837,On or near Toghill Crescent,E01031889,Wiltshire 017B,Unable to prosecute suspect
3eb99c51fc2fa3c5ebcf7ebde24bd76a249dd478cce9da4f6fc3cb48670c37cf,2024-06,Wiltshire Police,Wiltshire Police,-2.178111,51.318487,On or near Clare Avenue,E01034537,Wiltshire 032G,Suspect charged
f4a3a4173ee7154816a76ad1ce8e326de5295bc513afd86c9214d0617e11846e,2024-06,Wiltshire Police,Wiltshire Police,-1.768068,51.588455,On or near Beechcroft Road,E01015555,Swindon 005A,Local resolution
d43a8f99d1319c1a77acc6861e18559b5d504a4fa73039fb84cfa2fccf3096af,2024-06,Wiltshire Police,Wiltshire Police,-2.185367,51.320958,On or near Cornbrash Rise,E01034536,Wiltshire 032F,Local resolution
d43a8f99d1319c1a77acc6861e18559b5d504a4fa73039fb84cfa2fccf3096af,2024-06,Wiltshire Police,Wiltshire Police,-2.185367,51.320958,On or near Cornbrash Rise,E01034536,Wiltshire 032F,Local resolution
6e64ec8a6fd2ecc80c5b613b46d0e87b2712fb53bdb04801bf69d4d46c1424be,2024-06,Wiltshire Police,Wiltshire Police,-1.752722,51.551658,On or near Wardley Close,E01015540,Swindon 020C,Unable to prosecute suspect
139c743599b1bf1efb7ee51f06032c2c39ed196ba4d0a7db17223f45c30d36d4,2024-06,Wiltshire Police,Wiltshire Police,-2.277014,51.331756,On or near Reto Grove,E01032061,Wiltshire 023D,Unable to prosecute suspect
139c743599b1bf1efb7ee51f06032c2c39ed196ba4d0a7db17223f45c30d36d4,2024-06,Wiltshire Police,Wiltshire Police,-2.277014,51.331756,On or near Reto Grove,E01032061,Wiltshire 023D,Unable to prosecute suspect
139c743599b1bf1efb7ee51f06032c2c39ed196ba4d0a7db17223f45c30d36d4,2024-06,Wiltshire Police,Wiltshire Police,-2.277014,51.331756,On or near Reto Grove,E01032061,Wiltshire 023D,Unable to prosecute suspect
e7d56411bf7123ba45c4c9e51facf47b1a54821ef3ca859a2d7d3b033c845b79,2024-06,Wiltshire Police,Wiltshire Police,-1.821612,51.196643,On or near Parking Area,E01034543,Wiltshire 045H,Unable to prosecute suspect
961d32d00dcaa5facdad763a117f013d6e7828bfd66274efa8170bc464693b62,2024-06,Wiltshire Police,Wiltshire Police,-1.803961,51.582829,On or near Lewisham Close,E01015530,Swindon 006D,Local resolution
ad15f318b02f9c6787c11d6a0f9c22995121c8c4ec57b60e7a078e3df4c91622,2024-06,Wiltshire Police,Wiltshire Police,-1.798818,51.554471,On or near Petrol Station,E01015498,Swindon 021B,Unable to prosecute suspect
b87fd0b98f9018be1c59b8f9e6b28646cfe8e4e05018f5f74a3533982ef3ec40,2024-06,Wiltshire Police,Wiltshire Police,-1.855045,51.643756,On or near Rectory Lane,E01031935,Wiltshire 001C,Unable to prosecute suspect
9b1599b9a5105ddec78fecf85eb2770da394867ad3bc66f625cbcad21ff915e2,2024-06,Wiltshire Police,Wiltshire Police,-1.786886,51.561517,On or near Queen Street,E01033845,Swindon 015E,Unable to prosecute suspect
bbc71db878876fbc0a4bfd6040c412284f59f1253baeefaf3cff5757fb9e927c,2024-06,Wiltshire Police,Wiltshire Police,-1.792533,51.056693,On or near Petrol Station,E01032005,Wiltshire 059A,Unable to prosecute suspect
3fefc35e1d808f0bf00f3ab4c7cba91a7646dd809fb91381f35befbcc62d37e8,2024-06,Wiltshire Police,Wiltshire Police,-2.218139,51.428837,On or near Toghill Crescent,E01031889,Wiltshire 017B,Unable to prosecute suspect
6102a0db7c538d96ead46b9c4dd00614a5e95ed2a86fb43b4dc4e20083626e0b,2024-06,Wiltshire Police,Wiltshire Police,-1.815010,51.598447,On or near Tatry Road,E01032702,Swindon 027B,Suspect charged
6102a0db7c538d96ead46b9c4dd00614a5e95ed2a86fb43b4dc4e20083626e0b,2024-06,Wiltshire Police,Wiltshire Police,-1.815010,51.598447,On or near Tatry Road,E01032702,Swindon 027B,Suspect charged
6102a0db7c538d96ead46b9c4dd00614a5e95ed2a86fb43b4dc4e20083626e0b,2024-06,Wiltshire Police,Wiltshire Police,-1.815010,51.598447,On or near Tatry Road,E01032702,Swindon 027B,Suspect charged
6102a0db7c538d96ead46b9c4dd00614a5e95ed2a86fb43b4dc4e20083626e0b,2024-06,Wiltshire Police,Wiltshire Police,-1.815010,51.598447,On or near Tatry Road,E01032702,Swindon 027B,Suspect charged
948a8a5634a049ac17f1fa84996d5de7430bf52cb604986c46b4a07197c1838d,2024-06,Wiltshire Police,Wiltshire Police,-1.784788,51.562772,On or near Parking Area,E01033845,Swindon 015E,Unable to prosecute suspect
76b96336520e9533a361aa6d2add67da00d5b10fc8655c60cf52bb35f6a3aee3,2024-06,Wiltshire Police,Wiltshire Police,-1.822143,51.609248,On or near Brantwood Close,E01033840,Swindon 008E,Unable to prosecute suspect
88ec82f26d6ca86f313cb80dad9ea8eedafcc1852ac87ea1df974939583d23a6,2024-06,Wiltshire Police,Wiltshire Police,-1.970498,51.510752,On or near Hocketts Close,E01032699,Wiltshire 007I,Unable to prosecute suspect
d47cb888e18ec640f95414de84df89f6b2f3933188d5aa2acea8d656a7a9a5b9,2024-06,Wiltshire Police,Wiltshire Police,-1.786676,51.070566,On or near Elm Grove Road,E01032015,Wiltshire 056B,Unable to prosecute suspect
e77aaeea434e444c71c987884f472e47ccd7284ffff576afcb7e4dbd81798b13,2024-06,Wiltshire Police,Wiltshire Police,-1.731883,51.541461,On or near Polesdon Avenue,E01033849,Swindon 025G,Unable to prosecute suspect
c04b9d2be00bd3fcb838d1fefc664e06bd84ea344dbde47fce93ad61317d6a04,2024-06,Wiltshire Police,Wiltshire Police,-1.718278,51.631505,On or near Windrush,E01015519,Swindon 001A,Suspect charged
c04b9d2be00bd3fcb838d1fefc664e06bd84ea344dbde47fce93ad61317d6a04,2024-06,Wiltshire Police,Wiltshire Police,-1.718278,51.631505,On or near Windrush,E01015519,Swindon 001A,Suspect charged
2d629437998092b92dfd08b019ac0295c556f2e882d62d45090ee290eb47380c,2024-06,Wiltshire Police,Wiltshire Police,-1.727267,51.517605,On or near Windmill Piece,E01015588,Swindon 025F,Unable to prosecute suspect
20c6d06c5608e8ead122e8f2b2dcc7f0efeeed7665f59ed0f73202142862049b,2024-06,Wiltshire Police,Wiltshire Police,-1.979076,51.341694,On or near Ferguson Road,E01032688,Wiltshire 025E,Unable to prosecute suspect
9bd4384258ba8a2ce285a531145dcbe4011377626c42d29bea4a209c27e99e27,2024-06,Wiltshire Police,Wiltshire Police,-2.195510,51.252828,On or near Boulton Close,E01032694,Wiltshire 064D,Suspect charged
649749ecaff5b3051058be11556196f09b98530da26dbef2c38bb97f3e076331,2024-06,Wiltshire Police,Wiltshire Police,-2.250993,51.347784,On or near A363,E01034531,Wiltshire 027G,Suspect charged
cf8647cce76a23fc13ced4b507db67162e499080dc75dde9671973f7163e14f4,2024-06,Wiltshire Police,Wiltshire Police,-1.769373,51.175093,On or near Aragon Close,E01031975,Wiltshire 048B,Further investigation is not in the public interest
89eeffe872b00dd28a790acb9727d88d1bfc93ba8374ebce1cf113394175d92b,2024-06,Wiltshire Police,Wiltshire Police,-1.727267,51.517605,On or near Windmill Piece,E01015588,Swindon 025F,Unable to prosecute suspect
b67eabbdc20dc6baa45bd9dc3635d80ca21cde40be5c4fc26f99b72a37f51b21,2024-06,Wiltshire Police,Wiltshire Police,-1.746783,51.561428,On or near Kenton Close,E01015538,Swindon 016A,Suspect charged
b67eabbdc20dc6baa45bd9dc3635d80ca21cde40be5c4fc26f99b72a37f51b21,2024-06,Wiltshire Police,Wiltshire Police,-1.746783,51.561428,On or near Kenton Close,E01015538,Swindon 016A,Suspect charged
b67eabbdc20dc6baa45bd9dc3635d80ca21cde40be5c4fc26f99b72a37f51b21,2024-06,Wiltshire Police,Wiltshire Police,-1.746783,51.561428,On or near Kenton Close,E01015538,Swindon 016A,Suspect charged
b67eabbdc20dc6baa45bd9dc3635d80ca21cde40be5c4fc26f99b72a37f51b21,2024-06,Wiltshire Police,Wiltshire Police,-1.746783,51.561428,On or near Kenton Close,E01015538,Swindon 016A,Suspect charged
5f2430b4490d3dfd81f7912cf44d24cac809ef00eba212f09aecb72b2db4fdbc,2024-06,Wiltshire Police,Wiltshire Police,-1.761555,51.342830,On or near Cherry Close,E01031870,Wiltshire 024C,Unable to prosecute suspect
7b8b8b4074d111224389d83e1918802a3441adc8043cdb843de9217641ed9332,2024-06,Wiltshire Police,Wiltshire Police,-2.206861,51.320355,On or near Park Road,E01034534,Wiltshire 031E,Unable to prosecute suspect
1055f2e8334d8d71ee10084a33ad4ba85c67fa00acfbb2ad4ecfd88c146059a2,2024-06,Wiltshire Police,Wiltshire Police,-2.206861,51.320355,On or near Park Road,E01034534,Wiltshire 031E,Unable to prosecute suspect
3decfba410bf8934c598f18d3e91fd2ad8ef0ef12c178e1a853954599d805943,2024-06,Wiltshire Police,Wiltshire Police,-1.783976,51.104974,On or near Roger Way,E01034548,Wiltshire 057E,Unable to prosecute suspect
93ff9d747a75701b1838bf0f2ae875b652ab4bd8d992684962cf912689c47b92,2024-06,Wiltshire Police,Wiltshire Police,-1.740573,51.560048,On or near Tyndale Gardens,E01015538,Swindon 016A,Unable to prosecute suspect
2a8d025728450b3d335dff9800062de4fdd2b286535574cc8efe1a6db40ed004,2024-06,Wiltshire Police,Wiltshire Police,-2.162847,51.509419,On or near Petrol Station,E01031940,Wiltshire 008B,Suspect charged
cde2e459d547da5eb6ebadaaf7bd1d8781489112eb8e6f318bbe93a1c56c54cc,2024-06,Wiltshire Police,Wiltshire Police,-2.138161,51.375342,On or near Supermarket,E01032062,Wiltshire 022A,Unable to prosecute suspect
0def078d27e85a8955fd1006982572d85f231d8f5ae982b19690ee7a7be43f58,2024-06,Wiltshire Police,Wiltshire Police,-1.734967,51.576580,On or near A420,E01015551,Swindon 009C,Unable to prosecute suspect
112bd49155b0665135eb0810917790a4a3eb44cf0ca9f61a95274a299497b4a7,2024-06,Wiltshire Police,Wiltshire Police,-1.773228,51.586892,On or near Merton Avenue,E01015555,Swindon 005A,Investigation complete; no suspect identified
4ca05580d2781104e45c93884d77a2fd542604e3c6e9fbaa189c2b195e79add5,2024-06,Wiltshire Police,Wiltshire Police,-1.718579,51.418984,On or near St Margaret's Mead,E01031861,Wiltshire 019A,Suspect charged
d2c2b35c30750f5606103849a027969c82414d2478bc7ef24580ef54fad883b0,2024-06,Wiltshire Police,Wiltshire Police,-1.765801,51.340752,On or near Parking Area,E01031870,Wiltshire 024C,Suspect charged
9f52bea0f695fddf1daba6765279c9618e72b9bee89cd09de99216d24bb29c55,2024-06,Wiltshire Police,Wiltshire Police,-2.098496,51.476205,On or near Maud Heath's Causeway,E01034523,Wiltshire 013F,Investigation complete; no suspect identified
db3d8342799a5ca0c232154bfbac6dcdcb9abe1130dd76a96bac636823cfca5b,2024-06,Wiltshire Police,Wiltshire Police,-1.766735,51.566882,On or near Shrivenham Road,E01015479,Swindon 017A,Unable to prosecute suspect
db3d8342799a5ca0c232154bfbac6dcdcb9abe1130dd76a96bac636823cfca5b,2024-06,Wiltshire Police,Wiltshire Police,-1.766735,51.566882,On or near Shrivenham Road,E01015479,Swindon 017A,Unable to prosecute suspect
db3d8342799a5ca0c232154bfbac6dcdcb9abe1130dd76a96bac636823cfca5b,2024-06,Wiltshire Police,Wiltshire Police,-1.766735,51.566882,On or near Shrivenham Road,E01015479,Swindon 017A,Unable to prosecute suspect
db3d8342799a5ca0c232154bfbac6dcdcb9abe1130dd76a96bac636823cfca5b,2024-06,Wiltshire Police,Wiltshire Police,-1.766735,51.566882,On or near Shrivenham Road,E01015479,Swindon 017A,Unable to prosecute suspect
c6d3f5789dfd9c128f12eede314a45f3effdfcea6742d5731d8131859a166d23,2024-06,Wiltshire Police,Wiltshire Police,-1.794190,51.069150,On or near Queen Street,E01032022,Wiltshire 058C,Unable to prosecute suspect
2f96bbd8d46de00da1999dcd07142d55d880a7a655aeae165410bee5294aa5d3,2024-06,Wiltshire Police,Wiltshire Police,-1.794190,51.069150,On or near Queen Street,E01032022,Wiltshire 058C,Local resolution
76575eccf848647b0045b55b79794758db0b5c4f186f7e94acc502403ea63a17,2024-06,Wiltshire Police,Wiltshire Police,-2.231145,51.312604,On or near Sandford Park,E01032096,Wiltshire 033A,Unable to prosecute suspect
b21191f9c33410b72d760f666b6b204ea916ab6733985785c0fe19f2a5aa0ae1,2024-06,Wiltshire Police,Wiltshire Police,-1.855045,51.643756,On or near Rectory Lane,E01031935,Wiltshire 001C,Suspect charged
bcb82fbb6ee1ef7dfbcdf82e96ef01b9da83820da68239bee2964843aa6ec154,2024-06,Wiltshire Police,Wiltshire Police,-1.802291,51.070378,On or near Fisherton Street,E01032014,Wiltshire 056A,Unable to prosecute suspect
2b7fd847340e3c0507fab1d881b494bc7ea01d9452d3229fa4eed87d690f16c3,2024-06,Wiltshire Police,Wiltshire Police,-1.762865,51.172077,On or near Pine Walk,E01031978,Wiltshire 048E,Unable to prosecute suspect
10264f3f85028b74833add47c032cb719206ead0de08fc85d1ff0c57cca4eec5,2024-06,Wiltshire Police,Wiltshire Police,-1.764216,51.162512,On or near Nevill Close,E01031976,Wiltshire 048C,Action to be taken by another organisation
769957523d9ccc8d4eff951fa9a68e9011b1685618ab3715952bdc4d27b02ad2,2024-06,Wiltshire Police,Wiltshire Police,-1.821210,51.060527,On or near Shopping Area,E01032000,Wiltshire 057A,Unable to prosecute suspect
f27e5ef5a4fdfea324a970182e7b9924059dee7eab5e92aa9fa375cd857d2f11,2024-06,Wiltshire Police,Wiltshire Police,-1.829637,51.078199,On or near Pullman Drive,E01031983,Wiltshire 052D,Investigation complete; no suspect identified
0cdf3635a51c7a3cea218972c288f3b31b25762d3dee8034dc064a6e1a5c172b,2024-06,Wiltshire Police,Wiltshire Police,-1.794190,51.069150,On or near Queen Street,E01032022,Wiltshire 058C,Unable to prosecute suspect
bf10e94628eacd3ac50f2aeb75553f4ada91b2b88809a94a3bc739d5df812903,2024-06,Wiltshire Police,Wiltshire Police,-1.824618,51.604180,On or near Tortworth Road,E01032713,Swindon 026F,Unable to prosecute suspect
31fd73246a23f0f5600809a8ffc97a599aae621e1895ddb70d8fddeb625d4867,2024-06,Wiltshire Police,Wiltshire Police,-1.782556,51.555952,On or near Warwick Road,E01032714,Swindon 019E,Unable to prosecute suspect
645ffbbe41ab7cfafb42c86189369ba1caa2ce5da05d243622fe4cdb02619db5,2024-06,Wiltshire Police,Wiltshire Police,-1.782556,51.555952,On or near Warwick Road,E01032714,Swindon 019E,Unable to prosecute suspect
3d1eaf2164ed7c0387f2bd3cf83b764f464d1973ad0dc0e6e268a42319e76441,2024-06,Wiltshire Police,Wiltshire Police,-1.790258,51.562233,On or near Oxford Street,E01033846,Swindon 015F,Unable to prosecute suspect
623288b894366ccacabccd4c70cd9c4ae464a0423292db31bbf5be0ef9c08540,2024-06,Wiltshire Police,Wiltshire Police,-1.841947,51.553404,On or near Paulet Close,E01015500,Swindon 018B,Suspect charged
fe68774e6edf9a15eb1b79e6ea539b77da0d433e95d5a018d35fa7a2097b4d1c,2024-06,Wiltshire Police,Wiltshire Police,-1.841947,51.553404,On or near Paulet Close,E01015500,Swindon 018B,Suspect charged
cbcf05d7da064a014963efa61d7ef35dd39deb3bcefd5cf38a0c39af91a2d5c1,2024-06,Wiltshire Police,Wiltshire Police,-1.792737,51.078086,On or near Ridgeway Road,E01032020,Wiltshire 053C,Unable to prosecute suspect
cbcf05d7da064a014963efa61d7ef35dd39deb3bcefd5cf38a0c39af91a2d5c1,2024-06,Wiltshire Police,Wiltshire Police,-1.792737,51.078086,On or near Ridgeway Road,E01032020,Wiltshire 053C,Unable to prosecute suspect
cbcf05d7da064a014963efa61d7ef35dd39deb3bcefd5cf38a0c39af91a2d5c1,2024-06,Wiltshire Police,Wiltshire Police,-1.792737,51.078086,On or near Ridgeway Road,E01032020,Wiltshire 053C,Unable to prosecute suspect
cbcf05d7da064a014963efa61d7ef35dd39deb3bcefd5cf38a0c39af91a2d5c1,2024-06,Wiltshire Police,Wiltshire Police,-1.792737,51.078086,On or near Ridgeway Road,E01032020,Wiltshire 053C,Unable to prosecute suspect
b00e479909674cf1901d0eea8592d032aebf21390a3a8e35b97d1d87dbb869d6,2024-06,Wiltshire Police,Wiltshire Police,-1.788868,51.100181,On or near Lafranc Close,E01034549,Wiltshire 057F,Unable to prosecute suspect
4e90699b322927b39d07b109198e5c78bb2466b728e42bee7cb56e7b1405ec81,2024-06,Wiltshire Police,Wiltshire Police,-1.821264,51.553527,On or near Parking Area,E01015570,Swindon 022E,Local resolution
f7742f0cb235d3c370d66d225c4083bdf456f8b6a55f42322fc374b9ae6899f8,2024-06,Wiltshire Police,Wiltshire Police,-2.205158,51.324620,On or near York Buildings,E01032087,Wiltshire 031C,Unable to prosecute suspect
fd276cdfc8476968870e7bb334467a68c13ea0a2f450599950aa4864547a4b72,2024-06,Wiltshire Police,Wiltshire Police,-1.764216,51.162512,On or near Nevill Close,E01031976,Wiltshire 048C,Action to be taken by another organisation
d3f6eb7c13f40682c74b3e7003bbd28a3de13ad98a02db0f78d470938b14776d,2024-06,Wiltshire Police,Wiltshire Police,-1.764216,51.162512,On or near Nevill Close,E01031976,Wiltshire 048C,Action to be taken by another organisation
da298c618f55c1ddcd34050b5d86eccc84fd5184a5bca22d306e0ee231d10d0f,2024-06,Wiltshire Police,Wiltshire Police,-2.100524,51.462419,On or near Carrick Close,E01031918,Wiltshire 011E,Unable to prosecute suspect
c6651a110e7420052460aa124150e402f936d873ffd54be8ed918fb51f9e09b7,2024-06,Wiltshire Police,Wiltshire Police,-1.802723,51.069551,On or near West Street,E01032022,Wiltshire 058C,Investigation complete; no suspect identified
5c182c21edc63ba0e2bba054f99a276bed1e51db2e3360edb4b5f572c0f60f6b,2024-06,Wiltshire Police,Wiltshire Police,-1.799945,51.573741,On or near Bessemer Road West,E01015581,Swindon 012D,Local resolution
988a2785b53bd2c95dca6a8b9efd717880aaaad5e96167be32f64955a8542727,2024-06,Wiltshire Police,Wiltshire Police,-1.817739,51.605626,On or near Kingdom Crescent,E01032713,Swindon 026F,Unable to prosecute suspect
e1c629621f1fb2dde32b0d82a4531d91bb60d808ec6a8689724301d9466e015b,2024-06,Wiltshire Police,Wiltshire Police,-1.804876,51.567833,On or near Mannington Park,E01015578,Swindon 012B,Unable to prosecute suspect
e3c9ae0be5fa2a62c9ed360e3e01166622309e3f447810210c7d69350d2750d9,2024-06,Wiltshire Police,Wiltshire Police,-1.775344,51.570514,On or near Mervyn Webb Place,E01015510,Swindon 010C,Unable to prosecute suspect
f15d9819c18298e3e9f9f4566b21add39cfce5a8ca64d5febd06aed3c3ef4e5b,2024-06,Wiltshire Police,Wiltshire Police,-2.142335,51.442271,On or near Deere Avenue,E01031931,Wiltshire 018A,Suspect charged
fee7f6ad39ca0ac29a3b5ac52cbd11e1e5111e7717b1bf0176d51d39d6cd0c5a,2024-06,Wiltshire Police,Wiltshire Police,-1.793757,51.525357,On or near Coronation Road,E01015587,Swindon 025E,Unable to prosecute suspect
85d655c8e550f0cf31f2b36de7f3764b673589c28da02c55e702a61272f522dc,2024-06,Wiltshire Police,Wiltshire Police,-2.100524,51.462419,On or near Carrick Close,E01031918,Wiltshire 011E,Unable to prosecute suspect
a69c21494ebc38daf80bdee355ceba56a574178de4078a5315761aa654c8a2c1,2024-06,Wiltshire Police,Wiltshire Police,-1.749716,51.550087,On or near Belvedere Road,E01015541,Swindon 020D,Unable to prosecute suspect
54cf1f514b117e63165ed9b73aea6d25445218b05c44b463326edd558b2715ba,2024-06,Wiltshire Police,Wiltshire Police,-1.817739,51.605626,On or near Kingdom Crescent,E01032713,Swindon 026F,Unable to prosecute suspect
ab4738bb1874e81151d1723b975c3e0df2e0740c36daf8c80f6ac028d30fa5f0,2024-06,Wiltshire Police,Wiltshire Police,-1.758424,51.340476,On or near St Johns Close,E01031870,Wiltshire 024C,Further investigation is not in the public interest
ab4738bb1874e81151d1723b975c3e0df2e0740c36daf8c80f6ac028d30fa5f0,2024-06,Wiltshire Police,Wiltshire Police,-1.758424,51.340476,On or near St Johns Close,E01031870,Wiltshire 024C,Further investigation is not in the public interest
c5cdd4e40e43da6356ebae822319188e93f92fef870b79d09d2e99d4ad16e77e,2024-06,Wiltshire Police,Wiltshire Police,-1.758565,51.586701,On or near Pinnock's Place,E01015558,Swindon 005D,Unable to prosecute suspect
c5cdd4e40e43da6356ebae822319188e93f92fef870b79d09d2e99d4ad16e77e,2024-06,Wiltshire Police,Wiltshire Police,-1.758565,51.586701,On or near Pinnock's Place,E01015558,Swindon 005D,Unable to prosecute suspect
c5cdd4e40e43da6356ebae822319188e93f92fef870b79d09d2e99d4ad16e77e,2024-06,Wiltshire Police,Wiltshire Police,-1.758565,51.586701,On or near Pinnock's Place,E01015558,Swindon 005D,Unable to prosecute suspect
c5cdd4e40e43da6356ebae822319188e93f92fef870b79d09d2e99d4ad16e77e,2024-06,Wiltshire Police,Wiltshire Police,-1.758565,51.586701,On or near Pinnock's Place,E01015558,Swindon 005D,Unable to prosecute suspect
c5cdd4e40e43da6356ebae822319188e93f92fef870b79d09d2e99d4ad16e77e,2024-06,Wiltshire Police,Wiltshire Police,-1.758565,51.586701,On or near Pinnock's Place,E01015558,Swindon 005D,Unable to prosecute suspect
6ff5c6de2344ad694e14504eb2cc4b65c0cb06cfc6fac1a0f99dc0fad83d491c,2024-06,Wiltshire Police,Wiltshire Police,-2.242459,51.341525,On or near Kingston Avenue,E01032048,Wiltshire 027D,Unable to prosecute suspect
842381f1f0b02f840dc4032ffdd765209f03c64aa7fff4e4ca64cdbbbf3a8a10,2024-06,Wiltshire Police,Wiltshire Police,-1.856383,51.641124,On or near High Street,E01031936,Wiltshire 001D,Unable to prosecute suspect
0ad371e10db9a815cc4905a44805f0352a048353af1bf2845506ea072de4a02d,2024-06,Wiltshire Police,Wiltshire Police,-1.753937,51.545637,On or near Balmoral Close,E01015535,Swindon 024C,Unable to prosecute suspect
5b04e4cb66337559a77863493a567e2020d62414b748db4041afbe45d34a756c,2024-06,Wiltshire Police,Wiltshire Police,-1.665259,51.244781,On or near Pennings Road,E01034556,Wiltshire 066B,Unable to prosecute suspect
824418a8b0a9feaa6023bbcf489b3ad8b204dd13128b530f9fd9e8739170b9af,2024-06,Wiltshire Police,Wiltshire Police,-1.796845,51.579661,On or near Holly Close,E01015527,Swindon 007C,Action to be taken by another organisation
b485b4fb02f42c62d059837646f7ba9c4ccf55f603d516bc9cdf750525452be5,2024-06,Wiltshire Police,Wiltshire Police,-2.121355,51.376449,On or near Buzzard Close,E01032074,Wiltshire 020E,Unable to prosecute suspect
e1615df5c3bc7b2d86ffd953023f2d7b56f8de0991bd93f8a2660f6a9049ba73,2024-06,Wiltshire Police,Wiltshire Police,-1.762927,51.176717,On or near Supermarket,E01034544,Wiltshire 048G,Investigation complete; no suspect identified
323d3c5051808a40d2e62d6679d0461be08fb1f5d863d6f5fb67619a55fc5f16,2024-06,Wiltshire Police,Wiltshire Police,-1.780635,51.580432,On or near Cherry Tree Grove,E01015507,Swindon 007B,Action to be taken by another organisation
2e797b4cbfdd93eaa1014c312f17928ae82a5a3fa01d1169c3710c456069f439,2024-06,Wiltshire Police,Wiltshire Police,-1.830797,51.553865,On or near Freshbrook Way,E01015569,Swindon 022D,Action to be taken by another organisation
d6d8bfb6c7407f4958ad51c27c9c19bab0aa821fdbea3d5985ce381a10765c16,2024-06,Wiltshire Police,Wiltshire Police,-1.784097,51.078996,On or near Glenmore Road,E01031986,Wiltshire 051C,Investigation complete; no suspect identified
9373a0006719a45fa10df7ef6f89fe0c25baea5792a57b5aae1a5e6c7ee84ee0,2024-06,Wiltshire Police,Wiltshire Police,-1.770754,51.176328,On or near Shopping Area,E01031974,Wiltshire 048A,Unable to prosecute suspect
7d1a5b2a4e3cc9627e70aa9b7cee33c9602059f8134e3f2a1edd20ae2c8d409a,2024-06,Wiltshire Police,Wiltshire Police,-1.820419,51.552051,On or near Beaulieu Close,E01015570,Swindon 022E,Unable to prosecute suspect
7d1a5b2a4e3cc9627e70aa9b7cee33c9602059f8134e3f2a1edd20ae2c8d409a,2024-06,Wiltshire Police,Wiltshire Police,-1.820419,51.552051,On or near Beaulieu Close,E01015570,Swindon 022E,Unable to prosecute suspect
13de06914a0aad485fae3b713e33bbfd3a29fa563f281843f8e0995871a8da89,2024-06,Wiltshire Police,Wiltshire Police,-1.830272,51.555437,On or near Beaumaris Road,E01015569,Swindon 022D,Unable to prosecute suspect
e0cc9830dd71aa3633aef6556f8d3f367ab330c7b0354eb416791fa69fa42b3d,2024-06,Wiltshire Police,Wiltshire Police,-1.834514,51.550966,On or near Chudleigh,E01015501,Swindon 022A,Unable to prosecute suspect
ddbdfb1e2fcbe481769a4dbcca25b560b86471b9678f4ca1efc7f25fb58ee838,2024-06,Wiltshire Police,Wiltshire Police,-1.820419,51.552051,On or near Beaulieu Close,E01015570,Swindon 022E,Unable to prosecute suspect
ddbdfb1e2fcbe481769a4dbcca25b560b86471b9678f4ca1efc7f25fb58ee838,2024-06,Wiltshire Police,Wiltshire Police,-1.820419,51.552051,On or near Beaulieu Close,E01015570,Swindon 022E,Unable to prosecute suspect
ddbdfb1e2fcbe481769a4dbcca25b560b86471b9678f4ca1efc7f25fb58ee838,2024-06,Wiltshire Police,Wiltshire Police,-1.820419,51.552051,On or near Beaulieu Close,E01015570,Swindon 022E,Unable to prosecute suspect
ddbdfb1e2fcbe481769a4dbcca25b560b86471b9678f4ca1efc7f25fb58ee838,2024-06,Wiltshire Police,Wiltshire Police,-1.820419,51.552051,On or near Beaulieu Close,E01015570,Swindon 022E,Unable to prosecute suspect
ddbdfb1e2fcbe481769a4dbcca25b560b86471b9678f4ca1efc7f25fb58ee838,2024-06,Wiltshire Police,Wiltshire Police,-1.820419,51.552051,On or near Beaulieu Close,E01015570,Swindon 022E,Unable to prosecute suspect
2dfee194296574fc92c1af0953aa578c6e73f2ccdbd22aa6a494ab1a15834a5c,2024-06,Wiltshire Police,Wiltshire Police,-1.665259,51.244781,On or near Pennings Road,E01034556,Wiltshire 066B,Unable to prosecute suspect
9574a02701bfc8954f7dce8c8f5553a98bfae8dcac9cf06b5102a4157f6b6ee5,2024-06,Wiltshire Police,Wiltshire Police,-1.791226,51.602867,On or near Standen Way,E01033861,Swindon 028G,Unable to prosecute suspect
a0e8b77918b2f3ed8f8df38460faa6f60c33204c7126166a50c98e4b167b15d5,2024-06,Wiltshire Police,Wiltshire Police,-2.228831,51.311889,On or near Westfield Close,E01032096,Wiltshire 033A,Unable to prosecute suspect
93201a604881da269fa74916437dc318546ecfb71b93f0d6117998407801fbe3,2024-06,Wiltshire Police,Wiltshire Police,-2.111150,51.451862,On or near Daniell Drive,E01031924,Wiltshire 014E,Unable to prosecute suspect
6fe70d7598e3376e585090943725a0486383c3b9811a9389fba4610fdf23b13a,2024-06,Wiltshire Police,Wiltshire Police,-1.723211,51.628109,On or near Cricklade Road,E01015521,Swindon 001C,Investigation complete; no suspect identified
a334eb0e513d4b1544dea5e95c30cd3fa549e756799f74841ba953b5e2d6d376,2024-06,Wiltshire Police,Wiltshire Police,-1.789134,51.101297,On or near Castle Well Road,E01034549,Wiltshire 057F,Suspect charged
aa500733094c57997ae9051d2ef8c8ff7942255bc2b86cbde4fb0ec07d1a843c,2024-06,Wiltshire Police,Wiltshire Police,-1.765165,51.164303,On or near Margarets Close,E01034545,Wiltshire 048H,Suspect charged
678e3247987bdaee07a2d8dd2114a76328eec5e9942bd4354d8f78bc66ad0422,2024-06,Wiltshire Police,Wiltshire Police,-1.669363,51.237851,On or near Margha Road,E01031879,Wiltshire 066A,Unable to prosecute suspect
229581405514c2c50e677d96541226d4a4e7872b46bc5c8469799af818c1f8df,2024-06,Wiltshire Police,Wiltshire Police,-1.825047,51.083929,On or near St Michael's Road,E01031983,Wiltshire 052D,Unable to prosecute suspect
b878f2884a8658494bf7cf1a2c2f8e6b80fa26a1cf2718c37a71b22d1481173d,2024-06,Wiltshire Police,Wiltshire Police,-2.180581,51.205744,On or near Three Horseshoes Walk,E01032103,Wiltshire 044A,Unable to prosecute suspect
5e8236f16ff87f3d473d1d846ea4e35b3b7e0634ef711db4c6ecf8d0e1bf659d,2024-06,Wiltshire Police,Wiltshire Police,-1.788211,51.561843,On or near Catherine Street,E01033845,Swindon 015E,Investigation complete; no suspect identified
7d3c85eba6e63eff9f0f3c7110699fc200afa2a55eb922f6b99acd8c88fe7ae2,2024-06,Wiltshire Police,Wiltshire Police,-1.755395,51.556097,On or near Bisley Close,E01015540,Swindon 020C,Action to be taken by another organisation
0719b8bafe0158d7bdd545728c8fcab2b9c78cde4bcbf1873b4d3785be4d09d6,2024-06,Wiltshire Police,Wiltshire Police,-1.837283,51.603704,On or near Boatman Close,E01032709,Swindon 026E,Unable to prosecute suspect
821bb75164c374274638b3cc63cd20a9a9fd6c5661c8a8334314da80c82abd35,2024-06,Wiltshire Police,Wiltshire Police,-1.779326,51.561746,On or near Spring Close,E01032714,Swindon 019E,Unable to prosecute suspect
5be3abc9f687314790f1ac395af1007ea1b6d79e58481004334b2d0485091f4e,2024-06,Wiltshire Police,Wiltshire Police,-1.766498,51.174962,On or near Annetts Close,E01031975,Wiltshire 048B,Suspect charged
39d12530092274ec09b5d75f1de624d6cf0b00dc1ba4337fb2a7dadfd5f4ac59,2024-06,Wiltshire Police,Wiltshire Police,-1.769391,51.160005,On or near Edmund Way,E01034546,Wiltshire 048I,Unable to prosecute suspect
ed8bf252231fd1db619be5da6a0612c1a3ebf77ad165d370721f5b668c3f15d2,2024-06,Wiltshire Police,Wiltshire Police,-1.829879,51.082354,On or near Winding Way,E01031981,Wiltshire 052B,Unable to prosecute suspect
3a9a43ca65cee0aa1a5ba3bd26eaa26dcd79fbe78f004b696644241bb572335b,2024-06,Wiltshire Police,Wiltshire Police,-1.809180,51.075002,On or near Bedford Road,E01032003,Wiltshire 055C,Unable to prosecute suspect
3abef5fc6a68fc58fc088a0143c36e95eeeda2fed53d03e53c749e1f671de7e2,2024-06,Wiltshire Police,Wiltshire Police,-2.176718,51.206262,On or near Supermarket,E01032108,Wiltshire 042D,Unable to prosecute suspect
3abef5fc6a68fc58fc088a0143c36e95eeeda2fed53d03e53c749e1f671de7e2,2024-06,Wiltshire Police,Wiltshire Police,-2.176718,51.206262,On or near Supermarket,E01032108,Wiltshire 042D,Unable to prosecute suspect
3abef5fc6a68fc58fc088a0143c36e95eeeda2fed53d03e53c749e1f671de7e2,2024-06,Wiltshire Police,Wiltshire Police,-2.176718,51.206262,On or near Supermarket,E01032108,Wiltshire 042D,Unable to prosecute suspect
93ddb0c11ae36a878c43ad6def6ffc780a8f1c91e372f86752784a557d23a2cd,2024-06,Wiltshire Police,Wiltshire Police,-2.230999,51.309430,On or near Regents Place,E01032096,Wiltshire 033A,Local resolution
21ab11842b634c888d31c502f4a479f751ebf2135f7ee2423d2b5da3414b0f5b,2024-06,Wiltshire Police,Wiltshire Police,-2.253905,51.349935,On or near Conigre Hill,E01032047,Wiltshire 027C,Unable to prosecute suspect
7d60570c5a1fa4c42d8622052a3335560ebc14b6cd7d8091ab404ed1fa7f5828,2024-06,Wiltshire Police,Wiltshire Police,-2.208256,51.321126,On or near Fore Street,E01034534,Wiltshire 031E,Unable to prosecute suspect
91d6300879effff105548b0f0fb385bc6c96a74a6041431e0c882cb23082b103,2024-06,Wiltshire Police,Wiltshire Police,-1.834288,51.081446,On or near Sports/Recreation Area,E01031981,Wiltshire 052B,Unable to prosecute suspect
3d8f2fa10f0e4e06825137b86694ec44cc993b8cbcb38545c901d50b6ac55f46,2024-06,Wiltshire Police,Wiltshire Police,-1.623383,51.251812,On or near New Drove,E01034553,Wiltshire 065C,Investigation complete; no suspect identified
eb8129d1b4b299344c0233e37330454707ffa9d5c069675cf2a66d830b899450,2024-06,Wiltshire Police,Wiltshire Police,-2.193089,51.338497,On or near Millards Close,E01032078,Wiltshire 030B,Action to be taken by another organisation
60af5b5a42c55e9ff9d7be23fa7b1ac4c60122b33814b0cad8ef922dd4179ed4,2024-06,Wiltshire Police,Wiltshire Police,-2.218139,51.428837,On or near Toghill Crescent,E01031889,Wiltshire 017B,Suspect charged
224613c5bdc27990ab7f458130df1275c6d35df9f67ff80781d1a7690ad75c7a,2024-06,Wiltshire Police,Wiltshire Police,-2.105837,51.357329,On or near Petrol Station,E01034528,Wiltshire 021G,Unable to prosecute suspect
ed8f7133b109c11f8ec73265c5973f28c637fbcc0e0c6cd6d435ab0b0fc4e52e,2024-06,Wiltshire Police,Wiltshire Police,-1.776099,51.168623,On or near Salisbury Road,E01031979,Wiltshire 048F,Unable to prosecute suspect
a05d5aa32cffe15c80792c86eae63ff70e0041b9c3d8c22695029bb653523885,2024-06,Wiltshire Police,Wiltshire Police,-1.806712,51.601023,On or near Buscot Close,E01032702,Swindon 027B,Unable to prosecute suspect
b38eb2c275430c98d89736db1d2733d086f1d681182fa0654bf10155f5a51f70,2024-06,Wiltshire Police,Wiltshire Police,-1.791887,51.238879,On or near Vicarage Gardens,E01031867,Wiltshire 038B,Unable to prosecute suspect
b78500a41bacb5010ca103d57369b4ab2091c5f74c77d153094429be814dc517,2024-06,Wiltshire Police,Wiltshire Police,-1.990029,51.349950,On or near Southbroom Road,E01031855,Wiltshire 026C,Action to be taken by another organisation
f47259c0fefbd2ec8f676b03775ce335645615ec0e82602929fbb617757e0792,2024-06,Wiltshire Police,Wiltshire Police,-1.836981,51.550709,On or near Cottington Close,E01015503,Swindon 022C,Investigation complete; no suspect identified
88ccdc314078aec5c0d4a36aeea801b2ad2a3043af5dbe6fb5ddc7d8c9ddd2f3,2024-06,Wiltshire Police,Wiltshire Police,-2.140587,51.374701,On or near Supermarket,E01032062,Wiltshire 022A,Investigation complete; no suspect identified
ca5cc08c088094b4142d774a7474ab36493c5cf17c299dea215ade606097f011,2024-06,Wiltshire Police,Wiltshire Police,-1.773465,51.174769,On or near The Drove,E01031974,Wiltshire 048A,Unable to prosecute suspect
a406bdd084c5fd7bb9fd29e6f7d44ae694ae71cdbda8b73293c46235ecc46913,2024-06,Wiltshire Police,Wiltshire Police,-2.197182,51.261880,On or near Great Roc Road,E01032118,Wiltshire 063C,Unable to prosecute suspect
1e74eb9240c07668531956800465a953e68616dcc537207e81d11bcfef1bd26f,2024-06,Wiltshire Police,Wiltshire Police,-2.117080,51.463276,On or near Old Road,E01031912,Wiltshire 011B,Local resolution
503bc16714cc4e9320a2122d78893fe74d4abb8381a0b53134d9cb098154e8e9,2024-06,Wiltshire Police,Wiltshire Police,-2.231073,51.298397,On or near Fleur De Lys Drive,E01032083,Wiltshire 037B,Action to be taken by another organisation
504e7ca7945e427d90b3a7a853fb67befe78be96912ac60a70ae58012353b5a8,2024-06,Wiltshire Police,Wiltshire Police,-1.750977,51.554172,On or near Whitbourne Avenue,E01015540,Swindon 020C,Unable to prosecute suspect
f4481645cd33fb17f0977d3c86111f7d954dc44ef40105d523cb8d69debd8405,2024-06,Wiltshire Police,Wiltshire Police,-1.780342,51.569399,On or near Beatrice Street,E01015510,Swindon 010C,Unable to prosecute suspect
3be72a13ba384f8ccd4e634c19185f48e3eefa18dbdc04a4ba880b9072bcb569,2024-06,Wiltshire Police,Wiltshire Police,-1.770855,51.567797,On or near Supermarket,E01015479,Swindon 017A,Investigation complete; no suspect identified
f7c27b272c80423292a5ecb3045f9690c1949e11a5a460245747d3c8d32ec7be,2024-06,Wiltshire Police,Wiltshire Police,-1.647316,51.386142,On or near Warren Courtyard,E01031847,Wiltshire 029B,Unable to prosecute suspect
0696660a976f931837e282978c27ca7763a0bfdf437ef94afa6edbce587b9904,2024-06,Wiltshire Police,Wiltshire Police,-1.822894,51.549726,On or near Chepstow Close,E01015571,Swindon 022F,Investigation complete; no suspect identified
c918677db8178fe1716f995a277c82f08d1a71399b01f2395f9ab4eac63417d8,2024-06,Wiltshire Police,Wiltshire Police,-1.719717,51.421028,On or near Stonebridge Close,E01031861,Wiltshire 019A,Unable to prosecute suspect
508352e7e46cfaf1eb13e2276235aed4dbe659fe98f999ad44a6ced7fc1d0c84,2024-06,Wiltshire Police,Wiltshire Police,-1.608727,51.254938,On or near Challis Court,E01031859,Wiltshire 065B,Investigation complete; no suspect identified
a790f9deec8d87d8e61649c46ea55d9f565620f7683051a59f38d058d0695666,2024-06,Wiltshire Police,Wiltshire Police,-1.743343,51.567805,On or near Northfield Way,E01015484,Swindon 013D,Local resolution
ccba6220f826e909294595e71bdc5a8cd08fe4999a9a203c85e27533fd3dbd06,2024-06,Wiltshire Police,Wiltshire Police,-1.792038,51.068499,On or near Nightclub,E01032023,Wiltshire 059D,Investigation complete; no suspect identified
37f93813f4b0ed1d251747ec6217bc52c03008b278758d3f810ca15fbb8abb06,2024-06,Wiltshire Police,Wiltshire Police,-1.758565,51.586701,On or near Pinnock's Place,E01015558,Swindon 005D,Unable to prosecute suspect
555f170f5a14b1b04966b6d7b3b9deca948afdcb4f70e093b60dbd72abc7a19d,2024-06,Wiltshire Police,Wiltshire Police,-1.795474,51.563564,On or near Fire Fly Avenue,E01032716,Swindon 012G,Investigation complete; no suspect identified
2f2df9d704cb649efdf1603b575ac700f99f0d969ed14b8c06fedf5f20f823ba,2024-06,Wiltshire Police,Wiltshire Police,-1.773339,51.567579,On or near Colbourne Street,E01015479,Swindon 017A,Local resolution
3f1e263bad8968afcbb2d83c6cdbf3031ca3e7187e837294811b8b7970ce5682,2024-06,Wiltshire Police,Wiltshire Police,-2.213917,51.325639,On or near Francis Street,E01034533,Wiltshire 031D,Unable to prosecute suspect
88b0c3fddb9be07794a06e7d459a8270f1fc4680a0a64c2ec3ba06643dd70d14,2024-06,Wiltshire Police,Wiltshire Police,-1.834288,51.081446,On or near Sports/Recreation Area,E01031981,Wiltshire 052B,Unable to prosecute suspect
796fde52eae06c16b4b6eb3f708c9e69e89640147caa50265f12f7b96fa41ea9,2024-06,Wiltshire Police,Wiltshire Police,-1.773212,51.587198,On or near Okus Grove,E01015555,Swindon 005A,Unable to prosecute suspect
17791b9cde1017515fab23408633c5ce6d29a1e7fc72ea500baf6af475f68380,2024-06,Wiltshire Police,Wiltshire Police,-2.202136,51.339183,On or near Navigator Close,E01032078,Wiltshire 030B,Unable to prosecute suspect
2603aeafc4e67613e82ce23002c6b10d7ac5c45c2c51f2a45aa2550e2f42355f,2024-06,Wiltshire Police,Wiltshire Police,-1.827803,51.083844,On or near Barnards Hill Drive,E01031983,Wiltshire 052D,Unable to prosecute suspect
df6cc9b99b4f0f2bb20cda145d4436676f41d074373b9af7803e566dd9b6ef8b,2024-06,Wiltshire Police,Wiltshire Police,-1.793736,51.577840,On or near Wingate Parade,E01015580,Swindon 007D,Unable to prosecute suspect
8dd6c8f366cad30d660a2a26e3a65b0d631802acce27594b6887a81c341c6aa9,2024-06,Wiltshire Police,Wiltshire Police,-1.788755,51.562860,On or near Harding Street,E01033846,Swindon 015F,Investigation complete; no suspect identified
5a40e228588fb1c9a85b27103988a789704732bc3a71033ec61ef23f4da0eb1b,2024-06,Wiltshire Police,Wiltshire Police,-1.777832,51.554352,On or near King John Street,E01032715,Swindon 019F,Unable to prosecute suspect
37220e2164ff454aed8f93dd1c864ea7f8d1a2480f9e743463e155eda485c255,2024-06,Wiltshire Police,Wiltshire Police,-1.796638,51.554971,On or near Erin Court,E01015478,Swindon 021A,Unable to prosecute suspect
3538ee8dbcb4b756ceb75e3ba1d51771edf3fc6dfa3b3d13531568794e5d11fc,2024-06,Wiltshire Police,Wiltshire Police,-1.723736,51.546253,On or near Edale Moor,E01015490,Swindon 023D,Action to be taken by another organisation
800789cca75f3b32f0304e3765ac92688a82e108b590f547189383f76fc89c2d,2024-06,Wiltshire Police,Wiltshire Police,-2.203231,52.513724,On or near The Close,E01029645,South Staffordshire 013A,Unable to prosecute suspect
09cd910de9ace47869133f35556d9ca7dc64dcdf5082e4ca8c658809de2802ef,2024-06,Wiltshire Police,Wiltshire Police,-2.073675,51.504807,On or near Sharplands,E01031939,Wiltshire 008A,Unable to prosecute suspect
f46060097aa3e92cc08eb527fcf4a983825d99258a42dd22d7c6cf92a337da64,2024-06,Wiltshire Police,Wiltshire Police,-1.776317,51.063031,On or near Supermarket,E01032021,Wiltshire 056D,Suspect charged
7f3dfd58f15bd7af6c322578eeeab79a90d2434ead6849127d1d34708937a43d,2024-06,Wiltshire Police,Wiltshire Police,-1.807435,51.597446,On or near Supermarket,E01032710,Swindon 028E,Unable to prosecute suspect
f33fc389aab5ba4e75c13c5d0e4bd461e8eae9bcfb793377fe25128c303d4c4a,2024-06,Wiltshire Police,Wiltshire Police,-1.785590,51.554852,On or near Hythe Road,E01015496,Swindon 019C,Unable to prosecute suspect
1ba98a6d0551c8cf3f2b38efed6e42a42694cbb8cc792fd9f3a127ed8b099592,2024-06,Wiltshire Police,Wiltshire Police,-1.825047,51.083929,On or near St Michael's Road,E01031983,Wiltshire 052D,Unable to prosecute suspect
bea02c9ccd9df3f142ab8c632166a315d734fa96084ef7e6317581a5e48ea222,2024-06,Wiltshire Police,Wiltshire Police,-1.780635,51.580432,On or near Cherry Tree Grove,E01015507,Swindon 007B,Unable to prosecute suspect
1db80a8aebbbf8a7dd3503705707e760487e3dbc768094efea1296358c3e4bd2,2024-06,Wiltshire Police,Wiltshire Police,-1.743332,51.562014,On or near Old School Court,E01015538,Swindon 016A,Unable to prosecute suspect
6ea73859d5bc84175d9f5d237aa47b530d3c374ae7fa5a92177dd58c1b0b5560,2024-06,Wiltshire Police,Wiltshire Police,-1.722790,51.545262,On or near Arnfield Moor,E01015490,Swindon 023D,Unable to prosecute suspect
847a00a59c36c01c81591174862ba626e581738f845d68f119724c3eb91e6be6,2024-06,Wiltshire Police,Wiltshire Police,-1.776707,51.089926,On or near Appleshaw Way,E01031984,Wiltshire 051A,Unable to prosecute suspect
62325b66f394bca255893183a0fbc3082bc46e4e5a510410586ed14cba15399e,2024-06,Wiltshire Police,Wiltshire Police,-1.829879,51.082354,On or near Winding Way,E01031981,Wiltshire 052B,Unable to prosecute suspect
68ca8129254ebb20598703769f25a8373f8d81c9b2103f95b62202cd8cc44648,2024-06,Wiltshire Police,Wiltshire Police,-1.790333,51.066724,On or near Barnard Street,E01032023,Wiltshire 059D,Unable to prosecute suspect
f9710ef7a1b3cbad956d4ba4554e65a030867ff51790a1f46394abbac1787b4d,2024-06,Wiltshire Police,Wiltshire Police,-1.823869,51.085915,On or near Primrose Road,E01031982,Wiltshire 052C,Unable to prosecute suspect
6900628ab2de000a2e07449da907076afaeecc328c3deffd1efc1e55358f6f7e,2024-06,Wiltshire Police,Wiltshire Police,-1.790615,51.238283,On or near Old School Close,E01031867,Wiltshire 038B,Unable to prosecute suspect
bbffcc2095362483954f202227ee55cc300f02aba67f98eb124a37cf8876384b,2024-06,Wiltshire Police,Wiltshire Police,-2.120520,51.271912,On or near Flowers Mead,E01032055,Wiltshire 039C,Unable to prosecute suspect
a9a95ce759068c2d636c95e9f4e30385ee99fd9324201633a6396d7d0b1ea6fd,2024-06,Wiltshire Police,Wiltshire Police,-1.981655,51.355641,On or near Wadworth Road,E01031850,Wiltshire 025A,Unable to prosecute suspect
3c78d3d8276c0e7564fed291bce410c71cebaa572394495431f4bb717a6cde28,2024-06,Wiltshire Police,Wiltshire Police,-2.180219,51.204710,On or near Market Place,E01032103,Wiltshire 044A,Unable to prosecute suspect
0434f242ab31ad79cf0d49c92703c3b5bc789edf745b474bcd4f659bbeb568f7,2024-06,Wiltshire Police,Wiltshire Police,-1.987561,51.286207,On or near Park Road,E01031858,Wiltshire 034C,Unable to prosecute suspect
9a815b48d65d239ebfd958b8ea97ad1b2d160d739f62ceb4ce9cd9d272e98299,2024-06,Wiltshire Police,Wiltshire Police,-1.799945,51.573741,On or near Bessemer Road West,E01015581,Swindon 012D,Investigation complete; no suspect identified
6a96b859d71da45c0a6c0321196da8c8aed52c0d0191a45631984c7fe39d34f5,2024-06,Wiltshire Police,Wiltshire Police,-2.203025,51.426473,On or near Savernake Road,E01031889,Wiltshire 017B,Unable to prosecute suspect
7a9633dd4b0e181843402262d8f2e3df9f507b95ecd18a10b4f17136a09f65ca,2024-06,Wiltshire Police,Wiltshire Police,-1.841337,51.554644,On or near Bradenham Road,E01015500,Swindon 018B,Unable to prosecute suspect
731ec88720a14c625c15d47257199c5f929c5463b26b81d4328bed21180a1921,2024-06,Wiltshire Police,Wiltshire Police,-1.790730,51.541729,On or near Supermarket,E01033848,Swindon 024F,Local resolution
3d4d9000eb646c52f36154ee9971b082227c168688e50c57c39c397ff8fef3f1,2024-06,Wiltshire Police,Wiltshire Police,-1.813426,51.583474,On or near Jubilee Road,E01015528,Swindon 006B,Unable to prosecute suspect
c40615d4e05b683335a57036cb90dbfde43185c2a324fdb79d2fcc4a5f2b1676,2024-06,Wiltshire Police,Wiltshire Police,-1.875062,51.585309,On or near Reid's Piece,E01031956,Wiltshire 003C,Unable to prosecute suspect
1768c702910125343d79b05cffb7cb38aa32753b63f327828e7d16cf3f989201,2024-06,Wiltshire Police,Wiltshire Police,-1.819940,51.061028,On or near Wellworthy Drive,E01032000,Wiltshire 057A,Unable to prosecute suspect
d2fe0dcaa9fc280b193b6c9c00955f2fb5e586d836beb38786fe98f608541602,2024-06,Wiltshire Police,Wiltshire Police,-1.805500,51.563734,On or near Montagu Street,E01015579,Swindon 012C,Unable to prosecute suspect
d2fe0dcaa9fc280b193b6c9c00955f2fb5e586d836beb38786fe98f608541602,2024-06,Wiltshire Police,Wiltshire Police,-1.805500,51.563734,On or near Montagu Street,E01015579,Swindon 012C,Unable to prosecute suspect
09233e20db44f5bda2c4f734ea63d53756ad1c3eacb335451b10bd5935ca9ffa,2024-06,Wiltshire Police,Wiltshire Police,-2.276805,51.401792,On or near Kingsdown Grove,E01031888,Wiltshire 017A,Unable to prosecute suspect
f08f641b492b5f29d25c6fb1f4ffe7d168c924245031069aa4f16ce8c138f23e,2024-06,Wiltshire Police,Wiltshire Police,-1.782903,51.592044,On or near Durrington Walk,E01015546,Swindon 003D,Unable to prosecute suspect
b32b8b55629b7f3aaf36234a80d12a43bc1acf3c5e014dce126a83bd92db5024,2024-06,Wiltshire Police,Wiltshire Police,-1.824618,51.604180,On or near Tortworth Road,E01032713,Swindon 026F,Unable to prosecute suspect
5f01668c2bb2c022856454420d08b92491165c84433fd53e17175b3eb95a8d71,2024-06,Wiltshire Police,Wiltshire Police,-1.789720,51.578741,On or near Montgomery Avenue,E01015580,Swindon 007D,Unable to prosecute suspect
77030b1e2e55e5f518b02be2df9694ee64fb76d6de885cbcd256219d9703f5cd,2024-06,Wiltshire Police,Wiltshire Police,-1.785032,51.556865,On or near Dixon Street,E01015496,Swindon 019C,Unable to prosecute suspect
d1b219760d7b494c4a0dcc2d2625ae09ad676ab30e3f03e490c717c2ccc74260,2024-06,Wiltshire Police,Wiltshire Police,-1.793977,51.556413,On or near William Street,E01015477,Swindon 015C,Action to be taken by another organisation
d279b87d49e2c719e25b7a257f37fe765aa065bbf78eba4dc14181a9dcf47dbf,2024-06,Wiltshire Police,Wiltshire Police,-1.793977,51.556413,On or near William Street,E01015477,Swindon 015C,Action to be taken by another organisation
e8a3f776a19295d5a0f1ef81f63042c8010a163efebda993ee3d2adf06210736,2024-06,Wiltshire Police,Wiltshire Police,-1.793977,51.556413,On or near William Street,E01015477,Swindon 015C,Action to be taken by another organisation
d95950ad7d819dfe8d2379dd568c5e69b9973d3ded37a8937875757d8d0a1b69,2024-06,Wiltshire Police,Wiltshire Police,-1.749746,51.544684,On or near Marlborough Road,E01015535,Swindon 024C,Investigation complete; no suspect identified
1d9492ff1afa86f287d04ac2126fe488579c1a62154744208836d6ba6e4df114,2024-06,Wiltshire Police,Wiltshire Police,-1.789054,51.557403,On or near Dryden Street,E01015494,Swindon 019A,Investigation complete; no suspect identified
8f4af0ae45ec8be235f24c87ad25e36335c25551c878a461475c9d5f0c684cd9,2024-06,Wiltshire Police,Wiltshire Police,-1.832488,51.556807,On or near Hexham Close,E01015569,Swindon 022D,Unable to prosecute suspect
9f9bddd10edef53051676cc248b8e917abdd78b3f10d56018e9121ab3e21fe55,2024-06,Wiltshire Police,Wiltshire Police,-2.000195,51.354824,On or near Avon Terrace,E01031854,Wiltshire 026B,Unable to prosecute suspect
de0bcc67933fdda08b841f769f77f95f16f5e138b9174951a60191bac956cac3,2024-06,Wiltshire Police,Wiltshire Police,-2.256529,51.351800,On or near Huntingdon Rise,E01032045,Wiltshire 027A,Action to be taken by another organisation
293a9cd028e65b54aaeef619f81e03debd62a1cb5483ea7a1ff62900d436d213,2024-06,Wiltshire Police,Wiltshire Police,-1.804321,51.073061,On or near Sidney Street,E01032024,Wiltshire 055D,Unable to prosecute suspect
2bdb68bedd901d10c0f33fc0342eb34554e93badf4dd13ef223f573758029e82,2024-06,Wiltshire Police,Wiltshire Police,-1.796685,51.072940,On or near Mill Stream Approach,E01032014,Wiltshire 056A,Unable to prosecute suspect
2bdb68bedd901d10c0f33fc0342eb34554e93badf4dd13ef223f573758029e82,2024-06,Wiltshire Police,Wiltshire Police,-1.796685,51.072940,On or near Mill Stream Approach,E01032014,Wiltshire 056A,Unable to prosecute suspect
54897fe15e16883bfcb2c49da55ada6724a94c61b2fb6533c5c998217aecebe3,2024-06,Wiltshire Police,Wiltshire Police,-1.758161,51.556777,On or near New College Drive,E01015573,Swindon 016C,Local resolution
81401acd3f72971c07f794499483b45b9dce96fd01605b8a2c5d1ae7b7afd496,2024-06,Wiltshire Police,Wiltshire Police,-1.797245,51.068913,On or near St Thomas Square,E01032022,Wiltshire 058C,Unable to prosecute suspect
d99dd248637429070036c4adf49ae2d8de49fa516b010cfd68f135ce0799b3c6,2024-06,Wiltshire Police,Wiltshire Police,-1.781343,51.565220,On or near Corporation Street,E01033845,Swindon 015E,Investigation complete; no suspect identified
840a0402946ac30b482a1ab54db454b2e8db6da115a6f15ed175ff2c80551f4f,2024-06,Wiltshire Police,Wiltshire Police,-2.185992,51.212965,On or near Foxley Close,E01032111,Wiltshire 043B,Further action is not in the public interest
97d50a73ccf281ef3e096fd8e5e6002294be26d2265c530af4ee90ff32306bc4,2024-06,Wiltshire Police,Wiltshire Police,-1.780358,51.581079,On or near Sycamore Grove,E01015506,Swindon 007A,Unable to prosecute suspect
c5ac60c13cb6dfec078befe549ef761a9156cd9573e4c9f52cd5bf3dcfeeea42,2024-06,Wiltshire Police,Wiltshire Police,-2.212438,51.325570,On or near Charles Street,E01034533,Wiltshire 031D,Unable to prosecute suspect
ea387991b1b407af11b7813d69cad29666a55d72b12b94c11a2a3ddfd1f72a9a,2024-06,Wiltshire Police,Wiltshire Police,-1.815494,51.073682,On or near Nursery Road,E01032002,Wiltshire 055B,Unable to prosecute suspect
e91230c7f5e41797cbe3b43f7323af5ed2e5b727c57878f5675dfa7c11f73200,2024-06,Wiltshire Police,Wiltshire Police,-2.217655,51.198525,On or near Parking Area,E01032110,Wiltshire 043A,Unable to prosecute suspect
fbceb6ec06b7b53a4e14a1f907656f5904a4f1f836f499a7b67567edb6be30ee,2024-06,Wiltshire Police,Wiltshire Police,-1.755347,51.564953,On or near Maitland Road,E01015575,Swindon 016D,Local resolution
ff49a08727e46f6f85ecdaa978599bcfcae60456a89b1d792da00268d4317067,2024-06,Wiltshire Police,Wiltshire Police,-1.762107,51.555094,On or near Salcombe Grove,E01015576,Swindon 017D,Action to be taken by another organisation
0f6e6b394e7cad2cf9dce2d24a0164a75bd37611f0a42b70cce5e9c661388c96,2024-06,Wiltshire Police,Wiltshire Police,-1.829532,51.087488,On or near Folly View,E01031980,Wiltshire 052A,Unable to prosecute suspect
f56f592207deaa4afb2788bae96e7896cfc70caa70a3af6767ec59c325de2e30,2024-06,Wiltshire Police,Wiltshire Police,-2.124303,51.472889,On or near Bellinger Close,E01031914,Wiltshire 009C,Unable to prosecute suspect
cba0f4e707ad45b181048787765e9a0414844b31843a20ea33265809a815a75b,2024-06,Wiltshire Police,Wiltshire Police,-1.793516,51.105117,On or near Rhodes Moorhouse Way,E01034549,Wiltshire 057F,Unable to prosecute suspect
cba0f4e707ad45b181048787765e9a0414844b31843a20ea33265809a815a75b,2024-06,Wiltshire Police,Wiltshire Police,-1.793516,51.105117,On or near Rhodes Moorhouse Way,E01034549,Wiltshire 057F,Unable to prosecute suspect
018922706fc1bc94b5086445c3b5700bea797b7865d71bee692b7efedd390028,2024-06,Wiltshire Police,Wiltshire Police,-1.785302,51.560868,On or near Shopping Area,E01015494,Swindon 019A,Local resolution
ed668109579e5328b6b0ee4d26a74eea770d0ca405e89e8b29f855606c06c15e,2024-06,Wiltshire Police,Wiltshire Police,-1.776111,51.552443,On or near Wood Street,E01015534,Swindon 024B,Suspect charged
7fa9276e3c6062a9362ebc8dba8cd9ad635a9649c9253bf4d6ac0b3b69341658,2024-06,Wiltshire Police,Wiltshire Police,-1.625074,51.251817,On or near Johnson Way,E01034553,Wiltshire 065C,Offender given a caution
d341b5dcdeafa52eca28b3090db9466ea6320ca0f96a06a2f56750a09fb3e1f4,2024-06,Wiltshire Police,Wiltshire Police,-1.797541,51.562706,On or near Shopping Area,E01032716,Swindon 012G,Investigation complete; no suspect identified
48ff03b08689d7eae89cc8ba2e5f6462f671e89adca010eb295965d291ecca25,2024-06,Wiltshire Police,Wiltshire Police,-1.608727,51.254938,On or near Challis Court,E01031859,Wiltshire 065B,Unable to prosecute suspect
f2386751a0f248ec7a167a2997396bb870356391501bc4af6803f8359dc01896,2024-06,Wiltshire Police,Wiltshire Police,-1.730882,51.420164,On or near Supermarket,E01031863,Wiltshire 019C,Unable to prosecute suspect
ffcb6337a018b2584180ae550c3324a105d0b4d37d7d3790076786c51b0587b3,2024-06,Wiltshire Police,Wiltshire Police,-1.771881,51.561839,On or near Supermarket,E01015493,Swindon 017B,Investigation complete; no suspect identified
ea3def4170c23387b12bd88938116f33b1bfb36265083078a69830246ecda580,2024-06,Wiltshire Police,Wiltshire Police,-1.840601,51.563050,On or near Walter Close,E01015505,Swindon 018D,Unable to prosecute suspect
4586c6b1b80c2df3faf223e3acf119ece10c51f64cccb0113ef7403bd72444e5,2024-06,Wiltshire Police,Wiltshire Police,-1.792038,51.068499,On or near Nightclub,E01032023,Wiltshire 059D,Investigation complete; no suspect identified
9fd59edd91ccfea7c1ba2a5ce3cc22409102b5006aa83238af55a38d7bbe68f5,2024-06,Wiltshire Police,Wiltshire Police,-2.116878,51.457575,On or near Gladstone Road,E01031912,Wiltshire 011B,Unable to prosecute suspect
f0acfb4f29756f7854734e739b44515f6fdc5b3d14c3bff25e220aef517fb11b,2024-06,Wiltshire Police,Wiltshire Police,-1.787490,51.549497,On or near The Mall,E01032707,Swindon 021F,Action to be taken by another organisation
8aa8267df37b38de6f253ad98e805e54391f401638cb3d84d49bc24a7a7c31b4,2024-06,Wiltshire Police,Wiltshire Police,-1.814140,51.581650,On or near Parking Area,E01015581,Swindon 012D,Unable to prosecute suspect
d63b490ed75cf362d7c06b3c9ea6e1992b789dbfccf60506b63160eb95baf8db,2024-06,Wiltshire Police,Wiltshire Police,-1.777262,51.564808,On or near Salisbury Street,E01015475,Swindon 015A,Unable to prosecute suspect
3e11c26f188dfe999a688f3df1a24924a469e055d7616a873844609e9f086237,2024-06,Wiltshire Police,Wiltshire Police,-2.122348,51.414743,On or near High Street,E01031942,Wiltshire 018E,Local resolution
b9b65d0a5d5abf76ead998ce61fd4d28215e181bddcc4da71ae67c50670b67b2,2024-06,Wiltshire Police,Wiltshire Police,-1.727955,51.423717,On or near Alexandra Terrace,E01031862,Wiltshire 019B,Action to be taken by another organisation
c8e2a9dfbac1b1731c2c6ff08172d03c7806a54bd7f00584b5715f78ad477016,2024-06,Wiltshire Police,Wiltshire Police,-2.135861,51.466816,On or near Old Hardenhuish Lane,E01031919,Wiltshire 009E,Local resolution
b72fc95a08e43fef70af450a59b98c141f6be6559cd84b5f2680018e947401e6,2024-06,Wiltshire Police,Wiltshire Police,-1.768705,51.556681,On or near Bibury Road,E01015576,Swindon 017D,Unable to prosecute suspect
4d131b0d1b2bb27941d9ba526a0d6bf5365fd7ef4e866fa4337bb5c3599c0a7a,2024-06,Wiltshire Police,Wiltshire Police,-2.042116,51.439771,On or near Sports/Recreation Area,E01031904,Wiltshire 013B,Unable to prosecute suspect
6862eb04de2a34bd29af233032bea4498b21980bf451883f0fb1f190e80ec17c,2024-06,Wiltshire Police,Wiltshire Police,-1.785760,51.536986,On or near Woodland View,E01015585,Swindon 025C,Unable to prosecute suspect
61b4e3358224f7bfa80aab4c0de2c227e114785a830809ac135b577cd49a553a,2024-06,Wiltshire Police,Wiltshire Police,-2.126064,51.427516,On or near Mons Lane,E01031942,Wiltshire 018E,Investigation complete; no suspect identified
d6b880ed730b2ad8e9461af2b42f7a7587c65b923265c42206e905d0c19d74cd,2024-06,Wiltshire Police,Wiltshire Police,-1.836594,51.554053,On or near Lanhydrock Close,E01015502,Swindon 022B,Action to be taken by another organisation
f990fdc67c9c548934c5fa14f62efa53558bff71e7af3f67113c99aa765745df,2024-06,Wiltshire Police,Wiltshire Police,-1.760101,51.585616,On or near Shakespeare Path,E01015558,Swindon 005D,Unable to prosecute suspect
c6c2ef9222635cc9eb084c31a29c25cebe74938c4ddadbea3c0fa059fe9e1c7d,2024-06,Wiltshire Police,Wiltshire Police,-2.206596,51.318881,On or near Parking Area,E01032101,Wiltshire 032C,Investigation complete; no suspect identified
d4206da98274fb930dcf1ba54d28ffc25e6e8aa48e0bc7b28f8b49f55cb11bbf,2024-06,Wiltshire Police,Wiltshire Police,-1.754622,51.552310,On or near Kimberley Road,E01015542,Swindon 020E,Unable to prosecute suspect
d4206da98274fb930dcf1ba54d28ffc25e6e8aa48e0bc7b28f8b49f55cb11bbf,2024-06,Wiltshire Police,Wiltshire Police,-1.754622,51.552310,On or near Kimberley Road,E01015542,Swindon 020E,Unable to prosecute suspect
d4206da98274fb930dcf1ba54d28ffc25e6e8aa48e0bc7b28f8b49f55cb11bbf,2024-06,Wiltshire Police,Wiltshire Police,-1.754622,51.552310,On or near Kimberley Road,E01015542,Swindon 020E,Unable to prosecute suspect
26fea7b7f562e4fe60bc1e6a3c6736a8b4b7f4dc19b9a1e181b64cc671ef6902,2024-06,Wiltshire Police,Wiltshire Police,-1.758161,51.556777,On or near New College Drive,E01015573,Swindon 016C,Unable to prosecute suspect
271593af882794759e00bd22f2c6bc73ad775485ac275c3e5e831c8dd4e05681,2024-06,Wiltshire Police,Wiltshire Police,-2.143129,51.443133,On or near Acre Rise,E01031931,Wiltshire 018A,Unable to prosecute suspect
5fee7bacde761cb34cc88d163be71fe4fa9b6b4de1c6ee629c602c4d1559e97c,2024-06,Wiltshire Police,Wiltshire Police,-1.724388,51.519433,On or near Butts Road,E01015547,Swindon 008C,Unable to prosecute suspect
1dd2704c97f94d8a18c6d85178199f8ae52e951c82070ad08669424dd3a132fd,2024-06,Wiltshire Police,Wiltshire Police,-1.751080,51.577667,On or near Marshfield Way,E01015554,Swindon 009F,Unable to prosecute suspect
8bc2fdbc94eb15489d27dcbd3de8e38858f8fdfd1f3233b4f4ffb483caab420f,2024-06,Wiltshire Police,Wiltshire Police,-1.772916,51.548228,On or near Berenger Close,E01015534,Swindon 024B,Unable to prosecute suspect
f03d950b08602791f29cf0e3a47793a9b11da4880dee96eeafbda29a394334bb,2024-06,Wiltshire Police,Wiltshire Police,-1.749822,51.562244,On or near Twyford Close,E01015538,Swindon 016A,Unable to prosecute suspect
184ad3cb271305d144a175e631a04c351872beaf886fd49a4c0f288b08b1b42b,2024-06,Wiltshire Police,Wiltshire Police,-2.127411,51.384256,On or near Lincoln Green,E01032064,Wiltshire 020B,Local resolution
0d646caee51ee0c0cc74eaa6acd343af8603f76fee6cecf60a520feb9bb91255,2024-06,Wiltshire Police,Wiltshire Police,-2.254556,51.340502,On or near Southleigh,E01034532,Wiltshire 027H,Investigation complete; no suspect identified
fb2fc3dda4715f995b65e86aa8810299df3aae3e9c155c6e650178305fff6197,2024-06,Wiltshire Police,Wiltshire Police,-1.710988,51.148734,On or near Bourne View,E01032033,Wiltshire 049C,Unable to prosecute suspect
9cfb80caa14425f19b649382ec90766f6a02e86bc7d1e4bb09cec1bb43d4702c,2024-06,Wiltshire Police,Wiltshire Police,-1.783686,51.579287,On or near Pinehurst Road,E01015507,Swindon 007B,Local resolution
e48146e3e50179c4e359bcefa3c684e8da255253676536d45bd4d820fac56188,2024-06,Wiltshire Police,Wiltshire Police,-2.261349,51.315678,On or near Parking Area,E01032083,Wiltshire 037B,Unable to prosecute suspect
af60e048e2696b6ca57a087f5b72d57170b82b5febbc46f825670af0ccab9f4f,2024-06,Wiltshire Police,Wiltshire Police,-1.772375,51.564043,On or near Parking Area,E01015479,Swindon 017A,Unable to prosecute suspect
49fc19b8b4952600735bd7237e2814bd778960ef8ffef309f7e4946e49ae8eb6,2024-06,Wiltshire Police,Wiltshire Police,-2.103604,51.462228,On or near Seymour Road,E01031918,Wiltshire 011E,Unable to prosecute suspect
78a05b4283f4b2791ab30be57da001d97e8b48224415b02ff1bca396770dbc80,2024-06,Wiltshire Police,Wiltshire Police,-1.811083,51.059836,On or near Wiltshire Road,E01032008,Wiltshire 058A,Suspect charged
4f6304b3f94a5138d01a30de2c2dba085c320841f56dafef4eaed9dab2853f8a,2024-06,Wiltshire Police,Wiltshire Police,-1.774290,51.573704,On or near Edinburgh Street,E01015509,Swindon 010B,Unable to prosecute suspect
291971675d23f7d038a2de3d700de934eb7cfc891b9b6c2a93ac61b58cd28d4d,2024-06,Wiltshire Police,Wiltshire Police,-2.004814,51.442528,On or near Bishop Road,E01031895,Wiltshire 015A,Unable to prosecute suspect
51524f331dbab62079bdd3514b1387974b54aa862b335f93086619d690279f85,2024-06,Wiltshire Police,Wiltshire Police,-1.994498,51.445657,On or near The Kilns,E01031895,Wiltshire 015A,Unable to prosecute suspect
e487588ef864062908a5fe6845584239a32c4b848c13821a1eb9aa60a0f7172e,2024-06,Wiltshire Police,Wiltshire Police,-1.783965,51.073628,On or near Bourne Avenue,E01032015,Wiltshire 056B,Unable to prosecute suspect
bad516d31fae666415a656679503d901507d7a0c5d1a77b69b3a3b3fc6de4051,2024-06,Wiltshire Police,Wiltshire Police,-1.783965,51.073628,On or near Bourne Avenue,E01032015,Wiltshire 056B,Unable to prosecute suspect
d7dc17db58fabe7abcb8881f0d5ba0ae168a560a52f38a3333a248b7208d2049,2024-06,Wiltshire Police,Wiltshire Police,-2.169708,51.199745,On or near Canons Close,E01032105,Wiltshire 042B,Unable to prosecute suspect
fe3eaaefa2f3595630fbcfca80682231ce9ad126a4e875c78af361b226cb8be6,2024-06,Wiltshire Police,Wiltshire Police,-2.169708,51.199745,On or near Canons Close,E01032105,Wiltshire 042B,Unable to prosecute suspect
cb25b5e6ff2820368233eb2bdecaafa666a92663720ecf595c5f6474ee7a874b,2024-06,Wiltshire Police,Wiltshire Police,-1.785671,51.558970,On or near Commercial Road,E01015494,Swindon 019A,Suspect charged
cb25b5e6ff2820368233eb2bdecaafa666a92663720ecf595c5f6474ee7a874b,2024-06,Wiltshire Police,Wiltshire Police,-1.785671,51.558970,On or near Commercial Road,E01015494,Swindon 019A,Suspect charged
6223227ea0e8b56f729fd97a26258d216e772b74f08413bc16cc211cb0da5f91,2024-06,Wiltshire Police,Wiltshire Police,-2.004411,51.438023,On or near The Strand,E01031901,Wiltshire 016B,Unable to prosecute suspect
71f2ffb4b3eac39aaa92826653d53e6fb1669120cf98f666ad8bf7bde4314287,2024-06,Wiltshire Police,Wiltshire Police,-1.762679,51.580991,On or near Gower Close,E01015558,Swindon 005D,Further investigation is not in the public interest
152aee0c4cbd4f2fd5d6d7a385679a60a8d56cde6afe79769a265328fdd34990,2024-06,Wiltshire Police,Wiltshire Police,-2.109815,51.452997,On or near Wood Lane,E01031917,Wiltshire 011D,Investigation complete; no suspect identified
bd69161556f1ca1f300c3b0c7e8974eb72894ff4c43026a2659f3174f5015910,2024-06,Wiltshire Police,Wiltshire Police,-1.787546,51.064561,On or near Further/Higher Educational Building,E01032023,Wiltshire 059D,Unable to prosecute suspect
8d9d24265c47f233912c2358fd40be2db3fac49f775242dc8f4485536379b6c8,2024-06,Wiltshire Police,Wiltshire Police,-1.795252,51.067893,On or near Shopping Area,E01032022,Wiltshire 058C,Unable to prosecute suspect
80705ee4473205357f2b767093704c129c324e3ccc83ca43589ccde5175fd175,2024-06,Wiltshire Police,Wiltshire Police,-2.118223,51.470908,On or near Supermarket,E01031914,Wiltshire 009C,Unable to prosecute suspect
743a7ad16372236819c887bb9e7dc6cdc031223017e23769d0b6faea6dab6d9a,2024-06,Wiltshire Police,Wiltshire Police,-2.180581,51.205744,On or near Three Horseshoes Walk,E01032103,Wiltshire 044A,Unable to prosecute suspect
5804e64536fea06f811553b22daac7466f45de8705d643a59a4851cb7b734a95,2024-06,Wiltshire Police,Wiltshire Police,-2.207246,51.323052,On or near St James Gardens,E01034533,Wiltshire 031D,Unable to prosecute suspect
009de1605ed49712a43ca4e5b6b7d73ad796aa1f50dc8bed5fae946e8a19ba6e,2024-06,Wiltshire Police,Wiltshire Police,-1.729164,51.567180,On or near Pipitdene,E01015483,Swindon 013C,Unable to prosecute suspect
b7a683dbe574ed6647dbe8c0449abbbd14593043805782e30e8b2e6de7768dc4,2024-06,Wiltshire Police,Wiltshire Police,-1.743343,51.567805,On or near Northfield Way,E01015484,Swindon 013D,Unable to prosecute suspect
523ddef8129a8b9ca11441d50d21ca43f37b76685c7723af442c7804052b5ff0,2024-06,Wiltshire Police,Wiltshire Police,-1.761555,51.539367,On or near Leverton Gate,E01033847,Swindon 024E,Investigation complete; no suspect identified
29f12beda709948f4cfde38a974dedf7a53e9235603fb082026845d289ba9320,2024-06,Wiltshire Police,Wiltshire Police,-1.759142,51.548498,On or near Arundel Close,E01015533,Swindon 024A,Investigation complete; no suspect identified
25ce0f74613a6a6e32c321985a558ac6d470d214de00e7ddeabd1f71dfb06435,2024-06,Wiltshire Police,Wiltshire Police,-2.118597,51.459992,On or near Foghamshire,E01031912,Wiltshire 011B,Unable to prosecute suspect
2f593d83367ea7c1f3552f18778bb273a89fd2ffb043dead1dcd64f98c0e80e1,2024-06,Wiltshire Police,Wiltshire Police,-2.118597,51.459992,On or near Foghamshire,E01031912,Wiltshire 011B,Unable to prosecute suspect
5d69ed22d4eafc4d4605ed87814b7060d4f08b2b13454e3294107dbb8f3653be,2024-06,Wiltshire Police,Wiltshire Police,-2.126815,51.449329,On or near Milbourne Way,E01031913,Wiltshire 011C,Unable to prosecute suspect
8259b8df585f1335d05c8c9fe6568fffa23e54143f9985fc74d1bfe91f98fa29,2024-06,Wiltshire Police,Wiltshire Police,-1.994882,51.351964,On or near Wine Street,E01031854,Wiltshire 026B,Unable to prosecute suspect
fbdc5e43fc3a38c1747878452c81b9fcce4d61da2b712c5d9d61533b58785cea,2024-06,Wiltshire Police,Wiltshire Police,-1.747221,51.563084,On or near Ringwood Close,E01015538,Swindon 016A,Action to be taken by another organisation
41f7e153c5ee20e22bc0b45e9484dcfcfb9213bff215c19592f594db5215fd36,2024-06,Wiltshire Police,Wiltshire Police,-1.781619,51.555852,On or near Dover Street,E01032714,Swindon 019E,Suspect charged
41f7e153c5ee20e22bc0b45e9484dcfcfb9213bff215c19592f594db5215fd36,2024-06,Wiltshire Police,Wiltshire Police,-1.781619,51.555852,On or near Dover Street,E01032714,Swindon 019E,Suspect charged
41f7e153c5ee20e22bc0b45e9484dcfcfb9213bff215c19592f594db5215fd36,2024-06,Wiltshire Police,Wiltshire Police,-1.781619,51.555852,On or near Dover Street,E01032714,Swindon 019E,Suspect charged
c681136eccc3fcf3df333dee454d95bfad23e4906a73ff6e24e96fa67df7e5e7,2024-06,Wiltshire Police,Wiltshire Police,-1.796692,51.055073,On or near Hawksridge,E01032007,Wiltshire 059C,Unable to prosecute suspect
551fa73247400cc6e57d995c2ffb9bcc8d5cb2165d44e4adffb606cb30dae09b,2024-06,Wiltshire Police,Wiltshire Police,-1.619938,51.252628,On or near Mcevoy Gardens,E01034555,Wiltshire 065E,Unable to prosecute suspect
29ae9f9217dce43803e1fc4e2c73575f9535f71ed8d6453b8d62f610645ac13d,2024-06,Wiltshire Police,Wiltshire Police,-1.777767,51.570698,On or near Parking Area,E01015510,Swindon 010C,Investigation complete; no suspect identified
cf1fcd62300672d18577c288deb696e27eb20f9589522b02693c3a200ecf26ec,2024-06,Wiltshire Police,Wiltshire Police,-2.154867,51.199873,On or near The Dene,E01032104,Wiltshire 042A,Unable to prosecute suspect
d4e3f402867213dd0377f1eeed4df335cdfc7a73aa2c08813ae6028b771970fe,2024-06,Wiltshire Police,Wiltshire Police,-2.176653,51.058514,On or near The Turnpike,E01032010,Wiltshire 050A,Action to be taken by another organisation
49c242d127f79cd786aeaf55479b4348c6a8af72e8e4e9b3aa5799e1fc6e8a15,2024-06,Wiltshire Police,Wiltshire Police,-2.176653,51.058514,On or near The Turnpike,E01032010,Wiltshire 050A,Action to be taken by another organisation
30f05c7e456e3828da89118dca670ce1ede015159c8dbf34ddbfaf7e2f43d663,2024-06,Wiltshire Police,Wiltshire Police,-2.209014,51.248030,On or near Clay Close,E01032054,Wiltshire 039B,Unable to prosecute suspect
28c9ae5d81a6b705fe9d77575a967427accea7f66fa4d2e50e4fb0fbb7f98388,2024-06,Wiltshire Police,Wiltshire Police,-1.791313,51.067733,On or near Gigant Street,E01032022,Wiltshire 058C,Unable to prosecute suspect
995fd79691dba35c8839c59220ff2d6cb71e1a44a10e73a773377e872aa4e594,2024-06,Wiltshire Police,Wiltshire Police,-1.789957,51.561864,On or near Reading Street,E01033846,Swindon 015F,Unable to prosecute suspect
51e30620d72641b8b344253079efea6089abd5a028b8f9d1bdb84b5cde04c8b3,2024-06,Wiltshire Police,Wiltshire Police,-2.189937,51.256659,On or near Springfield Road,E01032117,Wiltshire 063D,Local resolution
4a02a5f8e65d0cc395b4aac06f2c4a548626e29708ff1abefc32671f4c42fc9f,2024-06,Wiltshire Police,Wiltshire Police,-2.194452,51.321348,On or near Barn Glebe,E01032100,Wiltshire 032B,Unable to prosecute suspect
d98c71d493a1d70c1c8ac827026310d98dc65b06acf9ac696ce88b500b61f88d,2024-06,Wiltshire Police,Wiltshire Police,-2.132261,51.456435,On or near Little Down,E01031926,Wiltshire 010F,Unable to prosecute suspect
433ea4dcde92c34592b2229cd536afba485ca50ec4f0eb0e51243aacf67e98fb,2024-06,Wiltshire Police,Wiltshire Police,-2.020045,51.362654,On or near Devizes Road,E01031846,Wiltshire 028B,Unable to prosecute suspect
494a8bf0a42b2e28ac112411e12f2aff6493bda80e427a4da145c53af92bc05f,2024-06,Wiltshire Police,Wiltshire Police,-1.666441,51.239776,On or near Bayeux Mews,E01031879,Wiltshire 066A,Unable to prosecute suspect
5366698e5a3ba0a41e408b7581b1234da6ff60fed551692b4bd4723c261aeb25,2024-06,Wiltshire Police,Wiltshire Police,-2.180560,51.423228,On or near Prospect,E01031931,Wiltshire 018A,Unable to prosecute suspect
6b822739f4ad4b525f561a0119d486f64c9d604ce7d429cd2a7a753ee0e19839,2024-06,Wiltshire Police,Wiltshire Police,-2.186077,51.435897,On or near Ivy Field,E01031952,Wiltshire 018F,Unable to prosecute suspect
6b822739f4ad4b525f561a0119d486f64c9d604ce7d429cd2a7a753ee0e19839,2024-06,Wiltshire Police,Wiltshire Police,-2.186077,51.435897,On or near Ivy Field,E01031952,Wiltshire 018F,Unable to prosecute suspect
6b822739f4ad4b525f561a0119d486f64c9d604ce7d429cd2a7a753ee0e19839,2024-06,Wiltshire Police,Wiltshire Police,-2.186077,51.435897,On or near Ivy Field,E01031952,Wiltshire 018F,Unable to prosecute suspect
6b822739f4ad4b525f561a0119d486f64c9d604ce7d429cd2a7a753ee0e19839,2024-06,Wiltshire Police,Wiltshire Police,-2.186077,51.435897,On or near Ivy Field,E01031952,Wiltshire 018F,Unable to prosecute suspect
6155645a0ff00cb95388d5f6f181f6750fe03d2ae0827a3e0aa2442505d33f3c,2024-06,Wiltshire Police,Wiltshire Police,-1.770509,51.576502,On or near Athena Avenue,E01015509,Swindon 010B,Investigation complete; no suspect identified
3efe525a6fb21840695a2b433efd50bab72921b83457e6988d69f8ea854d819e,2024-06,Wiltshire Police,Wiltshire Police,-1.731447,51.544463,On or near Sedgebrook,E01015489,Swindon 023C,Investigation complete; no suspect identified
9d2aa47cb95f6a2ebf364c85f313e1f3337df44b40c221507c6c72d93d0f9ab0,2024-06,Wiltshire Police,Wiltshire Police,-1.798516,51.068744,On or near Bridge Street,E01032022,Wiltshire 058C,Investigation complete; no suspect identified
5eaf2054e305814ef1706c134777a2f4add49c131d5b3ee1d7ef3f74787f8f66,2024-06,Wiltshire Police,Wiltshire Police,-2.131898,51.375727,On or near Hampshire Place,E01032062,Wiltshire 022A,Unable to prosecute suspect
3d12aa974dad498127344fece12c7530cfb89e4c5abc0c6f42ed3da98133a337,2024-06,Wiltshire Police,Wiltshire Police,-2.004814,51.442528,On or near Bishop Road,E01031895,Wiltshire 015A,Unable to prosecute suspect
bdc5b9ee8f05960f52db466626e3472bfe0746a5ef440effd97200d1692ede6d,2024-06,Wiltshire Police,Wiltshire Police,-2.190703,51.417142,On or near Rea Road,E01031941,Wiltshire 018D,Unable to prosecute suspect
de61710aaef5567dd7dfb3ba6e680f1ab24073d1b1240d233c2ad9b132a36835,2024-06,Wiltshire Police,Wiltshire Police,-1.759746,51.565268,On or near Sackville Close,E01015575,Swindon 016D,Local resolution
837854cb47c298d5676d382423b25cef167b4c6fcc99ef2bf4eda75dcc8dfcd7,2024-06,Wiltshire Police,Wiltshire Police,-2.202455,51.248635,On or near Suffolk Road,E01032694,Wiltshire 064D,Unable to prosecute suspect
4b2ac70b757aefef6f343bb2dee0053816317391c0e16f021ba4a533396dd3b1,2024-06,Wiltshire Police,Wiltshire Police,-1.622989,51.258033,On or near Castle Street,E01031859,Wiltshire 065B,Unable to prosecute suspect
4919a7c18a075be38ffbd49a0c7e0d4c3aa5acfb25bc6a59fed22d408b4f5861,2024-06,Wiltshire Police,Wiltshire Police,-1.841963,51.548908,On or near Godolphin Close,E01015503,Swindon 022C,Unable to prosecute suspect
d7256a78485adeb861aba9c6b78de4f327bcc8ab518050eb4b275148aace01b5,2024-06,Wiltshire Police,Wiltshire Police,-1.821276,51.602233,On or near Birkdale Close,E01032712,Swindon 027E,Unable to prosecute suspect
6aa7e5b6ad8a986a26332cf044292cb52a94bda078364fd69409c8335e51aab2,2024-06,Wiltshire Police,Wiltshire Police,-1.821276,51.602233,On or near Birkdale Close,E01032712,Swindon 027E,Unable to prosecute suspect
699d211e1d9b208cb68cafce9e649bd2de6bf1509f93faee171664ae962c213d,2024-06,Wiltshire Police,Wiltshire Police,-2.080791,51.063656,On or near The Causeway,E01032030,Wiltshire 061C,Unable to prosecute suspect
699d211e1d9b208cb68cafce9e649bd2de6bf1509f93faee171664ae962c213d,2024-06,Wiltshire Police,Wiltshire Police,-2.080791,51.063656,On or near The Causeway,E01032030,Wiltshire 061C,Unable to prosecute suspect
3543ddf8281b542a6a7928b34c2936f089fd9efea3af3dfcc9a36bbff2fc5523,2024-06,Wiltshire Police,Wiltshire Police,-1.785671,51.558970,On or near Commercial Road,E01015494,Swindon 019A,Suspect charged
728b1c0deeff9ed4d2cf59e55a6cebcfb4bdf7df2b8e64568fedd7eea6f2e09c,2024-06,Wiltshire Police,Wiltshire Police,-1.763002,51.560581,On or near Seymour Road,E01015573,Swindon 016C,Unable to prosecute suspect
581dfb59c80216792ab1fc87e208bab361e7dc9cfe1337f575a8276d3c33cf14,2024-06,Wiltshire Police,Wiltshire Police,-1.841963,51.548908,On or near Godolphin Close,E01015503,Swindon 022C,Unable to prosecute suspect
c577c0d316c12fc408ba7a0e13ac0094b81da62aa4a6d85665a38dbda587448e,2024-06,Wiltshire Police,Wiltshire Police,-2.319108,51.461218,On or near Weir Lane,E01014869,South Gloucestershire 024B,Unable to prosecute suspect
04593a03fe2fe3efdae9ffa616e9ff0cb94177b15ce781dbea00c284fabd8704,2024-06,Wiltshire Police,Wiltshire Police,-1.776131,51.571864,On or near Parking Area,E01015510,Swindon 010C,Unable to prosecute suspect
5c2110542d4fffa1897a1ceb94c02f9c23a0cbdacc7586f827eda6e8af198c6e,2024-06,Wiltshire Police,Wiltshire Police,-1.786766,51.571623,On or near Rayfield Grove,E01015582,Swindon 012E,Local resolution
e0b82d76a5913e15acec869e4601635013eb0fe75e1691f23ccec87c117fddb4,2024-06,Wiltshire Police,Wiltshire Police,-1.803456,51.579349,On or near Manor Crescent,E01015530,Swindon 006D,Unable to prosecute suspect
577477262a8fc243226d2c968ecc0373e168634ca989376a278b28621a61f086,2024-06,Wiltshire Police,Wiltshire Police,-1.990962,51.347882,On or near Southgate Close,E01031855,Wiltshire 026C,Further action is not in the public interest
cf17937997f401bac368f7acc3b93617ba109d0b279415b5b031156736a3568f,2024-06,Wiltshire Police,Wiltshire Police,-1.756146,51.563921,On or near Dalton Close,E01015572,Swindon 016B,Investigation complete; no suspect identified
a4c5808a7dea374ecf753da47cc2858c3acb1d261743d00ef3209253ee0b3c8f,2024-06,Wiltshire Police,Wiltshire Police,-1.789755,51.577419,On or near Tedder Close,E01015580,Swindon 007D,Local resolution
402471c555ff3db0fe814b351fa38038fcbfbd9710e362d7442bc9b4804aeec9,2024-06,Wiltshire Police,Wiltshire Police,-1.788233,51.526120,On or near Wainwright Mews,E01015585,Swindon 025C,Unable to prosecute suspect
82dea92942218103ad647c92833e26f2c6d31eeb4e037bfbe26760ca9682bdfb,2024-06,Wiltshire Police,Wiltshire Police,-1.809414,51.579970,On or near Beaney View,E01015530,Swindon 006D,Local resolution
b49030c84198fc1c0a1fe03cd03e0fab61ca74d7f0be1c80ed68f0c7bdb1135d,2024-06,Wiltshire Police,Wiltshire Police,-1.761879,51.562845,On or near Douglas Road,E01015575,Swindon 016D,Unable to prosecute suspect
680d6077e354b006bae8492992d94f2f744b8d9faeab60f67b9a9f7b60288c7f,2024-06,Wiltshire Police,Wiltshire Police,-2.207108,51.337026,On or near Blackthorn Way,E01032078,Wiltshire 030B,Investigation complete; no suspect identified
8092a412e8bf206a2ec8d8af1033c641420e9ba2207b8fee444a7c88f724fe99,2024-06,Wiltshire Police,Wiltshire Police,-2.193545,51.354727,On or near Station Road,E01032058,Wiltshire 023A,Investigation complete; no suspect identified
c5a4422af8f6e3eb4a1d485ee43d1e729abb36591c8383c546f9cae808b28568,2024-06,Wiltshire Police,Wiltshire Police,-1.621864,51.255350,On or near Station Approach,E01031859,Wiltshire 065B,Unable to prosecute suspect
a1d041248733970bfcbaf6869942ba2b17b15c850ff4f29ba4658954f4caf313,2024-06,Wiltshire Police,Wiltshire Police,-1.778273,51.555738,On or near Victoria Road,E01032715,Swindon 019F,Investigation complete; no suspect identified
c043f5392d70050733c81ce4d31d87e114ba2dfff9056256363803c27e7d5846,2024-06,Wiltshire Police,Wiltshire Police,-1.785350,51.563016,On or near Nightclub,E01033845,Swindon 015E,Investigation complete; no suspect identified
2b8eab40922c3f8cb78a2d049b98070c96567d23d16df503fe7a91f150af45e6,2024-06,Wiltshire Police,Wiltshire Police,-1.962074,51.364987,On or near Horse Leaze,E01034539,Wiltshire 034F,Unable to prosecute suspect
37f5fdfa1d1b2547901fcac33bccf5ef441e135553775f18af11930f1c30771f,2024-06,Wiltshire Police,Wiltshire Police,-1.662191,51.235313,On or near Supermarket,E01034557,Wiltshire 066D,Suspect charged
d2a643f2b12a8f49ad9d1b766292d99212e68423b8410d821f97f2b2c0064320,2024-06,Wiltshire Police,Wiltshire Police,-2.127616,51.457645,On or near Palmer Street,E01031911,Wiltshire 011A,Unable to prosecute suspect
56e3fde41b7b5cad162991ab8ab46b983aa0e24e3756a64d9df8610a080c5bca,2024-06,Wiltshire Police,Wiltshire Police,-1.803885,51.603671,On or near Dovedale,E01015471,Swindon 028A,Local resolution
4187c0b339dce90b7d6cb9491175fb39b8f94e2ea7ca4e1d723e79829d31fd8e,2024-06,Wiltshire Police,Wiltshire Police,-1.829950,51.579947,On or near Sparcells Drive,E01015562,Swindon 011A,Action to be taken by another organisation
426cef8b98f428afa7e7c12afba574ffb622cb1da5d58743063df7c8d1874cfd,2024-06,Wiltshire Police,Wiltshire Police,-1.812035,51.602219,On or near Eastbury Way,E01032711,Swindon 027D,Unable to prosecute suspect
62b6894645561034434a20ab6adbaf401f03313fd41962eb81f9648327c51cd0,2024-06,Wiltshire Police,Wiltshire Police,-2.118745,51.461611,On or near New Road,E01031912,Wiltshire 011B,Unable to prosecute suspect
1cf0a6bfe799eac8e65ab02b013554af808756bed2eb4d759ff17d35c2b1a132,2024-06,Wiltshire Police,Wiltshire Police,-1.785276,51.581664,On or near Limes Avenue,E01015507,Swindon 007B,Local resolution
fe91b24c464b5dca4b2adb83f87944475d916f538a519d3d9e73031ccb1eae93,2024-06,Wiltshire Police,Wiltshire Police,-2.210130,51.304119,On or near Clydesdale Close,E01032092,Wiltshire 035A,Unable to prosecute suspect
45e7840561f9683f1a4990badf5815cc1401e3d121b935cd65782eeb17e88360,2024-06,Wiltshire Police,Wiltshire Police,-2.208557,51.305318,On or near Liddington Way,E01032092,Wiltshire 035A,Unable to prosecute suspect
3b1d13ceb5bf55629321daee6819b8791c4b964bdd9251ca157a16af6a97c1eb,2024-06,Wiltshire Police,Wiltshire Police,-2.137612,51.446044,On or near Saltersford Lane,E01031931,Wiltshire 018A,Investigation complete; no suspect identified
72b65d7a169e6decf680c82652da05609650aded6c63461dfe1997e14e9d70b0,2024-06,Wiltshire Police,Wiltshire Police,-1.770509,51.576502,On or near Athena Avenue,E01015509,Swindon 010B,Investigation complete; no suspect identified
7dff9028c37325c07f7025271b777803f19a817d89b2f068b04a1fd5869189ed,2024-06,Wiltshire Police,Wiltshire Police,-1.732247,51.540851,On or near Sheldon Street,E01033849,Swindon 025G,Investigation complete; no suspect identified
3419f36810bd628d6f8c424ded0ba886281b5ee2814435d2f075e081f56f6fa1,2024-06,Wiltshire Police,Wiltshire Police,-1.901831,51.533445,On or near Dunnington Road,E01031968,Wiltshire 007H,Unable to prosecute suspect
d65837d985fcefec8bcd6de74006c6c53f4a11bdb91aed7f2e0437034b73b8b0,2024-06,Wiltshire Police,Wiltshire Police,-2.124615,51.455284,On or near St Josephs Drive,E01031913,Wiltshire 011C,Unable to prosecute suspect
2959a4753c2a64931daeb69e2ed17548c2df350927679dd3b5701d71e2354342,2024-06,Wiltshire Police,Wiltshire Police,-1.791302,51.066987,On or near Waverley Place,E01032023,Wiltshire 059D,Investigation complete; no suspect identified
bb8bf4684048fa212801682ce167e69bb1a91a2b1d6742b10432f0544fb75195,2024-06,Wiltshire Police,Wiltshire Police,-1.772375,51.564043,On or near Parking Area,E01015479,Swindon 017A,Local resolution
3bce3dc6280761606001b9251f17e2e3e5b896673352ab6092b702025ae2f489,2024-06,Wiltshire Police,Wiltshire Police,-1.798637,51.598834,On or near March Close,E01015518,Swindon 028D,Investigation complete; no suspect identified
5dd01bc193b764e9231b0a28d56556ba49233c0b17dd958959b5becf4a73470f,2024-06,Wiltshire Police,Wiltshire Police,-1.841715,51.065043,On or near Netherhampton Road,E01032000,Wiltshire 057A,Unable to prosecute suspect
c93f3841fcd1609b0b6857a3a0ee4e7d2f36338875b6ac47ae181598e885ceab,2024-06,Wiltshire Police,Wiltshire Police,-1.791090,51.066645,On or near Love Lane,E01032023,Wiltshire 059D,Suspect charged
c93f3841fcd1609b0b6857a3a0ee4e7d2f36338875b6ac47ae181598e885ceab,2024-06,Wiltshire Police,Wiltshire Police,-1.791090,51.066645,On or near Love Lane,E01032023,Wiltshire 059D,Suspect charged
6cb77bb1b1b57169d7ce653fae04c2287fb74223780b92796592de19cf16285c,2024-06,Wiltshire Police,Wiltshire Police,-1.783255,51.563641,On or near Bus/Coach Station,E01015475,Swindon 015A,Unable to prosecute suspect
7e72da4953a9617dd2302d88f788f0dc167b8c3c8cc6caef408c4ad406ba5af3,2024-06,Wiltshire Police,Wiltshire Police,-1.794682,51.579433,On or near Elm Road,E01015527,Swindon 007C,Unable to prosecute suspect
b3f2750fb9219e247f866acad1ddfd767fa179a6943657941cd2117a9cacb1bf,2024-06,Wiltshire Police,Wiltshire Police,-2.146281,51.376150,On or near Supermarket,E01032062,Wiltshire 022A,Unable to prosecute suspect
cba5fd4ed03821ae3dfffedbdb1b5d79caf7f3527e795f09cf2213410613e8ae,2024-06,Wiltshire Police,Wiltshire Police,-1.793411,51.067791,On or near Parking Area,E01032023,Wiltshire 059D,Investigation complete; no suspect identified
28af3d3ff25972217dfa5dcb6a4b73fe1f86379d03b24e6faf6760add35b1ce0,2024-06,Wiltshire Police,Wiltshire Police,-2.172517,51.204623,On or near Imberwood Close,E01032103,Wiltshire 044A,Action to be taken by another organisation
3d20ac4ad93ccdc327ca2af08812bb20e58ffdd3d06869d77c85be35ef52ffe9,2024-06,Wiltshire Police,Wiltshire Police,-1.807605,51.196698,On or near The Packway,E01034543,Wiltshire 045H,Unable to prosecute suspect
aaa959f87f85fc1c23c852c0e48885c1b8f4d6159c544b31a1efbe4f96603d51,2024-06,Wiltshire Police,Wiltshire Police,-1.749656,51.553153,On or near Royston Road,E01015541,Swindon 020D,Action to be taken by another organisation
6b0f0143bb4a9dc9337ca596acf0b28d2b6673eef6f72b35010468a4ab1a08b5,2024-06,Wiltshire Police,Wiltshire Police,-1.832488,51.556807,On or near Hexham Close,E01015569,Swindon 022D,Local resolution
825086d301739827ecf676366aab2093424feb83ced8b07b200da831cd3f2df1,2024-06,Wiltshire Police,Wiltshire Police,-2.040241,51.283342,On or near Victoria Park,E01031848,Wiltshire 028C,Unable to prosecute suspect
b7c7b201c7522a1502c652db6c6daa4b05710f98c16677b1d52fb648d45a1abe,2024-06,Wiltshire Police,Wiltshire Police,-1.887757,51.535042,On or near Country Park Way,E01031966,Wiltshire 007G,Unable to prosecute suspect
b7c7b201c7522a1502c652db6c6daa4b05710f98c16677b1d52fb648d45a1abe,2024-06,Wiltshire Police,Wiltshire Police,-1.887757,51.535042,On or near Country Park Way,E01031966,Wiltshire 007G,Unable to prosecute suspect
b7c7b201c7522a1502c652db6c6daa4b05710f98c16677b1d52fb648d45a1abe,2024-06,Wiltshire Police,Wiltshire Police,-1.887757,51.535042,On or near Country Park Way,E01031966,Wiltshire 007G,Unable to prosecute suspect
fc76ebb83e4876e0d5a6f2f028518eb5114367a04253fb17d4281ee61350bfca,2024-06,Wiltshire Police,Wiltshire Police,-2.132548,51.471064,On or near Hardenhuish Lane,E01031907,Wiltshire 009A,Action to be taken by another organisation
f2d2ba47e1c7bf02131009231f369c71963ab7225588c9ad3fdd0f7448194954,2024-06,Wiltshire Police,Wiltshire Police,-1.731738,51.418754,On or near Figgins Lane,E01031863,Wiltshire 019C,Unable to prosecute suspect
fd5e402612745f7856f79059db0dd7844840daa2847c33a53b78f17a9fecafa4,2024-06,Wiltshire Police,Wiltshire Police,-1.974931,51.360936,On or near Le Marchant Close,E01032693,Wiltshire 025H,Unable to prosecute suspect
9718f84f081d5ec0ddf8e7af7ac3836131c4a3fab0047fd08faaa3dcbf13389b,2024-06,Wiltshire Police,Wiltshire Police,-2.208256,51.321126,On or near Fore Street,E01034534,Wiltshire 031E,Unable to prosecute suspect
42898b7b674d49266192ab5d37d2dd56f02d2308c196e286f4de35011fbb7f26,2024-06,Wiltshire Police,Wiltshire Police,-1.625074,51.251817,On or near Johnson Way,E01034553,Wiltshire 065C,Local resolution
729b201e06e712f60afeb7b068492de956cbc4ad6859d0ec6008cac2a9a78ed9,2024-06,Wiltshire Police,Wiltshire Police,-1.809358,51.059072,On or near Sports/Recreation Area,E01032008,Wiltshire 058A,Unable to prosecute suspect
720e16258b7ea491c592a1dcaec57b18e97e232e452eb071ca22a214c65e5b65,2024-06,Wiltshire Police,Wiltshire Police,-1.798516,51.068744,On or near Bridge Street,E01032022,Wiltshire 058C,Investigation complete; no suspect identified
c74e525937581a2c66ce797c997cbda01d9a672e67d78bb029f2c8e49d2400cd,2024-06,Wiltshire Police,Wiltshire Police,-1.791903,51.552579,On or near Bowood Road,E01015498,Swindon 021B,Unable to prosecute suspect
9aac4d7114a091db280e970d9fbd05ddb4b33eed080cc7774600b3e7dcb3d71e,2024-06,Wiltshire Police,Wiltshire Police,-1.762927,51.176717,On or near Supermarket,E01034544,Wiltshire 048G,Unable to prosecute suspect
f6525a61be0bc8b3932218ac82f0e0eafc30c5b9babe4f59b0b7711b93bdde56,2024-06,Wiltshire Police,Wiltshire Police,-1.788520,51.579233,On or near Wavell Road,E01015580,Swindon 007D,Unable to prosecute suspect
a8a0988f2092c3321601774e591f7fd4266d6cb6e48970304551d58a7ffbeb81,2024-06,Wiltshire Police,Wiltshire Police,-1.756022,51.560279,On or near Burghley Close,E01015572,Swindon 016B,Action to be taken by another organisation
389a6e70e83b86eaafc8c9319025268beaf7b02fc908140ba3fa526b5250fed9,2024-06,Wiltshire Police,Wiltshire Police,-1.803525,51.082447,On or near Hudson Road,E01032019,Wiltshire 053B,Unable to prosecute suspect
551134bc27ee0abfccb27311f2340377d2ea2fa37d56b7bd6dbdf98b81b50989,2024-06,Wiltshire Police,Wiltshire Police,-1.794682,51.579433,On or near Elm Road,E01015527,Swindon 007C,Unable to prosecute suspect
19bd244b30b730bc0e5f2e03398508757875bcb538f30d0107e36d9616a62650,2024-06,Wiltshire Police,Wiltshire Police,-1.794682,51.579433,On or near Elm Road,E01015527,Swindon 007C,Unable to prosecute suspect
f772a9f12a7ed7609c050dc4748196bd85bc3dcb706491fd14b3eeb5693622aa,2024-06,Wiltshire Police,Wiltshire Police,-1.617905,51.257522,On or near Recreation Road,E01031859,Wiltshire 065B,Unable to prosecute suspect
93053176cfe1e718bf8181808308b8ccf2250811be8e7be8244be715d6d34735,2024-06,Wiltshire Police,Wiltshire Police,-2.170811,51.072299,On or near The Street,E01032010,Wiltshire 050A,Unable to prosecute suspect
344d0797e6c812309b0ff941feb430dc02764642427023aa685a8ffb3fdf21e6,2024-06,Wiltshire Police,Wiltshire Police,-1.891856,51.545197,On or near Byron Avenue,E01031964,Wiltshire 006B,Unable to prosecute suspect
3694c88aafd987ebc086706313659d0e71b18846cc1801bf99ebaf463d6570e4,2024-06,Wiltshire Police,Wiltshire Police,-1.708835,51.635159,On or near Turnpike Road,E01015519,Swindon 001A,Unable to prosecute suspect
68c592fd3091f507b27b4d87ffd50e0316fc9aa4079126d1ab42c7f7c865450a,2024-06,Wiltshire Police,Wiltshire Police,-1.708835,51.635159,On or near Turnpike Road,E01015519,Swindon 001A,Unable to prosecute suspect
cb8720782b729c55a81315e76e7803ec4f6197b6b24aaded63608a72bf2e8347,2024-06,Wiltshire Police,Wiltshire Police,-1.778273,51.555738,On or near Victoria Road,E01032715,Swindon 019F,Investigation complete; no suspect identified
2599b0617969b74c985d59ae39dbe501f27ecc39be9074a576665c1768a3fdff,2024-06,Wiltshire Police,Wiltshire Police,-1.780712,51.564473,On or near Lagos Street,E01015475,Swindon 015A,Investigation complete; no suspect identified
5a9e4061efcf00c538ad6c9d7d9a30f220fd6679cc9cdb9376574870c5375dc3,2024-06,Wiltshire Police,Wiltshire Police,-1.792340,51.529508,On or near Inverary Road,E01015584,Swindon 025B,Investigation complete; no suspect identified
ae2c31a6134d5e977c496832a375a7c17ccbf8ae71bd59327f16c79bf207dd14,2024-06,Wiltshire Police,Wiltshire Police,-2.006987,51.444686,On or near The Gardens,E01032691,Wiltshire 015G,Unable to prosecute suspect
2ee267fb9cbe83c7d604e4f71f07c917d32f543afefeaf229a152d5363a0ec0a,2024-06,Wiltshire Police,Wiltshire Police,-2.123848,51.373973,On or near Chiltern Close,E01032073,Wiltshire 020D,Unable to prosecute suspect
bde531ae762474b5692e3c853ebf90b27fde8fb01ba355a5c4b46a8593b479d3,2024-06,Wiltshire Police,Wiltshire Police,-2.203185,51.313366,On or near Carders Corner,E01032093,Wiltshire 035B,Unable to prosecute suspect
145acbb2f2a2aa080a5769762cd9089858e1e2934643d255949cee2b9d739a39,2024-06,Wiltshire Police,Wiltshire Police,-1.752059,51.583370,On or near Hobley Drive,E01015552,Swindon 009D,Investigation complete; no suspect identified
95d3016fa792c7bdf9184950c2c6fed6ac2653c23278e3ddb7e3cd22edff6b02,2024-06,Wiltshire Police,Wiltshire Police,-1.789526,51.068566,On or near Rampart Road,E01032022,Wiltshire 058C,Unable to prosecute suspect
626c36d2e39ca0480c8eec3d789678cef15a96685aadea5e149289f6994d5f2c,2024-06,Wiltshire Police,Wiltshire Police,-1.797245,51.068913,On or near St Thomas Square,E01032022,Wiltshire 058C,Unable to prosecute suspect
7e24e154bfa1810bbe503b4f7ac2d148a568cef46f3fa7fe13411e098eeb8b9e,2024-06,Wiltshire Police,Wiltshire Police,-1.762927,51.176717,On or near Supermarket,E01034544,Wiltshire 048G,Suspect charged
76aad7d9cdae9f9f5cf1918e59bd8226e1d764dbac2515ab89577b9499d7ec9b,2024-06,Wiltshire Police,Wiltshire Police,-1.792610,51.558848,On or near Lorne Street,E01033846,Swindon 015F,Action to be taken by another organisation
246e94d00941f49a3eeafac69ec39296fdce6f39f6848aae02e7dcf597d7bc42,2024-06,Wiltshire Police,Wiltshire Police,-1.792610,51.558848,On or near Lorne Street,E01033846,Swindon 015F,Action to be taken by another organisation
02efe094729bb9055605ba0eaf1aee7eb36e75739793ea4727488e8fd1b4b74d,2024-06,Wiltshire Police,Wiltshire Police,-1.596906,51.500470,On or near Baydon Road,E01031873,Wiltshire 012C,Unable to prosecute suspect
0d33aaec97e5b6feb345a5545694a36d4def77d6592f3e63fca6b1c50c0ad06b,2024-06,Wiltshire Police,Wiltshire Police,-2.122072,51.386653,On or near Woodrow Road,E01034528,Wiltshire 021G,Unable to prosecute suspect
0ff0829188727f64c6aab74af681b158f3e413d4d13463996486eb41c1e4f6cb,2024-06,Wiltshire Police,Wiltshire Police,-1.889207,51.119724,On or near Manor Farm Lane,E01032013,Wiltshire 049A,Action to be taken by another organisation
57b8db576ec9895eb9c2d0c788c12acac58e3bbfd9e1d3537b90b2a7e6a9e8b1,2024-06,Wiltshire Police,Wiltshire Police,-2.003102,51.439588,On or near Supermarket,E01031896,Wiltshire 015B,Unable to prosecute suspect
c1e0ae791a91d7543a1ab189e27df8a83004d0d081f1075afe4c7c7b93e43bf6,2024-06,Wiltshire Police,Wiltshire Police,-2.180219,51.204710,On or near Market Place,E01032103,Wiltshire 044A,Unable to prosecute suspect
8c0a3c3061628d4acdbb7f71b69999233077ed0fb6a3d8b1ebe17ff0fabf5936,2024-06,Wiltshire Police,Wiltshire Police,-1.818370,51.552471,On or near Speresholt,E01015571,Swindon 022F,Action to be taken by another organisation
2db8c2f6b267203f31fcd45047b45eddc163c30f96269d66c5876d0a7237e43e,2024-06,Wiltshire Police,Wiltshire Police,-1.966409,51.506714,On or near Church End Close,E01032699,Wiltshire 007I,Investigation complete; no suspect identified
a90d8bb282792313e760f418c4be5fbfed15a7cd061a490d6b6ec000476e24a9,2024-06,Wiltshire Police,Wiltshire Police,-1.767870,51.561993,On or near Munro Close,E01015574,Swindon 017C,Action to be taken by another organisation
e9947c8134dd96649f3ef74cd5d53d739d5364ee3ee0cf5804ea4c599f956473,2024-06,Wiltshire Police,Wiltshire Police,-1.631997,51.251533,On or near Hill Road,E01034553,Wiltshire 065C,Action to be taken by another organisation
bbedd92b2881b0a89ca893435499b2fd20d3f1030855086fa842453277b08909,2024-06,Wiltshire Police,Wiltshire Police,-2.112524,51.471822,On or near Heathfield,E01031914,Wiltshire 009C,Investigation complete; no suspect identified
bba36ab8ee479c3f6349ce2802433114e24670a1dbd3ecfc49fc43cf7d58f8d1,2024-06,Wiltshire Police,Wiltshire Police,-1.809349,51.072098,On or near Fountain Way,E01032003,Wiltshire 055C,Unable to prosecute suspect
4de3d60c842af4fdd3106b92db44c20344948cb11bd6b530cf878198cb649846,2024-06,Wiltshire Police,Wiltshire Police,-2.046109,51.158550,On or near Cherry Orchard,E01032075,Wiltshire 047B,Action to be taken by another organisation
ce9d7ae8e6d0db3b00b050ed06dbf0342bb639a0df206099c042ebc7ade6fdc7,2024-06,Wiltshire Police,Wiltshire Police,-1.818370,51.552471,On or near Speresholt,E01015571,Swindon 022F,Action to be taken by another organisation
18811b333d61caf9d21af931e47d97b00ce764c7769388b8e1906ef723065da5,2024-06,Wiltshire Police,Wiltshire Police,-2.114852,51.458611,On or near Chapel Lane,E01031912,Wiltshire 011B,Unable to prosecute suspect
4c2d8aa42d0960c40d3f6fad549ee166b2d5b06829f62c6eb8cdd30aa77e9ffa,2024-06,Wiltshire Police,Wiltshire Police,-2.205220,51.341723,On or near Littlebrook,E01032078,Wiltshire 030B,Unable to prosecute suspect
e6d5473c4fbd55daa1be9052ebc293ae27cff2c7fb2d701d5644dd92b0bfce9a,2024-06,Wiltshire Police,Wiltshire Police,-1.780517,51.171896,On or near Salisbury Street,E01031979,Wiltshire 048F,Offender given a caution
c3119da8028df20023495e9b5043a15a567013d714b4482f0c2794d351fe3520,2024-06,Wiltshire Police,Wiltshire Police,-1.782102,51.172474,On or near Abbey Lane,E01031979,Wiltshire 048F,Offender given a caution
69d8d1745e645b96b6dde0089a0c60986f7fa195ab5a1238f3227ace3d964bff,2024-06,Wiltshire Police,Wiltshire Police,-1.514023,51.351497,On or near Downs Lane,E01031877,Wiltshire 029D,Unable to prosecute suspect
4c3aa824810b366a645db55894808e5ad2504571309d9acf795a169872d5ca82,2024-06,Wiltshire Police,Wiltshire Police,-1.816668,51.559472,On or near Welton Road,E01015568,Swindon 014D,Investigation complete; no suspect identified
575f480653bb9da5c79ade0db63159deac2255274d4247422fb33a29d617054b,2024-06,Wiltshire Police,Wiltshire Police,-2.117080,51.463276,On or near Old Road,E01031912,Wiltshire 011B,Investigation complete; no suspect identified
c4a19742a4f5a2d8b1267e7377371fc0903ee45452c16935fa444d7e07a16129,2024-06,Wiltshire Police,Wiltshire Police,-2.207533,51.304115,On or near Alderton Way,E01032092,Wiltshire 035A,Investigation complete; no suspect identified
22758fa177681b6fc2e6c0b74e51a363e8f6b9baecc7b1546cc2583ab0698593,2024-06,Wiltshire Police,Wiltshire Police,-1.782495,51.565735,On or near Alexandra Road,E01033845,Swindon 015E,Unable to prosecute suspect
22758fa177681b6fc2e6c0b74e51a363e8f6b9baecc7b1546cc2583ab0698593,2024-06,Wiltshire Police,Wiltshire Police,-1.782495,51.565735,On or near Alexandra Road,E01033845,Swindon 015E,Unable to prosecute suspect
bcf1d2cb4c13083eac6b33b4d5d2d95cb7a6fe4539bba50761c21c9556d62953,2024-06,Wiltshire Police,Wiltshire Police,-1.781938,51.594776,On or near Hilmarton Avenue,E01015545,Swindon 003C,Further investigation is not in the public interest
aaf388052230abd52df5d263d3f69ead19ccbfabf41bd4922e0195d344096b93,2024-06,Wiltshire Police,Wiltshire Police,-1.816891,51.554276,On or near Markenfield,E01015568,Swindon 014D,Investigation complete; no suspect identified
53651b45a3b380a3c2757a99ccaf7770eae04c9422ee4cd6f8dddf3f265e2f6d,2024-06,Wiltshire Police,Wiltshire Police,-2.191007,51.431348,On or near Erneston Crescent,E01031931,Wiltshire 018A,Unable to prosecute suspect
237b9bd27288dd514c3179c3f4eb22f76033a3380e8589e99253f01221daa24c,2024-06,Wiltshire Police,Wiltshire Police,-1.787055,51.559314,On or near Parking Area,E01015494,Swindon 019A,Unable to prosecute suspect
126b526987d3e7f1dd30385b5f03938b83e77fd8fd0ad9dbdea1d9fa1ea78045,2024-06,Wiltshire Police,Wiltshire Police,-1.998613,51.441449,On or near Honey Garston,E01031895,Wiltshire 015A,Action to be taken by another organisation
b48b9fcf53615c91e5399abcf5d3b449f49aa227583dfa94f86edadfac230e30,2024-06,Wiltshire Police,Wiltshire Police,-1.798516,51.068744,On or near Bridge Street,E01032022,Wiltshire 058C,Unable to prosecute suspect
1df05a9311d7173077f405c0868e0107ac74284e21c6d5eed15a76c746e1e64b,2024-06,Wiltshire Police,Wiltshire Police,-1.770754,51.176328,On or near Shopping Area,E01031974,Wiltshire 048A,Investigation complete; no suspect identified
8e7aca3197a73610a4394dba31ea6f00694b90d8b62cabb1f936d578381a993d,2024-06,Wiltshire Police,Wiltshire Police,-1.778701,51.171658,On or near Parking Area,E01031979,Wiltshire 048F,Investigation complete; no suspect identified
2fc54d2df8b41067cc581f286fb5a4fea1cf862a961e5e3576562dcd2a11cbd1,2024-06,Wiltshire Police,Wiltshire Police,-1.811799,51.582383,On or near Bates Way,E01015528,Swindon 006B,Action to be taken by another organisation
0c17cf5c7c2f1f1d4618ea8573c83c220c2877f484aa5e88c5d8e5897e090b63,2024-06,Wiltshire Police,Wiltshire Police,-1.798516,51.068744,On or near Bridge Street,E01032022,Wiltshire 058C,Unable to prosecute suspect
5caae120d66c592c4a1038f8d0a036cf5a719e5d8adb4883bd9513e70bc5b333,2024-06,Wiltshire Police,Wiltshire Police,-1.658703,51.300296,On or near Parsonage Vale,E01031849,Wiltshire 029C,Investigation complete; no suspect identified
72f6848bd54567aa6447989f211ff29df2541cc220dcbaffaad94dbe1d71d148,2024-06,Wiltshire Police,Wiltshire Police,-1.763394,51.169273,On or near Tanners Field,E01031978,Wiltshire 048E,Unable to prosecute suspect
8f1a6463c028b76dbdcb2cdba4f1ca7e03194d1f8490556be86b56018987ff4c,2024-06,Wiltshire Police,Wiltshire Police,-1.727284,51.427762,On or near Rabley Wood View,E01031862,Wiltshire 019B,Investigation complete; no suspect identified
17f5855bdf2baec2d4d504b3e8889c11e897bab9f1300a913e7f528e95667d68,2024-06,Wiltshire Police,Wiltshire Police,-2.124348,51.372795,On or near Westbury View,E01032073,Wiltshire 020D,Unable to prosecute suspect
10e980dbaf58787a5301ce80d7082de3ce58f7c56e4a1d806636588b8dca4b8e,2024-06,Wiltshire Police,Wiltshire Police,-1.811506,51.562145,On or near Sports/Recreation Area,E01015579,Swindon 012C,Unable to prosecute suspect
10e980dbaf58787a5301ce80d7082de3ce58f7c56e4a1d806636588b8dca4b8e,2024-06,Wiltshire Police,Wiltshire Police,-1.811506,51.562145,On or near Sports/Recreation Area,E01015579,Swindon 012C,Unable to prosecute suspect
10e980dbaf58787a5301ce80d7082de3ce58f7c56e4a1d806636588b8dca4b8e,2024-06,Wiltshire Police,Wiltshire Police,-1.811506,51.562145,On or near Sports/Recreation Area,E01015579,Swindon 012C,Unable to prosecute suspect
3daee23d7646921f2ed33b76d2322a766a1027034a3925eebc0aecb8436b24e4,2024-06,Wiltshire Police,Wiltshire Police,-2.103860,51.448066,On or near Tanner Close,E01031921,Wiltshire 014B,Suspect charged
0f6e378cefcab9920ec13e8be2cbf7c61184dd001433a53d69e9f7ea8bd2867e,2024-06,Wiltshire Police,Wiltshire Police,-1.964751,51.508610,On or near Harrow Grove,E01032699,Wiltshire 007I,Unable to prosecute suspect
010ca5653ad6c0db31fe406b9dfe5efe309b8144fd191b4b05591e1c0a1c115e,2024-06,Wiltshire Police,Wiltshire Police,-2.253414,51.352023,On or near Church Acre,E01032045,Wiltshire 027A,Investigation complete; no suspect identified
c73f96aeabbe66ba57599e65523925eaeb9a89d138f0575ee8f8f4e2b7096476,2024-06,Wiltshire Police,Wiltshire Police,-1.998728,51.429751,On or near Tyning Park,E01031903,Wiltshire 016D,Local resolution
2d111704c4d26b42a861d68be020bd6911c2d3519349507a3fca58a2569adfae,2024-06,Wiltshire Police,Wiltshire Police,-1.790509,51.068928,On or near Guilder Lane,E01032022,Wiltshire 058C,Unable to prosecute suspect
f4b8ebfc08735a1bd4b501b0967eab3d4937a095818db9743ea4581535a4aaaf,2024-06,Wiltshire Police,Wiltshire Police,-1.772343,51.196446,On or near Paddock Wood,E01031996,Wiltshire 046B,Investigation complete; no suspect identified
a18a75c2d0f5bf65b7e3cfc9e5ae2658208881655626acac6b0bf2f6881164b9,2024-06,Wiltshire Police,Wiltshire Police,-1.778350,51.551692,On or near Bradford Road,E01015532,Swindon 021D,Investigation complete; no suspect identified
9cc4d646a472408d664f9ae809e99b895d0afdc23cde868a46ce291371b0466a,2024-06,Wiltshire Police,Wiltshire Police,-1.992283,51.352450,On or near Monday Market Street,E01031854,Wiltshire 026B,Suspect charged
9a17d9ebb61a477be0b3d8ba93ef53dd5917ad97d3c3f9f5c22d1e56d3b2dfd8,2024-06,Wiltshire Police,Wiltshire Police,-1.802663,51.595990,On or near Aden Court,E01015513,Swindon 004A,Unable to prosecute suspect
f9b1102dd6a1619697caad0c4fde54e4cdfa6c5e70476097eb3d809abdce4d71,2024-06,Wiltshire Police,Wiltshire Police,-1.798516,51.068744,On or near Bridge Street,E01032022,Wiltshire 058C,Unable to prosecute suspect
5397c5269717d4edc1f2b6d07d98aa7b98da1d287a2eab40becff143acd56e18,2024-06,Wiltshire Police,Wiltshire Police,-1.820967,51.079463,On or near Alexandra Drive,E01032025,Wiltshire 053D,Unable to prosecute suspect
2c0c3f9f04e15a0b39ac2e3722b22f4c63317f50a6f5e46a3bf671c08f9b77a7,2024-06,Wiltshire Police,Wiltshire Police,-1.906254,51.542107,On or near Wood Street,E01031967,Wiltshire 006C,Unable to prosecute suspect
173bee3ae98aa4f864faaebdc168928f639c21436e98604e7e5ad192159a0798,2024-06,Wiltshire Police,Wiltshire Police,-2.182665,51.200705,On or near Stuart Green,E01032103,Wiltshire 044A,Unable to prosecute suspect
173bee3ae98aa4f864faaebdc168928f639c21436e98604e7e5ad192159a0798,2024-06,Wiltshire Police,Wiltshire Police,-2.182665,51.200705,On or near Stuart Green,E01032103,Wiltshire 044A,Unable to prosecute suspect
173bee3ae98aa4f864faaebdc168928f639c21436e98604e7e5ad192159a0798,2024-06,Wiltshire Police,Wiltshire Police,-2.182665,51.200705,On or near Stuart Green,E01032103,Wiltshire 044A,Unable to prosecute suspect
173bee3ae98aa4f864faaebdc168928f639c21436e98604e7e5ad192159a0798,2024-06,Wiltshire Police,Wiltshire Police,-2.182665,51.200705,On or near Stuart Green,E01032103,Wiltshire 044A,Unable to prosecute suspect
5fc4392738363d0a3ba0280ebb883df339874b92e7eb46c92707d2f5bb025b9d,2024-06,Wiltshire Police,Wiltshire Police,-1.824033,51.609763,On or near Millais Close,E01033840,Swindon 008E,Investigation complete; no suspect identified
5d79693859a607c775a76c7793c5ab687f89fb66adfb30fdbfba07dfb894d758,2024-06,Wiltshire Police,Wiltshire Police,-2.128333,51.456853,On or near Unity Street,E01031911,Wiltshire 011A,Unable to prosecute suspect
9cbfedf5c5ba87ec50cfaaa5c18453ea3c0e042adf0deb26253a3322e551ce2d,2024-06,Wiltshire Police,Wiltshire Police,-1.825888,51.581686,On or near Breton Close,E01034521,Wiltshire 003F,Investigation complete; no suspect identified
6125030726409668f8ceac8209f051ca49e37e49afb6df103f3dd8dc8cf82437,2024-06,Wiltshire Police,Wiltshire Police,-1.789959,51.580135,On or near Beech Avenue,E01015527,Swindon 007C,Investigation complete; no suspect identified
203ea66eb73f9adf752b9d4570f408b8e2d39e14a6a36dce1f4f3f7f405e7d7e,2024-06,Wiltshire Police,Wiltshire Police,-1.774896,51.556109,On or near Hilton Close,E01015493,Swindon 017B,Investigation complete; no suspect identified
3089f01119aa9fad5c8257d54186ee679fc2c4b660cf188cfc20ea8e6a6b68c2,2024-06,Wiltshire Police,Wiltshire Police,-1.959018,51.230335,On or near Petrol Station,E01032696,Wiltshire 045F,Investigation complete; no suspect identified
644be5978e3a4ce42ef95e1e7e64779b7baaa1a125eabdc574802c41e4d7a7f9,2024-06,Wiltshire Police,Wiltshire Police,-1.797245,51.068913,On or near St Thomas Square,E01032022,Wiltshire 058C,Unable to prosecute suspect
04b8c8fc289571bba23bb3052cdb93a967c16039ccc9e29b3854490acc1eb3b6,2024-06,Wiltshire Police,Wiltshire Police,-1.708280,51.633764,On or near Downs View,E01015519,Swindon 001A,Unable to prosecute suspect
e80d7e4a17db0a32034066d0f405cc61bd5fbccdc613015861e098eedf2f20e0,2024-06,Wiltshire Police,Wiltshire Police,-2.112864,51.084554,On or near Stop Street,E01032010,Wiltshire 050A,Investigation complete; no suspect identified
4f87aa941c1b5cc7747a7426afbc52025315ac2de239098a10a15f1a245313e4,2024-06,Wiltshire Police,Wiltshire Police,-1.822434,51.601408,On or near Gaveller Road,E01032712,Swindon 027E,Unable to prosecute suspect
51339222e7e57ba826a5590c8bad209c39fe8bb005428acf5cc3d5b9d291e8a3,2024-06,Wiltshire Police,Wiltshire Police,-1.792038,51.068499,On or near Nightclub,E01032023,Wiltshire 059D,Investigation complete; no suspect identified
84bddcb7ae07db81b00511b7e402a6afc216658e4d5da4a78ac7304bec4ac459,2024-06,Wiltshire Police,Wiltshire Police,-2.038686,51.156700,On or near Church Lane,E01032075,Wiltshire 047B,Unable to prosecute suspect
edf0d0855a07b97466420bd2a5ba518b14254dda4acb13becb014bc2315fca71,2024-06,Wiltshire Police,Wiltshire Police,-1.839290,51.583189,On or near House Field,E01034521,Wiltshire 003F,Investigation complete; no suspect identified
95e1be7fe9a6293e5b349a9b4c7842f1ac872d553f75e9dc647ff03bf13ac420,2024-06,Wiltshire Police,Wiltshire Police,-2.146281,51.376150,On or near Supermarket,E01032062,Wiltshire 022A,Unable to prosecute suspect
57aaaaadf700709e222ef3919a624af002ee919e3ac2267d42e1960bd681e621,2024-06,Wiltshire Police,Wiltshire Police,-1.757593,51.555094,On or near Welbeck Close,E01015573,Swindon 016C,Unable to prosecute suspect
72926382fa4678f1788180bd40c51afe68ab3cb97578b3c8c1526180e4a30e92,2024-06,Wiltshire Police,Wiltshire Police,-2.190868,51.201214,On or near Beech Avenue,E01032114,Wiltshire 044D,Unable to prosecute suspect
a9e5258d316bc0c5fab8159bb6c1bd0985cb879fc36f2ba1777d03fbbc377262,2024-06,Wiltshire Police,Wiltshire Police,-1.806169,51.562422,On or near Watling Close,E01015579,Swindon 012C,Local resolution
19140e749072020053c4dcca162c51248c236a0ab9b5783c6f75bbe4f747906f,2024-06,Wiltshire Police,Wiltshire Police,-1.732255,51.551829,On or near Carroll Close,E01015489,Swindon 023C,Unable to prosecute suspect
289fb0926a4f97895551a7bccc85ca33bb578b4604c6eef812f22d03e1579fed,2024-06,Wiltshire Police,Wiltshire Police,-1.796901,51.557363,On or near Westcott Street,E01015477,Swindon 015C,Local resolution
2a2b0b0af1ab18fda646e58cf14beeeb0acb0313315c02ab2ebaa133a775faca,2024-06,Wiltshire Police,Wiltshire Police,-2.115539,51.474319,On or near Tyddyman Close,E01034523,Wiltshire 013F,Unable to prosecute suspect
9410fbceac1d9980d1e9ea69e7b6a115de42248897ccc367e4d0156fe5f7141d,2024-06,Wiltshire Police,Wiltshire Police,-1.795554,51.070447,On or near Chipper Lane,E01032014,Wiltshire 056A,Investigation complete; no suspect identified
42822febfbe3629da64f83fe5091de6514c6612f3de9f6520ef271e3d48d49ff,2024-06,Wiltshire Police,Wiltshire Police,-1.755395,51.556097,On or near Bisley Close,E01015540,Swindon 020C,Unable to prosecute suspect
f04655fa595d5343f0bb95de57d229712f1959e7b5040543d2d06c51a2dd4a82,2024-06,Wiltshire Police,Wiltshire Police,-2.189866,51.326328,On or near Halfway Close,E01034535,Wiltshire 032E,Unable to prosecute suspect
fcb936988b03d14ed4b0a94af039f0984d7b4f54f91154e4a778d555b87715fb,2024-06,Wiltshire Police,Wiltshire Police,-1.661875,51.237362,On or near Nadder Road,E01032697,Wiltshire 066C,Local resolution
724d8905b4b0f9f02dec14c34f68e4c42cafe618e746f1e8bbe589d5d01d7556,2024-06,Wiltshire Police,Wiltshire Police,-1.792492,51.199873,On or near Reynolds Road,E01031999,Wiltshire 046D,Unable to prosecute suspect
0b4cb5fb2908c5e14873103e764f000b33a3ec618e7004a6658af39a35f6b8f6,2024-06,Wiltshire Police,Wiltshire Police,-1.836077,51.093702,On or near Lapham Vale,E01031980,Wiltshire 052A,Unable to prosecute suspect
aebc768bc0288609d9f39c685e2a6336fe44fa356c56e669ea77522691aa38d3,2024-06,Wiltshire Police,Wiltshire Police,-1.776172,51.592895,On or near Wilcot Avenue,E01015544,Swindon 003B,Unable to prosecute suspect
3e2410df46a7eb8a31a7471357274f9d0351dc145c70ffd6efe973b2d0fcbc0e,2024-06,Wiltshire Police,Wiltshire Police,-1.994307,51.351488,On or near High Street,E01031854,Wiltshire 026B,Suspect charged
640306f2274f6d1927ac6b265b28f60273f04b08abc76ce2571aa69903568568,2024-06,Wiltshire Police,Wiltshire Police,-1.785215,51.591635,On or near Winterslow Road,E01015543,Swindon 003A,Unable to prosecute suspect
707d2e0d95cbcfebebdb762f726bac9cd4cc42a43f828e2c78191aa4b7a2aaac,2024-06,Wiltshire Police,Wiltshire Police,-2.193089,51.338497,On or near Millards Close,E01032078,Wiltshire 030B,Action to be taken by another organisation
f6eebd6f1971dc807a60540e690a5ce7f39c0767627e0154da4a001a0435a3a9,2024-06,Wiltshire Police,Wiltshire Police,-1.746546,51.588573,On or near St Quentin Close,E01015552,Swindon 009D,Unable to prosecute suspect
4b9ad8404b11c063e990b76c7ba8f7e0d59012e271177c40e70a331cfc3907c3,2024-06,Wiltshire Police,Wiltshire Police,-1.759043,51.103999,On or near Hurdcott Lane,E01032034,Wiltshire 049D,Investigation complete; no suspect identified
a933e246eab51cbb0a53161aa68d8e1fa71a235ec6fc258352e49eefbaace9bd,2024-06,Wiltshire Police,Wiltshire Police,-1.832538,51.610099,On or near Sexton Close,E01033842,Swindon 008G,Unable to prosecute suspect
b5d3118eba6e9d5cecf9f1cd30bb6689b5f044abde037907c094a99870be80df,2024-06,Wiltshire Police,Wiltshire Police,-1.784278,51.089221,On or near Ash Crescent,E01031985,Wiltshire 051B,Unable to prosecute suspect
45dc34cecc34e245d32b4fe173401ca8551fb47a34acdb2404014a1a86839ba6,2024-06,Wiltshire Police,Wiltshire Police,-1.726314,51.419245,On or near Culvermead Close,E01031865,Wiltshire 019E,Unable to prosecute suspect
43452335911da72130f5ac644f92c92b3bce3e03ff59a54620064308b6f786c7,2024-06,Wiltshire Police,Wiltshire Police,-2.253905,51.349935,On or near Conigre Hill,E01032047,Wiltshire 027C,Investigation complete; no suspect identified
02f2096332a9ca606fb183ffa65c6ac0df5364640b3d1581b0250f13657f001f,2024-06,Wiltshire Police,Wiltshire Police,-1.754341,51.553496,On or near Culpepper Close,E01015540,Swindon 020C,Unable to prosecute suspect
670580ddae410d5712d876af65ea09b0eb96656048468c6b69e4d58e89d10688,2024-06,Wiltshire Police,Wiltshire Police,-1.778701,51.171658,On or near Parking Area,E01031979,Wiltshire 048F,Unable to prosecute suspect
670580ddae410d5712d876af65ea09b0eb96656048468c6b69e4d58e89d10688,2024-06,Wiltshire Police,Wiltshire Police,-1.778701,51.171658,On or near Parking Area,E01031979,Wiltshire 048F,Unable to prosecute suspect
670580ddae410d5712d876af65ea09b0eb96656048468c6b69e4d58e89d10688,2024-06,Wiltshire Police,Wiltshire Police,-1.778701,51.171658,On or near Parking Area,E01031979,Wiltshire 048F,Unable to prosecute suspect
abf596473f2e136bcbe5182e478b57a012570dcdc42b9c2f39ced90598bf4702,2024-06,Wiltshire Police,Wiltshire Police,-2.263141,51.438123,On or near Ogbourne,E01031929,Wiltshire 017D,Investigation complete; no suspect identified
d9602d37ae4af9e709c3890fb6c8cf0c8315d270d14787377dcc30531f99ef18,2024-06,Wiltshire Police,Wiltshire Police,-2.210569,51.319199,On or near Supermarket,E01034534,Wiltshire 031E,Unable to prosecute suspect
dc954b4bc67373e35dced6d31bcd6d7da489a3239412c0bbb9370a53b2f1e52c,2024-06,Wiltshire Police,Wiltshire Police,-1.803961,51.582829,On or near Lewisham Close,E01015530,Swindon 006D,Unable to prosecute suspect
0f9f2da2ed6707e2544c4bb646674673171b3fade5651048663608a68280cf01,2024-06,Wiltshire Police,Wiltshire Police,-2.208256,51.321126,On or near Fore Street,E01034534,Wiltshire 031E,Unable to prosecute suspect
9badacac05622ec651ab6f4661ed6839878fb7922bd0a8b86158dc2c22b1cacb,2024-06,Wiltshire Police,Wiltshire Police,-1.749716,51.550087,On or near Belvedere Road,E01015541,Swindon 020D,Investigation complete; no suspect identified
7a43da5bbf3fa8be9061ce7cc2e9842418934b8bed68f79a0ac389d03389ed11,2024-06,Wiltshire Police,Wiltshire Police,-1.769782,51.574792,On or near Dunbeath Road,E01015509,Swindon 010B,Investigation complete; no suspect identified
e0c35d19969b109a50a46ec05fb6dbb38c38ed6fa9f08612eae4a577f55fe072,2024-06,Wiltshire Police,Wiltshire Police,-2.114084,51.456553,On or near Bakehouse Close,E01031912,Wiltshire 011B,Local resolution
b0abb72ab41ed35ac51e4ce9e5c3f3e47568f871930d0df7ea993d618e8db3c5,2024-06,Wiltshire Police,Wiltshire Police,-1.662174,51.225961,On or near Normandy Road,E01034558,Wiltshire 066E,Unable to prosecute suspect
59da965625607efa8f32831dab6716258b92a416721d2d1b44a56373afe733a1,2024-06,Wiltshire Police,Wiltshire Police,-2.204237,51.327454,On or near B3106,E01032087,Wiltshire 031C,Further action is not in the public interest
ae7927fa19bda236693ccd5d80e6dd6825c63766b738cb6bc4387818ca63d12c,2024-06,Wiltshire Police,Wiltshire Police,-2.182665,51.200705,On or near Stuart Green,E01032103,Wiltshire 044A,Unable to prosecute suspect
e03548329c3fb852f965927d3ce8dd8cfa1224c57c0392ae5049ddbef2fed28e,2024-06,Wiltshire Police,Wiltshire Police,-2.182665,51.200705,On or near Stuart Green,E01032103,Wiltshire 044A,Unable to prosecute suspect
dcca95cb5943047911b0355a1c714765dc29f19f589ee92bda8789c2098570b7,2024-06,Wiltshire Police,Wiltshire Police,-2.182665,51.200705,On or near Stuart Green,E01032103,Wiltshire 044A,Unable to prosecute suspect
b95c7344ff914048ab53847f8b295b2f2179f5126943d7c896a1e2d40b546ebf,2024-06,Wiltshire Police,Wiltshire Police,-2.045965,51.157615,On or near High Street,E01032075,Wiltshire 047B,Action to be taken by another organisation
6a5fbaad7d6396955d6ec11c2a2ca90ba1e7ca53722a1c58938fafc6cbe9b68b,2024-06,Wiltshire Police,Wiltshire Police,-1.995298,51.354015,On or near New Park Street,E01031854,Wiltshire 026B,Unable to prosecute suspect
4dfba9dec67f3aa9a504416b3f2940083fbd3d007911c8a4cfe0c293119bbf3d,2024-06,Wiltshire Police,Wiltshire Police,-1.790412,51.068271,On or near Culver Street,E01032022,Wiltshire 058C,Investigation complete; no suspect identified
b946e87765c1894cd2ce2696a8fb2551c37e3439b14485ca80a20df2cb5090df,2024-06,Wiltshire Police,Wiltshire Police,-1.782215,51.579078,On or near Tulip Tree Close,E01015508,Swindon 010A,Unable to prosecute suspect
940db48bc70a962c16dcf78e5446ab8fa31a9b399a3b41ccb8e08d681ef11af5,2024-06,Wiltshire Police,Wiltshire Police,-2.082687,51.349615,On or near Rusty Lane,E01031876,Wiltshire 028E,Unable to prosecute suspect
431c4a2a05e80362fb6a2fba908812e392acc8ca7aa3d5d4598859a2c387c5ad,2024-06,Wiltshire Police,Wiltshire Police,-2.128333,51.456853,On or near Unity Street,E01031911,Wiltshire 011A,Unable to prosecute suspect
3d4cd6aa6c79fa7591c458205556f07fd13afb92b81b559388dcc8eab1e30694,2024-06,Wiltshire Police,Wiltshire Police,-1.982729,51.286449,On or near St Mary's Road,E01031858,Wiltshire 034C,Unable to prosecute suspect
92f3b6ab7ef098ad0f64405a64cef006341545c25d2e8c4a970d247f088ab4ae,2024-06,Wiltshire Police,Wiltshire Police,-2.137676,51.376395,On or near Parking Area,E01032062,Wiltshire 022A,Unable to prosecute suspect
52e6a3d6313947544afa68eba21dda6af0b94f8350ea909e4dc81d547980c16f,2024-06,Wiltshire Police,Wiltshire Police,-2.161154,51.200989,On or near Queensway,E01032104,Wiltshire 042A,Unable to prosecute suspect
09ebb4708b8299006a33fe1d68452d4f0bbd8f2c3b9671ccc584567e7b113824,2024-06,Wiltshire Police,Wiltshire Police,-2.196810,51.198344,On or near South Street,E01032110,Wiltshire 043A,Unable to prosecute suspect
ccfaec0628a8ef451dc4ed047420ad0309ab07380afa663061e14c368f9ebc75,2024-06,Wiltshire Police,Wiltshire Police,-1.863506,51.080078,On or near Parking Area,E01032038,Wiltshire 054D,Investigation complete; no suspect identified
d88d44527ca183c4481efd6ec33d4198f70bd6ae9410b1b113fc50fe03c98d0a,2024-06,Wiltshire Police,Wiltshire Police,-2.151975,51.342856,On or near Sports/Recreation Area,E01032077,Wiltshire 030A,Unable to prosecute suspect
bea0020618b23b03438601d17423cbfb0843807a7b170b45440aeda9619aa24d,2024-06,Wiltshire Police,Wiltshire Police,-1.730244,51.569933,On or near Merlin Way,E01015482,Swindon 013B,Action to be taken by another organisation
19acbf38b1eb3e90712d8c3fe2530ff5d7f466d4771a57b3614c817f1e2dff79,2024-06,Wiltshire Police,Wiltshire Police,-2.207246,51.323052,On or near St James Gardens,E01034533,Wiltshire 031D,Unable to prosecute suspect
b3e03cf6a9c46633432b0c7ec4067e18e9e008bc4f4b717b2a550c936d75de31,2024-06,Wiltshire Police,Wiltshire Police,-1.802085,51.595971,On or near Newstead Close,E01015513,Swindon 004A,Unable to prosecute suspect
352b3f8c2f113134e2681a7587b88e6ef95becff361a8cc64b408d3d95af251b,2024-06,Wiltshire Police,Wiltshire Police,-1.984249,51.286845,On or near Ladywood,E01031858,Wiltshire 034C,Unable to prosecute suspect
7ccff6a026c132a7af2850752268cf3d6a051ddc632a36fdc5b1c901cec423f2,2024-06,Wiltshire Police,Wiltshire Police,-1.784788,51.562772,On or near Parking Area,E01033845,Swindon 015E,Unable to prosecute suspect
8f858583d7e7d5bcd8ddfc7bf7f90e98199d04b4deba515e183252db42becede,2024-06,Wiltshire Police,Wiltshire Police,-2.084956,51.062960,On or near Knapp Hollow,E01032029,Wiltshire 061B,Unable to prosecute suspect
a2c0565b0586858013e030f0fa9e7a0a8bec828d1cea46210c21efdb7936a18c,2024-06,Wiltshire Police,Wiltshire Police,-1.787454,51.563379,On or near Holbrook Way,E01033845,Swindon 015E,Investigation complete; no suspect identified
00630d8e026e72234115cd75912cb26fa1217979233533f76e804db97197849f,2024-06,Wiltshire Police,Wiltshire Police,-1.595177,51.445148,On or near Whittonditch Road,E01031874,Wiltshire 012D,Unable to prosecute suspect
8f6438042c01c42c66bcb7d1ff2d81e9a8218e0be132d9bbf6195521148baaae,2024-06,Wiltshire Police,Wiltshire Police,-1.608727,51.254938,On or near Challis Court,E01031859,Wiltshire 065B,Unable to prosecute suspect
7e556c41e8058b0a888936be061efc5d0af18a5f363f9662daa8466ef3b4889a,2024-06,Wiltshire Police,Wiltshire Police,-1.621618,51.362108,On or near Crofton Road,E01031843,Wiltshire 029A,Unable to prosecute suspect
09265fb90e803a723c24e06f5bfb1296053063298dcf2a7e9bf1c92843df6897,2024-06,Wiltshire Police,Wiltshire Police,-1.802544,51.563316,On or near Jennings Street,E01032716,Swindon 012G,Unable to prosecute suspect
5b0f2f70a9632a0913a95897350f43d59b914721be52400e827a7fd637e680cd,2024-06,Wiltshire Police,Wiltshire Police,-1.993635,51.443625,On or near Anson Avenue,E01031895,Wiltshire 015A,Unable to prosecute suspect
503fc26c7a7bcffde38a5bf996a770f0433782375ef034c975227bf87e8d980d,2024-06,Wiltshire Police,Wiltshire Police,-1.779932,51.564624,On or near Alfred Street,E01015480,Swindon 015D,Unable to prosecute suspect
4a3544e2b7018ab23ad7a6e01372aa1d99ed693cb886b1ea2faeee5e7d12a4a5,2024-06,Wiltshire Police,Wiltshire Police,-1.764809,51.158287,On or near Banting Close,E01034546,Wiltshire 048I,Investigation complete; no suspect identified
53b2a6261530afced60d22fc74a03a094a8241fb63fe3bbcf1b8c315a082471a,2024-06,Wiltshire Police,Wiltshire Police,-1.788066,51.244411,On or near Downs View,E01031867,Wiltshire 038B,Local resolution
891e19bbea816251f2cadb99f9c5723210fc121816c292cdfb07ef0554676920,2024-06,Wiltshire Police,Wiltshire Police,-2.126422,51.463266,On or near Oak Lodge Close,E01031910,Wiltshire 009B,Unable to prosecute suspect
3168023f53781093954f21d08fb59dcb5cb76a4080627834f9130875e8a789e7,2024-06,Wiltshire Police,Wiltshire Police,-1.769613,51.198716,On or near Birchwood Drive,E01031997,Wiltshire 046C,Unable to prosecute suspect
dd6cf8d71d616b7653ae726d2a78b87921fdceb4e8665346811e33f40d81939f,2024-06,Wiltshire Police,Wiltshire Police,-2.188678,51.201064,On or near Lyme Avenue,E01032114,Wiltshire 044D,Unable to prosecute suspect
981e58ef84669180c8afb1909bcccc478e917197f515276b9cf0336bbefa1c71,2024-06,Wiltshire Police,Wiltshire Police,-1.836077,51.093702,On or near Lapham Vale,E01031980,Wiltshire 052A,Unable to prosecute suspect
cba4c213d7e8171e2ac04bf828d2dbcd72a653c7d3e73c8d7eea6c2ff0521d50,2024-06,Wiltshire Police,Wiltshire Police,-1.793020,51.548140,On or near Withering Road,E01032707,Swindon 021F,Investigation complete; no suspect identified
6683c7fc693834a98e4257f0af58614955fc48ef9e40349d9ee0611fd4aa57d8,2024-06,Wiltshire Police,Wiltshire Police,-1.812756,51.584921,On or near Silbury Mews,E01015528,Swindon 006B,Investigation complete; no suspect identified
ca0e4ffe276335b482d78e68032247a6a42273e98f20352c341d65852ac991c1,2024-06,Wiltshire Police,Wiltshire Police,-2.253905,51.349935,On or near Conigre Hill,E01032047,Wiltshire 027C,Investigation complete; no suspect identified
a4bb6697718ffb96828334953fcc35a4011edc6de5ab7fe0b83c492ec0860d7b,2024-06,Wiltshire Police,Wiltshire Police,-1.817034,51.074071,On or near Petrol Station,E01032002,Wiltshire 055B,Suspect charged
57f4e5570edbfcd5425033cb6435fa3a77d9b9a9cba4dde6acee56a82cbbc124,2024-06,Wiltshire Police,Wiltshire Police,-1.809358,51.059072,On or near Sports/Recreation Area,E01032008,Wiltshire 058A,Unable to prosecute suspect
9d09d445b14d311d6169965e248676c9faf4ce16de18f137abb32984c50057dd,2024-06,Wiltshire Police,Wiltshire Police,-1.771151,51.592517,On or near Kingsley Way,E01015555,Swindon 005A,Unable to prosecute suspect
9034011451ecb9674d44f10750fba4c83e215095df1d15775faf832267ffc6b1,2024-06,Wiltshire Police,Wiltshire Police,-1.781343,51.565220,On or near Corporation Street,E01033845,Swindon 015E,Investigation complete; no suspect identified
2c73d69636d77cc3040b0e3d55f2ab379c21ad630d8a030570db4416a4269270,2024-06,Wiltshire Police,Wiltshire Police,-2.127924,51.362226,On or near Pathfinder Way,E01034530,Wiltshire 021I,Unable to prosecute suspect
d7b42637ec6b5cb5c6590f8ba1b704aa47bc7d9d1d9a96ce1d5afceddf1de7d1,2024-06,Wiltshire Police,Wiltshire Police,-1.789720,51.578741,On or near Montgomery Avenue,E01015580,Swindon 007D,Unable to prosecute suspect
859a788a1915753a3f7b13ceea61f928066b551f946ad289c8e708360b5dd4da,2024-06,Wiltshire Police,Wiltshire Police,-1.757950,51.555625,On or near Woodhouse Road,E01015573,Swindon 016C,Unable to prosecute suspect
1264c92aaa6f6bd91133d995b0c8097b17ec2379ed4f44613617ec6c91f8601d,2024-06,Wiltshire Police,Wiltshire Police,-1.727200,51.538528,On or near Hospital,E01015547,Swindon 008C,Action to be taken by another organisation
3700fd54cd037f2b3fef4cf9c76e08b998c22562da7eb55cd0cec088b32fe311,2024-06,Wiltshire Police,Wiltshire Police,-1.804876,51.567833,On or near Mannington Park,E01015578,Swindon 012B,Unable to prosecute suspect
f47dfec4a07cbb5493431932c0086afecc8ce2e995968c235eb296b10d0a10b8,2024-06,Wiltshire Police,Wiltshire Police,-2.122072,51.386653,On or near Woodrow Road,E01034528,Wiltshire 021G,Unable to prosecute suspect
69947f7e2e6eccc028467db63c3acdf13b7607f512147bf04a89f1b193c7840a,2024-06,Wiltshire Police,Wiltshire Police,-1.816969,51.603270,On or near Greenwood Place,E01032712,Swindon 027E,Unable to prosecute suspect
69947f7e2e6eccc028467db63c3acdf13b7607f512147bf04a89f1b193c7840a,2024-06,Wiltshire Police,Wiltshire Police,-1.816969,51.603270,On or near Greenwood Place,E01032712,Swindon 027E,Unable to prosecute suspect
69947f7e2e6eccc028467db63c3acdf13b7607f512147bf04a89f1b193c7840a,2024-06,Wiltshire Police,Wiltshire Police,-1.816969,51.603270,On or near Greenwood Place,E01032712,Swindon 027E,Unable to prosecute suspect
69947f7e2e6eccc028467db63c3acdf13b7607f512147bf04a89f1b193c7840a,2024-06,Wiltshire Police,Wiltshire Police,-1.816969,51.603270,On or near Greenwood Place,E01032712,Swindon 027E,Unable to prosecute suspect
1e028f0b9e3e641d782a76c2049906964b33f6f3a2fe6c6ae39717a3261c0098,2024-06,Wiltshire Police,Wiltshire Police,-2.205707,51.322381,On or near Brewery Walk,E01032101,Wiltshire 032C,Unable to prosecute suspect
2fbac729cadd7556f15d7fd19803c26faacffbada5ddd91064ba34d514725a71,2024-06,Wiltshire Police,Wiltshire Police,-2.187059,51.391162,On or near Fleetwood Rise,E01032043,Wiltshire 021A,Action to be taken by another organisation
d4a30e489754e63eb3b16ab803cf56cdc2bc6113048aa0619777bf02ba1bb947,2024-06,Wiltshire Police,Wiltshire Police,-2.187461,51.204699,On or near Emwell Street,E01032114,Wiltshire 044D,Investigation complete; no suspect identified
62901f724c563d1dbb73e0f78ace2a44782a76b544207ad170f0aa7d72019893,2024-06,Wiltshire Police,Wiltshire Police,-1.988576,51.357683,On or near Braeside Close,E01032693,Wiltshire 025H,Unable to prosecute suspect
94376bb2f197fdf06d8b8e719a2b77a1229533bca87127f4b4f5a06140211ae8,2024-06,Wiltshire Police,Wiltshire Police,-1.755201,51.549236,On or near Berrington Road,E01015542,Swindon 020E,Unable to prosecute suspect
490512e0723b51b61cb873123adfc97e7a67ec751d15802b5088860c8607ba1d,2024-06,Wiltshire Police,Wiltshire Police,-1.829879,51.082354,On or near Winding Way,E01031981,Wiltshire 052B,Unable to prosecute suspect
a48a8e35d7bc8ae72df23db1c654c8a5536fdf6577f5b217e14a466ea41efc7d,2024-06,Wiltshire Police,Wiltshire Police,-1.752320,51.569928,On or near A4312,E01015550,Swindon 009B,Investigation complete; no suspect identified
950223bbccf5d21dea7ddb0d08aa0eb87df686d512691efd51e5131b4705e273,2024-06,Wiltshire Police,Wiltshire Police,-1.796099,51.559366,On or near Park Lane,E01015477,Swindon 015C,Local resolution
d1b6bff052999c00db6e624dd4af9f866b86206285173da6af15a8bfecb637e3,2024-06,Wiltshire Police,Wiltshire Police,-1.781431,51.558845,On or near Regent Circus,E01032714,Swindon 019E,Unable to prosecute suspect
65b7ffe90abacaa473dc67c37ce0669cbe819c5d111760f77c6923b2d0e7d6f4,2024-06,Wiltshire Police,Wiltshire Police,-2.179664,51.326775,On or near Woodhouse Gardens,E01032080,Wiltshire 030D,Unable to prosecute suspect
eb2fac842e60c4e5a50902e60a8afc59d8d4c863af204bc0afafdd72deb6bade,2024-06,Wiltshire Police,Wiltshire Police,-2.209415,51.320414,On or near Shopping Area,E01034534,Wiltshire 031E,Unable to prosecute suspect
aee301c3026106d599cfe5b4046540f14d749d129e90ff1ef33a2eb7d73705ef,2024-06,Wiltshire Police,Wiltshire Police,-1.789134,51.101297,On or near Castle Well Road,E01034549,Wiltshire 057F,Investigation complete; no suspect identified
46521b54fe6fa391fb12ecc2a228d1a7f0468fccc58b77e64764128420f55b05,2024-06,Wiltshire Police,Wiltshire Police,-1.719055,51.580463,On or near Petrol Station,E01015473,Swindon 008A,Unable to prosecute suspect
6c27656a8cb77690ed8e5949bc109c71dcc266ef073a25dcc65d3d8c1e680cbc,2024-06,Wiltshire Police,Wiltshire Police,-1.816969,51.603270,On or near Greenwood Place,E01032712,Swindon 027E,Unable to prosecute suspect
944491e340409672365a80fb34dac7c011b561904a12a8eea928195d27380c97,2024-06,Wiltshire Police,Wiltshire Police,-1.974931,51.360936,On or near Le Marchant Close,E01032693,Wiltshire 025H,Unable to prosecute suspect
caa623ebc538e5e9a26dd4bf29556d81c0c6a7a5f91357edb19e8bd3fd52a5b6,2024-06,Wiltshire Police,Wiltshire Police,-1.662679,51.225342,On or near Talavera Way,E01034558,Wiltshire 066E,Investigation complete; no suspect identified
27f834604ac9b939ba34fb46ed742ffd31c2fb2bd2938c53bf989d86d26e5b25,2024-06,Wiltshire Police,Wiltshire Police,-1.763445,51.032741,On or near Hospital,E01032000,Wiltshire 057A,Investigation complete; no suspect identified
5bb8bbe1f0f2d1974559bb9f1b0fe99463ed35d1fb67ae19814f7f41ccb92dd3,2024-06,Wiltshire Police,Wiltshire Police,-2.187461,51.204699,On or near Emwell Street,E01032114,Wiltshire 044D,Investigation complete; no suspect identified
ee6ea9bc682da89d9c97f4c65cafcebfedecc04d12de0a49a5f71ad9a69ef27d,2024-06,Wiltshire Police,Wiltshire Police,-2.009086,51.434885,On or near Station Road,E01034524,Wiltshire 016E,Unable to prosecute suspect
927fb272439b63d94401cd23f3137f7f8221d3e6b6bc7f7fcce0394705a33e3a,2024-06,Wiltshire Police,Wiltshire Police,-2.127219,51.361777,On or near Tedder Gardens,E01032070,Wiltshire 021D,Action to be taken by another organisation
6348d8833f01ded9df8637fc4e90e9a98de49a10d3539d285bfdf612c90fd7d0,2024-06,Wiltshire Police,Wiltshire Police,-2.117616,51.458325,On or near Shopping Area,E01031912,Wiltshire 011B,Unable to prosecute suspect
b070a79e6125db399bddd2613f402d79037500e4d3bf5826ce6c772b8d0b82c5,2024-06,Wiltshire Police,Wiltshire Police,-1.746783,51.561428,On or near Kenton Close,E01015538,Swindon 016A,Action to be taken by another organisation
56a5908b3b9e68f23877b494c25a82f5e0484ed60555fc22977366c141f96009,2024-06,Wiltshire Police,Wiltshire Police,-1.786473,51.594245,On or near Allington Road,E01015546,Swindon 003D,Investigation complete; no suspect identified
89b4b7cd2c6134dde9ed03dd316484277197d52232f627b722c8101faddbd8e8,2024-06,Wiltshire Police,Wiltshire Police,-1.785142,51.573355,On or near David Stoddart Gardens,E01015508,Swindon 010A,Investigation complete; no suspect identified
2b12042fa2fc92903f84287d64306222b3b660123df84f3277bbc9c56088ecaa,2024-06,Wiltshire Police,Wiltshire Police,-1.708835,51.635159,On or near Turnpike Road,E01015519,Swindon 001A,Suspect charged
54962509ba5a6bdb15951f6bc41a9abd884da40d3c0bc437b3f6c8ff5eae67cf,2024-06,Wiltshire Police,Wiltshire Police,-2.113668,51.457255,On or near Lord's Lane,E01031912,Wiltshire 011B,Unable to prosecute suspect
a25411a59454e93ccee2172344cd660c1ee5dcc44c5e1001a5394ca46917bc51,2024-06,Wiltshire Police,Wiltshire Police,-2.005014,51.430569,On or near Andrews Way,E01034525,Wiltshire 016F,Investigation complete; no suspect identified
e4d118e4febb94877440ae8bded20102885507766763f58d6d902e4818b3bd78,2024-06,Wiltshire Police,Wiltshire Police,-1.794190,51.069150,On or near Queen Street,E01032022,Wiltshire 058C,Investigation complete; no suspect identified
52c83f2c3ebc2dcc388e93989c0b5fc50a330c629220e158fed2630f87cd16ee,2024-06,Wiltshire Police,Wiltshire Police,-2.122577,51.462677,On or near Marshfield Road,E01031910,Wiltshire 009B,Unable to prosecute suspect
6f4804e51b6236b907c1b2f48c1073b561b24fad8ba0db6da2f32a55418f2499,2024-06,Wiltshire Police,Wiltshire Police,-1.782102,51.172474,On or near Abbey Lane,E01031979,Wiltshire 048F,Action to be taken by another organisation
fc2a4d8ee5f068d311688ff84b44a59e49e7d3d14d3c2d32cddb38dedb1dc264,2024-06,Wiltshire Police,Wiltshire Police,-1.776111,51.552443,On or near Wood Street,E01015534,Swindon 024B,Unable to prosecute suspect
8495883e8b6a452225fc0eb0cd4adfbff455d236c413f40d8db9cf01e6de969a,2024-06,Wiltshire Police,Wiltshire Police,-2.210842,51.306213,On or near Edington Drive,E01032092,Wiltshire 035A,Investigation complete; no suspect identified
730e44a355df13845f3470e76279dc4044da6e43099ff9f8de1b098cb3021e6c,2024-06,Wiltshire Police,Wiltshire Police,-2.122072,51.386653,On or near Woodrow Road,E01034528,Wiltshire 021G,Unable to prosecute suspect
3522778878debbc72f488344568cd43bfeec1d1585e33d2dd775cfa5b88c47b7,2024-06,Wiltshire Police,Wiltshire Police,-1.798512,51.568308,On or near Wyndham Road,E01015578,Swindon 012B,Investigation complete; no suspect identified
1749ba6e0c4e2995e5ca38113e6cd0a0d09187541a6f7780e14c0a3e044bb4ed,2024-06,Wiltshire Police,Wiltshire Police,-1.836077,51.093702,On or near Lapham Vale,E01031980,Wiltshire 052A,Unable to prosecute suspect
52ad54d561629022758b0945ab2bb89d55fa736cad479857118654a19e6c582c,2024-06,Wiltshire Police,Wiltshire Police,-1.801156,51.583814,On or near Church Walk North,E01015529,Swindon 006C,Action to be taken by another organisation
d08600b001d137165d3a76bf1af6b06ff6ab2f107d30d17cbec3fb3a40234e8d,2024-06,Wiltshire Police,Wiltshire Police,-1.826438,51.581282,On or near Bashkir Close,E01034521,Wiltshire 003F,Unable to prosecute suspect
e099d48691f93e7be2346f4546032af57006194b021ee23f62b529ec6cded553,2024-06,Wiltshire Police,Wiltshire Police,-2.138282,51.372474,On or near High Street,E01032068,Wiltshire 022D,Unable to prosecute suspect
13d08bb93522b92b322d5f64297d637ca86dfacad6cd662715b38ac8be19e6c1,2024-06,Wiltshire Police,Wiltshire Police,-1.790426,51.055538,On or near Rowbarrow Close,E01032005,Wiltshire 059A,Unable to prosecute suspect
646630188c29dd1aac66af73222f8c241c8407043d9d0d1c92854c3fe817215e,2024-06,Wiltshire Police,Wiltshire Police,-1.781511,51.566371,On or near Gooch Street,E01015480,Swindon 015D,Investigation complete; no suspect identified
f79d2ba9a11df94cfd44f4b18bed76db398b686c918208c4a99773ad381f6cf7,2024-06,Wiltshire Police,Wiltshire Police,-2.208256,51.321126,On or near Fore Street,E01034534,Wiltshire 031E,Unable to prosecute suspect
80f9578048cf339f89fcc1617d76216428d0d7a5e0cf7073c7b0f72ca493be22,2024-06,Wiltshire Police,Wiltshire Police,-1.794857,51.607693,On or near Millard Road,E01033861,Swindon 028G,Unable to prosecute suspect
36900ebabd62346fafe9239ea4331005965ec70bdecfa003749e2a478978d237,2024-06,Wiltshire Police,Wiltshire Police,-2.199290,51.248992,On or near Westbury Leigh,E01032695,Wiltshire 064C,Unable to prosecute suspect
fe5a806286f3f7338f6de8c7a89196dc3e7b9ff6d283aaddc786173c43bdd22f,2024-06,Wiltshire Police,Wiltshire Police,-1.803785,51.568606,On or near Shopping Area,E01015578,Swindon 012B,Investigation complete; no suspect identified
c54a9bf5ea7ae9a58f380827605e27679327d6b35dc9b01ca1c0869410302e55,2024-06,Wiltshire Police,Wiltshire Police,-2.181234,51.204421,On or near Nightclub,E01032103,Wiltshire 044A,Unable to prosecute suspect
f3817ef48975dc9aca09f4fdeee215f0fe61dfcc8d85602dab846e16210f47eb,2024-06,Wiltshire Police,Wiltshire Police,-1.782749,51.560898,On or near Edgeware Road,E01032714,Swindon 019E,Investigation complete; no suspect identified
5bce5b336a6bee470f1859e5d8e7d13797cd11c9babf2579f9c74882f1ca399b,2024-06,Wiltshire Police,Wiltshire Police,-1.988576,51.357683,On or near Braeside Close,E01032693,Wiltshire 025H,Unable to prosecute suspect
f1d05ab2d64b657ebdffa3ef364ad02c02ed1ab153d772d500cf0c66ce226d47,2024-06,Wiltshire Police,Wiltshire Police,-1.619943,51.255514,On or near Rawlings Court,E01031859,Wiltshire 065B,Investigation complete; no suspect identified
293cf469c0fe67af6ccbf19ac398a55eecd9c58f98bb25d90b43e07734b73cad,2024-06,Wiltshire Police,Wiltshire Police,-1.822434,51.601408,On or near Gaveller Road,E01032712,Swindon 027E,Investigation complete; no suspect identified
6bc2a347ef00e6430c1b20ee14968d2c74deade17f35027e3e47c5246972748b,2024-06,Wiltshire Police,Wiltshire Police,-2.139848,51.367201,On or near Petrol Station,E01032067,Wiltshire 022C,Investigation complete; no suspect identified
1fad92e929f30222445ec90c938fe31b1610243c93c02addf6852cb05f392f3d,2024-06,Wiltshire Police,Wiltshire Police,-1.774132,51.202285,On or near College Road,E01031999,Wiltshire 046D,Investigation complete; no suspect identified
23628de0821edf2ae0fe48da73ae6224ede4cf9fc51e8fe1be91401c26ad0210,2024-06,Wiltshire Police,Wiltshire Police,-1.796302,51.069154,On or near Minster Street,E01032022,Wiltshire 058C,Unable to prosecute suspect
0d65228b6663da440643dac5a47bf09d49ffa8d058e48c40b5debb255d9a86a2,2024-06,Wiltshire Police,Wiltshire Police,-1.789720,51.578741,On or near Montgomery Avenue,E01015580,Swindon 007D,Investigation complete; no suspect identified
9d6da9a1019b220a0e014c76bcabac87039fd37b9f5740a421307ee87249accd,2024-06,Wiltshire Police,Wiltshire Police,-1.824663,51.558576,On or near Birdcombe Road,E01015567,Swindon 014C,Investigation complete; no suspect identified
47a5d8ffed64332fa731414a33e95410e754992086044107839edb63a94d71e1,2024-06,Wiltshire Police,Wiltshire Police,-1.628555,51.251891,On or near Wellesley Road,E01034553,Wiltshire 065C,Unable to prosecute suspect
a797162c96574114397112f0c77f537e84e09ec4a9450794e8f521baec33d9c5,2024-06,Wiltshire Police,Wiltshire Police,-1.835287,51.560714,On or near Tewkesbury Way,E01015505,Swindon 018D,Unable to prosecute suspect
0b34f4e9e0563dc32d47f6c3e732305ab55b30791ad11bb28dd612126b635a29,2024-06,Wiltshire Police,Wiltshire Police,-1.792038,51.068499,On or near Nightclub,E01032023,Wiltshire 059D,Investigation complete; no suspect identified
03b9cbd32c4051f1d55403767f468db6333450a025f93992b469db112d1d33e4,2024-06,Wiltshire Police,Wiltshire Police,-1.801335,51.602381,On or near Scarlet Close,E01015471,Swindon 028A,Unable to prosecute suspect
832888e0b4eaaf79f064f8d73b016fc1c3e613ac3b198b2e8990437d13c6a5cf,2024-06,Wiltshire Police,Wiltshire Police,-1.782765,51.551295,On or near Penfold Gardens,E01015532,Swindon 021D,Unable to prosecute suspect
adbef3f2e2384c6bdb496386f226e46c0881006e0e517e34d9aee834fa3ee744,2024-06,Wiltshire Police,Wiltshire Police,-1.774724,51.552934,On or near Brock End,E01015534,Swindon 024B,Investigation complete; no suspect identified
5564a6a75a94196fa93bf62e8bc412a01ee68e51a685a383f524134077a5a03e,2024-06,Wiltshire Police,Wiltshire Police,-1.797541,51.562706,On or near Shopping Area,E01032716,Swindon 012G,Investigation complete; no suspect identified
6b4a2780afee1eb5a6993294369944b980d72067d52e9d8dfa32d21d9967d3d9,2024-06,Wiltshire Police,Wiltshire Police,-1.794315,51.600004,On or near Swift Avenue,E01033860,Swindon 028F,Unable to prosecute suspect
8bd21d73117a673cbdda51fadc7fbccbec5103cb2402fd03bd91b1b0926652cd,2024-06,Wiltshire Police,Wiltshire Police,-1.774724,51.552934,On or near Brock End,E01015534,Swindon 024B,Unable to prosecute suspect
9f06160b5888d4f17122ed92d14d024306562577cf6564b8f3d76aa9679b9bf0,2024-06,Wiltshire Police,Wiltshire Police,-1.854388,51.428474,On or near Green Street,E01031884,Wiltshire 012E,Investigation complete; no suspect identified
953673cf401f0ec77d293943d470853033778dffdb51771b90987ef105ebd789,2024-06,Wiltshire Police,Wiltshire Police,-1.782085,51.521532,On or near Brimble Hill,E01033850,Swindon 025H,Investigation complete; no suspect identified
63b7a5f7b4715683ea4ba4f9660d951cdf773fda540bdb7ed6558c75916eacec,2024-06,Wiltshire Police,Wiltshire Police,-1.710837,51.631532,On or near Vicarage Lane,E01015523,Swindon 001E,Unable to prosecute suspect
8f28aca753e07c8116ca3435160121d4910dbe057a4af0f076e83252fc9dfd07,2024-06,Wiltshire Police,Wiltshire Police,-1.995722,51.436000,On or near Park Close,E01031901,Wiltshire 016B,Local resolution
cfdf023d8b6145aa44559880bd9efc5814615aae9f2d2d9c2aebfb528c98efc8,2024-06,Wiltshire Police,Wiltshire Police,-1.780517,51.171896,On or near Salisbury Street,E01031979,Wiltshire 048F,Investigation complete; no suspect identified
f5cd44d1828c600c72ceed8f1eebca45505ba071858b9ac5c583e5d99f610409,2024-06,Wiltshire Police,Wiltshire Police,-1.816891,51.554276,On or near Markenfield,E01015568,Swindon 014D,Investigation complete; no suspect identified
460b0ff86559acd18f120112f4340b0e83e91a1d6af6dc1e1df4fa9ff97d441c,2024-06,Wiltshire Police,Wiltshire Police,-2.198587,51.262085,On or near Oldfield Road,E01032118,Wiltshire 063C,Investigation complete; no suspect identified
febb75cf2722e34a3b22d67945574cefeb65d2f544f97401bb192e72251ef875,2024-06,Wiltshire Police,Wiltshire Police,-1.797541,51.562706,On or near Shopping Area,E01032716,Swindon 012G,Investigation complete; no suspect identified
9cc1cd89f564a527c89bce9109f1fd35a598d9dd1dc362e654b5184646553f8a,2024-06,Wiltshire Police,Wiltshire Police,-2.117016,51.460956,On or near St Mary's Place,E01031912,Wiltshire 011B,Unable to prosecute suspect
9a37838aa514219b59af1916355e8d39c0fc9a25424a75a78602d97cb4e8fe31,2024-06,Wiltshire Police,Wiltshire Police,-2.117616,51.458325,On or near Shopping Area,E01031912,Wiltshire 011B,Unable to prosecute suspect
192a2cd770c4eb9ccd907450227a24fc98f765e542b34955d33ed1c2009d4363,2024-06,Wiltshire Police,Wiltshire Police,-2.137676,51.376395,On or near Parking Area,E01032062,Wiltshire 022A,Investigation complete; no suspect identified
27c33b2df4c0f3ed1328e43c44e6abd8e46c1e26e1b14021431d153c2360c56b,2024-06,Wiltshire Police,Wiltshire Police,-2.225045,51.306349,On or near Silver Meadows,E01032091,Wiltshire 036D,Unable to prosecute suspect
27c33b2df4c0f3ed1328e43c44e6abd8e46c1e26e1b14021431d153c2360c56b,2024-06,Wiltshire Police,Wiltshire Police,-2.225045,51.306349,On or near Silver Meadows,E01032091,Wiltshire 036D,Unable to prosecute suspect
f942cc7904cd68578d216377d8f247b7dc8c0f6759c7be55bdc33ac4e1dcbc8c,2024-06,Wiltshire Police,Wiltshire Police,-1.763069,51.163013,On or near Pouncette Close,E01031976,Wiltshire 048C,Unable to prosecute suspect
54e9206154dba66eac02a2efaeb5a0b2b299ec20c3f0aa0b1e80ed06fe7560f8,2024-06,Wiltshire Police,Wiltshire Police,-1.798658,51.558094,On or near Ford Street,E01015477,Swindon 015C,Unable to prosecute suspect
53e93c3e30b1ae2bd00b56e2a1d66e9ef89f801c6492fd261ca1f20ab6160879,2024-06,Wiltshire Police,Wiltshire Police,-1.790635,51.075843,On or near Churchill Way North,E01032016,Wiltshire 056C,Investigation complete; no suspect identified
ad18a154f1f787c9760df90c7884fff2f6ce9208a514d30b7bad76e2e44898e5,2024-06,Wiltshire Police,Wiltshire Police,-2.278734,51.350355,On or near Brockwood,E01032059,Wiltshire 023B,Unable to prosecute suspect
e1d9e1c5c958c249519fcbbe0f6c6d65f5813af46d5bb8a17ea688a961649377,2024-06,Wiltshire Police,Wiltshire Police,-2.125972,51.362776,On or near Babington Close,E01034530,Wiltshire 021I,Unable to prosecute suspect
49e8eb945a05b2704461bdc793f9e32d1544a1e24d386a8ef6721dadf8bcd3bc,2024-06,Wiltshire Police,Wiltshire Police,-1.784788,51.562772,On or near Parking Area,E01033845,Swindon 015E,Investigation complete; no suspect identified
912fe6ed3df525ac0f0f05b423dd420600dae61e9cd77373b7ad2c21a9a5dfbb,2024-06,Wiltshire Police,Wiltshire Police,-1.793516,51.105117,On or near Rhodes Moorhouse Way,E01034549,Wiltshire 057F,Unable to prosecute suspect
99b211e969a448ff3a646ee753f04a1a35910f9592dd534c79b05dada94427ae,2024-06,Wiltshire Police,Wiltshire Police,-1.777830,51.554838,On or near Stanley Street,E01032715,Swindon 019F,Investigation complete; no suspect identified
bd120903170adbd8ae99cdd8eb88c9303c7a4fe5f4d2402eef46ce9789d9c509,2024-06,Wiltshire Police,Wiltshire Police,-1.708135,51.629295,On or near Park Avenue,E01015520,Swindon 001B,Unable to prosecute suspect
ba69af3ac5db366892440d719330d8b0201cd6b0b54e6b4d6a2cb9f42614511a,2024-06,Wiltshire Police,Wiltshire Police,-1.771124,51.075501,On or near Hill Road,E01034550,Wiltshire 057G,Unable to prosecute suspect
a99d6591ae9254b6abd1e98e8553f13d12fd72af753b886273a0379389d6d147,2024-06,Wiltshire Police,Wiltshire Police,-2.213917,51.325639,On or near Francis Street,E01034533,Wiltshire 031D,Unable to prosecute suspect
126e38b6edba977d037c6a2e472468fac9afe1da2fba66bf8c53c451ea832916,2024-06,Wiltshire Police,Wiltshire Police,-1.617905,51.257522,On or near Recreation Road,E01031859,Wiltshire 065B,Unable to prosecute suspect
9a97dd330824320bd233c2d9c8733b1d30289f2b3aebac1ca4d06d7ced36406d,2024-06,Wiltshire Police,Wiltshire Police,-1.784788,51.562772,On or near Parking Area,E01033845,Swindon 015E,Investigation complete; no suspect identified
89d74f64dbd7d679aa5557a57300e78fff80079e08d49219601400182094241b,2024-06,Wiltshire Police,Wiltshire Police,-1.782749,51.560898,On or near Edgeware Road,E01032714,Swindon 019E,Investigation complete; no suspect identified
eb24f458f9b382efb50102985bde3d24362ce254e4015c941408310170f31e1f,2024-06,Wiltshire Police,Wiltshire Police,-1.775963,51.561964,On or near Newcastle Street,E01015493,Swindon 017B,Unable to prosecute suspect
3781d5c264116aefb81cc1cd6866b5e425cfa0aa4e04695f4af1140b04a5a262,2024-06,Wiltshire Police,Wiltshire Police,-1.739101,51.567885,On or near Parking Area,E01015481,Swindon 013A,Investigation complete; no suspect identified
f5cbe090b8227d9d382b26de4bd4dced94e04303682bf62d03519f0c2568af1e,2024-06,Wiltshire Police,Wiltshire Police,-2.118223,51.470908,On or near Supermarket,E01031914,Wiltshire 009C,Suspect charged
8da3a7913786ae4cced86d1f2cbe24a0aeaa537545296bdfcc8a2776f885e568,2024-06,Wiltshire Police,Wiltshire Police,-2.127219,51.361777,On or near Tedder Gardens,E01032070,Wiltshire 021D,Investigation complete; no suspect identified
302f1b8c09d725773275721c7ab7a3c9e510ed7f768a8564e35ef1d3d22f5855,2024-06,Wiltshire Police,Wiltshire Police,-1.792067,51.560996,On or near Exeter Street,E01033846,Swindon 015F,Unable to prosecute suspect
df64639214c32dc659440ed22503eb9314e1bf83f188551b7e80c7512863604d,2024-06,Wiltshire Police,Wiltshire Police,-1.775916,51.170979,On or near Earls Court Road,E01031979,Wiltshire 048F,Unable to prosecute suspect
c88ab545288229ff572356b1eca86464bca3cc46607300774512b23e0826a47c,2024-06,Wiltshire Police,Wiltshire Police,-1.788520,51.579233,On or near Wavell Road,E01015580,Swindon 007D,Unable to prosecute suspect
879deb9c97eeb0238a296aa8d1918c0f32e4ecd8a3c4e626e9e5e077d1e2da25,2024-06,Wiltshire Police,Wiltshire Police,-1.983495,51.351091,On or near Longcroft Avenue,E01031851,Wiltshire 025B,Unable to prosecute suspect
8158bef4bf047dbfab6b37800e08188332d0c4d56914b84a4c7973951b330032,2024-06,Wiltshire Police,Wiltshire Police,-1.762967,51.174541,On or near Mills Way,E01031978,Wiltshire 048E,Investigation complete; no suspect identified
6e4d0815788f2e80464a2f8d715d5068ac72136e450e386e51c1448fef51671e,2024-06,Wiltshire Police,Wiltshire Police,-1.794190,51.069150,On or near Queen Street,E01032022,Wiltshire 058C,Investigation complete; no suspect identified
65f7c20a060ad3414dff121e2c280c3e1777fd8a099a60180136ccb2bb698034,2024-06,Wiltshire Police,Wiltshire Police,-2.181720,51.320550,On or near Stokehill,E01034536,Wiltshire 032F,Unable to prosecute suspect
dfb8529e5514383ce9859914036dd2045b0fe444000117b559861eff60f1c8f9,2024-06,Wiltshire Police,Wiltshire Police,-2.206130,51.314269,On or near Haden Road,E01032094,Wiltshire 035C,Unable to prosecute suspect
9d363695af89fe2cc88c16cbfac9b7f514b18235a9097eeb3e7b5f8f2d42c22c,2024-06,Wiltshire Police,Wiltshire Police,-1.706186,51.638147,On or near Knowlands,E01015522,Swindon 001D,Unable to prosecute suspect
d44cea7ebae970fb55a6120f1e2f28a3339b19dd55861b0e76b265b26bb13856,2024-06,Wiltshire Police,Wiltshire Police,-2.081043,51.507643,On or near Britains Close,E01031939,Wiltshire 008A,Unable to prosecute suspect
232111ad46b5422a5298348590c1216328098216af1459dd42ff2748e0cac152,2024-06,Wiltshire Police,Wiltshire Police,-1.877302,51.584178,On or near Kibblewhite Close,E01031956,Wiltshire 003C,Unable to prosecute suspect
25bbd9564c889e34ad53ec52abf210ded78f46b2a826f37cc53253723fb688d5,2024-06,Wiltshire Police,Wiltshire Police,-2.128958,51.372214,On or near Cornwall Crescent,E01032066,Wiltshire 022B,Unable to prosecute suspect
01b61898f4186ef8436e64e4434c6e7de616de5af73991394b6b99e1747316f7,2024-06,Wiltshire Police,Wiltshire Police,-1.841337,51.554644,On or near Bradenham Road,E01015500,Swindon 018B,Unable to prosecute suspect
9503e5b6219a004b446d5f249e9a7b35c81152c20d231885506b04cf2b05fcfa,2024-06,Wiltshire Police,Wiltshire Police,-2.203231,52.513724,On or near The Close,E01029645,South Staffordshire 013A,Unable to prosecute suspect
85695a5575abfe2075c2992f74fa9c0c98c00a99ab2b1c75228bc24f4ebfbae4,2024-06,Wiltshire Police,Wiltshire Police,-2.125598,51.383251,On or near Woodcombe,E01032074,Wiltshire 020E,Unable to prosecute suspect
bf208f630dcb32b030afe7b7c1ddd2fb25c1015ce0bb5d07fa186dc677f3a73b,2024-06,Wiltshire Police,Wiltshire Police,-2.215374,51.315017,On or near Bond Street,E01032089,Wiltshire 036B,Unable to prosecute suspect
9770bfd80a08e046528aa1204676f26ad2288d22bd8816712494f04c865dbef9,2024-06,Wiltshire Police,Wiltshire Police,-1.948674,51.375979,On or near The Estate Yard,E01034538,Wiltshire 034E,Unable to prosecute suspect
c435beac95528623918499cdb0b92fcd3aa522913efea04bb080968235229472,2024-06,Wiltshire Police,Wiltshire Police,-2.034900,51.386829,On or near Yard Lane,E01031846,Wiltshire 028B,Investigation complete; no suspect identified
ffd880f3819c2e9ae94bd4930a9751f440903830d1eb9ac82d43ab944a22a9c3,2024-06,Wiltshire Police,Wiltshire Police,-1.995557,51.352612,On or near Parking Area,E01031854,Wiltshire 026B,Investigation complete; no suspect identified
e1e6b90ed3a2b1ba5e393b19e1471575b46e1b913bdfb6807cf9e2ce988ecc69,2024-06,Wiltshire Police,Wiltshire Police,-1.796722,51.555546,On or near The Moorings,E01015477,Swindon 015C,Unable to prosecute suspect
a71fe97412f8ec9a66f7799c6abb1b86c50854f530ca4809ae3d74a60f4e2aa7,2024-06,Wiltshire Police,Wiltshire Police,-1.755642,51.588542,On or near Supermarket,E01015557,Swindon 005C,Investigation complete; no suspect identified
f5e17423977e3ea9ebbc3564270760f62fcf83d9967d6b1f60c416104ee00003,2024-06,Wiltshire Police,Wiltshire Police,-1.897124,51.549572,On or near Laburnum Drive,E01031965,Wiltshire 007F,Investigation complete; no suspect identified
7e9e0d16c8fd3858ca2002034101c0e2fbb3bea7bdab6171772886b96b49072c,2024-06,Wiltshire Police,Wiltshire Police,-1.740928,51.563592,On or near Tyneham Road,E01015486,Swindon 013F,Unable to prosecute suspect
c1d0df28f4ae9452e67a2255e76d318fc030cb2dc2e6fb90c171d92722919a1d,2024-06,Wiltshire Police,Wiltshire Police,-1.741482,51.570228,On or near Swan Close,E01015481,Swindon 013A,Unable to prosecute suspect
5985cfef1b2b86d9d53e5020bd3d30fae0482550aec2bddb7556d889c1fb69f5,2024-06,Wiltshire Police,Wiltshire Police,-1.799024,51.070184,On or near Supermarket,E01032014,Wiltshire 056A,Investigation complete; no suspect identified
92a9c41df7b340173c1d237a83141a7e0093279b2748ce7a49b91c92a6e195a7,2024-06,Wiltshire Police,Wiltshire Police,-1.775401,51.564759,On or near Rosebery Street,E01015480,Swindon 015D,Investigation complete; no suspect identified
8c5d080c70c75dc581708a3adfed5858ca4d9dd6e65170c7f2972c37ff3c88d9,2024-06,Wiltshire Police,Wiltshire Police,-1.778273,51.555738,On or near Victoria Road,E01032715,Swindon 019F,Unable to prosecute suspect
8c5d080c70c75dc581708a3adfed5858ca4d9dd6e65170c7f2972c37ff3c88d9,2024-06,Wiltshire Police,Wiltshire Police,-1.778273,51.555738,On or near Victoria Road,E01032715,Swindon 019F,Unable to prosecute suspect
d12750c32e8717607d54162750d4d2140d13ea8081707a839e40d3b78ed9f75d,2024-06,Wiltshire Police,Wiltshire Police,-1.820419,51.552051,On or near Beaulieu Close,E01015570,Swindon 022E,Unable to prosecute suspect
d12750c32e8717607d54162750d4d2140d13ea8081707a839e40d3b78ed9f75d,2024-06,Wiltshire Police,Wiltshire Police,-1.820419,51.552051,On or near Beaulieu Close,E01015570,Swindon 022E,Unable to prosecute suspect
a0d53899352f314ec7e29573e73984ed83842d43062c8f4909dbedddfe895bd0,2024-06,Wiltshire Police,Wiltshire Police,-1.880536,51.572997,On or near Lydiard Green,E01031962,Wiltshire 003D,Unable to prosecute suspect
ab9440fed4a21e7e58cc4caa118b668645e0793e4545c2097de1a7f4bae435b6,2024-06,Wiltshire Police,Wiltshire Police,-2.123467,51.371231,On or near Honeysuckle Close,E01032066,Wiltshire 022B,Unable to prosecute suspect
ea4243a550a130509e300f8491df6f3e72670678e91c16350a71552347b06dd4,2024-06,Wiltshire Police,Wiltshire Police,-1.905203,51.444046,On or near Limer's Lane,E01031937,Wiltshire 013C,Unable to prosecute suspect
d7e670adea8c84dc07a66f2be945b29bc6c7b2a91784cbf9c8bfff6db8b82acd,2024-06,Wiltshire Police,Wiltshire Police,-2.216940,51.321623,On or near Innox Mill Close,E01032085,Wiltshire 031A,Investigation complete; no suspect identified
3b291ecce2572cb5a5e832500df9d640342ffe8f66d4754d9e57c50482f2a2ec,2024-06,Wiltshire Police,Wiltshire Police,-1.774724,51.552934,On or near Brock End,E01015534,Swindon 024B,Investigation complete; no suspect identified
7a405967dca3dd29b7aed4adadbbc5238150f45ab44a8cc93198eb0a59e3f9f2,2024-06,Wiltshire Police,Wiltshire Police,-1.746446,51.554612,On or near Bembridge Close,E01015541,Swindon 020D,Unable to prosecute suspect
070227fdf19a2752e459e4fe20752339ca7440a08c894c1d78a7ef407e0ef04f,2024-06,Wiltshire Police,Wiltshire Police,-2.198237,51.310632,On or near Swift Drive,E01032093,Wiltshire 035B,Unable to prosecute suspect
de8f1137f64436b36e0bc1c5db671ec65f02daab0dab9e439ae8190a23278fba,2024-06,Wiltshire Police,Wiltshire Police,-1.807435,51.597446,On or near Supermarket,E01032710,Swindon 028E,Unable to prosecute suspect
8fa4932b358ed484136f3ac549058c41efd73c2f229cb550c9646353fa65b267,2024-06,Wiltshire Police,Wiltshire Police,-1.729853,51.548272,On or near Grundys,E01015488,Swindon 023B,Unable to prosecute suspect
1fe5d53a228ce5702b4daaa33507e418624242cfac5da661babe68b1ca1ff829,2024-06,Wiltshire Police,Wiltshire Police,-1.899813,51.546643,On or near Lime Kiln,E01031963,Wiltshire 006A,Local resolution
eee6bc6f13ff3a08d841c710c5fe299e447ddb9c48d536b91941fd942e93de81,2024-06,Wiltshire Police,Wiltshire Police,-1.797541,51.562706,On or near Shopping Area,E01032716,Swindon 012G,Investigation complete; no suspect identified
3c3df659462542e9c763e2a0d15d8d808e97ed24620ffe7c38cbeb7133d28cc4,2024-06,Wiltshire Police,Wiltshire Police,-1.767525,51.544810,On or near Bruddel Grove,E01015533,Swindon 024A,Investigation complete; no suspect identified
de710bb01001bdf551c3ae06299fe60750f6bdceb0ee398aef60812ca2b81457,2024-06,Wiltshire Police,Wiltshire Police,-1.799418,51.565540,On or near Hawkins Street,E01015578,Swindon 012B,Investigation complete; no suspect identified
f95ede7b368a49bd3f3e00ae9e19a1703df837f8d4963964d3d6b86fa9799c64,2024-06,Wiltshire Police,Wiltshire Police,-1.768240,51.545998,On or near Scotby Avenue,E01015533,Swindon 024A,Investigation complete; no suspect identified
5761dc6f551c4abfea014da5c98cb29ec54fae35fd830f9612ca1d5874d0198f,2024-06,Wiltshire Police,Wiltshire Police,-1.780358,51.581079,On or near Sycamore Grove,E01015506,Swindon 007A,Unable to prosecute suspect
dee18559c296b743e722736f12044b9b2416eed274679590ad6669add2e5b18c,2024-06,Wiltshire Police,Wiltshire Police,-1.797541,51.562706,On or near Shopping Area,E01032716,Swindon 012G,Investigation complete; no suspect identified
f3cd42085fc281281b58733cd8821940c2f14c65902613b40875db5d987db15b,2024-06,Wiltshire Police,Wiltshire Police,-1.794817,51.549303,On or near Pasteur Drive,E01032706,Swindon 021E,Investigation complete; no suspect identified
a8da6d97055a434968779eac1169e984dbe67d763bf2a976f50fe24946aaca18,2024-06,Wiltshire Police,Wiltshire Police,-2.251913,51.337504,On or near Spencers Orchard,E01032049,Wiltshire 027E,Investigation complete; no suspect identified
dcf9533d198448e5c664ed434dda1dd61f2bc4417f61f9e8507cab656680fbdd,2024-06,Wiltshire Police,Wiltshire Police,-2.111335,51.456529,On or near Ladds Lane,E01031917,Wiltshire 011D,Unable to prosecute suspect
a4dba8b44a2df45f333898862155beff0f246c10c5b0707a0ea76e144257a5a2,2024-06,Wiltshire Police,Wiltshire Police,-1.746712,51.568972,On or near Twickenham Close,E01015550,Swindon 009B,Suspect charged
b55ad113f9445f6c200334ccbcb9d14c51b4d48f74fda191b5fded0ec1e9a66d,2024-06,Wiltshire Police,Wiltshire Police,-1.784718,51.071147,On or near Wessex Road,E01032015,Wiltshire 056B,Unable to prosecute suspect
d9b5f8a0e98d863483a633e48ec1867e826349bb8cc20fe13a9cc26c42045f67,2024-06,Wiltshire Police,Wiltshire Police,-2.205346,51.328334,On or near Avonvale Road,E01032087,Wiltshire 031C,Unable to prosecute suspect
9606b64ab9203fa63ff8e6fead4e4a52db8d2402a2f7444799c232c882afe64d,2024-06,Wiltshire Police,Wiltshire Police,-2.209886,51.322967,On or near Supermarket,E01034533,Wiltshire 031D,Unable to prosecute suspect
716c3d86fa80592242c6492a4113c0809f51fe2240311475b9be1a1ae1c74dd1,2024-06,Wiltshire Police,Wiltshire Police,-2.195471,51.429138,On or near Brakspear Drive,E01031932,Wiltshire 018B,Unable to prosecute suspect
6d02f441e3b236bb0ea1c20c05e7757b7194d417e09519c7b61568a08158e3bf,2024-06,Wiltshire Police,Wiltshire Police,-1.776410,51.564959,On or near Graham Street,E01015480,Swindon 015D,Unable to prosecute suspect
076233764043948bc9edd74402c5a0b285c2c3b077a393be4805a5b991122d25,2024-06,Wiltshire Police,Wiltshire Police,-2.216940,51.321623,On or near Innox Mill Close,E01032085,Wiltshire 031A,Investigation complete; no suspect identified
f57708fef101c944d2838c0c162360f0fea6938bf6046b64dbb9e48aadbda28d,2024-06,Wiltshire Police,Wiltshire Police,-2.208256,51.321126,On or near Fore Street,E01034534,Wiltshire 031E,Investigation complete; no suspect identified
0405d6c4725b0279c3d29212ce41a68c6cce2f451d5d8409c1ba0b5fde583e23,2024-06,Wiltshire Police,Wiltshire Police,-2.128958,51.372214,On or near Cornwall Crescent,E01032066,Wiltshire 022B,Unable to prosecute suspect
2f2e45c9e29f30a6895c8bb75004caeb61505bdebdbdcf980166d23629c9a966,2024-06,Wiltshire Police,Wiltshire Police,-1.898324,51.548260,On or near Fairfield,E01031965,Wiltshire 007F,Local resolution
80849018a8bfd8cf845432b467f5206abf223e904810d63909700fd8e6d88ffa,2024-06,Wiltshire Police,Wiltshire Police,-1.796302,51.069154,On or near Minster Street,E01032022,Wiltshire 058C,Investigation complete; no suspect identified
c2a4eaefae7dd0aedafdc8e60caf869159ac4b0fd635e68b614f2900df30bdee,2024-06,Wiltshire Police,Wiltshire Police,-1.926704,51.530982,On or near The Drive,E01031968,Wiltshire 007H,Unable to prosecute suspect
455d466cc932b8fc82e4f7ada4f4bd4d6cb35702888e6246520177ee272c1367,2024-06,Wiltshire Police,Wiltshire Police,-1.880536,51.572997,On or near Lydiard Green,E01031962,Wiltshire 003D,Unable to prosecute suspect
dbf067f9425ceb85a230332336846f92fad6d6ec02a76c50d44bf32d0f831a04,2024-06,Wiltshire Police,Wiltshire Police,-1.760814,51.173098,On or near Porton Road,E01034544,Wiltshire 048G,Investigation complete; no suspect identified
ae85d8ba56bd1478bb9efab6f78073016fcff0d3714911e25bb6d46fb8a0df95,2024-06,Wiltshire Police,Wiltshire Police,-1.766498,51.174962,On or near Annetts Close,E01031975,Wiltshire 048B,Unable to prosecute suspect
00e8c25b12b12ab7512b01c43e13634d5618bc4d0ef21ee9cd0c66594479e512,2024-06,Wiltshire Police,Wiltshire Police,-1.983657,51.338116,On or near Parking Area,E01031855,Wiltshire 026C,Action to be taken by another organisation
c50c05413547afe7ebc4e4060be75a1990c3861ba2fbb87045f0318d04450314,2024-06,Wiltshire Police,Wiltshire Police,-1.783289,51.601467,On or near Supermarket,E01033861,Swindon 028G,Investigation complete; no suspect identified
12906432cce33711f7fe6050950feb5049bf8d7ad2ea86ea466bacdbf4177926,2024-06,Wiltshire Police,Wiltshire Police,-1.781431,51.558845,On or near Regent Circus,E01032714,Swindon 019E,Unable to prosecute suspect
a118172d1cd2e4c7637aff25e88169fcf252adb01c203e7a4a9c24103b37d92c,2024-06,Wiltshire Police,Wiltshire Police,-1.721977,51.418444,On or near Sports/Recreation Area,E01031861,Wiltshire 019A,Unable to prosecute suspect
4b0a3bf3be553a72ff75e29c532b159b0b2ca2b599f1d39062e4bc272a7e34ae,2024-06,Wiltshire Police,Wiltshire Police,-2.131802,51.452156,On or near Petrol Station,E01031913,Wiltshire 011C,Unable to prosecute suspect
75f7466827b92406f586791759c3b299545d988ee5c107e396b93972b803edb1,2024-06,Wiltshire Police,Wiltshire Police,-1.784732,51.565577,On or near Swindon,E01033845,Swindon 015E,Investigation complete; no suspect identified
8d5664a05fb2d522d549138b1194d257716320757d7151a79278e3e6007f7c21,2024-06,Wiltshire Police,Wiltshire Police,-1.995290,51.438455,On or near Woodroffe Square,E01031901,Wiltshire 016B,Unable to prosecute suspect
8dec0542e551ddcf9a209e1d84e5a171571b1bb5a67323ec407289b93fa07ea1,2024-06,Wiltshire Police,Wiltshire Police,-1.769723,51.543565,On or near Lowry Way,E01015535,Swindon 024C,Investigation complete; no suspect identified
0434675b517038b48e6f691558d8b46eab42a4196a51605185fe5f931d762404,2024-06,Wiltshire Police,Wiltshire Police,-1.773204,51.172610,On or near Antrobus Road,E01031974,Wiltshire 048A,Investigation complete; no suspect identified
75f723c80499e77dcf95477243ba2b2bc2fde8bc7a0c9612c3a7ee830e303613,2024-06,Wiltshire Police,Wiltshire Police,-2.192517,51.195060,On or near Frederick Taylor Court,E01032109,Wiltshire 044C,Unable to prosecute suspect
fb8aed999dbe66c29ec56b29d234c32bf846a3134a2a38a2583975cbbe07aa5b,2024-06,Wiltshire Police,Wiltshire Police,-2.190427,51.201799,On or near West Parade,E01032113,Wiltshire 043D,Unable to prosecute suspect
f254c25da457e9d667d2a60c520d5c4aa3a2453f5f5c538b2e2ffe9e05b69cd7,2024-06,Wiltshire Police,Wiltshire Police,-2.195471,51.429138,On or near Brakspear Drive,E01031932,Wiltshire 018B,Unable to prosecute suspect
849c2328ce850e4292b72f6a2d0018781c4f6743d8ec1311f76a81febf695cdc,2024-06,Wiltshire Police,Wiltshire Police,-1.984532,51.340670,On or near Green Lane,E01032688,Wiltshire 025E,Unable to prosecute suspect
c44d224294bf182825c89e11ee7f817e4b4fb0a97728bb6113ee5761bdeacdb0,2024-06,Wiltshire Police,Wiltshire Police,-1.816891,51.554276,On or near Markenfield,E01015568,Swindon 014D,Investigation complete; no suspect identified
60b8b1098b891ca5ac919ac0a96d0701198ba65ce37a1f02b99dd5f822f1fcde,2024-06,Wiltshire Police,Wiltshire Police,-1.790730,51.541729,On or near Supermarket,E01033848,Swindon 024F,Suspect charged
a1b14bb0887ae64076c092337cfbeffbce3eb3bd53050e4b651194fef1d8b1bf,2024-06,Wiltshire Police,Wiltshire Police,-1.780517,51.171896,On or near Salisbury Street,E01031979,Wiltshire 048F,Unable to prosecute suspect
b91cde638f861fcebe9e3b6c80d5fb739bd9e89cba97720fccfcedb73dea369f,2024-06,Wiltshire Police,Wiltshire Police,-2.209415,51.320414,On or near Shopping Area,E01034534,Wiltshire 031E,Unable to prosecute suspect
16ee19e2c46131732a35d5803693cf2837db1747ec2e4818e8f680bd5cb2a55a,2024-06,Wiltshire Police,Wiltshire Police,-2.195471,51.429138,On or near Brakspear Drive,E01031932,Wiltshire 018B,Unable to prosecute suspect
9a619707c363718b2326deddd5ed4391e8494b6c90ae30def14e376c7ffd294f,2024-06,Wiltshire Police,Wiltshire Police,-1.778350,51.551692,On or near Bradford Road,E01015532,Swindon 021D,Unable to prosecute suspect
f318a723c6eb9c8ea1b2f09ab3d4dffbb3cba978bff1c4a8f8fef7f9b8c54c3c,2024-06,Wiltshire Police,Wiltshire Police,-1.827120,51.079571,On or near Old Dairy Close,E01031983,Wiltshire 052D,Unable to prosecute suspect
5e9a9631fd0161832ed15d12691f8ee52042a786bff9deecd26f8e00045313a9,2024-06,Wiltshire Police,Wiltshire Police,-1.769824,51.340158,On or near Coronation Close,E01031869,Wiltshire 024B,Unable to prosecute suspect
2551012c6f82eb93a4a1b566891038a600666c9c362bac70815cc9d36ce3c0c2,2024-06,Wiltshire Police,Wiltshire Police,-1.797541,51.562706,On or near Shopping Area,E01032716,Swindon 012G,Investigation complete; no suspect identified
1e705d599b4d5f363ff07874e5d8653b2bfc7561a994c7109b56824f4623428a,2024-06,Wiltshire Police,Wiltshire Police,-1.778701,51.171658,On or near Parking Area,E01031979,Wiltshire 048F,Investigation complete; no suspect identified
e7d2a3144f85053718a7427b9163042d2ca3791a4bd4e0c11becba73a0265411,2024-06,Wiltshire Police,Wiltshire Police,-1.786886,51.561517,On or near Queen Street,E01033845,Swindon 015E,Unable to prosecute suspect
3ca629625d4e141ffafe7a5bd811431e346bc6dc37abee6bfa08d56e15467ae4,2024-06,Wiltshire Police,Wiltshire Police,-1.748271,51.550624,On or near Rosedale Road,E01015541,Swindon 020D,Unable to prosecute suspect
a2b7b407778569ca1b2d1fbb3fc53dc41de8fa32815b8cdeb7b46c211804ccb7,2024-06,Wiltshire Police,Wiltshire Police,-2.231073,51.298397,On or near Fleur De Lys Drive,E01032083,Wiltshire 037B,Unable to prosecute suspect
08f5b6c1dec88a93586555fb058a8f8e120289b6e5d4d47ed66cff3cc8259974,2024-06,Wiltshire Police,Wiltshire Police,-1.794817,51.549303,On or near Pasteur Drive,E01032706,Swindon 021E,Unable to prosecute suspect
08f5b6c1dec88a93586555fb058a8f8e120289b6e5d4d47ed66cff3cc8259974,2024-06,Wiltshire Police,Wiltshire Police,-1.794817,51.549303,On or near Pasteur Drive,E01032706,Swindon 021E,Unable to prosecute suspect
0099384ada63c5145f5d3a850d1ebd38dcfa31c1c25aace8af76524f854d21c9,2024-06,Wiltshire Police,Wiltshire Police,-1.797245,51.068913,On or near St Thomas Square,E01032022,Wiltshire 058C,Investigation complete; no suspect identified
7864e88da5f5293583595986d44553cd892d8492315ae311141093d49379fe6d,2024-06,Wiltshire Police,Wiltshire Police,-1.788520,51.579233,On or near Wavell Road,E01015580,Swindon 007D,Unable to prosecute suspect
40763607cf8c1824201df79d0035dd56b99b7615237310a754d8246fd2b9c35f,2024-06,Wiltshire Police,Wiltshire Police,-1.849316,51.356688,On or near Rectory Close,E01031871,Wiltshire 024D,Unable to prosecute suspect
b3cff5a26db28f64f765e061c06230bc73ae0e3d7f51d9650a48e21e76da12ee,2024-06,Wiltshire Police,Wiltshire Police,-1.790730,51.541729,On or near Supermarket,E01033848,Swindon 024F,Suspect charged
d716badf4961fa062a2d6b593467a3d581b9e56c3c1690326d8c6e07d8a8661b,2024-06,Wiltshire Police,Wiltshire Police,-1.780223,51.585161,On or near Orchid Close,E01015506,Swindon 007A,Investigation complete; no suspect identified
a88999de0f422b979de8ea625a4189235c95c9b4adba7731750da6d90ac83b7c,2024-06,Wiltshire Police,Wiltshire Police,-1.836077,51.093702,On or near Lapham Vale,E01031980,Wiltshire 052A,Unable to prosecute suspect
00242eaaeb984f93250d803bf65f0e5b5f3e9a30324009e008f27878538047ce,2024-06,Wiltshire Police,Wiltshire Police,-1.795928,51.549071,On or near Seacole Crescent,E01032707,Swindon 021F,Unable to prosecute suspect
c16952f179e9e08c6cdf9268145dfd46aad9c4e77dc3c7039dbf808553d59756,2024-06,Wiltshire Police,Wiltshire Police,-1.789114,51.563220,On or near Sheppard Street,E01015477,Swindon 015C,Unable to prosecute suspect
6302c262cf48ec4161398e45fd1b82b66e8d1d976aec1dc4e6d08bec8ea53a58,2024-06,Wiltshire Police,Wiltshire Police,-1.759022,50.994660,On or near Petrol Station,E01031995,Wiltshire 062E,Investigation complete; no suspect identified
640266a4eb3ece20861c426a89d279c2d3cab2dc301efc19606b4cf9048d0787,2024-06,Wiltshire Police,Wiltshire Police,-2.195471,51.429138,On or near Brakspear Drive,E01031932,Wiltshire 018B,Unable to prosecute suspect
a8646bc98f56c1abddb2971da9cc301b2c137148bbc1bbd752ad151dbd901f51,2024-06,Wiltshire Police,Wiltshire Police,-1.827803,51.083844,On or near Barnards Hill Drive,E01031983,Wiltshire 052D,Unable to prosecute suspect
a316dfb98e3b789bcc6a657cec46914fc5064b56e618231e779d0c5d972ac0b5,2024-06,Wiltshire Police,Wiltshire Police,-1.960543,51.508753,On or near Hastings Drive,E01032699,Wiltshire 007I,Unable to prosecute suspect
7ddadafcd9ed2173a7a90a6e6c0b2bfcf18d3d730dbfa76c761b5ec25c9420b9,2024-06,Wiltshire Police,Wiltshire Police,-2.286329,51.151931,On or near Frome Road,E01032036,Wiltshire 050C,Unable to prosecute suspect
e317873f216055d6f5f14e0580884b0e7b456ad9feb6ee64becca8daed9c25be,2024-06,Wiltshire Police,Wiltshire Police,-1.820221,51.080487,On or near Wellington Way,E01032025,Wiltshire 053D,Investigation complete; no suspect identified
6f14f7c3eb6b15386ae7a7efdeeb2198a426621e8d1982abcaf6db9a38d5565f,2024-06,Wiltshire Police,Wiltshire Police,-1.746571,51.555449,On or near Clanfield Road,E01015537,Swindon 020A,Action to be taken by another organisation
ab57634011211d7b147556e6818ce081bc85bfea60ca58fae89f7792800b0120,2024-06,Wiltshire Police,Wiltshire Police,-1.779689,51.588010,On or near Newton Way,E01015544,Swindon 003B,Unable to prosecute suspect
393ecd87c415b4f108cfa3f6a93e4afd63072c5debf2290ed43213efd18d7916,2024-06,Wiltshire Police,Wiltshire Police,-1.788868,51.100181,On or near Lafranc Close,E01034549,Wiltshire 057F,Investigation complete; no suspect identified
8729b3c5e14afd5eef65364f6025c7409e7270e8f37d565752ecb6413bc349d0,2024-06,Wiltshire Police,Wiltshire Police,-1.788181,51.066154,On or near St Martin's Church Street,E01032023,Wiltshire 059D,Investigation complete; no suspect identified
e1455282ebcc5dfe96d109fdef9231ad317bea5af657fb3138f49f75bb751bdf,2024-06,Wiltshire Police,Wiltshire Police,-1.898661,51.545851,On or near A3102,E01031963,Wiltshire 006A,Unable to prosecute suspect
b379eaf35da8acbfead17676caf404981c9fe820e6bf04a6949242cb9fa40087,2024-06,Wiltshire Police,Wiltshire Police,-1.839630,51.556143,On or near Holinshed Mews,E01015505,Swindon 018D,Unable to prosecute suspect
8d1493828410b0a10325b7fb961b46785f28f9d26d078d04c7c20ab58e5eb87c,2024-06,Wiltshire Police,Wiltshire Police,-2.128550,51.375506,On or near Devonshire Place,E01032065,Wiltshire 020C,Unable to prosecute suspect
8d1493828410b0a10325b7fb961b46785f28f9d26d078d04c7c20ab58e5eb87c,2024-06,Wiltshire Police,Wiltshire Police,-2.128550,51.375506,On or near Devonshire Place,E01032065,Wiltshire 020C,Unable to prosecute suspect
8d1493828410b0a10325b7fb961b46785f28f9d26d078d04c7c20ab58e5eb87c,2024-06,Wiltshire Police,Wiltshire Police,-2.128550,51.375506,On or near Devonshire Place,E01032065,Wiltshire 020C,Unable to prosecute suspect
8d1493828410b0a10325b7fb961b46785f28f9d26d078d04c7c20ab58e5eb87c,2024-06,Wiltshire Police,Wiltshire Police,-2.128550,51.375506,On or near Devonshire Place,E01032065,Wiltshire 020C,Unable to prosecute suspect
8d1493828410b0a10325b7fb961b46785f28f9d26d078d04c7c20ab58e5eb87c,2024-06,Wiltshire Police,Wiltshire Police,-2.128550,51.375506,On or near Devonshire Place,E01032065,Wiltshire 020C,Unable to prosecute suspect
32d2da06eceafd85cfe69afa088f9ac7890ba274cbfc161db84fd60823703673,2024-06,Wiltshire Police,Wiltshire Police,-1.767794,51.196113,On or near Swan Close,E01031997,Wiltshire 046C,Unable to prosecute suspect
067f47ac55260fec9a4791c835a0908b601b20789d35244b6d3df4d4d14e6554,2024-06,Wiltshire Police,Wiltshire Police,-1.818977,51.080962,On or near Roberts Road,E01032025,Wiltshire 053D,Local resolution
6419adf56cb3d5c24a178e71c623f22a06658cc86475acbd878e8cae226416de,2024-06,Wiltshire Police,Wiltshire Police,-1.817412,51.604259,On or near Isambard Way,E01032713,Swindon 026F,Local resolution
cfc3a37894bc24387803d1cb7df986b868058a6458ce3069a36ee97bf837b841,2024-06,Wiltshire Police,Wiltshire Police,-1.783686,51.579287,On or near Pinehurst Road,E01015507,Swindon 007B,Unable to prosecute suspect
3cb4c755b59a0489f85047779547b80c64a8b064682fadad7b50b1faca39b73f,2024-06,Wiltshire Police,Wiltshire Police,-1.740299,51.577832,On or near Carver Close,E01015551,Swindon 009C,Investigation complete; no suspect identified
b293b792596878c13dc3069f6a85ace04352cb7e87187a8b1bdd72f12ce194db,2024-06,Wiltshire Police,Wiltshire Police,-2.079316,51.060752,On or near Tisbury,E01032030,Wiltshire 061C,Investigation complete; no suspect identified
38c6c4991f20fc321cdf48d548238009a82644b73a9ddc2ef90ef49a8349ed55,2024-06,Wiltshire Police,Wiltshire Police,-1.983657,51.338116,On or near Parking Area,E01031855,Wiltshire 026C,Unable to prosecute suspect
fc967d4c34cc9a7fbadfca3cb1a30f7e36965bbebd2c15a10e693c9ce73c0d67,2024-06,Wiltshire Police,Wiltshire Police,-1.783422,51.561915,On or near College Street,E01032714,Swindon 019E,Unable to prosecute suspect
eb3dbe8f50accbee86479635c57b93b90a66a53fef12ac98e0e3d80643ed8f14,2024-06,Wiltshire Police,Wiltshire Police,-1.775575,51.549933,On or near Station Approach,E01015534,Swindon 024B,Unable to prosecute suspect
4b66cbcd4ce2ebff64060f430546da78d79a856f4c5bae370e0f410db6bdd8ca,2024-06,Wiltshire Police,Wiltshire Police,-1.769999,51.201657,On or near Ivors Court,E01031997,Wiltshire 046C,Unable to prosecute suspect
0d13640552420b31a3302bc5443aa7cc655be55e91dc2451a90b43972f6acf5e,2024-06,Wiltshire Police,Wiltshire Police,-1.832955,51.083671,On or near Sports/Recreation Area,E01031981,Wiltshire 052B,Unable to prosecute suspect
16a8ddc56f726695a60c46cdf99a2d6acb343638507d2db78fc834d087952663,2024-06,Wiltshire Police,Wiltshire Police,-1.783685,51.582443,On or near Hurst Crescent,E01015506,Swindon 007A,Investigation complete; no suspect identified
080d74efe19a10133368bcffbc4b45ec843174dddc46d37f8d11ab01673a6c92,2024-06,Wiltshire Police,Wiltshire Police,-1.774559,51.565837,On or near County Road,E01015475,Swindon 015A,Unable to prosecute suspect
5f38d0413d531cf57055d1757b3dd08d1d2c0280c82856c6ec039f67c483be75,2024-06,Wiltshire Police,Wiltshire Police,-1.801383,51.075952,On or near Supermarket,E01032024,Wiltshire 055D,Investigation complete; no suspect identified
66b3db735b65ecc2e456b03eea5636830db3e09b83c9852e51aa0fdd6fdaa961,2024-06,Wiltshire Police,Wiltshire Police,-1.826925,51.567031,On or near Winlaw Close,E01015561,Swindon 014A,Investigation complete; no suspect identified
951a4e93a50f875ac1176323a0b28834de4f77d4e612ca2285d2159b0d337e3f,2024-06,Wiltshire Police,Wiltshire Police,-1.902792,51.542923,On or near High Street,E01031967,Wiltshire 006C,Suspect charged
8ace4c30c17f917469cca1c288937b8461ddd8b7d9e0b2f2c5761f1f0cfd5453,2024-06,Wiltshire Police,Wiltshire Police,-1.729853,51.548272,On or near Grundys,E01015488,Swindon 023B,Investigation complete; no suspect identified
b50993747e0e15b926210dd36de92c7855129e7af4f5d0b551e7bb535fb43f07,2024-06,Wiltshire Police,Wiltshire Police,-2.251913,51.337504,On or near Spencers Orchard,E01032049,Wiltshire 027E,Investigation complete; no suspect identified
56b3e3fe4b1b1e51395b865da1ce66d6e779d091e1346c3cac4b19390d41104a,2024-06,Wiltshire Police,Wiltshire Police,-1.711748,51.629187,On or near A361,E01015520,Swindon 001B,Investigation complete; no suspect identified
6d97b6153239490927285ba278b5a002ef58e667b316a967e10a9a65cb35858c,2024-06,Wiltshire Police,Wiltshire Police,-1.748271,51.550624,On or near Rosedale Road,E01015541,Swindon 020D,Unable to prosecute suspect
ea2c6d3f993dec03b8fe6bf490ef9fbfefc1017bad821624a75e3797e615162b,2024-06,Wiltshire Police,Wiltshire Police,-1.870458,51.085256,On or near Water Ditchampton,E01032039,Wiltshire 054E,Unable to prosecute suspect
eddb6ef5160b89fb1d74f344254c23bdcadfd609a78ceb4716f8b5537d7499dc,2024-06,Wiltshire Police,Wiltshire Police,-2.171761,51.197646,On or near Willow Crescent,E01032105,Wiltshire 042B,Investigation complete; no suspect identified
3a01b2be035285950e45e86fd2602d963072fe4116450af4e3e5d3dba7939f8c,2024-06,Wiltshire Police,Wiltshire Police,-1.828109,51.551307,On or near Rhuddlan,E01015571,Swindon 022F,Action to be taken by another organisation
a071b2a7d342adf87edd85a619f3f1f4dd74e9f9bfbb00cec7ba56ce1a182bba,2024-06,Wiltshire Police,Wiltshire Police,-1.763069,51.163013,On or near Pouncette Close,E01031976,Wiltshire 048C,Unable to prosecute suspect
fefd3942c9a36c3c0e1bba9df3ef9af6316694e33bef78b16ba06fb89df6e7f8,2024-06,Wiltshire Police,Wiltshire Police,-2.182726,51.208870,On or near The Mead,E01032114,Wiltshire 044D,Unable to prosecute suspect
adbe761930aa358b19968b1446189092fac5bf61cfa960f29c47e9c3cb286023,2024-06,Wiltshire Police,Wiltshire Police,-2.157759,51.534189,On or near The Parklands,E01031958,Wiltshire 005B,Investigation complete; no suspect identified
7b02f12dc8785ead82a907a235e82c6c712ed55ac99abdeb0870342d873c0c73,2024-06,Wiltshire Police,Wiltshire Police,-1.786438,51.580164,On or near Doris Archer Court,E01015507,Swindon 007B,Action to be taken by another organisation
12db2875638566586ff184be0675554e34071513522d4efbb134ac66eacad724,2024-06,Wiltshire Police,Wiltshire Police,-2.167523,51.200998,On or near Houghton Close,E01032105,Wiltshire 042B,Investigation complete; no suspect identified
9092ed52a57de9965f28ce7bc38033c095f8d9997dba3b548fa7b8833df83095,2024-06,Wiltshire Police,Wiltshire Police,-1.746546,51.588573,On or near St Quentin Close,E01015552,Swindon 009D,Action to be taken by another organisation
27107c970e1d5e245c967526f96f9fee60c5ef55f367074cece415235e77eb4b,2024-06,Wiltshire Police,Wiltshire Police,-1.789720,51.578741,On or near Montgomery Avenue,E01015580,Swindon 007D,Unable to prosecute suspect
268cf638dcbe5b8c57b1a0752c6fa77eccdb7d80476aa8d79a5548292de16eef,2024-06,Wiltshire Police,Wiltshire Police,-1.815198,51.591335,On or near Cornflower Road,E01015515,Swindon 004C,Unable to prosecute suspect
a01e02011c7fe44a57d7f71f497280475e80a3152d0083e1b36661cdd4adbf2d,2024-06,Wiltshire Police,Wiltshire Police,-2.187998,51.336141,On or near Newleaze,E01032079,Wiltshire 030C,Unable to prosecute suspect
bec24912dd6bf0ba280fb8b33940e467d2bbaca24101dc36b8941af3e753580e,2024-06,Wiltshire Police,Wiltshire Police,-1.990286,51.354140,On or near St James' Gardens,E01031850,Wiltshire 025A,Unable to prosecute suspect
32414345b7d29ecad47dfa72590f694de79271607cd06bfb1853d7c650efc5ae,2024-06,Wiltshire Police,Wiltshire Police,-2.210883,51.318262,On or near Bythesea Road,E01034534,Wiltshire 031E,Unable to prosecute suspect
6e271e2d7ce6c5a99aedf90e7befb496fbbe56afcadca00f56e9c781bb67c654,2024-06,Wiltshire Police,Wiltshire Police,-1.781938,51.594776,On or near Hilmarton Avenue,E01015545,Swindon 003C,Unable to prosecute suspect
a37eb43f13a656690709b4ca57ef8a0c23288d1e2ec3671db0adc2a415a9f25e,2024-06,Wiltshire Police,Wiltshire Police,-1.781938,51.594776,On or near Hilmarton Avenue,E01015545,Swindon 003C,Unable to prosecute suspect
34345137c25225d63413c11c457d36bb8a3d1a89940298488a6737ed301b79ed,2024-06,Wiltshire Police,Wiltshire Police,-1.758478,51.562181,On or near Tudor Walk,E01015575,Swindon 016D,Unable to prosecute suspect
5bbc41d39c00a8958978e0120018e3bd1bdf1db6d3a4809cb2de1fd222b09b39,2024-06,Wiltshire Police,Wiltshire Police,-2.016470,51.445755,On or near Honeysuckle Close,E01031897,Wiltshire 015C,Unable to prosecute suspect
8cad96978e604aec2f71818f94fc87997843d2a2e4ea891daeaef2a9dc555429,2024-06,Wiltshire Police,Wiltshire Police,-1.726486,51.424110,On or near South View Place,E01031862,Wiltshire 019B,Unable to prosecute suspect
8cad96978e604aec2f71818f94fc87997843d2a2e4ea891daeaef2a9dc555429,2024-06,Wiltshire Police,Wiltshire Police,-1.726486,51.424110,On or near South View Place,E01031862,Wiltshire 019B,Unable to prosecute suspect
8cad96978e604aec2f71818f94fc87997843d2a2e4ea891daeaef2a9dc555429,2024-06,Wiltshire Police,Wiltshire Police,-1.726486,51.424110,On or near South View Place,E01031862,Wiltshire 019B,Unable to prosecute suspect
8cad96978e604aec2f71818f94fc87997843d2a2e4ea891daeaef2a9dc555429,2024-06,Wiltshire Police,Wiltshire Police,-1.726486,51.424110,On or near South View Place,E01031862,Wiltshire 019B,Unable to prosecute suspect
e69124ddd7130853dfe6e975b5883b6e61035cce124c98313f8ce584af880bd7,2024-06,Wiltshire Police,Wiltshire Police,-1.783289,51.601467,On or near Supermarket,E01033861,Swindon 028G,Investigation complete; no suspect identified
063d4154c41fb09f1cac5c4b5a576eba7cb3a9e0d7f9c9d413c663cc88d8e23d,2024-06,Wiltshire Police,Wiltshire Police,-2.142477,51.441713,On or near Haywain Halt,E01031931,Wiltshire 018A,Unable to prosecute suspect
13542c6ff65c3b8f86a5cb8fedaa7ac5d941f741a350bba22261154c2eb3bc3b,2024-06,Wiltshire Police,Wiltshire Police,-1.760814,51.173098,On or near Porton Road,E01034544,Wiltshire 048G,Unable to prosecute suspect
98167542c1b786739d990ea3b6fee9871c816486a58af03c797472c63ba29ac4,2024-06,Wiltshire Police,Wiltshire Police,-2.138236,51.381025,On or near Riverside Drive,E01032063,Wiltshire 020A,Unable to prosecute suspect
fc26ff192148d7704a733af0259b9df8572666ab2cf4a06df204bddf1280ed50,2024-06,Wiltshire Police,Wiltshire Police,-1.665242,51.345903,On or near Croft Corner,E01031847,Wiltshire 029B,Unable to prosecute suspect
be45e71d0d7ece454d9edba9298bdd99726cba1038b230e89c5b901183b8e1c0,2024-06,Wiltshire Police,Wiltshire Police,-1.840657,51.551082,On or near Winstanley Close,E01015500,Swindon 018B,Investigation complete; no suspect identified
cedf921ce687bd3153edd40691007295df7aacbf37507b6f3218c04fa875a02c,2024-06,Wiltshire Police,Wiltshire Police,-1.728941,51.546409,On or near Barrington Close,E01015489,Swindon 023C,Investigation complete; no suspect identified
009de7c7529129f62907af01cf0281d7456fc2dd4ce223b2ed3f2d5553befe8d,2024-06,Wiltshire Police,Wiltshire Police,-1.752320,51.569928,On or near A4312,E01015550,Swindon 009B,Investigation complete; no suspect identified
8eaf58e1ce2f13108670d27324696bb46e554fee94ace47979b0228eff26dd8a,2024-06,Wiltshire Police,Wiltshire Police,-2.247858,51.339763,On or near Sports/Recreation Area,E01032048,Wiltshire 027D,Unable to prosecute suspect
666a67317f11b45d401ea49e23067c505ba7c6ec8ab67cf7c1bb23ca49024e92,2024-06,Wiltshire Police,Wiltshire Police,-2.259635,51.352611,On or near The Elms,E01032047,Wiltshire 027C,Local resolution
9f55b6e054837aaee37a36ba83f3fe4de27630a1688997a817d3dd4a21911188,2024-06,Wiltshire Police,Wiltshire Police,-1.720138,51.561512,On or near Partridge Close,E01015485,Swindon 013E,Unable to prosecute suspect
552633b09f0c4c3400b1cb4e31d122a53192b0bf749f0aeb0a78f0d99abe90b7,2024-06,Wiltshire Police,Wiltshire Police,-1.721136,51.037436,On or near Matrons Cottages,E01031970,Wiltshire 060A,Unable to prosecute suspect
b1b9cff5e6bf41419b0adb76b4da8fa753c58663bb61cfa0438acb41181071b9,2024-06,Wiltshire Police,Wiltshire Police,-1.770855,51.567797,On or near Supermarket,E01015479,Swindon 017A,Investigation complete; no suspect identified
9fe4bcaca62a081af38ea70c0b051b580a3d2c2ddf902944011a46736435e695,2024-06,Wiltshire Police,Wiltshire Police,-1.653434,51.239801,On or near Sycamore Close,E01034557,Wiltshire 066D,Unable to prosecute suspect
583a5309bb7dd89e116617ce0ef33d7d6694a0364c7e06aa8a0174d581a0eb76,2024-06,Wiltshire Police,Wiltshire Police,-1.764842,51.589807,On or near Supermarket,E01015559,Swindon 005E,Investigation complete; no suspect identified
286f96ab83ef01e8cbbca442d18a38dde9506c8058e52a9af08160e6663c433d,2024-06,Wiltshire Police,Wiltshire Police,-1.789755,51.577419,On or near Tedder Close,E01015580,Swindon 007D,Action to be taken by another organisation
8a096640edb6e754411e1be9c036a05ad9be86e68fe03c607d2e38b88e3d0ad7,2024-06,Wiltshire Police,Wiltshire Police,-2.031125,51.540063,On or near Dauntsey Road,E01031892,Wiltshire 004B,Investigation complete; no suspect identified
ff4b9129d3cc3d617aa17d72a76480fa2f0df5e01987b98eed23a00a9fb7dd9e,2024-06,Wiltshire Police,Wiltshire Police,-2.126064,51.427516,On or near Mons Lane,E01031942,Wiltshire 018E,Local resolution
59452abef805eceaa7ea09fd721f6527bfc9b34b2f4bc4d1ca07ae26f8438d93,2024-06,Wiltshire Police,Wiltshire Police,-1.773407,51.550999,On or near B4006,E01015534,Swindon 024B,Investigation complete; no suspect identified
586195bfdca094f89e469ae81f2ed7d7fa1f3fddf4bc38429765536dd2a1f5a7,2024-06,Wiltshire Police,Wiltshire Police,-1.949098,51.616906,On or near Sambourne Road,E01031886,Wiltshire 004A,Unable to prosecute suspect
07f464de0e1fde4b2aded789d50853b9121ab02edb5d5af1b053fbd65faaf5ab,2024-06,Wiltshire Police,Wiltshire Police,-2.149197,51.380184,On or near Shurnhold,E01032062,Wiltshire 022A,Unable to prosecute suspect
afbdbe58ba5dec11fb05cfdb62d5bd740cdfbefa12c8793043e6f6b436e043e7,2024-06,Wiltshire Police,Wiltshire Police,-2.008715,51.305612,On or near Parking Area,E01031858,Wiltshire 034C,Investigation complete; no suspect identified
35f183cc09a314f5acd95c7ca2e927f2465a6e1c4cd38ed55b3438597eea0a10,2024-06,Wiltshire Police,Wiltshire Police,-2.209886,51.322967,On or near Supermarket,E01034533,Wiltshire 031D,Unable to prosecute suspect
4c0cff69cbed0930678570410c83c8ff1a72934316c63adf3eb9eb76fe2ee46e,2024-06,Wiltshire Police,Wiltshire Police,-1.996232,51.352288,On or near Theatre/Concert Hall,E01031854,Wiltshire 026B,Unable to prosecute suspect
96d86319d8f19442d9bfe718b3d697cd8cdc91ef20306d782fc01fc62c39e86c,2024-06,Wiltshire Police,Wiltshire Police,-2.058275,51.438099,On or near Petty Lane,E01031904,Wiltshire 013B,Unable to prosecute suspect
f44c217ffa51a31fc7fd177eb681d999687ceee86887188c11708b0229f32a7f,2024-06,Wiltshire Police,Wiltshire Police,-2.194028,51.489060,On or near The Maltings,E01031940,Wiltshire 008B,Unable to prosecute suspect
9f79bb2e9d8b20376140824bff8c7fce2db8ce98463152beb16d208a7dbff1e9,2024-06,Wiltshire Police,Wiltshire Police,-2.207869,51.318016,On or near Parking Area,E01034534,Wiltshire 031E,Investigation complete; no suspect identified
675d7d5d0411cc23974b0404c4cc682df3e7fa52f7ff3ae8533808f03555315b,2024-06,Wiltshire Police,Wiltshire Police,-2.194699,51.339043,On or near Jacklins Close,E01032078,Wiltshire 030B,Local resolution
773484efc4f2470386ec7265ca86bb57741fde70880b1abc1ba73a4306af119f,2024-06,Wiltshire Police,Wiltshire Police,-1.774369,51.554777,On or near Chandler Close,E01015576,Swindon 017D,Unable to prosecute suspect
1823182226475c48a71606ef576096856ed4099e5d2ff4e6ab7560419d596cea,2024-06,Wiltshire Police,Wiltshire Police,-2.118745,51.461611,On or near New Road,E01031912,Wiltshire 011B,Unable to prosecute suspect
1475f95150f7f6171660d78d5fd8d32e8a823b91e1970d708e95b41eb07258b8,2024-06,Wiltshire Police,Wiltshire Police,-1.784732,51.565577,On or near Swindon,E01033845,Swindon 015E,Unable to prosecute suspect
a2a401fa96f818b61774c7ef42c334e73da2f9938fb4cae7d96fb07524bac073,2024-06,Wiltshire Police,Wiltshire Police,-2.198083,51.431229,On or near Poynder Road,E01034526,Wiltshire 018H,Unable to prosecute suspect
c673acd1e12e2acef05333055808e5412c1b157a6d2accfc1f842f0c7ed727f4,2024-06,Wiltshire Police,Wiltshire Police,-1.817979,51.073479,On or near Orchard Road,E01032002,Wiltshire 055B,Unable to prosecute suspect
a9954829f56fc633488afa6dbea3891145d55bde9aee4fe725b2a8a8815fc6d8,2024-06,Wiltshire Police,Wiltshire Police,-1.748547,51.547549,On or near Farnborough Road,E01015539,Swindon 020B,Investigation complete; no suspect identified
e08a47a7ff538fd992193a9103963b9ffb86cb088e9212fa79e605bab23a1a70,2024-06,Wiltshire Police,Wiltshire Police,-1.994264,51.351821,On or near Shopping Area,E01031854,Wiltshire 026B,Investigation complete; no suspect identified
e4d87bc13eeab6cfbb7e20eca2a4b303e82216f4e13abfa74ede785793970fe3,2024-06,Wiltshire Police,Wiltshire Police,-1.813426,51.583474,On or near Jubilee Road,E01015528,Swindon 006B,Investigation complete; no suspect identified
8b11a27c8885462c8475b096aca67c14b707535738fed05af0d625189fd297be,2024-06,Wiltshire Police,Wiltshire Police,-2.261349,51.315678,On or near Parking Area,E01032083,Wiltshire 037B,Further investigation is not in the public interest
f6a45d242c0461a213055e146381b478a4d482493f5df73a151336a8bce76171,2024-06,Wiltshire Police,Wiltshire Police,-2.179139,51.317218,On or near Warkworth Lane,E01034537,Wiltshire 032G,Unable to prosecute suspect
977eddf847c7e8824ed7d635d49919f68a1b27e795455e158e90736f327a5c1e,2024-06,Wiltshire Police,Wiltshire Police,-1.833865,51.085552,On or near Westwood Road,E01031981,Wiltshire 052B,Action to be taken by another organisation
8c849f5e300dd042e9b7a7c85fea56bc765d1bf59e9bf23140a66b5dba6cec1b,2024-06,Wiltshire Police,Wiltshire Police,-1.901123,51.193442,On or near Highfield Rise,E01032026,Wiltshire 045D,Unable to prosecute suspect
8e1cee997dc7b5476783a64b1db8449bca70c14e0ed223ee7ee7b2c672099ec9,2024-06,Wiltshire Police,Wiltshire Police,-1.788428,51.105783,On or near Mannock Field,E01034547,Wiltshire 057D,Unable to prosecute suspect
6e76b091ee111c8f7d6601ba2f0f11c18d307ad5f71d2855bc03e5e42b9d3f9b,2024-06,Wiltshire Police,Wiltshire Police,-1.997840,51.353394,On or near The Old Brewery,E01031854,Wiltshire 026B,Unable to prosecute suspect
903f67074f36695c9d0c6660958d4f088d0867b5d86ad46207d3016f1f28c71f,2024-06,Wiltshire Police,Wiltshire Police,-1.833865,51.085552,On or near Westwood Road,E01031981,Wiltshire 052B,Action to be taken by another organisation
5aac84d6a992da751fe81958308e7b1ab42567a98c792e345d2cdb448afd6d1a,2024-06,Wiltshire Police,Wiltshire Police,-1.833865,51.085552,On or near Westwood Road,E01031981,Wiltshire 052B,Action to be taken by another organisation
2f18f4f87189dc0e51f35c3cfa5cc6d5f66904e280979180d42994f2039a020b,2024-06,Wiltshire Police,Wiltshire Police,-1.833865,51.085552,On or near Westwood Road,E01031981,Wiltshire 052B,Action to be taken by another organisation
cc7ddf9f41072238b809f67ae7cc33847d26fa344a10de41e6db7449368c57ff,2024-06,Wiltshire Police,Wiltshire Police,-1.833865,51.085552,On or near Westwood Road,E01031981,Wiltshire 052B,Action to be taken by another organisation
78e06d38911a5500121a8586b8184d061232c513ed6bfccb13aabc3415fcb6e1,2024-06,Wiltshire Police,Wiltshire Police,-1.833865,51.085552,On or near Westwood Road,E01031981,Wiltshire 052B,Action to be taken by another organisation
b1849215f68ee0b2e2978a4eadcb546fa5da5d8491688d3cb1ab84175e53c940,2024-06,Wiltshire Police,Wiltshire Police,-2.221173,51.428751,On or near Westwood Road,E01031889,Wiltshire 017B,Unable to prosecute suspect
e23fb58102b0bd579c683fc778f53bf3d6871dacec7fe32b8dee370b38e48f07,2024-06,Wiltshire Police,Wiltshire Police,-2.203567,51.266932,On or near Brook Lane,E01034552,Wiltshire 063B,Investigation complete; no suspect identified
7bfc32954a56b7a2a3cdd29c69fa283677e107b8ff3ef029692f8da18bf0b699,2024-06,Wiltshire Police,Wiltshire Police,-1.749925,51.583014,On or near Pigeon House Lane,E01015552,Swindon 009D,Investigation complete; no suspect identified
9af066828aab0723af6891d50ae7301f4355ed90f83d250d8e9c33027722c58b,2024-06,Wiltshire Police,Wiltshire Police,-2.200770,51.204003,On or near Pampas Court,E01032112,Wiltshire 043C,Unable to prosecute suspect
0d13e520598472cad7974053b4d05fc647b8ffa75627464b18972c50a354d3b4,2024-06,Wiltshire Police,Wiltshire Police,-1.750977,51.554172,On or near Whitbourne Avenue,E01015540,Swindon 020C,Unable to prosecute suspect
b91cd66f4e6307f2a9264ba09211a893f7c9322856bead81ffcc150601439629,2024-06,Wiltshire Police,Wiltshire Police,-1.748260,51.544663,On or near The Birches,E01015535,Swindon 024C,Investigation complete; no suspect identified
0ff19a9bda67d01480b95612bd4a25ab7f2d28cc34f9ef217526773db8914e3d,2024-06,Wiltshire Police,Wiltshire Police,-2.196196,51.460688,On or near Harts Lane,E01031940,Wiltshire 008B,Investigation complete; no suspect identified
5ac219d04e50c2e6e7bad11b0b64320993b8bf636b404ef842ed8b8347fd751f,2024-06,Wiltshire Police,Wiltshire Police,-1.845800,51.553076,On or near King Henry Drive,E01015499,Swindon 018A,Unable to prosecute suspect
442abadcdd6cb69016790800e38e1c5286c1531489cacfe11b601de6c274c2ff,2024-06,Wiltshire Police,Wiltshire Police,-1.784788,51.562772,On or near Parking Area,E01033845,Swindon 015E,Investigation complete; no suspect identified
8ec662de57e12b2265e4b0481cb4b953ae404418575bf300e4d860bb0b4dfb43,2024-06,Wiltshire Police,Wiltshire Police,-1.814851,51.612860,On or near Lalique Close,E01033841,Swindon 008F,Unable to prosecute suspect
4b79673119d9a00ed8ba5e05e231501e48ee245775d5946fcc5144f18968aa87,2024-06,Wiltshire Police,Wiltshire Police,-1.784355,51.559849,On or near Parking Area,E01015494,Swindon 019A,Investigation complete; no suspect identified
8c8d659c62cb55d244ebe05571830dac8a057d5ae642a98f924131b52c50a342,2024-06,Wiltshire Police,Wiltshire Police,-1.727284,51.427762,On or near Rabley Wood View,E01031862,Wiltshire 019B,Unable to prosecute suspect
9ff34dcadcb9637b824ea887ff686806f7b8daa5766789eb2eda58482918eba7,2024-06,Wiltshire Police,Wiltshire Police,-1.745485,51.584677,On or near Baron Close,E01015553,Swindon 009E,Investigation complete; no suspect identified
bcf70a3879c65e4de201057e91968b80d11af66153a0e3f26664ec3f4ac899d5,2024-06,Wiltshire Police,Wiltshire Police,-2.212841,51.316460,On or near Newtown,E01032089,Wiltshire 036B,Unable to prosecute suspect
7bc21572856e622aa7cea81da6f54cd5028ad7b4cee44716b8218f8b51bc379e,2024-06,Wiltshire Police,Wiltshire Police,-2.207528,51.321982,On or near Church Street,E01034534,Wiltshire 031E,Investigation complete; no suspect identified
d7372bb2d74ec92f04bcb3d2dfc6b7f71243d38aa629f0ef60528aaab719d29f,2024-06,Wiltshire Police,Wiltshire Police,-1.979459,51.287492,On or near Market Place,E01031857,Wiltshire 034B,Action to be taken by another organisation
b3a6fcbacf4b1d4da192bfa897e93fa04d7e37335c0017619e4ed0a8742f52a2,2024-06,Wiltshire Police,Wiltshire Police,-1.778350,51.551692,On or near Bradford Road,E01015532,Swindon 021D,Unable to prosecute suspect
133a2eff30495ff8df9a46f23dc4c59cfe33d583725b08bdc566d317430c3897,2024-06,Wiltshire Police,Wiltshire Police,-1.750369,51.586207,On or near Belmont Close,E01015552,Swindon 009D,Unable to prosecute suspect
88b401a40856efac952ae079619f95ae397e5944fdd080a7aa7a95e136be35ca,2024-06,Wiltshire Police,Wiltshire Police,-1.760685,51.548492,On or near Tenby Close,E01015533,Swindon 024A,Investigation complete; no suspect identified
59ec897aa379d89006016ac20676933d638693f77e75cbbdc21ffbc5f69593c1,2024-06,Wiltshire Police,Wiltshire Police,-1.773155,51.062916,On or near Supermarket,E01032021,Wiltshire 056D,Investigation complete; no suspect identified
84d0cb91226aa9a5214d610f0069439ca6bea260e856aa6079c53564e0d57500,2024-06,Wiltshire Police,Wiltshire Police,-1.890660,51.538920,On or near Postmill Drive,E01031966,Wiltshire 007G,Further action is not in the public interest
84d0cb91226aa9a5214d610f0069439ca6bea260e856aa6079c53564e0d57500,2024-06,Wiltshire Police,Wiltshire Police,-1.890660,51.538920,On or near Postmill Drive,E01031966,Wiltshire 007G,Further action is not in the public interest
a4c17297d608281fc7a68dabd2158d981c9bc3c5f6fc186b514a7829ef9297b6,2024-06,Wiltshire Police,Wiltshire Police,-1.773155,51.062916,On or near Supermarket,E01032021,Wiltshire 056D,Investigation complete; no suspect identified
5aa4c916bec74bb40e581790e3c1daf456e3b1381b0e815419b2242307b6cad5,2024-06,Wiltshire Police,Wiltshire Police,-1.792462,51.578853,On or near Cunningham Road,E01015580,Swindon 007D,Unable to prosecute suspect
1adde7445b43901c91c8210cc41f8435d9dc49f6406e37a3b780266fdca733bb,2024-06,Wiltshire Police,Wiltshire Police,-2.199558,51.340402,On or near Petrol Station,E01032079,Wiltshire 030C,Unable to prosecute suspect
467a6eed339cb9c44858cc14d9a9583f562873397b5884fd888d25eb467ff7bc,2024-06,Wiltshire Police,Wiltshire Police,-1.713271,51.632850,On or near Quarry Crescent,E01015521,Swindon 001C,Unable to prosecute suspect
699468f1057b294d8b8bad3ea4ee3e3e803793cf081ee7d103a471763e991665,2024-06,Wiltshire Police,Wiltshire Police,-1.748920,51.432450,On or near Free's Avenue,E01031868,Wiltshire 012B,Unable to prosecute suspect
1f4f345eca848f2864f279a1fcb10d6d1187dbc33a74bd4c3e863b9f55484410,2024-06,Wiltshire Police,Wiltshire Police,-1.810903,51.603629,On or near Hebden Close,E01032711,Swindon 027D,Unable to prosecute suspect
d0e7b83d3f785d4820dc0e1b9b6a74d540f553f6b18d836702dfd766e5b1cd93,2024-06,Wiltshire Police,Wiltshire Police,-1.730882,51.420164,On or near Supermarket,E01031863,Wiltshire 019C,Investigation complete; no suspect identified
e3cd1fc65bdda6f9d66141610982407ff882fa31c9520b94f98162f758318fea,2024-06,Wiltshire Police,Wiltshire Police,-2.144116,51.382124,On or near Foundry Close,E01032063,Wiltshire 020A,Unable to prosecute suspect
9739c1828ea3803291b70429676c3faeac2c4eb8d48b4cf1412977ab28e1f71d,2024-06,Wiltshire Police,Wiltshire Police,-1.726726,51.415227,On or near Upper Church Fields,E01031865,Wiltshire 019E,Unable to prosecute suspect
ecdc5fac8a82d69b477c22af422390f033eeed61064bb55d8cfbc9d064a95e8e,2024-06,Wiltshire Police,Wiltshire Police,-1.982242,51.359166,On or near Parkfields,E01032693,Wiltshire 025H,Unable to prosecute suspect
056b73ab322924102fcb80956ccb5a777b59a3ae648955bd68d306de9f561d14,2024-06,Wiltshire Police,Wiltshire Police,-1.980118,51.356863,On or near Brickham Road,E01031850,Wiltshire 025A,Investigation complete; no suspect identified
b5b7be020ab6e2a571f08ff32a5daf37542054ca5f757c8cda905bdc3ebb486c,2024-06,Wiltshire Police,Wiltshire Police,-1.757462,51.590484,On or near Sanders Close,E01015557,Swindon 005C,Action to be taken by another organisation
821f4bb65ed3815cfd5166670c5452ab4e2756148e7447b2c9c647a0ab3aad7f,2024-06,Wiltshire Police,Wiltshire Police,-1.755642,51.588542,On or near Supermarket,E01015557,Swindon 005C,Action to be taken by another organisation
217875b241886e682cb0ff16564cd4d9b0958030c029a8d62a9694627056f430,2024-06,Wiltshire Police,Wiltshire Police,-1.749716,51.550087,On or near Belvedere Road,E01015541,Swindon 020D,Investigation complete; no suspect identified
2f45976dfa9f9ec14be7d39fe2782bccc48410845c2996bf0f316c7d0f5f596e,2024-06,Wiltshire Police,Wiltshire Police,-2.017837,51.445251,On or near Poppy Close,E01031897,Wiltshire 015C,Unable to prosecute suspect
cb51fd55c8ead91b7ad0cd562fc9c121a730b990c753a4046460dc8488ad7d81,2024-06,Wiltshire Police,Wiltshire Police,-1.754082,51.572171,On or near Shopping Area,E01015549,Swindon 009A,Investigation complete; no suspect identified
ea0bd3c1ecf2f3c32c67174cb357d76f141fb23eef88b40de3108cd45e0f77a8,2024-06,Wiltshire Police,Wiltshire Police,-1.991507,51.351020,On or near Sheep Street,E01031856,Wiltshire 026D,Unable to prosecute suspect
d40f1d7a79804d8b70e2c629076e21da9a70118e434867fdf996d4837bc56c71,2024-06,Wiltshire Police,Wiltshire Police,-2.040241,51.283342,On or near Victoria Park,E01031848,Wiltshire 028C,Action to be taken by another organisation
c29672cc38327c86eb30208402f0281c84e9772f40c8a6b5593efde23506eed7,2024-06,Wiltshire Police,Wiltshire Police,-2.054593,51.439018,On or near Studley Gardens,E01031904,Wiltshire 013B,Unable to prosecute suspect
f69b5a9353d50bd2a25c49669b124bdbfeff4865e1832f85411bf96af579b609,2024-06,Wiltshire Police,Wiltshire Police,-2.120700,51.454856,On or near Royal Close,E01031912,Wiltshire 011B,Unable to prosecute suspect
606dd26592b4ef1089def23ae6f566e20e48d477893486382e8291cb9ea85fa2,2024-06,Wiltshire Police,Wiltshire Police,-2.246888,51.201235,On or near Sturford Lane,E01032051,Wiltshire 047A,Unable to prosecute suspect
0c680056254a2c97156f468e08bd02ea098058d64bf37fce7d33a3d78932e0f6,2024-06,Wiltshire Police,Wiltshire Police,-1.719055,51.580463,On or near Petrol Station,E01015473,Swindon 008A,Further action is not in the public interest
831c1eaa8184c7237644c8e2833dd8f07cc85c77cf5e6686c078a4f6411860d7,2024-06,Wiltshire Police,Wiltshire Police,-1.775963,51.561964,On or near Newcastle Street,E01015493,Swindon 017B,Investigation complete; no suspect identified
d556f48690532d4643db548000aa8d79a20cbdb1746a93b8c80064ca6b70c635,2024-06,Wiltshire Police,Wiltshire Police,-2.002722,51.352855,On or near Moyne Close,E01031854,Wiltshire 026B,Investigation complete; no suspect identified
a3bc8c06242687f4a28ecc92984e7898ce1096ae0d411355a0ab92a83ec3bfec,2024-06,Wiltshire Police,Wiltshire Police,-2.005160,51.445234,On or near King Edward Close,E01031898,Wiltshire 015D,Unable to prosecute suspect
db357e9b907ba2665898ac48db0d9f5eaeee23690ad2d769e75123ee87ebea57,2024-06,Wiltshire Police,Wiltshire Police,-1.829697,51.554879,On or near Bellver,E01015569,Swindon 022D,Unable to prosecute suspect
9a722be15cc6584a40eb8c56ba48083156cba126d8e804c050f94424c807e66b,2024-06,Wiltshire Police,Wiltshire Police,-2.228002,51.306694,On or near Church Fields,E01032091,Wiltshire 036D,Unable to prosecute suspect
ff7ab96022c8c1e24c3344ec2daf83be1751dda8d5b35ced58f3d78565cb9ffa,2024-06,Wiltshire Police,Wiltshire Police,-1.981872,51.351550,On or near Middle Field Close,E01031851,Wiltshire 025B,Action to be taken by another organisation
339c22d1cc2170b1d5b21498f30c3063638058d1e0661dd8a75f8cb452325dd0,2024-06,Wiltshire Police,Wiltshire Police,-2.138993,51.370036,On or near Thornbank,E01032068,Wiltshire 022D,Unable to prosecute suspect
a99f2708193abc1bac8d3ceb5e75b056a4bca1736ceea71039e6195eb45c73c5,2024-06,Wiltshire Police,Wiltshire Police,-1.792066,51.567443,On or near Parking Area,E01015578,Swindon 012B,Investigation complete; no suspect identified
85ab3efd991cead082568f77e7875d7d31037584c0f7bf19f8164403265fc6a4,2024-06,Wiltshire Police,Wiltshire Police,-1.801383,51.075952,On or near Supermarket,E01032024,Wiltshire 055D,Investigation complete; no suspect identified
964d309524b012bf108c9d218144ed412b64030472124803897804aaefaf0c18,2024-06,Wiltshire Police,Wiltshire Police,-1.987946,51.352396,On or near Estcourt Street,E01031850,Wiltshire 025A,Unable to prosecute suspect
6ef5238b60e563f9f946955caaace194a6d9d6f2a8a850151c1727102fc3e8f3,2024-06,Wiltshire Police,Wiltshire Police,-1.778522,51.557914,On or near Durham Street,E01032714,Swindon 019E,Investigation complete; no suspect identified
0056ec691c6b558dd87f17bbf383bd237ff976c4ffee118a64a0f4f17ff1aa60,2024-06,Wiltshire Police,Wiltshire Police,-2.250487,51.347191,On or near Supermarket,E01034531,Wiltshire 027G,Suspect charged
3bd84112f915bf97e9ef1237f3a8964b0bb46146276802ce295efc4f1dda4410,2024-06,Wiltshire Police,Wiltshire Police,-1.861146,51.081523,On or near Churchill Court,E01032039,Wiltshire 054E,Investigation complete; no suspect identified
c4ac8dd4f30dd8b3b3036ea608f400e8527f4ee654be6f6b99a8ed9770ecebdd,2024-06,Wiltshire Police,Wiltshire Police,-1.789823,51.043946,On or near Hospital,E01032000,Wiltshire 057A,Unable to prosecute suspect
ea0368372b34e6e8787b8194bd41c5d25e03d227962f2550185ef496976dab15,2024-06,Wiltshire Police,Wiltshire Police,-1.982273,51.354202,On or near Dowse Road,E01031850,Wiltshire 025A,Unable to prosecute suspect
acaae5ebc5d6051369323bba4adbe86afb1a862785707c29499094e49d3b035e,2024-06,Wiltshire Police,Wiltshire Police,-1.788483,51.562464,On or near Henry Street,E01033846,Swindon 015F,Unable to prosecute suspect
80cd8a4f11043878cc867506ba54eb879fa3135ef4b9d5055e2cb406f0624f0b,2024-06,Wiltshire Police,Wiltshire Police,-1.763123,51.584408,On or near Attlee Crescent,E01015558,Swindon 005D,Further action is not in the public interest
5a21838b99d82b5ca8a39aca733a0d1af8dfd152c895ec4711523a3ebe4de2d0,2024-06,Wiltshire Police,Wiltshire Police,-2.207797,51.324283,On or near Charlotte Street,E01034534,Wiltshire 031E,Unable to prosecute suspect
a17d70d2d20ceb71640acab4ba70d5908498ce25b9c2b8e2855f53cd3f170094,2024-06,Wiltshire Police,Wiltshire Police,-1.729853,51.548272,On or near Grundys,E01015488,Swindon 023B,Investigation complete; no suspect identified
00dde1bf41997871eaf04216f9f983e5ff93807353e33421c1aeefbe91144ea9,2024-06,Wiltshire Police,Wiltshire Police,-1.730882,51.420164,On or near Supermarket,E01031863,Wiltshire 019C,Investigation complete; no suspect identified
5a335a352b53b48ed8d54c29f62df140c2d94491a6194bf941a58345f51a0546,2024-06,Wiltshire Police,Wiltshire Police,-1.785302,51.560868,On or near Shopping Area,E01015494,Swindon 019A,Investigation complete; no suspect identified
513440dbb279525720e6e4185f432740b5a8af822c07a4ded8b46f733863de0a,2024-06,Wiltshire Police,Wiltshire Police,-2.140587,51.374701,On or near Supermarket,E01032062,Wiltshire 022A,Unable to prosecute suspect
407adfce43a57bd4a5cfc0a9b33b627bd9a0d39d6f511877c7447a7ef52ed25e,2024-06,Wiltshire Police,Wiltshire Police,-2.196817,51.300465,On or near Goodwood Close,E01032053,Wiltshire 037A,Investigation complete; no suspect identified
2583ce738055c15f91f9aa0a0f2728b1517c2de7b0b5a51ceef51bbc5811c9d0,2024-06,Wiltshire Police,Wiltshire Police,-1.760685,51.548492,On or near Tenby Close,E01015533,Swindon 024A,Investigation complete; no suspect identified
dca9bbd9e3341d07124f4c101116e9cf6e0ba6830fd7cd640c2d1588e8b03ba9,2024-06,Wiltshire Police,Wiltshire Police,-1.837583,51.563864,On or near Tamworth Drive,E01015566,Swindon 011D,Investigation complete; no suspect identified
1ade1a8f22d2565d7a7b46e66af775d5ffa747f5f3f2b3d78952440791d701ca,2024-06,Wiltshire Police,Wiltshire Police,-2.192681,51.425771,On or near Burrowes Close,E01031932,Wiltshire 018B,Local resolution
567f2959ede5a591402225e4881ac31c8a56bb6013fedda32dc091fd72ddbd47,2024-06,Wiltshire Police,Wiltshire Police,-1.836715,51.576738,On or near Grovely Close,E01015562,Swindon 011A,Investigation complete; no suspect identified
78aeb22e20b962163ef37318c667544adba63925a1760ac6ef356c22516a19dc,2024-06,Wiltshire Police,Wiltshire Police,-1.732311,51.537326,On or near Saltrop Rise,E01033849,Swindon 025G,Investigation complete; no suspect identified
9c6bb1fca37dd6d7adaefb453bd7b770fee80440437350a1e276d52adfcfed87,2024-06,Wiltshire Police,Wiltshire Police,-2.194452,51.321348,On or near Barn Glebe,E01032100,Wiltshire 032B,Unable to prosecute suspect
bfbde017c44596ee2cfb1e1a2492173d4db2038c4f3c1afb8c35cd69e7cfd30a,2024-06,Wiltshire Police,Wiltshire Police,-1.775963,51.561964,On or near Newcastle Street,E01015493,Swindon 017B,Investigation complete; no suspect identified
20df05c5cf6bfd9ba43384f3cee846a01d6df2fac9540b0d238f6ff999901791,2024-06,Wiltshire Police,Wiltshire Police,-2.187059,51.391162,On or near Fleetwood Rise,E01032043,Wiltshire 021A,Unable to prosecute suspect
1a0595368c6a56d4899f63212468fecb239a3eb0e25edf8b8c5647b11a7046a6,2024-06,Wiltshire Police,Wiltshire Police,-2.005159,51.440244,On or near Wood Street,E01031898,Wiltshire 015D,Unable to prosecute suspect
e3f06855022b73f3a4f71f4f2cff0d40f7d586c78263e9f28be296b210cde3c4,2024-06,Wiltshire Police,Wiltshire Police,-2.142335,51.442271,On or near Deere Avenue,E01031931,Wiltshire 018A,Unable to prosecute suspect
d0f358809ee5e9e187d6fbae9115df323e9872376c131bdfe63d969372381b67,2024-06,Wiltshire Police,Wiltshire Police,-1.807132,51.544825,On or near Supermarket,E01015585,Swindon 025C,Action to be taken by another organisation
8fb0275b99fcc1330edbb1b0df7a6801675227deea1f99adb4a806b65cf845ac,2024-06,Wiltshire Police,Wiltshire Police,-1.744899,51.550005,On or near Keswick Road,E01015539,Swindon 020B,Suspect charged
8fb0275b99fcc1330edbb1b0df7a6801675227deea1f99adb4a806b65cf845ac,2024-06,Wiltshire Police,Wiltshire Police,-1.744899,51.550005,On or near Keswick Road,E01015539,Swindon 020B,Suspect charged
40fbea9b26110822d6fb93b308a9328690e06739dbbeb60a1699d3cabf2caa7a,2024-06,Wiltshire Police,Wiltshire Police,-2.017837,51.445251,On or near Poppy Close,E01031897,Wiltshire 015C,Unable to prosecute suspect
2953e3f09bbcfdf96fd14f28a26fa41f600645ad539c666f0efafc7ce6fc75f5,2024-06,Wiltshire Police,Wiltshire Police,-2.223772,51.313104,On or near Elmdale Road,E01032098,Wiltshire 033C,Investigation complete; no suspect identified
82516b32081a8fe938feadc2963bcc2383b9d01da7ae6f63cdc437e36453d4e9,2024-06,Wiltshire Police,Wiltshire Police,-1.836962,51.568062,On or near Pilgrim Close,E01015565,Swindon 011C,Investigation complete; no suspect identified
4738c9373731689587d9982b24e9d6170dfa10c8663d0d7dccea8df31a18d404,2024-06,Wiltshire Police,Wiltshire Police,-1.760670,51.589798,On or near Derwent Drive,E01015557,Swindon 005C,Local resolution
1493a546eb59f2c4378470808dd8cc4382e07c44a7bb200dc48222984a920bf4,2024-06,Wiltshire Police,Wiltshire Police,-1.768379,51.339256,On or near Aston Close,E01031869,Wiltshire 024B,Unable to prosecute suspect
db36b6f83bc933cec49bb7aee5d26652e9bf34e51cee8d9b9caacaf73c04a493,2024-06,Wiltshire Police,Wiltshire Police,-1.785449,51.569508,On or near Brunel Crescent,E01015582,Swindon 012E,Action to be taken by another organisation
2ed668827af973b8eaef5d79fd295128f776f709f9dac6156cc1764aab1831fd,2024-06,Wiltshire Police,Wiltshire Police,-1.763069,51.163013,On or near Pouncette Close,E01031976,Wiltshire 048C,Unable to prosecute suspect
9fa79577814ddcb4f504c9fb1f076994f68be4b26bf0c6b0e981223d8f88e95c,2024-06,Wiltshire Police,Wiltshire Police,-1.996873,51.426838,On or near Elm Close,E01031903,Wiltshire 016D,Unable to prosecute suspect
40bed064ae9c8df49ae2fcdf152c79d0b0e23c3f4cd52fd1cf709e004d3325f9,2024-06,Wiltshire Police,Wiltshire Police,-1.775544,51.559293,On or near Supermarket,E01015493,Swindon 017B,Investigation complete; no suspect identified
2d3f69bf171287e7665c956ee80814fca45a83a88b4d17c8c5a6c6061a746cf6,2024-06,Wiltshire Police,Wiltshire Police,-1.794190,51.069150,On or near Queen Street,E01032022,Wiltshire 058C,Investigation complete; no suspect identified
0d4a23e5da9185864d5b0e109a014cac7d336e7f5f9d43cb38a59b4ee9d49e27,2024-06,Wiltshire Police,Wiltshire Police,-1.752320,51.569928,On or near A4312,E01015550,Swindon 009B,Investigation complete; no suspect identified
297e492fcef88914e62b258be275e9590221b806cf863d707e24ebca6c27b5e9,2024-06,Wiltshire Police,Wiltshire Police,-1.781798,51.088299,On or near Manning Close,E01031985,Wiltshire 051B,Unable to prosecute suspect
08c24577f5cc190a243c11e1d315b3d437109fb070bb7c1464ef7747f0849733,2024-06,Wiltshire Police,Wiltshire Police,-1.788483,51.562464,On or near Henry Street,E01033846,Swindon 015F,Investigation complete; no suspect identified
3101a3797743453c9188a472c6936ea8e6779a3468e4e5dde3294fd93e753490,2024-06,Wiltshire Police,Wiltshire Police,-1.802746,51.563226,On or near Horace Street,E01032716,Swindon 012G,Unable to prosecute suspect
27dd349e1c3261282a0ae08b20a5651ccc17b6cfa04eae9416c331059a43dd8b,2024-06,Wiltshire Police,Wiltshire Police,-1.823931,51.554070,On or near Oakham Close,E01015570,Swindon 022E,Unable to prosecute suspect
206646c8761deb9b1b4212ec9d797f5100c40a48160039c83909ce88fe61de22,2024-06,Wiltshire Police,Wiltshire Police,-2.210949,51.326265,On or near Melton Road,E01034533,Wiltshire 031D,Local resolution
dd78184b0cf3889629d1edf80c5e5030a2557513cff3e60f68d8064a7231f246,2024-06,Wiltshire Police,Wiltshire Police,-1.993611,51.294121,On or near Ledge Hill,E01031858,Wiltshire 034C,Unable to prosecute suspect
a0f16ae7ebfe25f621d84c8ff0226c71d2f2e517581c8690f298bf9b3702941c,2024-06,Wiltshire Police,Wiltshire Police,-2.094020,51.449135,On or near The Turnpike,E01031922,Wiltshire 014C,Unable to prosecute suspect
0524d07bc3eb8346cc6829c811513f121000dd6309124f6f424d6bedea96703c,2024-06,Wiltshire Police,Wiltshire Police,-1.775344,51.570514,On or near Mervyn Webb Place,E01015510,Swindon 010C,Investigation complete; no suspect identified
ec52903b2616d693ae56fb6ddeb0a53990757f133337a2d78c3caf399162d17e,2024-06,Wiltshire Police,Wiltshire Police,-1.663116,51.245980,On or near Habberfield,E01034556,Wiltshire 066B,Action to be taken by another organisation
b533fbeefe8c1408f3436c930650dedc74ed9fb67ef9ad1a357a9a80ad8b89ba,2024-06,Wiltshire Police,Wiltshire Police,-1.736020,51.551631,On or near Kershaw Road,E01015487,Swindon 023A,Investigation complete; no suspect identified
9cd22dc24dc5c7c83e3f8dc3776198cde5bdfdf634804d76a3401361a82f4bfa,2024-06,Wiltshire Police,Wiltshire Police,-2.250487,51.347191,On or near Supermarket,E01034531,Wiltshire 027G,Suspect charged
e930354b5b2f9d2878f7b230ebe2ce3a2ec838cae46bce362e23a7da4a21afea,2024-06,Wiltshire Police,Wiltshire Police,-1.801441,51.289160,On or near Casterley Close,E01031882,Wiltshire 038C,Investigation complete; no suspect identified
ece3448a9b42aee64d218e531b641e828a2a973fad58eb25ba9dd52116889ea8,2024-06,Wiltshire Police,Wiltshire Police,-1.762107,51.555094,On or near Salcombe Grove,E01015576,Swindon 017D,Action to be taken by another organisation
afa0780cc7e097823a58429462200013095bbb1492b84cc5f079cdb89d15cd30,2024-06,Wiltshire Police,Wiltshire Police,-2.222510,51.308079,On or near Theatre/Concert Hall,E01032090,Wiltshire 036C,Further investigation is not in the public interest
65c1149a51f24dd3563ad41cd6079c215a5fb39df8077fd95a98a7477af27efe,2024-06,Wiltshire Police,Wiltshire Police,-1.812632,51.075476,On or near Highbury Avenue,E01032002,Wiltshire 055B,Unable to prosecute suspect
a1035204301a5157eebc612ab4f4b4c74e55e588b490658de8351d9c994d5c95,2024-06,Wiltshire Police,Wiltshire Police,-1.731428,51.604166,On or near Supermarine Road,E01015473,Swindon 008A,Investigation complete; no suspect identified
de4d0b794ff4a0e45f3383732b830d7917db5fd6ad6da214456b7d6cc3de396d,2024-06,Wiltshire Police,Wiltshire Police,-1.787490,51.549497,On or near The Mall,E01032707,Swindon 021F,Local resolution
70dbf45ed7be9d69212cf81a6d2d714c51f39cd7629d625f8f6577e1186c8bf8,2024-06,Wiltshire Police,Wiltshire Police,-1.825047,51.083929,On or near St Michael's Road,E01031983,Wiltshire 052D,Investigation complete; no suspect identified
fbe4c8e9e03c28926e9ced7205ebf4b16f6d1258abf2a957e4f755697662c44c,2024-06,Wiltshire Police,Wiltshire Police,-2.094020,51.449135,On or near The Turnpike,E01031922,Wiltshire 014C,Local resolution
bcf3f7c01aeb36f1e9cb2687ae598cb6f357ed7714cc9d5ce1ead48852c4c8a7,2024-06,Wiltshire Police,Wiltshire Police,-1.798818,51.554471,On or near Petrol Station,E01015498,Swindon 021B,Unable to prosecute suspect
16d2cd304083ded97ee1220afb3c7403dfb5d14e02f7f3b81e753fc4d440cd8c,2024-06,Wiltshire Police,Wiltshire Police,-2.127470,51.379643,On or near Barnwell Road,E01032065,Wiltshire 020C,Unable to prosecute suspect
aaee8dc2bb91b941ea7f13d51f538c7db8ec87b80a52b0f00fb5d1195d161adf,2024-06,Wiltshire Police,Wiltshire Police,-1.826050,51.550450,On or near White Castle,E01015571,Swindon 022F,Investigation complete; no suspect identified
aaee8dc2bb91b941ea7f13d51f538c7db8ec87b80a52b0f00fb5d1195d161adf,2024-06,Wiltshire Police,Wiltshire Police,-1.826050,51.550450,On or near White Castle,E01015571,Swindon 022F,Investigation complete; no suspect identified
70708de4e0c64c081b3d47c3d7ce5bdd9fa2d5593f10ccdb80cbfa53fc087039,2024-06,Wiltshire Police,Wiltshire Police,-2.209415,51.320414,On or near Shopping Area,E01034534,Wiltshire 031E,Unable to prosecute suspect
66d115389bcc0cea2bbd2a20b8e3dd2954af0099da1e349b9e722f762c825631,2024-06,Wiltshire Police,Wiltshire Police,-1.796692,51.055073,On or near Hawksridge,E01032007,Wiltshire 059C,Unable to prosecute suspect
ad81835001cb6d2492599d4894f0261bbf456eb8d32393b2632cf01b3d672f67,2024-06,Wiltshire Police,Wiltshire Police,-1.746546,51.588573,On or near St Quentin Close,E01015552,Swindon 009D,Investigation complete; no suspect identified
fef3fc4f023d95cee37df060f3f732a76c9662c6f892e653a6ec2e506340dc1d,2024-06,Wiltshire Police,Wiltshire Police,-1.979459,51.287492,On or near Market Place,E01031857,Wiltshire 034B,Action to be taken by another organisation
755a1e8e4bcabe4323f2684718ede0a9719981561d119f65757df389f07f8f86,2024-06,Wiltshire Police,Wiltshire Police,-1.719055,51.580463,On or near Petrol Station,E01015473,Swindon 008A,Investigation complete; no suspect identified
fb8ea28b566e097c42040d890d66b10c0ee6803d1cb2abd9e994a006bfb854c6,2024-06,Wiltshire Police,Wiltshire Police,-1.794631,51.523254,On or near Zoar Close,E01015587,Swindon 025E,Unable to prosecute suspect
a62178eee0e49a57516b5446fe7fabc7581b8e3993cbe2bcd1de0c41bef89be5,2024-06,Wiltshire Police,Wiltshire Police,-2.227915,51.303565,On or near Frome Road,E01032083,Wiltshire 037B,Local resolution
82c6f776ae1bc57ce5e8eff22384657bd2a892af91cbd58f5ff157409772cf24,2024-06,Wiltshire Police,Wiltshire Police,-2.227915,51.303565,On or near Frome Road,E01032083,Wiltshire 037B,Formal action is not in the public interest
3cfe4c669a1f388b961ed7a0badae8a335b229b130bebc0d5a2a8c5a6313a67e,2024-06,Wiltshire Police,Wiltshire Police,-1.796692,51.055073,On or near Hawksridge,E01032007,Wiltshire 059C,Unable to prosecute suspect
cf6bd49bf6bb9db43dc3e768dd73b65518223f7a434746e1cfd7d1fad5e1e33f,2024-06,Wiltshire Police,Wiltshire Police,-1.800420,51.521223,On or near Church Hill,E01015585,Swindon 025C,Unable to prosecute suspect
8a90a335192ee5fb8cf9231a604c6df61871a7de67b8aa3cedc8fe3421737ae8,2024-06,Wiltshire Police,Wiltshire Police,-1.794631,51.523254,On or near Zoar Close,E01015587,Swindon 025E,Unable to prosecute suspect
cc077b29fb6396a2965ee50cb273f99601531faa97c39ce09dd6eb52d7e21569,2024-06,Wiltshire Police,Wiltshire Police,-1.792852,51.594634,On or near Oakie Close,E01015512,Swindon 028C,Further investigation is not in the public interest
996d1b619b46f3b9e46b3bae8bc6ae4ba8c9eb4af441647db22f93b8961506a0,2024-06,Wiltshire Police,Wiltshire Police,-2.112912,51.587811,On or near Parklands,E01031947,Wiltshire 002B,Unable to prosecute suspect
0decb2c8418413dbb3582630c89fbc3177ceffab0480664f8c0402ff870b030f,2024-06,Wiltshire Police,Wiltshire Police,-1.748047,51.551990,On or near Hillingdon Road,E01015541,Swindon 020D,Unable to prosecute suspect
60cc1c5a9e13fd2b76228db35912e022537d8ba70cb22e60cb98d7d2b51f3033,2024-06,Wiltshire Police,Wiltshire Police,-2.169708,51.199745,On or near Canons Close,E01032105,Wiltshire 042B,Unable to prosecute suspect
7862ade5cd2d0a5d5023beaf7c06b5db60fb3345b261b9467b74a2ee8d4fff47,2024-06,Wiltshire Police,Wiltshire Police,-1.998788,51.347478,On or near The Moorlands,E01031856,Wiltshire 026D,Investigation complete; no suspect identified
6238a4ea32bb165a83408ae24308e99d4424726bdfcdd23f61f42dc51ecad2ea,2024-06,Wiltshire Police,Wiltshire Police,-1.820419,51.552051,On or near Beaulieu Close,E01015570,Swindon 022E,Offender given a caution
ec1678b52f08da420cb8ec937844db4ece5c1f604a1b93dc6b0dbc50dfc0a5ef,2024-06,Wiltshire Police,Wiltshire Police,-1.802323,51.567166,On or near Supermarket,E01015578,Swindon 012B,Investigation complete; no suspect identified
5dac25466d0133ec82227b8a9de9d549bb7fe56bf160f290fbeaf3a555146d2a,2024-06,Wiltshire Police,Wiltshire Police,-1.754611,51.551644,On or near Charfield Close,E01015542,Swindon 020E,Action to be taken by another organisation
59555d7921ee149190d090150b1f7ce75971953b0e43ade382a02b5deeca485e,2024-06,Wiltshire Police,Wiltshire Police,-1.739101,51.567885,On or near Parking Area,E01015481,Swindon 013A,Investigation complete; no suspect identified
603625f063161af3781648f32c26d528d6d3732d0b37a0d826bb33a4688d5277,2024-06,Wiltshire Police,Wiltshire Police,-1.757462,51.590484,On or near Sanders Close,E01015557,Swindon 005C,Investigation complete; no suspect identified
1c9b3d794bef9c68413fee997de6493307ecd430dd616bbb998e05ab9bb02086,2024-06,Wiltshire Police,Wiltshire Police,-1.794311,51.543269,On or near Offerton Road,E01033848,Swindon 024F,Investigation complete; no suspect identified
345d24d6f91b0f16ee32c7125e342b9e350a318d6ab3b90a7e7b837d3a794802,2024-06,Wiltshire Police,Wiltshire Police,-1.782581,51.611141,On or near Beech Lea,E01015473,Swindon 008A,Unable to prosecute suspect
8bfefe1cadeb6f9ea113c8a07e5f3de242fdb3d91d9296a2d598c0ddcf5f2218,2024-06,Wiltshire Police,Wiltshire Police,-1.770855,51.567797,On or near Supermarket,E01015479,Swindon 017A,Local resolution
9ea018e87c7a2ba1305d6d2fbca19814c8949f82bd3ca182e7f8800a9a49727e,2024-06,Wiltshire Police,Wiltshire Police,-1.746712,51.568972,On or near Twickenham Close,E01015550,Swindon 009B,Unable to prosecute suspect
071f37c00bb3b8336447bfde85216b784ad4effdba710656df7a98dff02b32d3,2024-06,Wiltshire Police,Wiltshire Police,-2.002722,51.352855,On or near Moyne Close,E01031854,Wiltshire 026B,Action to be taken by another organisation
e0c1dfca33071f06d35f44dd96b7998dda16b2ff237863da53122febd7e73fbe,2024-06,Wiltshire Police,Wiltshire Police,-2.250487,51.347191,On or near Supermarket,E01034531,Wiltshire 027G,Investigation complete; no suspect identified
cc8972051731c34309011569004fb8b7b4383c2aebdfb9ce47c7a60162f9408c,2024-06,Wiltshire Police,Wiltshire Police,-2.209415,51.320414,On or near Shopping Area,E01034534,Wiltshire 031E,Unable to prosecute suspect
c545ac6e28fc512b1f010bbd4ed6f0a5cf89d4ccd4cb8a563266935e634634a8,2024-06,Wiltshire Police,Wiltshire Police,-1.837462,51.557462,On or near Woollaton Close,E01015505,Swindon 018D,Investigation complete; no suspect identified
31e6f9a6102e60eb19f48cf268c4cf48ba505e71be495afff3186c2ca001718c,2024-06,Wiltshire Police,Wiltshire Police,-1.774814,51.162164,On or near Southmill Hill,E01031979,Wiltshire 048F,Unable to prosecute suspect
3a8c7d69218f3ebc09b9a4e230d5f27b1120a0941c6fd224e24e7a9a2131cfd0,2024-06,Wiltshire Police,Wiltshire Police,-1.655111,51.239671,On or near Kennet Road,E01032697,Wiltshire 066C,Action to be taken by another organisation
f57e2a218cf7148348a82e6c4cdf3fda3e0dd7a017da7898447e401cf94fec2b,2024-06,Wiltshire Police,Wiltshire Police,-1.803148,51.543643,On or near Foxham Way,E01015585,Swindon 025C,Investigation complete; no suspect identified
bd5d6cdf0c3164d36404a06fbadce4d04897af8833230b32b907c106cd4c36c1,2024-06,Wiltshire Police,Wiltshire Police,-1.807132,51.544825,On or near Supermarket,E01015585,Swindon 025C,Action to be taken by another organisation
49d16d8dccd7e034a4c6d66f1666f68ba6f8a6c729ee1c915b57f16b2f6bf84f,2024-06,Wiltshire Police,Wiltshire Police,-1.975851,51.359048,On or near Cranesbill Road,E01032692,Wiltshire 025G,Suspect charged
ebeff75a5c9148a808f737f053f49d57ae49340764ad34430589eb48666a5b1a,2024-06,Wiltshire Police,Wiltshire Police,-1.761699,51.586213,On or near Parking Area,E01015558,Swindon 005D,Unable to prosecute suspect
3b95043d19c605c171165313e197acf7bcadfce373f323a3e7d1c796f090ffeb,2024-06,Wiltshire Police,Wiltshire Police,-1.761699,51.586213,On or near Parking Area,E01015558,Swindon 005D,Unable to prosecute suspect
ec09d280ff04381a3b5bd0b0b47e57502b668702357dab411ebe7aef518d3f18,2024-06,Wiltshire Police,Wiltshire Police,-1.679231,51.052301,On or near Grimstead Road,E01031971,Wiltshire 060B,Unable to prosecute suspect
fcd5cd65d42fe0c9ca55ad800179f0ffe839193cae4d45b89431e62f143c56ca,2024-06,Wiltshire Police,Wiltshire Police,-1.772691,51.090566,On or near Cook Court,E01031984,Wiltshire 051A,Unable to prosecute suspect
631087e7a866b75811f0d9896b80e4ef386c0b634b40bddd82190883863eb69d,2024-06,Wiltshire Police,Wiltshire Police,-1.723591,51.589276,On or near The Orchard,E01015473,Swindon 008A,Investigation complete; no suspect identified
da119e9fbbd7e9ac98b539f3915fceab08b193f2685e66709c8cb4c107395684,2024-06,Wiltshire Police,Wiltshire Police,-1.746712,51.568972,On or near Twickenham Close,E01015550,Swindon 009B,Unable to prosecute suspect
7212af9c0dde9d1f275b9a2c94bc51513d4e158148be0bc97f7d1b7f6be0304d,2024-06,Wiltshire Police,Wiltshire Police,-1.753135,51.587166,On or near Cawte Mews,E01015552,Swindon 009D,Unable to prosecute suspect
f26e1baa84b655408adbe2ccea3c54aedb544e3d1a78c85f5e1152fd18a0af92,2024-06,Wiltshire Police,Wiltshire Police,-1.772314,51.077337,On or near Woodland Way,E01032012,Wiltshire 057C,Local resolution
dc09838b37f750acf66d8fbbaac8b22b1990af31bbd9b3742dde01b9882b5a46,2024-06,Wiltshire Police,Wiltshire Police,-2.001620,51.447473,On or near Duncan Street,E01032690,Wiltshire 015F,Unable to prosecute suspect
6c6f744b370aeba8081d466750ef7458c84711bb18f193ec770e7d8b6bd3676b,2024-06,Wiltshire Police,Wiltshire Police,-1.749656,51.553153,On or near Royston Road,E01015541,Swindon 020D,Investigation complete; no suspect identified
cdf275156b21507929e0f83d44289dcf4df837375aac39f0fed4f4795dae17e6,2024-06,Wiltshire Police,Wiltshire Police,-1.807132,51.544825,On or near Supermarket,E01015585,Swindon 025C,Action to be taken by another organisation
7da6a86f3d2023f905876221ac8fb8ed6f633147681e10a6f527d7e8f74e8b9e,2024-06,Wiltshire Police,Wiltshire Police,-1.819171,51.196087,On or near Gore Road,E01034543,Wiltshire 045H,Unable to prosecute suspect
92eda7b531d4b0d1ace28046ea561f990628fc84e77c10ad218896762915a46b,2024-06,Wiltshire Police,Wiltshire Police,-1.773865,51.551710,On or near High Street,E01015534,Swindon 024B,Unable to prosecute suspect
0246f5a71dd10c7648e6aa6c48acff16603e4b5ac1c31fc1dc4e054b3dc91216,2024-06,Wiltshire Police,Wiltshire Police,-1.679231,51.052301,On or near Grimstead Road,E01031971,Wiltshire 060B,Unable to prosecute suspect
1a92e27de83b204a1dc6f746422a5fad52b551596f665b2678fa76f7218d91ba,2024-06,Wiltshire Police,Wiltshire Police,-1.841969,51.580441,On or near The Stones,E01034521,Wiltshire 003F,Investigation complete; no suspect identified
91486f6f6de548f4a693e16ec653f43cec770bd6941b35ae905ecaea0db6ebea,2024-06,Wiltshire Police,Wiltshire Police,-1.975851,51.359048,On or near Cranesbill Road,E01032692,Wiltshire 025G,Unable to prosecute suspect
f7b5ddbb2c31b4b9c04fe8a9e4161da36f763c85ee8e8afc877276ea82c9a562,2024-06,Wiltshire Police,Wiltshire Police,-1.827155,51.559515,On or near Petrol Station,E01015569,Swindon 022D,Unable to prosecute suspect
cddcf56ae09cb4f780ec82f4afbbfe2d0a1f9e900a1f636537bc1db7bbb9e894,2024-06,Wiltshire Police,Wiltshire Police,-1.807132,51.544825,On or near Supermarket,E01015585,Swindon 025C,Action to be taken by another organisation
e4f8bf63223240d7199203be96970caf74c4d68ff0f6005c190a81f7f1614479,2024-06,Wiltshire Police,Wiltshire Police,-2.138161,51.375342,On or near Supermarket,E01032062,Wiltshire 022A,Local resolution
a3f59586dabe039c8a1dc614b591d680f043f431665ebda140a9469be4720580,2024-06,Wiltshire Police,Wiltshire Police,-1.768893,51.559460,On or near Cumberland Road,E01015574,Swindon 017C,Unable to prosecute suspect
8bbffab9e8b7d221a30b34bb45ea2ad0c45af6a3744fd15279f3c690feced0e8,2024-06,Wiltshire Police,Wiltshire Police,-1.996886,51.443949,On or near Petrol Station,E01031895,Wiltshire 015A,Unable to prosecute suspect
421f3f38852bcb6cfad91d357b51d9156117c0e510b48dbd2dbedac770c35782,2024-06,Wiltshire Police,Wiltshire Police,-1.867616,51.360387,On or near Coate Road,E01031871,Wiltshire 024D,Unable to prosecute suspect
ba35cff9ec433e2a695dff8641ff0f26e469abae9bf03d5e5e94221ff291d341,2024-06,Wiltshire Police,Wiltshire Police,-1.731414,51.550110,On or near Dickens Close,E01015489,Swindon 023C,Unable to prosecute suspect
152676f355b5d8e727260aed7dcaef23ae83d42c778e539d189fc9242cf76af6,2024-06,Wiltshire Police,Wiltshire Police,-1.767613,51.175081,On or near Darrell Road,E01031975,Wiltshire 048B,Unable to prosecute suspect
1a563a713d36ade552c98a11951c7c715f4944b7b32ccfc795ff4d8c54a0b1f3,2024-06,Wiltshire Police,Wiltshire Police,-1.796099,51.559366,On or near Park Lane,E01015477,Swindon 015C,Unable to prosecute suspect
042f7b41d4dc21c3a207d42eb447d2ba78c1714cf8b050c6cbd7452fa09f3c03,2024-06,Wiltshire Police,Wiltshire Police,-1.727945,51.515071,On or near Canney Close,E01015588,Swindon 025F,Investigation complete; no suspect identified
e1b6688bbacc08a5a8c4e6c45a719c05f4863e3ea086bf375cad6acd078df2be,2024-06,Wiltshire Police,Wiltshire Police,-1.986811,51.353178,On or near Estcourt Crescent,E01031850,Wiltshire 025A,Unable to prosecute suspect
db12c7a310f00d88ad91d43a96225b34ba3d85197d30349e04aebb066ea16fca,2024-06,Wiltshire Police,Wiltshire Police,-1.830197,51.088955,On or near Lumley Close,E01031980,Wiltshire 052A,Unable to prosecute suspect
1450fc676d264fe75da3634b927547bdbc53bf66d63415d1771a7a7d92e360b6,2024-06,Wiltshire Police,Wiltshire Police,-2.254530,51.340996,On or near Jones Hill,E01034532,Wiltshire 027H,Investigation complete; no suspect identified
2b6b56b08f2a2fb4c9c89b48b4bf5645e8fd185f8dcfe31f9dea52a3dd4576e2,2024-06,Wiltshire Police,Wiltshire Police,-1.819684,51.537295,On or near Wharf Road,E01015585,Swindon 025C,Investigation complete; no suspect identified
a201c2f05fe0380eb1bff82205e5847ca0408a4f6cee5e4dd3f5bfbd0ab424d4,2024-06,Wiltshire Police,Wiltshire Police,-1.775401,51.564759,On or near Rosebery Street,E01015480,Swindon 015D,Investigation complete; no suspect identified
ec0b4abf1708a60e4fbb4ed23b0550c5e5fb569713ed4e7fc94f1588752718ca,2024-06,Wiltshire Police,Wiltshire Police,-2.207334,51.317055,On or near County Way,E01032094,Wiltshire 035C,Investigation complete; no suspect identified
1ecb852853e204149c8257fe082f26dca2adc34721f88aad13716ecc395dcb73,2024-06,Wiltshire Police,Wiltshire Police,-2.195441,51.422089,On or near Brewer Mews,E01031933,Wiltshire 018C,Unable to prosecute suspect
bc8a34dccfab56efcec8f7caeec0e1e43961231e9310e63d44cd22d0038f7cd9,2024-06,Wiltshire Police,Wiltshire Police,-1.779351,51.565360,On or near Manchester Road,E01015480,Swindon 015D,Offender given a caution
e0f1c57ca1e44ee7d4a72b8ae675512856486dd61dad53657d77cc1025caee8e,2024-06,Wiltshire Police,Wiltshire Police,-1.773407,51.550999,On or near B4006,E01015534,Swindon 024B,Investigation complete; no suspect identified
0c9f87116ab084734423e74ab8481d641cae08f4558426f34b79d776491f62c0,2024-06,Wiltshire Police,Wiltshire Police,-1.787154,51.047394,On or near Hospital,E01032000,Wiltshire 057A,Unable to prosecute suspect
9b05cd3b067e7185702ea90ec4af9650bc9c9dc0d6977ca81ea86eb34d706a33,2024-06,Wiltshire Police,Wiltshire Police,-1.724256,51.529368,On or near Day House Lane,E01015547,Swindon 008C,Unable to prosecute suspect
e03ec4d0994d1a7c3997b74c67afe69c89db46ef60ce667cd1c6bb08bfbb276a,2024-06,Wiltshire Police,Wiltshire Police,-1.791196,51.106462,On or near Liddell Gardens,E01034547,Wiltshire 057D,Investigation complete; no suspect identified
25cee477ab32f994aac54f0adef46c19d0a01c99a79e07c22856886bb4d5fd01,2024-06,Wiltshire Police,Wiltshire Police,-2.210569,51.319199,On or near Supermarket,E01034534,Wiltshire 031E,Investigation complete; no suspect identified
0955e2ed1a2670988e488ca880ed6442d31b33e68db7b3e7967ad8baa3bd37ae,2024-06,Wiltshire Police,Wiltshire Police,-2.228424,51.313805,On or near Azalea Drive,E01032098,Wiltshire 033C,Unable to prosecute suspect
c6cc61aca176a9945a9aa2af5c3fe47fdf61d4c139eed192935cb7edb588fe05,2024-06,Wiltshire Police,Wiltshire Police,-1.819825,51.079578,On or near Ladysmith Road,E01032025,Wiltshire 053D,Investigation complete; no suspect identified
ec1c57a194e887785e4f0999d4e48ed034138ee3b252be6d9655ad0576bf899a,2024-06,Wiltshire Police,Wiltshire Police,-1.790858,51.070646,On or near Greencroft Street,E01032014,Wiltshire 056A,Investigation complete; no suspect identified
54ecb147b511edc71c6569515349972a174eb96f8a60707ed5b6926ac1893756,2024-06,Wiltshire Police,Wiltshire Police,-2.138282,51.372474,On or near High Street,E01032068,Wiltshire 022D,Investigation complete; no suspect identified
7e70ca1bf13f1e60c0dbede4a03676edf474c560366b7875cc7cfc6ab962f796,2024-06,Wiltshire Police,Wiltshire Police,-2.201897,51.314142,On or near Sheepcote Barton,E01032093,Wiltshire 035B,Local resolution
ea66cf160a4db8077826dd9418181e556f929668199cd5eceea4292174bd4fb8,2024-06,Wiltshire Police,Wiltshire Police,-1.780730,51.196300,On or near Marina Road,E01031996,Wiltshire 046B,Unable to prosecute suspect
ea66cf160a4db8077826dd9418181e556f929668199cd5eceea4292174bd4fb8,2024-06,Wiltshire Police,Wiltshire Police,-1.780730,51.196300,On or near Marina Road,E01031996,Wiltshire 046B,Unable to prosecute suspect
69323648bac1ce4c3de1dfabe72c33b605bee95179ddb0aa1b63cb4c9a3ecd43,2024-06,Wiltshire Police,Wiltshire Police,-1.785302,51.560868,On or near Shopping Area,E01015494,Swindon 019A,Suspect charged
5f04c5c1c45f31123840c3f71b0b0762e56193b6fd796637018b8dd925c76dd6,2024-06,Wiltshire Police,Wiltshire Police,-1.696164,51.689066,On or near Parking Area,E01015523,Swindon 001E,Investigation complete; no suspect identified
858bee48d5bd563a603d451475a58214113daaa0e31828f9354b48ebebc2d309,2024-06,Wiltshire Police,Wiltshire Police,-1.781619,51.555852,On or near Dover Street,E01032714,Swindon 019E,Unable to prosecute suspect
c563e3943594c0580beefa72b156975d16e22303570be1d5776ced89b65530d5,2024-06,Wiltshire Police,Wiltshire Police,-1.717478,51.421584,On or near Sports/Recreation Area,E01031861,Wiltshire 019A,Unable to prosecute suspect
b44f22117360dd6c7e3b8c65b2b765666ff298727f429830eec191103233c5f8,2024-06,Wiltshire Police,Wiltshire Police,-1.786438,51.580164,On or near Doris Archer Court,E01015507,Swindon 007B,Unable to prosecute suspect
b484268f2565bdf5206ca92108e070cd9a07a87434f4c89123a40a904e3d471c,2024-06,Wiltshire Police,Wiltshire Police,-1.840657,51.551082,On or near Winstanley Close,E01015500,Swindon 018B,Investigation complete; no suspect identified
7cb45188f8ebf02a7f77d40bef99529e4407cfdadf071de5c73c37a075d0d7ed,2024-06,Wiltshire Police,Wiltshire Police,-2.057001,51.385813,On or near Hunts Mead,E01031845,Wiltshire 028A,Action to be taken by another organisation
0285c759075cb4b6f7fdbfed1475d867c6cf6bf3ceac5d2a5a464f07efff1ef9,2024-06,Wiltshire Police,Wiltshire Police,-2.195471,51.429138,On or near Brakspear Drive,E01031932,Wiltshire 018B,Unable to prosecute suspect
81a57042cbb639ad3915b592dc1b7e39067d614b22b3d3cf79df0783db040477,2024-06,Wiltshire Police,Wiltshire Police,-2.185428,51.257871,On or near Supermarket,E01032115,Wiltshire 064A,Investigation complete; no suspect identified
2b6839da2769c7f7e6038dfed02c8d18972bc148143670bbf82196d34da6d45b,2024-06,Wiltshire Police,Wiltshire Police,-2.207533,51.304115,On or near Alderton Way,E01032092,Wiltshire 035A,Investigation complete; no suspect identified
af2340d3e30b37f18489d976bb7974efe2be102dc7d179dc8f1f6e1d9d824806,2024-06,Wiltshire Police,Wiltshire Police,-1.760151,51.190676,On or near Petrol Station,E01031989,Wiltshire 046A,Unable to prosecute suspect
678529600417d9304473eee0f5e94d4ff4d6749a5afdfe9e3d9c847b2a8aece5,2024-06,Wiltshire Police,Wiltshire Police,-1.796692,51.055073,On or near Hawksridge,E01032007,Wiltshire 059C,Unable to prosecute suspect
02d05d7eb366ae00dace76bec2c9293cecb0405c99c5ec58f56b5090acd12e07,2024-06,Wiltshire Police,Wiltshire Police,-1.793459,51.604031,On or near Abbotsbury Way,E01033861,Swindon 028G,Investigation complete; no suspect identified
259550942b4e3e1bf35d8e8937ef61d8e190f4f845df1939dc9d9d94036b648c,2024-06,Wiltshire Police,Wiltshire Police,-1.774599,51.575341,On or near Tydeman Street,E01015509,Swindon 010B,Unable to prosecute suspect
70725df2b93ced6b483a80f652c84ae8e7db90edfd0deadab7af4f4ed42ebb5e,2024-06,Wiltshire Police,Wiltshire Police,-2.088539,51.591042,On or near Charlton Road,E01031959,Wiltshire 005C,Local resolution
622ab39d613a9b533de1e1662dcdb34f5000c4d904a6331bd3453ca0d895eef3,2024-06,Wiltshire Police,Wiltshire Police,-1.793853,51.067855,On or near Catherine Street,E01032022,Wiltshire 058C,Investigation complete; no suspect identified
ed08629f8ec5e90f439aadcb347ae13316156db6ef19f6f560d804d0fe54ff24,2024-06,Wiltshire Police,Wiltshire Police,-1.825493,51.086942,On or near The Valley,E01031982,Wiltshire 052C,Investigation complete; no suspect identified
2ae0789776d63be7164172fbc93497dee4936deca1a9acd00d826f83b8ce4231,2024-06,Wiltshire Police,Wiltshire Police,-1.784788,51.562772,On or near Parking Area,E01033845,Swindon 015E,Investigation complete; no suspect identified
c9ccb868ebd82e042bcb4967322697d363cd85a8f832b70c3a3153936f85315b,2024-06,Wiltshire Police,Wiltshire Police,-2.201897,51.314142,On or near Sheepcote Barton,E01032093,Wiltshire 035B,Unable to prosecute suspect
44597668558d25a3f0c5250791edd320773e7027beabb8a0a1dde4cea4271244,2024-06,Wiltshire Police,Wiltshire Police,-2.251913,51.337504,On or near Spencers Orchard,E01032049,Wiltshire 027E,Investigation complete; no suspect identified
7798b0ed0e28f2bf026a497d6d9b33f4db3d0b9a300e0b7b488def6b542ce65b,2024-06,Wiltshire Police,Wiltshire Police,-1.816891,51.554276,On or near Markenfield,E01015568,Swindon 014D,Investigation complete; no suspect identified
622c60ef5a968c00affe960f44a9290374dc7c7281c680b5c85a28b798d5b0a9,2024-06,Wiltshire Police,Wiltshire Police,-1.797541,51.562706,On or near Shopping Area,E01032716,Swindon 012G,Investigation complete; no suspect identified
e014e46c8f320400fde48534e3b009b161ea7867f264498aae574317540b8888,2024-06,Wiltshire Police,Wiltshire Police,-1.778350,51.551692,On or near Bradford Road,E01015532,Swindon 021D,Unable to prosecute suspect
1279a9528bf445382bcbed8575351a5a98369e90be48cd50489dec7ed09da800,2024-06,Wiltshire Police,Wiltshire Police,-1.807435,51.597446,On or near Supermarket,E01032710,Swindon 028E,Unable to prosecute suspect
99a26d1cfbe1656b457685856200cb61e10caed8da2d21dc9daf055cc68a80da,2024-06,Wiltshire Police,Wiltshire Police,-1.829336,51.090257,On or near Ayrshire Close,E01031980,Wiltshire 052A,Investigation complete; no suspect identified
9f1d92f0f885eadbf74b2450258bf36a7217a0352a5528bfa3616299d5d35c4c,2024-06,Wiltshire Police,Wiltshire Police,-1.753460,51.561784,On or near Jonson Close,E01015572,Swindon 016B,Unable to prosecute suspect
226c3852b361e4fa287ffb29c8cd5e3bd1bd9f62dd4dc04470924eac1fb9d26d,2024-06,Wiltshire Police,Wiltshire Police,-2.141875,51.377666,On or near The City,E01032062,Wiltshire 022A,Unable to prosecute suspect
47a6229db09a7b786db4ecd37d1dadacfbe44fd1da7d7c2651f7aa12235be21b,2024-06,Wiltshire Police,Wiltshire Police,-1.837916,51.567695,On or near Parking Area,E01015565,Swindon 011C,Investigation complete; no suspect identified
f4c3e270df9da1bd8b12aad8f6103b4857d0bca34d246163a184d32205e17488,2024-06,Wiltshire Police,Wiltshire Police,-1.822726,51.567241,On or near Rivermead Drive,E01015561,Swindon 014A,Local resolution
1e37c67c6f85fbf9030c066a567d260082da39ed580db4ad308a32907f6efa9a,2024-06,Wiltshire Police,Wiltshire Police,-2.118597,51.459992,On or near Foghamshire,E01031912,Wiltshire 011B,Investigation complete; no suspect identified
19d19df44a59b25278ba89d274655de07ec41ad7059409ef8127b0417a06cacf,2024-06,Wiltshire Police,Wiltshire Police,-1.762927,51.176717,On or near Supermarket,E01034544,Wiltshire 048G,Unable to prosecute suspect
bc82368b65180982f2e1ba19a39aa38aefb9b0ba9aa0620b00690c44d135245f,2024-06,Wiltshire Police,Wiltshire Police,-1.990029,51.349950,On or near Southbroom Road,E01031855,Wiltshire 026C,Unable to prosecute suspect
db0b765c8768d091aa93608a4d16880b02c43be5e3031c371c7297933fdf82fe,2024-06,Wiltshire Police,Wiltshire Police,-2.128958,51.372214,On or near Cornwall Crescent,E01032066,Wiltshire 022B,Unable to prosecute suspect
74b2c277e97a941600076ef13298b6012ff0137eb76eb41dc5dd2d56db3f0ec3,2024-06,Wiltshire Police,Wiltshire Police,-1.753460,51.561784,On or near Jonson Close,E01015572,Swindon 016B,Unable to prosecute suspect
35370735ffcb209162269646e25ba268a19750492c8164f1ab45075b7d33a615,2024-06,Wiltshire Police,Wiltshire Police,-2.117616,51.458325,On or near Shopping Area,E01031912,Wiltshire 011B,Unable to prosecute suspect
f8fade5f5c800025f7b079874cf779b406fd6f9a8963ba442155385275877f86,2024-06,Wiltshire Police,Wiltshire Police,-1.790730,51.541729,On or near Supermarket,E01033848,Swindon 024F,Formal action is not in the public interest
b5e942283345c1279547ddd161070542827b506c6f680e36b77c86ed64a4c177,2024-06,Wiltshire Police,Wiltshire Police,-1.825473,51.584401,On or near Purton Road,E01032700,Swindon 026B,Investigation complete; no suspect identified
a426baeb5ecfa54f9b2b77ebaed1505bb4860c4941fa949e0bbd20b547bec03b,2024-06,Wiltshire Police,Wiltshire Police,-1.875986,51.110602,On or near Sutton Close,E01032013,Wiltshire 049A,Investigation complete; no suspect identified
a861c491bea6cc7a09f07db7f57061e3ed154df781a06a5ea331240a999a8311,2024-06,Wiltshire Police,Wiltshire Police,-1.762927,51.176717,On or near Supermarket,E01034544,Wiltshire 048G,Unable to prosecute suspect
1b27e12010fdc13e83e57bf9b02e10d3c1f5a5ad58244f76661531a2839d475d,2024-06,Wiltshire Police,Wiltshire Police,-1.831667,51.089145,On or near Cooks Close,E01031980,Wiltshire 052A,Investigation complete; no suspect identified
89b2f87b5b7699ab0667aa1a323a6d0bb205dc098a76ea8402e253ede2f56dbf,2024-06,Wiltshire Police,Wiltshire Police,-1.746425,51.581748,On or near Church Way,E01015554,Swindon 009F,Investigation complete; no suspect identified
56928b279068b88e7c910109fc4fcf5c97115e431c5281582324e0703c4515b0,2024-06,Wiltshire Police,Wiltshire Police,-1.896998,51.547998,On or near Petrol Station,E01031963,Wiltshire 006A,Investigation complete; no suspect identified
88d76acffc851187f5f60a1e03af65522298fee662ff8eb3a51566057ca25506,2024-06,Wiltshire Police,Wiltshire Police,-1.797541,51.562706,On or near Shopping Area,E01032716,Swindon 012G,Unable to prosecute suspect
75e7d3042ae7ebb9613f69dcd315a127e92e7a51b4c1fe2c049149dfe5c49763,2024-06,Wiltshire Police,Wiltshire Police,-2.189586,51.202717,On or near The Teasels,E01032114,Wiltshire 044D,Unable to prosecute suspect
21016adac42076eb1c02059ec6ece83d0307e5613fba68969d17c6a067262603,2024-06,Wiltshire Police,Wiltshire Police,-1.608973,51.442030,On or near High Street,E01031874,Wiltshire 012D,Investigation complete; no suspect identified
271bb9c625cf6f6f36f253f9e26ea826616d2ab3166663f499c493d47a5ba42b,2024-06,Wiltshire Police,Wiltshire Police,-1.747240,51.577964,On or near Ruckley Gardens,E01015554,Swindon 009F,Action to be taken by another organisation
c50057db0f8bdb818e1038bd829a993cfe79fdcba7e42cd12b02cd419144c5fe,2024-06,Wiltshire Police,Wiltshire Police,-1.747240,51.577964,On or near Ruckley Gardens,E01015554,Swindon 009F,Action to be taken by another organisation
039d5d5f73d1c1aca46e470335f63bac3183c56b2bbf74711bb5f34ba85db732,2024-06,Wiltshire Police,Wiltshire Police,-2.190390,51.196341,On or near Bell Close,E01032109,Wiltshire 044C,Unable to prosecute suspect
34e95e08b2b26575fec8365ccc09c1519943519d5d76a5ecb25c38182f7f9145,2024-06,Wiltshire Police,Wiltshire Police,-2.251913,51.337504,On or near Spencers Orchard,E01032049,Wiltshire 027E,Investigation complete; no suspect identified
9cf07cf199a38e195fac6bd12f6d0a9daf993d02952e5cff51d25805338bad87,2024-06,Wiltshire Police,Wiltshire Police,-1.748065,51.561773,On or near Burnham Road,E01015538,Swindon 016A,Unable to prosecute suspect
4167248879884daa8d26d7e7af9ab3892bef5c40d4eef4db8a285034ec529787,2024-06,Wiltshire Police,Wiltshire Police,-2.251913,51.337504,On or near Spencers Orchard,E01032049,Wiltshire 027E,Investigation complete; no suspect identified
f1ba2835f3eac38934772edc6b01a99659996c106e71371bbe863aec7686012b,2024-06,Wiltshire Police,Wiltshire Police,-1.789127,51.541632,On or near Ewden Close,E01033848,Swindon 024F,Investigation complete; no suspect identified
2ddb69c8c626577b29574018b3fc43495fe294be83600b84324fe81ad13d08c5,2024-06,Wiltshire Police,Wiltshire Police,-1.814140,51.581650,On or near Parking Area,E01015581,Swindon 012D,Unable to prosecute suspect
431bea0d0c3809c26c7ad95fdb0a985009416df3f8f49040f35d2dc5bcc66190,2024-06,Wiltshire Police,Wiltshire Police,-1.975851,51.359048,On or near Cranesbill Road,E01032692,Wiltshire 025G,Investigation complete; no suspect identified
fa44265c14859813d81b8ee7573e2fb758c614a1819142c865767327283f0ba0,2024-06,Wiltshire Police,Wiltshire Police,-1.587871,51.452712,On or near Parking Area,E01031873,Wiltshire 012C,Unable to prosecute suspect
e70bf13ee0ea42070f0f58bd7ca10e0d312d728a4a413a4acd64f2bab07752d1,2024-06,Wiltshire Police,Wiltshire Police,-2.106925,51.595325,On or near Beuttell Way,E01031948,Wiltshire 002C,Investigation complete; no suspect identified
e00fde08f96de161953bbf9ad5172c232608547c8523e14087ab53cde6e6d295,2024-06,Wiltshire Police,Wiltshire Police,-1.764842,51.589807,On or near Supermarket,E01015559,Swindon 005E,Suspect charged
68d72ee6e6e981d9804f904cbf941279571ae0de6814e9520e3ad4fb38578740,2024-06,Wiltshire Police,Wiltshire Police,-2.214201,51.315846,On or near Wesley Road,E01032089,Wiltshire 036B,Investigation complete; no suspect identified
17685de1fac0383eee41ee173d62fe1f756129d433b992fd08b2dadb32843fd6,2024-06,Wiltshire Police,Wiltshire Police,-1.978831,51.344769,On or near Gables Close,E01031852,Wiltshire 025C,Investigation complete; no suspect identified
336364619edd01ca70b71a8349b2db817037c5ac7d0418dc14c9245241dbcc8d,2024-06,Wiltshire Police,Wiltshire Police,-1.800756,51.570510,On or near Petrol Station,E01015578,Swindon 012B,Investigation complete; no suspect identified
a578db7dc0b200337548462aa90eefcc4e4483bb3628e89a09700f60d694ffa6,2024-06,Wiltshire Police,Wiltshire Police,-2.251913,51.337504,On or near Spencers Orchard,E01032049,Wiltshire 027E,Investigation complete; no suspect identified
558e5c4a87db18d069ef301f1cc1a14db994178d10d10419d2a50976cc62372a,2024-06,Wiltshire Police,Wiltshire Police,-1.752320,51.569928,On or near A4312,E01015550,Swindon 009B,Investigation complete; no suspect identified
93ec85f52720e33ebbccc20989f8ae5cc2644ef91cbe7c66e382e37a9ee01ce9,2024-06,Wiltshire Police,Wiltshire Police,-1.781343,51.565220,On or near Corporation Street,E01033845,Swindon 015E,Unable to prosecute suspect
0cca78474b00e99e757ffc34234567a40c80fa75b8e4dc7d75a42886f30a6109,2024-06,Wiltshire Police,Wiltshire Police,-1.730882,51.420164,On or near Supermarket,E01031863,Wiltshire 019C,Investigation complete; no suspect identified
4cf0e34b3c91afc1e61cf7ef069f5f225ab56ddf45eac3eba029dc244fe9281e,2024-06,Wiltshire Police,Wiltshire Police,-1.833514,51.556278,On or near Grosmont Drive,E01015569,Swindon 022D,Investigation complete; no suspect identified
4556e958d47ebff7d6f9367e19f85f276df3caba835431ce4f86d49334e3609e,2024-06,Wiltshire Police,Wiltshire Police,-2.124333,51.462711,On or near West End Close,E01031910,Wiltshire 009B,Unable to prosecute suspect
77aa21f83eb9899ab1d77949efc98bf65878b47c9a453f6808a502eef58e9583,2024-06,Wiltshire Police,Wiltshire Police,-1.948734,51.374154,On or near Oak Close,E01034538,Wiltshire 034E,Unable to prosecute suspect
6b6a485a914b8bb2aa3ec53f94e8f27c8c0185622303a257a7f8c029ae5b0564,2024-06,Wiltshire Police,Wiltshire Police,-2.097468,51.446722,On or near Maitland Close,E01031922,Wiltshire 014C,Unable to prosecute suspect
4b64d7fba2111f1c5d61e930014b13249586ed5d54e721becb125a5bf860b87d,2024-06,Wiltshire Police,Wiltshire Police,-2.097468,51.446722,On or near Maitland Close,E01031922,Wiltshire 014C,Unable to prosecute suspect
4b6e7c222e8da225f5b0ac9947abf78678bc000129a146de58b282ecaf2bafdf,2024-06,Wiltshire Police,Wiltshire Police,-2.097468,51.446722,On or near Maitland Close,E01031922,Wiltshire 014C,Unable to prosecute suspect
f8a6531e11d81b07cd6e493e10ebe769adff8edc76f57297826d784ff948e9e6,2024-06,Wiltshire Police,Wiltshire Police,-1.766297,51.163757,On or near Keel Close,E01034545,Wiltshire 048H,Local resolution
fbfff92f92233c7ad32ed6149b77d807e224169dded5079d0f3525163e13487e,2024-06,Wiltshire Police,Wiltshire Police,-2.112479,51.471292,On or near Moorlands,E01031915,Wiltshire 009D,Unable to prosecute suspect
f5a4e0afdc2eec5a1758a0deba695a53c657782d90e15ec84d44db31de318ca8,2024-06,Wiltshire Police,Wiltshire Police,-1.830370,51.552237,On or near Tintagel Close,E01015569,Swindon 022D,Formal action is not in the public interest
44caa213608feba22ffa6b6c6739ad28a94fb6f54008221e6f5882117f3b42e4,2024-06,Wiltshire Police,Wiltshire Police,-1.744247,51.191847,On or near Montreal Way,E01031988,Wiltshire 045B,Investigation complete; no suspect identified
70f71b94f01ed0e43658baf543c4e24cd5b4252f36aa9e8af8f568dba1c9bfab,2024-06,Wiltshire Police,Wiltshire Police,-2.199272,51.254863,On or near Shetland Close,E01032117,Wiltshire 063D,Action to be taken by another organisation
b4b757e745755b26e4337b2ac32b7fecbd9376cc99e55d9d11ba522419e6be0b,2024-06,Wiltshire Police,Wiltshire Police,-1.769992,51.561863,On or near Dudmore Road,E01015574,Swindon 017C,Investigation complete; no suspect identified
dec349db4e626e7788990e2b38c6d8654e3c78d391e70a4f559c416903f8448d,2024-06,Wiltshire Police,Wiltshire Police,-2.118597,51.459992,On or near Foghamshire,E01031912,Wiltshire 011B,Local resolution
51ae1657caac8f78c02cfc4cda2356870df2c29052825c369766e66cc1db94d8,2024-06,Wiltshire Police,Wiltshire Police,-1.828149,51.559094,On or near Shopping Area,E01015569,Swindon 022D,Investigation complete; no suspect identified
37424078681758a858433978edc0dcd927e8965cfb612021bb8e582bee2bd2a3,2024-06,Wiltshire Police,Wiltshire Police,-1.752320,51.569928,On or near A4312,E01015550,Swindon 009B,Investigation complete; no suspect identified
d021e2273ffef1830d5a88f5208cb6bdecde1f05816f46d43438b20cd9d406e8,2024-06,Wiltshire Police,Wiltshire Police,-1.800492,51.073972,On or near Churchill Way West,E01032024,Wiltshire 055D,Investigation complete; no suspect identified
19332bc95bb31e884a47c543e6675bb555bc9f7350edb76b5a89acc6d38ec9d2,2024-06,Wiltshire Police,Wiltshire Police,-1.667380,51.240768,On or near Chandlers Court,E01031879,Wiltshire 066A,Investigation complete; no suspect identified
64055bd08a2a171743f05b83c3c555707ea12a40b3accce30dc2d06c1694c9ae,2024-06,Wiltshire Police,Wiltshire Police,-1.743332,51.562014,On or near Old School Court,E01015538,Swindon 016A,Unable to prosecute suspect
13b42cdf4202dcbc239565f3fd74102670c1973e91fcd3d7215966727322b0dc,2024-06,Wiltshire Police,Wiltshire Police,-2.183790,51.425264,On or near Dew Close,E01031933,Wiltshire 018C,Investigation complete; no suspect identified
f08ddbaab1b1e6204658d2bce3ec2714ff8976a4c286e03a220e28bb9fba4d7b,2024-06,Wiltshire Police,Wiltshire Police,-1.781570,51.562901,On or near Parking Area,E01015475,Swindon 015A,Investigation complete; no suspect identified
3ea2a9f8cf5342a3b1772327173982db5606fbe9fb3c6bb223964025b6e70be6,2024-06,Wiltshire Police,Wiltshire Police,-1.797288,51.609900,On or near Sapphire Road,E01033844,Swindon 008I,Unable to prosecute suspect
a8bf4ca9d6598edf8368da453bde7b97fe864a2726acb29b010c76328cb33eb1,2024-06,Wiltshire Police,Wiltshire Police,-1.768893,51.559460,On or near Cumberland Road,E01015574,Swindon 017C,Unable to prosecute suspect
0de7c594e55f982650b4ac957febd049e7cf2455cac6d14e9fe0658ecc0845c2,2024-06,Wiltshire Police,Wiltshire Police,-1.762213,51.162580,On or near Dunford Close,E01031976,Wiltshire 048C,Unable to prosecute suspect
1c2c245c921dcb1124045bebaa184c2595a0ca81a5e33a0b800846134f951959,2024-06,Wiltshire Police,Wiltshire Police,-2.156731,51.196750,On or near Mill Island,E01032104,Wiltshire 042A,Action to be taken by another organisation
57ef35116efe522d75a8740e9432f6f798aa24557878b491149ed7cc6ba6b22d,2024-06,Wiltshire Police,Wiltshire Police,-1.768335,51.584095,On or near Hermitage Lane,E01015560,Swindon 005F,Unable to prosecute suspect
c07ac77a00cea98225e7136e1906448058e8dabf9ee2c964f8a5c13f12b965c2,2024-06,Wiltshire Police,Wiltshire Police,-1.793757,51.525357,On or near Coronation Road,E01015587,Swindon 025E,Action to be taken by another organisation
49396f136dd90367f8938aeb981f13d4c452070e3bd14f5c6b981246c12388cf,2024-06,Wiltshire Police,Wiltshire Police,-2.246490,51.340888,On or near Poulton,E01032049,Wiltshire 027E,Unable to prosecute suspect
9039f1c26842e50bf2cc47adb0ccf1f6b16a6dd38e624aa3e8ec02ddea6def4d,2024-06,Wiltshire Police,Wiltshire Police,-1.612737,51.285901,On or near Whittle Ride,E01031849,Wiltshire 029C,Unable to prosecute suspect
15d5283b6c23deed2b3b800c0fefe710a6abddc15f49884db060984477f92035,2024-06,Wiltshire Police,Wiltshire Police,-1.996886,51.443949,On or near Petrol Station,E01031895,Wiltshire 015A,Unable to prosecute suspect
1f9372941d431e0b589728a7792c19925c2ebe27dd759d345be38e47a8f82ec2,2024-06,Wiltshire Police,Wiltshire Police,-2.200373,51.428572,On or near Supermarket,E01034527,Wiltshire 018I,Unable to prosecute suspect
a39b507aa2c1aa69aa37dd3b0dc6ea73bced56dcbb2abef12aac3a2f06465f43,2024-06,Wiltshire Police,Wiltshire Police,-1.772736,51.562679,On or near Petrol Station,E01015475,Swindon 015A,Suspect charged
a39b507aa2c1aa69aa37dd3b0dc6ea73bced56dcbb2abef12aac3a2f06465f43,2024-06,Wiltshire Police,Wiltshire Police,-1.772736,51.562679,On or near Petrol Station,E01015475,Swindon 015A,Suspect charged
ba06d6ea86b58f5464949a5fad37498c5d02caa2cce8a61ab6391b8785228bd6,2024-06,Wiltshire Police,Wiltshire Police,-1.780357,51.560336,On or near Princes Street,E01032714,Swindon 019E,Suspect charged
9b2b65dee15c372f85925305ae5cbb8ccd766e0dc5609b584fc3dc5b3b7ad8fa,2024-06,Wiltshire Police,Wiltshire Police,-1.980896,51.350273,On or near Kingsley Road,E01031851,Wiltshire 025B,Unable to prosecute suspect
07f34019ef4317602309842a043cfe72771929720c411462e5cf890a7e8d97da,2024-06,Wiltshire Police,Wiltshire Police,-1.819521,51.553039,On or near Colchester Close,E01015571,Swindon 022F,Investigation complete; no suspect identified
f120ee3bb55dee713df62677d850c3f2c70618b53939301669d5eef975af3eb3,2024-06,Wiltshire Police,Wiltshire Police,-1.997625,51.346857,On or near Cornwell Crescent,E01031856,Wiltshire 026D,Unable to prosecute suspect
3ca5fb6cae26ea4778f1daf49c03f8d03afa5e6d8f253005ada7cca78e249fa1,2024-06,Wiltshire Police,Wiltshire Police,-1.804459,51.564182,On or near Rose Street,E01015579,Swindon 012C,Unable to prosecute suspect
d627407057383e9501d24a984377f174accaf3610bd4a108e31e70acfc245747,2024-06,Wiltshire Police,Wiltshire Police,-2.207052,51.324671,On or near Poplar Lane,E01034534,Wiltshire 031E,Unable to prosecute suspect
69a8850227340df4adced2b59474eb7b82137893171a25dfe1e937fc0271f7bb,2024-06,Wiltshire Police,Wiltshire Police,-1.714241,51.468841,On or near Liddiards Green,E01031868,Wiltshire 012B,Investigation complete; no suspect identified
e2c434e5a5610e2dd6d60166ae2bfa6db99ca7857cb8a2dc8852eb5b31a2202b,2024-06,Wiltshire Police,Wiltshire Police,-1.826951,51.563903,On or near Eastleaze Road,E01015561,Swindon 014A,Unable to prosecute suspect
9527dd6389b59df10528d1ea95ca87e8fdbe4679c138f86815cb5fd6f8a4972a,2024-06,Wiltshire Police,Wiltshire Police,-1.795255,51.573814,On or near Bessemer Road East,E01015582,Swindon 012E,Action to be taken by another organisation
c2425442dae5f3afd5a826c350e889e4a4e0883e1a1b22e27796b18de57f6ff5,2024-06,Wiltshire Police,Wiltshire Police,-1.817290,51.551830,On or near Bodiam Drive South,E01015571,Swindon 022F,Offender given a caution
5a5c6e5241272c8c42e7144a64890ecf35a08efec7bbc258986703c6fcc90fdb,2024-06,Wiltshire Police,Wiltshire Police,-1.751207,51.567660,On or near Crampton Road,E01015550,Swindon 009B,Investigation complete; no suspect identified
5fa4258cd618d38de7818ffa679519635fcf01b5452ea4bf651fa7a0ea039391,2024-06,Wiltshire Police,Wiltshire Police,-2.118597,51.459992,On or near Foghamshire,E01031912,Wiltshire 011B,Unable to prosecute suspect
4e037fd79fce00f4e21371bba2da11f42c1c96cc5980760375cf1a77b2f97471,2024-06,Wiltshire Police,Wiltshire Police,-2.211230,51.309485,On or near Carlton Row,E01032095,Wiltshire 035D,Investigation complete; no suspect identified
2fb9e50f9df377cb1885ffdc7fc24b4aa6c72e5bac04be65db44fe216d150b21,2024-06,Wiltshire Police,Wiltshire Police,-2.128777,51.374409,On or near Gloucester Square,E01032062,Wiltshire 022A,Unable to prosecute suspect
32e8162d05d2e7135b3837a5683a807722f65ed0762ec9bafb9a502e35a85bd7,2024-06,Wiltshire Police,Wiltshire Police,-1.732333,51.565631,On or near Martinfield,E01015486,Swindon 013F,Investigation complete; no suspect identified
3f4fa614a4620584e83b4f93c9149eed0c60918b77208a996611f1ae40f99dae,2024-06,Wiltshire Police,Wiltshire Police,-2.215361,51.318461,On or near A363,E01034534,Wiltshire 031E,Investigation complete; no suspect identified
ed59dfa090eb6f91826e8119cbc3cb7b34e67727b2b030831cfd4cb813a5c36e,2024-06,Wiltshire Police,Wiltshire Police,-1.783422,51.561915,On or near College Street,E01032714,Swindon 019E,Investigation complete; no suspect identified
bcd79195d6a867d3229cb3f186343b40ac9c2fe95682db0f74c7087d8f2efaa7,2024-06,Wiltshire Police,Wiltshire Police,-2.209473,51.323759,On or near British Row,E01034533,Wiltshire 031D,Suspect charged
474a57b02a545cc1412157ff751f97eb97b87256e173563ff86444d04593fac5,2024-06,Wiltshire Police,Wiltshire Police,-1.730882,51.420164,On or near Supermarket,E01031863,Wiltshire 019C,Investigation complete; no suspect identified
a1799697ce06c236141ed8d45bf91a8c054cb3bd0b2a168a44eb4c25516316ab,2024-06,Wiltshire Police,Wiltshire Police,-1.906876,51.541218,On or near Rope Yard,E01031967,Wiltshire 006C,Investigation complete; no suspect identified
d0069dbc325c1e69788fab1dd287b6bc095256348732cb930d153bcfce1bec95,2024-06,Wiltshire Police,Wiltshire Police,-2.243263,51.349580,On or near New Road Court,E01032046,Wiltshire 027B,Investigation complete; no suspect identified
307820006fc96954e41409b217ef05c872477d66106e8b7977028b62e6367c71,2024-06,Wiltshire Police,Wiltshire Police,-1.700437,51.611482,On or near Roves Lane,E01015523,Swindon 001E,Investigation complete; no suspect identified
522c81113d1463721b6d7befc502302cc77555b98e0ae116dc0a96d561ae07c3,2024-06,Wiltshire Police,Wiltshire Police,-1.790200,51.559239,On or near Tennyson Street,E01033846,Swindon 015F,Investigation complete; no suspect identified
3f5bfe463a103f432482fdf860fe88bb110c8c2b1b3566258f3c8794bb2844ac,2024-06,Wiltshire Police,Wiltshire Police,-1.807806,51.595118,On or near Osterley Road,E01015513,Swindon 004A,Investigation complete; no suspect identified
97fbbda1e85bf32bbbbabb210a98c6d1564975b809f786528525698e0653d3db,2024-06,Wiltshire Police,Wiltshire Police,-1.728701,51.428907,On or near Rogers Meadow,E01031862,Wiltshire 019B,Unable to prosecute suspect
3b5e4cae615ba569e58436cafa29654cbca23dfb6481e0d3a531be81b9cc1803,2024-06,Wiltshire Police,Wiltshire Police,-1.784922,51.558852,On or near Granville Street,E01015496,Swindon 019C,Investigation complete; no suspect identified
47a02c673f3135373f9fa4017e9ae0920156d9998a29e1b5a85f2a4d57866e60,2024-06,Wiltshire Police,Wiltshire Police,-1.794333,51.599195,On or near Hugo Drive,E01033860,Swindon 028F,Investigation complete; no suspect identified
860522fcc1c1abff2a4df7801a6e80ad0409a072a9a8e2e03af62c7f2ae10669,2024-06,Wiltshire Police,Wiltshire Police,-1.987946,51.352396,On or near Estcourt Street,E01031850,Wiltshire 025A,Unable to prosecute suspect
bf08fe7099e9017f81ac3d27c8d9e5406b2716be06071aef7ee1ed443dfe7740,2024-06,Wiltshire Police,Wiltshire Police,-2.127724,51.460405,On or near Dover Street,E01031910,Wiltshire 009B,Investigation complete; no suspect identified
551353e889a347a2b964c771c67bda6c0e0508ba783761c56fad090f3777d6c6,2024-06,Wiltshire Police,Wiltshire Police,-1.806782,51.071680,On or near Windsor Street,E01032003,Wiltshire 055C,Investigation complete; no suspect identified
de2fdcde0f523c09eb5aec88749453ca5a9f2b683d90fe00db9490f854da6dcc,2024-06,Wiltshire Police,Wiltshire Police,-1.780730,51.196300,On or near Marina Road,E01031996,Wiltshire 046B,Unable to prosecute suspect
66b4995214dfb72d29d843c6c798f32a9f566d98b7a069a29380da3c65807feb,2024-06,Wiltshire Police,Wiltshire Police,-2.175551,51.204448,On or near Cotton House Gardens,E01032103,Wiltshire 044A,Investigation complete; no suspect identified
d055b67ed0316e85ec06fd56476f7a6ce2859430a12f3a6440cc313c6dde7d76,2024-06,Wiltshire Police,Wiltshire Police,-1.768469,51.061027,On or near Petersfinger Farm,E01034550,Wiltshire 057G,Investigation complete; no suspect identified
dcbba1ed3d0e514b304db0159175bb5ab74150098cf187f5ab3cc923329ee9de,2024-06,Wiltshire Police,Wiltshire Police,-2.139277,51.373677,On or near Parking Area,E01032067,Wiltshire 022C,Investigation complete; no suspect identified
9c604f4188ce5c73e720fe51dfdbdc73c94279928edcb65f7cae1a45c589c0e9,2024-06,Wiltshire Police,Wiltshire Police,-1.730882,51.420164,On or near Supermarket,E01031863,Wiltshire 019C,Suspect charged
c752a81976f2b96e707b455839a5de6328b448a821f52a2efc09dda2d7d296fd,2024-06,Wiltshire Police,Wiltshire Police,-2.142795,51.456144,On or near Supermarket,E01031909,Wiltshire 010D,Investigation complete; no suspect identified
273d41472736f6c0b988b1f0f255f12399d37d63ee50f72c42d9f20808ad08f2,2024-06,Wiltshire Police,Wiltshire Police,-2.131898,51.375727,On or near Hampshire Place,E01032062,Wiltshire 022A,Investigation complete; no suspect identified
0686b2769b4d09f00fb5bd74a54d0f4017a2e979271644453d034513ffa94c57,2024-06,Wiltshire Police,Wiltshire Police,-1.837059,51.548955,On or near Pendennis Road,E01015503,Swindon 022C,Investigation complete; no suspect identified
027dcca3773078320a32e2c35248f30192b05f4d2ae2afe50805d8e8b80d4a63,2024-06,Wiltshire Police,Wiltshire Police,-2.131898,51.375727,On or near Hampshire Place,E01032062,Wiltshire 022A,Investigation complete; no suspect identified
1fe0faafb25c74502e8ee893d34442cc38ebba974b6da54a3a9059e778ef454b,2024-06,Wiltshire Police,Wiltshire Police,-1.794190,51.069150,On or near Queen Street,E01032022,Wiltshire 058C,Unable to prosecute suspect
3b183e52c20c75129938ec77bdf69e44a1f050b1218448126dbd3bbc3b6a3cba,2024-06,Wiltshire Police,Wiltshire Police,-2.253905,51.349935,On or near Conigre Hill,E01032047,Wiltshire 027C,Unable to prosecute suspect
c3ded045ef7b62759d57a5ee9b3292e4860fe239382595e98a896ae1d434ed87,2024-06,Wiltshire Police,Wiltshire Police,-2.004586,51.326266,On or near Ryeleaze,E01031872,Wiltshire 028D,Unable to prosecute suspect
934c5f47c5a8dbaafc0f57fc83eb91592ba028b334c985aa534cbd75974299e1,2024-06,Wiltshire Police,Wiltshire Police,-1.785302,51.560868,On or near Shopping Area,E01015494,Swindon 019A,Suspect charged
934c5f47c5a8dbaafc0f57fc83eb91592ba028b334c985aa534cbd75974299e1,2024-06,Wiltshire Police,Wiltshire Police,-1.785302,51.560868,On or near Shopping Area,E01015494,Swindon 019A,Suspect charged
3c74040bea0c694022dd6c5e13319272ea2452769c4a9909f13fbfb739bf4887,2024-06,Wiltshire Police,Wiltshire Police,-1.773295,51.340704,On or near Wilcot Road,E01031869,Wiltshire 024B,Action to be taken by another organisation
23a210f536362eff148bef0b3165e4bb29909e8011cbd8675bf1fef6056d8968,2024-06,Wiltshire Police,Wiltshire Police,-1.744876,51.569705,On or near Siren Close,E01015481,Swindon 013A,Unable to prosecute suspect
5e5c67d493bcb4b0e76fac3781d51dade19f407fcc2f26c0c172b37349d05aac,2024-06,Wiltshire Police,Wiltshire Police,-1.752320,51.569928,On or near A4312,E01015550,Swindon 009B,Investigation complete; no suspect identified
daa8d4a4497b9d0d6812e63a759f4174913babd8d5cca86f70dd9c78dc781cfb,2024-06,Wiltshire Police,Wiltshire Police,-1.836962,51.568062,On or near Pilgrim Close,E01015565,Swindon 011C,Unable to prosecute suspect
2cc44276a20820b0a573637bdd5ee57451a11ea1fa487b860b48ae678a7b3a51,2024-06,Wiltshire Police,Wiltshire Police,-1.783255,51.563641,On or near Bus/Coach Station,E01015475,Swindon 015A,Investigation complete; no suspect identified
4578ceaa8b9961ff11d7e5e9b10b191e7779d1c3ea6ff12bf1f417037a34b367,2024-06,Wiltshire Police,Wiltshire Police,-1.801849,51.554017,On or near Beacon Close,E01015478,Swindon 021A,Investigation complete; no suspect identified
4b67aaba4bf8776b5c82a2bdef629e018cd9fb39fa2b1eeaeede0cc5a08a08ac,2024-06,Wiltshire Police,Wiltshire Police,-2.201897,51.314142,On or near Sheepcote Barton,E01032093,Wiltshire 035B,Unable to prosecute suspect
ab80db5686d466696249c057276ceb79a05b753393091e08e9c76c40ec34375a,2024-06,Wiltshire Police,Wiltshire Police,-1.782903,51.592044,On or near Durrington Walk,E01015546,Swindon 003D,Unable to prosecute suspect
843b7b808df3d95ce0e57ad0d886ad3a9b720197bf9ac3f46197e7434e6fe2c7,2024-06,Wiltshire Police,Wiltshire Police,-1.739101,51.567885,On or near Parking Area,E01015481,Swindon 013A,Suspect charged
843b7b808df3d95ce0e57ad0d886ad3a9b720197bf9ac3f46197e7434e6fe2c7,2024-06,Wiltshire Police,Wiltshire Police,-1.739101,51.567885,On or near Parking Area,E01015481,Swindon 013A,Suspect charged
64d648b9027732d1d5e55db2b15b307b9c350c6bd6924936496149936c7e4197,2024-06,Wiltshire Police,Wiltshire Police,-1.812300,51.590405,On or near Francomes,E01015515,Swindon 004C,Investigation complete; no suspect identified
648804fc68d64cfa672237139bf036e5d91ce009d5551ae342755de06027b7ea,2024-06,Wiltshire Police,Wiltshire Police,-1.805905,51.086660,On or near Portway,E01032018,Wiltshire 053A,Investigation complete; no suspect identified
9db344c0ccd2fc954b0a0df5699253d095d69639db5feadb83e4e9f9a5ba1023,2024-06,Wiltshire Police,Wiltshire Police,-2.193623,51.434401,On or near Dickens Avenue,E01031952,Wiltshire 018F,Investigation complete; no suspect identified
8343ea570910f0ed981a25d0e5bd443831bba0f1137533e26c548eef353ba2ec,2024-06,Wiltshire Police,Wiltshire Police,-1.772736,51.562679,On or near Petrol Station,E01015475,Swindon 015A,Investigation complete; no suspect identified
1819d54ee2b08a478cdf2bfc76b474efde8a3283573ef6710298fd7f0f47f9e8,2024-06,Wiltshire Police,Wiltshire Police,-1.802291,51.070378,On or near Fisherton Street,E01032014,Wiltshire 056A,Investigation complete; no suspect identified
d0ebc754ddd95797993d8b6e412e652c6d1cc619294cf94cb8921e5b028fa143,2024-06,Wiltshire Police,Wiltshire Police,-1.837460,51.582179,On or near Cowleaze,E01034520,Wiltshire 003E,Investigation complete; no suspect identified
73e8ee01c1d20da5129deca8f88717e26894f6bc8a1bad6d8809797748b81811,2024-06,Wiltshire Police,Wiltshire Police,-1.746546,51.588573,On or near St Quentin Close,E01015552,Swindon 009D,Investigation complete; no suspect identified
967a5f26294feb26250d8f10c9e85a7d5cf299e3592983f09d9714030c3ead88,2024-06,Wiltshire Police,Wiltshire Police,-1.752471,51.555353,On or near Axbridge Close,E01015540,Swindon 020C,Unable to prosecute suspect
7f355cec6bdb2c9640c8fa61053d1fcf9b58848cd2cdfda4ffe148281a8df85d,2024-06,Wiltshire Police,Wiltshire Police,-1.807435,51.597446,On or near Supermarket,E01032710,Swindon 028E,Investigation complete; no suspect identified
7ca50801a1fd6d51b6b66984cd51ec9873f60232fe3ef39c5ce52ab1114cb9da,2024-06,Wiltshire Police,Wiltshire Police,-1.791093,51.072355,On or near Police Station,E01032014,Wiltshire 056A,Investigation complete; no suspect identified
3164ff8a99974317b119d647c1efa4f094fe015787fb1ceca958fbc74ab246fb,2024-06,Wiltshire Police,Wiltshire Police,-2.129560,51.478386,On or near Petrol Station,E01034523,Wiltshire 013F,Investigation complete; no suspect identified
2bb4cb2a389f06862d91d144ce872baa8d21e00e5d62ffcd2da448a675f917b4,2024-06,Wiltshire Police,Wiltshire Police,-2.230578,51.297013,On or near Chantry Gardens,E01032083,Wiltshire 037B,Action to be taken by another organisation
5aa1f81779164a1af39248a95505a41d5cb54746db0a38ff2a070348adbd6698,2024-06,Wiltshire Police,Wiltshire Police,-2.182222,51.262507,On or near Market Place,E01032115,Wiltshire 064A,Investigation complete; no suspect identified
2076c4a8e263a267880fa9f3498892dc2030a621f05665bad61d683546966aab,2024-06,Wiltshire Police,Wiltshire Police,-1.784922,51.558852,On or near Granville Street,E01015496,Swindon 019C,Unable to prosecute suspect
2c519d6b455557a8b4021bf35427618c271400222fa8301e3d20dc9f606052bf,2024-06,Wiltshire Police,Wiltshire Police,-2.125972,51.362776,On or near Babington Close,E01034530,Wiltshire 021I,Unable to prosecute suspect
966ddc81673993abecb7a1b2fd2f3a55e19eeb7809b12a6d4a1a3d2ee49ffb19,2024-06,Wiltshire Police,Wiltshire Police,-1.827444,51.088348,On or near Olivier Close,E01031980,Wiltshire 052A,Investigation complete; no suspect identified
11e1500222ca30da9d43d479b15a7dfd15b035a46d33130bc7e1fefbe62c29a8,2024-06,Wiltshire Police,Wiltshire Police,-1.822997,51.597740,On or near Friday Street,E01032703,Swindon 026C,Investigation complete; no suspect identified
d3b20d31ecbdbc87876da124e20bfdf1e91f1d0887e2e27df6de288362e03694,2024-06,Wiltshire Police,Wiltshire Police,-2.125847,51.364053,On or near Bath Road,E01034530,Wiltshire 021I,Investigation complete; no suspect identified
d52c8155e3766d00e20278bc34db4f5eeccfd99c83115dc98c58c73458349f2b,2024-06,Wiltshire Police,Wiltshire Police,-2.192849,51.318977,On or near Slowgrove Close,E01032102,Wiltshire 032D,Suspect charged
1d5207252f5a712660f56ac62047079ea4ad17481d1ae360ec80aa82d58a3754,2024-06,Wiltshire Police,Wiltshire Police,-2.192849,51.318977,On or near Slowgrove Close,E01032102,Wiltshire 032D,Suspect charged
39fa55c5bdbae538f78234bcb374584f60d9a3e9fd70ed3a627ed95486cc654c,2024-06,Wiltshire Police,Wiltshire Police,-2.142934,51.380920,On or near Supermarket,E01032063,Wiltshire 020A,Action to be taken by another organisation
7c6191a3bcdb66e50bfe20d948f3980c6fde18c33446ba7563f634595360f09a,2024-06,Wiltshire Police,Wiltshire Police,-1.665905,51.240737,On or near Dowse Close,E01032697,Wiltshire 066C,Investigation complete; no suspect identified
dfc35057e5b96277821dd603e0291a0bbee0b1dbd9a4f51e890bd97077dce1ec,2024-06,Wiltshire Police,Wiltshire Police,-1.745210,51.556345,On or near Redruth Close,E01015537,Swindon 020A,Unable to prosecute suspect
e0cb6405cee43b144ac98bcc21efeb2c5c67266a34e5684dfe67723617e11013,2024-06,Wiltshire Police,Wiltshire Police,-1.775180,51.589189,On or near Trowbridge Close,E01015543,Swindon 003A,Unable to prosecute suspect
d237dd4cd49846a8a544de4a741a774a8d9d78ebf2435b64dff82b0d66bd66dc,2024-06,Wiltshire Police,Wiltshire Police,-1.775180,51.589189,On or near Trowbridge Close,E01015543,Swindon 003A,Unable to prosecute suspect
e44f468b511da58fb0d0c62e90b61218ecf523fe6e2305c01870d93bb95d3156,2024-06,Wiltshire Police,Wiltshire Police,-1.809720,51.586201,On or near Poole Road,E01015528,Swindon 006B,Investigation complete; no suspect identified
b3ad751cdfef147a11a0255c11371520edd8f6c3234b7078ae9992676880f8b4,2024-06,Wiltshire Police,Wiltshire Police,-2.016769,51.089670,On or near Hindon Road,E01032004,Wiltshire 054B,Investigation complete; no suspect identified
741050281eed93bb7ca76ba4b940ee67d1bfd59340baaef3ec5f29eab6bcfc1a,2024-06,Wiltshire Police,Wiltshire Police,-1.737524,51.563557,On or near Hamworthy Road,E01015486,Swindon 013F,Investigation complete; no suspect identified
ec4a2fefe3d73a2b991a6bdaaf942f50dadf20e2efef175a7ce41f405ea11197,2024-06,Wiltshire Police,Wiltshire Police,-2.192517,51.195060,On or near Frederick Taylor Court,E01032109,Wiltshire 044C,Investigation complete; no suspect identified
5f2581ca9540d8d734ee038112e90d05d8ac2860f9c4a78abcbe22ef12329a95,2024-06,Wiltshire Police,Wiltshire Police,-1.753460,51.561784,On or near Jonson Close,E01015572,Swindon 016B,Unable to prosecute suspect
627b7f38933659061a234207fbe1d27ec8d43fff998104ab80c7c3d80663d60f,2024-06,Wiltshire Police,Wiltshire Police,-2.004541,51.443904,On or near Dixon Way,E01031898,Wiltshire 015D,Investigation complete; no suspect identified
c1cf9d936b6425babdd39a0d6c572fcb4990abbfb9b9ec444d6957cd028915c3,2024-06,Wiltshire Police,Wiltshire Police,-1.827003,51.083932,On or near Woodside Road,E01031983,Wiltshire 052D,Investigation complete; no suspect identified
e4e7b3d091b723619274dc730c13a7df443df360b009e50425ed89191328abe4,2024-06,Wiltshire Police,Wiltshire Police,-2.250613,51.346580,On or near Parking Area,E01034532,Wiltshire 027H,Investigation complete; no suspect identified
9a25b1287d6be0478e90c0860d4a0a9d846e7edb36331a3c0fc1e3c2c0128ac3,2024-06,Wiltshire Police,Wiltshire Police,-1.744189,51.555875,On or near Honiton Road,E01015537,Swindon 020A,Investigation complete; no suspect identified
e383c99dae877e4624188b317d5e29cc2e87b431d6026efbae41c5b5be780a0f,2024-06,Wiltshire Police,Wiltshire Police,-1.790200,51.559239,On or near Tennyson Street,E01033846,Swindon 015F,Investigation complete; no suspect identified
6f6d5171bf18972eb63c3c8002cecb1476771371dde3a978ac02d5880d7734e4,2024-06,Wiltshire Police,Wiltshire Police,-1.901053,51.540233,On or near Old Court,E01031967,Wiltshire 006C,Investigation complete; no suspect identified
ed4a21742183e6cc0f65c7dd5236d876cf99629befd38bae0725a991569add71,2024-06,Wiltshire Police,Wiltshire Police,-1.729498,51.561893,On or near Verney Close,E01015482,Swindon 013B,Investigation complete; no suspect identified
0bfc945fdde3684531ff75a3dff6458652dd168d575723a108f9f454ab53cf89,2024-06,Wiltshire Police,Wiltshire Police,-1.791676,51.069541,On or near Winchester Street,E01032014,Wiltshire 056A,Investigation complete; no suspect identified
f836847f0068bbb1ab4c82b3c37a8bc5b26cfa289803a3af3b794e0a50809b65,2024-06,Wiltshire Police,Wiltshire Police,-1.781019,51.572664,On or near Norman Road,E01015511,Swindon 010D,Investigation complete; no suspect identified
77bb99862d8e2a689ec51350c6daf94fe71a03e78c22e544969ed57f6c0180cf,2024-06,Wiltshire Police,Wiltshire Police,-1.797541,51.562706,On or near Shopping Area,E01032716,Swindon 012G,Investigation complete; no suspect identified
65fc74300884670e929e2bdd3bb9b5ee6359df991d2f5aa9b7a0952ecc81a84f,2024-06,Wiltshire Police,Wiltshire Police,-2.209886,51.322967,On or near Supermarket,E01034533,Wiltshire 031D,Investigation complete; no suspect identified
3b04046aed9bc27a0ce12b569448022b35b9b1583df27303e9e82da70b122d80,2024-06,Wiltshire Police,Wiltshire Police,-1.808862,51.597570,On or near Shopping Area,E01032710,Swindon 028E,Investigation complete; no suspect identified
dc5f132c0631a125dabf437d925c13ef1a2703f10b1ebaff4e27e7bce067047e,2024-06,Wiltshire Police,Wiltshire Police,-1.768335,51.584095,On or near Hermitage Lane,E01015560,Swindon 005F,Unable to prosecute suspect
7cf26e95f0b84a32a89d861a8eca1307b691ed1d13cf90f0489dbf1040779d35,2024-06,Wiltshire Police,Wiltshire Police,-1.794937,51.525835,On or near Hicks Close,E01015584,Swindon 025B,Unable to prosecute suspect
68c42f3566f14f4e2fad3b71766943692e2f63b2ef6c3977a1845f798c91f02c,2024-06,Wiltshire Police,Wiltshire Police,-1.771881,51.561839,On or near Supermarket,E01015493,Swindon 017B,Action to be taken by another organisation
6970e409bd42c2607060edaab84ec913cfbc3c9d118e01bed647bc9db35cbfb7,2024-06,Wiltshire Police,Wiltshire Police,-2.140587,51.374701,On or near Supermarket,E01032062,Wiltshire 022A,Investigation complete; no suspect identified
e470b685de4dea0aac4dbdaa28656a68fd12921f4b07c2709c37c16f9c3224fd,2024-06,Wiltshire Police,Wiltshire Police,-2.195829,51.213309,On or near Bath Road,E01032111,Wiltshire 043B,Investigation complete; no suspect identified
8b2c1bbdcae4412e0e4ce0fbbcb36a6542ea22de736c200e03908423b47877d4,2024-06,Wiltshire Police,Wiltshire Police,-1.807435,51.597446,On or near Supermarket,E01032710,Swindon 028E,Investigation complete; no suspect identified
30d653d34714eaa72ac12a2ede84ab064043b37c4d4779dd45a6052fca5d3386,2024-06,Wiltshire Police,Wiltshire Police,-2.203567,51.266932,On or near Brook Lane,E01034552,Wiltshire 063B,Offender given a caution
30d653d34714eaa72ac12a2ede84ab064043b37c4d4779dd45a6052fca5d3386,2024-06,Wiltshire Police,Wiltshire Police,-2.203567,51.266932,On or near Brook Lane,E01034552,Wiltshire 063B,Offender given a caution
b6d9b249ba42a603d8054daa5ce2157e55424729a7e21d4230d4d81c8cfbc080,2024-06,Wiltshire Police,Wiltshire Police,-1.874911,51.074911,On or near Randall's Croft Road,E01032040,Wiltshire 054F,Investigation complete; no suspect identified
32cbd020d86cc3c5ebb5cddd77108f107e8b0fb04346bca6ea3c7f508d4e6836,2024-06,Wiltshire Police,Wiltshire Police,-1.990545,51.352378,On or near Gains Lane,E01031854,Wiltshire 026B,Suspect charged
32cbd020d86cc3c5ebb5cddd77108f107e8b0fb04346bca6ea3c7f508d4e6836,2024-06,Wiltshire Police,Wiltshire Police,-1.990545,51.352378,On or near Gains Lane,E01031854,Wiltshire 026B,Suspect charged
32cbd020d86cc3c5ebb5cddd77108f107e8b0fb04346bca6ea3c7f508d4e6836,2024-06,Wiltshire Police,Wiltshire Police,-1.990545,51.352378,On or near Gains Lane,E01031854,Wiltshire 026B,Suspect charged
2628523af466755a23432426aa41ef6b64fdd3a0ea9265f89b985b090d29e78b,2024-06,Wiltshire Police,Wiltshire Police,-1.801383,51.075952,On or near Supermarket,E01032024,Wiltshire 055D,Investigation complete; no suspect identified
b86d09a4ad62ec2911259226cef0ecd70cdaa52d6fa51638d408f09aef720470,2024-06,Wiltshire Police,Wiltshire Police,-2.130097,51.358672,On or near Avro Way,E01034530,Wiltshire 021I,Investigation complete; no suspect identified
9630a9e718f4364e6312d7e426ecca87747ef8d434a3aa13e746d5739a5daed9,2024-06,Wiltshire Police,Wiltshire Police,-1.794333,51.599195,On or near Hugo Drive,E01033860,Swindon 028F,Investigation complete; no suspect identified
86245acb96a7bdb32b4d9d302763c84fb830402b84b1b2d87b366423089fc40c,2024-06,Wiltshire Police,Wiltshire Police,-1.800756,51.570510,On or near Petrol Station,E01015578,Swindon 012B,Investigation complete; no suspect identified
c443ff86026f05714895382862752f5d29132f8c4564bab8ff0982b4813e6180,2024-06,Wiltshire Police,Wiltshire Police,-2.139375,51.372823,On or near Church Street,E01032067,Wiltshire 022C,Unable to prosecute suspect
a46e6e40447e4e286abe0a4706a52680edd725b399b42f294e374a8d6475a2b8,2024-06,Wiltshire Police,Wiltshire Police,-2.200803,51.204956,On or near Virginia Drive,E01032110,Wiltshire 043A,Unable to prosecute suspect
96712c8b631ad30f31a0945101fcc3890218157ef5bf561282c484fa712d1a74,2024-06,Wiltshire Police,Wiltshire Police,-1.781126,51.559411,On or near Theatre/Concert Hall,E01032714,Swindon 019E,Investigation complete; no suspect identified
011b48c7fafa16d108281669db4947358a87c1b045d0659071e33b8454576e5d,2024-06,Wiltshire Police,Wiltshire Police,-1.730882,51.420164,On or near Supermarket,E01031863,Wiltshire 019C,Suspect charged
4097701bf5f51c53b4e863edd69df661be48beb9271c7616a0f19a92a26aaee6,2024-06,Wiltshire Police,Wiltshire Police,-1.775963,51.561964,On or near Newcastle Street,E01015493,Swindon 017B,Investigation complete; no suspect identified
64298d42a79bcd82f408b042c68d4918475fe532684ef55318c6424361a6470b,2024-06,Wiltshire Police,Wiltshire Police,-1.860092,51.642729,On or near Willow Grove,E01031936,Wiltshire 001D,Action to be taken by another organisation
88207c021ecb95d8e6dd244ee8184335c8dcb90ca8c8e67c8bcf461ef3cd5438,2024-06,Wiltshire Police,Wiltshire Police,-2.107354,51.459158,On or near Brake Mead,E01031918,Wiltshire 011E,Investigation complete; no suspect identified
59a005ac4ce578c51516295f516f2e0351f8f94e8ae1c2068ec24efa99e92d03,2024-06,Wiltshire Police,Wiltshire Police,-2.044233,51.096937,On or near Cow Drove,E01032004,Wiltshire 054B,Investigation complete; no suspect identified
39f46d9b7dc68c8e065cf4c360d49dbb3b61282ef3248a52ced659f2a4e93b50,2024-06,Wiltshire Police,Wiltshire Police,-2.106398,51.450221,On or near Ray Close,E01031924,Wiltshire 014E,Investigation complete; no suspect identified
56bd677ee27e65a490988d724d6009a7869fc806c9449cb6800ce64f06f10268,2024-06,Wiltshire Police,Wiltshire Police,-2.106398,51.450221,On or near Ray Close,E01031924,Wiltshire 014E,Investigation complete; no suspect identified
79e94c0f511bdd0c74469d32b94a8528fa3e4f120f8b66ac0ce02f29f416c944,2024-06,Wiltshire Police,Wiltshire Police,-1.783686,51.579287,On or near Pinehurst Road,E01015507,Swindon 007B,Action to be taken by another organisation
986f6f07f2e477785a4e62ef253355eed7d0e8deb36c085aca23eb568bb85c3d,2024-06,Wiltshire Police,Wiltshire Police,-1.780342,51.569399,On or near Beatrice Street,E01015510,Swindon 010C,Investigation complete; no suspect identified
29b84b81548c75f1ec4214b4b4c308548673f8e2f52c888bf016f24fa2bb916c,2024-06,Wiltshire Police,Wiltshire Police,-2.212941,51.418579,On or near Westwells Road,E01031941,Wiltshire 018D,Investigation complete; no suspect identified
62b36878de73b6903d97e14084b93c541a2d8d5139ca22732d3529437f03ed0c,2024-06,Wiltshire Police,Wiltshire Police,-1.784788,51.562772,On or near Parking Area,E01033845,Swindon 015E,Investigation complete; no suspect identified
d8f7ede59e661e6bf4c75425c7e486ac6268e58fa7b01a793d85bda4cdb7cb3b,2024-06,Wiltshire Police,Wiltshire Police,-1.994307,51.351488,On or near High Street,E01031854,Wiltshire 026B,Unable to prosecute suspect
7e98de691f0a5139f790054fe381cc308e405dc16f51e0e90dbad7ca1e6194da,2024-06,Wiltshire Police,Wiltshire Police,-2.129560,51.478386,On or near Petrol Station,E01034523,Wiltshire 013F,Investigation complete; no suspect identified
c9f44a6f23e47d14b57a23f1b29fae166b5990c0bb7197622787bfbbec31afdf,2024-06,Wiltshire Police,Wiltshire Police,-1.984971,51.359616,On or near Keepers Road,E01032693,Wiltshire 025H,Unable to prosecute suspect
d6f9231d9ce2c285bdb89e5123fcdd45a20463384e5edbe2e21d5923c712d588,2024-06,Wiltshire Police,Wiltshire Police,-2.266071,51.585577,On or near Russell Close,E01034790,Cotswold 011H,Investigation complete; no suspect identified
5179c03fe9ddb4be87aa2668ce9b82375a9b2417b929be2a29e1bee0ad038fba,2024-06,Wiltshire Police,Wiltshire Police,-1.549076,51.361627,On or near Sandy Lane,E01031877,Wiltshire 029D,Unable to prosecute suspect
576f8af4684e62fb9903341448b91f34fa2f45362c60b6598ec9b8186af582da,2024-06,Wiltshire Police,Wiltshire Police,-1.801847,51.600880,On or near Lady Lane,E01032710,Swindon 028E,Investigation complete; no suspect identified
f180beae9363de6097b152b33874415076a691637502fee13b67107d3c3c3d4b,2024-06,Wiltshire Police,Wiltshire Police,-2.002722,51.352855,On or near Moyne Close,E01031854,Wiltshire 026B,Unable to prosecute suspect
6a1bc81f34349784c8e1ddb3d2afa2ae39aa0076c41e5839155a4db9b886e1a9,2024-06,Wiltshire Police,Wiltshire Police,-1.786766,51.571623,On or near Rayfield Grove,E01015582,Swindon 012E,Local resolution
48f60e6c7cd7b0ac7a62c5973d65f2148c2cfb6435aab187dca267dbc1ffb8ba,2024-06,Wiltshire Police,Wiltshire Police,-1.779932,51.564624,On or near Alfred Street,E01015480,Swindon 015D,Action to be taken by another organisation
bce2dd31cb562ffa854a5f3fddc618733fd4047ed320443217e4917bed0375d3,2024-06,Wiltshire Police,Wiltshire Police,-1.779932,51.564624,On or near Alfred Street,E01015480,Swindon 015D,Action to be taken by another organisation
170d67c498b255e9c350db85048e4a83668a5641d9272df5be6425f94a54c626,2024-06,Wiltshire Police,Wiltshire Police,-1.755805,51.571050,On or near Parking Area,E01015549,Swindon 009A,Investigation complete; no suspect identified
b8681adf6a77d95774d9fe7e766352a1bde07805ddeca6e1340a0773eabe1161,2024-06,Wiltshire Police,Wiltshire Police,-1.978528,51.285684,On or near White Street,E01031858,Wiltshire 034C,Investigation complete; no suspect identified
124f61f3126e9670f2f3cd1d5f97cc9621f256be908a7dbfb552c59dc1d093af,2024-06,Wiltshire Police,Wiltshire Police,-1.750709,51.566391,On or near Kelvin Road,E01015550,Swindon 009B,Investigation complete; no suspect identified
93d48c503431f79eac93366ac663d1dd63a57336f6e6b97a2318a71d6f901b70,2024-06,Wiltshire Police,Wiltshire Police,-2.011318,51.444344,On or near Lansdowne Close,E01031898,Wiltshire 015D,Unable to prosecute suspect
53b1f0394edabb0b7d9777f99382d0bcfaea5d09853cccfb762907687c34a64c,2024-06,Wiltshire Police,Wiltshire Police,-2.178395,51.203337,On or near Ridgeway Court,E01032103,Wiltshire 044A,Investigation complete; no suspect identified
3861db46714c0278de2bdcc34960941857a0fe1a369c4e98015079b8c17a7eb8,2024-06,Wiltshire Police,Wiltshire Police,-1.851994,51.081763,On or near Fugglestone,E01032039,Wiltshire 054E,Investigation complete; no suspect identified
fa1f71d6a8c4e644bd7a2cb19916b7b8cd36e1cd353a0972dc7feb1b1161dd2d,2024-06,Wiltshire Police,Wiltshire Police,-1.656931,51.239632,On or near The Royal Crescent,E01032697,Wiltshire 066C,Investigation complete; no suspect identified
050b899327136d29da75526316629a4967221de51387db595b29e42425380c05,2024-06,Wiltshire Police,Wiltshire Police,-1.832911,51.547547,On or near Grantham Close,E01015501,Swindon 022A,Investigation complete; no suspect identified
6022c89e927f72226c9b5c00eac65ac1789a65b028b4d38c0cf3f7cb401fcb60,2024-06,Wiltshire Police,Wiltshire Police,-2.208689,51.302944,On or near Shopping Area,E01032092,Wiltshire 035A,Investigation complete; no suspect identified
89f68a7f42f702043ac0d4a8bc804132bb5888fbf127cbc12c5dcb7f9c60e0a9,2024-06,Wiltshire Police,Wiltshire Police,-2.138993,51.370036,On or near Thornbank,E01032068,Wiltshire 022D,Investigation complete; no suspect identified
d514042993f9b968f5547816fdae4c8b31e36fc953e4ed1bdccb843939bdf92d,2024-06,Wiltshire Police,Wiltshire Police,-1.769287,51.169284,On or near Lyndhurst Road,E01031978,Wiltshire 048E,Unable to prosecute suspect
1de192ef1f398ba68861f0614164f9b6611796b422c76b1073f4b7541b5dd5e8,2024-06,Wiltshire Police,Wiltshire Police,-1.786383,51.406646,On or near Meadow Rise,E01031871,Wiltshire 024D,Investigation complete; no suspect identified
c52913e0d651972fe97ae9f866a1cc0ea549fe905d41674641d53351ab2013d7,2024-06,Wiltshire Police,Wiltshire Police,-1.860347,51.086063,On or near Warminster Road,E01032039,Wiltshire 054E,Investigation complete; no suspect identified
65b4ea2c81621d93305511fb844dec3bcd68985d3239bc18f16ad4bc04eb35f5,2024-06,Wiltshire Police,Wiltshire Police,-2.106398,51.450221,On or near Ray Close,E01031924,Wiltshire 014E,Investigation complete; no suspect identified
fba6a026ad98200a910c3705f8375777692f06a14af7cb0efcabcbcbd0b404ef,2024-06,Wiltshire Police,Wiltshire Police,-1.821310,51.600840,On or near Augusta Close,E01032712,Swindon 027E,Action to be taken by another organisation
025dc42498302b72f30e9e72b8a808da923ef5b394dabd7806b1dae631453f03,2024-06,Wiltshire Police,Wiltshire Police,-1.661154,51.234168,On or near Supermarket,E01034558,Wiltshire 066E,Investigation complete; no suspect identified
552f9e52d227f738887fa1d49f3c69835e900ccafc89405f0c5e837fd376ab35,2024-06,Wiltshire Police,Wiltshire Police,-1.789323,51.570944,On or near Ferndale Road,E01015582,Swindon 012E,Unable to prosecute suspect
edb7eee48ece9f90f20d3a6809b6e04952112be2080f661abdbdb4c172539ecb,2024-06,Wiltshire Police,Wiltshire Police,-1.800450,51.530898,On or near Maunsell Way,E01015586,Swindon 025D,Investigation complete; no suspect identified
974362f9cde9826a29459c6e54e3d8a8e29976be3468cdc28b27561f36047f54,2024-06,Wiltshire Police,Wiltshire Police,-1.792838,51.049068,On or near Odstock Road,E01032000,Wiltshire 057A,Investigation complete; no suspect identified
8949039c0a27ca9e010d21dab71d79d284303deb2c8f2112a7b34e13d13d0f67,2024-06,Wiltshire Police,Wiltshire Police,-1.849347,51.640656,On or near Stockham Gardens,E01031935,Wiltshire 001C,Investigation complete; no suspect identified
a9126a358b10f528970bbfb70d665de0bc4313b330ba1f42f24011769c33d988,2024-06,Wiltshire Police,Wiltshire Police,-1.998901,51.439840,On or near The Knapp,E01031896,Wiltshire 015B,Unable to prosecute suspect
b9f4643aef5ab409ee4b80fc86d614f4cfeb94d3137159b4240b596b735ac37a,2024-06,Wiltshire Police,Wiltshire Police,-1.819179,51.563019,On or near Further/Higher Educational Building,E01015568,Swindon 014D,Investigation complete; no suspect identified
8a6afb8370bd43ad069d442df82705cd014999051d36cd93d7a0d6a472377a1c,2024-06,Wiltshire Police,Wiltshire Police,-2.097170,51.583869,On or near Oxford Street,E01031949,Wiltshire 002D,Investigation complete; no suspect identified
0be4753c90398fe0caf899de272248f58a8d98b129392805c9fb351071b4ef79,2024-06,Wiltshire Police,Wiltshire Police,-2.060867,51.666047,On or near Cotswold Airport,E01031885,Wiltshire 002A,Investigation complete; no suspect identified
bfe0396caf2a05fe124eb9ba4857eb822bfc67579b7b376b7e632f7f622f8679,2024-06,Wiltshire Police,Wiltshire Police,-1.769782,51.574792,On or near Dunbeath Road,E01015509,Swindon 010B,Investigation complete; no suspect identified
80477922086c7647236a2b291bbbfe11841515f12ca663c66de49b2a019aca66,2024-06,Wiltshire Police,Wiltshire Police,-1.790708,51.561596,On or near Emlyn Square,E01033846,Swindon 015F,Investigation complete; no suspect identified
9b328155962a8b07d512c84b55c1ab9e8a2a874fd6bfd0204d4f675f4b77898e,2024-06,Wiltshire Police,Wiltshire Police,-1.767475,51.512216,On or near Canberra Road,E01033850,Swindon 025H,Investigation complete; no suspect identified
fdc9d153efa365bb4074f463d04c312993dde64f0faf01b2972ff86e9df05570,2024-06,Wiltshire Police,Wiltshire Police,-1.775963,51.561964,On or near Newcastle Street,E01015493,Swindon 017B,Investigation complete; no suspect identified
0283b2922567ca0dc9e550b39b0533ca502572a176c18a502627bd25fb2d97ed,2024-06,Wiltshire Police,Wiltshire Police,-2.129560,51.478386,On or near Petrol Station,E01034523,Wiltshire 013F,Investigation complete; no suspect identified
304a2522d6ae51aeae7ca43ee59d71cabfdeeb0664900aa5869ffd8e5943a307,2024-06,Wiltshire Police,Wiltshire Police,-2.129560,51.478386,On or near Petrol Station,E01034523,Wiltshire 013F,Investigation complete; no suspect identified
38be7c2ea7709d693208f28e3c92544c979970027a49bec97839a726fedb2876,2024-06,Wiltshire Police,Wiltshire Police,-1.796143,51.562486,On or near Shopping Area,E01032716,Swindon 012G,Investigation complete; no suspect identified
3a6bfefb32a5c583ecc714bebafbf770776ae652a41db34d6f1cee6294df0874,2024-06,Wiltshire Police,Wiltshire Police,-1.662400,51.238128,On or near Ordnance Road,E01032697,Wiltshire 066C,Investigation complete; no suspect identified
395c5b491b14db674453a7e5ec03fb786ed75f5e28f4b2c15a2494cd3877f3cd,2024-06,Wiltshire Police,Wiltshire Police,-1.903178,51.031344,On or near Stanley Close,E01031990,Wiltshire 054A,Unable to prosecute suspect
841eaaee43a5bbd24dc7433f8a7a4f829b1056d0a9ef8547c7c3353376dbbd3e,2024-06,Wiltshire Police,Wiltshire Police,-1.813650,51.060191,On or near Suffolk Road,E01032008,Wiltshire 058A,Investigation complete; no suspect identified
1339e5f0e4eb796f388593f34a90f49115097cbea27ec7cd684ee56f23d98326,2024-06,Wiltshire Police,Wiltshire Police,-1.796143,51.562486,On or near Shopping Area,E01032716,Swindon 012G,Investigation complete; no suspect identified
66322f34d536591e69cee19d2d444c03c2ec98a9e21019eab8edaa97e2dd5de9,2024-06,Wiltshire Police,Wiltshire Police,-1.813650,51.060191,On or near Suffolk Road,E01032008,Wiltshire 058A,Investigation complete; no suspect identified
b5a6bebaee14732c1974cd384590b576ae78c3c54d03d22efdb7d6e6fca8a559,2024-06,Wiltshire Police,Wiltshire Police,-1.813650,51.060191,On or near Suffolk Road,E01032008,Wiltshire 058A,Investigation complete; no suspect identified
30e98a7a8482976c61884f6eb304b7710b072d7b7fb7aff443952ef4ddf5c350,2024-06,Wiltshire Police,Wiltshire Police,-2.117080,51.463276,On or near Old Road,E01031912,Wiltshire 011B,Investigation complete; no suspect identified
9ed23c3322887c5f0f7b3dddc374ebcf7a03e776d3945d252a6142a0a8f0ad7c,2024-06,Wiltshire Police,Wiltshire Police,-1.813650,51.060191,On or near Suffolk Road,E01032008,Wiltshire 058A,Investigation complete; no suspect identified
a7c5738bea0728f8988df7b3e9b5e423fa02196a0fe3d7ea093e13f325741424,2024-06,Wiltshire Police,Wiltshire Police,-2.188424,51.254710,On or near The Tynings,E01032695,Wiltshire 064C,Investigation complete; no suspect identified
0068725ed2389666dac8c39dae32f80c6dd1cddbdba0b1dc50ccf3b9e9ca0f89,2024-06,Wiltshire Police,Wiltshire Police,-1.768921,51.573936,On or near Bus/Coach Station,E01015509,Swindon 010B,Investigation complete; no suspect identified
18c468194c6fc33c9396a002425bb3b022bef6fad4b1928cd4bf1ebb6de070e9,2024-06,Wiltshire Police,Wiltshire Police,-1.703872,51.629464,On or near Eastrop,E01015523,Swindon 001E,Investigation complete; no suspect identified
340333eae9fe4df10c5428435bdb3d648095cd64a3306f3edfb5cb741254c989,2024-06,Wiltshire Police,Wiltshire Police,-2.146312,51.448722,On or near Petrol Station,E01031906,Wiltshire 010B,Investigation complete; no suspect identified
0015bac613bac06212e7d770826ccb2ee5e921e46e2821113da68e039d6b4876,2024-06,Wiltshire Police,Wiltshire Police,-2.209886,51.322967,On or near Supermarket,E01034533,Wiltshire 031D,Investigation complete; no suspect identified
a128743d5795d46092c5f09fa92dc4d8339a040c6a82baa5f7e6ad096b88ac47,2024-06,Wiltshire Police,Wiltshire Police,-1.983657,51.338116,On or near Parking Area,E01031855,Wiltshire 026C,Investigation complete; no suspect identified
c6dfa70489349157a310a726e0dff5a808b644c328dd7a27ed76746557b61e48,2024-06,Wiltshire Police,Wiltshire Police,-1.786438,51.580164,On or near Doris Archer Court,E01015507,Swindon 007B,Investigation complete; no suspect identified
2d5ff930eb3d65026b72ac8b3b487e4c77219087302deab92e5f53d74c0466a3,2024-06,Wiltshire Police,Wiltshire Police,-1.745788,51.563890,On or near Arlington Close,E01015484,Swindon 013D,Investigation complete; no suspect identified
890de08c45b657603a336a95c7e2ae15546e6b81b253b768b37f74f868e1b09d,2024-06,Wiltshire Police,Wiltshire Police,-1.769782,51.574792,On or near Dunbeath Road,E01015509,Swindon 010B,Investigation complete; no suspect identified
f27561c3ef50d10340f11fe6430fad39cd45ed3ee308e09c5a093be5fcc95a22,2024-06,Wiltshire Police,Wiltshire Police,-1.819521,51.553039,On or near Colchester Close,E01015571,Swindon 022F,Investigation complete; no suspect identified
10cdfd1e43d4686868e217159c0c593e92c2cef52d26c9ba3d62f883a3075b5b,2024-06,Wiltshire Police,Wiltshire Police,-1.902792,51.542923,On or near High Street,E01031967,Wiltshire 006C,Investigation complete; no suspect identified
6ee68a257f8f221ee461eb3490adf9ab6dc72868e8851eb4ab1d0a686f29081b,2024-06,Wiltshire Police,Wiltshire Police,-1.789720,51.578741,On or near Montgomery Avenue,E01015580,Swindon 007D,Investigation complete; no suspect identified
7f78236ca3ab87747dfaec3721642da46bd3963d7c06e2041c5bfcf805530fa6,2024-06,Wiltshire Police,Wiltshire Police,-1.773407,51.550999,On or near B4006,E01015534,Swindon 024B,Investigation complete; no suspect identified
e8ebcda6dc759b84ff07a032d4683f5cfd8d7faa69fe7e8073aeddcd31761626,2024-06,Wiltshire Police,Wiltshire Police,-1.775544,51.559293,On or near Supermarket,E01015493,Swindon 017B,Suspect charged
a0a514a5f93bfc542b58f2200565d8317cac218b0f7a155659016b5c0a0ab354,2024-06,Wiltshire Police,Wiltshire Police,-2.114320,51.459151,On or near Parking Area,E01031912,Wiltshire 011B,Investigation complete; no suspect identified
d1c16f7adcdfa7f687cb8cf323b5df099442ec4130004d1a731ff4defb1c6213,2024-06,Wiltshire Police,Wiltshire Police,-1.830918,51.556158,On or near Edington Close,E01015569,Swindon 022D,Investigation complete; no suspect identified
4bd558ab6634c2babe63153eebc68dca5bcfa7aea749fd2e7f27b11c9a3e3d48,2024-06,Wiltshire Police,Wiltshire Police,-1.746337,51.567986,On or near Sports/Recreation Area,E01015550,Swindon 009B,Investigation complete; no suspect identified
48d4150a42e32ad4ae978a971a7f5de27656c27dcb461883720c77d5438d73e1,2024-06,Wiltshire Police,Wiltshire Police,-2.054344,51.543993,On or near Top Street,E01031892,Wiltshire 004B,Suspect charged
48d4150a42e32ad4ae978a971a7f5de27656c27dcb461883720c77d5438d73e1,2024-06,Wiltshire Police,Wiltshire Police,-2.054344,51.543993,On or near Top Street,E01031892,Wiltshire 004B,Suspect charged
6aa3706c8352e6d52e89f893b71076f3b9663d80fd812ba96006e9df00084d1a,2024-06,Wiltshire Police,Wiltshire Police,-1.780188,51.553484,On or near King William Street,E01032715,Swindon 019F,Unable to prosecute suspect
e67047ae484f5fa767de82d2b0b2c554425a19f7db04a273a034c5d2e3229a85,2024-06,Wiltshire Police,Wiltshire Police,-1.767515,51.569456,On or near Farriers Close,E01015479,Swindon 017A,Investigation complete; no suspect identified
18211df03c0193c96858a8730b2300744a3ef8d53b7c40e1960b7f41aafc002c,2024-06,Wiltshire Police,Wiltshire Police,-1.761312,51.170950,On or near Sutton Close,E01034544,Wiltshire 048G,Investigation complete; no suspect identified
1f4253dac6918cc70206ae5a2d76e9860dbc6759f2d2dae1b8d302b75ea1bffa,2024-06,Wiltshire Police,Wiltshire Police,-2.013750,51.446367,On or near Harrier Close,E01031897,Wiltshire 015C,Investigation complete; no suspect identified
c61afb2af2a16ca6ca3975ff5a8050425316db18728a29b84036cff40adbce6d,2024-06,Wiltshire Police,Wiltshire Police,-1.900734,51.540790,On or near Downs View,E01031967,Wiltshire 006C,Investigation complete; no suspect identified
481a263602469b0503e6d064850703e57fe2fe580815ec7707764937632ff026,2024-06,Wiltshire Police,Wiltshire Police,-2.142934,51.380920,On or near Supermarket,E01032063,Wiltshire 020A,Investigation complete; no suspect identified
649078c0d1b7acefb33a6858e9054e22fbb4a292b5b67e3e8b53e8f1c1df11df,2024-06,Wiltshire Police,Wiltshire Police,-1.614886,51.442699,On or near Sports/Recreation Area,E01031873,Wiltshire 012C,Unable to prosecute suspect
13da074c0993d0db2c92e7d9554602da83c759d63a71972050c212335a4e32b0,2024-06,Wiltshire Police,Wiltshire Police,-2.126064,51.427516,On or near Mons Lane,E01031942,Wiltshire 018E,Action to be taken by another organisation
b41b3666b5f79025c3c1247d1fe6b6734fdbfb1109beb8b1d59ced65d123e7ea,2024-06,Wiltshire Police,Wiltshire Police,-1.803993,51.565152,On or near Morrison Street,E01015579,Swindon 012C,Unable to prosecute suspect
48b7f7abbbbe1fa06c6852ef3619ee3c07c18c77eeab4c2293134b2fc95ce1cc,2024-06,Wiltshire Police,Wiltshire Police,-2.113515,51.464241,On or near Supermarket,E01031915,Wiltshire 009D,Investigation complete; no suspect identified
a621f758bd29b5cdea083e84f2220b19a0f618b61e68a5754f521ffeb7e48f72,2024-06,Wiltshire Police,Wiltshire Police,-2.144116,51.382124,On or near Foundry Close,E01032063,Wiltshire 020A,Local resolution
83a206cdc5e7ae09a91a079bd1a7ff77f68dc90efeddfad0f5772e78f20cf87e,2024-06,Wiltshire Police,Wiltshire Police,-1.604782,51.442582,On or near The Square,E01031874,Wiltshire 012D,Investigation complete; no suspect identified
2f00120ad0859c9aed8b3d3aa6e5b0bc1fe5d6de73f5afeb0c621cb81e87a85b,2024-06,Wiltshire Police,Wiltshire Police,-1.786800,51.558172,On or near Morse Street,E01015494,Swindon 019A,Investigation complete; no suspect identified
61b91977dc6add2d293b7405dca4b4753375bcf32d0df4ea763a330ff56eba07,2024-06,Wiltshire Police,Wiltshire Police,-2.121839,51.455808,On or near Charter Road,E01031912,Wiltshire 011B,Local resolution
c6b7a7585c1ad3009612d3b8a0828f16e2bb98cbd77ba83b26abd2cb32c2cbec,2024-06,Wiltshire Police,Wiltshire Police,-1.755642,51.588542,On or near Supermarket,E01015557,Swindon 005C,Investigation complete; no suspect identified
e603995f851178c6b133a1fa832d73153411eaf185864f2552b9fa2ab9d422fd,2024-06,Wiltshire Police,Wiltshire Police,-2.133138,51.475820,On or near Honeysuckle Close,E01031907,Wiltshire 009A,Investigation complete; no suspect identified
c644f033c3ba91711eb221b991700d18d8c65252b68a54c3e6290c5471fc82c8,2024-06,Wiltshire Police,Wiltshire Police,-2.158204,51.200660,On or near Boreham Field,E01032104,Wiltshire 042A,Local resolution
e2e3267e971035cee53ab102ecd6264a7bc0a82e4847702aef6280e8c20601d2,2024-06,Wiltshire Police,Wiltshire Police,-2.207334,51.317055,On or near County Way,E01032094,Wiltshire 035C,Investigation complete; no suspect identified
051d8a64ac377d64f22c575ab59404b00fa5290f65bde80dfd2ff95dcaeb0327,2024-06,Wiltshire Police,Wiltshire Police,-1.773339,51.567579,On or near Colbourne Street,E01015479,Swindon 017A,Suspect charged
024d0f227da8a81c0f7ab56e1b9aaa96dc5e19e8ab7afebc2c616a8f4bad2fd5,2024-06,Wiltshire Police,Wiltshire Police,-2.107354,51.459158,On or near Brake Mead,E01031918,Wiltshire 011E,Investigation complete; no suspect identified
f0f27437f948562c30e8d46ef4cb40ad506359d0f7d4e39d2ae8cb66a49429e2,2024-06,Wiltshire Police,Wiltshire Police,-1.772129,51.573025,On or near Buller Street,E01015510,Swindon 010C,Investigation complete; no suspect identified
79aa33035ed02178202f1ea755775e51770e6f2b4a7d0b27ca2733d07cf812ad,2024-06,Wiltshire Police,Wiltshire Police,-1.837916,51.567695,On or near Parking Area,E01015565,Swindon 011C,Investigation complete; no suspect identified
760df74516cb9df390b55fa351622a77fc0c812814bf12fdc31714253723ac89,2024-06,Wiltshire Police,Wiltshire Police,-1.790730,51.541729,On or near Supermarket,E01033848,Swindon 024F,Investigation complete; no suspect identified
e01a163a5290a566681d12f50636ccd1aad2f59f30f5c53bab36462377797ee5,2024-06,Wiltshire Police,Wiltshire Police,-1.797245,51.068913,On or near St Thomas Square,E01032022,Wiltshire 058C,Investigation complete; no suspect identified
eae499e4e3d51faeb15b160296e6a7a7e90c28777864be4ec3e9ef720e1ae9ee,2024-06,Wiltshire Police,Wiltshire Police,-1.799576,51.529557,On or near Summerhouse Road,E01015586,Swindon 025D,Investigation complete; no suspect identified
45f4fa3784eea56190c018c1ce06071ce0b46975e918c92aa21081f6fe5bc483,2024-06,Wiltshire Police,Wiltshire Police,-1.788781,51.560289,On or near Farnsby Street,E01033845,Swindon 015E,Local resolution
a4991d3f3abdf412f21d97cba513a76fe598cac4d91fdda6306ff35c4aa38291,2024-06,Wiltshire Police,Wiltshire Police,-1.839630,51.556143,On or near Holinshed Mews,E01015505,Swindon 018D,Investigation complete; no suspect identified
6ec3890b4d46491df350b08a7d052c1fad37bea288563a7cdca034ca2196f0b9,2024-06,Wiltshire Police,Wiltshire Police,-1.758424,51.564240,On or near Huntley Close,E01015575,Swindon 016D,Investigation complete; no suspect identified
a3349099a8e0aae50d30881ce20fee813fe6ef9bdf7ec0ecbb3bd543f79f9591,2024-06,Wiltshire Police,Wiltshire Police,-1.750727,51.553275,On or near Supermarket,E01015541,Swindon 020D,Investigation complete; no suspect identified
8204b0d5d0ec5b25864396a8f85e5db488034f5bfb5d52a569926d26f4c3a628,2024-06,Wiltshire Police,Wiltshire Police,-1.730882,51.420164,On or near Supermarket,E01031863,Wiltshire 019C,Investigation complete; no suspect identified
1b3d8833f202bfe3d04f02cd750c8aa8065cbd637a92c5d406dcb6d35e7610e4,2024-06,Wiltshire Police,Wiltshire Police,-1.804111,51.075381,On or near Avon Terrace,E01032024,Wiltshire 055D,Investigation complete; no suspect identified
0a06567bcc2480ede5c9bf6249d2310723f45140641af04d01275ee121772149,2024-06,Wiltshire Police,Wiltshire Police,-2.143006,51.445201,On or near Homestead Close,E01031931,Wiltshire 018A,Investigation complete; no suspect identified
6aebc434e9bee1daf1f4d8cc5a6b49383ac9e458698e108887ca83c7623c0c69,2024-06,Wiltshire Police,Wiltshire Police,-1.799024,51.070184,On or near Supermarket,E01032014,Wiltshire 056A,Investigation complete; no suspect identified
955fc697b5be54507fcc16b0f83c375072c4e544cb02005a576d197b23eb6d70,2024-06,Wiltshire Police,Wiltshire Police,-1.994264,51.351821,On or near Shopping Area,E01031854,Wiltshire 026B,Investigation complete; no suspect identified
9bec32d6035d52c98e97ab52196f360fba3afd89c2ea08047dfa64f1f541a27c,2024-06,Wiltshire Police,Wiltshire Police,-1.793459,51.604031,On or near Abbotsbury Way,E01033861,Swindon 028G,Investigation complete; no suspect identified
00882e55297bb293f28d3d546390181351ad821928ad8aacfaea352bfd935dda,2024-06,Wiltshire Police,Wiltshire Police,-1.807107,51.075934,On or near Kingsland Road,E01032024,Wiltshire 055D,Investigation complete; no suspect identified
9f5b7ab16820b5d10eae21c68381dfe14421f0a6e31205f8a2b219dbf26db06a,2024-06,Wiltshire Police,Wiltshire Police,-1.824325,51.556490,On or near Risingham Mead,E01015567,Swindon 014C,Investigation complete; no suspect identified
ae6803b4df79e554195a70aa427afee8908241adb955857814566bdcd8fa7783,2024-06,Wiltshire Police,Wiltshire Police,-2.176382,51.204563,On or near Supermarket,E01032103,Wiltshire 044A,Investigation complete; no suspect identified
c1d24b8d3491f46f0397dbe01c09f273b6291cb34d20509da024131872fab551,2024-06,Wiltshire Police,Wiltshire Police,-2.002722,51.352855,On or near Moyne Close,E01031854,Wiltshire 026B,Unable to prosecute suspect
628c954943e3a448f698666a9a012ee5a8de50c61508278114d7c663927bf1cd,2024-06,Wiltshire Police,Wiltshire Police,-1.766245,51.572258,On or near Gipsy Lane,E01015509,Swindon 010B,Investigation complete; no suspect identified
6ef92111eaca2c910970477475244e54512dcbca56d8f3797216349fb1b27280,2024-06,Wiltshire Police,Wiltshire Police,-1.904088,51.543742,On or near The Lawns,E01031967,Wiltshire 006C,Unable to prosecute suspect
6cda983a0c749004467ca779a31335b8dd38289f27554502fe591c0f8651305f,2024-06,Wiltshire Police,Wiltshire Police,-2.124094,51.416827,On or near Cantax Hill,E01031942,Wiltshire 018E,Unable to prosecute suspect
9dbf3e07bf805b74e1e9a7bebc10589dc97fc61512bb02d9e4a117e229838455,2024-06,Wiltshire Police,Wiltshire Police,-1.751190,51.544300,On or near The Oaks,E01033847,Swindon 024E,Unable to prosecute suspect
53fe634d1fb6749ea5b6af53dbd48e83b23361db84d322848eba2ec74c91215c,2024-06,Wiltshire Police,Wiltshire Police,-1.751190,51.544300,On or near The Oaks,E01033847,Swindon 024E,Unable to prosecute suspect
47a20673552397141b56132b2084906ccb63cb37fcefd1391bdc7faa0f98d3c5,2024-06,Wiltshire Police,Wiltshire Police,-1.751190,51.544300,On or near The Oaks,E01033847,Swindon 024E,Unable to prosecute suspect
8f325b93fc4dd5cd26f63815aaf8ea47d016e6dea24e3014d78a715473bfb35f,2024-06,Wiltshire Police,Wiltshire Police,-1.751190,51.544300,On or near The Oaks,E01033847,Swindon 024E,Unable to prosecute suspect
99cb3563fcd8900dd55c601169400b2a77706cd742fe8eba72ff2c4ae64ba37c,2024-06,Wiltshire Police,Wiltshire Police,-2.138282,51.372474,On or near High Street,E01032068,Wiltshire 022D,Unable to prosecute suspect
a35f2bb01c09881a633e5b7c7df67d75f988c6134ca02b0a572ee0e7d3a5b827,2024-06,Wiltshire Police,Wiltshire Police,-2.111150,51.451862,On or near Daniell Drive,E01031924,Wiltshire 014E,Investigation complete; no suspect identified
af0e6636c7630048aff9d8639d40e33be37326951af98d38a10c9270e3106b4a,2024-06,Wiltshire Police,Wiltshire Police,-1.978092,51.083779,On or near Clarendon Close,E01032004,Wiltshire 054B,Investigation complete; no suspect identified
e54b5451f434c2e3ea4589fb464eb655f694ea0ed8aabad177ffb2995f0375f0,2024-06,Wiltshire Police,Wiltshire Police,-1.796139,51.550465,On or near Curie Avenue,E01032707,Swindon 021F,Unable to prosecute suspect
6c06052358635f913f400d0a9f615d673bc3a96cd11f1ef6e43f8c2cf5554b6c,2024-06,Wiltshire Police,Wiltshire Police,-1.730463,51.422824,On or near Kingsbury Street,E01031863,Wiltshire 019C,Investigation complete; no suspect identified
0a9a330604d4b2f214a19bc8d4900bfd93c9a54cf373fffa6a46cf7b77fd1ee1,2024-06,Wiltshire Police,Wiltshire Police,-1.621107,51.253342,On or near Lena Close,E01034555,Wiltshire 065E,Further investigation is not in the public interest
b2a027935b3d18c032f808546345006945cac53d1621f307ece89e85a76e9b77,2024-06,Wiltshire Police,Wiltshire Police,-2.195471,51.429138,On or near Brakspear Drive,E01031932,Wiltshire 018B,Action to be taken by another organisation
6946ec917b720c1b5411e5e9c12b2d4740335d3a83d42a72eea0632671e5d2ee,2024-06,Wiltshire Police,Wiltshire Police,-2.101440,51.589341,On or near Supermarket,E01031948,Wiltshire 002C,Unable to prosecute suspect
2b7dedb48b32d98af527e7ee87e81aa0c2f6f447de358858696d74603ea53a5d,2024-06,Wiltshire Police,Wiltshire Police,-2.242290,51.423638,On or near London Road,E01031888,Wiltshire 017A,Investigation complete; no suspect identified
5217a9c91c1fb0ce758f409d7fa123696068814603520f5c8f4acf03f23eba65,2024-06,Wiltshire Police,Wiltshire Police,-1.751207,51.567660,On or near Crampton Road,E01015550,Swindon 009B,Investigation complete; no suspect identified
d9437bfb34f5467b7de4d2b7f00634284099dcd243a92201291eeaaa57af8c5e,2024-06,Wiltshire Police,Wiltshire Police,-2.263983,51.439344,On or near Grocyn Close,E01031929,Wiltshire 017D,Local resolution
77ff5f3071a4d8141b37f1f9c56b967b1a4c945f795c0c52727258b7634b2449,2024-06,Wiltshire Police,Wiltshire Police,-2.196260,51.328071,On or near Ragleth Grove,E01034535,Wiltshire 032E,Further investigation is not in the public interest
8eb1fa10f373bc60c6f58d7a9506583898a966ed2a0c46ace585815240340080,2024-06,Wiltshire Police,Wiltshire Police,-1.796638,51.554971,On or near Erin Court,E01015478,Swindon 021A,Investigation complete; no suspect identified
2f4a8d7524820ec405486a1f67aea3f798a499c894184e2c46f7eeec807c91e9,2024-06,Wiltshire Police,Wiltshire Police,-2.210130,51.304119,On or near Clydesdale Close,E01032092,Wiltshire 035A,Investigation complete; no suspect identified
c17aaef3fdeebab3acd3f5bd7e3c86afba2fdc7f03dadba974fba17fcd7be34a,2024-06,Wiltshire Police,Wiltshire Police,-2.210569,51.319199,On or near Supermarket,E01034534,Wiltshire 031E,Investigation complete; no suspect identified
37174e8f119a0796c32fa48d094c5226b18169cb15481ecb88d91188ccb542c4,2024-06,Wiltshire Police,Wiltshire Police,-1.776171,51.552074,On or near Joiner Lane,E01015534,Swindon 024B,Investigation complete; no suspect identified
d42e03756f7fc0795b18e31dab9762be9541a9c57756ab74d919ac86d430b68e,2024-06,Wiltshire Police,Wiltshire Police,-2.207869,51.318016,On or near Parking Area,E01034534,Wiltshire 031E,Investigation complete; no suspect identified
553bacf5fefb3ff55fd225b210f263a724d2a23c0401ad94a2a45bdfdc676768,2024-06,Wiltshire Police,Wiltshire Police,-1.771881,51.561839,On or near Supermarket,E01015493,Swindon 017B,Investigation complete; no suspect identified
a837815b3c55a5f2bd6e4a789b6f7d90f36d56429fcdd1f6a63bbc1ec96e576a,2024-06,Wiltshire Police,Wiltshire Police,-1.729312,51.551894,On or near Conan Doyle Walk,E01015488,Swindon 023B,Local resolution
20491f06f6453228fecb868d7a3d72478057a62bb5bfbc4478c50e51155e2460,2024-06,Wiltshire Police,Wiltshire Police,-1.790730,51.541729,On or near Supermarket,E01033848,Swindon 024F,Suspect charged
731cbdc69308e686f33789ee1cdc95f7c451aa0358bda5204b145b0dd05517fc,2024-06,Wiltshire Police,Wiltshire Police,-1.803462,51.070200,On or near Dew's Road,E01032022,Wiltshire 058C,Investigation complete; no suspect identified
90e62a93f21b2101328f9ad2502b5abf9b389da0a96281ccdc8cbe85c2ba7704,2024-06,Wiltshire Police,Wiltshire Police,-1.786886,51.561517,On or near Queen Street,E01033845,Swindon 015E,Investigation complete; no suspect identified
6247a8a333b55ce898196dc30bb21e1fa51e34402ba3e51203813c0d9087c121,2024-06,Wiltshire Police,Wiltshire Police,-1.775544,51.559293,On or near Supermarket,E01015493,Swindon 017B,Suspect charged
5a99da79073d6cedc5729fe99197e46ef427f8cf12859ffec64c2871c759f296,2024-06,Wiltshire Police,Wiltshire Police,-1.995298,51.354015,On or near New Park Street,E01031854,Wiltshire 026B,Investigation complete; no suspect identified
4f16fffc6756ad0a732ab241320fef715b2b5b22702e2762ab4071557b756215,2024-06,Wiltshire Police,Wiltshire Police,-1.785671,51.558970,On or near Commercial Road,E01015494,Swindon 019A,Investigation complete; no suspect identified
7af58b460d5bf7a26578e4fa04591b7569e06c35a938a44d3d5ec37842af6b98,2024-06,Wiltshire Police,Wiltshire Police,-2.256093,51.348285,On or near Parking Area,E01032047,Wiltshire 027C,Investigation complete; no suspect identified
d7b6eb1fa84fe96b93c9d0bbe355e3a8eb894a0826032c6ef08e25f822399a69,2024-06,Wiltshire Police,Wiltshire Police,-1.750564,51.566499,On or near Greenbridge Road,E01015550,Swindon 009B,Local resolution
0d2654e816a7581915307eadee39115ed221ae5ca3a03c448e228a0be17b42ae,2024-06,Wiltshire Police,Wiltshire Police,-1.785449,51.569508,On or near Brunel Crescent,E01015582,Swindon 012E,Investigation complete; no suspect identified
4724dd2e2ed171cdb1d78df8e59df8b0759dd750ce08fbf275fd7ac9b806fa98,2024-06,Wiltshire Police,Wiltshire Police,-1.774936,51.201738,On or near Glebe Road,E01031999,Wiltshire 046D,Local resolution
d7af005f37a135fccad8edd73b8498f93f8462e4c07879bbe12232d70877f425,2024-06,Wiltshire Police,Wiltshire Police,-1.774559,51.565837,On or near County Road,E01015475,Swindon 015A,Suspect charged
6aad2260e44d1c05adbc8cd4643e1e9d6116befb281027e99280dd5567d30310,2024-06,Wiltshire Police,Wiltshire Police,-1.794857,51.607693,On or near Millard Road,E01033861,Swindon 028G,Investigation complete; no suspect identified
16975919ba0f483b942286ea9ea82bab5e32c576373f2fea6717282fe0cf77b1,2024-06,Wiltshire Police,Wiltshire Police,-2.202830,51.320794,On or near Police Station,E01032101,Wiltshire 032C,Local resolution
b3f9ecdeca5bdee50e0eb6a7c99c0ae7e0b8bbe7c7b584217bc6a8621957cef0,2024-06,Wiltshire Police,Wiltshire Police,-1.813761,51.586100,On or near Saffron Close,E01015526,Swindon 006A,Investigation complete; no suspect identified
7620f351755a31e73f4b66831a5377b91293643a6b8b7dd9df982c8af5b37136,2024-06,Wiltshire Police,Wiltshire Police,-1.763202,51.594281,On or near The Garden,E01015556,Swindon 005B,Investigation complete; no suspect identified
cc3c07398fa5d09290a25137f7eb48295eb3bdf58fca90e2d69fc0c97d1c58bb,2024-06,Wiltshire Police,Wiltshire Police,-1.734533,51.556870,On or near Stubsmead,E01015492,Swindon 023F,Investigation complete; no suspect identified
78d0d0b0efcb4d4bd739d9410cbafd6feb3082e6cb49e4a9591bbcfe7bacf0c9,2024-06,Wiltshire Police,Wiltshire Police,-2.241082,51.336277,On or near John Rennie Close,E01032049,Wiltshire 027E,Investigation complete; no suspect identified
f325e42779528b55c4f49d85ba0697dbd349380847fcdc04fef5666a14465bf6,2024-06,Wiltshire Police,Wiltshire Police,-2.161146,51.198777,On or near Yeates Field View,E01032104,Wiltshire 042A,Investigation complete; no suspect identified
6df87bafc3527e69d57453c0f06d964eebd1b457c55004531e79beeaf4725fd1,2024-06,Wiltshire Police,Wiltshire Police,-1.987946,51.352396,On or near Estcourt Street,E01031850,Wiltshire 025A,Investigation complete; no suspect identified
f41b4b9229c152f46cb88a35b7d374b84653e38f6164e7e9de9cca56cddb94a4,2024-06,Wiltshire Police,Wiltshire Police,-2.183674,51.260095,On or near Supermarket,E01032119,Wiltshire 064B,Investigation complete; no suspect identified
01953839f5e9713211e4c031829e2ad41c874d13bca767ee40b0a956f3e0685a,2024-06,Wiltshire Police,Wiltshire Police,-2.110589,51.463750,On or near Cocklebury Road,E01031918,Wiltshire 011E,Investigation complete; no suspect identified
1832751484dbbe210199e038d68cd3338d456ae75abdb7dee2001cd081c731eb,2024-06,Wiltshire Police,Wiltshire Police,-2.247858,51.339763,On or near Sports/Recreation Area,E01032048,Wiltshire 027D,Further investigation is not in the public interest
f37d52249851ab235317ba0a7054b327d06949abd7d86e1c8b312e28be565c35,2024-06,Wiltshire Police,Wiltshire Police,-2.194594,51.392004,On or near Post Office Lane,E01032043,Wiltshire 021A,Investigation complete; no suspect identified
fbf0a69ba6472cabbbe1cfe3a5bd5054782df2dde2f32d00499c83ff4423f4c6,2024-06,Wiltshire Police,Wiltshire Police,-2.206060,51.337045,On or near Oatfields,E01032078,Wiltshire 030B,Investigation complete; no suspect identified
f26a03f612e07b61da132c26a7c0b48099dc59d1456247abdc52f44947b51395,2024-06,Wiltshire Police,Wiltshire Police,-1.786886,51.561517,On or near Queen Street,E01033845,Swindon 015E,Further investigation is not in the public interest
fbeeeac90894f8368218d3f7109127b61c0443df4283a735da09fbb113ffa9af,2024-06,Wiltshire Police,Wiltshire Police,-2.115987,51.457882,On or near Parking Area,E01031912,Wiltshire 011B,Unable to prosecute suspect
7480820a5344e7293711c778c336808cd6b51e5429476e237ac4cfe731540153,2024-06,Wiltshire Police,Wiltshire Police,-1.787880,51.561770,On or near Parking Area,E01033845,Swindon 015E,Local resolution
673d59d0313cf4f436f7a0a68fe0c4c90ab062c2b99a31b99e0cd7e6462fa8dd,2024-06,Wiltshire Police,Wiltshire Police,-1.797245,51.068913,On or near St Thomas Square,E01032022,Wiltshire 058C,Investigation complete; no suspect identified
f70dc9ab3b7723ce18afadc5097340613e73e4fdf7e472ba978a73a664edcf2e,2024-06,Wiltshire Police,Wiltshire Police,-2.116115,51.463142,On or near Shopping Area,E01031912,Wiltshire 011B,Investigation complete; no suspect identified
e842ecab1c55bca8d8e6a08ce8fbdf18ae4d861f0842ec8847cd0edf3ca3e915,2024-06,Wiltshire Police,Wiltshire Police,-1.755597,51.556106,On or near Albany Close,E01015573,Swindon 016C,Investigation complete; no suspect identified
5523e2631598e29d67936174261f667a2915e444db09849bf06f80cc96b6f238,2024-06,Wiltshire Police,Wiltshire Police,-1.777224,51.483822,On or near Parking Area,E01015585,Swindon 025C,Investigation complete; no suspect identified
b392cda96ac1089421cc272590bf60cedf95fd2981b05c67478817fffe365366,2024-06,Wiltshire Police,Wiltshire Police,-1.779716,51.558617,On or near Clarence Street,E01032714,Swindon 019E,Investigation complete; no suspect identified
e1394fcf8c4bc8dc9e15cca3b9b0ec02757298ef003fe51b978f284ddb58e6d0,2024-06,Wiltshire Police,Wiltshire Police,-1.792320,51.578179,On or near Portal Road,E01015580,Swindon 007D,Unable to prosecute suspect
785de00b5997042174e70a555c4089570a9b5dce566be5b28cc86119ee20f60d,2024-06,Wiltshire Police,Wiltshire Police,-1.749047,51.556371,On or near Banwell Avenue,E01015537,Swindon 020A,Investigation complete; no suspect identified
25f3ecaa810a9cddffdcd0cbd774dfd9c48f2f560f67f17f768b45247acec387,2024-06,Wiltshire Police,Wiltshire Police,-1.795383,51.067147,On or near New Street,E01032022,Wiltshire 058C,Investigation complete; no suspect identified
8b10fcb22e47880c50c2c1795bf220402bb5ff22915d85d25dfcaad4de6c1ce8,2024-06,Wiltshire Police,Wiltshire Police,-2.209886,51.322967,On or near Supermarket,E01034533,Wiltshire 031D,Unable to prosecute suspect
60c79964fe08629a41eff4ea1f958c95f03d50315a9fa55c78ab769f96b566a5,2024-06,Wiltshire Police,Wiltshire Police,-1.783234,51.564936,On or near Haydon Street,E01033845,Swindon 015E,Investigation complete; no suspect identified
59a4d7b21ab0657c3fc96ff1857dd234bf99ab29f0f2ccb4355e02e1f720e046,2024-06,Wiltshire Police,Wiltshire Police,-1.720856,51.415716,On or near Woodstock Court,E01031861,Wiltshire 019A,Investigation complete; no suspect identified
739c312f86e9f1ffef098f8afd71e764b5db13606de57cc20a0f46f2f736f301,2024-06,Wiltshire Police,Wiltshire Police,-2.206245,51.320707,On or near Silver Street,E01034534,Wiltshire 031E,Investigation complete; no suspect identified
eeef3ba19270551e905ff3862152ab1c29698ca8dcd58ac2862b2d4f2185ba16,2024-06,Wiltshire Police,Wiltshire Police,-1.901053,51.540233,On or near Old Court,E01031967,Wiltshire 006C,Investigation complete; no suspect identified
f84f56d6da67f97f714947e25ddab063a6aafbd9eff7d26ca681d40c5724b2b1,2024-06,Wiltshire Police,Wiltshire Police,-2.138282,51.372474,On or near High Street,E01032068,Wiltshire 022D,Investigation complete; no suspect identified
2f239536a031ce87a3c0c06f069648070089d5b2f47482ce15ebeb5a83eb5b47,2024-06,Wiltshire Police,Wiltshire Police,-1.829211,51.089268,On or near Ramleaze Drive,E01031980,Wiltshire 052A,Investigation complete; no suspect identified
81b71d2b1545f3f94394a7d9febf0d92bd48323e10a60a76abe528f55173a43c,2024-06,Wiltshire Police,Wiltshire Police,-1.778433,51.651343,On or near Parking Area,E01033843,Swindon 008H,Investigation complete; no suspect identified
1c510fa4f218e23cffa3a79c65955e88242cbe94570688fecba4ae051c0831d3,2024-06,Wiltshire Police,Wiltshire Police,-1.787721,51.552437,On or near A4289,E01032707,Swindon 021F,Unable to prosecute suspect
cac9583197aea4a78a062cb0c2c6b3fb19ed3f86f842ac7b0b7e2faaf799c286,2024-06,Wiltshire Police,Wiltshire Police,-1.956610,51.508185,On or near Belfast Mead,E01032699,Wiltshire 007I,Investigation complete; no suspect identified
c28284817e3123878b5059e8dfad4eaa31609102ec514089dc5ebf8d87df4d07,2024-06,Wiltshire Police,Wiltshire Police,-1.790730,51.541729,On or near Supermarket,E01033848,Swindon 024F,Suspect charged
99243734b0bc17d9c13671b84b819066bf8addb777f096b9e3cf560241a88eac,2024-06,Wiltshire Police,Wiltshire Police,-1.773155,51.062916,On or near Supermarket,E01032021,Wiltshire 056D,Investigation complete; no suspect identified
51aea8f7e390520bce3c1fe4e25e25824e88ecd02b07bfe1604b5ed3b74d2f1d,2024-06,Wiltshire Police,Wiltshire Police,-1.661154,51.234168,On or near Supermarket,E01034558,Wiltshire 066E,Unable to prosecute suspect
59afbf5f22c9d6d58669085bc6c8afc06313dca79810ab3eca9ade68eaac5d8a,2024-06,Wiltshire Police,Wiltshire Police,-1.708280,51.633764,On or near Downs View,E01015519,Swindon 001A,Further investigation is not in the public interest
aa669744341540fe60d95f25ba857ef8538c353d4573c8d19a6a6a6d1222bd69,2024-06,Wiltshire Police,Wiltshire Police,-1.797245,51.068913,On or near St Thomas Square,E01032022,Wiltshire 058C,Investigation complete; no suspect identified
5036825accb4f0730d2892d888534c6f826d9e0d328297ef44527d14cd6baf35,2024-06,Wiltshire Police,Wiltshire Police,-1.802746,51.563226,On or near Horace Street,E01032716,Swindon 012G,Unable to prosecute suspect
c5c934261a06a775104f69b24b7aae7381a47b0f111b222acacd4365947eb239,2024-06,Wiltshire Police,Wiltshire Police,-1.765565,51.581024,On or near Wheeler Avenue,E01015560,Swindon 005F,Investigation complete; no suspect identified
3ca7118153e91f98aa76afddbc60ce13aaee873a63e3b3ba0e1fbc31cfeed299,2024-06,Wiltshire Police,Wiltshire Police,-1.827020,51.697909,On or near Strawberry Lane,E01022207,Cotswold 005B,Investigation complete; no suspect identified
5881912e147f46df3753730b06d37d4f4c502f6d0a4102753d03c184d046abab,2024-06,Wiltshire Police,Wiltshire Police,-2.248266,51.350694,On or near Mount Pleasant,E01032046,Wiltshire 027B,Investigation complete; no suspect identified
ffd9d436294cd105f89a833c633d0cc868d6d60081102a795f2875d4ad25a855,2024-06,Wiltshire Police,Wiltshire Police,-1.772252,51.571434,On or near Supermarket,E01015510,Swindon 010C,Investigation complete; no suspect identified
2d217a08b93627a1575755f96c09c784388f8399a8ea326cf754ba89bcd81784,2024-06,Wiltshire Police,Wiltshire Police,-1.730691,51.099154,On or near Parking Area,E01032041,Wiltshire 060D,Local resolution
b6e2870fbe77ae4a3b17099ad9cf918aa3499ec890453da4a7f72cfcac684e2f,2024-06,Wiltshire Police,Wiltshire Police,-1.773339,51.567579,On or near Colbourne Street,E01015479,Swindon 017A,Suspect charged
0267e19e5c87972dc4facd2f67a61794cb667d06deb351eef9c0af34e610300b,2024-06,Wiltshire Police,Wiltshire Police,-1.755805,51.571050,On or near Parking Area,E01015549,Swindon 009A,Investigation complete; no suspect identified
369222ab566037a7c924832b6a23b828cce5ec0fdf4d0356a171fcdbf79933d1,2024-06,Wiltshire Police,Wiltshire Police,-1.789431,51.080058,On or near Somerset Road,E01032020,Wiltshire 053C,Investigation complete; no suspect identified
9ca01ccb41e5ceeb7cbdf2c4bbd925dac5f7270ea5a71128ab04b727fb3e8032,2024-06,Wiltshire Police,Wiltshire Police,-1.802825,51.196789,On or near Northern Terrace,E01034543,Wiltshire 045H,Investigation complete; no suspect identified
a7ca5658e1a2bcbb1d43bedc8a5e8738724036792fc40d08ff2102a2836ac360,2024-06,Wiltshire Police,Wiltshire Police,-1.797245,51.068913,On or near St Thomas Square,E01032022,Wiltshire 058C,Investigation complete; no suspect identified
7b80b3c076fbd21b77a45f5907299fe643907c67668727272811a10c52560b14,2024-06,Wiltshire Police,Wiltshire Police,-2.101440,51.589341,On or near Supermarket,E01031948,Wiltshire 002C,Investigation complete; no suspect identified
f383ef2ee6fc259aa3b67031564623d102729115b26627cfa5bff75c47700e3c,2024-06,Wiltshire Police,Wiltshire Police,-1.773865,51.551710,On or near High Street,E01015534,Swindon 024B,Investigation complete; no suspect identified
2fbe6b03ae158516e5456ebf053867f0bbd1af42b40f4b48bdd9943cef49c028,2024-06,Wiltshire Police,Wiltshire Police,-2.100741,51.279951,On or near Greenhills,E01032056,Wiltshire 039D,Investigation complete; no suspect identified
5f0696c5a883b4ef0de82909526d0512f0f7635203eaa7c47aff5a77a7f88567,2024-06,Wiltshire Police,Wiltshire Police,-2.206861,51.320355,On or near Park Road,E01034534,Wiltshire 031E,Investigation complete; no suspect identified
72530733177c02dd418cc7ca23d058de09ff6ea0906ab97d80b23ba217fb9393,2024-06,Wiltshire Police,Wiltshire Police,-2.212436,51.318907,On or near Parking Area,E01034534,Wiltshire 031E,Investigation complete; no suspect identified
f16a157e08bc804033a6995acd094ad93b3ebc9509e4f0a971e3c44e17556aa3,2024-06,Wiltshire Police,Wiltshire Police,-2.140939,51.390993,On or near Beanacre Road,E01034528,Wiltshire 021G,Local resolution
ed39d76a432c24890002f20af867ae2cb25ae033429978abf607be2375c5714e,2024-06,Wiltshire Police,Wiltshire Police,-1.769723,51.543565,On or near Lowry Way,E01015535,Swindon 024C,Investigation complete; no suspect identified
8630d00d448ba7c09d9cb632a5f6906abfa9c75b5197b0488c51a7bc14c1c3b9,2024-06,Wiltshire Police,Wiltshire Police,-1.794682,51.579433,On or near Elm Road,E01015527,Swindon 007C,Investigation complete; no suspect identified
e389fa052aada9cdf6776c57cf3e836f1c3e27e4ced915981dc6447ddd6eae37,2024-06,Wiltshire Police,Wiltshire Police,-1.816891,51.554276,On or near Markenfield,E01015568,Swindon 014D,Investigation complete; no suspect identified
8a8c76454856a1e69c6185211605303f25dd2f61eed57da571dcee0d6129e019,2024-06,Wiltshire Police,Wiltshire Police,-2.154856,51.341440,On or near St Georges Place,E01032077,Wiltshire 030A,Investigation complete; no suspect identified
312e01c88fad806262ef64ba87149402b061621f367bd2b97200097c69c11411,2024-06,Wiltshire Police,Wiltshire Police,-1.784690,51.568895,On or near Petrol Station,E01015582,Swindon 012E,Local resolution
abd50a7bf6e10c9c038e5751130d266f845addf0d1c5de88b5e534fb5482bca7,2024-06,Wiltshire Police,Wiltshire Police,-1.808748,51.594094,On or near Meadowsweet Close,E01015513,Swindon 004A,Investigation complete; no suspect identified
34752b2380d20b067202ffcdc3de2d8247fb755ad0cef92e9b08052cd32d1216,2024-06,Wiltshire Police,Wiltshire Police,-1.720856,51.415716,On or near Woodstock Court,E01031861,Wiltshire 019A,Investigation complete; no suspect identified
b40a5bd574ca1f0f3ccfe82b6ce44c52ab36808e0e3c7a6f4ee896e0f2b56421,2024-06,Wiltshire Police,Wiltshire Police,-1.836981,51.550709,On or near Cottington Close,E01015503,Swindon 022C,Investigation complete; no suspect identified
911fb22722798bb724244be50873492c77c28f0e7573c2ff2b2690b06b7bb94c,2024-06,Wiltshire Police,Wiltshire Police,-1.661875,51.237362,On or near Nadder Road,E01032697,Wiltshire 066C,Local resolution
911fb22722798bb724244be50873492c77c28f0e7573c2ff2b2690b06b7bb94c,2024-06,Wiltshire Police,Wiltshire Police,-1.661875,51.237362,On or near Nadder Road,E01032697,Wiltshire 066C,Local resolution
c658a590c2cf899bf21acc963442a7c466199743c160ef0d83953057550e5073,2024-06,Wiltshire Police,Wiltshire Police,-1.837083,51.659504,On or near Park/Open Space,E01022207,Cotswold 005B,Investigation complete; no suspect identified
887792e28679fb05767d59155c8901d49d9988a88b5f03c864ed39c966e37ad0,2024-06,Wiltshire Police,Wiltshire Police,-1.996978,51.353826,On or near Parking Area,E01031854,Wiltshire 026B,Investigation complete; no suspect identified
5f9d34374f23c77c59ed55c6d675d99d827d3dcf265220f05e5def3ca9a56bad,2024-06,Wiltshire Police,Wiltshire Police,-1.782050,51.064848,On or near Avon Place,E01032021,Wiltshire 056D,Investigation complete; no suspect identified
599f6ad91d876c51c1e1dc41b875278045f99d5dae2788fe16351b6d237867f5,2024-06,Wiltshire Police,Wiltshire Police,-2.206130,51.314269,On or near Haden Road,E01032094,Wiltshire 035C,Investigation complete; no suspect identified
5927a53080ea61e03939249e6205aac1d8106ad5cb77fee3f7e83431a844e17b,2024-06,Wiltshire Police,Wiltshire Police,-1.775544,51.559293,On or near Supermarket,E01015493,Swindon 017B,Investigation complete; no suspect identified
014531a5e690f00051f3eeafb95ddf5bcb31590fb82329d2066e14148efcae87,2024-06,Wiltshire Police,Wiltshire Police,-1.632869,51.435192,On or near Park/Open Space,E01031873,Wiltshire 012C,Investigation complete; no suspect identified
5d0657e8bf7c6bfc2650a680b563f4f845af0e74afb47385d4648d50f9abee9e,2024-06,Wiltshire Police,Wiltshire Police,-1.781126,51.559411,On or near Theatre/Concert Hall,E01032714,Swindon 019E,Investigation complete; no suspect identified
7a4f2eb2ad236400e1703485f061cae06580ade87a34479173c991e1d0f33f41,2024-06,Wiltshire Police,Wiltshire Police,-1.874711,51.545090,On or near Swindon Road,E01031966,Wiltshire 007G,Investigation complete; no suspect identified
5ee53c95d600f3acce7875c2fab5ef55e84a3199d2aec476741dd261ebbf8189,2024-06,Wiltshire Police,Wiltshire Police,-1.771301,51.083036,On or near Bishops Mead,E01032012,Wiltshire 057C,Investigation complete; no suspect identified
4d8f1cdda170cecf985242564b874626b868cbf62c0623c06da984a78e2f8c11,2024-06,Wiltshire Police,Wiltshire Police,-1.682859,51.014004,On or near Brickworth Lane,E01031972,Wiltshire 060C,Investigation complete; no suspect identified
5a6aebb782d20903d6dff8fb2c25a03603f394376ce020c29dc8433b621b35ed,2024-06,Wiltshire Police,Wiltshire Police,-1.764842,51.589807,On or near Supermarket,E01015559,Swindon 005E,Suspect charged
b79e0d36b45c851dce0fd7cb0c72acbfd271f73477a6d225fe57d61768735754,2024-06,Wiltshire Police,Wiltshire Police,-1.633662,50.969115,On or near Beech Grange,E01031973,Wiltshire 062A,Investigation complete; no suspect identified
4d6b2d0afa5df34025803a1466d0c376c0a14ba5310174a67dadf278328be855,2024-06,Wiltshire Police,Wiltshire Police,-1.971928,51.362967,On or near Franklyn Road,E01032692,Wiltshire 025G,Unable to prosecute suspect
a3d0354f235c6dec277ea58ff6ea9cc14ffbc5001e4f0b6e0a26288e11e65b88,2024-06,Wiltshire Police,Wiltshire Police,-2.114320,51.459151,On or near Parking Area,E01031912,Wiltshire 011B,Investigation complete; no suspect identified
7ba5391577bd577595632f694228458ba9ab30be8a37031a1499e6e1d286e5ee,2024-06,Wiltshire Police,Wiltshire Police,-1.739101,51.567885,On or near Parking Area,E01015481,Swindon 013A,Investigation complete; no suspect identified
4e9676599d6e7637f1b5ec125fb8f2779af1a42ce3861e45919c71b72e60326c,2024-06,Wiltshire Police,Wiltshire Police,-2.153015,51.572435,On or near Foxley Road,E01031958,Wiltshire 005B,Investigation complete; no suspect identified
f4a4bc0f188427981c179bf81e2091e651e59eab3d898583661f6b1467eaf781,2024-06,Wiltshire Police,Wiltshire Police,-1.782749,51.560898,On or near Edgeware Road,E01032714,Swindon 019E,Local resolution
3e5f34f3cfe60ecd19cea07d425d544e14bf62118333d81714feb0ac864e8c15,2024-06,Wiltshire Police,Wiltshire Police,-1.773407,51.550999,On or near B4006,E01015534,Swindon 024B,Investigation complete; no suspect identified
da36482a32d9139f83b76446b4a45b38ba409b5bf2983aa4b4969b3f51e43435,2024-06,Wiltshire Police,Wiltshire Police,-2.249615,51.416510,On or near Bulls Lane,E01031888,Wiltshire 017A,Investigation complete; no suspect identified
2d3724fa4ac2c9d7627ed83f7193b1b51283aa295ac76e02d1c7873db7837a53,2024-06,Wiltshire Police,Wiltshire Police,-1.631997,51.251533,On or near Hill Road,E01034553,Wiltshire 065C,Investigation complete; no suspect identified
d74044ea814e9127b1344216da12266cd4b208bc5f39b5ad20f50b91c2b381f5,2024-06,Wiltshire Police,Wiltshire Police,-1.795383,51.067147,On or near New Street,E01032022,Wiltshire 058C,Local resolution
6d63e7820bff46b1e9877ed0a1db9e32c4536be20e5b752c4fa9781238eae6a9,2024-06,Wiltshire Police,Wiltshire Police,-2.195471,51.429138,On or near Brakspear Drive,E01031932,Wiltshire 018B,Action to be taken by another organisation
137ae0941913740e5fb00ee0e9304aff45942e5970e4fcc0b76d79197b7e1f60,2024-06,Wiltshire Police,Wiltshire Police,-1.757042,51.552845,On or near Blakesley Close,E01015540,Swindon 020C,Investigation complete; no suspect identified
c4982caed6969decbcc53b3b78016f99facd3c2df9cdec2a8511fe5eedffcbd1,2024-06,Wiltshire Police,Wiltshire Police,-1.773407,51.550999,On or near B4006,E01015534,Swindon 024B,Investigation complete; no suspect identified
59f0d50f0f57d368f86c74c1061f2f22c93abdd38a266f0be753021da18f5989,2024-06,Wiltshire Police,Wiltshire Police,-1.751496,51.548859,On or near Trinity Close,E01015542,Swindon 020E,Local resolution
abb1aeaa3d155de56839a4e1ab4c701ac2e632dbb7d1eac4ea45011fa332819e,2024-06,Wiltshire Police,Wiltshire Police,-1.788483,51.562464,On or near Henry Street,E01033846,Swindon 015F,Local resolution
abb1aeaa3d155de56839a4e1ab4c701ac2e632dbb7d1eac4ea45011fa332819e,2024-06,Wiltshire Police,Wiltshire Police,-1.788483,51.562464,On or near Henry Street,E01033846,Swindon 015F,Local resolution
bd0954048bf5868cb0c5489712ee04d70200fa5e1ba348abf348adc099efc6bd,2024-06,Wiltshire Police,Wiltshire Police,-1.777083,51.563126,On or near Medgbury Place,E01015475,Swindon 015A,Investigation complete; no suspect identified
1e0d766980dbd9a13e1809210b7178ec557fc62533d7cf336039b4ec45d1bf79,2024-06,Wiltshire Police,Wiltshire Police,-2.231145,51.312604,On or near Sandford Park,E01032096,Wiltshire 033A,Investigation complete; no suspect identified
39c9f85abe3ebd223ccf3e8407b1131afe74a5b0aff60364df85bab80441b43b,2024-06,Wiltshire Police,Wiltshire Police,-1.746932,51.547492,On or near Purley Avenue,E01015539,Swindon 020B,Unable to prosecute suspect
aaa3f1e04fe7e9db3466f2adac4be9392e998a0cea6307a5c5ca46e65f43d76d,2024-06,Wiltshire Police,Wiltshire Police,-1.723320,51.591137,On or near Byron Court,E01015473,Swindon 008A,Investigation complete; no suspect identified
bc1dc86f50fc3dcab0b85fefccb4795c423d75035e69717cf1884bb9bde8ad40,2024-06,Wiltshire Police,Wiltshire Police,-1.727200,51.538528,On or near Hospital,E01015547,Swindon 008C,Unable to prosecute suspect
5bc036c739c42875c9d16385523066e22915e0a3ba1d20ed09492f8a5e0e4dcc,2024-06,Wiltshire Police,Wiltshire Police,-2.208256,51.321126,On or near Fore Street,E01034534,Wiltshire 031E,Investigation complete; no suspect identified
b78115235368410d988a8cbdc34f96cf0e4a7fa60e136f7828d8ddba31fa18a2,2024-06,Wiltshire Police,Wiltshire Police,-2.113668,51.457255,On or near Lord's Lane,E01031912,Wiltshire 011B,Investigation complete; no suspect identified
560ec566ff4e296220cf29ebd66d9a10e0ebd85ee0dd189c8cddd212943ef644,2024-06,Wiltshire Police,Wiltshire Police,-1.764741,51.163143,On or near Shears Drive,E01034545,Wiltshire 048H,Local resolution
b76a279cac9f2ec8a8290f4c15a44042982084bdb36d611387301abf87724fe0,2024-06,Wiltshire Police,Wiltshire Police,-2.181234,51.204421,On or near Nightclub,E01032103,Wiltshire 044A,Investigation complete; no suspect identified
63b59ca902500815b94c5113f6e0132eaf82a1fbaf37421fc285870df3796229,2024-06,Wiltshire Police,Wiltshire Police,-2.230999,51.309430,On or near Regents Place,E01032096,Wiltshire 033A,Unable to prosecute suspect
30d342907542443db7e4a8edf47ea63515009c02aa07d8f971cc54c1da3d1457,2024-06,Wiltshire Police,Wiltshire Police,-2.140186,51.450132,On or near Chester Way,E01031906,Wiltshire 010B,Investigation complete; no suspect identified
831e4087f88bbfdc6a620d9f53c3f96ec06a0ae83b576756c52a6ef90ef6e5a3,2024-06,Wiltshire Police,Wiltshire Police,-1.763734,51.560054,On or near Petrol Station,E01015573,Swindon 016C,Local resolution
eab7e24e2dcb2bdc815286506effc117ba025feff18f3160babc81b8faf599af,2024-06,Wiltshire Police,Wiltshire Police,-1.778421,51.593582,On or near Farndale Close,E01015544,Swindon 003B,Investigation complete; no suspect identified
3b0728bc074ea08407ae85ec070384211990431467663cc9c23a0da17b51dcbb,2024-06,Wiltshire Police,Wiltshire Police,-1.772252,51.571434,On or near Supermarket,E01015510,Swindon 010C,Formal action is not in the public interest
bc9606c774bfb09e2ff9b4c0024f843116131172dee59226af5de992b478de8d,2024-06,Wiltshire Police,Wiltshire Police,-1.738740,51.565340,On or near Nyland Road,E01015484,Swindon 013D,Investigation complete; no suspect identified
897a7e0700f262398066ccd1993b9846eeb890bf080808ed3f0557c0598e0894,2024-06,Wiltshire Police,Wiltshire Police,-1.928720,51.615573,On or near B4696,E01031887,Wiltshire 001A,Investigation complete; no suspect identified
b030ab42e2104a1a2c81fd3679697787f20e851a0293736146dde1a887b18c8d,2024-06,Wiltshire Police,Wiltshire Police,-2.113515,51.464241,On or near Supermarket,E01031915,Wiltshire 009D,Investigation complete; no suspect identified
578a7e80fc0d23281271243daa45d44f4985e3bf52ea9ec132cdcdcf2da92a11,2024-06,Wiltshire Police,Wiltshire Police,-1.749567,51.519292,On or near Parking Area,E01033850,Swindon 025H,Investigation complete; no suspect identified
f95b7cfec89828501cac04d01cda12bc90030e404c127d9a91a7dbcfc5fd8767,2024-06,Wiltshire Police,Wiltshire Police,-1.786886,51.561517,On or near Queen Street,E01033845,Swindon 015E,Investigation complete; no suspect identified
270794f614347857043051195616a98f228599fd701a5211704a93189f10e032,2024-06,Wiltshire Police,Wiltshire Police,-2.250487,51.347191,On or near Supermarket,E01034531,Wiltshire 027G,Investigation complete; no suspect identified
bcdff27234a3e6c5f34c8cd5e70e56eb0b23c73c895c559d13e3ffbcafcd5b27,2024-06,Wiltshire Police,Wiltshire Police,-1.729853,51.548272,On or near Grundys,E01015488,Swindon 023B,Investigation complete; no suspect identified
70bb8d45c7d261e1160e4523e715a15becef3595584e1b9ba4dc5e627b71eb2a,2024-06,Wiltshire Police,Wiltshire Police,-2.129869,51.475626,On or near Argyle Drive,E01031907,Wiltshire 009A,Investigation complete; no suspect identified
c5cb44d148686851610f40009b0202f3de48d494498e5db175d31798ee4f176d,2024-06,Wiltshire Police,Wiltshire Police,-1.801441,51.289160,On or near Casterley Close,E01031882,Wiltshire 038C,Investigation complete; no suspect identified
18d49d326389699d6ad24e312c5cee5f8c113522af947df663c6d02fefc86a21,2024-06,Wiltshire Police,Wiltshire Police,-1.772375,51.564043,On or near Parking Area,E01015479,Swindon 017A,Investigation complete; no suspect identified
d334882ef1a89a052b8a70adb7600175dd5841a41485a7cf23ed193cf16075b3,2024-06,Wiltshire Police,Wiltshire Police,-1.754426,51.564547,On or near Spenser Close,E01015572,Swindon 016B,Investigation complete; no suspect identified
8ec0f6812333b95b024ada2536da800a8d339e6abe408083fd10ecb8fce66589,2024-06,Wiltshire Police,Wiltshire Police,-1.752306,51.551109,On or near Trentham Close,E01015541,Swindon 020D,Investigation complete; no suspect identified
96015f31d587ec260aaaeedfcc2b06128a8a73145070f42cd11a0ae28f9f69c0,2024-06,Wiltshire Police,Wiltshire Police,-1.873262,51.088191,On or near Philip Road,E01032040,Wiltshire 054F,Investigation complete; no suspect identified
8564363f941729a1a7f171d379ba4c224193641294617f62384e7ad909c10406,2024-06,Wiltshire Police,Wiltshire Police,-1.995650,51.433132,On or near Sandy Ridge,E01031901,Wiltshire 016B,Investigation complete; no suspect identified
1959704a18a535634671f415db15424b8ca365e01d1e21043a69ef0d390c6590,2024-06,Wiltshire Police,Wiltshire Police,-1.784690,51.568895,On or near Petrol Station,E01015582,Swindon 012E,Investigation complete; no suspect identified
7e241e9e544f5f60b908066e12018d92fcef6719bad810ff1d8cc9d7bb7741f4,2024-06,Wiltshire Police,Wiltshire Police,-1.775544,51.559293,On or near Supermarket,E01015493,Swindon 017B,Investigation complete; no suspect identified
80cf6bac46940b58a499335b42ccec4e39ac421ad918702c75ebc7a2990141f5,2024-06,Wiltshire Police,Wiltshire Police,-2.209886,51.322967,On or near Supermarket,E01034533,Wiltshire 031D,Investigation complete; no suspect identified
8c8c96dc4cefe29754bf95b6c4711cffd801da12a37790508b17082b9380619e,2024-06,Wiltshire Police,Wiltshire Police,-2.128333,51.456853,On or near Unity Street,E01031911,Wiltshire 011A,Local resolution
725acffe8dcd884e1793baec532a2179fe6802e85a647f350d597608241c61bc,2024-06,Wiltshire Police,Wiltshire Police,-1.772606,51.558208,On or near Drove Road,E01015574,Swindon 017C,Investigation complete; no suspect identified
3b2df5cba08e086866376daf8a4b58613d6bb5f461144278e349502b711b7efa,2024-06,Wiltshire Police,Wiltshire Police,-1.797541,51.562706,On or near Shopping Area,E01032716,Swindon 012G,Investigation complete; no suspect identified
4cbb617961b349a4b3cd6c74d2763d7d457c21037c102cc88199e556ba6f94c3,2024-06,Wiltshire Police,Wiltshire Police,-1.780998,51.552919,On or near Parking Area,E01015497,Swindon 019D,Investigation complete; no suspect identified
1c3d15968f5d05bc7269adf73d3c00831724ab34b31cee2fa5167d93cc60ba2f,2024-06,Wiltshire Police,Wiltshire Police,-1.780998,51.552919,On or near Parking Area,E01015497,Swindon 019D,Investigation complete; no suspect identified
a746e3f829752d2baf48a48289319d2de87252d2a3f83d57db65675e1d6946ab,2024-06,Wiltshire Police,Wiltshire Police,-1.726335,51.538481,On or near Downs Way,E01015547,Swindon 008C,Suspect charged
c1ee8531e0c2a3300c1af779aae62146772899bdbf0310317e9b3e470896ca46,2024-06,Wiltshire Police,Wiltshire Police,-1.795928,51.549071,On or near Seacole Crescent,E01032707,Swindon 021F,Investigation complete; no suspect identified
8c98d646a7c8cb37bfeaf9e4a16a6f98b6dd8db3b93d222ae2ca650c6a07802f,2024-06,Wiltshire Police,Wiltshire Police,-1.784788,51.562772,On or near Parking Area,E01033845,Swindon 015E,Investigation complete; no suspect identified
dd59975a5d36e8712fbe8848aa299db60cf6c1c72ff9bd35fa2ad6de33197d05,2024-06,Wiltshire Police,Wiltshire Police,-2.192849,51.318977,On or near Slowgrove Close,E01032102,Wiltshire 032D,Investigation complete; no suspect identified
6a774830418afea45aa81c4ea0253a2536a73ef2e555f683bffaa486bf3c713f,2024-06,Wiltshire Police,Wiltshire Police,-1.786886,51.561517,On or near Queen Street,E01033845,Swindon 015E,Investigation complete; no suspect identified
eff54819aabe8017328a3d9842f8f016c4a0a2a9ad5117395e2eac7aabdd4422,2024-06,Wiltshire Police,Wiltshire Police,-1.788520,51.579233,On or near Wavell Road,E01015580,Swindon 007D,Investigation complete; no suspect identified
6097cdf1790af27ac7db1a6824b6c3cf3ef3ee279a495853a7c414c25e03e13e,2024-06,Wiltshire Police,Wiltshire Police,-2.183903,51.424724,On or near Lypiatt Mead,E01031933,Wiltshire 018C,Local resolution
90425446c114444b22a81218284648910a9898c975669d7bf6779461b892e751,2024-06,Wiltshire Police,Wiltshire Police,-2.168997,51.415323,On or near The Close,E01031941,Wiltshire 018D,Unable to prosecute suspect
edbf34940ce5b06056a23fe46bd33f2dcd67418a3b535790a9ab52fd8b1e606e,2024-06,Wiltshire Police,Wiltshire Police,-1.780179,51.594161,On or near Alton Close,E01015546,Swindon 003D,Investigation complete; no suspect identified
2732ba6d4c0799f91bc2d3132b62abbfe6a263124fdf99b408328884e60f63e2,2024-06,Wiltshire Police,Wiltshire Police,-1.841963,51.548908,On or near Godolphin Close,E01015503,Swindon 022C,Investigation complete; no suspect identified
b3de8b16c3cf91d66dd2fb13fdfbfc4819333c68d031b60ca517a18f074041ab,2024-06,Wiltshire Police,Wiltshire Police,-1.739101,51.567885,On or near Parking Area,E01015481,Swindon 013A,Unable to prosecute suspect
dd08cc791bd7b0448935cda80bbd7ede9023d154d5ef7885d45fca69a28fdd84,2024-06,Wiltshire Police,Wiltshire Police,-2.118739,51.359619,On or near Belvedere Road,E01034530,Wiltshire 021I,Investigation complete; no suspect identified
fbbdeae96e40eda3e5b1cdf858b9ecee0fcd6a2eaf18935d6708799e81a6a089,2024-06,Wiltshire Police,Wiltshire Police,-1.747930,51.583666,On or near Frank Warman Court,E01015553,Swindon 009E,Investigation complete; no suspect identified
e0dabd7214e202333f97508b081b8f592e4aa36136c12f9f97c87fd203e6dd71,2024-06,Wiltshire Police,Wiltshire Police,-1.756767,51.547522,On or near Melbourne Close,E01015535,Swindon 024C,Investigation complete; no suspect identified
8e4799235ae56fc9457c0d9721c01112e78eec80b7d32aa0ab7b41e6c87fe023,2024-06,Wiltshire Police,Wiltshire Police,-1.794694,51.071327,On or near Endless Street,E01032014,Wiltshire 056A,Investigation complete; no suspect identified
094f99d3ddf6b3033e0017caaac60b5483cb1c1efbfaafb42e19c74f921fd488,2024-06,Wiltshire Police,Wiltshire Police,-2.245067,51.356608,On or near B3105,E01032045,Wiltshire 027A,Suspect charged
53eb566fb7aaf555b94f13194450383f33f74097a33a09db0a78c16e02d1118f,2024-06,Wiltshire Police,Wiltshire Police,-1.787279,51.560707,On or near Shopping Area,E01033845,Swindon 015E,Investigation complete; no suspect identified
cf1ac8f0ca33b8f4ea74ee03073d555f822861aa403653fafe7f6079171a7cbe,2024-06,Wiltshire Police,Wiltshire Police,-1.807548,51.580992,On or near Greenhill Road,E01015530,Swindon 006D,Investigation complete; no suspect identified
c3c3ace257c321be313e33a19be82bc379448cb61d0ae67ecef4d8a34d5d4333,2024-06,Wiltshire Police,Wiltshire Police,-1.785302,51.560868,On or near Shopping Area,E01015494,Swindon 019A,Investigation complete; no suspect identified
974988f027413f2bb3d9675f707558ef1330250e6d395413c327609417eed827,2024-06,Wiltshire Police,Wiltshire Police,-1.792310,51.561383,On or near Bathampton Street,E01033846,Swindon 015F,Investigation complete; no suspect identified
b2d496ef20cbcb61b2027d9a7195b78cd674eac9e2a17f586217f1de19c431d6,2024-06,Wiltshire Police,Wiltshire Police,-1.819089,51.556590,On or near Littlecote Close,E01015568,Swindon 014D,Investigation complete; no suspect identified
331031012427067918d874dd6de3b282966945b8ba2efd5174328bdf6f0c7088,2024-06,Wiltshire Police,Wiltshire Police,-1.764842,51.589807,On or near Supermarket,E01015559,Swindon 005E,Suspect charged
74c2a905333d6e095c5a1e4cc75881a19887d04c383511c2af4bff76a84176b3,2024-06,Wiltshire Police,Wiltshire Police,-1.799534,51.070913,On or near Parking Area,E01032014,Wiltshire 056A,Investigation complete; no suspect identified
d2121ab2b22f74f799a35ff5860dc44e4b4003a022e8fce1e7ad1a7a4ed4e898,2024-06,Wiltshire Police,Wiltshire Police,-1.968151,51.529930,On or near Trow Lane,E01031893,Wiltshire 004C,Investigation complete; no suspect identified
0221d1eb98ea91ecf950127e1eb2d25f7db6ad614e09fd28cc1d1e8e3b46a744,2024-06,Wiltshire Police,Wiltshire Police,-1.662680,51.244864,On or near Pickernell Road,E01034556,Wiltshire 066B,Investigation complete; no suspect identified
dbe7423345b0590a7b55332a0dca303a5308830e15ad9e11f7ad8ef4d5ccbec4,2024-06,Wiltshire Police,Wiltshire Police,-1.796099,51.559366,On or near Park Lane,E01015477,Swindon 015C,Suspect charged
d3c150e50de391e135af81f1890643b0351d00e37b73285c3ef42ae6595abefc,2024-06,Wiltshire Police,Wiltshire Police,-1.796099,51.559366,On or near Park Lane,E01015477,Swindon 015C,Suspect charged
5b014a5053e0b31c1b051a58385d63a16fc13768144eaed7ef44885814a0faed,2024-06,Wiltshire Police,Wiltshire Police,-2.058275,51.438099,On or near Petty Lane,E01031904,Wiltshire 013B,Unable to prosecute suspect
0e8dade5233ba4cffe7e7c5341ec0a809230561b7441906b3eb98e4aef228f23,2024-06,Wiltshire Police,Wiltshire Police,-1.999707,51.355777,On or near Sheppard Close,E01031854,Wiltshire 026B,Unable to prosecute suspect
a3ce6adf0296ce2be1e950ab2d5d4b009be8ab6244d40be82621067bdeacdea6,2024-06,Wiltshire Police,Wiltshire Police,-1.722058,51.416798,On or near Priory Court,E01031861,Wiltshire 019A,Unable to prosecute suspect
35f17712cb5ad9e2bdab8bec900f90fd080fd9056894b73942a8326c36ad0316,2024-06,Wiltshire Police,Wiltshire Police,-1.784788,51.562772,On or near Parking Area,E01033845,Swindon 015E,Investigation complete; no suspect identified
cd10697db9579ea57f798c42927ee5e8b8c9297ede2a51a8352effa7b1cfc556,2024-06,Wiltshire Police,Wiltshire Police,-2.317257,51.085481,On or near Portnell's Lane,E01032036,Wiltshire 050C,Investigation complete; no suspect identified
9b9d7f7aeed35dffa9740d8ff853ba31d75f06ba1931d437b4a54345366a122a,2024-06,Wiltshire Police,Wiltshire Police,-2.208256,51.321126,On or near Fore Street,E01034534,Wiltshire 031E,Investigation complete; no suspect identified
6462abd5d65d07d2414a73b69d03a23bb65a61b68652cc776f908c64a1b17ac2,2024-06,Wiltshire Police,Wiltshire Police,-2.147668,51.374018,On or near Bradford Road,E01032070,Wiltshire 021D,Investigation complete; no suspect identified
d01e13e1761895188ecfbfe925815dbcca480c8e480a26bdb4b0cf6025d52d31,2024-06,Wiltshire Police,Wiltshire Police,-2.208256,51.321126,On or near Fore Street,E01034534,Wiltshire 031E,Investigation complete; no suspect identified
d0f0b8d024db9dc8d94c3f20f3609988058f960cf4ae16392853027662d805b7,2024-06,Wiltshire Police,Wiltshire Police,-1.785215,51.591635,On or near Winterslow Road,E01015543,Swindon 003A,Investigation complete; no suspect identified
d2d6d66252a108ca7fc356548b1d04405d9f360aebc9b7aab82a3e4a69b404c9,2024-06,Wiltshire Police,Wiltshire Police,-1.792221,51.561940,On or near Bristol Street,E01015477,Swindon 015C,Investigation complete; no suspect identified
ef4376fd8bb72f9a7679925da498fad08fd74b9efe8aae0c030d1d06f18422ff,2024-06,Wiltshire Police,Wiltshire Police,-2.211566,51.572075,On or near Noble Street,E01031957,Wiltshire 005A,Unable to prosecute suspect
f932fd3c0cecb05e0bd9c6e7d1ab6ce3b5064d0c6307d6f0df79bcc48111ebc7,2024-06,Wiltshire Police,Wiltshire Police,-1.770206,51.587974,On or near Parking Area,E01015555,Swindon 005A,Investigation complete; no suspect identified
6987447116402760d12c3583879995c231d48300e0fa66f305c197e6ad31d74f,2024-06,Wiltshire Police,Wiltshire Police,-2.129560,51.478386,On or near Petrol Station,E01034523,Wiltshire 013F,Investigation complete; no suspect identified
c0435bc41e0c26a37254d8452e4fcf175efb7d986bc89d5e0b8cdc05d9f03677,2024-06,Wiltshire Police,Wiltshire Police,-2.137341,51.451385,On or near Westcroft,E01031928,Wiltshire 011F,Investigation complete; no suspect identified
d492bb9688f52189f9bb297b53a884f9469a703ecee92688f1ffddb441d20c8f,2024-06,Wiltshire Police,Wiltshire Police,-1.755403,51.589518,On or near Coronel Close,E01015557,Swindon 005C,Investigation complete; no suspect identified
bb4562ca855475d9936356ef3ab17727482ef899dce4fc3333899a757525a398,2024-06,Wiltshire Police,Wiltshire Police,-1.617374,51.255955,On or near Central Street,E01031859,Wiltshire 065B,Suspect charged
34d32abb300330d680383c3b6eb4a65ba6138920a1664324b24c3c65ddfaff7d,2024-06,Wiltshire Police,Wiltshire Police,-1.727748,51.048761,On or near Park/Open Space,E01031971,Wiltshire 060B,Investigation complete; no suspect identified
b23550e83dac7f05d35e85b9605402218e379ace345cec57d169ad8379d1b3b4,2024-06,Wiltshire Police,Wiltshire Police,-1.481640,51.226767,On or near Ryon Close,E01035454,Test Valley 016B,Local resolution
7330f82a4033d050f411a68a8c8c033b8109e21ad1d9be7e78c7d71d7e627995,2024-06,Wiltshire Police,Wiltshire Police,-2.213917,51.325639,On or near Francis Street,E01034533,Wiltshire 031D,Investigation complete; no suspect identified
7d74c46e64f5713093c87e751f4342245873f439e1fbc360b88f34a39d8249f4,2024-06,Wiltshire Police,Wiltshire Police,-1.791025,51.192138,On or near Wells Close,E01034543,Wiltshire 045H,Investigation complete; no suspect identified
ff7c2c2c702679bc7533947df9843ab3944a974230e7744d53a090673681fddb,2024-06,Wiltshire Police,Wiltshire Police,-2.195131,51.423537,On or near Potley Lane,E01031933,Wiltshire 018C,Investigation complete; no suspect identified
8ad29e379fec0c378a3213a5156937fe8fda91d89cc3079d9ecc49dbb1914899,2024-06,Wiltshire Police,Wiltshire Police,-2.213917,51.325639,On or near Francis Street,E01034533,Wiltshire 031D,Investigation complete; no suspect identified
163c525eaee9ac7c5184772d42d239e56bd3ecf78bd243836ca5b9fc2c86c78e,2024-06,Wiltshire Police,Wiltshire Police,-1.770475,51.082621,On or near Church Road,E01032012,Wiltshire 057C,Investigation complete; no suspect identified
abd992169155aab33799b48403958a8cddadfc97b24792de775dffd073cb0dd2,2024-06,Wiltshire Police,Wiltshire Police,-1.821287,51.562572,On or near Dixon Way,E01015567,Swindon 014C,Investigation complete; no suspect identified
3000954be2bc905d1f55f27c697c70c69b6ad00babc2061ca540f498ec4456a6,2024-06,Wiltshire Police,Wiltshire Police,-2.203236,51.178911,On or near Clay Street,E01032081,Wiltshire 047D,Investigation complete; no suspect identified
bf630e8569621f0a1f74aa603dfcaf43e9493b9b2fd3e30d6c476c4c20c0ef7a,2024-06,Wiltshire Police,Wiltshire Police,-1.611226,51.444429,On or near Knowledge Hill,E01031874,Wiltshire 012D,Unable to prosecute suspect
043e0b9d694c4b987b52e39e00dca0a3df0aeb5e9be61a39c829f645a6c9e188,2024-06,Wiltshire Police,Wiltshire Police,-1.704933,51.415410,On or near Hospital,E01031866,Wiltshire 024A,Investigation complete; no suspect identified
01867285b2a380bb24fa8d4922b8ae636f94aa8b725cbdb661b299c2f959cfa9,2024-06,Wiltshire Police,Wiltshire Police,-1.783255,51.563641,On or near Bus/Coach Station,E01015475,Swindon 015A,Investigation complete; no suspect identified
b43afb66ca3eec6e7837ab8eef9ccd60544cffbe81e7e514075c0ababf15c515,2024-06,Wiltshire Police,Wiltshire Police,-1.789431,51.080058,On or near Somerset Road,E01032020,Wiltshire 053C,Further investigation is not in the public interest
25d678bc6644ca927c22dc40df8f158ac78686e69e5a3ec222b24ee16c7ca787,2024-06,Wiltshire Police,Wiltshire Police,-1.893970,51.634771,On or near Bourne Lake Park,E01031887,Wiltshire 001A,Suspect charged
14331f59b2a955e53fab5da8cb493beb5814b8460871bc9236f39c4334ea5e11,2024-06,Wiltshire Police,Wiltshire Police,-1.893970,51.634771,On or near Bourne Lake Park,E01031887,Wiltshire 001A,Suspect charged
378af6ad47227b89a2b2fdaeb6ecd3ab3b35147983f5b6a4078953324dbc4473,2024-06,Wiltshire Police,Wiltshire Police,-1.795928,51.549071,On or near Seacole Crescent,E01032707,Swindon 021F,Investigation complete; no suspect identified
7099b09baa043a8da92ec7b5b9ffab9b2ee4f1ac5199442b848ea6c7341e52ae,2024-06,Wiltshire Police,Wiltshire Police,-2.203914,51.316053,On or near Bridge Street,E01032094,Wiltshire 035C,Investigation complete; no suspect identified
1355411b36e83b1806082bd5ad5a0932928b98b00a0d074c3bb5dd03009270d2,2024-06,Wiltshire Police,Wiltshire Police,-2.147300,51.447282,On or near Shopping Area,E01031931,Wiltshire 018A,Investigation complete; no suspect identified
eae508188c230a1c83484cc5ecaa8e6ac00d6416e548edf741489dbdf03c7771,2024-06,Wiltshire Police,Wiltshire Police,-1.661875,51.237362,On or near Nadder Road,E01032697,Wiltshire 066C,Local resolution
4310b16d3a222990b0ce8429c60e8d4aff758cea895a55121a0bd4862749c174,2024-06,Wiltshire Police,Wiltshire Police,-1.776913,51.583078,On or near Oak Tree Avenue,E01015506,Swindon 007A,Investigation complete; no suspect identified
3f7d6f1b2f7c6918897293538c92646f0f194044712e6980ccf3e4d0fa3ff007,2024-06,Wiltshire Police,Wiltshire Police,-1.797541,51.562706,On or near Shopping Area,E01032716,Swindon 012G,Investigation complete; no suspect identified
609c477a5815be2d9ca9b9d7b54803375165e69515355134aad2b28c189b9fbb,2024-06,Wiltshire Police,Wiltshire Police,-1.784690,51.568895,On or near Petrol Station,E01015582,Swindon 012E,Investigation complete; no suspect identified
9e1ba00ae1d7c9616343dacfa8ba1d592b71b9d28dad0712f21bf29d3b5be251,2024-06,Wiltshire Police,Wiltshire Police,-1.783965,51.073628,On or near Bourne Avenue,E01032015,Wiltshire 056B,Suspect charged
f6650c4626311be6b66d4410620e954da991b375027d3c2e0e8b38c2fca517e0,2024-06,Wiltshire Police,Wiltshire Police,-2.139277,51.373677,On or near Parking Area,E01032067,Wiltshire 022C,Investigation complete; no suspect identified
0285970ec1e64ae1aff553f7db971459884924cf95061f32fe76b4769e80aa13,2024-06,Wiltshire Police,Wiltshire Police,-1.732252,51.569569,On or near Swanbrook,E01015483,Swindon 013C,Investigation complete; no suspect identified
127fa55fb70de3e45e05251445d464c3f1bd1a88dd4f3c7fa1aa08232c203ec1,2024-06,Wiltshire Police,Wiltshire Police,-1.778459,51.573811,On or near Tiverton Road,E01015508,Swindon 010A,Suspect charged
f9d6cccba7dc830a5da239360beacaa6f0a1c88910c73b9214414d4715d118d6,2024-06,Wiltshire Police,Wiltshire Police,-1.730571,51.570725,On or near Peregrine Close,E01015482,Swindon 013B,Investigation complete; no suspect identified
12c02c927fd9799d052f90ad6671fa7915e05a5be10880c7d4679f895b26410a,2024-06,Wiltshire Police,Wiltshire Police,-1.810106,51.075489,On or near Russell Road,E01032003,Wiltshire 055C,Investigation complete; no suspect identified
41ac7c961f80c35ac17fb27ab7cc58ee34deeb586634a35929568146c234a54a,2024-06,Wiltshire Police,Wiltshire Police,-1.769723,51.543565,On or near Lowry Way,E01015535,Swindon 024C,Investigation complete; no suspect identified
b86fa42687e73e37625fd39670ed46f888207885926151b4046e883bb44b16b2,2024-06,Wiltshire Police,Wiltshire Police,-1.760909,51.585663,On or near Meadowcroft,E01015558,Swindon 005D,Unable to prosecute suspect
ed8708e9dda57e62a83fe7b572ac08f3e92ee8a77efb337231d1355308264c06,2024-06,Wiltshire Police,Wiltshire Police,-1.793459,51.604031,On or near Abbotsbury Way,E01033861,Swindon 028G,Investigation complete; no suspect identified
d0966000cba089a1988e657ffa5d2b839d58703386bde1c666212a54e1e61bf7,2024-06,Wiltshire Police,Wiltshire Police,-1.931086,51.646163,On or near Fore Street,E01031887,Wiltshire 001A,Investigation complete; no suspect identified
fc5dad9bd3831030262cb5b4f090b5253da8417f5e9cbb9bf9c72069e4b1eccf,2024-06,Wiltshire Police,Wiltshire Police,-1.733390,51.416698,On or near Pewsey Road,E01031865,Wiltshire 019E,Investigation complete; no suspect identified
b0442f17fcdc7bf3affdfa3882d0bcafc48004efaea9ce12d3d5ee5162d5d08e,2024-06,Wiltshire Police,Wiltshire Police,-1.798637,51.582461,On or near Supermarket,E01015529,Swindon 006C,Investigation complete; no suspect identified
16decdfe31feb5a8b766d7214563a595db4efb61cbc27ba402d1b2a6b628cd97,2024-06,Wiltshire Police,Wiltshire Police,-1.783965,51.073628,On or near Bourne Avenue,E01032015,Wiltshire 056B,Unable to prosecute suspect
b05a3a2638fe4b16f985029c7a6015c80b3b95b834a87220fc2bb99e0baaf815,2024-06,Wiltshire Police,Wiltshire Police,-1.738629,51.569530,On or near Tawny Owl Close,E01015481,Swindon 013A,Local resolution
232b760a3ce6fe8006081f219bba05ad8ec09545aa840c3afadfa5883ba039a5,2024-06,Wiltshire Police,Wiltshire Police,-1.815400,51.602053,On or near Redhouse Gardens,E01032711,Swindon 027D,Investigation complete; no suspect identified
d3f581b56c20f51734e3f21255e440474638ae81b4c7065e4f1eee067b1dcf5d,2024-06,Wiltshire Police,Wiltshire Police,-1.750727,51.553275,On or near Supermarket,E01015541,Swindon 020D,Unable to prosecute suspect
82b5d9f605787e4cf7a839e54c69dd0ef7197062036786ef4c9e28159249a43f,2024-06,Wiltshire Police,Wiltshire Police,-2.182483,51.324658,On or near Hackett Place,E01032080,Wiltshire 030D,Local resolution
009da878f15885ed92343a9fd3a63a8e6bcf65729f793a5c01935102a5804ce5,2024-06,Wiltshire Police,Wiltshire Police,-1.840601,51.563050,On or near Walter Close,E01015505,Swindon 018D,Local resolution
382eded99273228a9db8b6b2be9d9ad70304dfd503dd0eb2a07b72b354c18150,2024-06,Wiltshire Police,Wiltshire Police,-2.117016,51.460956,On or near St Mary's Place,E01031912,Wiltshire 011B,Investigation complete; no suspect identified
d80b403afe6530497e6d981a4ffb9ffcc5aa3148f49862fa006305544c8d53f4,2024-06,Wiltshire Police,Wiltshire Police,-1.841081,51.557934,On or near Chartley Green,E01015504,Swindon 018C,Investigation complete; no suspect identified
405346d6bad24758d7db4c8b8f336b46030e43ebc2e3e6835d9bfa398b1f8850,2024-06,Wiltshire Police,Wiltshire Police,-1.822726,51.567241,On or near Rivermead Drive,E01015561,Swindon 014A,Investigation complete; no suspect identified
6754fd41d113ca24a70b26aee79a03bfe6e3dc34af0a49d7c0e0c7032ef2a656,2024-06,Wiltshire Police,Wiltshire Police,-2.201529,51.338240,On or near Tudor Drive,E01032078,Wiltshire 030B,Investigation complete; no suspect identified
e8291463f2c19d8737bfd2752f13b889cfe73fb7961d971536d060225df7425a,2024-06,Wiltshire Police,Wiltshire Police,-1.795554,51.070447,On or near Chipper Lane,E01032014,Wiltshire 056A,Suspect charged
f2c87c577e30f490dcaddd28b27b19dce9ce7e3fb814cc3b6c63f159aba9975f,2024-06,Wiltshire Police,Wiltshire Police,-2.213345,51.310758,On or near Supermarket,E01032095,Wiltshire 035D,Investigation complete; no suspect identified
e5673c917aefa601d4da9a91da46a1fe540d55fb87dd8fb4b675818dacf34f0a,2024-06,Wiltshire Police,Wiltshire Police,-2.213765,51.311585,On or near Arras Close,E01032094,Wiltshire 035C,Investigation complete; no suspect identified
d9ab4fd0043b67c332cbcc99b07bc8bcf632f5b0a30e64b00c95595f6da188d1,2024-06,Wiltshire Police,Wiltshire Police,-2.207334,51.317055,On or near County Way,E01032094,Wiltshire 035C,Investigation complete; no suspect identified
ea058537b85ce4b6e721d84cf3b21593a30109df0810e64d748eb72b343f302c,2024-06,Wiltshire Police,Wiltshire Police,-1.837283,51.603704,On or near Boatman Close,E01032709,Swindon 026E,Investigation complete; no suspect identified
f0d7dde6b57a65b9fa099833c65066e21d1e23ffb13f691efe14517e29032e3a,2024-06,Wiltshire Police,Wiltshire Police,-1.795649,51.068397,On or near New Canal,E01032022,Wiltshire 058C,Investigation complete; no suspect identified
cf9951526816380b9ed8a2d2119fbf12f159c19e971a41006a3902462b7b0d41,2024-06,Wiltshire Police,Wiltshire Police,-1.795649,51.068397,On or near New Canal,E01032022,Wiltshire 058C,Investigation complete; no suspect identified
2c676e2c50aebe34debbc2c1539deab36879b6840dac62b64017594e3d618fb9,2024-06,Wiltshire Police,Wiltshire Police,-1.898661,51.545851,On or near A3102,E01031963,Wiltshire 006A,Investigation complete; no suspect identified
a3b3f622e4b89072d71fe2d70a477e40bf707a425c36c862ab969679b5984100,2024-06,Wiltshire Police,Wiltshire Police,-1.797541,51.562706,On or near Shopping Area,E01032716,Swindon 012G,Investigation complete; no suspect identified
974e32a39c9bd76604178b9d96ff09070ad0691478f37ed48851ee420badcd9e,2024-06,Wiltshire Police,Wiltshire Police,-1.792228,51.560412,On or near Taunton Street,E01033846,Swindon 015F,Unable to prosecute suspect
491cd3d4bc331b4101704fbf3f5ddbc75ecd1044a04b66fcf374ecbfeeba6650,2024-06,Wiltshire Police,Wiltshire Police,-1.764842,51.589807,On or near Supermarket,E01015559,Swindon 005E,Formal action is not in the public interest
a40e8515383e16f29e2c31a7e6d20a4d446eb9c8e52290f32ceff71d3c4442ad,2024-06,Wiltshire Police,Wiltshire Police,-2.129560,51.478386,On or near Petrol Station,E01034523,Wiltshire 013F,Unable to prosecute suspect
2cd2da0b158315ca620bec0f75d8c2334d7a3afb37cfea1858f69455f77d49d7,2024-06,Wiltshire Police,Wiltshire Police,-1.769723,51.543565,On or near Lowry Way,E01015535,Swindon 024C,Formal action is not in the public interest
28789fb17da2e79b8d3e77d71941a62a21bf46c197969e5f3884e430967f0f6e,2024-06,Wiltshire Police,Wiltshire Police,-1.992283,51.352450,On or near Monday Market Street,E01031854,Wiltshire 026B,Investigation complete; no suspect identified
9b82116c706a086e83b025c9020c70c6cf6eb57280fea7691d7576d1c3dd592d,2024-06,Wiltshire Police,Wiltshire Police,-2.137676,51.376395,On or near Parking Area,E01032062,Wiltshire 022A,Investigation complete; no suspect identified
4fc5d52116e98ad89a73734b1137a16f20a445a420de9e3d451a4dfb09dcaa90,2024-06,Wiltshire Police,Wiltshire Police,-1.785866,51.560508,On or near Shopping Area,E01015494,Swindon 019A,Local resolution
e4d3038c53b4a6d17130c471b44107304088c5195393c2766ccca971f099c3da,2024-06,Wiltshire Police,Wiltshire Police,-1.944664,51.545162,On or near Park/Open Space,E01031893,Wiltshire 004C,Investigation complete; no suspect identified
d3811a71eb67058cef1dd1ab0a0beba6ae160bb722ff514df448d5d890f63fe6,2024-06,Wiltshire Police,Wiltshire Police,-1.781657,51.577890,On or near Hawthorn Avenue,E01015508,Swindon 010A,Investigation complete; no suspect identified
74c821a1294df86ba21517f6bb04cbe3cc1b531fab2fa82fadeb5f279c9afc61,2024-06,Wiltshire Police,Wiltshire Police,-1.734967,51.576580,On or near A420,E01015551,Swindon 009C,Investigation complete; no suspect identified
12f300152a6dae79e898b7d86a88433333e8d70cdc173ed277faa007689514fd,2024-06,Wiltshire Police,Wiltshire Police,-1.797541,51.562706,On or near Shopping Area,E01032716,Swindon 012G,Investigation complete; no suspect identified
cd255ffad9546bff8ccc40085292cd3b7697f526114800448d1a41d4b8e92fca,2024-06,Wiltshire Police,Wiltshire Police,-1.768379,51.193507,On or near Bulford Hill,E01031997,Wiltshire 046C,Investigation complete; no suspect identified
41010f678b591ba029241180bbcd5a0bb59078d3989f3f7d9a0b08aae0b0794d,2024-06,Wiltshire Police,Wiltshire Police,-1.777676,51.586523,On or near Amberley Close,E01015543,Swindon 003A,Investigation complete; no suspect identified
916d9c9c40820ade0971dd8f9700f2cf5cc0ddd1c079ae64a1f9e775d81ae6f6,2024-06,Wiltshire Police,Wiltshire Police,-1.866870,51.424596,On or near Trusloe,E01031884,Wiltshire 012E,Investigation complete; no suspect identified
c244d0d0d5b0f39b967288ccab46b5c774a46dcb812074f726515ac1a796e38a,2024-06,Wiltshire Police,Wiltshire Police,-1.992828,51.352333,On or near Maryport Street,E01031854,Wiltshire 026B,Investigation complete; no suspect identified
c340c4c79a1a041bffe24ed74a0ae565fbcebc481ab39b883d4160fdf78e975f,2024-06,Wiltshire Police,Wiltshire Police,-1.823104,51.558898,On or near Thornford Drive,E01015568,Swindon 014D,Suspect charged
491fc7d4b5a272996dd80a99651ad98eac27390432d2f1a8c464bbd1ed7c36d4,2024-06,Wiltshire Police,Wiltshire Police,-1.823869,51.085915,On or near Primrose Road,E01031982,Wiltshire 052C,Investigation complete; no suspect identified
5788a74ba9e2a5cf4499603a9ed74f6016c3836badb67073808d182774ae52a7,2024-06,Wiltshire Police,Wiltshire Police,-1.784732,51.565577,On or near Swindon,E01033845,Swindon 015E,Investigation complete; no suspect identified
d710e502a836427e9b0698ee7475bb84995bfb71923f2dd3da43496fd23b8a2a,2024-06,Wiltshire Police,Wiltshire Police,-2.106398,51.450221,On or near Ray Close,E01031924,Wiltshire 014E,Investigation complete; no suspect identified
3ed130e34592528fc9945cce181b0de8dc1e0c7bf3c02e3a4e77ea46648adcaa,2024-06,Wiltshire Police,Wiltshire Police,-1.763445,51.032741,On or near Hospital,E01032000,Wiltshire 057A,Investigation complete; no suspect identified
45060d9689fd7b1c0ec16531c6396d5ceae52c0d433522e8b5dc236d8ce4685a,2024-06,Wiltshire Police,Wiltshire Police,-2.108935,51.584875,On or near Bremilham Rise,E01031949,Wiltshire 002D,Investigation complete; no suspect identified
e9577c251e8cd63ff075982faca1b3f68047f37f55490858c5a20f3e0712b657,2024-06,Wiltshire Police,Wiltshire Police,-2.212436,51.318907,On or near Parking Area,E01034534,Wiltshire 031E,Investigation complete; no suspect identified
eae65e2aec7b148d7fb5599a27f11c8544c554c6dfc06a9e334719d235fccc36,2024-06,Wiltshire Police,Wiltshire Police,-1.794333,51.599195,On or near Hugo Drive,E01033860,Swindon 028F,Suspect charged
f4115a833621694d4896257a4682bcbad51c8585e76e09335e9a0a1bd99378d5,2024-06,Wiltshire Police,Wiltshire Police,-2.194460,51.258828,On or near Queen's Road,E01032117,Wiltshire 063D,Investigation complete; no suspect identified
0c7a825fec4fe1da7e2b32af3f9ee7c183564a2f1483cc9167419a08c65c4919,2024-06,Wiltshire Police,Wiltshire Police,-2.209886,51.322967,On or near Supermarket,E01034533,Wiltshire 031D,Investigation complete; no suspect identified
f78b6d41be47bf3d679a6416c46624cee1251716250c61374d1a7e2b00fbd440,2024-06,Wiltshire Police,Wiltshire Police,-1.747930,51.583666,On or near Frank Warman Court,E01015553,Swindon 009E,Investigation complete; no suspect identified
e7d3b05204982294399ff2358b646c140088fbe82515b47c998b9bf95aa0bca5,2024-06,Wiltshire Police,Wiltshire Police,-1.787832,51.054940,On or near Downton Road,E01032007,Wiltshire 059C,Investigation complete; no suspect identified
97f452ee4ea5e3df0c8b5a885b2aa0e2a37337f7bcfe6f5ce1284e0176c6c23b,2024-06,Wiltshire Police,Wiltshire Police,-2.127411,51.384256,On or near Lincoln Green,E01032064,Wiltshire 020B,Unable to prosecute suspect
29d0ccdcfd1ffb2993772a081d52aa3be6d2c555bd55d8ae956ccaa0609b5b19,2024-06,Wiltshire Police,Wiltshire Police,-1.795837,51.197640,On or near The Causeway,E01034542,Wiltshire 045G,Investigation complete; no suspect identified
0d86393b88a8a185947c14d65bd5ec44e6b6d5f800f674c44b12481e5a54ed3c,2024-06,Wiltshire Police,Wiltshire Police,-2.040241,51.283342,On or near Victoria Park,E01031848,Wiltshire 028C,Unable to prosecute suspect
f696efdfa12dbebf70a06ddf2cda6c1c5469fc84b3b0f5754142a006251988ef,2024-06,Wiltshire Police,Wiltshire Police,-1.815400,51.602053,On or near Redhouse Gardens,E01032711,Swindon 027D,Investigation complete; no suspect identified
3083da84e76410473103907a2342bacb0ac66e378e0bbaf993255ccb26ed62d8,2024-06,Wiltshire Police,Wiltshire Police,-1.832664,51.548122,On or near Lambert Close,E01015501,Swindon 022A,Investigation complete; no suspect identified
3f6b8dab0af3125e8b20ffeaaeddd9fda482c5638a7dd3ddfb0ff2bd9329cd09,2024-06,Wiltshire Police,Wiltshire Police,-1.775575,51.549933,On or near Station Approach,E01015534,Swindon 024B,Offender given a caution
d8443870b76b0f9d1f817a23986a755297632c11737e985b5bac3123964a9c0a,2024-06,Wiltshire Police,Wiltshire Police,-1.773339,51.567579,On or near Colbourne Street,E01015479,Swindon 017A,Suspect charged
4c97081b4d2e49bc55f2966c1093805a05e9cc8899dbb88134786cfc2c90b4a7,2024-06,Wiltshire Police,Wiltshire Police,-2.022933,51.308443,On or near Park/Open Space,E01031848,Wiltshire 028C,Investigation complete; no suspect identified
a496e86212cef941d608fcae3e665b86888ebd70894e9d8cee8188df1cd9f472,2024-06,Wiltshire Police,Wiltshire Police,-1.725004,51.414647,On or near Garside Way,E01031865,Wiltshire 019E,Investigation complete; no suspect identified
93a0863fd1cd894b2d979d54e215b1196b2bafa33dade89e090b2dee911170cd,2024-06,Wiltshire Police,Wiltshire Police,-1.819940,51.061028,On or near Wellworthy Drive,E01032000,Wiltshire 057A,Unable to prosecute suspect
86158b43b810f2206a5a644219b00d6da0c02c73f4377adf1058c09aa42040ef,2024-06,Wiltshire Police,Wiltshire Police,-1.753104,51.584891,On or near Parsonage Road,E01015552,Swindon 009D,Investigation complete; no suspect identified
2bf2e0ab507df35e9c1a86d241976dc1dc3fcdce792c1e4e2574d58b9ce49884,2024-06,Wiltshire Police,Wiltshire Police,-2.115399,51.371768,On or near Supermarket,E01034529,Wiltshire 021H,Investigation complete; no suspect identified
810d3eb43bf3098811a9ff2a4387ab77f650e45dfec074cc592368661576f334,2024-06,Wiltshire Police,Wiltshire Police,-1.829637,51.078199,On or near Pullman Drive,E01031983,Wiltshire 052D,Further action is not in the public interest
7a708b0ee8f09ab5d59673bf19f6119e29978d8a465bc0b18d47d2ed45fa601b,2024-06,Wiltshire Police,Wiltshire Police,-1.826161,51.555387,On or near Conisborough,E01015570,Swindon 022E,Investigation complete; no suspect identified
079a201e39e0064d3162f4046db8efb239264d950ed2abecdece95f514f418bd,2024-06,Wiltshire Police,Wiltshire Police,-1.784788,51.562772,On or near Parking Area,E01033845,Swindon 015E,Investigation complete; no suspect identified
a2b5c1d357abc734f7b5324a1c4e43b31fb309fa21599f5894d5f6ab2915a8df,2024-06,Wiltshire Police,Wiltshire Police,-1.821868,51.075310,On or near Wilton Road,E01032001,Wiltshire 055A,Investigation complete; no suspect identified
daca2ec53279612bb864a6eeeeaa10488e0a99a66f17b2c27116345f13d53208,2024-06,Wiltshire Police,Wiltshire Police,-1.777157,51.553838,On or near Union Row,E01032715,Swindon 019F,Investigation complete; no suspect identified
600f3c88f4a43bf1717b4634fd865114a38737e07cb87625a38b76751dde04f4,2024-06,Wiltshire Police,Wiltshire Police,-1.778270,51.538546,On or near Pipers Way,E01033847,Swindon 024E,Investigation complete; no suspect identified
1fc410f4e4749e0c5b402f925f63254dddb398f5e3af31cc76502897971e8d85,2024-06,Wiltshire Police,Wiltshire Police,-1.917629,51.519215,On or near Breach Lane,E01031968,Wiltshire 007H,Investigation complete; no suspect identified
91b64781e655abde5a125909c075fa414e7b187b4942ea25e3085aa168fdc74d,2024-06,Wiltshire Police,Wiltshire Police,-1.661154,51.234168,On or near Supermarket,E01034558,Wiltshire 066E,Local resolution
65c00089bafcf9285ee3bdf17837c31e19f69e8b071a8e2d5833a3ead3eaba14,2024-06,Wiltshire Police,Wiltshire Police,-2.117616,51.458325,On or near Shopping Area,E01031912,Wiltshire 011B,Investigation complete; no suspect identified
617a68df2d33a29824c02759b3660cf44566857fca2789acbc04949585ea036b,2024-06,Wiltshire Police,Wiltshire Police,-2.181539,51.321827,On or near Moyle Park,E01034536,Wiltshire 032F,Investigation complete; no suspect identified
089048ad30a64d7596277095803fc6e5ede9cef238b3ef11f80a4771ab1992eb,2024-06,Wiltshire Police,Wiltshire Police,-1.807435,51.597446,On or near Supermarket,E01032710,Swindon 028E,Investigation complete; no suspect identified
b97dd679aa1b60d37622bb0a4a6a1171bcd6b64d33eac3b3c4a5fdc665e60c6d,2024-06,Wiltshire Police,Wiltshire Police,-1.740573,51.560048,On or near Tyndale Gardens,E01015538,Swindon 016A,Investigation complete; no suspect identified
a88ab4f2ce3bbd54afb0797044955f1625e04e3ce4d8e1f49587f8bbc1acf4ae,2024-06,Wiltshire Police,Wiltshire Police,-2.284675,51.148042,On or near Church Street,E01032036,Wiltshire 050C,Investigation complete; no suspect identified
e87b292ab24ed6ec2bbb0f1d1f30f1a48eb530ddc5d2540e5cbd605b04ce50e7,2024-06,Wiltshire Police,Wiltshire Police,-1.768885,51.563911,On or near Pavilion Close,E01015479,Swindon 017A,Investigation complete; no suspect identified
e2aa9349ae4d608d9df545cddd7677d2deb97fa5363cef38592511291e3621ca,2024-06,Wiltshire Police,Wiltshire Police,-1.776317,51.063031,On or near Supermarket,E01032021,Wiltshire 056D,Investigation complete; no suspect identified
062852e5e45bb650ca4c2e97e1f25a1f5db97073c0e5b0a5b3a471c7a7cd8644,2024-06,Wiltshire Police,Wiltshire Police,-1.784788,51.562772,On or near Parking Area,E01033845,Swindon 015E,Unable to prosecute suspect
41cd419ae0fd3eea01f6f4676437e65f845babcc707f2a86779f32fdb155e85d,2024-06,Wiltshire Police,Wiltshire Police,-2.185688,51.336351,On or near Hill Street,E01032079,Wiltshire 030C,Offender given a caution
f5a35dad940f4e18119357f21c6ce8057e37c5f91534ce5c3b54e4bb205b9330,2024-06,Wiltshire Police,Wiltshire Police,-1.819521,51.553039,On or near Colchester Close,E01015571,Swindon 022F,Investigation complete; no suspect identified
b18be59bcd0abe2f0c00aab060b62c765a5c0e23fb098c99e0ad4c624ab89f03,2024-06,Wiltshire Police,Wiltshire Police,-1.895716,51.325555,On or near Manor Farm Lane,E01031842,Wiltshire 038A,Investigation complete; no suspect identified
6ea392280f738e123a8f56f8dc60828c817f1441ae5f58cf64fe45f39abfd452,2024-06,Wiltshire Police,Wiltshire Police,-2.208256,51.321126,On or near Fore Street,E01034534,Wiltshire 031E,Investigation complete; no suspect identified
5fb31399c15e49384f91488c476c46e6cda850088fce9535bb5cb592aa008eeb,2024-06,Wiltshire Police,Wiltshire Police,-1.812540,51.073677,On or near Finchley Road,E01032002,Wiltshire 055B,Investigation complete; no suspect identified
32797e6185e0424902b6cd895ca671e8aaa53380508ad0f27e0ff406ea39b776,2024-06,Wiltshire Police,Wiltshire Police,-2.192517,51.195060,On or near Frederick Taylor Court,E01032109,Wiltshire 044C,Investigation complete; no suspect identified
988ae3ad750709d7f4bbb5f7f95b029d15b747e52f492513487b32eac1b9e7ca,2024-06,Wiltshire Police,Wiltshire Police,-2.192517,51.195060,On or near Frederick Taylor Court,E01032109,Wiltshire 044C,Investigation complete; no suspect identified
a311e5609f77c8a16bac831e3d9af1fcd314cfc4491fd05bf4f0c28aa75f30ba,2024-06,Wiltshire Police,Wiltshire Police,-1.974931,51.360936,On or near Le Marchant Close,E01032693,Wiltshire 025H,Investigation complete; no suspect identified
ed465a27ee681c7f1002279e7ee789478b51405b90122a44ac9c6e10f871ed67,2024-06,Wiltshire Police,Wiltshire Police,-2.188816,51.266372,On or near Lopes Way,E01034551,Wiltshire 063A,Investigation complete; no suspect identified
5f5d94e6c8c5bac397cb1a90c586c05fdbf7a9c19948d2c3390db65d334e03cd,2024-06,Wiltshire Police,Wiltshire Police,-1.669732,51.348353,On or near Sprays,E01031847,Wiltshire 029B,Investigation complete; no suspect identified
69ba8268805182ce73260b630643161c9e025e70c306450290e681303c56f891,2024-06,Wiltshire Police,Wiltshire Police,-2.208689,51.302944,On or near Shopping Area,E01032092,Wiltshire 035A,Investigation complete; no suspect identified
e4878223dae7a84851ce7e135d01bce187fb179afd44ef89609b270593e69aa4,2024-06,Wiltshire Police,Wiltshire Police,-1.806495,51.078548,On or near Sports/Recreation Area,E01032024,Wiltshire 055D,Investigation complete; no suspect identified
a1b990ba069c7c6849b1d95f5245998149996845fcc41e05238475f84936da9a,2024-06,Wiltshire Police,Wiltshire Police,-2.155279,51.199144,On or near St Georges Close,E01032104,Wiltshire 042A,Unable to prosecute suspect
775d488fcbd08b0b545588c5149820aad1324400a02efdf803c348dfe7967e3f,2024-06,Wiltshire Police,Wiltshire Police,-1.746571,51.555449,On or near Clanfield Road,E01015537,Swindon 020A,Investigation complete; no suspect identified
bc456fe81f4337d80eb9052e8c8319fbbd31c73f05428013ec07d80853bb7dae,2024-06,Wiltshire Police,Wiltshire Police,-1.603033,51.358886,On or near Park/Open Space,E01031843,Wiltshire 029A,Investigation complete; no suspect identified
d4399ddf5a9587eb6160e24058e71ac3665b9b710e2d4d045dd31acf5a3f4c7c,2024-06,Wiltshire Police,Wiltshire Police,-1.732597,51.419448,On or near High Street,E01031863,Wiltshire 019C,Investigation complete; no suspect identified
71e35213269052e21979a2e1128e91060e18730d6786723cc26fdd780597745c,2024-06,Wiltshire Police,Wiltshire Police,-2.235167,51.364011,On or near Rushey Lane,E01032059,Wiltshire 023B,Investigation complete; no suspect identified
f52d418c6da167f4e261908fc3b55c7cdc592546a6c71321568ffc561c0e15b1,2024-06,Wiltshire Police,Wiltshire Police,-2.128874,51.091740,On or near The Down,E01032010,Wiltshire 050A,Investigation complete; no suspect identified
c34cd46962759744f76f4e4cd47e5a58be920baf00cad5516165313b41cb9c92,2024-06,Wiltshire Police,Wiltshire Police,-2.126867,51.530243,On or near Anson Place,E01031960,Wiltshire 005D,Investigation complete; no suspect identified
1697eca15dfb25ad19979055081309bbd1d91a3e6a7931225e7be4b35d6b87c9,2024-06,Wiltshire Police,Wiltshire Police,-2.182708,51.204311,On or near Supermarket,E01032103,Wiltshire 044A,Investigation complete; no suspect identified
09ecd8e49b4aea98d2d90f9ecc5842cf69ec3e6723faad08209c712198e0b227,2024-06,Wiltshire Police,Wiltshire Police,-2.236161,51.294844,On or near Sports/Recreation Area,E01032083,Wiltshire 037B,Investigation complete; no suspect identified
b346ca51e3e70f6dc43a9eb04950bcd51a8c99c84c2d0dae2411d1a8f44f0820,2024-06,Wiltshire Police,Wiltshire Police,-1.666132,51.242904,On or near Kimber Close,E01032697,Wiltshire 066C,Formal action is not in the public interest
02056dddceb96b97af24fa3c90827af376f4fcc47df283429f54dfbc9652c98c,2024-06,Wiltshire Police,Wiltshire Police,-1.830507,51.577638,On or near Fyne Close,E01015562,Swindon 011A,Investigation complete; no suspect identified
92c7071c7bb1b301e31b2fec7a70563ed2904d600a702da4b7c7e1219916ed8d,2024-06,Wiltshire Police,Wiltshire Police,-1.786886,51.561517,On or near Queen Street,E01033845,Swindon 015E,Investigation complete; no suspect identified
b80d9e8a3072a5f7d8b77c37f35bcff025d1682be4e82a5f32c130679bfa1d12,2024-06,Wiltshire Police,Wiltshire Police,-1.785142,51.573355,On or near David Stoddart Gardens,E01015508,Swindon 010A,Investigation complete; no suspect identified
66ed546fd149e50afac2a030c3226ebf55761cc998b2aee96c6c5e476b471bf7,2024-06,Wiltshire Police,Wiltshire Police,-1.795554,51.070447,On or near Chipper Lane,E01032014,Wiltshire 056A,Investigation complete; no suspect identified
78e6d2e8d1f84280cfc7315ff921d213be0c962d97ccdc09d3d22bcf43c7508c,2024-06,Wiltshire Police,Wiltshire Police,-1.660471,51.225777,On or near Ramnuggur Road,E01034558,Wiltshire 066E,Unable to prosecute suspect
4cd6bfb36b3bc9892f42832a72a50d938e4f5123942a975d30989ab68be2630e,2024-06,Wiltshire Police,Wiltshire Police,-2.002722,51.352855,On or near Moyne Close,E01031854,Wiltshire 026B,Suspect charged
5a82e8f54c8e8f47b867e62d0008aa5e42f6d0f72b8fe9640703dcd8290f0139,2024-06,Wiltshire Police,Wiltshire Police,-1.789406,51.066696,On or near Payne's Hill,E01032023,Wiltshire 059D,Investigation complete; no suspect identified
5a2e1d3bfae19ec6346270c2933142397a1ac1fcf946da959919dc3664823cd2,2024-06,Wiltshire Police,Wiltshire Police,-1.785302,51.560868,On or near Shopping Area,E01015494,Swindon 019A,Local resolution
d3c26645b97d8fd73a8e4eae79dc1d8931f85a49417cd4fe4367c3f98e2d7ae2,2024-06,Wiltshire Police,Wiltshire Police,-1.727748,51.048761,On or near Park/Open Space,E01031971,Wiltshire 060B,Investigation complete; no suspect identified
299dfd2552a68157dc59da9d828df99a94f56ba2d13ada6963a9b41e24fa8bd9,2024-06,Wiltshire Police,Wiltshire Police,-1.786621,51.562631,On or near Fleet Street,E01033845,Swindon 015E,Local resolution
e32a6c89ac5e63c1f12a5b4be4c6210be8d8ffd827cd1c7dcdf356842012d34e,2024-06,Wiltshire Police,Wiltshire Police,-1.793459,51.604031,On or near Abbotsbury Way,E01033861,Swindon 028G,Formal action is not in the public interest
355da6bb8cb15a32b26f7cf20fa504bbd2f491865a29242b7c0cc6840dc28411,2024-06,Wiltshire Police,Wiltshire Police,-1.894783,51.312911,On or near The Hollow,E01031842,Wiltshire 038A,Local resolution
e3fe37601f79bc03c32c20d8bb24b994d55515b7ee19946b34f00391ed78a286,2024-06,Wiltshire Police,Wiltshire Police,-1.844636,51.543247,On or near M4,E01031961,Wiltshire 007E,Investigation complete; no suspect identified
feedb221e80ae83f5a78c8945b72ea881755e37a69ba0eb19859907387445c20,2024-06,Wiltshire Police,Wiltshire Police,-2.020526,51.061865,On or near Panters Road,E01032031,Wiltshire 061D,Investigation complete; no suspect identified
d70c8523e715816d687c09a413b3c54d4bec7b29e1dec6979e7d1dd7fe9d0d8b,2024-06,Wiltshire Police,Wiltshire Police,-1.793459,51.604031,On or near Abbotsbury Way,E01033861,Swindon 028G,Investigation complete; no suspect identified
26af347ddd30d9143f66752316c92e10334d7a786a99b2ddd28827db1dece16a,2024-06,Wiltshire Police,Wiltshire Police,-1.764924,51.545929,On or near Dunster Close,E01015533,Swindon 024A,Investigation complete; no suspect identified
dca47776210dc4839b1ea59e76f874e664f4b1cf78b2c261fc8935f60465a3d1,2024-06,Wiltshire Police,Wiltshire Police,-1.775344,51.570514,On or near Mervyn Webb Place,E01015510,Swindon 010C,Investigation complete; no suspect identified
1ec25ac881c4a3aaad8d46d56f228fe5e613deba52c94a0001967fadb3abc21a,2024-06,Wiltshire Police,Wiltshire Police,-1.917629,51.519215,On or near Breach Lane,E01031968,Wiltshire 007H,Investigation complete; no suspect identified
1f2018ba71963e5701ad97d634718686ce0d5d2ce55dac423661b7b6d7ec8ecf,2024-06,Wiltshire Police,Wiltshire Police,-1.990890,51.349213,On or near Copings Close,E01031855,Wiltshire 026C,Local resolution
52eb30469a1d74da6369d61df40101098d3ae6c917f68d91946ab11c05915d29,2024-06,Wiltshire Police,Wiltshire Police,-1.823931,51.554070,On or near Oakham Close,E01015570,Swindon 022E,Investigation complete; no suspect identified
a8b314d8dd9b2ef72057dd0a2b9c35b76b7ed824c9dd33da4fa40d8e37b37bfe,2024-06,Wiltshire Police,Wiltshire Police,-1.786886,51.561517,On or near Queen Street,E01033845,Swindon 015E,Investigation complete; no suspect identified
112867cc3e8a416e272b2fa937025ccc5d964e9d2e1f493ad6a5a46215e57b4c,2024-06,Wiltshire Police,Wiltshire Police,-1.723220,50.989270,On or near Downton Hill,E01031994,Wiltshire 062D,Investigation complete; no suspect identified
f8c72c57737b2c4a83aa635f6cd60027b3fc2436e6af09076c2eca232d92323e,2024-06,Wiltshire Police,Wiltshire Police,-1.832955,51.083671,On or near Sports/Recreation Area,E01031981,Wiltshire 052B,Investigation complete; no suspect identified
45bc5815cd285d05d23018e83ae202195f5228bb3df8bbaa40564547cd9569b8,2024-06,Wiltshire Police,Wiltshire Police,-1.788520,51.579233,On or near Wavell Road,E01015580,Swindon 007D,Investigation complete; no suspect identified
fb8332864638290b1732871f4c7fdf07cc6b9b80539164d4205fe83b9bdf1157,2024-06,Wiltshire Police,Wiltshire Police,-2.182483,51.324658,On or near Hackett Place,E01032080,Wiltshire 030D,Investigation complete; no suspect identified
ea6faab1abe00b6bc2c615ef08c1af41bd7bc54f094aed1a0790534a296d9a5f,2024-06,Wiltshire Police,Wiltshire Police,-2.182483,51.324658,On or near Hackett Place,E01032080,Wiltshire 030D,Investigation complete; no suspect identified
8ac0106d6c2ae1b435819000c249e412094b3c3ca4851c21f580d535da67d9aa,2024-06,Wiltshire Police,Wiltshire Police,-1.788355,51.608724,On or near Lady Lane,E01033861,Swindon 028G,Investigation complete; no suspect identified
cb0a32914752e132ecf28cb69b8623759c36999f285c1f1ab089af997916b19f,2024-06,Wiltshire Police,Wiltshire Police,-1.830828,51.553190,On or near Bosham Close,E01015569,Swindon 022D,Investigation complete; no suspect identified
ea3ea051ae09f98954a097a8d2bb468976cb126fe03d27ff2008a7e5b1358df3,2024-06,Wiltshire Police,Wiltshire Police,-1.799024,51.070184,On or near Supermarket,E01032014,Wiltshire 056A,Investigation complete; no suspect identified
2af5d86e284d16f39d9967be5be796b64860f8f2bbeb7012ff66c7516b1fa92a,2024-06,Wiltshire Police,Wiltshire Police,-1.787339,51.532269,On or near The Mountings,E01015585,Swindon 025C,Investigation complete; no suspect identified
d8d476262437de94e7c67af5858953d7109363684607452e91c54fa789b088cd,2024-06,Wiltshire Police,Wiltshire Police,-1.820856,51.550919,On or near Stansfield Close,E01015571,Swindon 022F,Investigation complete; no suspect identified
cafdb6550bf7e6931076df1a33ba56208cc41f98aa3e8b4f03fb49aae3401819,2024-06,Wiltshire Police,Wiltshire Police,-2.209415,51.320414,On or near Shopping Area,E01034534,Wiltshire 031E,Investigation complete; no suspect identified
89d4a3974827993c8125f7856fa7c88a677c1c6aeb6157b877874ec18424430a,2024-06,Wiltshire Police,Wiltshire Police,-2.002722,51.352855,On or near Moyne Close,E01031854,Wiltshire 026B,Suspect charged
9010c76b0b2c2ab0fa51b9a3c9d09e7dd4ed2efc3d4e145e323c820b1ca15045,2024-06,Wiltshire Police,Wiltshire Police,-2.209792,51.324297,On or near Margarets Close,E01034533,Wiltshire 031D,Investigation complete; no suspect identified
3c939941755394ceb68c06681ece7fec57be5d6fe0b6013160e80c5823e3b1f7,2024-06,Wiltshire Police,Wiltshire Police,-1.992297,51.351416,On or near Parking Area,E01031856,Wiltshire 026D,Investigation complete; no suspect identified
40da8d3621ab23a95f6f50db92dc7a2b0da07140d1fa655066024d266cd86a7c,2024-06,Wiltshire Police,Wiltshire Police,-1.742873,51.569251,On or near Mayflower Road,E01015481,Swindon 013A,Unable to prosecute suspect
f24ac838511c493e9277f119cc13fe95860f2f31e2143b482574fb13d6e4cbe8,2024-06,Wiltshire Police,Wiltshire Police,-1.771076,51.163398,On or near Loveridge Lane,E01034546,Wiltshire 048I,Investigation complete; no suspect identified
4d61d16f6edf1b0264b512683a5fb8098e9626e0e3b77226968ed9f0bc49e332,2024-06,Wiltshire Police,Wiltshire Police,-1.905372,51.536451,On or near New Road,E01031968,Wiltshire 007H,Suspect charged
9e50bf35e0bc5e51ea9c44d93a6647100afca81b46a3bcc6171585d85076f1e8,2024-06,Wiltshire Police,Wiltshire Police,-2.155279,51.199144,On or near St Georges Close,E01032104,Wiltshire 042A,Unable to prosecute suspect
3c2cb23e8f4b96ad4a8d92a2bed38133e08aa485eaed26b1b47318d02767bb0f,2024-06,Wiltshire Police,Wiltshire Police,-1.645580,51.014329,On or near Highlands Way,E01031972,Wiltshire 060C,Investigation complete; no suspect identified
de7d9c985c776c9f86ac38c65c3b44091d9c787c84480e35a97294ec028927d4,2024-06,Wiltshire Police,Wiltshire Police,-2.136848,51.330169,On or near Back Lane,E01034540,Wiltshire 037D,Investigation complete; no suspect identified
3b009067911b50be1b0de64f7fac7970b65db2f7be6037d959e7bd0bcd0ebca7,2024-06,Wiltshire Police,Wiltshire Police,-1.731447,51.544463,On or near Sedgebrook,E01015489,Swindon 023C,Investigation complete; no suspect identified
b563ff6105a7ad7d72e0f9cb2e67c47a5533e465139c8da112342112a0798927,2024-06,Wiltshire Police,Wiltshire Police,-1.801351,51.073236,On or near A36,E01032024,Wiltshire 055D,Investigation complete; no suspect identified
f0256a2f1ec8345ea7ae99a365b5a9d69203649f8f95419ee829ba365ed59995,2024-06,Wiltshire Police,Wiltshire Police,-2.065683,51.046517,On or near Park/Open Space,E01032029,Wiltshire 061B,Investigation complete; no suspect identified
1f71d9265299d11ece94e27e4d906e25c45e5020eadf156aa90846259cee9d15,2024-06,Wiltshire Police,Wiltshire Police,-1.825930,51.600954,On or near Hector Road,E01032713,Swindon 026F,Investigation complete; no suspect identified
f3674a05ac064b2bba12d7992c997e966a291744648d27e62ca232538b570a67,2024-06,Wiltshire Police,Wiltshire Police,-1.780202,51.172003,On or near Supermarket,E01031979,Wiltshire 048F,Investigation complete; no suspect identified
f8aca587076654063898666b07e137591d8bc4303604af235f8e94410d0aceb1,2024-06,Wiltshire Police,Wiltshire Police,-2.172517,51.204623,On or near Imberwood Close,E01032103,Wiltshire 044A,Investigation complete; no suspect identified
2c27783ed95670b798011ad2966d88cf102367b1edb5dfd6bd20a9e1cb9c34ef,2024-06,Wiltshire Police,Wiltshire Police,-0.972074,51.446198,On or near Dale Road,E01016374,Reading 014A,Investigation complete; no suspect identified
3134d8fb434e90729e42b8ab6fc305db91fff500b213393fe356c52248f19efd,2024-06,Wiltshire Police,Wiltshire Police,-1.783501,51.599922,On or near The Thatchers,E01033860,Swindon 028F,Suspect charged
a0598bcb8202aeb8efd1fcfc80c1910fec655d0b09680887d15bb9522b4ef5d9,2024-06,Wiltshire Police,Wiltshire Police,-1.770394,51.194958,On or near Petrol Station,E01031997,Wiltshire 046C,Investigation complete; no suspect identified
491106dac24a4f22090240618dfddfe978aa16f720b8a10d89074b97f5b57cf9,2024-06,Wiltshire Police,Wiltshire Police,-1.949098,51.616906,On or near Sambourne Road,E01031886,Wiltshire 004A,Investigation complete; no suspect identified
ee1325cb1c562261b6f2566cb2e572bda977c8d3b4f6a28251a2096e1a2eaf97,2024-06,Wiltshire Police,Wiltshire Police,-1.792310,51.561383,On or near Bathampton Street,E01033846,Swindon 015F,Investigation complete; no suspect identified
9ebb85010863a14ba1cc6f87f8b6264d04d84b92abe4d46810dae819317e51e5,2024-06,Wiltshire Police,Wiltshire Police,-1.775963,51.561964,On or near Newcastle Street,E01015493,Swindon 017B,Investigation complete; no suspect identified
88fe901615c44be847933e1010fdacd79d5a9b6b7261bf7c48099135982cede1,2024-06,Wiltshire Police,Wiltshire Police,-1.828542,51.597506,On or near Callington Road,E01032705,Swindon 026D,Investigation complete; no suspect identified
22d562573811b402100ee95be38c523a70dc6e758bccb90f63fafe5686f72547,2024-06,Wiltshire Police,Wiltshire Police,-1.785302,51.560868,On or near Shopping Area,E01015494,Swindon 019A,Investigation complete; no suspect identified
dcb37543ae62ac17d775e3986280060a454c68bd3d9a20d5deaf0e392f7d2e6a,2024-06,Wiltshire Police,Wiltshire Police,-1.870458,51.085256,On or near Water Ditchampton,E01032039,Wiltshire 054E,Investigation complete; no suspect identified
5b06c7c6979c081b890c70a2f47c310bd71c9d72a8a972689ed1f0403e9b6630,2024-06,Wiltshire Police,Wiltshire Police,-1.793105,51.523000,On or near Ely Court,E01015587,Swindon 025E,Investigation complete; no suspect identified
73359f4833b38a3a55bc122471a82bcd7a9eaa3925c5c051d94011a68d65ac7e,2024-06,Wiltshire Police,Wiltshire Police,-2.130142,51.268349,On or near Castle Road,E01032055,Wiltshire 039C,Investigation complete; no suspect identified
81ab7eacec0d9ed200b197002607c2841895627cc261be50f143c2d2f3f81295,2024-06,Wiltshire Police,Wiltshire Police,-1.797620,51.557984,On or near Birch Street,E01015477,Swindon 015C,Investigation complete; no suspect identified
e40fe849d46a3fb6dd9ce44ec963d4db4f720242e41c9333daf9070c47d32a8d,2024-06,Wiltshire Police,Wiltshire Police,-1.729689,51.517467,On or near Dewey Close,E01015588,Swindon 025F,Investigation complete; no suspect identified
f4b004927128de75ab44b9386674808baa191c4bedd484fa54b2c8b898f2d3d7,2024-06,Wiltshire Police,Wiltshire Police,-1.819325,51.555160,On or near Stratford Close,E01015570,Swindon 022E,Investigation complete; no suspect identified
2cd428ffa80ce900e145d588b3caac55c5c4347b6bc4b8ba25864326151543d5,2024-06,Wiltshire Police,Wiltshire Police,-1.790730,51.541729,On or near Supermarket,E01033848,Swindon 024F,Investigation complete; no suspect identified
9de3075fb52c4ba4453340e45ddcde90c89d725d5fb2a8e979aa5a5087d543dc,2024-06,Wiltshire Police,Wiltshire Police,-2.199214,51.310945,On or near Woodpecker Drive,E01032093,Wiltshire 035B,Unable to prosecute suspect
2d130c639ba48c913b4f1632a42286de7b36694fa77554f9a4d329620f7d8054,2024-06,Wiltshire Police,Wiltshire Police,-1.764842,51.589807,On or near Supermarket,E01015559,Swindon 005E,Formal action is not in the public interest
4de0003873165e86e4b813a914d38dc8a868d5b62c8c1b28361f34569de129ab,2024-06,Wiltshire Police,Wiltshire Police,-1.793105,51.523000,On or near Ely Court,E01015587,Swindon 025E,Investigation complete; no suspect identified
0bd2b8f662e782b04d5579c524e8f3d08e5d6f349ebd8fa00c9671b988b56ec8,2024-06,Wiltshire Police,Wiltshire Police,-1.606604,51.372795,On or near Mill Close,E01031843,Wiltshire 029A,Investigation complete; no suspect identified
cdea52f31afcb4f0092ec8cbda89057648c5df9a2153443a70e5deffe786b56b,2024-06,Wiltshire Police,Wiltshire Police,-2.128778,51.465621,On or near Sports/Recreation Area,E01031919,Wiltshire 009E,Investigation complete; no suspect identified
a1cc5d026450fa0988819fe28125e484cf4c2dcd2a7ebaf23d2ad9d14ac73860,2024-06,Wiltshire Police,Wiltshire Police,-1.830272,51.555437,On or near Beaumaris Road,E01015569,Swindon 022D,Investigation complete; no suspect identified
67f2d998b74d137719f91822f02b53c6e2b2125fb963913cf47dbc60df4710c3,2024-06,Wiltshire Police,Wiltshire Police,-1.762683,51.344136,On or near Frensham Way,E01031870,Wiltshire 024C,Investigation complete; no suspect identified
9b5d85c59dd787e187913a33ec79bc28b4d4c1a77acc579861299d10360b50f6,2024-06,Wiltshire Police,Wiltshire Police,-1.733802,51.558540,On or near Bowleymead,E01015492,Swindon 023F,Investigation complete; no suspect identified
de98d8501bd26e27f6e51a2531afde5a04ac4aed950796c34723e4caff9ad0e3,2024-06,Wiltshire Police,Wiltshire Police,-1.787984,51.551745,On or near The Marlstones,E01032707,Swindon 021F,Investigation complete; no suspect identified
f972cf3bf9b0fb6e31416a22bad3373fbf7a98abcf0b9d38a7c0b72779b1eaf6,2024-06,Wiltshire Police,Wiltshire Police,-1.726067,51.588014,On or near St Julians Close,E01015473,Swindon 008A,Investigation complete; no suspect identified
68ff87dd6ceb59eb9def3422a9d158bb76bde9e7d5d65dde6755f97174b025ff,2024-06,Wiltshire Police,Wiltshire Police,-1.895101,51.551413,On or near Old Malmesbury Road,E01031965,Wiltshire 007F,Investigation complete; no suspect identified
8c0a41ff9c097889e0bd4f16c73038d24ac25dae8fe40dfd75b770fd236bda9b,2024-06,Wiltshire Police,Wiltshire Police,-1.982426,51.557645,On or near School Hill,E01031893,Wiltshire 004C,Investigation complete; no suspect identified
6ec4f41837d4c7a20989227a81c8d15b4b644722e3398bdd523fbc6521e88346,2024-06,Wiltshire Police,Wiltshire Police,-1.982426,51.557645,On or near School Hill,E01031893,Wiltshire 004C,Investigation complete; no suspect identified
8aeb59d0908c543393df0f62d89f8ac9a024e30807bc0e0749ca7ca99dceae1a,2024-06,Wiltshire Police,Wiltshire Police,-1.982426,51.557645,On or near School Hill,E01031893,Wiltshire 004C,Investigation complete; no suspect identified
4c913ff72d5d164171684f694d89efe9116d783de54d8a307e71df6eb772d28d,2024-06,Wiltshire Police,Wiltshire Police,-2.180193,51.264156,On or near Pintail Way,E01032119,Wiltshire 064B,Investigation complete; no suspect identified
317c643bdaca040ff4981ee03ae22082f0d0541b088ed53164b22ffc73defa2d,2024-06,Wiltshire Police,Wiltshire Police,-1.794190,51.069150,On or near Queen Street,E01032022,Wiltshire 058C,Investigation complete; no suspect identified
e3440a7fdc2c6bd85d2179a20612c44f1b9f32f4c3ad05a6ef62905dd28f1f6a,2024-06,Wiltshire Police,Wiltshire Police,-2.262741,51.089447,On or near Lynch Close,E01032037,Wiltshire 050D,Investigation complete; no suspect identified
421555cf01556e176410285acca9f6fadef7866efbcc0074c88111ee4b3e1b97,2024-06,Wiltshire Police,Wiltshire Police,-1.805855,51.558205,On or near Saltash Road,E01032708,Swindon 012F,Investigation complete; no suspect identified
25523feace4ac0a99b64b0d145cb0a2936ca931b21fc219e2b944898f7d113d0,2024-06,Wiltshire Police,Wiltshire Police,-1.789957,51.561864,On or near Reading Street,E01033846,Swindon 015F,Investigation complete; no suspect identified
00cbf8413896519c1a9433f1997231ec1164f8ddbd0e4de6d6d9713aadcc2951,2024-06,Wiltshire Police,Wiltshire Police,-2.115536,51.376239,On or near Linnet Lane,E01034529,Wiltshire 021H,Investigation complete; no suspect identified
9d18c4f1a50dcef3e620c059e79481df36744f3903db09ce60a259b884eca033,2024-06,Wiltshire Police,Wiltshire Police,-2.142767,51.382593,On or near Parking Area,E01032063,Wiltshire 020A,Investigation complete; no suspect identified
333688920f78b49b988f0aa3ecfaa6231786e07b2c1225486d6da978a8b5ccc2,2024-06,Wiltshire Police,Wiltshire Police,-1.765565,51.581024,On or near Wheeler Avenue,E01015560,Swindon 005F,Investigation complete; no suspect identified
853914aa5cd70e3d9fab01411e6f5bed26c3eb191f10dbf35a979f4a35820d7d,2024-06,Wiltshire Police,Wiltshire Police,-2.224679,51.322436,On or near Cranmore Close,E01032097,Wiltshire 033B,Investigation complete; no suspect identified
56c9c17d4b9ba1d6c86951d490929010201152c05f8e4d8ed5add40d7fa1a54c,2024-06,Wiltshire Police,Wiltshire Police,-1.775270,51.091775,On or near Holmes Road,E01031984,Wiltshire 051A,Investigation complete; no suspect identified
8f38174f39987fcae38d0abc160abf5b83389a3bdf3224d33fffd7e66578a735,2024-06,Wiltshire Police,Wiltshire Police,-1.776099,51.168623,On or near Salisbury Road,E01031979,Wiltshire 048F,Unable to prosecute suspect
51adaca8a54895ecf1f303df1d1fada5f35e760f0ac6fafb9a2f1e3476665e06,2024-06,Wiltshire Police,Wiltshire Police,-1.810099,51.077243,On or near Palmer Road,E01032024,Wiltshire 055D,Investigation complete; no suspect identified
ccbda22a55694f1b2b0edf5958a370d82964b85b49cbb408b09b4503d8eaa763,2024-06,Wiltshire Police,Wiltshire Police,-1.854388,51.428474,On or near Green Street,E01031884,Wiltshire 012E,Investigation complete; no suspect identified
02ccde75080c84cfecfe2994e74ee85ad2544b6206321c25d4f34db4ff2626e5,2024-06,Wiltshire Police,Wiltshire Police,-1.828149,51.559094,On or near Shopping Area,E01015569,Swindon 022D,Suspect charged
65ec40ae19895e8a22d039dddc7ae003fe5ade0c6a51cbcf41833f64c11f5a02,2024-06,Wiltshire Police,Wiltshire Police,-1.845758,51.329951,On or near Martin's Close,E01031842,Wiltshire 038A,Investigation complete; no suspect identified
a7636fe9ae5e014ad813e21c8704a70efe0fb45342e77b2cc28e62ef0d2d053b,2024-06,Wiltshire Police,Wiltshire Police,-1.811219,51.567084,On or near Bus/Coach Station,E01015581,Swindon 012D,Investigation complete; no suspect identified
3da9c5f307ed7d40e876f0b463b7c4ff9eb35abad08b3ce86dc32c36f0b6d39c,2024-06,Wiltshire Police,Wiltshire Police,-1.730882,51.420164,On or near Supermarket,E01031863,Wiltshire 019C,Suspect charged
b6ae1175dddd3ee0ba88ef40894209765efae29dcf09dc233c29eecc17160062,2024-06,Wiltshire Police,Wiltshire Police,-1.892438,51.548974,On or near Masefield,E01031964,Wiltshire 006B,Investigation complete; no suspect identified
61a358dbaa10bd535a0e45f3eb1913ba61ce521f2a67b00e07ba30a7b83c9b98,2024-06,Wiltshire Police,Wiltshire Police,-1.762760,51.590495,On or near Gay's Place,E01015559,Swindon 005E,Suspect charged
e9d3ca7627239954fd4184f34dfa233e050db43881875c3f4adbb29e47da08be,2024-06,Wiltshire Police,Wiltshire Police,-1.784788,51.562772,On or near Parking Area,E01033845,Swindon 015E,Suspect charged
c148d6c820d438f10e17c22ec636f5e6570071c506a600fc06362b14d9b8beba,2024-06,Wiltshire Police,Wiltshire Police,-1.780357,51.560336,On or near Princes Street,E01032714,Swindon 019E,Investigation complete; no suspect identified
290143c1e3149fc7c867ff5d599a5747a4afa127b5dca9aed9a9afb270785b35,2024-06,Wiltshire Police,Wiltshire Police,-2.007959,51.325475,On or near Rookes Lane,E01031872,Wiltshire 028D,Investigation complete; no suspect identified
28f2715185e84aec2f3cad37a7875306eb8f4c95bf37e78abfbeebec9288940c,2024-06,Wiltshire Police,Wiltshire Police,-1.919450,51.080337,On or near Shaftesbury Road,E01032004,Wiltshire 054B,Investigation complete; no suspect identified
8a5efaec8958567a20343333247862ca7427875ea1f9f738ac2cceb956fc5171,2024-06,Wiltshire Police,Wiltshire Police,-2.173097,51.297895,On or near Bratton Road,E01034541,Wiltshire 037E,Unable to prosecute suspect
e36fc4a2acc88c2c2b8ff0f837700846c35a81b7894905af3006503552492436,2024-06,Wiltshire Police,Wiltshire Police,-2.209415,51.320414,On or near Shopping Area,E01034534,Wiltshire 031E,Investigation complete; no suspect identified
cb07dbe5dde53261a8c9c08fadf29ee8e7ad2bc32fe2e9c2cf2e21c8fb9da521,2024-06,Wiltshire Police,Wiltshire Police,-1.727200,51.538528,On or near Hospital,E01015547,Swindon 008C,Investigation complete; no suspect identified
ec95a9b2d458fecb60bd9f23deb04055ba5759d8ba59812ce14587f17e996ab9,2024-06,Wiltshire Police,Wiltshire Police,-1.775344,51.570514,On or near Mervyn Webb Place,E01015510,Swindon 010C,Investigation complete; no suspect identified
c4d76c7a2f1612d21abd5317e149a2bf12a0f8f9f4ee3c9b04282453009a2323,2024-06,Wiltshire Police,Wiltshire Police,-1.928720,51.615573,On or near B4696,E01031887,Wiltshire 001A,Investigation complete; no suspect identified
0422d11d0471e5e7fc2787ec18f848fb56c36e6b7271672917bee812406426cf,2024-06,Wiltshire Police,Wiltshire Police,-1.792310,51.561383,On or near Bathampton Street,E01033846,Swindon 015F,Investigation complete; no suspect identified
b6c6473eb034367b4d44f06d361f10841188a94071c1fa5dbd1cec2091c53242,2024-06,Wiltshire Police,Wiltshire Police,-1.814806,51.077979,On or near India Avenue,E01032025,Wiltshire 053D,Investigation complete; no suspect identified
6488ec585f31745c843baddc977f490459caa1e5406876de9b626615894a0bc5,2024-06,Wiltshire Police,Wiltshire Police,-1.792310,51.561383,On or near Bathampton Street,E01033846,Swindon 015F,Investigation complete; no suspect identified
14f329d99e3157375580a0aa63ff5520dcd29b9e41f3567e97b6d55eed62079c,2024-06,Wiltshire Police,Wiltshire Police,-2.177370,51.260384,On or near Hillside Park,E01032119,Wiltshire 064B,Investigation complete; no suspect identified
ec53f2bd7537f863ad54a869e6cbc96a14a30530c6bf9476eb58e67c6d7c8062,2024-06,Wiltshire Police,Wiltshire Police,-2.076940,51.064971,On or near The Avenue,E01032030,Wiltshire 061C,Investigation complete; no suspect identified
5c230d826dbb384df7a05b32bb8d456d7a86ecac5accb55d9f2feb93bce6350e,2024-06,Wiltshire Police,Wiltshire Police,-2.138768,51.471371,On or near Curlew Drive,E01031907,Wiltshire 009A,Investigation complete; no suspect identified
6d19c9eb9745b15f1faeda813e10efb754bb022c1cc213164b15b05bb7f9d16b,2024-06,Wiltshire Police,Wiltshire Police,-1.750727,51.553275,On or near Supermarket,E01015541,Swindon 020D,Suspect charged
2040f5a3024e001c3834d4e46a98f9947e699ef7b4aa4f5ed3ac93bdfda5002c,2024-06,Wiltshire Police,Wiltshire Police,-1.765570,51.166085,On or near Chambers Avenue,E01031976,Wiltshire 048C,Investigation complete; no suspect identified
65eb2f8308eee458937b2664f358fbccfa71bfd827e642aff06d1abc044e3fab,2024-06,Wiltshire Police,Wiltshire Police,-2.050085,51.317138,On or near Mill Road,E01031848,Wiltshire 028C,Investigation complete; no suspect identified
0807f1268ffb8bbc1a7f04978c50c5f4995ced44bee4809f08bd785abc366c34,2024-06,Wiltshire Police,Wiltshire Police,-1.777348,51.556176,On or near Hunt Street,E01032715,Swindon 019F,Investigation complete; no suspect identified
104d5e803b69a1b91d5e2daee4d96be837018a05ffad51a9e13bf571aae3046d,2024-06,Wiltshire Police,Wiltshire Police,-1.730882,51.420164,On or near Supermarket,E01031863,Wiltshire 019C,Investigation complete; no suspect identified
96ac9c1ef1c4d7775c029a359ebadf18fca2fcaf6ca707d339365892b567f735,2024-06,Wiltshire Police,Wiltshire Police,-1.807435,51.597446,On or near Supermarket,E01032710,Swindon 028E,Investigation complete; no suspect identified
5b3a36cbf69850213067084558312fcb3c74e3fb8bc38b132b19db215e7e3402,2024-06,Wiltshire Police,Wiltshire Police,-1.789823,51.043946,On or near Hospital,E01032000,Wiltshire 057A,Investigation complete; no suspect identified
8b16d621ff9ee46a94464c6a177d295f3dec6b3f254b5984617ce17d78168466,2024-06,Wiltshire Police,Wiltshire Police,-2.133278,51.459590,On or near Stonelea Close,E01031926,Wiltshire 010F,Investigation complete; no suspect identified
f69c927e268cd3a461052c390c8e6a1914c610b6200e333e661127ad090c71f6,2024-06,Wiltshire Police,Wiltshire Police,-2.126224,51.459166,On or near Kingham Close,E01031911,Wiltshire 011A,Investigation complete; no suspect identified
e737823d1bcd4f8ff170a584e4a12805401e1cb73974eae1c35f0f9ca27e1258,2024-06,Wiltshire Police,Wiltshire Police,-1.788781,51.560289,On or near Farnsby Street,E01033845,Swindon 015E,Further investigation is not in the public interest
d4e291372166bc0d668f08f58e583cfe45cf8f8a6ea0526e2f661bb2373ff2e3,2024-06,Wiltshire Police,Wiltshire Police,-2.260359,51.171190,On or near Church Street,E01032081,Wiltshire 047D,Investigation complete; no suspect identified
049f62026fce4df373f08e337a7955d6cafddba6071bc90fb5dd879835733112,2024-06,Wiltshire Police,Wiltshire Police,-1.751496,51.548859,On or near Trinity Close,E01015542,Swindon 020E,Investigation complete; no suspect identified
7fa72874f72046c47763f47da31182b2ae80abc5a0e0f91cb5a2e30ab3ea63f4,2024-06,Wiltshire Police,Wiltshire Police,-1.776171,51.552074,On or near Joiner Lane,E01015534,Swindon 024B,Investigation complete; no suspect identified
c353f64e50a23438ce4443df604d9628f01f25ae97a29bf8718fdb33acb433d2,2024-06,Wiltshire Police,Wiltshire Police,-1.783965,51.073628,On or near Bourne Avenue,E01032015,Wiltshire 056B,Investigation complete; no suspect identified
531ab29f043aab4d6a468fa87a4a84e39c9d4da1e2d51fd5a941a3567c7c8654,2024-06,Wiltshire Police,Wiltshire Police,-1.631757,51.242154,On or near Wouldham Close,E01034555,Wiltshire 065E,Investigation complete; no suspect identified
deeeaa61bb07e77d87880b9290fa1017acfb76a2095594be6d1986a3582ff888,2024-06,Wiltshire Police,Wiltshire Police,-2.172316,51.200550,On or near Chain Lane,E01032105,Wiltshire 042B,Investigation complete; no suspect identified
5ac91519593f44d4e0ff0cedd140a22164cbb5aed3631a267891b34d90a16b74,2024-06,Wiltshire Police,Wiltshire Police,-1.835333,51.082110,On or near Hazel Close,E01031981,Wiltshire 052B,Investigation complete; no suspect identified
8696cb259d57888cf0b7949d16bdeffa6f581f397f54f8f6b0f0c7914c1d50bc,2024-06,Wiltshire Police,Wiltshire Police,-2.172316,51.200550,On or near Chain Lane,E01032105,Wiltshire 042B,Investigation complete; no suspect identified
b6342f9537741486cf561c9dda4da316662f7d02a32f347e2b2efa0de4d13358,2024-06,Wiltshire Police,Wiltshire Police,-2.211306,51.319619,On or near Parking Area,E01034534,Wiltshire 031E,Investigation complete; no suspect identified
cd316709dbcb4d5282da1ec9f4baf7c3b06d3b5e64ace9df6b8cf45328ca9762,2024-06,Wiltshire Police,Wiltshire Police,-1.728417,51.421012,On or near The Parade,E01031863,Wiltshire 019C,Investigation complete; no suspect identified
64dacdb7d1d15fc8fd29618dec4832de1927e8ae1b1c96dcfbf75818ab9791dc,2024-06,Wiltshire Police,Wiltshire Police,-1.767870,51.561993,On or near Munro Close,E01015574,Swindon 017C,Investigation complete; no suspect identified
c7024f8563078a1a1ae43539be48a2d523371a295e05a238b31d71d6b00da6c5,2024-06,Wiltshire Police,Wiltshire Police,-2.209996,51.321977,On or near Back Street,E01034533,Wiltshire 031D,Investigation complete; no suspect identified
ff862c12453995a5084ef42f461dc368941eb7e6fabf1bc278c3c30e6ef16d9b,2024-06,Wiltshire Police,Wiltshire Police,-2.111855,51.457625,On or near St Mary Street,E01031917,Wiltshire 011D,Investigation complete; no suspect identified
f2f09cc8c9e02a2c46a5e4c1e933c9b580fcdce965599efb6269d979b1441627,2024-06,Wiltshire Police,Wiltshire Police,-2.125666,51.470910,On or near Long Ridings,E01031919,Wiltshire 009E,Investigation complete; no suspect identified
19227edf995475bca17b1f5a1ce155d03bf63e773fbb32fc6087e5c8972b1aa1,2024-06,Wiltshire Police,Wiltshire Police,-2.006066,51.442141,On or near North Street,E01031898,Wiltshire 015D,Investigation complete; no suspect identified
1939c4683aeee8f15f3d1b53ae3accf37565974fd9ec95a33e2bd7068fdc1aa1,2024-06,Wiltshire Police,Wiltshire Police,-2.138282,51.372474,On or near High Street,E01032068,Wiltshire 022D,Investigation complete; no suspect identified
0c9a49935a667a00827ed2d307ad6cf934a7b6b073da40ee0b31ba1daf2495a1,2024-06,Wiltshire Police,Wiltshire Police,-1.717057,51.418602,On or near Five Stiles Road,E01031861,Wiltshire 019A,Investigation complete; no suspect identified
642d17f552bc4464fe5eba33ae8fbf34404090c34a4afd8d8d84f10b0f62dbfa,2024-06,Wiltshire Police,Wiltshire Police,-1.822400,51.085598,On or near A360,E01031982,Wiltshire 052C,Investigation complete; no suspect identified
ddaf94897d846e49b99e32da73f399612e6f00a5ad9146e4f6030d87d0652d7e,2024-06,Wiltshire Police,Wiltshire Police,-1.895255,51.358059,On or near Matthews Close,E01031842,Wiltshire 038A,Investigation complete; no suspect identified
e4f4d08e3655bf9fd11dc1b1f629d68298b7060afec80ee7fbe46ee8d6296ae5,2024-06,Wiltshire Police,Wiltshire Police,-1.999894,51.432583,On or near Thomas Court,E01031903,Wiltshire 016D,Investigation complete; no suspect identified
71edacf35ec60df1d813645de88fe86b43b588583129f10eccc8e951c4485d36,2024-06,Wiltshire Police,Wiltshire Police,-2.193059,51.263074,On or near Newfield Close,E01032118,Wiltshire 063C,Local resolution
d9dd4b7d0c8f4ba0733c465090e70ebc9bf0bc53a94d914bf877787a4de2e36c,2024-06,Wiltshire Police,Wiltshire Police,-2.184679,51.392434,On or near Mount Pleasant,E01032043,Wiltshire 021A,Investigation complete; no suspect identified
e4c72be7f166da7d3af0b238167d8fa865d9c6cd5ddd47cd3932933810101df7,2024-06,Wiltshire Police,Wiltshire Police,-1.733390,51.416698,On or near Pewsey Road,E01031865,Wiltshire 019E,Suspect charged
77050e83b1aa3e8f4d8e4bd46525627a5a61de983cf6f052f43235a3a9a3025f,2024-06,Wiltshire Police,Wiltshire Police,-1.723876,51.556503,On or near Faraday Road,E01015491,Swindon 023E,Investigation complete; no suspect identified
b01b9b792aab5669793ba168186f31b3111d1a4151e8637e7480e85c5933658d,2024-06,Wiltshire Police,Wiltshire Police,-2.184679,51.392434,On or near Mount Pleasant,E01032043,Wiltshire 021A,Investigation complete; no suspect identified
c2a15588c9f45669c6becdbbf63164d7233fecefee02dd756653c904498cdbfb,2024-06,Wiltshire Police,Wiltshire Police,-2.184679,51.392434,On or near Mount Pleasant,E01032043,Wiltshire 021A,Investigation complete; no suspect identified
ed489c595c43e113d1b38f3dac2cd965cc2dd7e5297f5466e9ed7e433e86dbf8,2024-06,Wiltshire Police,Wiltshire Police,-1.779508,51.559885,On or near Parking Area,E01015493,Swindon 017B,Suspect charged
9f71f19bc1894f90c8a4e5fb3e8621e5cfef0ef94712da09df31daf148e03e49,2024-06,Wiltshire Police,Wiltshire Police,-2.217657,51.318492,On or near Westbourne Gardens,E01032085,Wiltshire 031A,Unable to prosecute suspect
917a41addd7b4277764ab082df06beb2036997035c59219ce6452981dd20b274,2024-06,Wiltshire Police,Wiltshire Police,-2.194615,51.203797,On or near West Street,E01032112,Wiltshire 043C,Investigation complete; no suspect identified
c5bf7e0bbc732b5b96575b6a619bfc3d76544739ea2afe73ad150f4e80de522c,2024-06,Wiltshire Police,Wiltshire Police,-2.211041,51.321445,On or near Hill Street,E01034533,Wiltshire 031D,Investigation complete; no suspect identified
96c652aafe546aa3d6b10f681fb97f84042fde5a8f9bf6e5cb68b84a182dcadf,2024-06,Wiltshire Police,Wiltshire Police,-2.135536,51.464119,On or near Patchway,E01031925,Wiltshire 010E,Investigation complete; no suspect identified
a2ce355c99a6a4320128b494b2beff2cc80dfd340413ff213541f3dbc8c74e25,2024-06,Wiltshire Police,Wiltshire Police,-1.755395,51.556097,On or near Bisley Close,E01015540,Swindon 020C,Investigation complete; no suspect identified
8357f338df7e59df0768c099f4f752fffada21528db47c0af73dba71d0d9ffc6,2024-06,Wiltshire Police,Wiltshire Police,-1.991107,51.343251,On or near Wick Lane,E01031855,Wiltshire 026C,Investigation complete; no suspect identified
759662c2ac610af74318e6a76b66cb32b646e4f44b1ecd382b6659a6547f88f8,2024-06,Wiltshire Police,Wiltshire Police,-1.816891,51.554276,On or near Markenfield,E01015568,Swindon 014D,Suspect charged
919f5d5dc6bd9e3ce5531b8fbdf61d6a73195723451406a3f1ead2c3a85b37fd,2024-06,Wiltshire Police,Wiltshire Police,-2.186724,51.432290,On or near Supermarket,E01031952,Wiltshire 018F,Investigation complete; no suspect identified
0017c2d62bb347fab6b94556a4663391f5b4d6746bf2848ed37fe407f4fc9810,2024-06,Wiltshire Police,Wiltshire Police,-1.808862,51.597570,On or near Shopping Area,E01032710,Swindon 028E,Investigation complete; no suspect identified
53bfd8e4c1b6790f9dc8502fe35d87fd91f289d15918bd0ada902d71e0caa108,2024-06,Wiltshire Police,Wiltshire Police,-1.779689,51.588010,On or near Newton Way,E01015544,Swindon 003B,Investigation complete; no suspect identified
00bb5f2c845c1fed05cdb2d7e3482b0b04cd1e2aa43def03bcb792f3dfe7a1bc,2024-06,Wiltshire Police,Wiltshire Police,-1.755597,51.556106,On or near Albany Close,E01015573,Swindon 016C,Action to be taken by another organisation
fb36d477b07607ac0f84d3f675cfa2ee62668022ec72965c60c70ebeef61631d,2024-06,Wiltshire Police,Wiltshire Police,-2.223418,51.319965,On or near Albion Drive,E01032085,Wiltshire 031A,Investigation complete; no suspect identified
f099fc1cc2d352dd7604beba4e008967dcdc59df0c37aa75a12e495c178ee402,2024-06,Wiltshire Police,Wiltshire Police,-2.114320,51.459151,On or near Parking Area,E01031912,Wiltshire 011B,Investigation complete; no suspect identified
e67a6a9150db88057dea8fa30996e75376e48cfe443c6a25e9c7455b7f0dc625,2024-06,Wiltshire Police,Wiltshire Police,-2.195471,51.429138,On or near Brakspear Drive,E01031932,Wiltshire 018B,Unable to prosecute suspect
5dac5ad04f39f2a86b1fb88d19b63189a5758636fa37c57fedb3d5a36d032469,2024-06,Wiltshire Police,Wiltshire Police,-1.780334,51.588911,On or near Stockton Road,E01015544,Swindon 003B,Investigation complete; no suspect identified
f44c0266eb61e3a66d24e1f2d97ecadfb2d3e262fed39413812c4e1295ef3373,2024-06,Wiltshire Police,Wiltshire Police,-1.740573,51.560048,On or near Tyndale Gardens,E01015538,Swindon 016A,Local resolution
7a81e27008a30a62c01c03fd3bdf2e6830fba615035f786ce9f53ae32eabeaf5,2024-06,Wiltshire Police,Wiltshire Police,-2.121235,51.602306,On or near Church Lane,E01031948,Wiltshire 002C,Investigation complete; no suspect identified
b58429fab2022f8ec1ba2f0ceeb9898048daf21bef7913ca5757234c3548a2d0,2024-06,Wiltshire Police,Wiltshire Police,-1.990934,51.345319,On or near The Breach,E01031855,Wiltshire 026C,Investigation complete; no suspect identified
985f31531e31caf90cc25f2919ee3a0699a8b21af7d169db3110b8bf53246d30,2024-06,Wiltshire Police,Wiltshire Police,-2.121827,51.353924,On or near Brabazon Way,E01032072,Wiltshire 021F,Investigation complete; no suspect identified
ac31bf3a7cb28a8ac73589eaef55b70f6a81e5caca1b64a7d203afbb6306afd6,2024-06,Wiltshire Police,Wiltshire Police,-2.218593,51.493845,On or near Westway Close,E01031951,Wiltshire 008D,Investigation complete; no suspect identified
86d42a72dc1f95d70bba7f76030a4fd0db866914cf9acb3b85292b9bae937a8a,2024-06,Wiltshire Police,Wiltshire Police,-1.830767,51.561786,On or near Carronbridge Road,E01015561,Swindon 014A,Investigation complete; no suspect identified
73eb5082e8c515dca7f8006cb775c26b3bd42d6be31fec787c913a634f7cc04d,2024-06,Wiltshire Police,Wiltshire Police,-2.118745,51.461611,On or near New Road,E01031912,Wiltshire 011B,Unable to prosecute suspect
52ac7894ab6c720c3b357ee43080a41a18cd411e14e87aa3b9b576ec6b3323d4,2024-06,Wiltshire Police,Wiltshire Police,-1.796533,51.607696,On or near Batsford Crescent,E01015471,Swindon 028A,Investigation complete; no suspect identified
3480d877be2fd472d3f245874557b78e9b31db23046b44c94f0c994e89cfc88e,2024-06,Wiltshire Police,Wiltshire Police,-1.727962,51.043303,On or near Sports/Recreation Area,E01031970,Wiltshire 060A,Investigation complete; no suspect identified
d319dd266a01d19d1298dea023cf1d4839419d9055fe0b08e03d3ff1b86998df,2024-06,Wiltshire Police,Wiltshire Police,-2.143683,51.381477,On or near Beanacre Road,E01032063,Wiltshire 020A,Further investigation is not in the public interest
d1ef5efd114d75b80ea30a5b6d88332287c8a4e7ee7af67e191fec699e1d56bb,2024-06,Wiltshire Police,Wiltshire Police,-2.210569,51.319199,On or near Supermarket,E01034534,Wiltshire 031E,Unable to prosecute suspect
41b9b7b08a173d0614c2e305a3e1f3674b8a6c7fa26b9a0799e7d2dcba369c94,2024-06,Wiltshire Police,Wiltshire Police,-2.155279,51.199144,On or near St Georges Close,E01032104,Wiltshire 042A,Unable to prosecute suspect
7820d04110db2ea701e063d1dd80384774964b7b40198d896144d262d1a2c234,2024-06,Wiltshire Police,Wiltshire Police,-1.981872,51.351550,On or near Middle Field Close,E01031851,Wiltshire 025B,Investigation complete; no suspect identified
6c668c1582c333e0227d87797818ee0130e44614d9ae00d520331a96f23bc1f2,2024-06,Wiltshire Police,Wiltshire Police,-1.785302,51.560868,On or near Shopping Area,E01015494,Swindon 019A,Unable to prosecute suspect
f8b7f0024c2c18aefcd63b75c4fedd2dd037bbba8ae93c349efb8aacc9757d80,2024-06,Wiltshire Police,Wiltshire Police,-2.003298,51.366837,On or near Conscience Lane,E01031846,Wiltshire 028B,Investigation complete; no suspect identified
aad69b83b81aed3d25b2497971d2962a7bf24c9b3c58ddf9109218f73db23a9a,2024-06,Wiltshire Police,Wiltshire Police,-2.137841,51.459711,On or near Petrol Station,E01031908,Wiltshire 010C,Investigation complete; no suspect identified
7fa29920c743dbdd8abe1caf432bb4f77bdf67c610fded737113ae3d8b0bf4b1,2024-06,Wiltshire Police,Wiltshire Police,-1.844636,51.543247,On or near M4,E01031961,Wiltshire 007E,Investigation complete; no suspect identified
2349b09e2b2336c9858b4f34e8094252574971227b8c107aef9416ba3aa5afd4,2024-06,Wiltshire Police,Wiltshire Police,-1.783422,51.561915,On or near College Street,E01032714,Swindon 019E,Investigation complete; no suspect identified
ddc200c44f2a8a36ca0c0c3b255ac009ded5772caaf4df0f5215bc50c328858b,2024-06,Wiltshire Police,Wiltshire Police,-1.760860,51.559138,On or near Dudley Road,E01015573,Swindon 016C,Investigation complete; no suspect identified
ab3b9842faf449ffb03fbc82e20017d19c2dc2b5ec41279d04bcef99ea58b2fd,2024-06,Wiltshire Police,Wiltshire Police,-2.188292,51.166561,On or near Petrol Station,E01032082,Wiltshire 047E,Investigation complete; no suspect identified
79d6ac66435f3f82893afe13763d3046b2d2406b9ece8f97badbd5d6513d0be6,2024-06,Wiltshire Police,Wiltshire Police,-1.814851,51.612860,On or near Lalique Close,E01033841,Swindon 008F,Local resolution
3d51e39d87412c0c67e5252e500706eb7c43f0d1c0bd97302d9d841360d33a7b,2024-06,Wiltshire Police,Wiltshire Police,-1.936547,51.314038,On or near Crooks Lane,E01031883,Wiltshire 034D,Investigation complete; no suspect identified
30734fa4b309459dafa92d2003e41ea899688a60edcc2afebe6044cecb5bc0ce,2024-06,Wiltshire Police,Wiltshire Police,-2.088539,51.591042,On or near Charlton Road,E01031959,Wiltshire 005C,Further investigation is not in the public interest
50e7f5f682fdc376bb32aee4f0df675827fa7dc5dabf6f8fee739a70b89cf2d6,2024-06,Wiltshire Police,Wiltshire Police,-1.658802,51.073474,On or near Livery Road,E01032041,Wiltshire 060D,Investigation complete; no suspect identified
c58ab3f2ebb4c462d5bdc42026064aa22a70519aea234655f2e52875d0915461,2024-06,Wiltshire Police,Wiltshire Police,-2.190008,51.391850,On or near Atworth Court,E01032043,Wiltshire 021A,Unable to prosecute suspect
b6bdb76ab8e8825273315a819667f10381f66c7e0e6196ed8ae7d7a6dbce20af,2024-06,Wiltshire Police,Wiltshire Police,-1.726820,51.426089,On or near Baywater,E01031861,Wiltshire 019A,Unable to prosecute suspect
23098cf9bf966d50926f88230b8b5a676124a2fd71fc49d830152cb4361f999e,2024-06,Wiltshire Police,Wiltshire Police,-1.787062,51.597842,On or near Falconer Mews,E01033860,Swindon 028F,Investigation complete; no suspect identified
7e2f69b109a5dfe85c621f85e9821b9c77c953c5d5d6598c0f4e9d745cb0c64d,2024-06,Wiltshire Police,Wiltshire Police,-2.120473,51.368825,On or near Lovage Lane,E01034530,Wiltshire 021I,Investigation complete; no suspect identified
d7711505b4144eda81fbafb625595f128e8c12697682ad0246d62698ad612931,2024-06,Wiltshire Police,Wiltshire Police,-1.762950,51.567792,On or near Wheatcroft Way,E01015479,Swindon 017A,Local resolution
f8da907324877c4191dcb8ca0b0989cfe74ff1a3267d7ca291bf754ec431c1d2,2024-06,Wiltshire Police,Wiltshire Police,-1.790509,51.068928,On or near Guilder Lane,E01032022,Wiltshire 058C,Investigation complete; no suspect identified
1196d9e5df523e112e31c2fd89a6824572c1a9c2426ba584b64b86407393514e,2024-06,Wiltshire Police,Wiltshire Police,-1.899842,51.190186,On or near Amesbury Road,E01032026,Wiltshire 045D,Investigation complete; no suspect identified
cc4fb588f9266ea1f816a5b8c0652c58ba69fd42c7a6521db67840051cf65b02,2024-06,Wiltshire Police,Wiltshire Police,-1.771760,51.337680,On or near White Horse Drive,E01031869,Wiltshire 024B,Investigation complete; no suspect identified
12c8024beb73aff5d977285f210dc51ff285ba3cf0bebcdf6318d30331e078f9,2024-06,Wiltshire Police,Wiltshire Police,-1.769396,51.588368,On or near Foxley Close,E01015555,Swindon 005A,Investigation complete; no suspect identified
3c65c93a6c5bd05835b16512562d8044c64b61135128b44592583cc696118458,2024-06,Wiltshire Police,Wiltshire Police,-2.071371,51.569663,On or near The Crescent,E01031894,Wiltshire 004D,Local resolution
3307f360832f7ed8336aff0d39ac37a1e7d83022c73af15549d1ec011c1b3e89,2024-06,Wiltshire Police,Wiltshire Police,-1.807580,51.576793,On or near Lynton Road,E01015581,Swindon 012D,Suspect charged
3307f360832f7ed8336aff0d39ac37a1e7d83022c73af15549d1ec011c1b3e89,2024-06,Wiltshire Police,Wiltshire Police,-1.807580,51.576793,On or near Lynton Road,E01015581,Swindon 012D,Suspect charged
e859113f0e1fc205a9ec4bec7edc24e236ee02954815a66f03ca81d40e2783d0,2024-06,Wiltshire Police,Wiltshire Police,-1.751080,51.577667,On or near Marshfield Way,E01015554,Swindon 009F,Action to be taken by another organisation
87e07e59d286c3defe746e3a6d0a2d327d20fd6b978c462ef769313e3c35103a,2024-06,Wiltshire Police,Wiltshire Police,-1.886280,51.118849,On or near West Street,E01032013,Wiltshire 049A,Local resolution
77401a31543da6b65e994354d109a8a9ec28592ddacb139ecab52fea3296ee78,2024-06,Wiltshire Police,Wiltshire Police,-2.142795,51.456144,On or near Supermarket,E01031909,Wiltshire 010D,Investigation complete; no suspect identified
e0d32791da842e6b8a69d432662a80c290e2c0cdb10a04de9c108f3bc69e4b72,2024-06,Wiltshire Police,Wiltshire Police,-1.758807,51.554593,On or near Queen's Drive,E01015540,Swindon 020C,Investigation complete; no suspect identified
baf3f069e46fdab80cf8d04288d65413130aa3238803cb67d661ab6f2086b2f6,2024-06,Wiltshire Police,Wiltshire Police,-1.785350,51.563016,On or near Nightclub,E01033845,Swindon 015E,Suspect charged
447e2d7e35ac154cd4d697dc062949c87faba9c604f8179835c7cadbb991df78,2024-06,Wiltshire Police,Wiltshire Police,-2.206861,51.320355,On or near Park Road,E01034534,Wiltshire 031E,Investigation complete; no suspect identified
beee0f32fe0aa634b7a7aa891d3cb8698cbd4be3af11e988ee9622a3b92c3fa7,2024-06,Wiltshire Police,Wiltshire Police,-1.798776,51.074661,On or near Kivel Court,E01032024,Wiltshire 055D,Investigation complete; no suspect identified
4e3c4557d53d12a194dfd4fc1d0792a0540c6e83b7d9e8a80653af2d6f4f9ade,2024-06,Wiltshire Police,Wiltshire Police,-2.266499,51.414441,On or near Littlemead,E01031888,Wiltshire 017A,Investigation complete; no suspect identified
5421a2fda8dd248d20f25477cb03b0250488949c2aee36a4b13ae0f953297d40,2024-06,Wiltshire Police,Wiltshire Police,-1.723736,51.546253,On or near Edale Moor,E01015490,Swindon 023D,Investigation complete; no suspect identified
13357be77be3ec07c7e52fc315b5a1cec2d0aeeeee4da47a23c6f33bf8846be7,2024-06,Wiltshire Police,Wiltshire Police,-2.131898,51.375727,On or near Hampshire Place,E01032062,Wiltshire 022A,Investigation complete; no suspect identified
407db9800f8f3320b26c6b197757ca54a01c3930bb7bea4068c2191f5d2f3e75,2024-06,Wiltshire Police,Wiltshire Police,-1.864591,51.636359,On or near Chelworth Road,E01031934,Wiltshire 001B,Investigation complete; no suspect identified
def370e0cce6293f1f1e656f726fa351ae695db9b98613b1629a08f0ee410276,2024-06,Wiltshire Police,Wiltshire Police,-1.777045,51.591458,On or near Pewsham Road,E01015544,Swindon 003B,Unable to prosecute suspect
def370e0cce6293f1f1e656f726fa351ae695db9b98613b1629a08f0ee410276,2024-06,Wiltshire Police,Wiltshire Police,-1.777045,51.591458,On or near Pewsham Road,E01015544,Swindon 003B,Unable to prosecute suspect
8a0e62913d67e5a5a9ffdad3f4b99926701f13cc09987299f17b80a9b8e4af44,2024-06,Wiltshire Police,Wiltshire Police,-2.133138,51.475820,On or near Honeysuckle Close,E01031907,Wiltshire 009A,Investigation complete; no suspect identified
6922bb3c4a69fea08a17537f5711c52db655807ab4686a788db734838bf098cc,2024-06,Wiltshire Police,Wiltshire Police,-1.813932,51.600837,On or near Spode Close,E01032702,Swindon 027B,Investigation complete; no suspect identified
fc3e30e1078f8d0184540a21670cee9474b40845d0745c8facefdab434c927ff,2024-06,Wiltshire Police,Wiltshire Police,-2.182984,51.205336,On or near High Street,E01032103,Wiltshire 044A,Investigation complete; no suspect identified
1ce213e2b921b0cf60c1c5fd4f415d3fa00d4630b07bf7613e75fb6e6a28da4b,2024-06,Wiltshire Police,Wiltshire Police,-1.766498,51.174962,On or near Annetts Close,E01031975,Wiltshire 048B,Investigation complete; no suspect identified
464eb9e30d6daa1b0a8e6ca2cab6b4c919ffdb40c6589642d561bd4b0d7ea5df,2024-06,Wiltshire Police,Wiltshire Police,-1.783482,51.558301,On or near Whitney Street,E01015496,Swindon 019C,Investigation complete; no suspect identified
069cc4ee4d02d4c1c824c088cf3d0b134374365d2b75c70c2d26080b27dded94,2024-06,Wiltshire Police,Wiltshire Police,-1.796896,51.581118,On or near Fir Tree Close,E01015529,Swindon 006C,Investigation complete; no suspect identified
2d0beb397239aebc09c52620daaa38f58e651c3b6695452f9bea0a0566835c6f,2024-06,Wiltshire Police,Wiltshire Police,-1.816891,51.554276,On or near Markenfield,E01015568,Swindon 014D,Investigation complete; no suspect identified
c9fdea1c43ccecfbd09f3e7bbf55bcf854a95e71cfcceb9552d31135809db892,2024-06,Wiltshire Police,Wiltshire Police,-2.180219,51.204710,On or near Market Place,E01032103,Wiltshire 044A,Investigation complete; no suspect identified
81ef7962b021b914b621db28849ad03ccccf8891d9d5f5d135a594c53d972a07,2024-06,Wiltshire Police,Wiltshire Police,-1.773155,51.062916,On or near Supermarket,E01032021,Wiltshire 056D,Investigation complete; no suspect identified
12951f08f59d58687f53b227fdea68f395a94cde336e1e0bf8aa541e7f771d2a,2024-06,Wiltshire Police,Wiltshire Police,-1.734509,51.130671,On or near Malvern Way,E01032032,Wiltshire 049B,Investigation complete; no suspect identified
f5179e601b9a5f60c08c24368904266efa24fec6adb52d8789e1b83a0390c551,2024-06,Wiltshire Police,Wiltshire Police,-1.786886,51.561517,On or near Queen Street,E01033845,Swindon 015E,Investigation complete; no suspect identified
d43f1fb7927d52e1d474973cc33bcc54da3854334aa747444595845c1e0d474d,2024-06,Wiltshire Police,Wiltshire Police,-2.261307,51.088407,On or near Mill Lane,E01032035,Wiltshire 050B,Investigation complete; no suspect identified
9d293e918f8850f7baaf342011ae94bc5177e54e46571ab98da4a4b0ddd5fa9b,2024-06,Wiltshire Police,Wiltshire Police,-2.212436,51.318907,On or near Parking Area,E01034534,Wiltshire 031E,Investigation complete; no suspect identified
43f559c7f6b320ca226247c3a136073f5fa8309c8f5e68ecc584f426404893f0,2024-06,Wiltshire Police,Wiltshire Police,-1.794509,51.556918,On or near Albion Street,E01015477,Swindon 015C,Investigation complete; no suspect identified
115ca6b8f59b541eee7281b2ec02571864509499cbb161df14474f95fa2a2b77,2024-06,Wiltshire Police,Wiltshire Police,-1.776317,51.063031,On or near Supermarket,E01032021,Wiltshire 056D,Investigation complete; no suspect identified
0f0b4cbdf9ccd99a68756860efd3eb5f1bf7384aeab03e54e9d43bddc15c1b45,2024-06,Wiltshire Police,Wiltshire Police,-2.114827,51.374324,On or near Goldfinch Road,E01034529,Wiltshire 021H,Investigation complete; no suspect identified
e8f990de3919c52c25013f18cff43bf091c68c90ee03b9c01817c46e79dd6953,2024-06,Wiltshire Police,Wiltshire Police,-2.197212,51.312351,On or near Mallard Close,E01032093,Wiltshire 035B,Investigation complete; no suspect identified
3b4493a3ee508be1fdcc145e95bf93e01c78aa87919f7bd5312678b89134692f,2024-06,Wiltshire Police,Wiltshire Police,-1.811544,51.062408,On or near Munks Close,E01032009,Wiltshire 058B,Investigation complete; no suspect identified
8135fc3b1ba642a95d3bf30e52368e1d449e156bbfbf15e2a676e96c4e10a942,2024-06,Wiltshire Police,Wiltshire Police,-1.998788,51.347478,On or near The Moorlands,E01031856,Wiltshire 026D,Investigation complete; no suspect identified
b80ebccd96e2c53eec7aae9faa163b2e12c7d735626f62084c03542260fc0745,2024-06,Wiltshire Police,Wiltshire Police,-1.787454,51.563379,On or near Holbrook Way,E01033845,Swindon 015E,Investigation complete; no suspect identified
507c81cbba1234b8a165bcf49c9562c624eef0ec452a00d7c610085b38b1dce3,2024-06,Wiltshire Police,Wiltshire Police,-1.782749,51.560898,On or near Edgeware Road,E01032714,Swindon 019E,Local resolution
10c640dfd31afe4f7e966604f3eda7cf6d7f971629e085b7528e90db5e0ed3bf,2024-06,Wiltshire Police,Wiltshire Police,-1.849417,51.553998,On or near Eltham Close,E01015499,Swindon 018A,Investigation complete; no suspect identified
f87f1e303639aa8d2dc0a38ea8d38fc6e1f6fe508341c8176d699f4dd7890a54,2024-06,Wiltshire Police,Wiltshire Police,-1.959976,51.066285,On or near High Street,E01032004,Wiltshire 054B,Investigation complete; no suspect identified
3ad01551a9ba580da3562dd3de6d0145c013093d6bd7cb2ef5316846e3b8ffcb,2024-06,Wiltshire Police,Wiltshire Police,-2.133138,51.475820,On or near Honeysuckle Close,E01031907,Wiltshire 009A,Investigation complete; no suspect identified
81d3b91a9ae6479c6687e66f35bef91e1dd0031a62731c2f81a08459fbd63b02,2024-06,Wiltshire Police,Wiltshire Police,-1.762927,51.176717,On or near Supermarket,E01034544,Wiltshire 048G,Investigation complete; no suspect identified
c92c01e184b33864ad886631491e43123787ac40f2ba95c3bd3ea03b8876ed67,2024-06,Wiltshire Police,Wiltshire Police,-1.619353,51.254065,On or near Lady Jane Walk,E01034555,Wiltshire 065E,Local resolution
0d55a8adbb8cb9e36333fd4989491c3c41b1896a6cf2d8e199a4b7e972b4662c,2024-06,Wiltshire Police,Wiltshire Police,-2.253344,51.172671,On or near Gentle Street,E01032081,Wiltshire 047D,Investigation complete; no suspect identified
a4a9964326bf852b8852e84aa9a979647d8a43c49f0ba9ac5c91a0f130dbcdb0,2024-06,Wiltshire Police,Wiltshire Police,-1.789344,51.070751,On or near Churchill Way East,E01032021,Wiltshire 056D,Investigation complete; no suspect identified
730e0733005cae2ab0ba9252abd88162dd0fcbdb8d28b01c12fae9ac63187d7e,2024-06,Wiltshire Police,Wiltshire Police,-1.788834,51.660973,On or near Long Row,E01033843,Swindon 008H,Investigation complete; no suspect identified
44f7c23b291839172a8a4f318e7bc266956684bae1c62a3c63c140e4fe37e1fa,2024-06,Wiltshire Police,Wiltshire Police,-1.919306,51.081128,On or near The Cleeves,E01032004,Wiltshire 054B,Investigation complete; no suspect identified
a2664e9b2a034126fa3d5d7d2aa6f13952dced35e9ac4542052ae20b60f6ae83,2024-06,Wiltshire Police,Wiltshire Police,-1.625438,51.256395,On or near Williamson Close,E01031859,Wiltshire 065B,Investigation complete; no suspect identified
8d83b959ee406f66892303619034387f3f6b1570cac8014ad4ce104b24036d4a,2024-06,Wiltshire Police,Wiltshire Police,-2.200530,51.434821,On or near Academy Drive,E01034526,Wiltshire 018H,Investigation complete; no suspect identified
0429d6c38a034801e662ac9854a1506c1c89e5542d8aa52816eee6e29ba6decc,2024-06,Wiltshire Police,Wiltshire Police,-2.214827,51.308481,On or near Pine Grove,E01032090,Wiltshire 036C,Formal action is not in the public interest
37212850ce2fbcc55cbae59ef1185e5918f8a5bc5e4c47cf62cbf5d519923e0e,2024-06,Wiltshire Police,Wiltshire Police,-2.265857,51.437515,On or near Moon Close,E01031929,Wiltshire 017D,Investigation complete; no suspect identified
a89eb6a8fef6d694f4211cc82316484a4a56230056e34a032bb7776ee5e39ff8,2024-06,Wiltshire Police,Wiltshire Police,-2.180219,51.204710,On or near Market Place,E01032103,Wiltshire 044A,Investigation complete; no suspect identified
53fc4b04da8b61c37936a353112e19a7d86351f1550b194c29e8679f7336943c,2024-06,Wiltshire Police,Wiltshire Police,-1.799303,51.071533,On or near Parking Area,E01032014,Wiltshire 056A,Local resolution
49e602359c650a72e8408d58a9db814d5bcf90ec1ee06511263224110950c524,2024-06,Wiltshire Police,Wiltshire Police,-2.162151,51.390687,On or near Corsham Road,E01032044,Wiltshire 021B,Local resolution
6ccfb2e6c9bdd051286f34601a474d1c424fb3a7cde97b8402d3d539cc7d2acb,2024-06,Wiltshire Police,Wiltshire Police,-1.796174,51.059424,On or near Ayleswade Road,E01032006,Wiltshire 059B,Investigation complete; no suspect identified
1058bb4e2696adacda8d15f42eb7b1d7bcb1c8b9310bb113aa2b73ba90b4c17f,2024-06,Wiltshire Police,Wiltshire Police,-2.020571,51.351261,On or near Mayenne Place,E01031853,Wiltshire 026A,Unable to prosecute suspect
44681b407c1fd45ae9b77c03f7455de99e3d65c67c5b776a50ff6f22a765b5ee,2024-06,Wiltshire Police,Wiltshire Police,-1.879389,51.586572,On or near Hoggs Lane,E01031955,Wiltshire 003B,Investigation complete; no suspect identified
919501403380bc6ae4e6a85a47c8d5fa1eb148b957ee88d14db9ca92d4ad4729,2024-06,Wiltshire Police,Wiltshire Police,-1.820856,51.554596,On or near Ely Close,E01015570,Swindon 022E,Investigation complete; no suspect identified
8de6db3e61537876629bcf31699fa24647c8d059d2bb5558161463f8d3d145f2,2024-06,Wiltshire Police,Wiltshire Police,-1.734967,51.576580,On or near A420,E01015551,Swindon 009C,Further investigation is not in the public interest
d13ad709ad57fdb3ea458ea19e2e704462569fc176a6ba763a9db4e3c8a30ba2,2024-06,Wiltshire Police,Wiltshire Police,-1.776396,51.570804,On or near Bright Street,E01015510,Swindon 010C,Investigation complete; no suspect identified
cdf726fdebe91fb6376b5db46227d3ab62c9f5ddb14e749a284ca4caea44342c,2024-06,Wiltshire Police,Wiltshire Police,-1.873426,51.420359,On or near Beckhampton Road,E01031884,Wiltshire 012E,Investigation complete; no suspect identified
08c8cf54414709d70ae070c72ce3aabf59850313121debf9c17187dcec1dca2d,2024-06,Wiltshire Police,Wiltshire Police,-1.992283,51.352450,On or near Monday Market Street,E01031854,Wiltshire 026B,Investigation complete; no suspect identified
264da651962a2801cd0c6bd1c2f37828be3d8ea446b77c3f6411b61b1aff66b9,2024-06,Wiltshire Police,Wiltshire Police,-1.879389,51.586572,On or near Hoggs Lane,E01031955,Wiltshire 003B,Investigation complete; no suspect identified
9aa96ad06a56b087c821775453815e2c6ef19594cb08213ea9f4a63a7771e09d,2024-06,Wiltshire Police,Wiltshire Police,-2.206861,51.320355,On or near Park Road,E01034534,Wiltshire 031E,Investigation complete; no suspect identified
e52990afe7b45c68c7b0cfb5a8c4e6519edee3bad44193c94de1efd1e091b5b2,2024-06,Wiltshire Police,Wiltshire Police,-1.778522,51.557914,On or near Durham Street,E01032714,Swindon 019E,Investigation complete; no suspect identified
b94909aa03bc24db2441535e1ff943dddc290f083cb41747cd5a8723f5266cb7,2024-06,Wiltshire Police,Wiltshire Police,-1.792533,51.056693,On or near Petrol Station,E01032005,Wiltshire 059A,Investigation complete; no suspect identified
793354989c823906b28d3c6ed92f24c29a8fdf758fe2e7ce56b21d027c933414,2024-06,Wiltshire Police,Wiltshire Police,-2.118666,51.464155,On or near Parkside,E01031920,Wiltshire 009F,Investigation complete; no suspect identified
68c7a980aad43e96bbaf60f9ea661724f05bf3ee725a211447666693880c9a8a,2024-06,Wiltshire Police,Wiltshire Police,-2.002627,51.443472,On or near Stokes Croft,E01031895,Wiltshire 015A,Investigation complete; no suspect identified
ab9d672808cf02cceaef0ce6bac0ae81779bf136fd20dd30445ba544e1de6520,2024-06,Wiltshire Police,Wiltshire Police,-1.785302,51.560868,On or near Shopping Area,E01015494,Swindon 019A,Investigation complete; no suspect identified
d6c71c4a5330929deb27eb04c1c6ea4f83b09c2b47505c870cad4759c801f3e1,2024-06,Wiltshire Police,Wiltshire Police,-2.209415,51.320414,On or near Shopping Area,E01034534,Wiltshire 031E,Investigation complete; no suspect identified
d9019050cd7d723371f49b26f34b7cc020962b2a69229a53a1bd09015976d363,2024-06,Wiltshire Police,Wiltshire Police,-2.041244,51.346598,On or near Devizes Road,E01031876,Wiltshire 028E,Investigation complete; no suspect identified
520a65c1251e3e9724a8d165ab6ed9691bb536a28fece6aa0244cd352fd275c2,2024-06,Wiltshire Police,Wiltshire Police,-2.133138,51.475820,On or near Honeysuckle Close,E01031907,Wiltshire 009A,Investigation complete; no suspect identified
57d23c23d37cb9bc7147779cb67748c9eb03a82c07f6ed385f8bacc825566a38,2024-06,Wiltshire Police,Wiltshire Police,-2.216189,51.314467,On or near Waterworks Road,E01032089,Wiltshire 036B,Investigation complete; no suspect identified
d8175ca269a83cdd486555ce1ee3131bae4af5475d40be9e1c48709c5a9c28c2,2024-06,Wiltshire Police,Wiltshire Police,-1.787454,51.563379,On or near Holbrook Way,E01033845,Swindon 015E,Investigation complete; no suspect identified
2043d6549d504fdbc6dcb199145b12d23b8e016d4eb7584fce22d32504454bc7,2024-06,Wiltshire Police,Wiltshire Police,-1.992267,51.449712,On or near Larkspur Drive,E01031895,Wiltshire 015A,Investigation complete; no suspect identified
e3460f770677e9cd729465427132b7412f2d3ee8781607ba16c644e29a72301c,2024-06,Wiltshire Police,Wiltshire Police,-1.797245,51.068913,On or near St Thomas Square,E01032022,Wiltshire 058C,Investigation complete; no suspect identified
8fa9c1db24bbeb6463da45467f162cbe689acb600266e78872c820cd9efb9ac6,2024-06,Wiltshire Police,Wiltshire Police,-1.750727,51.553275,On or near Supermarket,E01015541,Swindon 020D,Suspect charged
0e3b707bc88888ad720b586614d68f38ce09ff773a9982e75d36a98e3eea8103,2024-06,Wiltshire Police,Wiltshire Police,-1.821490,51.077198,On or near Centurion Close,E01032001,Wiltshire 055A,Investigation complete; no suspect identified
0594930986f1a96f61c0d545ffaead250cbc01b0bef4598207f2da94e4cc6b3b,2024-06,Wiltshire Police,Wiltshire Police,-1.773407,51.550999,On or near B4006,E01015534,Swindon 024B,Suspect charged
6a7031a2e4791e9c6d6e8c0e7fb917af0413ec00cabd3e23de30b16ffe6dedc2,2024-06,Wiltshire Police,Wiltshire Police,-1.806069,51.071526,On or near Windsor Road,E01032003,Wiltshire 055C,Investigation complete; no suspect identified
f2a12bab3aeb319789baa3838d92101c3a8ba2c7239181b26250a10d12d755c0,2024-06,Wiltshire Police,Wiltshire Police,-2.126224,51.459166,On or near Kingham Close,E01031911,Wiltshire 011A,Investigation complete; no suspect identified
a4dc8ae2fff4c26b43ad1500ddd32e97b01df6063d951bd29ee273ab3d74da61,2024-06,Wiltshire Police,Wiltshire Police,-1.743577,51.595418,On or near Parking Area,E01015552,Swindon 009D,Investigation complete; no suspect identified
2ea6844e274000b4fc3b1a3e04c817f3f88d67a9d6d4c62c51c257a6f500a14f,2024-06,Wiltshire Police,Wiltshire Police,-1.762534,51.561839,On or near Lennox Drive,E01015573,Swindon 016C,Investigation complete; no suspect identified
e451c05cae85fd3c2c5c4970681e63f05ac451f99972f5799a432370f0293c6f,2024-06,Wiltshire Police,Wiltshire Police,-1.701796,51.048728,On or near Long Drove,E01031971,Wiltshire 060B,Investigation complete; no suspect identified
1f196e04ad34425408caf8de0c08d71f9bb4777f0aa992fada4e9f17ca55c322,2024-06,Wiltshire Police,Wiltshire Police,-2.002540,51.433348,On or near Quarrydale Close,E01034525,Wiltshire 016F,Investigation complete; no suspect identified
28fe716c0aa5cbae72d9700c7cbaf2c94d26a390bfb18bbc8307e572b32498f6,2024-06,Wiltshire Police,Wiltshire Police,-2.000527,51.437987,On or near Vicarage Close,E01031901,Wiltshire 016B,Suspect charged
1e4cfc60dcc875e4d427cff2f4cace2341c65db33ff9f4b8b0042d02549f48a4,2024-06,Wiltshire Police,Wiltshire Police,-2.015488,51.142957,On or near Watermeadow Lane,E01032076,Wiltshire 047C,Investigation complete; no suspect identified
b4f0f586d50c7e6e0d00fbcb14cc503c9151408ffe725f8640858aeed553f387,2024-06,Wiltshire Police,Wiltshire Police,-1.779385,51.561350,On or near Parking Area,E01032714,Swindon 019E,Investigation complete; no suspect identified
3066bc719fdec66ec59b5e070a6ebc958d9bcc55ac2aafe219be9891efb58715,2024-06,Wiltshire Police,Wiltshire Police,-1.781431,51.558845,On or near Regent Circus,E01032714,Swindon 019E,Investigation complete; no suspect identified
f2cfed58bfc1debace9a373951f55a558cd35e12949724d0cc9ffebdf32cd0c5,2024-06,Wiltshire Police,Wiltshire Police,-1.873626,51.070018,On or near Upper Folly,E01032038,Wiltshire 054D,Investigation complete; no suspect identified
a947316d13806399a97c47be63815c8cb0c8382b65a4146df32e9b4cc86ef631,2024-06,Wiltshire Police,Wiltshire Police,-1.782189,51.566247,On or near Station Road,E01033845,Swindon 015E,Unable to prosecute suspect
a5d53c8ec99bc710ffa4fb30680a0382f10325bd3e9bdbddf3f5d5405e07a57a,2024-06,Wiltshire Police,Wiltshire Police,-1.808862,51.597570,On or near Shopping Area,E01032710,Swindon 028E,Investigation complete; no suspect identified
c6ed12aa0baa22a703a5d6ac562c5696faaa29e55f0aa4ca6ae12ed8e364161b,2024-06,Wiltshire Police,Wiltshire Police,-2.237018,51.191229,On or near Longcombe Drive,E01032051,Wiltshire 047A,Investigation complete; no suspect identified
dd121c01c064999883604a27fbf5725d29325a9a3f134e657fc8e5439e7ab555,2024-06,Wiltshire Police,Wiltshire Police,-1.792533,51.056693,On or near Petrol Station,E01032005,Wiltshire 059A,Investigation complete; no suspect identified
beb4df2ccb214bfe71b40478a35bf3936fc8813c8ac623fedcbe145adc11da0f,2024-06,Wiltshire Police,Wiltshire Police,-1.739101,51.567885,On or near Parking Area,E01015481,Swindon 013A,Suspect charged
beb4df2ccb214bfe71b40478a35bf3936fc8813c8ac623fedcbe145adc11da0f,2024-06,Wiltshire Police,Wiltshire Police,-1.739101,51.567885,On or near Parking Area,E01015481,Swindon 013A,Suspect charged
b8549f15866776b1df9da8b5371918ed2e8cc1c6d35b71f7c1f44aa1d523aeaa,2024-06,Wiltshire Police,Wiltshire Police,-2.237018,51.191229,On or near Longcombe Drive,E01032051,Wiltshire 047A,Investigation complete; no suspect identified
38ac31f54db2a9e26bf433eacdd1e2e0e98a94d0524a6574ffb2a840bad1972d,2024-06,Wiltshire Police,Wiltshire Police,-2.206245,51.320707,On or near Silver Street,E01034534,Wiltshire 031E,Investigation complete; no suspect identified
e1af2c06851a32c16334d9fa9ac204d43e94f16fb1e8c04e406fa9a9e2536128,2024-06,Wiltshire Police,Wiltshire Police,-2.099595,51.590476,On or near Old Railway Close,E01031948,Wiltshire 002C,Investigation complete; no suspect identified
f87d53732661235264ccb3bae57f976c4b1468bff5894d62087d1edda9dcc9ec,2024-06,Wiltshire Police,Wiltshire Police,-2.214693,51.319892,On or near Parking Area,E01032085,Wiltshire 031A,Suspect charged
d7c106bee76b18c2c3cedddd024c286ab3333010aa651121efc0f2fa2e59f779,2024-06,Wiltshire Police,Wiltshire Police,-1.788112,51.592566,On or near Rushall Close,E01015546,Swindon 003D,Investigation complete; no suspect identified
22fda5169fd0175918500d5a92f0c77887479d9dc4ee1ad55918cd5383825a7f,2024-06,Wiltshire Police,Wiltshire Police,-1.801478,51.083766,On or near Fairfield Road,E01032019,Wiltshire 053B,Unable to prosecute suspect
6cf76c6faabe090302acd087bd4d8b840703afc90b886be0d02e409cab4a377e,2024-06,Wiltshire Police,Wiltshire Police,-1.801478,51.083766,On or near Fairfield Road,E01032019,Wiltshire 053B,Unable to prosecute suspect
1cd48f2fffff4f0484ae554e6c15ba922fd4736d9fb70efddf68a2d616973c78,2024-06,Wiltshire Police,Wiltshire Police,-1.786778,51.101248,On or near Crosier Close,E01034549,Wiltshire 057F,Investigation complete; no suspect identified
64251972b503600a704b703e6092fdbea1ccbd7f121a61a6bd805206aac44843,2024-06,Wiltshire Police,Wiltshire Police,-1.871576,51.083315,On or near The Hollows,E01032039,Wiltshire 054E,Investigation complete; no suspect identified
fa72946ad885d8982ac81d7912479a26f06d25badce157478e3517e1ddb2d3e1,2024-06,Wiltshire Police,Wiltshire Police,-1.844636,51.543247,On or near M4,E01031961,Wiltshire 007E,Investigation complete; no suspect identified
f1e8b79392aec0cb8d85cf511c2bfc7b2eca0efbab1d853a3347d079f81ed311,2024-06,Wiltshire Police,Wiltshire Police,-1.734533,51.556870,On or near Stubsmead,E01015492,Swindon 023F,Local resolution
8ed97fcc3c45d8d7c0ac61b75d55f41cd2c1230a9b9b6a04f82f3ef99ceed4ad,2024-06,Wiltshire Police,Wiltshire Police,-1.775344,51.570514,On or near Mervyn Webb Place,E01015510,Swindon 010C,Investigation complete; no suspect identified
7fdaa1eec020c214518e9e0a35b88d31394ad55f1a49c0b27582c425c2bfbbbf,2024-06,Wiltshire Police,Wiltshire Police,-1.778888,51.562680,On or near Fleming Way,E01015475,Swindon 015A,Local resolution
d46ac5a960dcca326a5c98b3df1cded9fad2324ad0c052fdbe39b3c41bdc5c4b,2024-06,Wiltshire Police,Wiltshire Police,-1.992211,51.349653,On or near Bridewell Street,E01031856,Wiltshire 026D,Investigation complete; no suspect identified
107f177de790bf93846aac18059183d5bad292e2f664141fe8acdb6259ee1e06,2024-06,Wiltshire Police,Wiltshire Police,-2.213345,51.310758,On or near Supermarket,E01032095,Wiltshire 035D,Investigation complete; no suspect identified
6b9a87d31fc1c8055026999b6259ea2878f8da8c778428b299bc43311c066aa2,2024-06,Wiltshire Police,Wiltshire Police,-1.792310,51.561383,On or near Bathampton Street,E01033846,Swindon 015F,Investigation complete; no suspect identified
1a1d10db5ee1b0fb7c168794ce00f2e87e2a1a6792a39f83f6162fb9a08aa27c,2024-06,Wiltshire Police,Wiltshire Police,-2.114852,51.458611,On or near Chapel Lane,E01031912,Wiltshire 011B,Investigation complete; no suspect identified
d26872629ecb43c7797528cd8feccc8c0d98637f4a716c50ed3dd8cf6c3f7787,2024-06,Wiltshire Police,Wiltshire Police,-1.836489,51.559241,On or near Marney Road,E01015505,Swindon 018D,Investigation complete; no suspect identified
5915fcdb647fe0ccba7020ff64f1c8493696d6247abacf807385371e1f4bc46c,2024-06,Wiltshire Police,Wiltshire Police,-1.986811,51.353178,On or near Estcourt Crescent,E01031850,Wiltshire 025A,Investigation complete; no suspect identified
fbf86f08f71a73290a8a71e137c761bb47968c214924739b3c57dc7159edd568,2024-06,Wiltshire Police,Wiltshire Police,-2.183374,51.202628,On or near Weymouth Street,E01032106,Wiltshire 044B,Further investigation is not in the public interest
39afff886b1ad94b943fa19cc08d6430dd1c52bc9238f0a652fcc0f0ac72bfcd,2024-06,Wiltshire Police,Wiltshire Police,-1.617905,51.257522,On or near Recreation Road,E01031859,Wiltshire 065B,Investigation complete; no suspect identified
1d0a0171fae076b693e674d65024de58d96b92bb8b8343b4216e3f583d27c6c9,2024-06,Wiltshire Police,Wiltshire Police,-2.182984,51.205336,On or near High Street,E01032103,Wiltshire 044A,Investigation complete; no suspect identified
c202e3c4ccabcae3058e819cb803130b1efb4a7ced1edba448e2e484d656f3c9,2024-06,Wiltshire Police,Wiltshire Police,-1.821868,51.075310,On or near Wilton Road,E01032001,Wiltshire 055A,Investigation complete; no suspect identified
28507fc6606e9ed1289970babc6f1b73c1b83ab539adf064c54fe35b2ae6a9b3,2024-06,Wiltshire Police,Wiltshire Police,-1.778273,51.555738,On or near Victoria Road,E01032715,Swindon 019F,Suspect charged
2091fb14c732110ce44e13eb06a6e6082ef0d17e4210340f93ca504d09138f83,2024-06,Wiltshire Police,Wiltshire Police,-1.778273,51.555738,On or near Victoria Road,E01032715,Swindon 019F,Suspect charged
146d7763c45869f3151efc4567ef1d703abeb909e4b677309293e856df624a52,2024-06,Wiltshire Police,Wiltshire Police,-2.128908,51.471895,On or near Church View,E01031919,Wiltshire 009E,Investigation complete; no suspect identified
6e50070267418661822a040c7cb63711e9fdb725e77f5aeba4afd9cacbf7f65e,2024-06,Wiltshire Police,Wiltshire Police,-1.729853,51.548272,On or near Grundys,E01015488,Swindon 023B,Investigation complete; no suspect identified
415a1a2992c546da1998af7c25e4a99d959365c8821a073215e4904a97da47e5,2024-06,Wiltshire Police,Wiltshire Police,-2.214201,51.315846,On or near Wesley Road,E01032089,Wiltshire 036B,Investigation complete; no suspect identified
0c1b0912984bcffaa8411a506c12b146dbe2d4fa258222dde6776e5ef5f807d8,2024-06,Wiltshire Police,Wiltshire Police,-1.824625,51.561076,On or near Langstone Way,E01015567,Swindon 014C,Investigation complete; no suspect identified
9829c0678d4448bfef549dfc13c2b7a835d8cff30a58e5de2b4a270877dbc3b9,2024-06,Wiltshire Police,Wiltshire Police,-2.202339,51.332970,On or near Kennet Way,E01032087,Wiltshire 031C,Investigation complete; no suspect identified
48afff603a4d8ebdcc65347ab6aa70a40512af530a8bf6abc73418817c2ec378,2024-06,Wiltshire Police,Wiltshire Police,-1.797951,51.191988,On or near Goodbody Road,E01034543,Wiltshire 045H,Action to be taken by another organisation
f74f8a8472bae7260d7a10b71bbc96edb7839036067c2a6a1e483053f59c22f3,2024-06,Wiltshire Police,Wiltshire Police,-1.791387,51.080008,On or near Dorset Road,E01032017,Wiltshire 051D,Local resolution
6fcd9577b28bd1499a4bf7b2c23b3d8f5a3632e137e684a63bb6c05b1cca96e6,2024-06,Wiltshire Police,Wiltshire Police,-1.799024,51.070184,On or near Supermarket,E01032014,Wiltshire 056A,Investigation complete; no suspect identified
230a871fe8aced5efede502368973283034c35f1fb2adfa721ffe78248bdce05,2024-06,Wiltshire Police,Wiltshire Police,-2.129560,51.478386,On or near Petrol Station,E01034523,Wiltshire 013F,Unable to prosecute suspect
28de5d518eda5f137e67c28f8e11fb78e39a94ab0638dfa5429fcd1be2088e97,2024-06,Wiltshire Police,Wiltshire Police,-1.752698,51.577365,On or near Swindon Road,E01015549,Swindon 009A,Investigation complete; no suspect identified
0fb1b0f7c9c70e83722b5d5a49fca4365d6bde2db559e1d242782c4bc98efae9,2024-06,Wiltshire Police,Wiltshire Police,-2.194452,51.321348,On or near Barn Glebe,E01032100,Wiltshire 032B,Investigation complete; no suspect identified
f0edbf7ebd1476e4bad7eda475283f16cb3782419fea1284933e7a73342dd8a1,2024-06,Wiltshire Police,Wiltshire Police,-1.841580,51.551353,On or near Ashburnham Close,E01015500,Swindon 018B,Suspect charged
80e94fe6c2ea2dfdb54b307d2641a6be341ab13fe071d90e0ea226703029fcb1,2024-06,Wiltshire Police,Wiltshire Police,-2.129560,51.478386,On or near Petrol Station,E01034523,Wiltshire 013F,Unable to prosecute suspect
25dbf68de8f1abbbd32f9302fa60e1966ff495c4da216edc1a7eac0760ef3fd4,2024-06,Wiltshire Police,Wiltshire Police,-1.746546,51.588573,On or near St Quentin Close,E01015552,Swindon 009D,Action to be taken by another organisation
28c24d5274e50543c8d25c32f4c0f5adfca7e88038e6c1ab8e3b2d88c907a778,2024-06,Wiltshire Police,Wiltshire Police,-2.250613,51.346580,On or near Parking Area,E01034532,Wiltshire 027H,Investigation complete; no suspect identified
569c97f98cd6ec6a9ddfed925a6e1c4b5da537d3824ed4df74fe4be9098d9fd7,2024-06,Wiltshire Police,Wiltshire Police,-1.782749,51.560898,On or near Edgeware Road,E01032714,Swindon 019E,Investigation complete; no suspect identified
fe0d06bcd0325173cb5b7efdd8536d508d465029c8313c1087bd800a23ae726a,2024-06,Wiltshire Police,Wiltshire Police,-1.806032,51.073415,On or near The Hardings,E01032003,Wiltshire 055C,Investigation complete; no suspect identified
d6b2d5071cfc20ed6536843ef2fe4dcf4e8ef312497d873ae1264397d697d899,2024-06,Wiltshire Police,Wiltshire Police,-1.806032,51.073415,On or near The Hardings,E01032003,Wiltshire 055C,Investigation complete; no suspect identified
8e4d848b600761c1fd75687b1104168782b81d54a1aef0b233d68063bbd1e1d6,2024-06,Wiltshire Police,Wiltshire Police,-2.210130,51.304119,On or near Clydesdale Close,E01032092,Wiltshire 035A,Investigation complete; no suspect identified
a0d8502f822afb0b6d040b4a42c8ed68bd31cd4a502e03f214b4ee350d385325,2024-06,Wiltshire Police,Wiltshire Police,-1.830267,51.089404,On or near Grace Close,E01031980,Wiltshire 052A,Investigation complete; no suspect identified
b3649541cffd0d71d731713de22a021f5907f6048969ef270509531afce32ed1,2024-06,Wiltshire Police,Wiltshire Police,-1.806032,51.073415,On or near The Hardings,E01032003,Wiltshire 055C,Investigation complete; no suspect identified
3a65db7ed013183866ae14e1b14a456ee69cecc6d2660c21109f43cef120fdcc,2024-06,Wiltshire Police,Wiltshire Police,-1.987561,51.286207,On or near Park Road,E01031858,Wiltshire 034C,Further investigation is not in the public interest
82a451f8670a9904e731b0397d6e9e993081b18a181cdfb2ab9a3db66b939d7a,2024-06,Wiltshire Police,Wiltshire Police,-1.806032,51.073415,On or near The Hardings,E01032003,Wiltshire 055C,Investigation complete; no suspect identified
19b5a4f9ca92e9008b86fae7d0bc4522407923456c877e1001b6b412404c7039,2024-06,Wiltshire Police,Wiltshire Police,-1.736631,51.558322,On or near Islandsmead,E01015492,Swindon 023F,Investigation complete; no suspect identified
5efaee8dd8f9fd022c14db47e59359aec0579b129e1dc3b4cd0f23c704e7fddf,2024-06,Wiltshire Police,Wiltshire Police,-1.826181,51.557661,On or near The Forum,E01015567,Swindon 014C,Investigation complete; no suspect identified
6198925b1f8f00d427edf98d41d103aafdcd51ea8b954f3abcd5e0bd7249bdab,2024-06,Wiltshire Police,Wiltshire Police,-1.826181,51.557661,On or near The Forum,E01015567,Swindon 014C,Investigation complete; no suspect identified
c4270fd5d19f1ac37c20f9047d0c1fb8db4e035eda79eb5d2a1300b212c8c4e1,2024-06,Wiltshire Police,Wiltshire Police,-1.784024,51.553554,On or near Lansdown Road,E01015497,Swindon 019D,Local resolution
7214fa3e7fdab1c8a7999c71483efe5e94ae2399787764f3b6cfa536fa6a3645,2024-06,Wiltshire Police,Wiltshire Police,-2.110183,51.450407,On or near Humbolts Hold,E01031924,Wiltshire 014E,Investigation complete; no suspect identified
d746bace7e187e692d1b61447bdde2bb7cfe890d76fa404f5f51df2a1da2d151,2024-06,Wiltshire Police,Wiltshire Police,-1.796302,51.069154,On or near Minster Street,E01032022,Wiltshire 058C,Investigation complete; no suspect identified
9f102540e9dc494bbc4b6d95106391d8d7d832ec9632b324ca100856e7306046,2024-06,Wiltshire Police,Wiltshire Police,-2.083533,51.576875,On or near Cole Close,E01031959,Wiltshire 005C,Investigation complete; no suspect identified
ede235251fb1395fb28f29eff757388517d222b2d3685ecd26366f35fbb08f16,2024-06,Wiltshire Police,Wiltshire Police,-1.749478,50.986595,On or near Avondyke,E01031993,Wiltshire 062C,Investigation complete; no suspect identified
2734b29ac0f98ad67ee78f787a649c22b0e29a467c7f19d48baeafa0a0ecb993,2024-06,Wiltshire Police,Wiltshire Police,-2.190427,51.201799,On or near West Parade,E01032113,Wiltshire 043D,Investigation complete; no suspect identified
b088118440bed3de08a61f257776cafedcc4921da05bef0a6877ced52f5664f9,2024-06,Wiltshire Police,Wiltshire Police,-1.780357,51.560336,On or near Princes Street,E01032714,Swindon 019E,Investigation complete; no suspect identified
54a5b0ea4019423c128b119b8a1924be2fd3e2d1618f57ab39a100f3ae89f433,2024-06,Wiltshire Police,Wiltshire Police,-2.107354,51.459158,On or near Brake Mead,E01031918,Wiltshire 011E,Investigation complete; no suspect identified
ccf07c6439136eff13902ae8f8b2d88ed50d9471222b64a931a471376a820a5b,2024-06,Wiltshire Police,Wiltshire Police,-1.797004,51.075027,On or near Hamilton Road,E01032014,Wiltshire 056A,Suspect charged
d1120e5004f5cb02fd9e8479351f85be6cb3b4416873367f795383c9f85b5236,2024-06,Wiltshire Police,Wiltshire Police,-1.781431,51.558845,On or near Regent Circus,E01032714,Swindon 019E,Local resolution
18f021876d8bdb4345cdfc1ad1fb2a7f18151f2c8c9cedc7be9d42251a508aa4,2024-06,Wiltshire Police,Wiltshire Police,-1.788272,51.582955,On or near Pinetree Rise,E01015527,Swindon 007C,Investigation complete; no suspect identified
8d0a4dd189f64d40dfdc1bc8f763611ed8f694dc106e37ea73ed55a86be721d6,2024-06,Wiltshire Police,Wiltshire Police,-1.779385,51.561350,On or near Parking Area,E01032714,Swindon 019E,Suspect charged
96fe98d9765660080eaa431c063efdad458673376a558c5f67034a32d0f82382,2024-06,Wiltshire Police,Wiltshire Police,-1.774912,51.062514,On or near Bourne Way,E01032021,Wiltshire 056D,Suspect charged
96fe98d9765660080eaa431c063efdad458673376a558c5f67034a32d0f82382,2024-06,Wiltshire Police,Wiltshire Police,-1.774912,51.062514,On or near Bourne Way,E01032021,Wiltshire 056D,Suspect charged
e9698cd61aa153901936118d0d49397b4a81c7680167fed887133b0c910292ba,2024-06,Wiltshire Police,Wiltshire Police,-1.806032,51.073415,On or near The Hardings,E01032003,Wiltshire 055C,Investigation complete; no suspect identified
dd59679c440063df3a40e9c7ff0266c6b7ea684b13009ae8eb24a191516ddc83,2024-06,Wiltshire Police,Wiltshire Police,-2.169990,51.496830,On or near Cromhall Lane,E01031940,Wiltshire 008B,Investigation complete; no suspect identified
8f08bb7e19ef9f18dad591cee5eebd6e5cd730e1c630c8dfd38885e2c6f48ab1,2024-06,Wiltshire Police,Wiltshire Police,-2.124953,51.376520,On or near Supermarket,E01032065,Wiltshire 020C,Investigation complete; no suspect identified
6b8fac3b4fd655aa14f8dae002b6e3470b333f63ea9ac94e081e7ad127dc6c53,2024-06,Wiltshire Police,Wiltshire Police,-2.211041,51.321445,On or near Hill Street,E01034533,Wiltshire 031D,Investigation complete; no suspect identified
51f1e26e38b22406fc44fe2b6cd84f288c32b7a60244c94ce7861b2a8e12a770,2024-06,Wiltshire Police,Wiltshire Police,-1.806639,51.563862,On or near Drew Street,E01015579,Swindon 012C,Investigation complete; no suspect identified
ec0647897c65df45dbb1f337bee586c45d9f4ac47e3d0dfaed58e12168d35551,2024-06,Wiltshire Police,Wiltshire Police,-1.826209,51.565529,On or near Dennis Street,E01015561,Swindon 014A,Investigation complete; no suspect identified
57ff53180ad63570e520d0773a9796dfebdac91867f65f228ae807af342c524b,2024-06,Wiltshire Police,Wiltshire Police,-2.197318,51.270341,On or near Paxman's Road,E01034552,Wiltshire 063B,Investigation complete; no suspect identified
35129179f9d8073527bc4d996c02d5cb38f5e165f8d70c3b7af96d1c8244a227,2024-06,Wiltshire Police,Wiltshire Police,-1.741812,50.994555,On or near Barford Lane,E01031995,Wiltshire 062E,Investigation complete; no suspect identified
376b32baef3919b144a1a786dfb924b29337bcaf9372261c4e79d85d81484923,2024-06,Wiltshire Police,Wiltshire Police,-2.145069,51.451582,On or near Huntingdon Way,E01031906,Wiltshire 010B,Investigation complete; no suspect identified
2f25d8cc33750a266dc2dcc15b8a4cf5fe405922e173d11f91b9934feb36bb16,2024-06,Wiltshire Police,Wiltshire Police,-1.821488,51.559057,On or near Moresby Close,E01015568,Swindon 014D,Investigation complete; no suspect identified
007a6190976c95e60ccdc46e8f59baf266d07f3eec0b97245d3ba2aa0c8a3571,2024-06,Wiltshire Police,Wiltshire Police,-1.825047,51.083929,On or near St Michael's Road,E01031983,Wiltshire 052D,Unable to prosecute suspect
395604af426596024d40bbf35f1b23c4d5da9fe263128c60d063a898705e8487,2024-06,Wiltshire Police,Wiltshire Police,-1.986811,51.353178,On or near Estcourt Crescent,E01031850,Wiltshire 025A,Unable to prosecute suspect
e9d28461ed7f7420b989591372f6671db016aad1718c7739e16eb666ef3c72d5,2024-06,Wiltshire Police,Wiltshire Police,-2.167523,51.200998,On or near Houghton Close,E01032105,Wiltshire 042B,Unable to prosecute suspect
b31535849d56a7763a91aa436ccb205c823c1dc1b4f6b36ad5735e043ce88ef1,2024-06,Wiltshire Police,Wiltshire Police,-1.840579,51.577786,On or near Eaton Wood,E01015563,Swindon 011B,Investigation complete; no suspect identified
0b941c530304a526b51d97d224d1c4abe3c56745e6cff448e22509a7b3a37997,2024-06,Wiltshire Police,Wiltshire Police,-1.754246,51.552561,On or near Knowsley Road,E01015542,Swindon 020E,Unable to prosecute suspect
6bb883449dc5d8f4a699a6f09c781fbb4a3fdd2c5e4df9dcb95b3124949c4d4e,2024-06,Wiltshire Police,Wiltshire Police,-1.726726,51.415227,On or near Upper Church Fields,E01031865,Wiltshire 019E,Investigation complete; no suspect identified
5f645d9f2794b4410b154a40d314421ae26b6e3fc5c8d2faa5fb3da7be641823,2024-06,Wiltshire Police,Wiltshire Police,-1.805548,51.083287,On or near Capulet Road,E01032018,Wiltshire 053A,Investigation complete; no suspect identified
48ce8bd9604ef05e01b52b8639c4f6c63fceab1bd44e5f2af69331425635a995,2024-06,Wiltshire Police,Wiltshire Police,-1.796302,51.069154,On or near Minster Street,E01032022,Wiltshire 058C,Investigation complete; no suspect identified
e1c3fade7845ae0b67d23334b123c936cbe2d610e41545a7ff22790c8cd7bb49,2024-06,Wiltshire Police,Wiltshire Police,-1.906993,51.505009,On or near Parking Area,E01031944,Wiltshire 007B,Investigation complete; no suspect identified
8df236ac5db76020b6b933b2e004983a5f38f7b96b1f2ea3ab08e13b13b7e1f9,2024-06,Wiltshire Police,Wiltshire Police,-2.124518,51.467099,On or near East Yewstock Crescent,E01031919,Wiltshire 009E,Investigation complete; no suspect identified
ee7315bea244c5487ef439ef666489e535fa3d28613b8bca53316a7d684b794b,2024-06,Wiltshire Police,Wiltshire Police,-1.798292,51.604875,On or near Gilman Close,E01033861,Swindon 028G,Investigation complete; no suspect identified
3441e6c5fadccc86a0a706b952decbb284bc702ebeb46a306a4115baf63adb11,2024-06,Wiltshire Police,Wiltshire Police,-2.241693,51.552820,On or near Hollis Gardens,E01031957,Wiltshire 005A,Investigation complete; no suspect identified
ebd2ac6810f8f4f0e61aee367a3f3ade765ef81b0155cc977e6495ab309b6f35,2024-06,Wiltshire Police,Wiltshire Police,-2.180124,51.261171,On or near Bitham Mill,E01032119,Wiltshire 064B,Investigation complete; no suspect identified
6b7fb0fb9fd51224a9770b738da0c2152eab8c0c7fe98b9b09c1fa8af26f5a1a,2024-06,Wiltshire Police,Wiltshire Police,-1.786438,51.580164,On or near Doris Archer Court,E01015507,Swindon 007B,Investigation complete; no suspect identified
1951d6a10fb6903e82cb569a7027a8ce23a1ff374a7761f641c11754f999c7c8,2024-06,Wiltshire Police,Wiltshire Police,-1.719055,51.580463,On or near Petrol Station,E01015473,Swindon 008A,Suspect charged
6da7fee745b9f494c7a43daee39ddac8b32388dd695099771eaac06d7850b38b,2024-06,Wiltshire Police,Wiltshire Police,-1.719055,51.580463,On or near Petrol Station,E01015473,Swindon 008A,Suspect charged
251d9666a765d719b0f030d795b8bbf9faef2e27dcab93eafb2a4145f286799a,2024-06,Wiltshire Police,Wiltshire Police,-1.719055,51.580463,On or near Petrol Station,E01015473,Swindon 008A,Unable to prosecute suspect
21f64a53cb1b9b7b17a44b5cff6345b3891c9b75b4905ecc972b8a2950b7e38d,2024-06,Wiltshire Police,Wiltshire Police,-1.780223,51.585161,On or near Orchid Close,E01015506,Swindon 007A,Local resolution
25a5b978fdd48da8d37b67c2f400afe397db1f65a4d64bf572e0701921d4ba3b,2024-06,Wiltshire Police,Wiltshire Police,-1.669105,51.235845,On or near Lowa Road,E01031879,Wiltshire 066A,Investigation complete; no suspect identified
d698505b6e58aabea2ce43f4a24cbf1b245525a4b6405b00d2b7cbc949830f89,2024-06,Wiltshire Police,Wiltshire Police,-1.806078,51.076229,On or near Westminster Road,E01032024,Wiltshire 055D,Investigation complete; no suspect identified
40afab55690d0e5f8e529baa94d29c40ed1da3f76a16f3eb2a99f6c6276814b3,2024-06,Wiltshire Police,Wiltshire Police,-1.972283,51.513486,On or near Petrol Station,E01032699,Wiltshire 007I,Investigation complete; no suspect identified
6a2ea48f1fa5c473c9809313cf2eefb50360f55be479beea538cce2173d9f880,2024-06,Wiltshire Police,Wiltshire Police,-1.785627,51.571459,On or near St Marys Grove,E01015511,Swindon 010D,Investigation complete; no suspect identified
3d03ae4167a487d18f25e92a0723d7f9422d2869ac112a2b8f66b13b3bc197b9,2024-06,Wiltshire Police,Wiltshire Police,-1.742050,51.584670,On or near Warner Close,E01015553,Swindon 009E,Investigation complete; no suspect identified
f4af66c660fb109f24f4d69c5d1a0c3ff2ef8428dc0c457cffeedc8e3418ecc4,2024-06,Wiltshire Police,Wiltshire Police,-2.000368,51.442915,On or near Ernle Road,E01031895,Wiltshire 015A,Investigation complete; no suspect identified
70450416b2c4d32873784582685103226f5fb82f887597f56c72f9cce324ebf3,2024-06,Wiltshire Police,Wiltshire Police,-2.214201,51.315846,On or near Wesley Road,E01032089,Wiltshire 036B,Investigation complete; no suspect identified
9b0a8b37d2d9e1e1b4b727a4b16d81d7c5a6f90f01dfcdc4086c0566b5b98d4a,2024-06,Wiltshire Police,Wiltshire Police,-1.784788,51.562772,On or near Parking Area,E01033845,Swindon 015E,Suspect charged
d6966501aad3c36acbe399f93a2f21af3c54496bf8e26994bbf5983f53257e36,2024-06,Wiltshire Police,Wiltshire Police,-1.976422,51.025797,On or near High Lane,E01031990,Wiltshire 054A,Investigation complete; no suspect identified
15e5e5de20890e34c5c54be573e95dc56661287a2180669e62f4d7deef43188a,2024-06,Wiltshire Police,Wiltshire Police,-1.798637,51.582461,On or near Supermarket,E01015529,Swindon 006C,Investigation complete; no suspect identified
d5d247eb9eff24f6313490d4582b13c5de7882e191c9f21df1b83a79bb314cdf,2024-06,Wiltshire Police,Wiltshire Police,-2.129560,51.478386,On or near Petrol Station,E01034523,Wiltshire 013F,Investigation complete; no suspect identified
5fd1b53e3b8facaf45438d7c8f66b50fd8a0ce6fa1c992ca673049160941e973,2024-06,Wiltshire Police,Wiltshire Police,-1.995557,51.352612,On or near Parking Area,E01031854,Wiltshire 026B,Investigation complete; no suspect identified
666b79d88ef9a065c72d4b2de7ef9a3e4a2198335fabc1ed035236cf568d7bf2,2024-06,Wiltshire Police,Wiltshire Police,-1.800193,51.077002,On or near Theatre/Concert Hall,E01032024,Wiltshire 055D,Investigation complete; no suspect identified
9ef54899a539074f49d77b4dcbaba555ee627fe96cb2de751c853fd3bd264453,2024-06,Wiltshire Police,Wiltshire Police,-1.729273,51.422273,On or near Silverless Street,E01031863,Wiltshire 019C,Investigation complete; no suspect identified
235ae34668e52c75ed4161be5eefea5721ba075e9b8ae82bde9839eab97ac6e6,2024-06,Wiltshire Police,Wiltshire Police,-1.783422,51.561915,On or near College Street,E01032714,Swindon 019E,Investigation complete; no suspect identified
8f7c2687a04519c28820994b1e58f2caf04b959b7a2af76dba483f79d8c7ebe1,2024-06,Wiltshire Police,Wiltshire Police,-2.154847,51.534211,On or near Gardners Drive,E01031960,Wiltshire 005D,Investigation complete; no suspect identified
ef4e663e4bb4791d25247a1307e679537a26cdb225ef6d65e26a42229cf13c26,2024-06,Wiltshire Police,Wiltshire Police,-2.118597,51.459992,On or near Foghamshire,E01031912,Wiltshire 011B,Investigation complete; no suspect identified
5c79b4d4cb6f83951b0a079561cb113483153ebe848c2af8646c346f186500da,2024-06,Wiltshire Police,Wiltshire Police,-2.186593,51.202362,On or near Sambourne Road,E01032114,Wiltshire 044D,Investigation complete; no suspect identified
9cf8182a72bb9fbcf81a0f9fabdfdcc76cc3482f821258c3702fef2c40fa0ff3,2024-06,Wiltshire Police,Wiltshire Police,-2.189336,51.260239,On or near Abbotts Court,E01032117,Wiltshire 063D,Investigation complete; no suspect identified
f932febde4b7d48d1f394e0795fc84451093f64eb98ebacb62cb19381a49241f,2024-06,Wiltshire Police,Wiltshire Police,-2.118597,51.459992,On or near Foghamshire,E01031912,Wiltshire 011B,Investigation complete; no suspect identified
4b1e6ff1da097450d5d3247c8b8f4a18e2c38a6e94ccebe712c66e03169bdc5a,2024-06,Wiltshire Police,Wiltshire Police,-2.118597,51.459992,On or near Foghamshire,E01031912,Wiltshire 011B,Investigation complete; no suspect identified
df0a6f8d8b719cd7b9474fee04c6faa25837b20fa32c8895863b2e30fa9a46b1,2024-06,Wiltshire Police,Wiltshire Police,-1.763055,51.204817,On or near Milston Road,E01032696,Wiltshire 045F,Investigation complete; no suspect identified
37ffb759659ad33fb14b08aa615eac49be6a5e98921f226a59797b3410c5f1b5,2024-06,Wiltshire Police,Wiltshire Police,-1.677310,51.209666,On or near Bulford Road,E01023197,Test Valley 007C,Investigation complete; no suspect identified
feb348e8d369c059c421b8f827d2276da0b96ebd5ca27f672b21a568748d03d0,2024-06,Wiltshire Police,Wiltshire Police,-2.097170,51.583869,On or near Oxford Street,E01031949,Wiltshire 002D,Investigation complete; no suspect identified
4977b9715ad68706080bb19a8dc9461cdf0eb4aa829295ca3e78917db40a1370,2024-06,Wiltshire Police,Wiltshire Police,-1.796099,51.588489,On or near Trent Road,E01015517,Swindon 004E,Investigation complete; no suspect identified
80164e48519924f8a70b9deee0b77f2ca91db2928764edbeb5ceb50f594dbaae,2024-06,Wiltshire Police,Wiltshire Police,-1.712111,51.280792,On or near West View Road,E01031849,Wiltshire 029C,Investigation complete; no suspect identified
24991baef2c022ba0a210d14e187c286b031da6bb0508e5770fdf321abe40657,2024-06,Wiltshire Police,Wiltshire Police,-2.183374,51.202628,On or near Weymouth Street,E01032106,Wiltshire 044B,Investigation complete; no suspect identified
74ded06ed4f1125d19ca3708c1e9c3b0b77f5fbbc1eb7d797cd5c6523a5b062d,2024-06,Wiltshire Police,Wiltshire Police,-2.127924,51.362226,On or near Pathfinder Way,E01034530,Wiltshire 021I,Investigation complete; no suspect identified
88d9479794172c192a08fc241077dd9abdf91b80128a1930b7237bd480bf4d20,2024-06,Wiltshire Police,Wiltshire Police,-1.788850,51.564083,On or near Parking Area,E01015477,Swindon 015C,Investigation complete; no suspect identified
9d9acc0750a1e268f19c107417747fe7c86db9aca971af3b06be59cfd8922e25,2024-06,Wiltshire Police,Wiltshire Police,-2.112524,51.471822,On or near Heathfield,E01031914,Wiltshire 009C,Investigation complete; no suspect identified
a3f2373d1b740267bfca23c499175ac93042cafce3a4a9af9f66f173cfe63d60,2024-06,Wiltshire Police,Wiltshire Police,-2.054003,51.439045,On or near Studley Gardens,E01031904,Wiltshire 013B,Investigation complete; no suspect identified
fa6a783e4a1eaefdc3807ee8506101cb1c9eec73ecab5f428bd0c01e7d024d54,2024-06,Wiltshire Police,Wiltshire Police,-2.113515,51.464241,On or near Supermarket,E01031915,Wiltshire 009D,Investigation complete; no suspect identified
88d157bd8c20650375016284c9b585a99e25564fff92483bab8a42c8ce96e6ec,2024-06,Wiltshire Police,Wiltshire Police,-2.160200,51.514935,On or near The Chase Park,E01031951,Wiltshire 008D,Investigation complete; no suspect identified
df97b65928c63b88d9021b03f94188dfe283ab1cdb179740f10fa197510bedaa,2024-06,Wiltshire Police,Wiltshire Police,-2.162847,51.509419,On or near Petrol Station,E01031940,Wiltshire 008B,Investigation complete; no suspect identified
318924ab17e8cd036a3c893a0706d8cb2a0dd1b3a536125ea1775159e5a05e14,2024-06,Wiltshire Police,Wiltshire Police,-1.719185,50.989719,On or near Foundry Road,E01031994,Wiltshire 062D,Investigation complete; no suspect identified
ca71f779c1a898ef6b4ac3cf615061b2bc95cee9950a0bcddce92e0f4a34a821,2024-06,Wiltshire Police,Wiltshire Police,-1.712597,51.586265,On or near Rowborough Lane,E01015473,Swindon 008A,Investigation complete; no suspect identified
c9285510932e6ca23fa994a812b97ee17e7a313121da3c074ce69e55f2b313b9,2024-06,Wiltshire Police,Wiltshire Police,-1.858044,51.082949,On or near Kings Gate,E01032039,Wiltshire 054E,Investigation complete; no suspect identified
5887ede63fd249c36b92750114cc1234aaa724e6132184c8bad6fa0bf8886b81,2024-06,Wiltshire Police,Wiltshire Police,-1.785142,51.573355,On or near David Stoddart Gardens,E01015508,Swindon 010A,Investigation complete; no suspect identified
7b104459d4bc2b4fec8233df4c3c2dcb605078809a891b43001b4a3e52e3b8e6,2024-06,Wiltshire Police,Wiltshire Police,-1.796383,51.200321,On or near Gunn Road,E01034542,Wiltshire 045G,Investigation complete; no suspect identified
0195483059efa69f93d7cee15f3f92b14f15f46192b2bcc1b6680ed336b6b1f7,2024-06,Wiltshire Police,Wiltshire Police,-2.123927,51.296860,On or near Southbrook Lane,E01034540,Wiltshire 037D,Investigation complete; no suspect identified
32ac4f04007ab0536260fe97d1f311d76ee1a6f24c438f9e908f64b5ce9c191a,2024-06,Wiltshire Police,Wiltshire Police,-1.824663,51.558576,On or near Birdcombe Road,E01015567,Swindon 014C,Investigation complete; no suspect identified
145260f20a17d660d2bcd64375fef0f4f3c7ab904221f8d5d5cd2ef7e1c40e6f,2024-06,Wiltshire Police,Wiltshire Police,-1.783422,51.561915,On or near College Street,E01032714,Swindon 019E,Investigation complete; no suspect identified
574b926e301545cb478b58fa5e76cafd6e2cd549cccb27d801c0799f96a6a236,2024-06,Wiltshire Police,Wiltshire Police,-1.890872,51.359170,On or near Parking Area,E01031842,Wiltshire 038A,Investigation complete; no suspect identified
8db0e8c69d72f3a08c329e0ed2b508b1ce3e17cfbafdb2c7bffe036ec944efcc,2024-06,Wiltshire Police,Wiltshire Police,-1.768152,51.512119,On or near Parsloes Close,E01033850,Swindon 025H,Investigation complete; no suspect identified
577668df668b7bd9c7f63aabc71cbb6e2b621a572a9936edaa603bcd4ef2e7bb,2024-06,Wiltshire Police,Wiltshire Police,-1.819773,51.078184,On or near Roman Road,E01032025,Wiltshire 053D,Investigation complete; no suspect identified
a46416a582a4787539cfe208e3abf53a85882242455615f2d0969582337d43ac,2024-06,Wiltshire Police,Wiltshire Police,-1.794099,51.063818,On or near Exeter Street,E01032022,Wiltshire 058C,Investigation complete; no suspect identified
6c28dbaac25bb96f8310a907a71753bb0883a96fa3839e0f36f9a601a7a880eb,2024-06,Wiltshire Police,Wiltshire Police,-1.835333,51.082110,On or near Hazel Close,E01031981,Wiltshire 052B,Investigation complete; no suspect identified
ebf79d64b26b45815c35b37a7a8841025d1ab2256a5641f7a461da7f6a819a0d,2024-06,Wiltshire Police,Wiltshire Police,-1.794387,51.079365,On or near Devonshire Road,E01032017,Wiltshire 051D,Investigation complete; no suspect identified
ae11183ca6f837b6e53fce5a696d3102f92a06cb142f1e7a67abe014ab8fe41b,2024-06,Wiltshire Police,Wiltshire Police,-2.206029,51.202051,On or near Beacon View,E01032110,Wiltshire 043A,Investigation complete; no suspect identified
4f4c2f6b27b9aee0c928d3c0d560bbe4bf1ea57b994277aeb60f85c92c42ca92,2024-06,Wiltshire Police,Wiltshire Police,-1.820853,51.562707,On or near Jenni Manners Court,E01015567,Swindon 014C,Investigation complete; no suspect identified
8f5fbf917de60b7b3de90981f65f077aa9d8380b984a7e219b2c0080d4f221d7,2024-06,Wiltshire Police,Wiltshire Police,-1.784539,51.091316,On or near Dunley Way,E01031984,Wiltshire 051A,Investigation complete; no suspect identified
b988a8486958889a39ad27b2e7c500839a3d61ad5a73e14ec7a9a80196fa646e,2024-06,Wiltshire Police,Wiltshire Police,-2.207344,51.293964,On or near Church Lane,E01032053,Wiltshire 037A,Investigation complete; no suspect identified
786ad5eed53c6a672bedcffb9d22f796775789d9122ffd1f58ab83b11adc7cb5,2024-06,Wiltshire Police,Wiltshire Police,-2.247338,51.228956,On or near Southcroft Drive,E01032051,Wiltshire 047A,Unable to prosecute suspect
d1728c6d2e4ab03af228b898975f05318b97d9f30fa27339b9cfaa477359b1fd,2024-06,Wiltshire Police,Wiltshire Police,-1.810099,51.077243,On or near Palmer Road,E01032024,Wiltshire 055D,Investigation complete; no suspect identified
b69efc8cb04617e17184b074b6e3ca7c66418b63979f55c6a76b604f9b6caac1,2024-06,Wiltshire Police,Wiltshire Police,-1.792067,51.560996,On or near Exeter Street,E01033846,Swindon 015F,Investigation complete; no suspect identified
3c32656baea21410b923de79683da761916b6c43cf6c3b4d3658a5739c204d17,2024-06,Wiltshire Police,Wiltshire Police,-2.131730,51.372184,On or near Pembroke Road,E01032062,Wiltshire 022A,Further investigation is not in the public interest
abb74a0415a02c2c783bbea49941408e93454731c49576ce0329d37f46b86131,2024-06,Wiltshire Police,Wiltshire Police,-1.781796,51.597140,On or near Wingfield Avenue,E01015545,Swindon 003C,Investigation complete; no suspect identified
c4dfc39f715986669b683e752c0a7522f0f9589f2bfe858d6081a2216bfdd0ec,2024-06,Wiltshire Police,Wiltshire Police,-1.761570,51.594386,On or near Wilkins Close,E01015557,Swindon 005C,Investigation complete; no suspect identified
526b2b85e47155d885bdbd0804a67065f8c1932efc6d41a094f5c653330bcc47,2024-06,Wiltshire Police,Wiltshire Police,-1.787880,51.561770,On or near Parking Area,E01033845,Swindon 015E,Investigation complete; no suspect identified
3668a412d56ddbc6752cf3ac5fdfabe96f187079ba7f134a11f13d025d265f3e,2024-06,Wiltshire Police,Wiltshire Police,-1.780342,51.569399,On or near Beatrice Street,E01015510,Swindon 010C,Suspect charged
adcdd7326726fba48874e6d901d1cfec537e64bcd929589dfdd313f3a0caee35,2024-06,Wiltshire Police,Wiltshire Police,-1.809375,51.592657,On or near Supermarket,E01015513,Swindon 004A,Investigation complete; no suspect identified
01044a43e9549cfab4892802265bab7ee36bd7204c1799c14f24fcd6cc2ec412,2024-06,Wiltshire Police,Wiltshire Police,-2.178875,51.208768,On or near Beech Grove,E01032108,Wiltshire 042D,Suspect charged
d97127d6e63548a0eaf5748a0fea8a5bc4c2013113417012bc1f2f04b4200c04,2024-06,Wiltshire Police,Wiltshire Police,-1.763178,51.582260,On or near Dave Watkins Court,E01015558,Swindon 005D,Investigation complete; no suspect identified
1c34b96799671ec04124666ec01dd39192573d81532079b0cb9af26f5299ee04,2024-06,Wiltshire Police,Wiltshire Police,-2.184669,51.211447,On or near Mendip Close,E01032111,Wiltshire 043B,Investigation complete; no suspect identified
a02d80a4c7409b0f1a19e2b39b2e4c560acd474b25131bc4d1977dacdabe0980,2024-06,Wiltshire Police,Wiltshire Police,-1.773848,51.198922,On or near Addison Square,E01031996,Wiltshire 046B,Investigation complete; no suspect identified
781057931425fa0b797743a9a796d6118af503e14b99e03965e3d903448631fb,2024-06,Wiltshire Police,Wiltshire Police,-1.756104,51.550272,On or near Henley Road,E01015542,Swindon 020E,Investigation complete; no suspect identified
89c346c91b8b7e34e54332a59e808c12883073270445c3f8012bde8ff9e6455d,2024-06,Wiltshire Police,Wiltshire Police,-1.743041,51.585535,On or near Sheerwold Close,E01015553,Swindon 009E,Investigation complete; no suspect identified
d2e99bde6e941ea6b2d0aa05f5d5b2f5977c318c4201bf933e84762a95292678,2024-06,Wiltshire Police,Wiltshire Police,-1.653063,51.237777,On or near Southwark Close,E01034557,Wiltshire 066D,Investigation complete; no suspect identified
ca839f3954c7b6f48c7a078f957dce8b848751a889a7ea922f7c5999f59dfb1a,2024-06,Wiltshire Police,Wiltshire Police,-2.202878,51.308907,On or near Speedwell Close,E01032095,Wiltshire 035D,Investigation complete; no suspect identified
3e3d1f5094836962a39bd71e3acde91c08a18bd579b257b0ffd6ce1dc9c6708b,2024-06,Wiltshire Police,Wiltshire Police,-1.796302,51.069154,On or near Minster Street,E01032022,Wiltshire 058C,Local resolution
95ac5169c602a42bcf0a47c58e3c021069430c5cfb4bded64c81df1dc1bef4a2,2024-06,Wiltshire Police,Wiltshire Police,-1.831090,51.552516,On or near Cowdrey Close,E01015569,Swindon 022D,Investigation complete; no suspect identified
a56b11c47a04feb1bf529303964e01fd4063c4e45a9446d9ab5be8ffbcc3333b,2024-06,Wiltshire Police,Wiltshire Police,-1.987129,51.082818,On or near St Mary's Close,E01032004,Wiltshire 054B,Investigation complete; no suspect identified
f1113c1621774af3fbcd236a610d440e18800e77dfc7b14f58c8ff2643043e2d,2024-06,Wiltshire Police,Wiltshire Police,-1.703180,51.638139,On or near Wessex Way,E01015522,Swindon 001D,Investigation complete; no suspect identified
6daccde0417e0528c1e1b08e438f8f2c6ac25064df022302a1bc69708a3d7c17,2024-06,Wiltshire Police,Wiltshire Police,-1.703180,51.638139,On or near Wessex Way,E01015522,Swindon 001D,Investigation complete; no suspect identified
3475c5b4b7d27f3d626ad638d2d90820a0f0c0031e8b29789d7d7d088d205258,2024-06,Wiltshire Police,Wiltshire Police,-2.176392,51.205333,On or near Shopping Area,E01032103,Wiltshire 044A,Investigation complete; no suspect identified
9fbf9ed29839744ad2268fa5fd3b08f58c3bbe818b54f33c1e36d2be2c5ae2e2,2024-06,Wiltshire Police,Wiltshire Police,-1.647674,51.408713,On or near Parking Area,E01031843,Wiltshire 029A,Investigation complete; no suspect identified
b649488642bce9fa06307534a8a40301e89c908183af56762b6e760a8467e899,2024-06,Wiltshire Police,Wiltshire Police,-2.278850,51.525080,On or near Tormarton Road,E01014891,South Gloucestershire 024F,Investigation complete; no suspect identified
661820dcf1eae4b6eba80a921f9ee1a5a0f399b15da350712a8f63864a427b9a,2024-06,Wiltshire Police,Wiltshire Police,-1.723669,51.543061,On or near Hathersage Moor,E01015490,Swindon 023D,Investigation complete; no suspect identified
84a98bf1a84e80597d57532a1c5260bebab260cc649cea8ab621cc849b115897,2024-06,Wiltshire Police,Wiltshire Police,-2.131730,51.372184,On or near Pembroke Road,E01032062,Wiltshire 022A,Investigation complete; no suspect identified
b200c8c92563cc32d6ab7c0cf0a4ed11a726b64665d52ee18801a6d7621d5106,2024-06,Wiltshire Police,Wiltshire Police,-2.127616,51.457645,On or near Palmer Street,E01031911,Wiltshire 011A,Investigation complete; no suspect identified
22371df7487238436254e46555ff6bb245395c3596f0771e99cc1568cbe7caa6,2024-06,Wiltshire Police,Wiltshire Police,-2.210130,51.304119,On or near Clydesdale Close,E01032092,Wiltshire 035A,Investigation complete; no suspect identified
55a815c1c10fed0b00a0d15b08060c45f7042fe1864856dbe69824563540e091,2024-06,Wiltshire Police,Wiltshire Police,-1.814482,51.059194,On or near Sussex Road,E01032008,Wiltshire 058A,Investigation complete; no suspect identified
9cd9567158887058fcef03fef6a3efc018cbdceb15bf2f0f8719ddb7c4617c5c,2024-06,Wiltshire Police,Wiltshire Police,-2.206245,51.320707,On or near Silver Street,E01034534,Wiltshire 031E,Investigation complete; no suspect identified
79c0f9f099c892008ed464b94df5b64d4c440b0e109766d0876a05006345dc10,2024-06,Wiltshire Police,Wiltshire Police,-1.784788,51.562772,On or near Parking Area,E01033845,Swindon 015E,Suspect charged
070a5cb0dfffcbcf80d8953ead6c1283e89a336ed901e10eec7e7c0002315881,2024-06,Wiltshire Police,Wiltshire Police,-1.980118,51.356863,On or near Brickham Road,E01031850,Wiltshire 025A,Investigation complete; no suspect identified
17f8e226327a43e567c6b98ba8876e0ddc21bd2980e3672b3a1dc05ac5150ae7,2024-06,Wiltshire Police,Wiltshire Police,-1.813054,51.073687,On or near West End Road,E01032002,Wiltshire 055B,Investigation complete; no suspect identified
b6854e92c19c734aad5b59eb9f75cf8f9eae4f2cea320d54365d790e116322dc,2024-06,Wiltshire Police,Wiltshire Police,-1.746783,51.561428,On or near Kenton Close,E01015538,Swindon 016A,Unable to prosecute suspect
e2aa32803522287ad74fcfdc5cfc46824a366f2133c69383f5aefff4fe2964e5,2024-06,Wiltshire Police,Wiltshire Police,-2.019445,51.538070,On or near Church Lane,E01031892,Wiltshire 004B,Investigation complete; no suspect identified
c972e4a649c7877fefc1aa90a60d66cea9b2f1483b62997e8783d471aca5c25b,2024-06,Wiltshire Police,Wiltshire Police,-1.816641,51.191758,On or near Fargo Road,E01034543,Wiltshire 045H,Investigation complete; no suspect identified
cf97365eef6941ff6169fc6111da34699079c4ee72b9d2b8999ec2b1727232e8,2024-06,Wiltshire Police,Wiltshire Police,-2.282185,51.339413,On or near Avoncliff,E01032059,Wiltshire 023B,Investigation complete; no suspect identified
1364df0d382290ccdd9fed3ed275376690cbf5014250a477cd464de486d9870f,2024-06,Wiltshire Police,Wiltshire Police,-1.775095,51.169215,On or near Parsonage Road,E01031979,Wiltshire 048F,Investigation complete; no suspect identified
330b4ca3615971ddb139d859fd4694eb23c5d9db2ffafd7b3773f40144eabec1,2024-06,Wiltshire Police,Wiltshire Police,-1.792239,51.558038,On or near Cambria Bridge Road,E01033846,Swindon 015F,Investigation complete; no suspect identified
9bc6537d39d811ab8085ca146a1b6b233031fefe485f23296ca3f1534bd01817,2024-06,Wiltshire Police,Wiltshire Police,-2.167523,51.200998,On or near Houghton Close,E01032105,Wiltshire 042B,Unable to prosecute suspect
d4e5dc43572bb648f50ef18c41244e61a2bed62b336065bc3fab665df5877191,2024-06,Wiltshire Police,Wiltshire Police,-2.154847,51.534211,On or near Gardners Drive,E01031960,Wiltshire 005D,Investigation complete; no suspect identified
6bc5d77670449209d53f9a47f780d65997f483858bcd45f6226594ed67d6b9ee,2024-06,Wiltshire Police,Wiltshire Police,-1.732311,51.537326,On or near Saltrop Rise,E01033849,Swindon 025G,Investigation complete; no suspect identified
360e90a6c0a65bf752d22d8896af0d22b87911080b4e08d57546f07f50626497,2024-06,Wiltshire Police,Wiltshire Police,-1.783686,51.579287,On or near Pinehurst Road,E01015507,Swindon 007B,Investigation complete; no suspect identified
cc0b0a71bd9f83a9295f576e17107ae59bd7d1fcdd16def4c57e0090de208cb0,2024-06,Wiltshire Police,Wiltshire Police,-1.785302,51.560868,On or near Shopping Area,E01015494,Swindon 019A,Suspect charged
f460561f7a24c7e466467523db1fba9536018a61b7b9d87a410bac8614a07cce,2024-06,Wiltshire Police,Wiltshire Police,-1.805473,51.084177,On or near Hathaway Close,E01032018,Wiltshire 053A,Investigation complete; no suspect identified
1b95f37c09cfe626052d0c24510cef4d7b82687c5a80e661a12577876d7e5192,2024-06,Wiltshire Police,Wiltshire Police,-1.755805,51.571050,On or near Parking Area,E01015549,Swindon 009A,Suspect charged
d3eb952d5d342095dccdf9c38237628d1b9decc9285c75b104cf661abdc876a3,2024-06,Wiltshire Police,Wiltshire Police,-1.737349,51.189404,On or near Gunner Street,E01032696,Wiltshire 045F,Investigation complete; no suspect identified
55dcbb4e074bccd7713fd6794415b65bd69d729b7ef350521ab5dae9af2dee03,2024-06,Wiltshire Police,Wiltshire Police,-1.655264,51.244114,On or near Hill Beech Road,E01034554,Wiltshire 065D,Investigation complete; no suspect identified
ed16f7f35578f01eb626d2aaa0530210fc1589735f42472d970ffef32552d85b,2024-06,Wiltshire Police,Wiltshire Police,-1.780342,51.569399,On or near Beatrice Street,E01015510,Swindon 010C,Investigation complete; no suspect identified
07c29e2d07e19f2a853f42d66c4db13440cfc927435d9757757beee03634a6d9,2024-06,Wiltshire Police,Wiltshire Police,-1.749222,51.576935,On or near Frilford Drive,E01015549,Swindon 009A,Investigation complete; no suspect identified
5a16cf89b7b9b202fc1cbb6e1551c17ae19a5badf8aeb64e6ee104a9e1089843,2024-06,Wiltshire Police,Wiltshire Police,-1.729631,51.554197,On or near Galsworthy Close,E01015491,Swindon 023E,Investigation complete; no suspect identified
f85416705e58d680bdd1129fd61392330276b9106b3b5cf5a18de573ea577c51,2024-06,Wiltshire Police,Wiltshire Police,-2.112864,51.084554,On or near Stop Street,E01032010,Wiltshire 050A,Investigation complete; no suspect identified
d790a1a5e59bf2b101e2393acedc05c3fdaaa5e28b77f16910e5cdd96d6a625b,2024-06,Wiltshire Police,Wiltshire Police,-1.780357,51.560336,On or near Princes Street,E01032714,Swindon 019E,Investigation complete; no suspect identified
6f771018ddbf7b073c6e1f3fc4ed0dc0156dc18db140769e68ba3f20d08a2f8d,2024-06,Wiltshire Police,Wiltshire Police,-2.135861,51.466816,On or near Old Hardenhuish Lane,E01031919,Wiltshire 009E,Action to be taken by another organisation
701648664631750987f5ff993da459634ea6d3f572e0e96f3e9a61c0b7702d13,2024-06,Wiltshire Police,Wiltshire Police,-1.745511,51.611031,On or near Hossil Lane,E01015473,Swindon 008A,Investigation complete; no suspect identified
587b83f01a58404de2ab8f0417df25695b9b46ede8515cbc5cb497fbfab6b4b0,2024-06,Wiltshire Police,Wiltshire Police,-1.779689,51.588010,On or near Newton Way,E01015544,Swindon 003B,Investigation complete; no suspect identified
ac207de8e2064a7d756a22ee3c5ae0b4cafca463e0583fc71b2e3e269967a8b5,2024-06,Wiltshire Police,Wiltshire Police,-1.732311,51.537326,On or near Saltrop Rise,E01033849,Swindon 025G,Investigation complete; no suspect identified
c8e486eccdd67b109b1494b8562961c8a884209f4110a696257625068ecf027d,2024-06,Wiltshire Police,Wiltshire Police,-1.780635,51.580432,On or near Cherry Tree Grove,E01015507,Swindon 007B,Local resolution
9376acba90805cc4ac04f423be4f8171bca2774669d7c0d8238d6f1d7393b0b5,2024-06,Wiltshire Police,Wiltshire Police,-1.830262,51.558153,On or near Parking Area,E01015569,Swindon 022D,Investigation complete; no suspect identified
d0818fec5e50d56825a8818524a40674ab13015d83ee8692326e44e273c964a6,2024-06,Wiltshire Police,Wiltshire Police,-1.779962,51.579406,On or near Poplar Avenue,E01015508,Swindon 010A,Local resolution
5683ea166dbcc9cb92b3f7c6f95f27e4c6318cb4963e732869d4d49addf64ffb,2024-06,Wiltshire Police,Wiltshire Police,-1.785489,51.089637,On or near Aldworth Drive,E01031985,Wiltshire 051B,Investigation complete; no suspect identified
0d03c062ecef0a918dcd2e7973a13cb16be7ddc0a0ff9a9b24fa4672f8336837,2024-06,Wiltshire Police,Wiltshire Police,-1.792639,51.106528,On or near Mottershead Row,E01034547,Wiltshire 057D,Investigation complete; no suspect identified
9b4511dfaaf4524a8ea2b4a80f0594590a661586ebb53e282f1b3d5d740a3a0f,2024-06,Wiltshire Police,Wiltshire Police,-2.217936,51.247277,On or near School Lane,E01032054,Wiltshire 039B,Investigation complete; no suspect identified
ddef6f14f24b79ded0c5e7338de3837e28b63e8bfe7358a381d88b3655773b83,2024-06,Wiltshire Police,Wiltshire Police,-2.199952,51.309101,On or near Kyte Way,E01032093,Wiltshire 035B,Investigation complete; no suspect identified
252e17d6a47a7c3e59946ce1aad8836288a2506d2747d91a9b0fb8984d637277,2024-06,Wiltshire Police,Wiltshire Police,-1.794949,51.555201,On or near Stanmore Street,E01015478,Swindon 021A,Investigation complete; no suspect identified
48c1e57397375bfcd4004040735222b805af138fa21fc617087d2ee86500c987,2024-06,Wiltshire Police,Wiltshire Police,-1.846679,51.078816,On or near Edgam Place,E01032040,Wiltshire 054F,Investigation complete; no suspect identified
2fa3a8487d0adf81292ac14189626c34135eae4d2ab2753b3d7d01433ce6cc43,2024-06,Wiltshire Police,Wiltshire Police,-1.825238,51.611824,On or near Faulkner Road,E01033842,Swindon 008G,Investigation complete; no suspect identified
ed20763f0f585309bddca0657da7669555e3f6b2613c68b17618a67bb72335df,2024-06,Wiltshire Police,Wiltshire Police,-1.819356,51.082554,On or near Devizes Road,E01031982,Wiltshire 052C,Investigation complete; no suspect identified
0eafea38514c0ae2e671d3b9a0a80278e856c9731d3f7ebc3b9d26efe0c6f14b,2024-06,Wiltshire Police,Wiltshire Police,-1.777767,51.570698,On or near Parking Area,E01015510,Swindon 010C,Investigation complete; no suspect identified
474ae1324de1b41bfbc0e58b918f9993783f8fce4a5fe8cbc0cb80d2d3eaa978,2024-06,Wiltshire Police,Wiltshire Police,-1.820040,51.608058,On or near Ashbee Crescent,E01033840,Swindon 008E,Investigation complete; no suspect identified
b30a6df41b0e51b9d8b4b80fb78f95cdd98f35321e81e653ab4051ed497f56f8,2024-06,Wiltshire Police,Wiltshire Police,-2.227489,51.316127,On or near Farleigh Avenue,E01032098,Wiltshire 033C,Investigation complete; no suspect identified
4f0d3b17f35bb4c73acdfde82b9d4fabb4b54b619de1e333173834efb15e3e3b,2024-06,Wiltshire Police,Wiltshire Police,-2.178875,51.208768,On or near Beech Grove,E01032108,Wiltshire 042D,Suspect charged
c2cd21f64476efded9c93706d0fd5f8106666e0993a6a00a6cf2300ce938753b,2024-06,Wiltshire Police,Wiltshire Police,-1.773228,51.586892,On or near Merton Avenue,E01015555,Swindon 005A,Suspect charged
54cb49f4191d151b1dc01c370a965631c8d0cbaa371273b1d06cd77d9642e84c,2024-06,Wiltshire Police,Wiltshire Police,-1.763121,51.559844,On or near Sussex Place,E01015573,Swindon 016C,Investigation complete; no suspect identified
6da47f17ae4d867f4b19dccab50112ee2f22060fb8afda9378705e05528781fb,2024-06,Wiltshire Police,Wiltshire Police,-2.112524,51.471822,On or near Heathfield,E01031914,Wiltshire 009C,Investigation complete; no suspect identified
fc73fd7aabd83ed5cad6f93166880f2b8327d81400ec7549a50fbfc2c23fa9ab,2024-06,Wiltshire Police,Wiltshire Police,-2.178826,51.203598,On or near Carsons Yard,E01032103,Wiltshire 044A,Investigation complete; no suspect identified
fd9ac62e300215da05dd676fe064318df58cf547c34c9f3076d02cf6e97005aa,2024-06,Wiltshire Police,Wiltshire Police,-2.200240,51.325672,On or near Fulford Road,E01032087,Wiltshire 031C,Unable to prosecute suspect
ca4ee07eccb76e762d687c4a71f13cb47953f0cbbb12c53c3ca15bedd54329e2,2024-06,Wiltshire Police,Wiltshire Police,-1.807947,51.076340,On or near Kensington Road,E01032024,Wiltshire 055D,Investigation complete; no suspect identified
9d83bb77711c786fd27deedea8c261bd32a987d26f72f1e126b88b319cddd56f,2024-06,Wiltshire Police,Wiltshire Police,-1.840601,51.563050,On or near Walter Close,E01015505,Swindon 018D,Investigation complete; no suspect identified
f22ee815392233f374dd76aaaaf7b3bfc2f6101d0ac3a9de015e70e6204ca40a,2024-06,Wiltshire Police,Wiltshire Police,-2.186593,51.202362,On or near Sambourne Road,E01032114,Wiltshire 044D,Investigation complete; no suspect identified
4ee7319068e5108b99710d76688dde682d3fb39ba9b1d801e78eb562d05f9ea0,2024-06,Wiltshire Police,Wiltshire Police,-2.138115,51.374326,On or near Bank Street,E01032062,Wiltshire 022A,Investigation complete; no suspect identified
5f2b174ea56ecff498fd9792a93a44afa118598a08ee4327f0c7d87e3cd8e8ba,2024-06,Wiltshire Police,Wiltshire Police,-1.775963,51.561964,On or near Newcastle Street,E01015493,Swindon 017B,Investigation complete; no suspect identified
e6c9cc026d910223384c5ba3e83ece7eb27721bad067706fb13ee1b7de306659,2024-06,Wiltshire Police,Wiltshire Police,-2.139509,51.464141,On or near Pipsmore Road,E01031908,Wiltshire 010C,Investigation complete; no suspect identified
b55dcc75d37daf78e88c2cc322280667cdc42b9988a3d58f3cc0318f26ba4760,2024-06,Wiltshire Police,Wiltshire Police,-1.794715,51.086056,On or near St Francis Road,E01032018,Wiltshire 053A,Investigation complete; no suspect identified
c611297b9439d6d7c09f3688d5597addb06573c7e9e9039da153ae5f22715c1b,2024-06,Wiltshire Police,Wiltshire Police,-1.788520,51.579233,On or near Wavell Road,E01015580,Swindon 007D,Investigation complete; no suspect identified
38417a841ea20c6e5a47bc89ae3adfaac6bbd60e0f86678ab06564366d44d581,2024-06,Wiltshire Police,Wiltshire Police,-1.780057,51.178396,On or near Petrol Station,E01031974,Wiltshire 048A,Investigation complete; no suspect identified
9be15e6ae4c172a0de2005c4aca05090e25df3fcb5b53dde4f52405d70cbfc21,2024-06,Wiltshire Police,Wiltshire Police,-1.779937,51.557620,On or near Byron Street,E01032714,Swindon 019E,Investigation complete; no suspect identified
6864bd7b3494cc5e313ba92eb4e02ba5468b18943dd9a3e7f9efa8e73a5b27c7,2024-06,Wiltshire Police,Wiltshire Police,-1.891923,51.168248,On or near Brook Close,E01032026,Wiltshire 045D,Investigation complete; no suspect identified
b8986f0d413e5e1f22d6413f8fb852a9c6f69c0e5f2caec96712b175afe44442,2024-06,Wiltshire Police,Wiltshire Police,-1.970611,51.514753,On or near South Veiw,E01032699,Wiltshire 007I,Investigation complete; no suspect identified
7dc6d2f3d32abc2f290496acbc9232bb02d2cd18e1eaeefcba21a156a8eae7f8,2024-06,Wiltshire Police,Wiltshire Police,-1.780057,51.178396,On or near Petrol Station,E01031974,Wiltshire 048A,Investigation complete; no suspect identified
e6cec0e7a838ed74b0cd6f6bf3d16d813ad12df867616c795a57642139c55392,2024-06,Wiltshire Police,Wiltshire Police,-2.204865,51.326635,On or near Downhayes Road,E01032087,Wiltshire 031C,Investigation complete; no suspect identified
4349cac267550a44209b555f04ae61470ff81417015acae7a7dafff675833e81,2024-06,Wiltshire Police,Wiltshire Police,-2.190008,51.391850,On or near Atworth Court,E01032043,Wiltshire 021A,Unable to prosecute suspect
b7a56a1e41e3ed9ea3ff69bac5dd09a549270e32f502320139229cf03c1d7c08,2024-06,Wiltshire Police,Wiltshire Police,-1.818838,51.608892,On or near Jebb Close,E01033840,Swindon 008E,Investigation complete; no suspect identified
d38f359197dd992ea5bc1be60911b45f99fcf2d6c95222ddd2ab87413d660e99,2024-06,Wiltshire Police,Wiltshire Police,-1.901088,51.189603,On or near Copper Beech Close,E01032026,Wiltshire 045D,Investigation complete; no suspect identified
0603451da1398c0e768228f5bebb5432af1128076b5945c058d34c5718e3b531,2024-06,Wiltshire Police,Wiltshire Police,-2.179419,51.319205,On or near Helmsley Road,E01034537,Wiltshire 032G,Investigation complete; no suspect identified
254f18dc6e2d493e69c292b1b9bb1891f6636182f51a69f84711e217c3d5dfbf,2024-06,Wiltshire Police,Wiltshire Police,-1.756733,51.545957,On or near Braemar Close,E01015535,Swindon 024C,Investigation complete; no suspect identified
6c4503548dc4c3fedb331ba75126312eca77e68ec9c58c570c7a78295263cabd,2024-06,Wiltshire Police,Wiltshire Police,-1.744509,51.578579,On or near Bourton Avenue,E01015554,Swindon 009F,Investigation complete; no suspect identified
f87113e916b0a17b5dd1324bee1831195309fb341af4bc650749e051d08e1a69,2024-06,Wiltshire Police,Wiltshire Police,-1.712472,51.468557,On or near Jubb's Lane,E01031868,Wiltshire 012B,Investigation complete; no suspect identified
238b5f16e441ce47d291ef54bb83d6f8024df9a27d7869026b426afee3d018d6,2024-06,Wiltshire Police,Wiltshire Police,-1.779671,51.597865,On or near Carter Close,E01033860,Swindon 028F,Investigation complete; no suspect identified
c4918bb1d9d608d45411984dad99f91feb422e4f9a14502a2056ef1fcc3b9f34,2024-06,Wiltshire Police,Wiltshire Police,-1.820423,51.609821,On or near Barber Place,E01033840,Swindon 008E,Investigation complete; no suspect identified
b3ecfcee727944bd607f3b3d4d9cbbc8eceadeda72eaec23a205ec823aa35362,2024-06,Wiltshire Police,Wiltshire Police,-2.212766,51.571909,On or near Supermarket,E01031957,Wiltshire 005A,Investigation complete; no suspect identified
532be666e87781f63f8848555acc7f9d07779927c3552a4d57fd77d3adeef6e4,2024-06,Wiltshire Police,Wiltshire Police,-1.769188,51.586704,On or near Haig Close,E01015559,Swindon 005E,Investigation complete; no suspect identified
a2cc2c7cc93baa6ccc2c45a81416d1384ce5f18023c027bcc3c2af35fc32574a,2024-06,Wiltshire Police,Wiltshire Police,-2.077033,51.513841,On or near Seagry Hill,E01031939,Wiltshire 008A,Suspect charged
c16cb20c2eda5d21fa858c7e360ef226dfec37033dd2cad3920d34e94b14fc6a,2024-06,Wiltshire Police,Wiltshire Police,-1.777324,51.566858,On or near Elmina Road,E01015480,Swindon 015D,Local resolution
2c33e05f60b1725d0e861e43c4fd22311e1fa71e26db3349ee3a9839a00c0a1b,2024-06,Wiltshire Police,Wiltshire Police,-1.712111,51.280792,On or near West View Road,E01031849,Wiltshire 029C,Investigation complete; no suspect identified
6ee02a58fc6c974654aa39c2058f448ec8019f6390088bd1669cc421754b1a79,2024-06,Wiltshire Police,Wiltshire Police,-1.739101,51.567885,On or near Parking Area,E01015481,Swindon 013A,Unable to prosecute suspect
ffbd8dea6f155ade971db0a895b64b3b457a6d7146948633920d288deb6e18f5,2024-06,Wiltshire Police,Wiltshire Police,-2.208928,51.465558,On or near Slaughterford Road,E01031940,Wiltshire 008B,Investigation complete; no suspect identified
7024d2045cb1da3a3fefa79e1c800fbe53b861e34a62749bd27bc05f7b31fec9,2024-06,Wiltshire Police,Wiltshire Police,-2.129869,51.475626,On or near Argyle Drive,E01031907,Wiltshire 009A,Investigation complete; no suspect identified
99f3d741d064b6b64eaf0a2a74f6b0978ecc75dc96c1b38a947dda68ee7822f1,2024-06,Wiltshire Police,Wiltshire Police,-2.131898,51.375727,On or near Hampshire Place,E01032062,Wiltshire 022A,Investigation complete; no suspect identified
3eca683580f5ea4c58def77176005c06ecc437c43d5351eba53e918bb766c3da,2024-06,Wiltshire Police,Wiltshire Police,-1.795649,51.068397,On or near New Canal,E01032022,Wiltshire 058C,Investigation complete; no suspect identified
47c2a26c91285c9b322baf8a36290945a1630414408c823114e7a5d7f55da841,2024-06,Wiltshire Police,Wiltshire Police,-1.763394,51.169273,On or near Tanners Field,E01031978,Wiltshire 048E,Investigation complete; no suspect identified
eee76e05cbe404a9f0ecb2ea71e929a097adaa4148b2459cb5fb6c8aadf44713,2024-06,Wiltshire Police,Wiltshire Police,-1.732588,51.559077,On or near Dorcan Way,E01015492,Swindon 023F,Investigation complete; no suspect identified
f6f4a38f0796c55697b69cf16fb3a52b1458923feab051631c06023ad622945a,2024-06,Wiltshire Police,Wiltshire Police,-1.766009,51.592947,On or near Birdbrook Road,E01015556,Swindon 005B,Investigation complete; no suspect identified
ea8d2798e5f984677a4fe6a22a40aa3f10706dd100b5ec13d187438271d64a6c,2024-06,Wiltshire Police,Wiltshire Police,-1.784690,51.568895,On or near Petrol Station,E01015582,Swindon 012E,Further investigation is not in the public interest
46e74ab95f82164d386a7a96adfd4aff2e49fb15b3d64cc519e09b59e5ca83e6,2024-06,Wiltshire Police,Wiltshire Police,-2.258957,51.438573,On or near Vicarage Lane,E01031929,Wiltshire 017D,Investigation complete; no suspect identified
35f05f91af1d401d22cb5f65f99589dfeea8fdbc7afa6dea159c57d3c120a9f7,2024-06,Wiltshire Police,Wiltshire Police,-1.816641,51.191758,On or near Fargo Road,E01034543,Wiltshire 045H,Investigation complete; no suspect identified
ffaeea7369733f4d75097e1babb4c4fe2a297a736d2ad77f40a60d4499708cf4,2024-06,Wiltshire Police,Wiltshire Police,-1.874911,51.074911,On or near Randall's Croft Road,E01032040,Wiltshire 054F,Investigation complete; no suspect identified
f95f29f33ec2f312577735af9d8e0bae4e8129fb16c31466d32b327d25b0fde8,2024-06,Wiltshire Police,Wiltshire Police,-2.183374,51.202628,On or near Weymouth Street,E01032106,Wiltshire 044B,Further investigation is not in the public interest
3891d09e8bcd178908038624b2a368aa8c7033d96b89f51f1d00be55f9bb70c5,2024-06,Wiltshire Police,Wiltshire Police,-1.792533,51.056693,On or near Petrol Station,E01032005,Wiltshire 059A,Further investigation is not in the public interest
2d1567bed4c8723c768c42b7dfb799d28be67e7d28f303213b8c88b5051d5417,2024-06,Wiltshire Police,Wiltshire Police,-1.780179,51.594161,On or near Alton Close,E01015546,Swindon 003D,Investigation complete; no suspect identified
f1a2173067967b67d7de1f9c177a967eb490878893b09b071acae3a13501a706,2024-06,Wiltshire Police,Wiltshire Police,-1.985522,51.344599,On or near Sarum Drive,E01031852,Wiltshire 025C,Investigation complete; no suspect identified
f545009c4976df4c90649a8b33b5de43aac129089a4b219ab04cd4a4f15a36dc,2024-06,Wiltshire Police,Wiltshire Police,-2.184739,51.200333,On or near Glebe Field,E01032106,Wiltshire 044B,Investigation complete; no suspect identified
0cc329c2486096f03905766ff087798c67ebb053b555fe2f888c6567115fbb1f,2024-06,Wiltshire Police,Wiltshire Police,-2.135861,51.466816,On or near Old Hardenhuish Lane,E01031919,Wiltshire 009E,Action to be taken by another organisation
f456d911d19100013d493fe6773099256358434b141895cc618a269b3d5699bd,2024-06,Wiltshire Police,Wiltshire Police,-2.257810,51.347247,On or near Wine Street,E01034532,Wiltshire 027H,Investigation complete; no suspect identified
298866d74d2c1a8b53214352d129dc4bae47e445e3b6e47823e961028a3fba36,2024-06,Wiltshire Police,Wiltshire Police,-1.998901,51.439840,On or near The Knapp,E01031896,Wiltshire 015B,Investigation complete; no suspect identified
569bc9ef75a502679809b4243c4acfa440652a8ce11be38fd335c67445c9242e,2024-06,Wiltshire Police,Wiltshire Police,-1.777045,51.591458,On or near Pewsham Road,E01015544,Swindon 003B,Offender given a caution
7b6abba18b06b399d88fb182c7f4d1a159251640f99ef0c94662aa0005947a5a,2024-06,Wiltshire Police,Wiltshire Police,-1.751496,51.581995,On or near Shopping Area,E01015552,Swindon 009D,Investigation complete; no suspect identified
89cd9b20e46475127384bb9ebaa20cc54168c689bf7aca2c7f60726063e3728f,2024-06,Wiltshire Police,Wiltshire Police,-2.219402,51.308310,On or near Laburnum Grove,E01032090,Wiltshire 036C,Investigation complete; no suspect identified
f006b11fec28a03e9a849af4da0a222e2203e4727c3512a4064de7d772aa47ac,2024-06,Wiltshire Police,Wiltshire Police,-1.785866,51.560508,On or near Shopping Area,E01015494,Swindon 019A,Investigation complete; no suspect identified
87f2f43e933d1029873cf8edf67e7e6ad82c2b87b5caff29feced088c4be0a15,2024-06,Wiltshire Police,Wiltshire Police,-1.795133,51.572069,On or near Howse Garden,E01015582,Swindon 012E,Investigation complete; no suspect identified
b25909f9b2a5d4316bfc80c2baffa5bd751de90c8da1722129b034e54fc820f4,2024-06,Wiltshire Police,Wiltshire Police,-2.068822,51.028108,On or near Shave Lane,E01032029,Wiltshire 061B,Investigation complete; no suspect identified
e25128653e849a32bda249e1c1663476de2d6e4546ad4e1415fdd32b0a3dccf5,2024-06,Wiltshire Police,Wiltshire Police,-1.775348,51.587256,On or near A4311,E01015543,Swindon 003A,Investigation complete; no suspect identified
c53712450e60299ce5b962713d643cfe136da9eb24da1db542a765cb2bfa91be,2024-06,Wiltshire Police,Wiltshire Police,-2.213063,51.574356,On or near Carriers Close,E01031958,Wiltshire 005B,Investigation complete; no suspect identified
1eb92cfe139acf698abaa225af731e2d92b01f22b7bf6edf1831bbf77fa2b106,2024-06,Wiltshire Police,Wiltshire Police,-1.822726,51.567241,On or near Rivermead Drive,E01015561,Swindon 014A,Investigation complete; no suspect identified
9bf4f09b4307ea30696c99bf6313a286422eaf05151e3e523d3a1c0e117fb44f,2024-06,Wiltshire Police,Wiltshire Police,-1.898661,51.545851,On or near A3102,E01031963,Wiltshire 006A,Investigation complete; no suspect identified
11cb6dd027ac1462d8fbda8e2e601360e2f7b012354e7989b92f0730e575061f,2024-06,Wiltshire Police,Wiltshire Police,-1.809375,51.592657,On or near Supermarket,E01015513,Swindon 004A,Investigation complete; no suspect identified
6f632e6e57af85a105ca12f9dac145687d0a5a71e708f14fd693f1d2f9ce3926,2024-06,Wiltshire Police,Wiltshire Police,-1.750727,51.553275,On or near Supermarket,E01015541,Swindon 020D,Investigation complete; no suspect identified
c7cfc3255b0eae21cd7641618439e8cecad21a9ef4b2e20d93188d7aa03801e9,2024-06,Wiltshire Police,Wiltshire Police,-1.751340,51.588142,On or near Barrowby Gate,E01015552,Swindon 009D,Suspect charged
72c4ab715ba391d3651c82057aff214d7f509cb0903b8bc5f931de2ac5fcdeb0,2024-06,Wiltshire Police,Wiltshire Police,-1.763123,51.584408,On or near Attlee Crescent,E01015558,Swindon 005D,Investigation complete; no suspect identified
01cd86b1e50fc8c331b788a73f094f2daa13ab646a105c16469d99cb112c48b2,2024-06,Wiltshire Police,Wiltshire Police,-1.814206,51.604587,On or near Easdale Street,E01032712,Swindon 027E,Investigation complete; no suspect identified
d34083ab2192d490d96ca6a297eb6884be127a03d261c54f0dea47fc06c22990,2024-06,Wiltshire Police,Wiltshire Police,-1.828654,51.563599,On or near Denbeck Wood,E01015561,Swindon 014A,Investigation complete; no suspect identified
ea1abc8def9f478f140ca6edc0ebfb8abea40448b5d78660afc1459c885b8d8f,2024-06,Wiltshire Police,Wiltshire Police,-2.143860,51.460710,On or near Frogwell,E01031908,Wiltshire 010C,Investigation complete; no suspect identified
d04e3a0cc62061fae97d1334fe5b1ce853f39c488bd5e8584312f379846ba946,2024-06,Wiltshire Police,Wiltshire Police,-2.203231,52.513724,On or near The Close,E01029645,South Staffordshire 013A,Suspect charged
791f087966c484927e005529b02535c4654f785a0c7a5bb14ee565b4c9102d44,2024-06,Wiltshire Police,Wiltshire Police,-1.798242,51.570654,On or near Cobden Road,E01015578,Swindon 012B,Investigation complete; no suspect identified
5eb77ac93b552f5f9ebb16041b0fa634b656e5dfcbb4e039be0060986b8af48d,2024-06,Wiltshire Police,Wiltshire Police,-1.984785,51.357970,On or near Quakers Road,E01032693,Wiltshire 025H,Investigation complete; no suspect identified
0b22bd5ffe32424517e9f427d0a215034a3cc473a379d0f9fe2deafedd65131a,2024-06,Wiltshire Police,Wiltshire Police,-1.819356,51.082554,On or near Devizes Road,E01031982,Wiltshire 052C,Investigation complete; no suspect identified
e76faf7139f8e13df994fe608440d6220b0b3231b7f997dcdfb9991a483803be,2024-06,Wiltshire Police,Wiltshire Police,-2.189937,51.256659,On or near Springfield Road,E01032117,Wiltshire 063D,Investigation complete; no suspect identified
efca0f1289b30d5f2446e46f75135f675f73776752e90cbd8cc9f73b9b66e49d,2024-06,Wiltshire Police,Wiltshire Police,-1.843680,51.079127,On or near Sovereign Close,E01032040,Wiltshire 054F,Investigation complete; no suspect identified
2afaaf5786d363e4c1664ce4d3271ee2bbe05356385fdb091bb8b222bd6b9e8b,2024-06,Wiltshire Police,Wiltshire Police,-1.799024,51.070184,On or near Supermarket,E01032014,Wiltshire 056A,Investigation complete; no suspect identified
c595df62411d3d191549f035ac53cb9136635d30e33b93d964c3cfe33c28c41f,2024-06,Wiltshire Police,Wiltshire Police,-1.793215,51.556026,On or near Radnor Street,E01015494,Swindon 019A,Investigation complete; no suspect identified
48f823e37fcd689af392e6a4ba90824b211e8542841c4d5851bc4959ed20f85f,2024-06,Wiltshire Police,Wiltshire Police,-1.773204,51.172610,On or near Antrobus Road,E01031974,Wiltshire 048A,Investigation complete; no suspect identified
84ee6cc133e09f8e48323474d55c88131ffbb72f0b893692101144954f2fa4cc,2024-06,Wiltshire Police,Wiltshire Police,-1.732435,51.540797,On or near Wincombe Road,E01033849,Swindon 025G,Investigation complete; no suspect identified
196b8db84fe239040f12357a2a86459713d000a558ba4d95d696eb53bb44fff3,2024-06,Wiltshire Police,Wiltshire Police,-1.900873,51.543236,On or near Mitchell Close,E01031967,Wiltshire 006C,Investigation complete; no suspect identified
d650e2c169851cb68a5c18e19187b322432f153f21116e07151a849156e60b6c,2024-06,Wiltshire Police,Wiltshire Police,-2.118888,51.466466,On or near Greenway Avenue,E01031920,Wiltshire 009F,Investigation complete; no suspect identified
d05eb6a3c413dfa716ee032df9cdcacb80ab0f155d49d3fddeba3e5cd0a9e33d,2024-06,Wiltshire Police,Wiltshire Police,-1.768342,51.591342,On or near Hathaway Road,E01015555,Swindon 005A,Investigation complete; no suspect identified
a70bf25812009d04b5df9665061dbe2590759f5dfc6e799202c961fdc0b1f640,2024-06,Wiltshire Police,Wiltshire Police,-1.708057,50.983037,On or near Church Hill,E01031992,Wiltshire 062B,Investigation complete; no suspect identified
baff7b1786a8ba0aaab4d678b3ad1d6e634022de997f709895e712a8b9d2a7d6,2024-06,Wiltshire Police,Wiltshire Police,-1.619943,51.255514,On or near Rawlings Court,E01031859,Wiltshire 065B,Investigation complete; no suspect identified
b950934b8466405f4fe5b0785a899ef0e325c75fea2ba375c2bafa3f27541233,2024-06,Wiltshire Police,Wiltshire Police,-1.819486,51.594696,On or near Sandbourne Road,E01032700,Swindon 026B,Investigation complete; no suspect identified
dc899c720a4387ae0d80ab4ad7316b244cd3cc6a6123085ae7a46db3b70ab241,2024-06,Wiltshire Police,Wiltshire Police,-2.032298,51.365079,On or near Close Lane,E01031846,Wiltshire 028B,Investigation complete; no suspect identified
b72fc9c166697f1628b2749d7238a6b7a130ab20b6be7fcc596bd23ef744f744,2024-06,Wiltshire Police,Wiltshire Police,-2.200636,51.393334,On or near Petrol Station,E01032043,Wiltshire 021A,Further investigation is not in the public interest
851fcbfd79ecacd2b54f1ab6fe328d0edf562c8b5925964486c59cb63a750518,2024-06,Wiltshire Police,Wiltshire Police,-1.790181,51.100364,On or near Mitre Way,E01034549,Wiltshire 057F,Investigation complete; no suspect identified
28eace6d2fbb3445c972b284f20c4f2bfe921267a6e258923f12d26caa4c5bc4,2024-06,Wiltshire Police,Wiltshire Police,-1.779385,51.561350,On or near Parking Area,E01032714,Swindon 019E,Investigation complete; no suspect identified
7399615ebbf643918f0a7da5bb6892d61c038b391a4a33c3c9bfbc8e7a9c4d84,2024-06,Wiltshire Police,Wiltshire Police,-1.760972,51.556962,On or near Caversham Close,E01015576,Swindon 017D,Investigation complete; no suspect identified
c931d4d083823f51d7b2509f1e0a8bbdba515cdc642ff33ff967d12b0c70d217,2024-06,Wiltshire Police,Wiltshire Police,-1.773592,51.066873,On or near Queen Manor Road,E01032012,Wiltshire 057C,Investigation complete; no suspect identified
44b8a0c6392339b1d38e146b82dfcd80d4810c2ca588f0446a5fe81153f11f2b,2024-06,Wiltshire Police,Wiltshire Police,-1.806069,51.071526,On or near Windsor Road,E01032003,Wiltshire 055C,Investigation complete; no suspect identified
732f1b5dafb24fd8ced958d03baa074a5eee0d0f7da02138a89bac5ca17163f2,2024-06,Wiltshire Police,Wiltshire Police,-1.741372,51.569311,On or near Neptune Crescent,E01015481,Swindon 013A,Unable to prosecute suspect
f4f566dad2bbc998abddb52cfcefd1c54d506b022b07a6013f1ae772a6697853,2024-06,Wiltshire Police,Wiltshire Police,-1.755347,51.564953,On or near Maitland Road,E01015575,Swindon 016D,Suspect charged
2ae87ee01d7ceaa19764a8455eaaea5f4cb063a411da4b1339e26a3cde1a2668,2024-06,Wiltshire Police,Wiltshire Police,-1.789937,51.107026,On or near Nicolson Vale,E01034547,Wiltshire 057D,Unable to prosecute suspect
c33d2392a11e66d8dab208c44fc6b1344682504706499355f219e34d78b4cbf7,2024-06,Wiltshire Police,Wiltshire Police,-1.778273,51.555738,On or near Victoria Road,E01032715,Swindon 019F,Unable to prosecute suspect
e379d9926bf80e5666f3c843971c59564d100a66376154d0a740d485c6a882d4,2024-06,Wiltshire Police,Wiltshire Police,-1.992283,51.352450,On or near Monday Market Street,E01031854,Wiltshire 026B,Suspect charged
e379d9926bf80e5666f3c843971c59564d100a66376154d0a740d485c6a882d4,2024-06,Wiltshire Police,Wiltshire Police,-1.992283,51.352450,On or near Monday Market Street,E01031854,Wiltshire 026B,Suspect charged
9d04ac0a604fbb1759f63f25951b93a1794d1631701176867a973f3fd450c2f8,2024-06,Wiltshire Police,Wiltshire Police,-1.798516,51.068744,On or near Bridge Street,E01032022,Wiltshire 058C,Unable to prosecute suspect
b70412a17412b4de9b8112014697212b3583b880da8e4a2b308ab5ab4f3674ab,2024-06,Wiltshire Police,Wiltshire Police,-1.775348,51.587256,On or near A4311,E01015543,Swindon 003A,Suspect charged
2a7f5da04449e3cdfc1b2de5dc60f28dc9268aea179c03ccaa476d76313f4aa5,2024-06,Wiltshire Police,Wiltshire Police,-2.127121,51.367685,On or near Long Leaze Lane,E01032066,Wiltshire 022B,Suspect charged
1b008f40ada66ec4a1bd35a1afe06f366bbe74cd5911e344ed4a183efac988db,2024-06,Wiltshire Police,Wiltshire Police,-2.122961,51.375242,On or near Malvern Close,E01032073,Wiltshire 020D,Unable to prosecute suspect
a429e39b7ca475f03f21ae32163e684b5c8400619cc54b212b4313197559ce96,2024-06,Wiltshire Police,Wiltshire Police,-2.002037,51.432071,On or near Magnolia Rise,E01034525,Wiltshire 016F,Unable to prosecute suspect
b406f10934f0c2564b6821af861101c1e4a56afc1e26d3a9d9347849a62358b1,2024-06,Wiltshire Police,Wiltshire Police,-2.203110,51.338642,On or near Hammond Way,E01032078,Wiltshire 030B,Unable to prosecute suspect
80d308e40398c7240db05a1f27ed149f4e095538ad8fa9d3a2a62a29c3d8c69c,2024-06,Wiltshire Police,Wiltshire Police,-2.022350,51.289092,On or near Weavers Mead,E01031848,Wiltshire 028C,Unable to prosecute suspect
51580cef04bcb0b61d19c13d4dd9f14bf6f655554722754e27a1a8d0fc62b86d,2024-06,Wiltshire Police,Wiltshire Police,-2.212438,51.325570,On or near Charles Street,E01034533,Wiltshire 031D,Offender given a caution
847a3120e36e09d7d5f310161f5a7dfcadabdab78da82bcc648cd8da50d54be9,2024-06,Wiltshire Police,Wiltshire Police,-1.772928,51.560223,On or near Southampton Street,E01015493,Swindon 017B,Unable to prosecute suspect
72eedb9ff56c9b76babe710a5a66d019da97e18d8c3dbd06c6b8ae70da030fab,2024-06,Wiltshire Police,Wiltshire Police,-1.772928,51.560223,On or near Southampton Street,E01015493,Swindon 017B,Suspect charged
e33fc51fd9b9743e47a995836095a070fb8150d31cfea50f43dbac214ba27a7d,2024-06,Wiltshire Police,Wiltshire Police,-2.191007,51.431348,On or near Erneston Crescent,E01031931,Wiltshire 018A,Offender given a caution
ef429f0eca3c4238625112a0edd3f24a9985c1c66d4378c0345c43a23d57f99c,2024-06,Wiltshire Police,Wiltshire Police,-1.723211,51.628109,On or near Cricklade Road,E01015521,Swindon 001C,Suspect charged
2f26cfd40991c3169ae2599c525ed70b26322d122c4c4d08244b3f13b662a86b,2024-06,Wiltshire Police,Wiltshire Police,-1.784494,51.564003,On or near Milford Street,E01033845,Swindon 015E,Unable to prosecute suspect
1f7f0e540ccbbbc5ccbac1ce8f8a6b3745e957b333ac1efb64fe7a15acbe95f5,2024-06,Wiltshire Police,Wiltshire Police,-2.126641,51.355178,On or near Beaufort Close,E01032072,Wiltshire 021F,Offender given a caution
a42906c05bdc7fb3ccba9a5f68cf5e589d19720ea9fbf3dca672a2227a2b1cf2,2024-06,Wiltshire Police,Wiltshire Police,-1.828630,51.604726,On or near Croome Close,E01032713,Swindon 026F,Unable to prosecute suspect
05000fafadcf3784f4f8a71448f7c41f57e963b415e89805ddc048c414fb6a3f,2024-06,Wiltshire Police,Wiltshire Police,-1.789002,51.562492,On or near East Street,E01033845,Swindon 015E,Unable to prosecute suspect
c346c133097a345846ae78e6099762e94818a8cfd24a46f36bbe85f2b3a54650,2024-06,Wiltshire Police,Wiltshire Police,-1.772736,51.562679,On or near Petrol Station,E01015475,Swindon 015A,Suspect charged
1f7f0e540ccbbbc5ccbac1ce8f8a6b3745e957b333ac1efb64fe7a15acbe95f5,2024-06,Wiltshire Police,Wiltshire Police,-2.126641,51.355178,On or near Beaufort Close,E01032072,Wiltshire 021F,Offender given a caution
237a53586476951a1189fdbb9109d3914ae1fb212ebc4d3138523975ac962b9b,2024-06,Wiltshire Police,Wiltshire Police,-1.778371,51.565215,On or near Gladstone Street,E01015480,Swindon 015D,Suspect charged
952c8f8252d22de730b7a6fdc8eff748e1528e00e1574189e4e68f121a536bbc,2024-06,Wiltshire Police,Wiltshire Police,-2.202234,51.309250,On or near Drynham Road,E01032093,Wiltshire 035B,Local resolution
375f115c60b97ed1aac90eaaf09c7d5d4c84390bb9f27a293819f4ca95bd095d,2024-06,Wiltshire Police,Wiltshire Police,-2.209886,51.322967,On or near Supermarket,E01034533,Wiltshire 031D,Suspect charged
9b475f56562bccf9d48d188ef2ce1fc39496a8acb6ffc3104e7258c30933fbc3,2024-06,Wiltshire Police,Wiltshire Police,-1.828994,51.573185,On or near Forest Park Road,E01015561,Swindon 014A,Suspect charged
f82390b8f0f9f6a099f1c762f683b84efb36505f284cd45b025e0d6ea7d29ba5,2024-06,Wiltshire Police,Wiltshire Police,-2.129552,51.384182,On or near Little John Avenue,E01032064,Wiltshire 020B,Unable to prosecute suspect
d7abab692334179c6a9b0936fc4e6317bec082d77618c6aca22b162d20f72844,2024-06,Wiltshire Police,Wiltshire Police,-1.816569,51.602244,On or near Delft Crescent,E01032711,Swindon 027D,Unable to prosecute suspect
058576f26c7abf68afeb0aadad17e3edb23b4971031b3209a4907a1649c5f223,2024-06,Wiltshire Police,Wiltshire Police,-1.778273,51.555738,On or near Victoria Road,E01032715,Swindon 019F,Suspect charged
9b475f56562bccf9d48d188ef2ce1fc39496a8acb6ffc3104e7258c30933fbc3,2024-06,Wiltshire Police,Wiltshire Police,-1.828994,51.573185,On or near Forest Park Road,E01015561,Swindon 014A,Suspect charged
157599081d16b1fa55d6b6eae0bdddf7b77d801aac6f10a38c5a88beb44d4bce,2024-06,Wiltshire Police,Wiltshire Police,-2.002722,51.352855,On or near Moyne Close,E01031854,Wiltshire 026B,Suspect charged
157599081d16b1fa55d6b6eae0bdddf7b77d801aac6f10a38c5a88beb44d4bce,2024-06,Wiltshire Police,Wiltshire Police,-2.002722,51.352855,On or near Moyne Close,E01031854,Wiltshire 026B,Suspect charged
eb38192c96958e8d3dfafda6c24c26fac431d504b6c10ea18cce2c82fe16636a,2024-06,Wiltshire Police,Wiltshire Police,-1.733233,51.555777,On or near Supermarket,E01015491,Swindon 023E,Suspect charged
285502e3c1195e8ce8313cc692cfb2a73235a9b9a46d84a89b1a8b31fe2022fc,2024-06,Wiltshire Police,Wiltshire Police,-1.739101,51.567885,On or near Parking Area,E01015481,Swindon 013A,Suspect charged
bf578bc86737650aa63369f7635aff8f5765c234aecfa1212a0f38f402b8daa1,2024-06,Wiltshire Police,Wiltshire Police,-1.811219,51.567084,On or near Bus/Coach Station,E01015581,Swindon 012D,Unable to prosecute suspect
7bc0808a3bbfa24a231d7c87525e2b5fdedb8c69649802431396114a1574a2f6,2024-06,Wiltshire Police,Wiltshire Police,-1.801478,51.083766,On or near Fairfield Road,E01032019,Wiltshire 053B,Unable to prosecute suspect
5c8c1b0b26beb2f57614d8302bdd2b2b34aa19b95e8ab90cc2b6bc20140d4d94,2024-06,Wiltshire Police,Wiltshire Police,-1.962074,51.364987,On or near Horse Leaze,E01034539,Wiltshire 034F,Unable to prosecute suspect
93213ef583eae4c998abd3f2907623bfb5a7d0582a5b729c00cbec960e2b8b3b,2024-06,Wiltshire Police,Wiltshire Police,-1.752306,51.551109,On or near Trentham Close,E01015541,Swindon 020D,Unable to prosecute suspect
1af42522132d1c8999bdec02923c6bc116aa4006fcbfabab8a9c75462b15ca31,2024-06,Wiltshire Police,Wiltshire Police,-2.203533,51.204079,On or near Swaledale Road,E01032110,Wiltshire 043A,Unable to prosecute suspect
3f5a09b45c590d27608016480452a377ed094658cd1a21574981397a9addef9f,2024-06,Wiltshire Police,Wiltshire Police,-1.751496,51.548859,On or near Trinity Close,E01015542,Swindon 020E,Unable to prosecute suspect
a8e4e0bad665f69283a9ad4760996f7c950356f6dbd896b88e4b5773bd749dc8,2024-06,Wiltshire Police,Wiltshire Police,-2.129552,51.384182,On or near Little John Avenue,E01032064,Wiltshire 020B,Suspect charged
157599081d16b1fa55d6b6eae0bdddf7b77d801aac6f10a38c5a88beb44d4bce,2024-06,Wiltshire Police,Wiltshire Police,-2.002722,51.352855,On or near Moyne Close,E01031854,Wiltshire 026B,Suspect charged
e379d9926bf80e5666f3c843971c59564d100a66376154d0a740d485c6a882d4,2024-06,Wiltshire Police,Wiltshire Police,-1.992283,51.352450,On or near Monday Market Street,E01031854,Wiltshire 026B,Suspect charged
ef429f0eca3c4238625112a0edd3f24a9985c1c66d4378c0345c43a23d57f99c,2024-06,Wiltshire Police,Wiltshire Police,-1.723211,51.628109,On or near Cricklade Road,E01015521,Swindon 001C,Suspect charged
0dae6b7ae8068a2e751258882acd896c23782f92077dd3385c739b5000d0cfe8,2024-06,Wiltshire Police,Wiltshire Police,-1.795554,51.070447,On or near Chipper Lane,E01032014,Wiltshire 056A,Suspect charged
7612695a05251234dc4764efbfcc80e88b7cd006539e2afe29286ba1750aac1c,2024-06,Wiltshire Police,Wiltshire Police,-1.786886,51.561517,On or near Queen Street,E01033845,Swindon 015E,Suspect charged
854e1001c8d42dc38e2b5b591b58411e422b31a06f7655608a08ec81fee5620f,2024-06,Wiltshire Police,Wiltshire Police,-1.789134,51.101297,On or near Castle Well Road,E01034549,Wiltshire 057F,Suspect charged
cba171b97079391a6118ac1283611357ea6ae1206ed321b4dacad11afad51198,2024-06,Wiltshire Police,Wiltshire Police,-1.773339,51.567579,On or near Colbourne Street,E01015479,Swindon 017A,Suspect charged
c2e70eae582f7cdcf2fb8dbbe61b31ae266fa0d4af7eee420f47660234f87f34,2024-06,Wiltshire Police,Wiltshire Police,-1.776111,51.552443,On or near Wood Street,E01015534,Swindon 024B,Suspect charged
49c0f6ff824e9cbfa1850e879feb3e51c053a4ca13b7294e0fc2198be3fc186f,2024-06,Wiltshire Police,Wiltshire Police,-1.783017,51.559046,On or near Temple Street,E01032714,Swindon 019E,Suspect charged
23b481f78cae1c4de14ee0bb6d34ea16c628ed497d02b257de6dada23bb30b2e,2024-06,Wiltshire Police,Wiltshire Police,-1.720856,51.415716,On or near Woodstock Court,E01031861,Wiltshire 019A,Suspect charged
93213ef583eae4c998abd3f2907623bfb5a7d0582a5b729c00cbec960e2b8b3b,2024-06,Wiltshire Police,Wiltshire Police,-1.752306,51.551109,On or near Trentham Close,E01015541,Swindon 020D,Unable to prosecute suspect
3d3ddb5c03e4d5ef075932dd309558d242ffe868132ed03752af25c606634646,2024-06,Wiltshire Police,Wiltshire Police,-2.208535,51.293988,On or near St Nicholas Close,E01032053,Wiltshire 037A,Unable to prosecute suspect
ba492096992070159115598e8107d3493290f183e181d71b3418bbe914c1f7d7,2024-06,Wiltshire Police,Wiltshire Police,-2.118597,51.459992,On or near Foghamshire,E01031912,Wiltshire 011B,Suspect charged
23b481f78cae1c4de14ee0bb6d34ea16c628ed497d02b257de6dada23bb30b2e,2024-06,Wiltshire Police,Wiltshire Police,-1.720856,51.415716,On or near Woodstock Court,E01031861,Wiltshire 019A,Suspect charged
424f2b0a611da5081e3625e0df0be9326d913eeea87dd9c7f195d780f3ad6b47,2024-06,Wiltshire Police,Wiltshire Police,-1.775544,51.559293,On or near Supermarket,E01015493,Swindon 017B,Suspect charged
1743f5487aee5a99437be0f72a7dfc557151958b4f25a6eeec746c5bbbff9711,2024-06,Wiltshire Police,Wiltshire Police,-1.763468,51.559894,On or near Supermarket,E01015573,Swindon 016C,Unable to prosecute suspect
1743f5487aee5a99437be0f72a7dfc557151958b4f25a6eeec746c5bbbff9711,2024-06,Wiltshire Police,Wiltshire Police,-1.763468,51.559894,On or near Supermarket,E01015573,Swindon 016C,Unable to prosecute suspect
23b481f78cae1c4de14ee0bb6d34ea16c628ed497d02b257de6dada23bb30b2e,2024-06,Wiltshire Police,Wiltshire Police,-1.720856,51.415716,On or near Woodstock Court,E01031861,Wiltshire 019A,Suspect charged
f4f566dad2bbc998abddb52cfcefd1c54d506b022b07a6013f1ae772a6697853,2024-06,Wiltshire Police,Wiltshire Police,-1.755347,51.564953,On or near Maitland Road,E01015575,Swindon 016D,Suspect charged
40cb50850ff25b7b0361816426704e10ee8bbd5136ad8447189be30d10a70e2b,2024-06,Wiltshire Police,Wiltshire Police,-1.773339,51.567579,On or near Colbourne Street,E01015479,Swindon 017A,Further investigation is not in the public interest
9d04ac0a604fbb1759f63f25951b93a1794d1631701176867a973f3fd450c2f8,2024-06,Wiltshire Police,Wiltshire Police,-1.798516,51.068744,On or near Bridge Street,E01032022,Wiltshire 058C,Unable to prosecute suspect
eb38192c96958e8d3dfafda6c24c26fac431d504b6c10ea18cce2c82fe16636a,2024-06,Wiltshire Police,Wiltshire Police,-1.733233,51.555777,On or near Supermarket,E01015491,Swindon 023E,Suspect charged
0e1003dda2b093ce097d8cd271b64f7efdad14ec84535b19be0b89258d6d8564,2024-06,Wiltshire Police,Wiltshire Police,-1.992283,51.352450,On or near Monday Market Street,E01031854,Wiltshire 026B,Suspect charged
74de0678c303ceee1bb6d0fdac055c6d11237c8458b45bb1c9a74b478fec1384,2024-06,Wiltshire Police,Wiltshire Police,-1.790730,51.541729,On or near Supermarket,E01033848,Swindon 024F,Suspect charged
28e699a4c96d9f8152717c69eed754ba5812ab43c62653cf4fb13b76436e90e0,2024-06,Wiltshire Police,Wiltshire Police,-2.238746,51.339717,On or near Widbrook View,E01032048,Wiltshire 027D,Unable to prosecute suspect
48a19cf30b21b962c98f91a3155f9b8f16795cfbb8a96435733c3bdba2375549,2024-06,Wiltshire Police,Wiltshire Police,-1.809375,51.592657,On or near Supermarket,E01015513,Swindon 004A,Suspect charged
c0bfa56834af900af6f3b83aadc78408e871b24c8eee79619687f3dce06e2f8f,2024-06,Wiltshire Police,Wiltshire Police,-1.777961,51.578431,On or near Wilcox Close,E01015508,Swindon 010A,Unable to prosecute suspect
c0bfa56834af900af6f3b83aadc78408e871b24c8eee79619687f3dce06e2f8f,2024-06,Wiltshire Police,Wiltshire Police,-1.777961,51.578431,On or near Wilcox Close,E01015508,Swindon 010A,Unable to prosecute suspect
5c8c1b0b26beb2f57614d8302bdd2b2b34aa19b95e8ab90cc2b6bc20140d4d94,2024-06,Wiltshire Police,Wiltshire Police,-1.962074,51.364987,On or near Horse Leaze,E01034539,Wiltshire 034F,Unable to prosecute suspect
5c8c1b0b26beb2f57614d8302bdd2b2b34aa19b95e8ab90cc2b6bc20140d4d94,2024-06,Wiltshire Police,Wiltshire Police,-1.962074,51.364987,On or near Horse Leaze,E01034539,Wiltshire 034F,Unable to prosecute suspect
ca3b549854b56f99780cae16a10ffd723cc77236819a7e9b3c3262ada5ad3653,2024-06,Wiltshire Police,Wiltshire Police,-1.992283,51.352450,On or near Monday Market Street,E01031854,Wiltshire 026B,Suspect charged
22deda51188d9b89dd31ae2afb1ca236c0f1e682e47692e4ae3381a8582a7fbe,2024-06,Wiltshire Police,Wiltshire Police,-1.995557,51.352612,On or near Parking Area,E01031854,Wiltshire 026B,Suspect charged
ef429f0eca3c4238625112a0edd3f24a9985c1c66d4378c0345c43a23d57f99c,2024-06,Wiltshire Police,Wiltshire Police,-1.723211,51.628109,On or near Cricklade Road,E01015521,Swindon 001C,Suspect charged
ef429f0eca3c4238625112a0edd3f24a9985c1c66d4378c0345c43a23d57f99c,2024-06,Wiltshire Police,Wiltshire Police,-1.723211,51.628109,On or near Cricklade Road,E01015521,Swindon 001C,Suspect charged
ef429f0eca3c4238625112a0edd3f24a9985c1c66d4378c0345c43a23d57f99c,2024-06,Wiltshire Police,Wiltshire Police,-1.723211,51.628109,On or near Cricklade Road,E01015521,Swindon 001C,Suspect charged
ef429f0eca3c4238625112a0edd3f24a9985c1c66d4378c0345c43a23d57f99c,2024-06,Wiltshire Police,Wiltshire Police,-1.723211,51.628109,On or near Cricklade Road,E01015521,Swindon 001C,Suspect charged
058576f26c7abf68afeb0aadad17e3edb23b4971031b3209a4907a1649c5f223,2024-06,Wiltshire Police,Wiltshire Police,-1.778273,51.555738,On or near Victoria Road,E01032715,Swindon 019F,Suspect charged
058576f26c7abf68afeb0aadad17e3edb23b4971031b3209a4907a1649c5f223,2024-06,Wiltshire Police,Wiltshire Police,-1.778273,51.555738,On or near Victoria Road,E01032715,Swindon 019F,Suspect charged
058576f26c7abf68afeb0aadad17e3edb23b4971031b3209a4907a1649c5f223,2024-06,Wiltshire Police,Wiltshire Police,-1.778273,51.555738,On or near Victoria Road,E01032715,Swindon 019F,Suspect charged
880faa58dc503d7840b33e840dd8189a9efe6e57d2d8c7eb1aeb0f3a90e0a021,2024-06,Wiltshire Police,Wiltshire Police,-1.774724,51.552934,On or near Brock End,E01015534,Swindon 024B,Suspect charged
7612695a05251234dc4764efbfcc80e88b7cd006539e2afe29286ba1750aac1c,2024-06,Wiltshire Police,Wiltshire Police,-1.786886,51.561517,On or near Queen Street,E01033845,Swindon 015E,Suspect charged
c6ce3321aedfe3d07e2db6bd67c2fa2be4b8b9d44b00ca98bcec6cefd5367d86,2024-06,Wiltshire Police,Wiltshire Police,-1.764842,51.589807,On or near Supermarket,E01015559,Swindon 005E,Suspect charged
c6ce3321aedfe3d07e2db6bd67c2fa2be4b8b9d44b00ca98bcec6cefd5367d86,2024-06,Wiltshire Police,Wiltshire Police,-1.764842,51.589807,On or near Supermarket,E01015559,Swindon 005E,Suspect charged
be36b1a72783552ca061b497a90d32be5cdfaa5dedf6cbbe4889a35aa6d4f8f2,2024-06,Wiltshire Police,Wiltshire Police,-2.173097,51.297895,On or near Bratton Road,E01034541,Wiltshire 037E,Unable to prosecute suspect
854e1001c8d42dc38e2b5b591b58411e422b31a06f7655608a08ec81fee5620f,2024-06,Wiltshire Police,Wiltshire Police,-1.789134,51.101297,On or near Castle Well Road,E01034549,Wiltshire 057F,Suspect charged
854e1001c8d42dc38e2b5b591b58411e422b31a06f7655608a08ec81fee5620f,2024-06,Wiltshire Police,Wiltshire Police,-1.789134,51.101297,On or near Castle Well Road,E01034549,Wiltshire 057F,Suspect charged
854e1001c8d42dc38e2b5b591b58411e422b31a06f7655608a08ec81fee5620f,2024-06,Wiltshire Police,Wiltshire Police,-1.789134,51.101297,On or near Castle Well Road,E01034549,Wiltshire 057F,Suspect charged
854e1001c8d42dc38e2b5b591b58411e422b31a06f7655608a08ec81fee5620f,2024-06,Wiltshire Police,Wiltshire Police,-1.789134,51.101297,On or near Castle Well Road,E01034549,Wiltshire 057F,Suspect charged
854e1001c8d42dc38e2b5b591b58411e422b31a06f7655608a08ec81fee5620f,2024-06,Wiltshire Police,Wiltshire Police,-1.789134,51.101297,On or near Castle Well Road,E01034549,Wiltshire 057F,Suspect charged
854e1001c8d42dc38e2b5b591b58411e422b31a06f7655608a08ec81fee5620f,2024-06,Wiltshire Police,Wiltshire Police,-1.789134,51.101297,On or near Castle Well Road,E01034549,Wiltshire 057F,Suspect charged
31cdbca6e397ca98279ea86b19c8f960ca46a1a5ea02cf2e1af3d0c5e936b8e8,2024-06,Wiltshire Police,Wiltshire Police,-1.771011,51.338128,On or near The Crescent,E01031869,Wiltshire 024B,Unable to prosecute suspect
814db63a0f14bd79016d054dc3a3e1a0e0be76313b8421b07b7a5b527ec089d1,2024-06,Wiltshire Police,Wiltshire Police,-1.797935,51.054769,On or near Maplecroft,E01032007,Wiltshire 059C,Unable to prosecute suspect
1f7f0e540ccbbbc5ccbac1ce8f8a6b3745e957b333ac1efb64fe7a15acbe95f5,2024-06,Wiltshire Police,Wiltshire Police,-2.126641,51.355178,On or near Beaufort Close,E01032072,Wiltshire 021F,Offender given a caution
c346c133097a345846ae78e6099762e94818a8cfd24a46f36bbe85f2b3a54650,2024-06,Wiltshire Police,Wiltshire Police,-1.772736,51.562679,On or near Petrol Station,E01015475,Swindon 015A,Suspect charged
30c065b8bd844d1254ce32e4735233feb13975599be0ccb1a8bee7bc42c9dbca,2024-06,Wiltshire Police,Wiltshire Police,-2.119887,51.353746,On or near Locking Close,E01032072,Wiltshire 021F,Suspect charged
611b83c339d16f36efa56a884e71023fd8a2435fadc89c9ff23ff86eb92e00a6,2024-06,Wiltshire Police,Wiltshire Police,-1.801710,51.562748,On or near Linslade Street,E01032716,Swindon 012G,Unable to prosecute suspect
b0c8babb2ab92b9a4d59b11ccd88c0fc4df458039641f6026101c99dc341ea98,2024-06,Wiltshire Police,Wiltshire Police,-2.256370,51.207527,On or near Baytree Close,E01032051,Wiltshire 047A,Unable to prosecute suspect
04efe51548a4028f7eff9625637ca68ef7dcbfafd9cc28e139093b7a3a6817be,2024-06,Wiltshire Police,Wiltshire Police,-1.736388,51.567888,On or near Ravenscroft,E01015481,Swindon 013A,Unable to prosecute suspect
1c9ccecd84c66f424a1d7907888e2ed8eba98ec8a4ec5ff1399167c84d928407,2024-06,Wiltshire Police,Wiltshire Police,-1.792533,51.056693,On or near Petrol Station,E01032005,Wiltshire 059A,Suspect charged
c346c133097a345846ae78e6099762e94818a8cfd24a46f36bbe85f2b3a54650,2024-06,Wiltshire Police,Wiltshire Police,-1.772736,51.562679,On or near Petrol Station,E01015475,Swindon 015A,Suspect charged
c346c133097a345846ae78e6099762e94818a8cfd24a46f36bbe85f2b3a54650,2024-06,Wiltshire Police,Wiltshire Police,-1.772736,51.562679,On or near Petrol Station,E01015475,Swindon 015A,Suspect charged
46bdb42b6db98e33732f4341a16efb8667684b40b721a04240699727f6188377,2024-06,Wiltshire Police,Wiltshire Police,-1.728657,51.536068,On or near Axford Close,E01033849,Swindon 025G,Unable to prosecute suspect
c346c133097a345846ae78e6099762e94818a8cfd24a46f36bbe85f2b3a54650,2024-06,Wiltshire Police,Wiltshire Police,-1.772736,51.562679,On or near Petrol Station,E01015475,Swindon 015A,Suspect charged
a21acd51a4202a13376b5f6ad8a1f5ebafd09fe2f263df644ba4d45e3fdad39b,2024-06,Wiltshire Police,Wiltshire Police,-1.789957,51.561864,On or near Reading Street,E01033846,Swindon 015F,Unable to prosecute suspect
eb38192c96958e8d3dfafda6c24c26fac431d504b6c10ea18cce2c82fe16636a,2024-06,Wiltshire Police,Wiltshire Police,-1.733233,51.555777,On or near Supermarket,E01015491,Swindon 023E,Suspect charged
9b475f56562bccf9d48d188ef2ce1fc39496a8acb6ffc3104e7258c30933fbc3,2024-06,Wiltshire Police,Wiltshire Police,-1.828994,51.573185,On or near Forest Park Road,E01015561,Swindon 014A,Suspect charged
375f115c60b97ed1aac90eaaf09c7d5d4c84390bb9f27a293819f4ca95bd095d,2024-06,Wiltshire Police,Wiltshire Police,-2.209886,51.322967,On or near Supermarket,E01034533,Wiltshire 031D,Suspect charged
f82390b8f0f9f6a099f1c762f683b84efb36505f284cd45b025e0d6ea7d29ba5,2024-06,Wiltshire Police,Wiltshire Police,-2.129552,51.384182,On or near Little John Avenue,E01032064,Wiltshire 020B,Unable to prosecute suspect
3c161202ae1585b452fbcf7f2f9161db521e17a735dad5e24da8cbfde708818a,2024-06,Wiltshire Police,Wiltshire Police,-1.774724,51.552934,On or near Brock End,E01015534,Swindon 024B,Unable to prosecute suspect
c0c9b510aefda7ca9dc9c1d2c11c7b306bb864a3f862c3cb47aae0c3dd6909e8,2024-06,Wiltshire Police,Wiltshire Police,-2.203585,51.322636,On or near The Halve,E01032101,Wiltshire 032C,Unable to prosecute suspect
51580cef04bcb0b61d19c13d4dd9f14bf6f655554722754e27a1a8d0fc62b86d,2024-06,Wiltshire Police,Wiltshire Police,-2.212438,51.325570,On or near Charles Street,E01034533,Wiltshire 031D,Offender given a caution
51580cef04bcb0b61d19c13d4dd9f14bf6f655554722754e27a1a8d0fc62b86d,2024-06,Wiltshire Police,Wiltshire Police,-2.212438,51.325570,On or near Charles Street,E01034533,Wiltshire 031D,Offender given a caution
51580cef04bcb0b61d19c13d4dd9f14bf6f655554722754e27a1a8d0fc62b86d,2024-06,Wiltshire Police,Wiltshire Police,-2.212438,51.325570,On or near Charles Street,E01034533,Wiltshire 031D,Offender given a caution
51580cef04bcb0b61d19c13d4dd9f14bf6f655554722754e27a1a8d0fc62b86d,2024-06,Wiltshire Police,Wiltshire Police,-2.212438,51.325570,On or near Charles Street,E01034533,Wiltshire 031D,Offender given a caution
51580cef04bcb0b61d19c13d4dd9f14bf6f655554722754e27a1a8d0fc62b86d,2024-06,Wiltshire Police,Wiltshire Police,-2.212438,51.325570,On or near Charles Street,E01034533,Wiltshire 031D,Offender given a caution
a429e39b7ca475f03f21ae32163e684b5c8400619cc54b212b4313197559ce96,2024-06,Wiltshire Police,Wiltshire Police,-2.002037,51.432071,On or near Magnolia Rise,E01034525,Wiltshire 016F,Unable to prosecute suspect
a429e39b7ca475f03f21ae32163e684b5c8400619cc54b212b4313197559ce96,2024-06,Wiltshire Police,Wiltshire Police,-2.002037,51.432071,On or near Magnolia Rise,E01034525,Wiltshire 016F,Unable to prosecute suspect
a429e39b7ca475f03f21ae32163e684b5c8400619cc54b212b4313197559ce96,2024-06,Wiltshire Police,Wiltshire Police,-2.002037,51.432071,On or near Magnolia Rise,E01034525,Wiltshire 016F,Unable to prosecute suspect
b406f10934f0c2564b6821af861101c1e4a56afc1e26d3a9d9347849a62358b1,2024-06,Wiltshire Police,Wiltshire Police,-2.203110,51.338642,On or near Hammond Way,E01032078,Wiltshire 030B,Unable to prosecute suspect
b406f10934f0c2564b6821af861101c1e4a56afc1e26d3a9d9347849a62358b1,2024-06,Wiltshire Police,Wiltshire Police,-2.203110,51.338642,On or near Hammond Way,E01032078,Wiltshire 030B,Unable to prosecute suspect
80d308e40398c7240db05a1f27ed149f4e095538ad8fa9d3a2a62a29c3d8c69c,2024-06,Wiltshire Police,Wiltshire Police,-2.022350,51.289092,On or near Weavers Mead,E01031848,Wiltshire 028C,Unable to prosecute suspect
80d308e40398c7240db05a1f27ed149f4e095538ad8fa9d3a2a62a29c3d8c69c,2024-06,Wiltshire Police,Wiltshire Police,-2.022350,51.289092,On or near Weavers Mead,E01031848,Wiltshire 028C,Unable to prosecute suspect
2f26cfd40991c3169ae2599c525ed70b26322d122c4c4d08244b3f13b662a86b,2024-06,Wiltshire Police,Wiltshire Police,-1.784494,51.564003,On or near Milford Street,E01033845,Swindon 015E,Unable to prosecute suspect
237a53586476951a1189fdbb9109d3914ae1fb212ebc4d3138523975ac962b9b,2024-06,Wiltshire Police,Wiltshire Police,-1.778371,51.565215,On or near Gladstone Street,E01015480,Swindon 015D,Suspect charged
981f9d0d426b9aa874ba324ae71cf57240a2f4b462b692055c98ecda7f8399f5,2024-06,Wiltshire Police,Wiltshire Police,-2.125600,51.357822,On or near Gibson Close,E01032070,Wiltshire 021D,Unable to prosecute suspect
b816d641a01e9200689541f1df34e89c76b655e378a76776daf3b1a1fb87f9f2,2024-06,Wiltshire Police,Wiltshire Police,-2.280594,51.457091,On or near Pinewood Way,E01031930,Wiltshire 017E,Unable to prosecute suspect
30c065b8bd844d1254ce32e4735233feb13975599be0ccb1a8bee7bc42c9dbca,2024-06,Wiltshire Police,Wiltshire Police,-2.119887,51.353746,On or near Locking Close,E01032072,Wiltshire 021F,Suspect charged
30c065b8bd844d1254ce32e4735233feb13975599be0ccb1a8bee7bc42c9dbca,2024-06,Wiltshire Police,Wiltshire Police,-2.119887,51.353746,On or near Locking Close,E01032072,Wiltshire 021F,Suspect charged
30c065b8bd844d1254ce32e4735233feb13975599be0ccb1a8bee7bc42c9dbca,2024-06,Wiltshire Police,Wiltshire Police,-2.119887,51.353746,On or near Locking Close,E01032072,Wiltshire 021F,Suspect charged
30c065b8bd844d1254ce32e4735233feb13975599be0ccb1a8bee7bc42c9dbca,2024-06,Wiltshire Police,Wiltshire Police,-2.119887,51.353746,On or near Locking Close,E01032072,Wiltshire 021F,Suspect charged
05000fafadcf3784f4f8a71448f7c41f57e963b415e89805ddc048c414fb6a3f,2024-06,Wiltshire Police,Wiltshire Police,-1.789002,51.562492,On or near East Street,E01033845,Swindon 015E,Unable to prosecute suspect
e6081dd2afba08124b1a1db86a087441f08c2ce7cd4ec72af0ae20704ad1c9e0,2024-06,Wiltshire Police,Wiltshire Police,-1.795928,51.549071,On or near Seacole Crescent,E01032707,Swindon 021F,Unable to prosecute suspect
e6081dd2afba08124b1a1db86a087441f08c2ce7cd4ec72af0ae20704ad1c9e0,2024-06,Wiltshire Police,Wiltshire Police,-1.795928,51.549071,On or near Seacole Crescent,E01032707,Swindon 021F,Unable to prosecute suspect
c346c133097a345846ae78e6099762e94818a8cfd24a46f36bbe85f2b3a54650,2024-06,Wiltshire Police,Wiltshire Police,-1.772736,51.562679,On or near Petrol Station,E01015475,Swindon 015A,Suspect charged
c3176744352e54203aa9488199f98bf0927d04f85975907bc15ea5268f3311b6,2024-06,Wiltshire Police,Wiltshire Police,-1.806495,51.078548,On or near Sports/Recreation Area,E01032024,Wiltshire 055D,Unable to prosecute suspect
c3176744352e54203aa9488199f98bf0927d04f85975907bc15ea5268f3311b6,2024-06,Wiltshire Police,Wiltshire Police,-1.806495,51.078548,On or near Sports/Recreation Area,E01032024,Wiltshire 055D,Unable to prosecute suspect
b0c8babb2ab92b9a4d59b11ccd88c0fc4df458039641f6026101c99dc341ea98,2024-06,Wiltshire Police,Wiltshire Police,-2.256370,51.207527,On or near Baytree Close,E01032051,Wiltshire 047A,Unable to prosecute suspect
da59e93579bcca167a855ee18e2dbedfa3c1c616b8fe1c2828bf83f828430e4a,2024-06,Wiltshire Police,Wiltshire Police,-1.983657,51.338116,On or near Parking Area,E01031855,Wiltshire 026C,Unable to prosecute suspect
d29cc97d01e392a82ac5fe832f5c39a33bbefd6317a4781902f883cbeb749783,2024-06,Wiltshire Police,Wiltshire Police,-1.870738,51.082037,On or near A30,E01032038,Wiltshire 054D,Unable to prosecute suspect
d29cc97d01e392a82ac5fe832f5c39a33bbefd6317a4781902f883cbeb749783,2024-06,Wiltshire Police,Wiltshire Police,-1.870738,51.082037,On or near A30,E01032038,Wiltshire 054D,Unable to prosecute suspect
730bc3c6e5eca07b03a8b9b24841cbad13492b87fa57278ec1cc56cb70a59ef2,2024-06,Wiltshire Police,Wiltshire Police,-2.251913,51.337504,On or near Spencers Orchard,E01032049,Wiltshire 027E,Suspect charged
3c161202ae1585b452fbcf7f2f9161db521e17a735dad5e24da8cbfde708818a,2024-06,Wiltshire Police,Wiltshire Police,-1.774724,51.552934,On or near Brock End,E01015534,Swindon 024B,Unable to prosecute suspect
3c161202ae1585b452fbcf7f2f9161db521e17a735dad5e24da8cbfde708818a,2024-06,Wiltshire Police,Wiltshire Police,-1.774724,51.552934,On or near Brock End,E01015534,Swindon 024B,Unable to prosecute suspect
3c161202ae1585b452fbcf7f2f9161db521e17a735dad5e24da8cbfde708818a,2024-06,Wiltshire Police,Wiltshire Police,-1.774724,51.552934,On or near Brock End,E01015534,Swindon 024B,Unable to prosecute suspect
a716e1c740bc037f68e4780ad62a20a21eb2bb03ebe695011982492a694f524a,2024-06,Wiltshire Police,Wiltshire Police,-2.152907,51.385412,On or near Fieldsview,E01032044,Wiltshire 021B,Unable to prosecute suspect
d7abab692334179c6a9b0936fc4e6317bec082d77618c6aca22b162d20f72844,2024-06,Wiltshire Police,Wiltshire Police,-1.816569,51.602244,On or near Delft Crescent,E01032711,Swindon 027D,Unable to prosecute suspect
d97d5852f9027da82ee8fb719d0d1409a9a99d3f64db850e3602734c27adda7b,2024-06,Wiltshire Police,Wiltshire Police,-1.785302,51.560868,On or near Shopping Area,E01015494,Swindon 019A,Investigation complete; no suspect identified
9fca3d6553c24a26d359e9e684d7f695b71489a5c67e026e7f17cc4b62494bec,2024-06,Wiltshire Police,Wiltshire Police,-1.785036,51.595798,On or near Lyneham Close,E01015545,Swindon 003C,Investigation complete; no suspect identified
3d31970af1a266f9373d7779e9570372d0235e111f1f5dec8164e7b5025f74ee,2024-06,Wiltshire Police,Wiltshire Police,-1.775963,51.561964,On or near Newcastle Street,E01015493,Swindon 017B,Investigation complete; no suspect identified
56a883974445e7690c9bef75cc939293723bd7cd771ae4afb3afb6dd01c77415,2024-06,Wiltshire Police,Wiltshire Police,-1.746546,51.588573,On or near St Quentin Close,E01015552,Swindon 009D,Action to be taken by another organisation
19153b8ffbd3a949df529fb86dc292924434884ff11fb515ebc19f917b57d257,2024-06,Wiltshire Police,Wiltshire Police,-2.161915,51.397053,On or near Whites Corner,E01032044,Wiltshire 021B,Unable to prosecute suspect
0b2a4f7439bd2e966e49f71d48b197544ac136502a067a9c0712ea7068547af6,2024-06,Wiltshire Police,Wiltshire Police,-2.218593,51.493845,On or near Westway Close,E01031951,Wiltshire 008D,Investigation complete; no suspect identified
7895c7b0e96f49af7f26a2077ac870aace6b1f18514a85cbd41332ef83870e32,2024-06,Wiltshire Police,Wiltshire Police,-1.769188,51.586704,On or near Haig Close,E01015559,Swindon 005E,Investigation complete; no suspect identified
761b1faafcb56632aaa0d27cb3e1a334f4e2470f6d824f360a9a3cff087f3f85,2024-06,Wiltshire Police,Wiltshire Police,-2.133138,51.475820,On or near Honeysuckle Close,E01031907,Wiltshire 009A,Investigation complete; no suspect identified
0f57749f22987a68c973182051d919ed6a1a43bcd932622ff55eb5f820076d50,2024-06,Wiltshire Police,Wiltshire Police,-1.768159,51.584679,On or near Dores Court,E01015559,Swindon 005E,Investigation complete; no suspect identified
2b23358afe79489820c675bb50e34968f154ddb6cac78f60d2195438ac755367,2024-06,Wiltshire Police,Wiltshire Police,-1.833475,51.094804,On or near Maundrell Lane,E01031980,Wiltshire 052A,Unable to prosecute suspect
a8f95cac0b130b2d3f946688e4dd491a161fbf6f83fba3529a613f5e9cf61b56,2024-06,Wiltshire Police,Wiltshire Police,-1.809358,51.059072,On or near Sports/Recreation Area,E01032008,Wiltshire 058A,Unable to prosecute suspect
364747a4564ee9d0010502f1f06825505fb48c8fb8397208c999a70db6f5f165,2024-06,Wiltshire Police,Wiltshire Police,-1.821264,51.553527,On or near Parking Area,E01015570,Swindon 022E,Suspect charged
6d0f83bd3380bb962746fb3cb521d6d6aa35a02eb05d2078bdc03f24b94eabdd,2024-06,Wiltshire Police,Wiltshire Police,-1.784138,51.590428,On or near Westbury Road,E01015543,Swindon 003A,Suspect charged
726302180b8d17d368fe1341913527ba72fdd9928882a1cb0f603e24419db4b3,2024-06,Wiltshire Police,Wiltshire Police,-2.228836,51.310082,On or near Summerleaze,E01032096,Wiltshire 033A,Unable to prosecute suspect
07a2fee0424e1c2b9b0b8e6f94dbc72a6822bbaa6341dcf7c206e13ffb1f518f,2024-06,Wiltshire Police,Wiltshire Police,-2.267926,51.089858,On or near Barnes Place,E01032035,Wiltshire 050B,Unable to prosecute suspect
aed8d4e713e9ac35500471a4063978d0c26be5f299502126abc65bccc9e2ca65,2024-06,Wiltshire Police,Wiltshire Police,-1.794106,51.550300,On or near Bacon Close,E01032706,Swindon 021E,Unable to prosecute suspect
b5224b93538642bd0dabfaccbf6facb54b1e24933a65d508b620b51682d4f7fe,2024-06,Wiltshire Police,Wiltshire Police,-1.808862,51.597570,On or near Shopping Area,E01032710,Swindon 028E,Unable to prosecute suspect
364747a4564ee9d0010502f1f06825505fb48c8fb8397208c999a70db6f5f165,2024-06,Wiltshire Police,Wiltshire Police,-1.821264,51.553527,On or near Parking Area,E01015570,Swindon 022E,Suspect charged
bdc32ea825d2e87ec3f119359ba02331d63060fa4e27a888c1d62d8941417396,2024-06,Wiltshire Police,Wiltshire Police,-1.809375,51.592657,On or near Supermarket,E01015513,Swindon 004A,Unable to prosecute suspect
1105bee725cb5dd2167354b2322aad5f347a03d11c9c8d447522e46deceb60a1,2024-06,Wiltshire Police,Wiltshire Police,-1.783255,51.563641,On or near Bus/Coach Station,E01015475,Swindon 015A,Unable to prosecute suspect
c75b400265ce5a862f85f7dc585ba55dc288aec25c91332c20f16b22fb773388,2024-06,Wiltshire Police,Wiltshire Police,-1.806740,51.061070,On or near Parking Area,E01032009,Wiltshire 058B,Unable to prosecute suspect
4bb4ea5d465fcfb94ff106171c028ef57c0123dec17f89c0ba8616330ebce1cd,2024-06,Wiltshire Police,Wiltshire Police,-1.755805,51.571050,On or near Parking Area,E01015549,Swindon 009A,Investigation complete; no suspect identified
b63e69e5e5e01008dd0150f4819a3a12e2d0738f0aa942ca3114c5da556169ad,2024-06,Wiltshire Police,Wiltshire Police,-1.750977,51.554172,On or near Whitbourne Avenue,E01015540,Swindon 020C,Suspect charged
d44d0726c0c835b8d463b0f733a06570e8766e17576c9b29686e804612980196,2024-06,Wiltshire Police,Wiltshire Police,-2.214693,51.319892,On or near Parking Area,E01032085,Wiltshire 031A,Unable to prosecute suspect
5067562df90ef66bb9798dfb156d8df9f6b430eedbabf7f1d73714be2042051b,2024-06,Wiltshire Police,Wiltshire Police,-2.138282,51.372474,On or near High Street,E01032068,Wiltshire 022D,Local resolution
074c24148026d53e12beaf7d858c86e222aa56fbb97fbc3fc957a84805100f36,2024-06,Wiltshire Police,Wiltshire Police,-1.860533,51.640256,On or near Saxon Close,E01031936,Wiltshire 001D,Unable to prosecute suspect
9fdffebac446c2b0731f81891ff3b2a24aec48ebd96baa097ace55d63f06fa3e,2024-06,Wiltshire Police,Wiltshire Police,-2.215651,51.312948,On or near Sleightholme Court,E01032094,Wiltshire 035C,Unable to prosecute suspect
a27f584b25a33b9401e75bc34b6836debd915e858cf85b29149d555dd263f9d2,2024-06,Wiltshire Police,Wiltshire Police,-2.268971,51.090323,On or near The Square,E01032037,Wiltshire 050D,Suspect charged
7b52207a641913b531ce65a70f94d3c634241408332dcf35a1eed5c9c33ab943,2024-06,Wiltshire Police,Wiltshire Police,-1.795114,51.608484,On or near Lady Lane,E01015471,Swindon 028A,Unable to prosecute suspect
9fdffebac446c2b0731f81891ff3b2a24aec48ebd96baa097ace55d63f06fa3e,2024-06,Wiltshire Police,Wiltshire Police,-2.215651,51.312948,On or near Sleightholme Court,E01032094,Wiltshire 035C,Unable to prosecute suspect
0868c2ca4b216cc9b880f960fc8fc95a2a9b93c52581809967729742ea5f84bd,2024-06,Wiltshire Police,Wiltshire Police,-2.226064,51.312281,On or near Talbot Road,E01032098,Wiltshire 033C,Unable to prosecute suspect
a5c28f05de2eedac5cfe290a7c1556a28bbe63fb808f70b0d6170c8933104dd9,2024-06,Wiltshire Police,Wiltshire Police,-1.773038,51.573167,On or near Sports/Recreation Area,E01015510,Swindon 010C,Suspect charged
74400bf7b0976a95d3ef204c81411295f653c6a25d51ed6cee5c4afda3193d02,2024-06,Wiltshire Police,Wiltshire Police,-2.228836,51.310082,On or near Summerleaze,E01032096,Wiltshire 033A,Suspect charged
c2adab8f409af7089e2192f2ee81a959b194a7921a3779b059ccb1ec539fcdbf,2024-06,Wiltshire Police,Wiltshire Police,-2.119118,51.356022,On or near Chadwick Close,E01032072,Wiltshire 021F,Unable to prosecute suspect
f98de7bd547bad4f1083efa184ca6808909bc85fa6db6d1f427d291ccc42c5ed,2024-06,Wiltshire Police,Wiltshire Police,-2.196922,51.271502,On or near Hawkeridge Park,E01034552,Wiltshire 063B,Unable to prosecute suspect
46f9e0325338e10a18cad0c8d712f668b0e1b34b230308cf0533765ccaff1a86,2024-06,Wiltshire Police,Wiltshire Police,-1.792431,51.553830,On or near Kingshill Road,E01015498,Swindon 021B,Suspect charged
bfff72b6c0ef2a79baf0aeebbe1fe106b8de575b479c61e7d988646807910beb,2024-06,Wiltshire Police,Wiltshire Police,-1.743343,51.567805,On or near Northfield Way,E01015484,Swindon 013D,Unable to prosecute suspect
94f1b199be742c5a2129d549fc0b7ad753939cf66fe491090bafdad6f6ef065d,2024-06,Wiltshire Police,Wiltshire Police,-2.100305,51.447862,On or near Lysley Close,E01031923,Wiltshire 014D,Suspect charged
c5dd068dbb7b24ce3756f592d47902c84a266b62b98f637f5bea208199e0a83e,2024-06,Wiltshire Police,Wiltshire Police,-1.777832,51.554352,On or near King John Street,E01032715,Swindon 019F,Unable to prosecute suspect
2c7be644d934aa2430c45486f76c0810a08ae52395f52398d60defa1775d3667,2024-06,Wiltshire Police,Wiltshire Police,-1.749178,51.556066,On or near Hartland Close,E01015540,Swindon 020C,Unable to prosecute suspect
e919aa031be5e49f7b18a0c2549f9b030b99db9c2a3a2ebfd0ceda7b6e2e251f,2024-06,Wiltshire Police,Wiltshire Police,-1.912663,51.538354,On or near Salt Spring Drive,E01031968,Wiltshire 007H,Suspect charged
2b01f4306349c83ce2c2102f799f6443eca669a4b10a68293c0bd1b9c0759eb1,2024-06,Wiltshire Police,Wiltshire Police,-1.826315,51.609829,On or near Gimson Crescent,E01033842,Swindon 008G,Unable to prosecute suspect
ea3d31abeab4fa6292cd80c47dc9b054f62bc0359912101b647e49bdb0b65ee5,2024-06,Wiltshire Police,Wiltshire Police,-1.773658,51.552618,On or near Steeple View,E01015534,Swindon 024B,Local resolution
f1a4f63c235bea45e02da30da67a9c945b1177316d17085326c1022467b5b955,2024-06,Wiltshire Police,Wiltshire Police,-2.100305,51.447862,On or near Lysley Close,E01031923,Wiltshire 014D,Suspect charged
e8e53fadcd7ee7b7c2e51b410cee2bcf326076110bb7035e23da52b690813735,2024-06,Wiltshire Police,Wiltshire Police,-1.902007,51.545746,On or near Sprats Barn Crescent,E01031963,Wiltshire 006A,Formal action is not in the public interest
72485d1fb9621a1bce10f7d005a18cd65ab27581d51d2a6fef1b60942d9137ca,2024-06,Wiltshire Police,Wiltshire Police,-1.730882,51.420164,On or near Supermarket,E01031863,Wiltshire 019C,Suspect charged
72485d1fb9621a1bce10f7d005a18cd65ab27581d51d2a6fef1b60942d9137ca,2024-06,Wiltshire Police,Wiltshire Police,-1.730882,51.420164,On or near Supermarket,E01031863,Wiltshire 019C,Suspect charged
42bd09d2c66dd7d359c43c8641dbd997d00d6789681a488faf7d673faae28f0c,2024-06,Wiltshire Police,Wiltshire Police,-1.762534,51.561839,On or near Lennox Drive,E01015573,Swindon 016C,Local resolution
691f1350611b87bc9fa5974e757d0a9196aa0eb70f0520d709020824ba99b284,2024-06,Wiltshire Police,Wiltshire Police,-1.807513,51.599379,On or near Petrol Station,E01032710,Swindon 028E,Suspect charged
4bb4ea5d465fcfb94ff106171c028ef57c0123dec17f89c0ba8616330ebce1cd,2024-06,Wiltshire Police,Wiltshire Police,-1.755805,51.571050,On or near Parking Area,E01015549,Swindon 009A,Investigation complete; no suspect identified
b63e69e5e5e01008dd0150f4819a3a12e2d0738f0aa942ca3114c5da556169ad,2024-06,Wiltshire Police,Wiltshire Police,-1.750977,51.554172,On or near Whitbourne Avenue,E01015540,Swindon 020C,Suspect charged
9fdffebac446c2b0731f81891ff3b2a24aec48ebd96baa097ace55d63f06fa3e,2024-06,Wiltshire Police,Wiltshire Police,-2.215651,51.312948,On or near Sleightholme Court,E01032094,Wiltshire 035C,Unable to prosecute suspect
897cac087442a23821c66dab43c2321489125841db7e42b7da8c02947f47beb1,2024-06,Wiltshire Police,Wiltshire Police,-1.828149,51.559094,On or near Shopping Area,E01015569,Swindon 022D,Suspect charged
3e9f8753aa9f55188821105b24d079180bddff534b90d2f927860699e72a3c71,2024-06,Wiltshire Police,Wiltshire Police,-1.816891,51.554276,On or near Markenfield,E01015568,Swindon 014D,Suspect charged
abe6c308b1db5db2c8f17e63cfc3e7cd48803b09c20fb6a40bb834314b841aad,2024-06,Wiltshire Police,Wiltshire Police,-2.208658,51.327411,On or near James Street,E01034533,Wiltshire 031D,Unable to prosecute suspect
abe6c308b1db5db2c8f17e63cfc3e7cd48803b09c20fb6a40bb834314b841aad,2024-06,Wiltshire Police,Wiltshire Police,-2.208658,51.327411,On or near James Street,E01034533,Wiltshire 031D,Unable to prosecute suspect
0601f9be5811343857cfe3b7555f579bca07a223cfa869870e1f1ebc84bfe2ec,2024-06,Wiltshire Police,Wiltshire Police,-1.773407,51.550999,On or near B4006,E01015534,Swindon 024B,Unable to prosecute suspect
9fdffebac446c2b0731f81891ff3b2a24aec48ebd96baa097ace55d63f06fa3e,2024-06,Wiltshire Police,Wiltshire Police,-2.215651,51.312948,On or near Sleightholme Court,E01032094,Wiltshire 035C,Unable to prosecute suspect
9016e019c8cf435bd005372c755a87ee1a386ce9d254c71da9beaebf56b00b95,2024-06,Wiltshire Police,Wiltshire Police,-2.179946,51.204648,On or near Market Place,E01032103,Wiltshire 044A,Suspect charged
bfff72b6c0ef2a79baf0aeebbe1fe106b8de575b479c61e7d988646807910beb,2024-06,Wiltshire Police,Wiltshire Police,-1.743343,51.567805,On or near Northfield Way,E01015484,Swindon 013D,Unable to prosecute suspect
bfff72b6c0ef2a79baf0aeebbe1fe106b8de575b479c61e7d988646807910beb,2024-06,Wiltshire Police,Wiltshire Police,-1.743343,51.567805,On or near Northfield Way,E01015484,Swindon 013D,Unable to prosecute suspect
bfff72b6c0ef2a79baf0aeebbe1fe106b8de575b479c61e7d988646807910beb,2024-06,Wiltshire Police,Wiltshire Police,-1.743343,51.567805,On or near Northfield Way,E01015484,Swindon 013D,Unable to prosecute suspect
2c7be644d934aa2430c45486f76c0810a08ae52395f52398d60defa1775d3667,2024-06,Wiltshire Police,Wiltshire Police,-1.749178,51.556066,On or near Hartland Close,E01015540,Swindon 020C,Unable to prosecute suspect
2c7be644d934aa2430c45486f76c0810a08ae52395f52398d60defa1775d3667,2024-06,Wiltshire Police,Wiltshire Police,-1.749178,51.556066,On or near Hartland Close,E01015540,Swindon 020C,Unable to prosecute suspect
2c7be644d934aa2430c45486f76c0810a08ae52395f52398d60defa1775d3667,2024-06,Wiltshire Police,Wiltshire Police,-1.749178,51.556066,On or near Hartland Close,E01015540,Swindon 020C,Unable to prosecute suspect
2c7be644d934aa2430c45486f76c0810a08ae52395f52398d60defa1775d3667,2024-06,Wiltshire Police,Wiltshire Police,-1.749178,51.556066,On or near Hartland Close,E01015540,Swindon 020C,Unable to prosecute suspect
51a83ecbb9965a6fc205300bcde30d99a6b94084171ff3a56eabe1a1f965baa4,2024-06,Wiltshire Police,Wiltshire Police,-2.137094,51.374040,On or near Parking Area,E01032062,Wiltshire 022A,Unable to prosecute suspect
77c62760334071e434464d036da26803ef46da201f3e2464e7e7e714fb3a4971,2024-06,Wiltshire Police,Wiltshire Police,-1.801122,51.601544,On or near Gamekeepers Close,E01032710,Swindon 028E,Formal action is not in the public interest
51a83ecbb9965a6fc205300bcde30d99a6b94084171ff3a56eabe1a1f965baa4,2024-06,Wiltshire Police,Wiltshire Police,-2.137094,51.374040,On or near Parking Area,E01032062,Wiltshire 022A,Unable to prosecute suspect
51a83ecbb9965a6fc205300bcde30d99a6b94084171ff3a56eabe1a1f965baa4,2024-06,Wiltshire Police,Wiltshire Police,-2.137094,51.374040,On or near Parking Area,E01032062,Wiltshire 022A,Unable to prosecute suspect
e919aa031be5e49f7b18a0c2549f9b030b99db9c2a3a2ebfd0ceda7b6e2e251f,2024-06,Wiltshire Police,Wiltshire Police,-1.912663,51.538354,On or near Salt Spring Drive,E01031968,Wiltshire 007H,Suspect charged
2c7be644d934aa2430c45486f76c0810a08ae52395f52398d60defa1775d3667,2024-06,Wiltshire Police,Wiltshire Police,-1.749178,51.556066,On or near Hartland Close,E01015540,Swindon 020C,Unable to prosecute suspect
2c7be644d934aa2430c45486f76c0810a08ae52395f52398d60defa1775d3667,2024-06,Wiltshire Police,Wiltshire Police,-1.749178,51.556066,On or near Hartland Close,E01015540,Swindon 020C,Unable to prosecute suspect
2c7be644d934aa2430c45486f76c0810a08ae52395f52398d60defa1775d3667,2024-06,Wiltshire Police,Wiltshire Police,-1.749178,51.556066,On or near Hartland Close,E01015540,Swindon 020C,Unable to prosecute suspect
2c7be644d934aa2430c45486f76c0810a08ae52395f52398d60defa1775d3667,2024-06,Wiltshire Police,Wiltshire Police,-1.749178,51.556066,On or near Hartland Close,E01015540,Swindon 020C,Unable to prosecute suspect
c5dd068dbb7b24ce3756f592d47902c84a266b62b98f637f5bea208199e0a83e,2024-06,Wiltshire Police,Wiltshire Police,-1.777832,51.554352,On or near King John Street,E01032715,Swindon 019F,Unable to prosecute suspect
d346bea383e95d8f4ef63bc1f7ba8681a45acdaa3d642351a23d958e51a825da,2024-06,Wiltshire Police,Wiltshire Police,-1.986551,51.359238,On or near Palmer Road,E01032693,Wiltshire 025H,Unable to prosecute suspect
d346bea383e95d8f4ef63bc1f7ba8681a45acdaa3d642351a23d958e51a825da,2024-06,Wiltshire Police,Wiltshire Police,-1.986551,51.359238,On or near Palmer Road,E01032693,Wiltshire 025H,Unable to prosecute suspect
796474ecbfac72be7680c07646df7b3d3b4e68a111834213170fa4fa4dc7de21,2024-06,Wiltshire Police,Wiltshire Police,-2.204237,51.327454,On or near B3106,E01032087,Wiltshire 031C,Further action is not in the public interest
796474ecbfac72be7680c07646df7b3d3b4e68a111834213170fa4fa4dc7de21,2024-06,Wiltshire Police,Wiltshire Police,-2.204237,51.327454,On or near B3106,E01032087,Wiltshire 031C,Further action is not in the public interest
69b7f421f072edd8f02363dc3678cbad62b88ad9f306d67f65f73779b30b8a04,2024-06,Wiltshire Police,Wiltshire Police,-2.239599,51.340875,On or near Southville Close,E01032048,Wiltshire 027D,Unable to prosecute suspect
69b7f421f072edd8f02363dc3678cbad62b88ad9f306d67f65f73779b30b8a04,2024-06,Wiltshire Police,Wiltshire Police,-2.239599,51.340875,On or near Southville Close,E01032048,Wiltshire 027D,Unable to prosecute suspect
539969a4d053166beed4dee98aed227ca95b239faaa5255b4b23300b8314bb6a,2024-06,Wiltshire Police,Wiltshire Police,-2.290428,51.348870,On or near Millbourn Close,E01032060,Wiltshire 023C,Unable to prosecute suspect
3c16705be1a716e0ad9cf4bfdf256a9b09fe539016f163c596d38a24da524e01,2024-06,Wiltshire Police,Wiltshire Police,-1.848301,51.320432,On or near Wilsford Road,E01031842,Wiltshire 038A,Suspect charged
12405b54bb7aff8ef7857a3eb1986d9e102ad8e1fdbbda2139fc762909c2a8f7,2024-06,Wiltshire Police,Wiltshire Police,-1.775575,51.549933,On or near Station Approach,E01015534,Swindon 024B,Offender given a caution
e3f3c5f6bddc1c31265369b411fe21d2ef9714cb83214dd77034ce67f2102ae8,2024-06,Wiltshire Police,Wiltshire Police,-1.788181,51.066154,On or near St Martin's Church Street,E01032023,Wiltshire 059D,Unable to prosecute suspect
523e3cca9f4882108d4944ea0b21c4c59c004b5851b997e59ffbfdb6ae796264,2024-06,Wiltshire Police,Wiltshire Police,-2.210949,51.326265,On or near Melton Road,E01034533,Wiltshire 031D,Unable to prosecute suspect
d346bea383e95d8f4ef63bc1f7ba8681a45acdaa3d642351a23d958e51a825da,2024-06,Wiltshire Police,Wiltshire Police,-1.986551,51.359238,On or near Palmer Road,E01032693,Wiltshire 025H,Unable to prosecute suspect
d346bea383e95d8f4ef63bc1f7ba8681a45acdaa3d642351a23d958e51a825da,2024-06,Wiltshire Police,Wiltshire Police,-1.986551,51.359238,On or near Palmer Road,E01032693,Wiltshire 025H,Unable to prosecute suspect
d346bea383e95d8f4ef63bc1f7ba8681a45acdaa3d642351a23d958e51a825da,2024-06,Wiltshire Police,Wiltshire Police,-1.986551,51.359238,On or near Palmer Road,E01032693,Wiltshire 025H,Unable to prosecute suspect
d346bea383e95d8f4ef63bc1f7ba8681a45acdaa3d642351a23d958e51a825da,2024-06,Wiltshire Police,Wiltshire Police,-1.986551,51.359238,On or near Palmer Road,E01032693,Wiltshire 025H,Unable to prosecute suspect
51a83ecbb9965a6fc205300bcde30d99a6b94084171ff3a56eabe1a1f965baa4,2024-06,Wiltshire Police,Wiltshire Police,-2.137094,51.374040,On or near Parking Area,E01032062,Wiltshire 022A,Unable to prosecute suspect
35fdb855f7319c1d3f451bb90fe187ebede6345adaf0765aae0017bb60b26ca8,2024-06,Wiltshire Police,Wiltshire Police,-1.717455,51.636008,On or near Bute Close,E01015521,Swindon 001C,Unable to prosecute suspect
c4cb87481b43a23c995fbf426715e62d9fb486bfb34b341573cf759d39d98040,2024-06,Wiltshire Police,Wiltshire Police,-1.823433,51.084242,On or near Cheshire Close,E01031982,Wiltshire 052C,Unable to prosecute suspect
4ffc11724041dd775bdb177a30b90f188fe4124440c862932d81b2c12ac10307,2024-06,Wiltshire Police,Wiltshire Police,-1.754622,51.552310,On or near Kimberley Road,E01015542,Swindon 020E,Unable to prosecute suspect
0f2266567e94e64df8100ebabb52899f75c9df5e14475053efda28c35330ca09,2024-06,Wiltshire Police,Wiltshire Police,-1.777157,51.553838,On or near Union Row,E01032715,Swindon 019F,Suspect charged
d44d0726c0c835b8d463b0f733a06570e8766e17576c9b29686e804612980196,2024-06,Wiltshire Police,Wiltshire Police,-2.214693,51.319892,On or near Parking Area,E01032085,Wiltshire 031A,Unable to prosecute suspect
d44d0726c0c835b8d463b0f733a06570e8766e17576c9b29686e804612980196,2024-06,Wiltshire Police,Wiltshire Police,-2.214693,51.319892,On or near Parking Area,E01032085,Wiltshire 031A,Unable to prosecute suspect
d44d0726c0c835b8d463b0f733a06570e8766e17576c9b29686e804612980196,2024-06,Wiltshire Police,Wiltshire Police,-2.214693,51.319892,On or near Parking Area,E01032085,Wiltshire 031A,Unable to prosecute suspect
7d4e83a6c41d00d60a0e8eb64e2bfb64a44da1a64950854224a17140ab90624e,2024-06,Wiltshire Police,Wiltshire Police,-1.816671,51.587561,On or near Mint Close,E01015526,Swindon 006A,Unable to prosecute suspect
3ae62b764654ecdb19cb811b8cd8679fc7ca8e2a61f43ddc0537a4a05f08859f,2024-06,Wiltshire Police,Wiltshire Police,-1.828149,51.559094,On or near Shopping Area,E01015569,Swindon 022D,Suspect charged
0b5002b073ccd77dc7650dbe4a716a43211be30b4c9e03c80be82c38141cdfe1,2024-06,Wiltshire Police,Wiltshire Police,-1.757593,51.555094,On or near Welbeck Close,E01015573,Swindon 016C,Suspect charged
72485d1fb9621a1bce10f7d005a18cd65ab27581d51d2a6fef1b60942d9137ca,2024-06,Wiltshire Police,Wiltshire Police,-1.730882,51.420164,On or near Supermarket,E01031863,Wiltshire 019C,Suspect charged
691f1350611b87bc9fa5974e757d0a9196aa0eb70f0520d709020824ba99b284,2024-06,Wiltshire Police,Wiltshire Police,-1.807513,51.599379,On or near Petrol Station,E01032710,Swindon 028E,Suspect charged
69b7f421f072edd8f02363dc3678cbad62b88ad9f306d67f65f73779b30b8a04,2024-06,Wiltshire Police,Wiltshire Police,-2.239599,51.340875,On or near Southville Close,E01032048,Wiltshire 027D,Unable to prosecute suspect
796474ecbfac72be7680c07646df7b3d3b4e68a111834213170fa4fa4dc7de21,2024-06,Wiltshire Police,Wiltshire Police,-2.204237,51.327454,On or near B3106,E01032087,Wiltshire 031C,Further action is not in the public interest
171828c84a5452340c0cb611a3a3bb5c3bd20b774aa022ea5a0417bc50329e13,2024-06,Wiltshire Police,Wiltshire Police,-2.199421,51.338801,On or near Compton Close,E01032079,Wiltshire 030C,Further action is not in the public interest
539969a4d053166beed4dee98aed227ca95b239faaa5255b4b23300b8314bb6a,2024-06,Wiltshire Police,Wiltshire Police,-2.290428,51.348870,On or near Millbourn Close,E01032060,Wiltshire 023C,Unable to prosecute suspect
75ed70ab483b525cbc89c5f959f17607fb642af0a0c1326a0ad3beb36a9a2cab,2024-06,Wiltshire Police,Wiltshire Police,-2.196994,51.325030,On or near Springfield Park,E01034535,Wiltshire 032E,Unable to prosecute suspect
40a202811fa1c8998463711ecb24e37d562414e7f436ad182846839af17a9922,2024-06,Wiltshire Police,Wiltshire Police,-1.790813,51.064801,On or near Friar's Orchard,E01032023,Wiltshire 059D,Unable to prosecute suspect
12405b54bb7aff8ef7857a3eb1986d9e102ad8e1fdbbda2139fc762909c2a8f7,2024-06,Wiltshire Police,Wiltshire Police,-1.775575,51.549933,On or near Station Approach,E01015534,Swindon 024B,Offender given a caution
5c7155e721b98407702cf24e1aafca496cbae5537db33d1d967b3e3531985a42,2024-06,Wiltshire Police,Wiltshire Police,-1.770392,51.548161,On or near Carlisle Avenue,E01015533,Swindon 024A,Unable to prosecute suspect
3635820f46a2171329d04f19eee6ec706c49734f4f1fe5f47b57a93a749b1619,2024-06,Wiltshire Police,Wiltshire Police,-1.773865,51.551710,On or near High Street,E01015534,Swindon 024B,Unable to prosecute suspect
e3f3c5f6bddc1c31265369b411fe21d2ef9714cb83214dd77034ce67f2102ae8,2024-06,Wiltshire Police,Wiltshire Police,-1.788181,51.066154,On or near St Martin's Church Street,E01032023,Wiltshire 059D,Unable to prosecute suspect
a12dc30256e7cf1072d529078195fae9d475033cad2c201a943cca004314bff1,2024-06,Wiltshire Police,Wiltshire Police,-2.071958,51.593967,On or near Charlton Road,E01031894,Wiltshire 004D,Unable to prosecute suspect
343f291b0047e8f6a77bfad4bd50c99ded6192cd953020d1a46dd5c3adfa5e54,2024-06,Wiltshire Police,Wiltshire Police,-1.812540,51.073677,On or near Finchley Road,E01032002,Wiltshire 055B,Suspect charged
a8f95cac0b130b2d3f946688e4dd491a161fbf6f83fba3529a613f5e9cf61b56,2024-06,Wiltshire Police,Wiltshire Police,-1.809358,51.059072,On or near Sports/Recreation Area,E01032008,Wiltshire 058A,Unable to prosecute suspect
a8f95cac0b130b2d3f946688e4dd491a161fbf6f83fba3529a613f5e9cf61b56,2024-06,Wiltshire Police,Wiltshire Police,-1.809358,51.059072,On or near Sports/Recreation Area,E01032008,Wiltshire 058A,Unable to prosecute suspect
a8f95cac0b130b2d3f946688e4dd491a161fbf6f83fba3529a613f5e9cf61b56,2024-06,Wiltshire Police,Wiltshire Police,-1.809358,51.059072,On or near Sports/Recreation Area,E01032008,Wiltshire 058A,Unable to prosecute suspect
a8f95cac0b130b2d3f946688e4dd491a161fbf6f83fba3529a613f5e9cf61b56,2024-06,Wiltshire Police,Wiltshire Police,-1.809358,51.059072,On or near Sports/Recreation Area,E01032008,Wiltshire 058A,Unable to prosecute suspect
a8f95cac0b130b2d3f946688e4dd491a161fbf6f83fba3529a613f5e9cf61b56,2024-06,Wiltshire Police,Wiltshire Police,-1.809358,51.059072,On or near Sports/Recreation Area,E01032008,Wiltshire 058A,Unable to prosecute suspect
bdc32ea825d2e87ec3f119359ba02331d63060fa4e27a888c1d62d8941417396,2024-06,Wiltshire Police,Wiltshire Police,-1.809375,51.592657,On or near Supermarket,E01015513,Swindon 004A,Unable to prosecute suspect
1105bee725cb5dd2167354b2322aad5f347a03d11c9c8d447522e46deceb60a1,2024-06,Wiltshire Police,Wiltshire Police,-1.783255,51.563641,On or near Bus/Coach Station,E01015475,Swindon 015A,Unable to prosecute suspect
cba8bf46bc29f905105843b0ce7b494c1ed2a554b3a7f3650247b3d2319a9ce7,2024-06,Wiltshire Police,Wiltshire Police,-1.802618,51.084199,On or near Chatham Close,E01032019,Wiltshire 053B,Unable to prosecute suspect
8889f055ded96499d4113ad96d202ad05c444c2c1851bddd49ac369b2ba2ad86,2024-06,Wiltshire Police,Wiltshire Police,-2.114852,51.458611,On or near Chapel Lane,E01031912,Wiltshire 011B,Unable to prosecute suspect
151d0623c080216def7792ed36d4e0633bb7d653442e6ff983ffc84a4b1369fb,2024-06,Wiltshire Police,Wiltshire Police,-1.794190,51.069150,On or near Queen Street,E01032022,Wiltshire 058C,Suspect charged
a560ed54b6e259713633a20a912965cbf2713cb945450dfb6422281506e24bd8,2024-06,Wiltshire Police,Wiltshire Police,-1.800756,51.570510,On or near Petrol Station,E01015578,Swindon 012B,Investigation complete; no suspect identified
9b24edef1549105115873b3037f14c899fe67ea536b391c979bf0f0f3ae2d5d0,2024-06,Wiltshire Police,Wiltshire Police,-1.829162,51.578274,On or near Sandwood Close,E01015562,Swindon 011A,Unable to prosecute suspect
5bf87459172b905768642d05f3ac7afd4ddfe7f30d955f21c6457d500a77b4dc,2024-06,Wiltshire Police,Wiltshire Police,-1.726636,51.423067,On or near St Martins,E01031862,Wiltshire 019B,Suspect charged
ebf464a513e662b79199a053a5098730fc5b3e19bb2ef87f4e7713079e4156d6,2024-06,Wiltshire Police,Wiltshire Police,-2.196454,51.316372,On or near Jasmine Way,E01032102,Wiltshire 032D,Unable to prosecute suspect
44b3dbdb40c229c66ccf390bcb05bed629d7a97da953fb6ab9b448641ecd2a95,2024-06,Wiltshire Police,Wiltshire Police,-2.181234,51.204421,On or near Nightclub,E01032103,Wiltshire 044A,Unable to prosecute suspect
c0711bf63abcb50d84fa171f21d74962e600df6b471c02a89fa609a102277e12,2024-06,Wiltshire Police,Wiltshire Police,-1.830797,51.553865,On or near Freshbrook Way,E01015569,Swindon 022D,Unable to prosecute suspect
a211282d9615fa25acab4ab409a001fa92fc0f8336a7ade0140963e3c457d486,2024-06,Wiltshire Police,Wiltshire Police,-1.785909,51.076041,On or near Bower Hill Road,E01032020,Wiltshire 053C,Suspect charged
832beeb195b462da9bcdf98f81a99f85aa1de389224abed0dfc64cf85872e88f,2024-06,Wiltshire Police,Wiltshire Police,-1.609933,51.254708,On or near Coronation Road,E01031859,Wiltshire 065B,Unable to prosecute suspect
7eef07c88809bf87ae022b7d50fca7b8a3cf4f3de938932fdb1bffe3e984aadc,2024-06,Wiltshire Police,Wiltshire Police,-1.890660,51.538920,On or near Postmill Drive,E01031966,Wiltshire 007G,Unable to prosecute suspect
4a26927610555f95621deff0aa2bbe5bd9b528ed18befc754c0545f3874d2d6f,2024-06,Wiltshire Police,Wiltshire Police,-1.754829,51.556779,On or near Helston Road,E01015540,Swindon 020C,Suspect charged
39996886cc684f935cd95e54095bf0011cdc725200bcf01fdcee88d558fe2b1d,2024-06,Wiltshire Police,Wiltshire Police,-2.113174,51.455331,On or near Parking Area,E01031917,Wiltshire 011D,Suspect charged
dc666af8040c752e343ddb32197b3730fcc6441cec721aad457578eeb5cd168c,2024-06,Wiltshire Police,Wiltshire Police,-1.779508,51.559885,On or near Parking Area,E01015493,Swindon 017B,Suspect charged
a5da60891213b8e63f2cd05425ec2d6fa613156a4fdce259894972158f72ee35,2024-06,Wiltshire Police,Wiltshire Police,-2.139375,51.372823,On or near Church Street,E01032067,Wiltshire 022C,Unable to prosecute suspect
8aa277a85e7251cd5565d32120f9b581bdfcea2a61eeda0627f90c6bbcc52336,2024-06,Wiltshire Police,Wiltshire Police,-1.763123,51.584408,On or near Attlee Crescent,E01015558,Swindon 005D,Further action is not in the public interest
b4919ca64db3908d364d58ea57f1fcfb7d5d15b2ff19607651026bd4453fada5,2024-06,Wiltshire Police,Wiltshire Police,-2.099839,51.590062,On or near Reeds Farm Road,E01031948,Wiltshire 002C,Unable to prosecute suspect
307a2fd953ff5064650dac80bc4fd9a4574fed97073bb98ed82c1b0f65e3047c,2024-06,Wiltshire Police,Wiltshire Police,-1.672476,51.245251,On or near Wavell Road,E01031879,Wiltshire 066A,Unable to prosecute suspect
5e0fb4fae8fe5baf79c293855da82536f7b5efb8a3178b8620a58a9b23415677,2024-06,Wiltshire Police,Wiltshire Police,-1.804965,51.587533,On or near Helmsdale,E01015516,Swindon 004D,Local resolution
9d6671e8f124331c87b123c481ec80f24d8d2de39a0403509603b9cfae89d913,2024-06,Wiltshire Police,Wiltshire Police,-1.763468,51.559894,On or near Supermarket,E01015573,Swindon 016C,Suspect charged
92a9b3f3ddfd409e02c9d6eeaaf1fc7083bdec81869c22a45021ce8ebd3cec15,2024-06,Wiltshire Police,Wiltshire Police,-2.207599,51.315561,On or near Clothier Leaze,E01032094,Wiltshire 035C,Unable to prosecute suspect
239b9b2864cfa6430d4edbe7d66952e3900afc22fec230b5f43c370ef0d47636,2024-06,Wiltshire Police,Wiltshire Police,-2.200770,51.204003,On or near Pampas Court,E01032112,Wiltshire 043C,Suspect charged
76c31ee262713e83eb35497f838cd708f32b336abea947456fabb66148731b28,2024-06,Wiltshire Police,Wiltshire Police,-2.241570,51.377143,On or near Ivy Lane,E01032059,Wiltshire 023B,Unable to prosecute suspect
2b218635ef883e1875acb1b02289eb57e88b1469b580cdf4cdef05164dfc8976,2024-06,Wiltshire Police,Wiltshire Police,-1.779385,51.561350,On or near Parking Area,E01032714,Swindon 019E,Unable to prosecute suspect
2b918507557af997470e12bb6f969db1b9a492c99530fb73b05acef17850671f,2024-06,Wiltshire Police,Wiltshire Police,-1.769723,51.543565,On or near Lowry Way,E01015535,Swindon 024C,Suspect charged
0dd7f8e5ba8a6f99c39c70c976bc26893aa4df06b999cc9208960bc330a9cc50,2024-06,Wiltshire Police,Wiltshire Police,-1.787283,51.072096,On or near Rougemont Close,E01032014,Wiltshire 056A,Suspect charged
b1e86f343e54784d28915a7941c34757402d6081ca73e48e520bc33dd476872c,2024-06,Wiltshire Police,Wiltshire Police,-1.792310,51.561383,On or near Bathampton Street,E01033846,Swindon 015F,Suspect charged
02fe090399b33553a0359634095b291b9a518179467be152c8bcfe88a383bd50,2024-06,Wiltshire Police,Wiltshire Police,-1.774095,51.581013,On or near Jefferies Avenue,E01015509,Swindon 010B,Suspect charged
2a40653934a3c49a39cd02a9b390f34fff3a12ea81da63d880229874ff4f6e3c,2024-06,Wiltshire Police,Wiltshire Police,-1.983495,51.351091,On or near Longcroft Avenue,E01031851,Wiltshire 025B,Unable to prosecute suspect
50656578a86e5cb526ea574f76c6b2ea48f89145665c8b17a6f8b633a8fc4f9b,2024-06,Wiltshire Police,Wiltshire Police,-1.826962,51.557222,On or near Ashington Way,E01015569,Swindon 022D,Unable to prosecute suspect
7e2b9e0196b1648393b3f917838eeffb29df1bf47d2a6c190d8e0d4e0ed0d124,2024-06,Wiltshire Police,Wiltshire Police,-1.749925,51.583014,On or near Pigeon House Lane,E01015552,Swindon 009D,Unable to prosecute suspect
5e13b14a9d3bad65fbbb773d6a21a28a2d2442f902db9ac32cbfef409db75c15,2024-06,Wiltshire Police,Wiltshire Police,-1.787721,51.552437,On or near A4289,E01032707,Swindon 021F,Suspect charged
85cb514ddc002059630998c8078cf0f7e5b0371fb9a72df56286550f38902a84,2024-06,Wiltshire Police,Wiltshire Police,-1.780840,51.555796,On or near Western Street,E01015497,Swindon 019D,Unable to prosecute suspect
b65a6d1625f52d3eb6add8334c8812a98882eabc1e478b8e246d1ca724a219f3,2024-06,Wiltshire Police,Wiltshire Police,-1.754872,51.562129,On or near Ken Savage Close,E01015572,Swindon 016B,Unable to prosecute suspect
7e7bcb8f3ba14ee32aef4f7a087ffb41abecd3d74aef04181f06b43ea0408ed1,2024-06,Wiltshire Police,Wiltshire Police,-1.841947,51.553404,On or near Paulet Close,E01015500,Swindon 018B,Unable to prosecute suspect
2e7c7232eb350f46a3654ee6831991650ad00b2a06b96ebe7fb0f4c149df18ad,2024-06,Wiltshire Police,Wiltshire Police,-1.849316,51.356688,On or near Rectory Close,E01031871,Wiltshire 024D,Suspect charged
f6a8c38f6c3cff181358875cbcd46ef5f4c64860a4da50f6de7b7b099bff5e67,2024-06,Wiltshire Police,Wiltshire Police,-1.784788,51.562772,On or near Parking Area,E01033845,Swindon 015E,Unable to prosecute suspect
cbe2f58343e1a3198dd9bc8b63a028e76d05fc6e4d5028b705aee501890af197,2024-06,Wiltshire Police,Wiltshire Police,-2.002722,51.352855,On or near Moyne Close,E01031854,Wiltshire 026B,Suspect charged
7a81cf5201910f2732fd7861a81f7aa16a0a79c2e99d0dcb134e1c17b6440b5e,2024-06,Wiltshire Police,Wiltshire Police,-1.784788,51.562772,On or near Parking Area,E01033845,Swindon 015E,Suspect charged
a62305f6f7d6c2cbd72cc16d22e25908a75b4d36a04b2bbb8dfa68b3654ccbc1,2024-06,Wiltshire Police,Wiltshire Police,-1.821490,51.077198,On or near Centurion Close,E01032001,Wiltshire 055A,Unable to prosecute suspect
e4243fd94a02e393f7b61631e3bd0e55af35ed2c5bb4918a3f86ff99ac6b2387,2024-06,Wiltshire Police,Wiltshire Police,-1.994882,51.351964,On or near Wine Street,E01031854,Wiltshire 026B,Suspect charged
50656578a86e5cb526ea574f76c6b2ea48f89145665c8b17a6f8b633a8fc4f9b,2024-06,Wiltshire Police,Wiltshire Police,-1.826962,51.557222,On or near Ashington Way,E01015569,Swindon 022D,Unable to prosecute suspect
50656578a86e5cb526ea574f76c6b2ea48f89145665c8b17a6f8b633a8fc4f9b,2024-06,Wiltshire Police,Wiltshire Police,-1.826962,51.557222,On or near Ashington Way,E01015569,Swindon 022D,Unable to prosecute suspect
b1e86f343e54784d28915a7941c34757402d6081ca73e48e520bc33dd476872c,2024-06,Wiltshire Police,Wiltshire Police,-1.792310,51.561383,On or near Bathampton Street,E01033846,Swindon 015F,Suspect charged
2a40653934a3c49a39cd02a9b390f34fff3a12ea81da63d880229874ff4f6e3c,2024-06,Wiltshire Police,Wiltshire Police,-1.983495,51.351091,On or near Longcroft Avenue,E01031851,Wiltshire 025B,Unable to prosecute suspect
02fe090399b33553a0359634095b291b9a518179467be152c8bcfe88a383bd50,2024-06,Wiltshire Police,Wiltshire Police,-1.774095,51.581013,On or near Jefferies Avenue,E01015509,Swindon 010B,Suspect charged
912ec231c9e34554143290281125812dfd4a43cbeac8c98fefb43bce231dfb6b,2024-06,Wiltshire Police,Wiltshire Police,-1.794333,51.599195,On or near Hugo Drive,E01033860,Swindon 028F,Suspect charged
0d862d74aa944198e0358b06441a1f395a1137a7173e839eb3c21f4d3f305eda,2024-06,Wiltshire Police,Wiltshire Police,-1.775787,51.061671,On or near Petrol Station,E01032021,Wiltshire 056D,Unable to prosecute suspect
2ae5694e8f029dd3986ffd975ac0b6de4239ab9cd8cda0bce4afc89dda955482,2024-06,Wiltshire Police,Wiltshire Police,-1.739101,51.567885,On or near Parking Area,E01015481,Swindon 013A,Suspect charged
cbe2f58343e1a3198dd9bc8b63a028e76d05fc6e4d5028b705aee501890af197,2024-06,Wiltshire Police,Wiltshire Police,-2.002722,51.352855,On or near Moyne Close,E01031854,Wiltshire 026B,Suspect charged
a62305f6f7d6c2cbd72cc16d22e25908a75b4d36a04b2bbb8dfa68b3654ccbc1,2024-06,Wiltshire Police,Wiltshire Police,-1.821490,51.077198,On or near Centurion Close,E01032001,Wiltshire 055A,Unable to prosecute suspect
a62305f6f7d6c2cbd72cc16d22e25908a75b4d36a04b2bbb8dfa68b3654ccbc1,2024-06,Wiltshire Police,Wiltshire Police,-1.821490,51.077198,On or near Centurion Close,E01032001,Wiltshire 055A,Unable to prosecute suspect
7a720be28d8468b38e2677bf5f1da2389ee53e8d16f793adada641112bb5b1f8,2024-06,Wiltshire Police,Wiltshire Police,-1.775963,51.561964,On or near Newcastle Street,E01015493,Swindon 017B,Unable to prosecute suspect
1566201e3ac0034138940a5fb52ee37150e9603df384ef083bd45be4184ee36e,2024-06,Wiltshire Police,Wiltshire Police,-2.203585,51.322636,On or near The Halve,E01032101,Wiltshire 032C,Unable to prosecute suspect
c0711bf63abcb50d84fa171f21d74962e600df6b471c02a89fa609a102277e12,2024-06,Wiltshire Police,Wiltshire Police,-1.830797,51.553865,On or near Freshbrook Way,E01015569,Swindon 022D,Unable to prosecute suspect
c0711bf63abcb50d84fa171f21d74962e600df6b471c02a89fa609a102277e12,2024-06,Wiltshire Police,Wiltshire Police,-1.830797,51.553865,On or near Freshbrook Way,E01015569,Swindon 022D,Unable to prosecute suspect
c0711bf63abcb50d84fa171f21d74962e600df6b471c02a89fa609a102277e12,2024-06,Wiltshire Police,Wiltshire Police,-1.830797,51.553865,On or near Freshbrook Way,E01015569,Swindon 022D,Unable to prosecute suspect
c0711bf63abcb50d84fa171f21d74962e600df6b471c02a89fa609a102277e12,2024-06,Wiltshire Police,Wiltshire Police,-1.830797,51.553865,On or near Freshbrook Way,E01015569,Swindon 022D,Unable to prosecute suspect
c0711bf63abcb50d84fa171f21d74962e600df6b471c02a89fa609a102277e12,2024-06,Wiltshire Police,Wiltshire Police,-1.830797,51.553865,On or near Freshbrook Way,E01015569,Swindon 022D,Unable to prosecute suspect
239b9b2864cfa6430d4edbe7d66952e3900afc22fec230b5f43c370ef0d47636,2024-06,Wiltshire Police,Wiltshire Police,-2.200770,51.204003,On or near Pampas Court,E01032112,Wiltshire 043C,Suspect charged
a211282d9615fa25acab4ab409a001fa92fc0f8336a7ade0140963e3c457d486,2024-06,Wiltshire Police,Wiltshire Police,-1.785909,51.076041,On or near Bower Hill Road,E01032020,Wiltshire 053C,Suspect charged
53d2387e1a136f1693b288d68cc4ba7865e409a0a983898a6d2e180f5e3a0090,2024-06,Wiltshire Police,Wiltshire Police,-2.139375,51.372823,On or near Church Street,E01032067,Wiltshire 022C,Unable to prosecute suspect
53d2387e1a136f1693b288d68cc4ba7865e409a0a983898a6d2e180f5e3a0090,2024-06,Wiltshire Police,Wiltshire Police,-2.139375,51.372823,On or near Church Street,E01032067,Wiltshire 022C,Unable to prosecute suspect
a5da60891213b8e63f2cd05425ec2d6fa613156a4fdce259894972158f72ee35,2024-06,Wiltshire Police,Wiltshire Police,-2.139375,51.372823,On or near Church Street,E01032067,Wiltshire 022C,Unable to prosecute suspect
5e0fb4fae8fe5baf79c293855da82536f7b5efb8a3178b8620a58a9b23415677,2024-06,Wiltshire Police,Wiltshire Police,-1.804965,51.587533,On or near Helmsdale,E01015516,Swindon 004D,Local resolution
8aa277a85e7251cd5565d32120f9b581bdfcea2a61eeda0627f90c6bbcc52336,2024-06,Wiltshire Police,Wiltshire Police,-1.763123,51.584408,On or near Attlee Crescent,E01015558,Swindon 005D,Further action is not in the public interest
b4919ca64db3908d364d58ea57f1fcfb7d5d15b2ff19607651026bd4453fada5,2024-06,Wiltshire Police,Wiltshire Police,-2.099839,51.590062,On or near Reeds Farm Road,E01031948,Wiltshire 002C,Unable to prosecute suspect
b4919ca64db3908d364d58ea57f1fcfb7d5d15b2ff19607651026bd4453fada5,2024-06,Wiltshire Police,Wiltshire Police,-2.099839,51.590062,On or near Reeds Farm Road,E01031948,Wiltshire 002C,Unable to prosecute suspect
2af2758058c6424087b3011c7c20fa29bf5c749a1d66f1933479bc78c9a4ab94,2024-06,Wiltshire Police,Wiltshire Police,-1.785449,51.569508,On or near Brunel Crescent,E01015582,Swindon 012E,Unable to prosecute suspect
4a26927610555f95621deff0aa2bbe5bd9b528ed18befc754c0545f3874d2d6f,2024-06,Wiltshire Police,Wiltshire Police,-1.754829,51.556779,On or near Helston Road,E01015540,Swindon 020C,Suspect charged
7a720be28d8468b38e2677bf5f1da2389ee53e8d16f793adada641112bb5b1f8,2024-06,Wiltshire Police,Wiltshire Police,-1.775963,51.561964,On or near Newcastle Street,E01015493,Swindon 017B,Unable to prosecute suspect
8a030508273e4815f1786cadc0f2539ee395310caa6fd999ec81287ae575dc44,2024-06,Wiltshire Police,Wiltshire Police,-2.118597,51.459992,On or near Foghamshire,E01031912,Wiltshire 011B,Formal action is not in the public interest
307a2fd953ff5064650dac80bc4fd9a4574fed97073bb98ed82c1b0f65e3047c,2024-06,Wiltshire Police,Wiltshire Police,-1.672476,51.245251,On or near Wavell Road,E01031879,Wiltshire 066A,Unable to prosecute suspect
307a2fd953ff5064650dac80bc4fd9a4574fed97073bb98ed82c1b0f65e3047c,2024-06,Wiltshire Police,Wiltshire Police,-1.672476,51.245251,On or near Wavell Road,E01031879,Wiltshire 066A,Unable to prosecute suspect
b219ac5dd3b3de4a6872bf8c6f11aba13e72b8a7dc09c5a80932ecb4dda7f860,2024-06,Wiltshire Police,Wiltshire Police,-2.184640,51.336380,On or near Greenhill Gardens,E01032079,Wiltshire 030C,Unable to prosecute suspect
92df9b0c4a7789ab10fdf936cd39e78940cd65877ddba8ccfedcb8a2c4035267,2024-06,Wiltshire Police,Wiltshire Police,-1.776111,51.552443,On or near Wood Street,E01015534,Swindon 024B,Unable to prosecute suspect
aa5d7fd86955e362ad957eff57a6f84b11eda3e55008d0b643983f4edd5443e3,2024-06,Wiltshire Police,Wiltshire Police,-1.999707,51.355777,On or near Sheppard Close,E01031854,Wiltshire 026B,Unable to prosecute suspect
9c02b4a29f9e71a693db8f6e21e17dad7352753bc140fb8493ccbb98c2b4862d,2024-06,Wiltshire Police,Wiltshire Police,-1.858044,51.082949,On or near Kings Gate,E01032039,Wiltshire 054E,Unable to prosecute suspect
70085e3afb6d279df9806e9787f9c9368bc196d80edc53edc0e6648f7a5f90ed,2024-06,Wiltshire Police,Wiltshire Police,-1.795554,51.070447,On or near Chipper Lane,E01032014,Wiltshire 056A,Suspect charged
70085e3afb6d279df9806e9787f9c9368bc196d80edc53edc0e6648f7a5f90ed,2024-06,Wiltshire Police,Wiltshire Police,-1.795554,51.070447,On or near Chipper Lane,E01032014,Wiltshire 056A,Suspect charged
70085e3afb6d279df9806e9787f9c9368bc196d80edc53edc0e6648f7a5f90ed,2024-06,Wiltshire Police,Wiltshire Police,-1.795554,51.070447,On or near Chipper Lane,E01032014,Wiltshire 056A,Suspect charged
239b9b2864cfa6430d4edbe7d66952e3900afc22fec230b5f43c370ef0d47636,2024-06,Wiltshire Police,Wiltshire Police,-2.200770,51.204003,On or near Pampas Court,E01032112,Wiltshire 043C,Suspect charged
099d0d2f8ef878ad89276a8c4f4e21777dd6c7c109fe639b49dac2361755752e,2024-06,Wiltshire Police,Wiltshire Police,-1.793142,51.073644,On or near Belle Vue Road,E01032016,Wiltshire 056C,Unable to prosecute suspect
13a286f256193c6429104098f4f02f990ab8711f14600a15c4b3705cdb2e243d,2024-06,Wiltshire Police,Wiltshire Police,-1.744356,51.559391,On or near Tavistock Road,E01015538,Swindon 016A,Unable to prosecute suspect
ae5c0e6780f04ab46d939b895f3672741fd67cdcc7fd7fd437bb15f45364667e,2024-06,Wiltshire Police,Wiltshire Police,-1.987231,51.340257,On or near Awdry Road,E01032689,Wiltshire 025F,Unable to prosecute suspect
72bb6b83ff4bdb396885c1c3b3ce3ad85e35aefc7314a83fbb5921255648f185,2024-06,Wiltshire Police,Wiltshire Police,-1.774695,51.588127,On or near Bradley Road,E01015555,Swindon 005A,Suspect charged
b3f6ea1fbb472946213bb8492ae001bfa9da459616c803d91915d4bf2ccc1596,2024-06,Wiltshire Police,Wiltshire Police,-2.003448,51.448939,On or near Peregrine Court,E01032690,Wiltshire 015F,Offender given a caution
4d21085aa70fa819a3c10d8a29bbacee126f9f85bc8778568b8977131bf3d786,2024-06,Wiltshire Police,Wiltshire Police,-2.114930,51.455392,On or near Fuller Close,E01031917,Wiltshire 011D,Unable to prosecute suspect
d3365f5c7844115b02cc78728b185f6c5c4f5260e297f39d6a44fbccf817d7ba,2024-06,Wiltshire Police,Wiltshire Police,-2.231073,51.298397,On or near Fleur De Lys Drive,E01032083,Wiltshire 037B,Offender given a caution
ffaf5b946e7ab27d8e72318b27ab6aaf0484d3f13b51f8a1b88c1b913ab94aa2,2024-06,Wiltshire Police,Wiltshire Police,-1.815954,51.611315,On or near Newlyn Close,E01033844,Swindon 008I,Unable to prosecute suspect
5352ea56bca01e9d5b849e083ec81304150b2d5cc9381f6cb90f47e9ce0541ec,2024-06,Wiltshire Police,Wiltshire Police,-2.118597,51.459992,On or near Foghamshire,E01031912,Wiltshire 011B,Unable to prosecute suspect
68e5c654be0e298208741ae1393816da836f4c9c64d32621dcbcd80f7a7b56ab,2024-06,Wiltshire Police,Wiltshire Police,-1.786036,51.558054,On or near Newhall Street,E01015494,Swindon 019A,Suspect charged
aa5d7fd86955e362ad957eff57a6f84b11eda3e55008d0b643983f4edd5443e3,2024-06,Wiltshire Police,Wiltshire Police,-1.999707,51.355777,On or near Sheppard Close,E01031854,Wiltshire 026B,Unable to prosecute suspect
70085e3afb6d279df9806e9787f9c9368bc196d80edc53edc0e6648f7a5f90ed,2024-06,Wiltshire Police,Wiltshire Police,-1.795554,51.070447,On or near Chipper Lane,E01032014,Wiltshire 056A,Suspect charged
523055b6ce11fc617445038a7814ee9c0dc4004c610ba6bbcc3683dc6b44e902,2024-06,Wiltshire Police,Wiltshire Police,-1.870872,51.074799,On or near Seagrim Road,E01032038,Wiltshire 054D,Unable to prosecute suspect
b65a6d1625f52d3eb6add8334c8812a98882eabc1e478b8e246d1ca724a219f3,2024-06,Wiltshire Police,Wiltshire Police,-1.754872,51.562129,On or near Ken Savage Close,E01015572,Swindon 016B,Unable to prosecute suspect
b65a6d1625f52d3eb6add8334c8812a98882eabc1e478b8e246d1ca724a219f3,2024-06,Wiltshire Police,Wiltshire Police,-1.754872,51.562129,On or near Ken Savage Close,E01015572,Swindon 016B,Unable to prosecute suspect
8d5a725cb25a0b76eaab160f0b0762e47fdd327df2960d57ad8be7b149e65723,2024-06,Wiltshire Police,Wiltshire Police,-1.805660,51.603908,On or near Brean Road,E01015471,Swindon 028A,Unable to prosecute suspect
8d5a725cb25a0b76eaab160f0b0762e47fdd327df2960d57ad8be7b149e65723,2024-06,Wiltshire Police,Wiltshire Police,-1.805660,51.603908,On or near Brean Road,E01015471,Swindon 028A,Unable to prosecute suspect
f316e618faf48c76db5e14a0c7063131b2da57e00fe0c0a841e14a2674129389,2024-06,Wiltshire Police,Wiltshire Police,-2.179447,51.322702,On or near Helliker Close,E01034541,Wiltshire 037E,Unable to prosecute suspect
503ef4c9877ba2d5eca9d9695c9ee148e44ac652b62b3a7ec157555210dec992,2024-06,Wiltshire Police,Wiltshire Police,-1.820419,51.552051,On or near Beaulieu Close,E01015570,Swindon 022E,Unable to prosecute suspect
cbe2f58343e1a3198dd9bc8b63a028e76d05fc6e4d5028b705aee501890af197,2024-06,Wiltshire Police,Wiltshire Police,-2.002722,51.352855,On or near Moyne Close,E01031854,Wiltshire 026B,Suspect charged
cbe2f58343e1a3198dd9bc8b63a028e76d05fc6e4d5028b705aee501890af197,2024-06,Wiltshire Police,Wiltshire Police,-2.002722,51.352855,On or near Moyne Close,E01031854,Wiltshire 026B,Suspect charged
0c838d915b4885740c587df1bb471bb75ef8f7f0c8e82aad871b9fd285e50934,2024-06,Wiltshire Police,Wiltshire Police,-1.783017,51.559046,On or near Temple Street,E01032714,Swindon 019E,Unable to prosecute suspect
92a9b3f3ddfd409e02c9d6eeaaf1fc7083bdec81869c22a45021ce8ebd3cec15,2024-06,Wiltshire Police,Wiltshire Police,-2.207599,51.315561,On or near Clothier Leaze,E01032094,Wiltshire 035C,Unable to prosecute suspect
92a9b3f3ddfd409e02c9d6eeaaf1fc7083bdec81869c22a45021ce8ebd3cec15,2024-06,Wiltshire Police,Wiltshire Police,-2.207599,51.315561,On or near Clothier Leaze,E01032094,Wiltshire 035C,Unable to prosecute suspect
92a9b3f3ddfd409e02c9d6eeaaf1fc7083bdec81869c22a45021ce8ebd3cec15,2024-06,Wiltshire Police,Wiltshire Police,-2.207599,51.315561,On or near Clothier Leaze,E01032094,Wiltshire 035C,Unable to prosecute suspect
92a9b3f3ddfd409e02c9d6eeaaf1fc7083bdec81869c22a45021ce8ebd3cec15,2024-06,Wiltshire Police,Wiltshire Police,-2.207599,51.315561,On or near Clothier Leaze,E01032094,Wiltshire 035C,Unable to prosecute suspect
bc9ef05232fa41ab60c73ab2b10590940aaa4d7dbde04cb17a2f055652ae465b,2024-06,Wiltshire Police,Wiltshire Police,-1.776172,51.554744,On or near Belle Vue Road,E01032715,Swindon 019F,Unable to prosecute suspect
475c88445bbca1d82993441392629f3cb71e9c2f4de9e6c3de02ef91ec610240,2024-06,Wiltshire Police,Wiltshire Police,-2.076371,51.522752,On or near Manor Farm Close,E01031939,Wiltshire 008A,Unable to prosecute suspect
2b218635ef883e1875acb1b02289eb57e88b1469b580cdf4cdef05164dfc8976,2024-06,Wiltshire Police,Wiltshire Police,-1.779385,51.561350,On or near Parking Area,E01032714,Swindon 019E,Unable to prosecute suspect
f172671e8a66c3c1efc2dc223fddc796f866f0e71a0db9353c8f3cb1342fbd0d,2024-06,Wiltshire Police,Wiltshire Police,-1.983495,51.351091,On or near Longcroft Avenue,E01031851,Wiltshire 025B,Suspect charged
df8c15902503191407ffd70cd44486643696c4dbe0abce9c1b5f2f3bdc6831c5,2024-06,Wiltshire Police,Wiltshire Police,-2.001936,51.437583,On or near Mill Street,E01031901,Wiltshire 016B,Investigation complete; no suspect identified
a46d5044f2856ba6f45f1d87001980e5d282298c2abcce0fff257e389a5b1e58,2024-06,Wiltshire Police,Wiltshire Police,-1.818881,51.554324,On or near Longthorpe Close,E01015568,Swindon 014D,Investigation complete; no suspect identified
3cf0097251e053f12898dd7048c0740ea42b81a9abe7d505a6e1d49d27b79b97,2024-06,Wiltshire Police,Wiltshire Police,-1.672432,51.243399,On or near Daunch Close,E01031879,Wiltshire 066A,Investigation complete; no suspect identified
12c5f2becde0892a46e0ccca7bb24064f8f08af88b4d760595f508898734329a,2024-06,Wiltshire Police,Wiltshire Police,-1.721977,51.418444,On or near Sports/Recreation Area,E01031861,Wiltshire 019A,Investigation complete; no suspect identified
e54498c307d6efcd957e0609da2741b4df37902cd37241cbd620914d11be4dea,2024-06,Wiltshire Police,Wiltshire Police,-1.807435,51.597446,On or near Supermarket,E01032710,Swindon 028E,Investigation complete; no suspect identified
fcdab35ee8fed99262458a4b7a42bcf3d20b355bee3941dbcd7c5d3c45c495f8,2024-06,Wiltshire Police,Wiltshire Police,-1.785142,51.573355,On or near David Stoddart Gardens,E01015508,Swindon 010A,Suspect charged
a1446cff5a0dda0e8ea51c31eb239b8c19b470144004a11cf1eaa587c8022958,2024-06,Wiltshire Police,Wiltshire Police,-1.836715,51.576738,On or near Grovely Close,E01015562,Swindon 011A,Investigation complete; no suspect identified
cf6c358c5c6687153d0d27ec6a7388ea29950942307a722a0f81eeabf9fde22b,2024-06,Wiltshire Police,Wiltshire Police,-2.121674,51.415472,On or near East Street,E01031942,Wiltshire 018E,Investigation complete; no suspect identified
c3945860731917c7bc50936327e13682e6597cdb2911f3e888a2df30dfa04f39,2024-06,Wiltshire Police,Wiltshire Police,-1.804875,51.070337,On or near South Western Road,E01032003,Wiltshire 055C,Investigation complete; no suspect identified
051589de61f2cf2d3b28a3578332851cb2424ef19999cc84ef805b2e40309ac6,2024-06,Wiltshire Police,Wiltshire Police,-2.209014,51.248030,On or near Clay Close,E01032054,Wiltshire 039B,Investigation complete; no suspect identified
5d5dbb0147efe737279b25b517e5b27bab68ebed1f1ffa9b0a6de4ff531a2c94,2024-06,Wiltshire Police,Wiltshire Police,-2.201897,51.314142,On or near Sheepcote Barton,E01032093,Wiltshire 035B,Investigation complete; no suspect identified
9b9346cb491fbacc72eeb6894d54f69a55873b2b74465adc3a0f047406e3ad81,2024-06,Wiltshire Police,Wiltshire Police,-1.771881,51.561839,On or near Supermarket,E01015493,Swindon 017B,Investigation complete; no suspect identified
40ec6c1c4f54d3900f84d05982595794f193ae5aa68727b9874034cb409b680b,2024-06,Wiltshire Police,Wiltshire Police,-1.739396,50.993452,On or near The Sidings,E01031995,Wiltshire 062E,Investigation complete; no suspect identified
662d7e386e59cbef097c267ef5c39ba36cbe2d2260cfbe3b8faf46b9a54a0242,2024-06,Wiltshire Police,Wiltshire Police,-1.786886,51.561517,On or near Queen Street,E01033845,Swindon 015E,Unable to prosecute suspect
de5e4af4dcc554e30e14422f700a0fcf0fde2f3b33f4f6554376ad7cb0ef06c2,2024-06,Wiltshire Police,Wiltshire Police,-1.778934,51.559173,On or near Wells Street,E01032714,Swindon 019E,Unable to prosecute suspect
1d5d181431ae922317866ea38e8742dc5260da3be50af0026dcb34eae8b80d46,2024-06,Wiltshire Police,Wiltshire Police,-2.110859,51.456116,On or near The Butts,E01031917,Wiltshire 011D,Unable to prosecute suspect
d9a3344cc786319b30c0a013923a9b42c2b58fac0cf39ae0920bd8cd3e0a438c,2024-06,Wiltshire Police,Wiltshire Police,-1.886932,51.191478,On or near Park Road,E01032696,Wiltshire 045F,Unable to prosecute suspect
d462ea71c86889d8e73a0aa013c0e8512ff1c744b3236fb45d1b24f1872cb742,2024-06,Wiltshire Police,Wiltshire Police,-2.110589,51.463750,On or near Cocklebury Road,E01031918,Wiltshire 011E,Suspect charged
050eafda55a974e6127afe5c3d9e95c7f5974a1e211b83f0eea574634435c539,2024-06,Wiltshire Police,Wiltshire Police,-2.208256,51.321126,On or near Fore Street,E01034534,Wiltshire 031E,Unable to prosecute suspect
a9cee20ac80cc8211fbc86314e52a766a6732df5f89b8bcb8545a21500cf3b5d,2024-06,Wiltshire Police,Wiltshire Police,-2.262194,51.083711,On or near Salmon Street,E01032035,Wiltshire 050B,Unable to prosecute suspect
b08c4435456c2f4814fddcc380ae530778b462046eb593fc77230e3cf45992f3,2024-06,Wiltshire Police,Wiltshire Police,-2.026515,51.350685,On or near Caen Hill,E01031872,Wiltshire 028D,Unable to prosecute suspect
bfbc69e21b73080ba01c805eef91a6a52390ac90e3abdf484d4cbac48b080672,2024-06,Wiltshire Police,Wiltshire Police,-1.711044,51.633025,On or near Westrop,E01015519,Swindon 001A,Offender given a caution
8719ba87289a900778966837bf06c1217246c02cbc816afa360764c9ec6676c5,2024-06,Wiltshire Police,Wiltshire Police,-1.784804,51.068009,On or near Courtwood Close,E01032021,Wiltshire 056D,Action to be taken by another organisation
09ef56cf546e1da505765c968df3553a52e76fba45def8269e0a2904a24e2679,2024-06,Wiltshire Police,Wiltshire Police,-2.142859,51.356867,On or near Shails Lane,E01032070,Wiltshire 021D,Unable to prosecute suspect
9369d1333ef81c885dabdf7bb3cd37bfaf429720e76593d56302569f4a9fcf8e,2024-06,Wiltshire Police,Wiltshire Police,-1.739101,51.567885,On or near Parking Area,E01015481,Swindon 013A,Suspect charged
458085e7e1899261490ec86db781cc440f4c9353d59684166af4361190825a6b,2024-06,Wiltshire Police,Wiltshire Police,-1.820419,51.552051,On or near Beaulieu Close,E01015570,Swindon 022E,Unable to prosecute suspect
226f870c0ddf07d1785129cc6d5279cc3a52d4312cc9a8a23ce87413b2b54a74,2024-06,Wiltshire Police,Wiltshire Police,-1.789114,51.563220,On or near Sheppard Street,E01015477,Swindon 015C,Unable to prosecute suspect
d17f865847bfa47b6b1ba192994075df73269d4a33a4bb0124c314105ff54c10,2024-06,Wiltshire Police,Wiltshire Police,-1.793187,51.066936,On or near Ivy Street,E01032023,Wiltshire 059D,Unable to prosecute suspect
0a87b9752f3d73d234cdd6e72a7589ed70d95cd0475d74d4cb8ef4cff7b16ce1,2024-06,Wiltshire Police,Wiltshire Police,-2.122894,51.457542,On or near Tall Trees,E01031913,Wiltshire 011C,Suspect charged
16ac48e3bb0f15b76b21de902eb5a6d8c36c4d832d6bb2b1b4ba9417c39d73a3,2024-06,Wiltshire Police,Wiltshire Police,-1.759309,51.560538,On or near Darnley Close,E01015573,Swindon 016C,Unable to prosecute suspect
beedbb6f1165e1049885b8b6b0efcee210e4c6d01d8f2263fd4a9f25644843ab,2024-06,Wiltshire Police,Wiltshire Police,-1.786886,51.561517,On or near Queen Street,E01033845,Swindon 015E,Unable to prosecute suspect
3a2a337fac0ed4670d9a96dc87a8662f0d3d6f2d12399d345406ec1b57372531,2024-06,Wiltshire Police,Wiltshire Police,-2.121839,51.455808,On or near Charter Road,E01031912,Wiltshire 011B,Unable to prosecute suspect
3a2a337fac0ed4670d9a96dc87a8662f0d3d6f2d12399d345406ec1b57372531,2024-06,Wiltshire Police,Wiltshire Police,-2.121839,51.455808,On or near Charter Road,E01031912,Wiltshire 011B,Unable to prosecute suspect
92ff65fad224f9d9003edfeebcbab21fb487913636ff6a6895b065ca2c0bc46d,2024-06,Wiltshire Police,Wiltshire Police,-1.720856,51.415716,On or near Woodstock Court,E01031861,Wiltshire 019A,Suspect charged
908a3d548962e0463e93d14ca4c515dff59d2f8b8ebf2c8cf2c8aef65cee7e0f,2024-06,Wiltshire Police,Wiltshire Police,-1.750727,51.553275,On or near Supermarket,E01015541,Swindon 020D,Suspect charged
f3aefb3f2cd1ab660a39a39f8cfc2175d8017466fbb927667627edcaf1a6da53,2024-06,Wiltshire Police,Wiltshire Police,-1.777961,51.578431,On or near Wilcox Close,E01015508,Swindon 010A,Unable to prosecute suspect
a5e4b2df41c6b5c2274b60a6ffda1472a1f015a1d03533682df19788cee1dccd,2024-06,Wiltshire Police,Wiltshire Police,-1.833726,51.092485,On or near Brodie Rise,E01031980,Wiltshire 052A,Suspect charged
c8e83653d4d40361e7747722aed88e8b58eae082044a25716e513b03adbfe23c,2024-06,Wiltshire Police,Wiltshire Police,-2.132818,51.420351,On or near Rosemary Lane,E01031942,Wiltshire 018E,Unable to prosecute suspect
f8251264be674b89878de7753cdb0a0c32d176d073f2ccbc3eebd1f957405929,2024-06,Wiltshire Police,Wiltshire Police,-1.761879,51.562845,On or near Douglas Road,E01015575,Swindon 016D,Unable to prosecute suspect
47b60f659c1c95e07e7519b7ce075c25a718f48475c67ce9f6ca555b4063df79,2024-06,Wiltshire Police,Wiltshire Police,-1.792756,51.609352,On or near Robinscroft,E01033844,Swindon 008I,Unable to prosecute suspect
42ad7af07c106a0d9ada69c61fdfca413fff8996220e74ecbb6d2875bd9c17bf,2024-06,Wiltshire Police,Wiltshire Police,-1.809414,51.579970,On or near Beaney View,E01015530,Swindon 006D,Unable to prosecute suspect
b8b208259d5f2301f5f6a588862059a9015b8a16a159b0fbe39f47309a012534,2024-06,Wiltshire Police,Wiltshire Police,-1.747930,51.583666,On or near Frank Warman Court,E01015553,Swindon 009E,Suspect charged
4e249f43d6633dc60a9beefe34cecac542cff40e42b527c5e324813e37e20263,2024-06,Wiltshire Police,Wiltshire Police,-2.131882,51.454952,On or near Kingsley Road,E01031928,Wiltshire 011F,Unable to prosecute suspect
31c9b0d2de74be508d927981cb0f1075c3fd748fdc3db55ca5a8f3ddee9571dd,2024-06,Wiltshire Police,Wiltshire Police,-2.226147,51.323242,On or near Broadmead,E01032097,Wiltshire 033B,Offender given a caution
2c2cc8a65576f2a8c64cad74061cc620233ba411dc9a68a677aaf95f668903dc,2024-06,Wiltshire Police,Wiltshire Police,-2.149279,51.383385,On or near Addison Road,E01032063,Wiltshire 020A,Unable to prosecute suspect
31c9b0d2de74be508d927981cb0f1075c3fd748fdc3db55ca5a8f3ddee9571dd,2024-06,Wiltshire Police,Wiltshire Police,-2.226147,51.323242,On or near Broadmead,E01032097,Wiltshire 033B,Offender given a caution
31c9b0d2de74be508d927981cb0f1075c3fd748fdc3db55ca5a8f3ddee9571dd,2024-06,Wiltshire Police,Wiltshire Police,-2.226147,51.323242,On or near Broadmead,E01032097,Wiltshire 033B,Offender given a caution
16ac48e3bb0f15b76b21de902eb5a6d8c36c4d832d6bb2b1b4ba9417c39d73a3,2024-06,Wiltshire Police,Wiltshire Police,-1.759309,51.560538,On or near Darnley Close,E01015573,Swindon 016C,Unable to prosecute suspect
9f4e260203ed0af73b703ac8a3a6e8f4b9551c4243f8fcdf9f9554d775f181cc,2024-06,Wiltshire Police,Wiltshire Police,-1.779385,51.561350,On or near Parking Area,E01032714,Swindon 019E,Further investigation is not in the public interest
c0b37c0e9bbcafd91a77c2c7056ae002d82e20c2c997fe0779d65fa62d0167ae,2024-06,Wiltshire Police,Wiltshire Police,-1.991507,51.351020,On or near Sheep Street,E01031856,Wiltshire 026D,Unable to prosecute suspect
18b4e828005cbb7716842b8bca30cf9131aeeb76dbf58f4b9bff305924e3c9f5,2024-06,Wiltshire Police,Wiltshire Police,-1.786416,51.553945,On or near Folkestone Road,E01015497,Swindon 019D,Unable to prosecute suspect
28a8f5254344c7d0a93860afcc9f85dacf99c911018b5342256022e0ce7317c0,2024-06,Wiltshire Police,Wiltshire Police,-1.978930,51.348078,On or near Eastleigh Road,E01031852,Wiltshire 025C,Suspect charged
a5e4b2df41c6b5c2274b60a6ffda1472a1f015a1d03533682df19788cee1dccd,2024-06,Wiltshire Police,Wiltshire Police,-1.833726,51.092485,On or near Brodie Rise,E01031980,Wiltshire 052A,Suspect charged
b3b464a4f220aef2c56f99856655d009b97962d8e19b7847a0edd96d24025302,2024-06,Wiltshire Police,Wiltshire Police,-1.785302,51.560868,On or near Shopping Area,E01015494,Swindon 019A,Suspect charged
aceeab2ecf80d04f15419b1bf8779238ca83b4912cdc348a37317b9dcf2eca68,2024-06,Wiltshire Police,Wiltshire Police,-1.775787,51.061671,On or near Petrol Station,E01032021,Wiltshire 056D,Unable to prosecute suspect
592a34f9d624c88bf5bc7fe8707f689c81589b8744520ccba8fa910533777bab,2024-06,Wiltshire Police,Wiltshire Police,-1.759245,51.569924,On or near Marshgate,E01015549,Swindon 009A,Unable to prosecute suspect
210378416757455b0d02332dfae10bf8bffd2f03388ff432b0036d4df63105de,2024-06,Wiltshire Police,Wiltshire Police,-2.212436,51.318907,On or near Parking Area,E01034534,Wiltshire 031E,Suspect charged
e6ff466c64c4d3db21e4780ac37b18d1a1e727bd8ebdccf9ff0b0d61ab3e5c18,2024-06,Wiltshire Police,Wiltshire Police,-2.181234,51.204421,On or near Nightclub,E01032103,Wiltshire 044A,Unable to prosecute suspect
20b769a3fb6b437d53e8c071bcfe2ad6f482c49b6f3b8944fbcd81081d50751e,2024-06,Wiltshire Police,Wiltshire Police,-2.382966,51.369033,On or near Oak Avenue,E01014438,Bath and North East Somerset 014D,Suspect charged
4cf1c80a710c0cade31e80eb42d964fe4745f425f9718a84b382f10a9bce9a27,2024-06,Wiltshire Police,Wiltshire Police,-2.002722,51.352855,On or near Moyne Close,E01031854,Wiltshire 026B,Unable to prosecute suspect
7bfee2141593b86dfbe59888595a5d3ed6e46b20488b11043d1251c5738537d1,2024-06,Wiltshire Police,Wiltshire Police,-2.207788,51.319221,On or near Castle Street,E01034534,Wiltshire 031E,Unable to prosecute suspect
7bfee2141593b86dfbe59888595a5d3ed6e46b20488b11043d1251c5738537d1,2024-06,Wiltshire Police,Wiltshire Police,-2.207788,51.319221,On or near Castle Street,E01034534,Wiltshire 031E,Unable to prosecute suspect
7bfee2141593b86dfbe59888595a5d3ed6e46b20488b11043d1251c5738537d1,2024-06,Wiltshire Police,Wiltshire Police,-2.207788,51.319221,On or near Castle Street,E01034534,Wiltshire 031E,Unable to prosecute suspect
6f79ae5914f2d0a8fb88e843e94fc7cb27fafa6a28dacd5eeebde3ed411d5c41,2024-06,Wiltshire Police,Wiltshire Police,-2.172517,51.204623,On or near Imberwood Close,E01032103,Wiltshire 044A,Unable to prosecute suspect
ec820abc6a0ac81ff951ca40dffb85fe4a518948a6dd48c48c6385a4c50f0382,2024-06,Wiltshire Police,Wiltshire Police,-2.173677,51.371545,On or near Woodpecker Close,E01032057,Wiltshire 021C,Unable to prosecute suspect
ef0d17a6c4a9ac7fa86ba0d47a21c99a768069f92433d25b73682497661de040,2024-06,Wiltshire Police,Wiltshire Police,-1.802085,51.595971,On or near Newstead Close,E01015513,Swindon 004A,Unable to prosecute suspect
dcc3cdf0ec9cab803fa898d66dc2e435d0036b2658ec72fb947702c9a4f912a9,2024-06,Wiltshire Police,Wiltshire Police,-2.246888,51.201235,On or near Sturford Lane,E01032051,Wiltshire 047A,Unable to prosecute suspect
de5e4af4dcc554e30e14422f700a0fcf0fde2f3b33f4f6554376ad7cb0ef06c2,2024-06,Wiltshire Police,Wiltshire Police,-1.778934,51.559173,On or near Wells Street,E01032714,Swindon 019E,Unable to prosecute suspect
1d5d181431ae922317866ea38e8742dc5260da3be50af0026dcb34eae8b80d46,2024-06,Wiltshire Police,Wiltshire Police,-2.110859,51.456116,On or near The Butts,E01031917,Wiltshire 011D,Unable to prosecute suspect
1d5d181431ae922317866ea38e8742dc5260da3be50af0026dcb34eae8b80d46,2024-06,Wiltshire Police,Wiltshire Police,-2.110859,51.456116,On or near The Butts,E01031917,Wiltshire 011D,Unable to prosecute suspect
444f99ed1063d18183c0b8a65ad830374539beba45e5264b14355104f03524ed,2024-06,Wiltshire Police,Wiltshire Police,-1.774512,51.086208,On or near Parking Area,E01031985,Wiltshire 051B,Unable to prosecute suspect
444f99ed1063d18183c0b8a65ad830374539beba45e5264b14355104f03524ed,2024-06,Wiltshire Police,Wiltshire Police,-1.774512,51.086208,On or near Parking Area,E01031985,Wiltshire 051B,Unable to prosecute suspect
98420d2742d3c4f77c5bbc458dfb9575ae523db0add46275456b7caf42ffb280,2024-06,Wiltshire Police,Wiltshire Police,-2.317257,51.085481,On or near Portnell's Lane,E01032036,Wiltshire 050C,Unable to prosecute suspect
ca350eb65806ea1fde9b9fd1b3cfa76dceb90759c672c767b919722b5452efb1,2024-06,Wiltshire Police,Wiltshire Police,-2.177370,51.260384,On or near Hillside Park,E01032119,Wiltshire 064B,Unable to prosecute suspect
138706f4337ac8b0c60127d62cb45d455729e3f6077c7c0b93d86a177643f667,2024-06,Wiltshire Police,Wiltshire Police,-1.788181,51.066154,On or near St Martin's Church Street,E01032023,Wiltshire 059D,Unable to prosecute suspect
226f870c0ddf07d1785129cc6d5279cc3a52d4312cc9a8a23ce87413b2b54a74,2024-06,Wiltshire Police,Wiltshire Police,-1.789114,51.563220,On or near Sheppard Street,E01015477,Swindon 015C,Unable to prosecute suspect
226f870c0ddf07d1785129cc6d5279cc3a52d4312cc9a8a23ce87413b2b54a74,2024-06,Wiltshire Police,Wiltshire Police,-1.789114,51.563220,On or near Sheppard Street,E01015477,Swindon 015C,Unable to prosecute suspect
d17f865847bfa47b6b1ba192994075df73269d4a33a4bb0124c314105ff54c10,2024-06,Wiltshire Police,Wiltshire Police,-1.793187,51.066936,On or near Ivy Street,E01032023,Wiltshire 059D,Unable to prosecute suspect
693b51bbc7c437e8cad147ff41cdd6699ff57a9796b15f86247c2513ee3b9ab8,2024-06,Wiltshire Police,Wiltshire Police,-2.251913,51.337504,On or near Spencers Orchard,E01032049,Wiltshire 027E,Suspect charged
693b51bbc7c437e8cad147ff41cdd6699ff57a9796b15f86247c2513ee3b9ab8,2024-06,Wiltshire Police,Wiltshire Police,-2.251913,51.337504,On or near Spencers Orchard,E01032049,Wiltshire 027E,Suspect charged
718945c6b8894c001fedf38ccb51871b95dc234f7f553b41df7e3bb50bb36e33,2024-06,Wiltshire Police,Wiltshire Police,-1.986811,51.353178,On or near Estcourt Crescent,E01031850,Wiltshire 025A,Unable to prosecute suspect
146c22eb00529774703188649c44c6a0eed22ea29d53585d40e6aa22d22ab652,2024-06,Wiltshire Police,Wiltshire Police,-1.809375,51.592657,On or near Supermarket,E01015513,Swindon 004A,Suspect charged
7b6a09431d3aed142e63532f6a33b560f0d838f262a99091ba0d13618d7c0c78,2024-06,Wiltshire Police,Wiltshire Police,-1.822400,51.085598,On or near A360,E01031982,Wiltshire 052C,Unable to prosecute suspect
106a816b3a9ec72df9b35888a3f9f041e38eddbf1b56d88288e2cfe8bb8d92bc,2024-06,Wiltshire Police,Wiltshire Police,-1.772928,51.560223,On or near Southampton Street,E01015493,Swindon 017B,Unable to prosecute suspect
cd117a05ba618efde494cfd1973d37415f40984cbf84d4f64eb438dda5a8bac2,2024-06,Wiltshire Police,Wiltshire Police,-1.897110,51.536525,On or near Buttermilk Crescent,E01031966,Wiltshire 007G,Unable to prosecute suspect
c6551dd88c17cc20f5a5eeb906276bbe7e9db6ab56deec321830a05f40402ecc,2024-06,Wiltshire Police,Wiltshire Police,-1.801847,51.600880,On or near Lady Lane,E01032710,Swindon 028E,Unable to prosecute suspect
8f73e0567da645011bcca897ed4406d2fb73dc655b6d64df3d3b23e0c2f34697,2024-06,Wiltshire Police,Wiltshire Police,-1.706898,51.639767,On or near Sevenfields,E01015522,Swindon 001D,Suspect charged
dd2e01c8e2b97ec8b47d644b151e5802629aeb7c090f82715e9f7cf30522ffe0,2024-06,Wiltshire Police,Wiltshire Police,-1.727284,51.427762,On or near Rabley Wood View,E01031862,Wiltshire 019B,Unable to prosecute suspect
5e3fb583295622cade3c2692028615d4973e007d05c4c2309c3e4ea8ed8c4cf1,2024-06,Wiltshire Police,Wiltshire Police,-1.757593,51.555094,On or near Welbeck Close,E01015573,Swindon 016C,Suspect charged
288b59d5a28a8e32e47886d16c4f3b1aae5cecc1b3fbc8f8da0d1b639eda1d69,2024-06,Wiltshire Police,Wiltshire Police,-2.139375,51.372823,On or near Church Street,E01032067,Wiltshire 022C,Unable to prosecute suspect
78993abb5dffb90c235d3f5a732ccbb9db1e1ae3a7584d499264a1066b405245,2024-06,Wiltshire Police,Wiltshire Police,-1.796685,51.072940,On or near Mill Stream Approach,E01032014,Wiltshire 056A,Unable to prosecute suspect
4b4e06f63bbb95681c38715ff070ee3c82d81e9d8109adc089946763a3aa8c87,2024-06,Wiltshire Police,Wiltshire Police,-2.004586,51.326266,On or near Ryeleaze,E01031872,Wiltshire 028D,Suspect charged
7bfee2141593b86dfbe59888595a5d3ed6e46b20488b11043d1251c5738537d1,2024-06,Wiltshire Police,Wiltshire Police,-2.207788,51.319221,On or near Castle Street,E01034534,Wiltshire 031E,Unable to prosecute suspect
6f79ae5914f2d0a8fb88e843e94fc7cb27fafa6a28dacd5eeebde3ed411d5c41,2024-06,Wiltshire Police,Wiltshire Police,-2.172517,51.204623,On or near Imberwood Close,E01032103,Wiltshire 044A,Unable to prosecute suspect
61c4b7d81044f9b15e9c6a58a59180c8fc804eff8bec41d361265750ff39e7df,2024-06,Wiltshire Police,Wiltshire Police,-1.807435,51.597446,On or near Supermarket,E01032710,Swindon 028E,Suspect charged
ef0d17a6c4a9ac7fa86ba0d47a21c99a768069f92433d25b73682497661de040,2024-06,Wiltshire Police,Wiltshire Police,-1.802085,51.595971,On or near Newstead Close,E01015513,Swindon 004A,Unable to prosecute suspect
5c074d6a71fedae8c9ba56da8c24a9bf64da25b7cfc8635f50c43ed211bad98b,2024-06,Wiltshire Police,Wiltshire Police,-1.798915,51.091890,On or near Old Castle Road,E01032018,Wiltshire 053A,Investigation complete; no suspect identified
ec30cc677d970fc980279955021607ec40912291d8ed8dfc684e8b97cf20375d,2024-06,Wiltshire Police,Wiltshire Police,-1.759300,50.990923,On or near Marie Avenue,E01031993,Wiltshire 062C,Investigation complete; no suspect identified
77f5385d7944a82cc8644c1bc1de73df338ae751709d76534e79663de74952ef,2024-06,Wiltshire Police,Wiltshire Police,-2.133789,51.373855,On or near Ruskin Avenue,E01032062,Wiltshire 022A,Unable to prosecute suspect
b31e04dfbb73150cabedbfea35db81e05a04e806a70958572d8485f3044167af,2024-06,Wiltshire Police,Wiltshire Police,-1.780358,51.581079,On or near Sycamore Grove,E01015506,Swindon 007A,Local resolution
9a078973090e5ed82ffb46a4a1b62e0c12868ddae16bf7d1d9f1c00ff4889f0f,2024-06,Wiltshire Police,Wiltshire Police,-1.805391,51.562205,On or near Fosse Close,E01015579,Swindon 012C,Unable to prosecute suspect
020b7680aa439e40611ee00368b538888b54eff2675dc219a348d158d3997c54,2024-06,Wiltshire Police,Wiltshire Police,-2.095808,51.581155,On or near High Street,E01031949,Wiltshire 002D,Unable to prosecute suspect
8b25ae576f06955cad7e6abadd8245a2c174beb1c5477c610351236302f8815d,2024-06,Wiltshire Police,Wiltshire Police,-1.800428,51.565497,On or near Rodbourne Road,E01015578,Swindon 012B,Investigation complete; no suspect identified
ea49e5a673af529c563e0f80fe7d34949aef460bbb433d5d18e06679f2a8a5b6,2024-06,Wiltshire Police,Wiltshire Police,-1.796302,51.069154,On or near Minster Street,E01032022,Wiltshire 058C,Unable to prosecute suspect
cad750fef760c1ec69a1abe7d3d6d159e257b546823b5093972beb00b9123bb5,2024-06,Wiltshire Police,Wiltshire Police,-1.816891,51.554276,On or near Markenfield,E01015568,Swindon 014D,Investigation complete; no suspect identified
a3125c4acbc03d4f07132a37e37360b02ff656ce756c3e26efc4a3000fdac574,2024-06,Wiltshire Police,Wiltshire Police,-1.768068,51.588455,On or near Beechcroft Road,E01015555,Swindon 005A,Investigation complete; no suspect identified
d1dd70f966e95e121578930d43a66b477ad2787ef566a601cf16c684ad1965ea,2024-06,Wiltshire Police,Wiltshire Police,-1.779326,51.561746,On or near Spring Close,E01032714,Swindon 019E,Unable to prosecute suspect
73adf2ce65f44c1086d67244e2a3cb6e0bab8e6eeb89bafc9115f44c7e9a39bc,2024-06,Wiltshire Police,Wiltshire Police,-1.820856,51.554596,On or near Ely Close,E01015570,Swindon 022E,Suspect charged
99a2b78d6451025f35e5017f34d9b74d40131ea89ccdca9db45b1c1fca66d6d0,2024-06,Wiltshire Police,Wiltshire Police,-1.727200,51.538528,On or near Hospital,E01015547,Swindon 008C,Suspect charged
e927fff704d4884ca6d4f9f3a3ea9097cf4a33477f5ea7f3ca91df48090eecf8,2024-06,Wiltshire Police,Wiltshire Police,-2.199142,51.201515,On or near Masefield Road,E01032113,Wiltshire 043D,Unable to prosecute suspect
d9303609ae7bf34f3cb14f51d60fd5bc79c20fd35af151ad0444f7bb96cae9d0,2024-06,Wiltshire Police,Wiltshire Police,-1.752859,51.576942,On or near Owen Court,E01015549,Swindon 009A,Unable to prosecute suspect
8bd40d492526279a0d9e076c4bfd478e646807d4dfd31186ba19e84a1858e7a8,2024-06,Wiltshire Police,Wiltshire Police,-1.773212,51.587198,On or near Okus Grove,E01015555,Swindon 005A,Unable to prosecute suspect
55b801c81d5438bde0f5ab170a59d993834567f94a7b99e55c73b72e6decc59d,2024-06,Wiltshire Police,Wiltshire Police,-1.753677,51.561713,On or near Hunsdon Close,E01015572,Swindon 016B,Unable to prosecute suspect
d71e6b201ba328f97e6bafe01714bef79defd4c5874916003396c72eed26cda2,2024-06,Wiltshire Police,Wiltshire Police,-1.789823,51.043946,On or near Hospital,E01032000,Wiltshire 057A,Suspect charged
c5137d6480a13dfd40162bbf21ace78e0bfa6d494bf9fad86538fe2b7affd41d,2024-06,Wiltshire Police,Wiltshire Police,-1.782749,51.560898,On or near Edgeware Road,E01032714,Swindon 019E,Unable to prosecute suspect
a17a5f5df03723e3e1af5940944662c031c2eedb3b9f09f92a1aa0048d617ce0,2024-06,Wiltshire Police,Wiltshire Police,-1.747152,51.559955,On or near Welcombe Avenue,E01015538,Swindon 016A,Suspect charged
a32d3142afb745cab4a90cd384ab0f530130952f43f7716d3fd05dceb3e205ff,2024-06,Wiltshire Police,Wiltshire Police,-1.777083,51.563126,On or near Medgbury Place,E01015475,Swindon 015A,Suspect charged
da55de2d3aba9dd5322173be4d6de8915ae35a5762a106f219c63bb7188a4deb,2024-06,Wiltshire Police,Wiltshire Police,-2.084253,51.068365,On or near Turner Avenue,E01032030,Wiltshire 061C,Suspect charged
f93108e0f821ec5fadd10f43367c63c377814ed019d5a33d8b12717908e45b50,2024-06,Wiltshire Police,Wiltshire Police,-2.208256,51.321126,On or near Fore Street,E01034534,Wiltshire 031E,Suspect charged
5b6d176bb565e247f33bd1d640ac29bc135e53b832c8333f5824f2be29e6b476,2024-06,Wiltshire Police,Wiltshire Police,-2.177370,51.260384,On or near Hillside Park,E01032119,Wiltshire 064B,Unable to prosecute suspect
cc1707799a8f12c0e4c5999511179cfdfd647643b4d25c123fb39188cb86de22,2024-06,Wiltshire Police,Wiltshire Police,-1.826951,51.563903,On or near Eastleaze Road,E01015561,Swindon 014A,Unable to prosecute suspect
0fb66ff71e042d4c5df0fc44086b21fb65d60243724793906283e73c1a5b9cca,2024-06,Wiltshire Police,Wiltshire Police,-1.992828,51.352333,On or near Maryport Street,E01031854,Wiltshire 026B,Suspect charged
269d6afefbd2faa4ff3429088f4ce634c0f812e31edc70de1bf5c62744eba080,2024-06,Wiltshire Police,Wiltshire Police,-2.114852,51.458611,On or near Chapel Lane,E01031912,Wiltshire 011B,Unable to prosecute suspect
39c337ad5be21946ded543a01ebaa232c2ead959fc3ab1cbd8bde9963bfc7817,2024-06,Wiltshire Police,Wiltshire Police,-2.120312,51.356740,On or near Valentia Court,E01032072,Wiltshire 021F,Suspect charged
0c3ad202794005549736e705f103189565542181db4ed9b5be0816696f64c770,2024-06,Wiltshire Police,Wiltshire Police,-1.823761,51.549512,On or near Wallingford Close,E01015571,Swindon 022F,Unable to prosecute suspect
c1a146956981b374eec4da18beb17b4bd2c570f5872f5fb539732c4be1170d49,2024-06,Wiltshire Police,Wiltshire Police,-1.763365,51.562911,On or near Bedford Road,E01015575,Swindon 016D,Unable to prosecute suspect
2d76a96c03765c7fafd82dfbc9be914beb2472aaaa91062b99a4f68ee66b9906,2024-06,Wiltshire Police,Wiltshire Police,-1.757593,51.555094,On or near Welbeck Close,E01015573,Swindon 016C,Unable to prosecute suspect
0fb66ff71e042d4c5df0fc44086b21fb65d60243724793906283e73c1a5b9cca,2024-06,Wiltshire Police,Wiltshire Police,-1.992828,51.352333,On or near Maryport Street,E01031854,Wiltshire 026B,Suspect charged
eee6959faef9b5a346eaa753cac2127a82232a34b981f973c2f539ec827a20ba,2024-06,Wiltshire Police,Wiltshire Police,-1.988576,51.357683,On or near Braeside Close,E01032693,Wiltshire 025H,Unable to prosecute suspect
0858cc50611f109e1ba5bd61090f8415d75cef283f9b45210318aa6efad6d652,2024-06,Wiltshire Police,Wiltshire Police,-1.828388,51.611334,On or near Mathews Close,E01033842,Swindon 008G,Unable to prosecute suspect
b61ada906052f93b087405c11446bb1cd9ad6ff1d45dd7a24014e9895428711b,2024-06,Wiltshire Police,Wiltshire Police,-2.004586,51.326266,On or near Ryeleaze,E01031872,Wiltshire 028D,Unable to prosecute suspect
a6fb3ac2b66f6a0d849802db75ec057107a23cc0ce8d51a9e55f6229b4f0d561,2024-06,Wiltshire Police,Wiltshire Police,-2.203231,52.513724,On or near The Close,E01029645,South Staffordshire 013A,Suspect charged
f3ec11d3c45d312f9144b7ecca5aa278508850a05e5a026a2cfcaff0ef4a313e,2024-06,Wiltshire Police,Wiltshire Police,-2.115987,51.457882,On or near Parking Area,E01031912,Wiltshire 011B,Suspect charged
e0998fa33da71186b233c88bc647d44badc31dab270beaf2e9a05768bd7214e4,2024-06,Wiltshire Police,Wiltshire Police,-2.053647,51.380716,On or near New Road,E01031845,Wiltshire 028A,Unable to prosecute suspect
c9cac1214ac0fcec10822ac39a744e06c0e4e57a407b6fcdf31a3f2d77aacce2,2024-06,Wiltshire Police,Wiltshire Police,-1.716479,51.363042,On or near St Andrew's Close,E01031866,Wiltshire 024A,Suspect charged
c38cd9950997ccba9f58d8f96c874496b8b877e00c4a15c1ffcf0854f04f43d0,2024-06,Wiltshire Police,Wiltshire Police,-1.785627,51.571459,On or near St Marys Grove,E01015511,Swindon 010D,Unable to prosecute suspect
905c4ff3420f72811e4a10e0837dfd642dc92af5007d723199b47e482972c7e3,2024-06,Wiltshire Police,Wiltshire Police,-1.830272,51.555437,On or near Beaumaris Road,E01015569,Swindon 022D,Unable to prosecute suspect
d8af1642335e132439b8c67867256785fee31ae422e1d062dfa19f78014bd036,2024-06,Wiltshire Police,Wiltshire Police,-1.787721,51.552437,On or near A4289,E01032707,Swindon 021F,Suspect charged
6d0e8204bc515b4b373934a01b222a8978cb4401e789863d9919996310ef4db1,2024-06,Wiltshire Police,Wiltshire Police,-1.870458,51.085256,On or near Water Ditchampton,E01032039,Wiltshire 054E,Unable to prosecute suspect
17fd8c250d5130de60ab8db0b266b4a1e72e5ac405d18b966342d28b3b1e8617,2024-06,Wiltshire Police,Wiltshire Police,-1.745788,51.563890,On or near Arlington Close,E01015484,Swindon 013D,Unable to prosecute suspect
512f07f38c0d95f1a4a5f6a9971f442cde69731a5c5d358146bf04b295272323,2024-06,Wiltshire Police,Wiltshire Police,-1.776111,51.552443,On or near Wood Street,E01015534,Swindon 024B,Suspect charged
4da869e3738c6307dcb89f5004b613f4ef7d392859489942275f1b683599b0c3,2024-06,Wiltshire Police,Wiltshire Police,-1.796638,51.554971,On or near Erin Court,E01015478,Swindon 021A,Unable to prosecute suspect
2a4e96648519e37d13d0dd6da591bef5e40ece56e4b9dcc138f7189633191e5e,2024-06,Wiltshire Police,Wiltshire Police,-1.778371,51.565215,On or near Gladstone Street,E01015480,Swindon 015D,Unable to prosecute suspect
2ada547e9d39f0938978f320fb2b294dce7c019e99f8deda4048ef1bce37c735,2024-06,Wiltshire Police,Wiltshire Police,-2.128330,51.368645,On or near Wiltshire Crescent,E01032066,Wiltshire 022B,Unable to prosecute suspect
453d22aa07a6468240c76f2401861d06ad10f7c7e1042d1b0763cccdff742567,2024-06,Wiltshire Police,Wiltshire Police,-1.602113,51.254304,On or near Spray Leaze,E01031860,Wiltshire 065A,Suspect charged
22aa3a9e23970b9c2464902f1587f9eff2a18c8e56f274f19c595544fc43e792,2024-06,Wiltshire Police,Wiltshire Police,-2.211041,51.321445,On or near Hill Street,E01034533,Wiltshire 031D,Unable to prosecute suspect
7c14672f7fbba91bacbae463c807e5a81652624c7afbd7554e6e2bb9a16bfdaf,2024-06,Wiltshire Police,Wiltshire Police,-2.184949,51.259958,On or near Haynes Road,E01032115,Wiltshire 064A,Local resolution
1ac041d4d5306dcd6e3b201a1632f29a571f605a7c065b73c05cd55ae031aa8f,2024-06,Wiltshire Police,Wiltshire Police,-1.776521,51.551194,On or near Britannia Place,E01015534,Swindon 024B,Suspect charged
737815c80a47ca980d257394eb5c0fdce340326dced72dbeb67347d59d76c3c3,2024-06,Wiltshire Police,Wiltshire Police,-1.795554,51.070447,On or near Chipper Lane,E01032014,Wiltshire 056A,Suspect charged
a17a5f5df03723e3e1af5940944662c031c2eedb3b9f09f92a1aa0048d617ce0,2024-06,Wiltshire Police,Wiltshire Police,-1.747152,51.559955,On or near Welcombe Avenue,E01015538,Swindon 016A,Suspect charged
da55de2d3aba9dd5322173be4d6de8915ae35a5762a106f219c63bb7188a4deb,2024-06,Wiltshire Police,Wiltshire Police,-2.084253,51.068365,On or near Turner Avenue,E01032030,Wiltshire 061C,Suspect charged
711167c1b23d909001b06534d4846c8a1ee12afb8f2ca09a3bfcab6b09001837,2024-06,Wiltshire Police,Wiltshire Police,-1.809375,51.592657,On or near Supermarket,E01015513,Swindon 004A,Suspect charged
f93108e0f821ec5fadd10f43367c63c377814ed019d5a33d8b12717908e45b50,2024-06,Wiltshire Police,Wiltshire Police,-2.208256,51.321126,On or near Fore Street,E01034534,Wiltshire 031E,Suspect charged
98db926b5a9a54f716e7cc27ba3c744f639ef62bb12936a4aa7375576f2a365a,2024-06,Wiltshire Police,Wiltshire Police,-1.795554,51.070447,On or near Chipper Lane,E01032014,Wiltshire 056A,Suspect charged
f93108e0f821ec5fadd10f43367c63c377814ed019d5a33d8b12717908e45b50,2024-06,Wiltshire Police,Wiltshire Police,-2.208256,51.321126,On or near Fore Street,E01034534,Wiltshire 031E,Suspect charged
cc1707799a8f12c0e4c5999511179cfdfd647643b4d25c123fb39188cb86de22,2024-06,Wiltshire Police,Wiltshire Police,-1.826951,51.563903,On or near Eastleaze Road,E01015561,Swindon 014A,Unable to prosecute suspect
269d6afefbd2faa4ff3429088f4ce634c0f812e31edc70de1bf5c62744eba080,2024-06,Wiltshire Police,Wiltshire Police,-2.114852,51.458611,On or near Chapel Lane,E01031912,Wiltshire 011B,Unable to prosecute suspect
d99e2f54eb4979e64d534fda36b24bda90ed119df633016d90e9ef147e80a2b9,2024-06,Wiltshire Police,Wiltshire Police,-1.824618,51.604180,On or near Tortworth Road,E01032713,Swindon 026F,Unable to prosecute suspect
d99e2f54eb4979e64d534fda36b24bda90ed119df633016d90e9ef147e80a2b9,2024-06,Wiltshire Police,Wiltshire Police,-1.824618,51.604180,On or near Tortworth Road,E01032713,Swindon 026F,Unable to prosecute suspect
b0432f6af4bfe24d69a2ad24a4f2ed6d8d65f828a47d61e1b10455a8e6018a5b,2024-06,Wiltshire Police,Wiltshire Police,-1.829162,51.578274,On or near Sandwood Close,E01015562,Swindon 011A,Unable to prosecute suspect
2d76a96c03765c7fafd82dfbc9be914beb2472aaaa91062b99a4f68ee66b9906,2024-06,Wiltshire Police,Wiltshire Police,-1.757593,51.555094,On or near Welbeck Close,E01015573,Swindon 016C,Unable to prosecute suspect
bf76632b27fa6a26e2f78e07449be76e2caa3f7a024beb576cd22748626fa17e,2024-06,Wiltshire Police,Wiltshire Police,-1.784355,51.559849,On or near Parking Area,E01015494,Swindon 019A,Unable to prosecute suspect
89bf8f06a4030c88a274885048e12c770517e66597f7b3eac38201a831c08e72,2024-06,Wiltshire Police,Wiltshire Police,-1.994882,51.351964,On or near Wine Street,E01031854,Wiltshire 026B,Suspect charged
89bf8f06a4030c88a274885048e12c770517e66597f7b3eac38201a831c08e72,2024-06,Wiltshire Police,Wiltshire Police,-1.994882,51.351964,On or near Wine Street,E01031854,Wiltshire 026B,Suspect charged
5abd0b7b1f46569a9304b0d40f96bd0031c8c6ca4448620f9f79019e93ddd435,2024-06,Wiltshire Police,Wiltshire Police,-1.989938,51.437690,On or near Rutherford Close,E01031902,Wiltshire 016C,Unable to prosecute suspect
eee6959faef9b5a346eaa753cac2127a82232a34b981f973c2f539ec827a20ba,2024-06,Wiltshire Police,Wiltshire Police,-1.988576,51.357683,On or near Braeside Close,E01032693,Wiltshire 025H,Unable to prosecute suspect
539dd7c66ee9330afabe4039935d1174ec0545fbbd257c93f0f7e760cc92cae3,2024-06,Wiltshire Police,Wiltshire Police,-2.015503,51.438957,On or near Oak Close,E01034524,Wiltshire 016E,Unable to prosecute suspect
905c4ff3420f72811e4a10e0837dfd642dc92af5007d723199b47e482972c7e3,2024-06,Wiltshire Police,Wiltshire Police,-1.830272,51.555437,On or near Beaumaris Road,E01015569,Swindon 022D,Unable to prosecute suspect
905c4ff3420f72811e4a10e0837dfd642dc92af5007d723199b47e482972c7e3,2024-06,Wiltshire Police,Wiltshire Police,-1.830272,51.555437,On or near Beaumaris Road,E01015569,Swindon 022D,Unable to prosecute suspect
905c4ff3420f72811e4a10e0837dfd642dc92af5007d723199b47e482972c7e3,2024-06,Wiltshire Police,Wiltshire Police,-1.830272,51.555437,On or near Beaumaris Road,E01015569,Swindon 022D,Unable to prosecute suspect
6d0e8204bc515b4b373934a01b222a8978cb4401e789863d9919996310ef4db1,2024-06,Wiltshire Police,Wiltshire Police,-1.870458,51.085256,On or near Water Ditchampton,E01032039,Wiltshire 054E,Unable to prosecute suspect
6d0e8204bc515b4b373934a01b222a8978cb4401e789863d9919996310ef4db1,2024-06,Wiltshire Police,Wiltshire Police,-1.870458,51.085256,On or near Water Ditchampton,E01032039,Wiltshire 054E,Unable to prosecute suspect
7015fdf29f032090e157d23e22e3c598cc77bf8e8814aea62babc50d973662f6,2024-06,Wiltshire Police,Wiltshire Police,-2.205714,51.320708,On or near Pitman Mews,E01034534,Wiltshire 031E,Unable to prosecute suspect
512f07f38c0d95f1a4a5f6a9971f442cde69731a5c5d358146bf04b295272323,2024-06,Wiltshire Police,Wiltshire Police,-1.776111,51.552443,On or near Wood Street,E01015534,Swindon 024B,Suspect charged
17fd8c250d5130de60ab8db0b266b4a1e72e5ac405d18b966342d28b3b1e8617,2024-06,Wiltshire Police,Wiltshire Police,-1.745788,51.563890,On or near Arlington Close,E01015484,Swindon 013D,Unable to prosecute suspect
17fd8c250d5130de60ab8db0b266b4a1e72e5ac405d18b966342d28b3b1e8617,2024-06,Wiltshire Police,Wiltshire Police,-1.745788,51.563890,On or near Arlington Close,E01015484,Swindon 013D,Unable to prosecute suspect
df61f14f36117414906924251aa46181153c776636c4fc2e5806692cda3cc1cb,2024-06,Wiltshire Police,Wiltshire Police,-2.180581,51.205744,On or near Three Horseshoes Walk,E01032103,Wiltshire 044A,Suspect charged
4da869e3738c6307dcb89f5004b613f4ef7d392859489942275f1b683599b0c3,2024-06,Wiltshire Police,Wiltshire Police,-1.796638,51.554971,On or near Erin Court,E01015478,Swindon 021A,Unable to prosecute suspect
22aa3a9e23970b9c2464902f1587f9eff2a18c8e56f274f19c595544fc43e792,2024-06,Wiltshire Police,Wiltshire Police,-2.211041,51.321445,On or near Hill Street,E01034533,Wiltshire 031D,Unable to prosecute suspect
83577b03502bfdf803547f26c8bb565115bc6449a01767640ded9054a12857bc,2024-06,Wiltshire Police,Wiltshire Police,-2.212436,51.318907,On or near Parking Area,E01034534,Wiltshire 031E,Unable to prosecute suspect
7882a577b2fd5f1246b889047677459a1076cec6b036bcd8fbebb5443cf91e77,2024-06,Wiltshire Police,Wiltshire Police,-1.779385,51.561350,On or near Parking Area,E01032714,Swindon 019E,Unable to prosecute suspect
04d54637a2750295ee20918526acd6c3bda97f3d093ea83f81450f98d603d054,2024-06,Wiltshire Police,Wiltshire Police,-2.110859,51.456116,On or near The Butts,E01031917,Wiltshire 011D,Unable to prosecute suspect
61fcc1e767e672a930a3409bc6b0dd86fa420d5b7fca9f1e8dc1b2a3491725a3,2024-06,Wiltshire Police,Wiltshire Police,-1.789054,51.557403,On or near Dryden Street,E01015494,Swindon 019A,Unable to prosecute suspect
61fcc1e767e672a930a3409bc6b0dd86fa420d5b7fca9f1e8dc1b2a3491725a3,2024-06,Wiltshire Police,Wiltshire Police,-1.789054,51.557403,On or near Dryden Street,E01015494,Swindon 019A,Unable to prosecute suspect
61fcc1e767e672a930a3409bc6b0dd86fa420d5b7fca9f1e8dc1b2a3491725a3,2024-06,Wiltshire Police,Wiltshire Police,-1.789054,51.557403,On or near Dryden Street,E01015494,Swindon 019A,Unable to prosecute suspect
0fb66ff71e042d4c5df0fc44086b21fb65d60243724793906283e73c1a5b9cca,2024-06,Wiltshire Police,Wiltshire Police,-1.992828,51.352333,On or near Maryport Street,E01031854,Wiltshire 026B,Suspect charged
d1dd70f966e95e121578930d43a66b477ad2787ef566a601cf16c684ad1965ea,2024-06,Wiltshire Police,Wiltshire Police,-1.779326,51.561746,On or near Spring Close,E01032714,Swindon 019E,Unable to prosecute suspect
55b801c81d5438bde0f5ab170a59d993834567f94a7b99e55c73b72e6decc59d,2024-06,Wiltshire Police,Wiltshire Police,-1.753677,51.561713,On or near Hunsdon Close,E01015572,Swindon 016B,Unable to prosecute suspect
51550de7a8975f539b3f99873f604ef4c3d831e0a72cea0c4c7d44a0434b7e06,2024-06,Wiltshire Police,Wiltshire Police,-1.823869,51.085915,On or near Primrose Road,E01031982,Wiltshire 052C,Investigation complete; no suspect identified
d9303609ae7bf34f3cb14f51d60fd5bc79c20fd35af151ad0444f7bb96cae9d0,2024-06,Wiltshire Police,Wiltshire Police,-1.752859,51.576942,On or near Owen Court,E01015549,Swindon 009A,Unable to prosecute suspect
8bd40d492526279a0d9e076c4bfd478e646807d4dfd31186ba19e84a1858e7a8,2024-06,Wiltshire Police,Wiltshire Police,-1.773212,51.587198,On or near Okus Grove,E01015555,Swindon 005A,Unable to prosecute suspect
b67ed55f4d555d672a2e282ea715cf9e8a2174e859786101954f39d2dfa3b84b,2024-06,Wiltshire Police,Wiltshire Police,-1.741372,51.569311,On or near Neptune Crescent,E01015481,Swindon 013A,Unable to prosecute suspect
38115f27e992dde65377efc8991ee2b8b31ecabff0e035e867104ba4feba0c94,2024-06,Wiltshire Police,Wiltshire Police,-1.716572,51.417873,On or near Queens Way,E01031861,Wiltshire 019A,Unable to prosecute suspect
cb16c773535cffe299a345a1316918c6a8893e922c3e00ed7e462f6887ea310c,2024-06,Wiltshire Police,Wiltshire Police,-1.790813,51.064801,On or near Friar's Orchard,E01032023,Wiltshire 059D,Unable to prosecute suspect
cb16c773535cffe299a345a1316918c6a8893e922c3e00ed7e462f6887ea310c,2024-06,Wiltshire Police,Wiltshire Police,-1.790813,51.064801,On or near Friar's Orchard,E01032023,Wiltshire 059D,Unable to prosecute suspect
aae54f700613d8ffd7dde80a317c36827fb41c43e256687e1284fe775c18b054,2024-06,Wiltshire Police,Wiltshire Police,-1.746446,51.554612,On or near Bembridge Close,E01015541,Swindon 020D,Unable to prosecute suspect
a6fb3ac2b66f6a0d849802db75ec057107a23cc0ce8d51a9e55f6229b4f0d561,2024-06,Wiltshire Police,Wiltshire Police,-2.203231,52.513724,On or near The Close,E01029645,South Staffordshire 013A,Suspect charged
a6fb3ac2b66f6a0d849802db75ec057107a23cc0ce8d51a9e55f6229b4f0d561,2024-06,Wiltshire Police,Wiltshire Police,-2.203231,52.513724,On or near The Close,E01029645,South Staffordshire 013A,Suspect charged
39c337ad5be21946ded543a01ebaa232c2ead959fc3ab1cbd8bde9963bfc7817,2024-06,Wiltshire Police,Wiltshire Police,-2.120312,51.356740,On or near Valentia Court,E01032072,Wiltshire 021F,Suspect charged
2a4e96648519e37d13d0dd6da591bef5e40ece56e4b9dcc138f7189633191e5e,2024-06,Wiltshire Police,Wiltshire Police,-1.778371,51.565215,On or near Gladstone Street,E01015480,Swindon 015D,Unable to prosecute suspect
6a26355da46bef459f32dc51cd4ca51fa80a45858064a9b03b2c05eb66a8c5b3,2024-06,Wiltshire Police,Wiltshire Police,-1.746571,51.555449,On or near Clanfield Road,E01015537,Swindon 020A,Unable to prosecute suspect
9718011a186ab31bff39707d6179efa5d2ad51ff59b91c361406f63959c8e11e,2024-06,Wiltshire Police,Wiltshire Police,-1.841947,51.553404,On or near Paulet Close,E01015500,Swindon 018B,Suspect charged
e6ba145f125836439ef9246aacfca3a44a78756fb65bae9a294b1c28562230b1,2024-06,Wiltshire Police,Wiltshire Police,-1.820967,51.079463,On or near Alexandra Drive,E01032025,Wiltshire 053D,Unable to prosecute suspect
0c3ad202794005549736e705f103189565542181db4ed9b5be0816696f64c770,2024-06,Wiltshire Police,Wiltshire Police,-1.823761,51.549512,On or near Wallingford Close,E01015571,Swindon 022F,Unable to prosecute suspect
2a4e96648519e37d13d0dd6da591bef5e40ece56e4b9dcc138f7189633191e5e,2024-06,Wiltshire Police,Wiltshire Police,-1.778371,51.565215,On or near Gladstone Street,E01015480,Swindon 015D,Unable to prosecute suspect
2a4e96648519e37d13d0dd6da591bef5e40ece56e4b9dcc138f7189633191e5e,2024-06,Wiltshire Police,Wiltshire Police,-1.778371,51.565215,On or near Gladstone Street,E01015480,Swindon 015D,Unable to prosecute suspect
cb16c773535cffe299a345a1316918c6a8893e922c3e00ed7e462f6887ea310c,2024-06,Wiltshire Police,Wiltshire Police,-1.790813,51.064801,On or near Friar's Orchard,E01032023,Wiltshire 059D,Unable to prosecute suspect
7cd5c4710041dc9503a0f0c0168221f3a9fe0b2c87d8632ccf0dcb0741960190,2024-06,Wiltshire Police,Wiltshire Police,-1.961796,51.301551,On or near Brackland,E01031883,Wiltshire 034D,Offender given a caution
7c14672f7fbba91bacbae463c807e5a81652624c7afbd7554e6e2bb9a16bfdaf,2024-06,Wiltshire Police,Wiltshire Police,-2.184949,51.259958,On or near Haynes Road,E01032115,Wiltshire 064A,Local resolution
f93108e0f821ec5fadd10f43367c63c377814ed019d5a33d8b12717908e45b50,2024-06,Wiltshire Police,Wiltshire Police,-2.208256,51.321126,On or near Fore Street,E01034534,Wiltshire 031E,Suspect charged
3c62eee2592ba81eeed62560d779978d00ac693171f13a9164497e2c5e690e34,2024-06,Wiltshire Police,Wiltshire Police,-2.096664,51.583357,On or near Cross Hayes Lane,E01031949,Wiltshire 002D,Suspect charged
d8af1642335e132439b8c67867256785fee31ae422e1d062dfa19f78014bd036,2024-06,Wiltshire Police,Wiltshire Police,-1.787721,51.552437,On or near A4289,E01032707,Swindon 021F,Suspect charged
cf6384b181b9e01af2b67af96b61a3c7c86c1849f61a03aecfeff7e9115d50b5,2024-06,Wiltshire Police,Wiltshire Police,-1.817343,51.553008,On or near Shelfinch,E01015571,Swindon 022F,Unable to prosecute suspect
5b6d176bb565e247f33bd1d640ac29bc135e53b832c8333f5824f2be29e6b476,2024-06,Wiltshire Police,Wiltshire Police,-2.177370,51.260384,On or near Hillside Park,E01032119,Wiltshire 064B,Unable to prosecute suspect
a6fb3ac2b66f6a0d849802db75ec057107a23cc0ce8d51a9e55f6229b4f0d561,2024-06,Wiltshire Police,Wiltshire Police,-2.203231,52.513724,On or near The Close,E01029645,South Staffordshire 013A,Suspect charged
2a67e8e3cefb4cc3d8e1d7830385bdad8225036bc0cc38defc2eee761f24c60b,2024-06,Wiltshire Police,Wiltshire Police,-1.946353,51.135779,On or near The Wirr,E01032027,Wiltshire 054C,Suspect charged
8c68f17a0a76ba70851f783925777f4e899eff40c7bf276c0e836ca608d08644,2024-06,Wiltshire Police,Wiltshire Police,-1.795879,51.589244,On or near Tees Close,E01015517,Swindon 004E,Suspect charged
96b094d9caedbdbe10ad3cd15dc5887cd481d8a3ac9890b96e0119eb9ad562e5,2024-06,Wiltshire Police,Wiltshire Police,-1.981655,51.355641,On or near Wadworth Road,E01031850,Wiltshire 025A,Suspect charged
c617671168bb43f9d73b84ae34d3144e0f9e7407e50eff3b59fb69bd97aecb5c,2024-06,Wiltshire Police,Wiltshire Police,-2.218139,51.428837,On or near Toghill Crescent,E01031889,Wiltshire 017B,Unable to prosecute suspect
7c60f175924fd0cbc1dad634781b7e9d2bf12e5c206a958f4e43d6e341f553a1,2024-06,Wiltshire Police,Wiltshire Police,-2.117562,51.466081,On or near Ashfield Road,E01031920,Wiltshire 009F,Investigation complete; no suspect identified
1142579b3e479ed66be296320b988cbe743fc76698fe029e4c17b4e7f3e59dcd,2024-06,Wiltshire Police,Wiltshire Police,-2.211041,51.321445,On or near Hill Street,E01034533,Wiltshire 031D,Investigation complete; no suspect identified
9e0b97f71401cff1444289c7f2ed28473b8f63fc99fe38bfe5ae77f73ab6c894,2024-06,Wiltshire Police,Wiltshire Police,-1.772736,51.562679,On or near Petrol Station,E01015475,Swindon 015A,Investigation complete; no suspect identified
d3821b2884248469014a12ea8886921566340a18fbc724c94d099e5228666f5a,2024-06,Wiltshire Police,Wiltshire Police,-2.187900,51.322698,On or near Malwayn Close,E01034536,Wiltshire 032F,Investigation complete; no suspect identified
dc2aca8ab37488a81b4fd470c68a0d937570df56fc422b75a842f870db02c1d8,2024-06,Wiltshire Police,Wiltshire Police,-1.986811,51.353178,On or near Estcourt Crescent,E01031850,Wiltshire 025A,Unable to prosecute suspect
c79327ebad9a987dcc2bbae59911a86354c0e4d4d5025a947680ee59a432f9de,2024-06,Wiltshire Police,Wiltshire Police,-1.656454,51.245952,On or near Northeast Drive,E01034554,Wiltshire 065D,Local resolution
7b4dd83451babbf785bb8ad2e8fd868e2f88353ae27d6a3a138b1e8e330fc9f6,2024-06,Wiltshire Police,Wiltshire Police,-1.788211,51.561843,On or near Catherine Street,E01033845,Swindon 015E,Unable to prosecute suspect
7b4dd83451babbf785bb8ad2e8fd868e2f88353ae27d6a3a138b1e8e330fc9f6,2024-06,Wiltshire Police,Wiltshire Police,-1.788211,51.561843,On or near Catherine Street,E01033845,Swindon 015E,Unable to prosecute suspect
8b408cd21a38ac01a59e99e2c28f2b5a83f4e1bac1399e4f9b3c6d207b4e2ec7,2024-06,Wiltshire Police,Wiltshire Police,-2.200240,51.325672,On or near Fulford Road,E01032087,Wiltshire 031C,Suspect charged
f2daa5f00aeec5ab28a7ed4e24eb026b29d66b1fc5090c9975730d7b0f20a4a2,2024-06,Wiltshire Police,Wiltshire Police,-2.190242,51.337216,On or near Marshmead,E01032079,Wiltshire 030C,Local resolution
a5778f9bbd47d6186eb6ca1e0cfe28d5c2b8a7799f1fa8db4d7df738439c3f9b,2024-06,Wiltshire Police,Wiltshire Police,-1.719055,51.580463,On or near Petrol Station,E01015473,Swindon 008A,Suspect charged
65bd224203cf537a5cd38c88da97938ad04340d91b151995287176dd0ba6568a,2024-06,Wiltshire Police,Wiltshire Police,-1.986811,51.353178,On or near Estcourt Crescent,E01031850,Wiltshire 025A,Unable to prosecute suspect
90977c99cc57b08344fc74a1763ac093ea8a1343ce7aa05aa2f39286b87d9188,2024-06,Wiltshire Police,Wiltshire Police,-1.821264,51.553527,On or near Parking Area,E01015570,Swindon 022E,Suspect charged
0be6c915e924cde18d9eff1ea0f99403af7b2ab97fdb4d26cedf90b86dd7c858,2024-06,Wiltshire Police,Wiltshire Police,-1.775544,51.559293,On or near Supermarket,E01015493,Swindon 017B,Suspect charged
eeca74b388051f25956f6253846e039f523d4b93686e71179bb49eeff479f2e4,2024-06,Wiltshire Police,Wiltshire Police,-1.750727,51.553275,On or near Supermarket,E01015541,Swindon 020D,Suspect charged
539eedd0bf8894b9e8d6c301d28f7738c08b7f15655187e7ddbbfc96ddb915f4,2024-06,Wiltshire Police,Wiltshire Police,-1.782102,51.172474,On or near Abbey Lane,E01031979,Wiltshire 048F,Offender given a caution
524eef5e537775c1e7b939c961f83e43b4f4a740bf181f0878ff225ba6c1749a,2024-06,Wiltshire Police,Wiltshire Police,-1.760800,51.587065,On or near Fairholm Way,E01015558,Swindon 005D,Unable to prosecute suspect
5ecc8673ac811b0d0e66cd4497b9d08e330537aabcedd0e926ac0c12b7c1a455,2024-06,Wiltshire Police,Wiltshire Police,-1.790412,51.068271,On or near Culver Street,E01032022,Wiltshire 058C,Suspect charged
b949cdd4dbaba36e48373cc2a40fc2a842fa31e30f3ae98343efcf42dd72392f,2024-06,Wiltshire Police,Wiltshire Police,-1.767919,51.165523,On or near Denton Drive,E01034545,Wiltshire 048H,Unable to prosecute suspect
164321139085b78addd2e89edcdcc35755d796733cf0e0cc1856e44ee6f02cc6,2024-06,Wiltshire Police,Wiltshire Police,-1.821264,51.553527,On or near Parking Area,E01015570,Swindon 022E,Unable to prosecute suspect
75d17ef5acea757257b4b0fb19bca057367026ac62653eb11cd29d5d93128c18,2024-06,Wiltshire Police,Wiltshire Police,-2.020571,51.351261,On or near Mayenne Place,E01031853,Wiltshire 026A,Suspect charged
7874c76c3029c14bdf0dea4ca12a939ecda424a0d49c9ed9823a272f35c8d325,2024-06,Wiltshire Police,Wiltshire Police,-2.203110,51.338642,On or near Hammond Way,E01032078,Wiltshire 030B,Unable to prosecute suspect
3d81df46b6c7493c80b81712b9ae76f222c282378ea8785e5a0481f3e22d0b30,2024-06,Wiltshire Police,Wiltshire Police,-1.617219,51.253923,On or near Foxtail Gardens,E01034555,Wiltshire 065E,Unable to prosecute suspect
164321139085b78addd2e89edcdcc35755d796733cf0e0cc1856e44ee6f02cc6,2024-06,Wiltshire Police,Wiltshire Police,-1.821264,51.553527,On or near Parking Area,E01015570,Swindon 022E,Unable to prosecute suspect
4312b634edaa3d9df12716d9df74d109ad10f76b32fc0496a8d076805f7f85b1,2024-06,Wiltshire Police,Wiltshire Police,-1.832706,51.552510,On or near Irston Way,E01015502,Swindon 022B,Unable to prosecute suspect
a343be6bb8fb10a9dc0176fd993c204e6a65c9d5fea3c21d59444dc674def38c,2024-06,Wiltshire Police,Wiltshire Police,-1.895132,51.543932,On or near Queen's Road,E01031963,Wiltshire 006A,Unable to prosecute suspect
61261a191476e0b986f54235b14460e102500bb0e9b986d2c0840c816d6e38c7,2024-06,Wiltshire Police,Wiltshire Police,-1.778459,51.573811,On or near Tiverton Road,E01015508,Swindon 010A,Unable to prosecute suspect
e7f458a0f17cf51c2de78d31c716513056a2c3591475fd08c969a914285edf29,2024-06,Wiltshire Police,Wiltshire Police,-1.793285,51.070524,On or near Rollestone Street,E01032014,Wiltshire 056A,Local resolution
4f6b781636c6e7a6ee57184ddf6bc4c4554f8d49a2f1499a272ac94da8878d7d,2024-06,Wiltshire Police,Wiltshire Police,-1.724011,51.591507,On or near Quarrybrook Close,E01015473,Swindon 008A,Offender given a caution
09cceff1f2a8bc2b30c61114f26a17257681ec28ee7bdec00a029071978d1dbd,2024-06,Wiltshire Police,Wiltshire Police,-1.793285,51.070524,On or near Rollestone Street,E01032014,Wiltshire 056A,Suspect charged
1407b2c8b93d7c8c22f466c8d87c6e5ca8e06826484eb265b393448893506121,2024-06,Wiltshire Police,Wiltshire Police,-1.761600,51.560992,On or near Somerville Road,E01015573,Swindon 016C,Unable to prosecute suspect
cf98cb996fce5e1eac4a1e8d7064b4a624d8148e13578bf8f1e0169722ae72de,2024-06,Wiltshire Police,Wiltshire Police,-2.178875,51.208768,On or near Beech Grove,E01032108,Wiltshire 042D,Suspect charged
cf98cb996fce5e1eac4a1e8d7064b4a624d8148e13578bf8f1e0169722ae72de,2024-06,Wiltshire Police,Wiltshire Police,-2.178875,51.208768,On or near Beech Grove,E01032108,Wiltshire 042D,Suspect charged
2b78ce75330d0b2320f74c01dd08d8a51c3fb508d84339a8475e30fb436d514b,2024-06,Wiltshire Police,Wiltshire Police,-1.778701,51.171658,On or near Parking Area,E01031979,Wiltshire 048F,Unable to prosecute suspect
1407b2c8b93d7c8c22f466c8d87c6e5ca8e06826484eb265b393448893506121,2024-06,Wiltshire Police,Wiltshire Police,-1.761600,51.560992,On or near Somerville Road,E01015573,Swindon 016C,Unable to prosecute suspect
cf98cb996fce5e1eac4a1e8d7064b4a624d8148e13578bf8f1e0169722ae72de,2024-06,Wiltshire Police,Wiltshire Police,-2.178875,51.208768,On or near Beech Grove,E01032108,Wiltshire 042D,Suspect charged
cf98cb996fce5e1eac4a1e8d7064b4a624d8148e13578bf8f1e0169722ae72de,2024-06,Wiltshire Police,Wiltshire Police,-2.178875,51.208768,On or near Beech Grove,E01032108,Wiltshire 042D,Suspect charged
b974f8056a2dbcc9362a23e42bbc260938d1eae2ecd05be63d317e57d1c3ea7c,2024-06,Wiltshire Police,Wiltshire Police,-1.780357,51.560336,On or near Princes Street,E01032714,Swindon 019E,Suspect charged
e0df574fecb05ae15eac9f450527996ae293c9ff0626e7e47db21ba596dba7ea,2024-06,Wiltshire Police,Wiltshire Police,-1.780357,51.560336,On or near Princes Street,E01032714,Swindon 019E,Suspect charged
e0df574fecb05ae15eac9f450527996ae293c9ff0626e7e47db21ba596dba7ea,2024-06,Wiltshire Police,Wiltshire Police,-1.780357,51.560336,On or near Princes Street,E01032714,Swindon 019E,Suspect charged
eaa39a768645b2bc6bd3649f9b4a8dbfb1b473525d69ae90410e0104add71bc7,2024-06,Wiltshire Police,Wiltshire Police,-1.684161,51.179085,On or near Amesbury Road,E01032033,Wiltshire 049C,Unable to prosecute suspect
eaa39a768645b2bc6bd3649f9b4a8dbfb1b473525d69ae90410e0104add71bc7,2024-06,Wiltshire Police,Wiltshire Police,-1.684161,51.179085,On or near Amesbury Road,E01032033,Wiltshire 049C,Unable to prosecute suspect
9fdeabe7e0ee25ffec054a2dcd8b4e23c92fd56748ae57bcd8b5acf507f77cea,2024-06,Wiltshire Police,Wiltshire Police,-1.814559,51.585238,On or near Moredon Park,E01015528,Swindon 006B,Unable to prosecute suspect
135607785b5d94a7a2451ea06296af59fea4194238aa1519df7380512e5c5d3b,2024-06,Wiltshire Police,Wiltshire Police,-2.209134,51.321754,On or near Manvers Street,E01034533,Wiltshire 031D,Unable to prosecute suspect
135607785b5d94a7a2451ea06296af59fea4194238aa1519df7380512e5c5d3b,2024-06,Wiltshire Police,Wiltshire Police,-2.209134,51.321754,On or near Manvers Street,E01034533,Wiltshire 031D,Unable to prosecute suspect
3f5cabd8937ec5087bb3601ea20bf7af471562fca0196588d534c50f330fb713,2024-06,Wiltshire Police,Wiltshire Police,-1.655111,51.239671,On or near Kennet Road,E01032697,Wiltshire 066C,Unable to prosecute suspect
5974138e20784ed910272aa23fb2444a27a1041a0e3bf3411886a6ceea4a56ee,2024-06,Wiltshire Police,Wiltshire Police,-2.207869,51.318016,On or near Parking Area,E01034534,Wiltshire 031E,Unable to prosecute suspect
6a34bb84191d327634c2b2e557f34341da12f4dbd3bada21e7895d6f75c2a3b0,2024-06,Wiltshire Police,Wiltshire Police,-1.785302,51.560868,On or near Shopping Area,E01015494,Swindon 019A,Suspect charged
ef0155352c063784eda72f08b6f81675c87904057113106607340a8499ba5833,2024-06,Wiltshire Police,Wiltshire Police,-2.221173,51.428751,On or near Westwood Road,E01031889,Wiltshire 017B,Unable to prosecute suspect
ef0155352c063784eda72f08b6f81675c87904057113106607340a8499ba5833,2024-06,Wiltshire Police,Wiltshire Police,-2.221173,51.428751,On or near Westwood Road,E01031889,Wiltshire 017B,Unable to prosecute suspect
c79327ebad9a987dcc2bbae59911a86354c0e4d4d5025a947680ee59a432f9de,2024-06,Wiltshire Police,Wiltshire Police,-1.656454,51.245952,On or near Northeast Drive,E01034554,Wiltshire 065D,Local resolution
c79327ebad9a987dcc2bbae59911a86354c0e4d4d5025a947680ee59a432f9de,2024-06,Wiltshire Police,Wiltshire Police,-1.656454,51.245952,On or near Northeast Drive,E01034554,Wiltshire 065D,Local resolution
c79327ebad9a987dcc2bbae59911a86354c0e4d4d5025a947680ee59a432f9de,2024-06,Wiltshire Police,Wiltshire Police,-1.656454,51.245952,On or near Northeast Drive,E01034554,Wiltshire 065D,Local resolution
c79327ebad9a987dcc2bbae59911a86354c0e4d4d5025a947680ee59a432f9de,2024-06,Wiltshire Police,Wiltshire Police,-1.656454,51.245952,On or near Northeast Drive,E01034554,Wiltshire 065D,Local resolution
8ed63c5840bc0ee7e7adc69ea72af9d5ff1e0bec5f6664fb226c819bb9690903,2024-06,Wiltshire Police,Wiltshire Police,-1.701216,51.426449,On or near Ash Tree Close,E01031868,Wiltshire 012B,Formal action is not in the public interest
c79327ebad9a987dcc2bbae59911a86354c0e4d4d5025a947680ee59a432f9de,2024-06,Wiltshire Police,Wiltshire Police,-1.656454,51.245952,On or near Northeast Drive,E01034554,Wiltshire 065D,Local resolution
c79327ebad9a987dcc2bbae59911a86354c0e4d4d5025a947680ee59a432f9de,2024-06,Wiltshire Police,Wiltshire Police,-1.656454,51.245952,On or near Northeast Drive,E01034554,Wiltshire 065D,Local resolution
c79327ebad9a987dcc2bbae59911a86354c0e4d4d5025a947680ee59a432f9de,2024-06,Wiltshire Police,Wiltshire Police,-1.656454,51.245952,On or near Northeast Drive,E01034554,Wiltshire 065D,Local resolution
c79327ebad9a987dcc2bbae59911a86354c0e4d4d5025a947680ee59a432f9de,2024-06,Wiltshire Police,Wiltshire Police,-1.656454,51.245952,On or near Northeast Drive,E01034554,Wiltshire 065D,Local resolution
9d9e5dca5abca50b01d8218da715f191871754d398442549a8116b03ee87e4a8,2024-06,Wiltshire Police,Wiltshire Police,-1.884820,51.584977,On or near Orchard Gardens,E01031955,Wiltshire 003B,Unable to prosecute suspect
9d9e5dca5abca50b01d8218da715f191871754d398442549a8116b03ee87e4a8,2024-06,Wiltshire Police,Wiltshire Police,-1.884820,51.584977,On or near Orchard Gardens,E01031955,Wiltshire 003B,Unable to prosecute suspect
9d9e5dca5abca50b01d8218da715f191871754d398442549a8116b03ee87e4a8,2024-06,Wiltshire Police,Wiltshire Police,-1.884820,51.584977,On or near Orchard Gardens,E01031955,Wiltshire 003B,Unable to prosecute suspect
b1591786f9833f48e3cec4fe3307226ab1da9da6bd2269bef5c018e9325d2554,2024-06,Wiltshire Police,Wiltshire Police,-2.077033,51.513841,On or near Seagry Hill,E01031939,Wiltshire 008A,Suspect charged
b1591786f9833f48e3cec4fe3307226ab1da9da6bd2269bef5c018e9325d2554,2024-06,Wiltshire Police,Wiltshire Police,-2.077033,51.513841,On or near Seagry Hill,E01031939,Wiltshire 008A,Suspect charged
4e1f5d8f1422db125343190ad438801054b35243bfc080695fc4daf7311535fd,2024-06,Wiltshire Police,Wiltshire Police,-2.144426,51.343729,On or near Manor Close,E01032077,Wiltshire 030A,Unable to prosecute suspect
7c6b7c71cbc5a6ca53e68f23c7ef679d28221fe13acf36bcf24567f1a33abcb0,2024-06,Wiltshire Police,Wiltshire Police,-1.764451,51.570537,On or near Copse Avenue,E01015479,Swindon 017A,Unable to prosecute suspect
7c6b7c71cbc5a6ca53e68f23c7ef679d28221fe13acf36bcf24567f1a33abcb0,2024-06,Wiltshire Police,Wiltshire Police,-1.764451,51.570537,On or near Copse Avenue,E01015479,Swindon 017A,Unable to prosecute suspect
7c6b7c71cbc5a6ca53e68f23c7ef679d28221fe13acf36bcf24567f1a33abcb0,2024-06,Wiltshire Police,Wiltshire Police,-1.764451,51.570537,On or near Copse Avenue,E01015479,Swindon 017A,Unable to prosecute suspect
cf98cb996fce5e1eac4a1e8d7064b4a624d8148e13578bf8f1e0169722ae72de,2024-06,Wiltshire Police,Wiltshire Police,-2.178875,51.208768,On or near Beech Grove,E01032108,Wiltshire 042D,Suspect charged
cf98cb996fce5e1eac4a1e8d7064b4a624d8148e13578bf8f1e0169722ae72de,2024-06,Wiltshire Police,Wiltshire Police,-2.178875,51.208768,On or near Beech Grove,E01032108,Wiltshire 042D,Suspect charged
cf98cb996fce5e1eac4a1e8d7064b4a624d8148e13578bf8f1e0169722ae72de,2024-06,Wiltshire Police,Wiltshire Police,-2.178875,51.208768,On or near Beech Grove,E01032108,Wiltshire 042D,Suspect charged
9208829b67441a5fb9faa8c321e7f22e554a203f717c97a1af1254203355328b,2024-06,Wiltshire Police,Wiltshire Police,-1.784788,51.562772,On or near Parking Area,E01033845,Swindon 015E,Unable to prosecute suspect
2f5f77058d046f965789395f80b3dabe554b8157d4d2f1e88a08449a10a60c0a,2024-06,Wiltshire Police,Wiltshire Police,-1.807435,51.597446,On or near Supermarket,E01032710,Swindon 028E,Unable to prosecute suspect
61261a191476e0b986f54235b14460e102500bb0e9b986d2c0840c816d6e38c7,2024-06,Wiltshire Police,Wiltshire Police,-1.778459,51.573811,On or near Tiverton Road,E01015508,Swindon 010A,Unable to prosecute suspect
61261a191476e0b986f54235b14460e102500bb0e9b986d2c0840c816d6e38c7,2024-06,Wiltshire Police,Wiltshire Police,-1.778459,51.573811,On or near Tiverton Road,E01015508,Swindon 010A,Unable to prosecute suspect
bca89452b892fd5f92a6d0efdb95f388c02ac65de6a51b589771507516f6c183,2024-06,Wiltshire Police,Wiltshire Police,-1.779385,51.561350,On or near Parking Area,E01032714,Swindon 019E,Unable to prosecute suspect
5db2f488a34c0096f0874fe39058443850a999f3660d01b1bc3a2826c9298afd,2024-06,Wiltshire Police,Wiltshire Police,-1.992283,51.352450,On or near Monday Market Street,E01031854,Wiltshire 026B,Suspect charged
624f801483a9d3c7830a029f4cf4f931da763433b3b686b0b51423cc9f30e05f,2024-06,Wiltshire Police,Wiltshire Police,-1.787534,51.524554,On or near Supermarket,E01015587,Swindon 025E,Suspect charged
4f6b781636c6e7a6ee57184ddf6bc4c4554f8d49a2f1499a272ac94da8878d7d,2024-06,Wiltshire Police,Wiltshire Police,-1.724011,51.591507,On or near Quarrybrook Close,E01015473,Swindon 008A,Offender given a caution
2f67d62a76c9a1f8c86a44320d55a9f9ace54c28415e41803c7d438dce9d4279,2024-06,Wiltshire Police,Wiltshire Police,-1.763121,51.559844,On or near Sussex Place,E01015573,Swindon 016C,Unable to prosecute suspect
b64e7ddc1d4fa7a238fa4e79921fe11dc257d5450932e8a3892027e3060bef7e,2024-06,Wiltshire Police,Wiltshire Police,-1.899813,51.546643,On or near Lime Kiln,E01031963,Wiltshire 006A,Unable to prosecute suspect
97df74afe015a4057f4af8b2219b34aaea7a5d92d24b8edda475ba65c4148fde,2024-06,Wiltshire Police,Wiltshire Police,-2.216616,51.316831,On or near Westbourne Road,E01032085,Wiltshire 031A,Offender given a caution
3280ca8d778ff7cd2ab271a287f886ee7721e1fb1343fac61619ab6c036ef3b8,2024-06,Wiltshire Police,Wiltshire Police,-1.793082,51.550316,On or near Celsus Grove,E01032706,Swindon 021E,Unable to prosecute suspect
eaa39a768645b2bc6bd3649f9b4a8dbfb1b473525d69ae90410e0104add71bc7,2024-06,Wiltshire Police,Wiltshire Police,-1.684161,51.179085,On or near Amesbury Road,E01032033,Wiltshire 049C,Unable to prosecute suspect
eb6965064d72b6fd2b04dbd705bf0534ecf3a1286e4ef73781301aa702eb4022,2024-06,Wiltshire Police,Wiltshire Police,-1.968582,51.363164,On or near Lochem Road,E01034539,Wiltshire 034F,Unable to prosecute suspect
c79327ebad9a987dcc2bbae59911a86354c0e4d4d5025a947680ee59a432f9de,2024-06,Wiltshire Police,Wiltshire Police,-1.656454,51.245952,On or near Northeast Drive,E01034554,Wiltshire 065D,Local resolution
f645c6000d0bc329f6afe7503d030f36462a6c2fc90876062ee626f8af655b53,2024-06,Wiltshire Police,Wiltshire Police,-1.905372,51.536451,On or near New Road,E01031968,Wiltshire 007H,Suspect charged
4ec9f021573c1d25e7290d688637cb95434e8a627912896bc5d99c75b5f3d3bd,2024-06,Wiltshire Police,Wiltshire Police,-1.786886,51.561517,On or near Queen Street,E01033845,Swindon 015E,Suspect charged
cf98cb996fce5e1eac4a1e8d7064b4a624d8148e13578bf8f1e0169722ae72de,2024-06,Wiltshire Police,Wiltshire Police,-2.178875,51.208768,On or near Beech Grove,E01032108,Wiltshire 042D,Suspect charged
20c4300fba885f19b7f484a4b574eed57232b57414762bdedc023a216912e346,2024-06,Wiltshire Police,Wiltshire Police,-2.141259,51.466612,On or near Lower Field,E01031908,Wiltshire 010C,Unable to prosecute suspect
166d3daf967bdfbdf739b0d69cf6997b3b333903ae7717ac350cac489641317a,2024-06,Wiltshire Police,Wiltshire Police,-1.992771,51.443913,On or near Hercules Road,E01031895,Wiltshire 015A,Offender given a caution
6aac5b295444589fdd1d56e25da8faad4942210c1721d2821d81990ba3ea4151,2024-06,Wiltshire Police,Wiltshire Police,-2.139375,51.372823,On or near Church Street,E01032067,Wiltshire 022C,Unable to prosecute suspect
135607785b5d94a7a2451ea06296af59fea4194238aa1519df7380512e5c5d3b,2024-06,Wiltshire Police,Wiltshire Police,-2.209134,51.321754,On or near Manvers Street,E01034533,Wiltshire 031D,Unable to prosecute suspect
3f5cabd8937ec5087bb3601ea20bf7af471562fca0196588d534c50f330fb713,2024-06,Wiltshire Police,Wiltshire Police,-1.655111,51.239671,On or near Kennet Road,E01032697,Wiltshire 066C,Unable to prosecute suspect
07262b145bb14650c89f0a54a21109ae042aadee59af3c9476acc338b422be2a,2024-06,Wiltshire Police,Wiltshire Police,-1.825473,51.584401,On or near Purton Road,E01032700,Swindon 026B,Suspect charged
38140238e7e3c0b14d6aeb5df37f7bef392cb594c8ef2fece53c80500d14e873,2024-06,Wiltshire Police,Wiltshire Police,-1.761600,51.560992,On or near Somerville Road,E01015573,Swindon 016C,Unable to prosecute suspect
b19bdc2cd8885c2275cf0f1a91542d567c017872cd2bc5834e75664ec6ce3833,2024-06,Wiltshire Police,Wiltshire Police,-1.822930,51.081390,On or near Herbert Road,E01031982,Wiltshire 052C,Unable to prosecute suspect
e306ded7f7c4163acc57e12e16a707eef5f153767fa752176de7a075f7b24d23,2024-06,Wiltshire Police,Wiltshire Police,-2.017837,51.445251,On or near Poppy Close,E01031897,Wiltshire 015C,Suspect charged
0e032cca5579b3578fd0c505551507faf7b69967ed2a426c512e14e7cd5a7d01,2024-06,Wiltshire Police,Wiltshire Police,-1.760489,51.594141,On or near Archer Close,E01015557,Swindon 005C,Suspect charged
c79327ebad9a987dcc2bbae59911a86354c0e4d4d5025a947680ee59a432f9de,2024-06,Wiltshire Police,Wiltshire Police,-1.656454,51.245952,On or near Northeast Drive,E01034554,Wiltshire 065D,Local resolution
7b4dd83451babbf785bb8ad2e8fd868e2f88353ae27d6a3a138b1e8e330fc9f6,2024-06,Wiltshire Police,Wiltshire Police,-1.788211,51.561843,On or near Catherine Street,E01033845,Swindon 015E,Unable to prosecute suspect
6aac5b295444589fdd1d56e25da8faad4942210c1721d2821d81990ba3ea4151,2024-06,Wiltshire Police,Wiltshire Police,-2.139375,51.372823,On or near Church Street,E01032067,Wiltshire 022C,Unable to prosecute suspect
13e697b10e1da6f81b6302bc4c2145f11e19a50cab22b7754c5da07e11939dee,2024-06,Wiltshire Police,Wiltshire Police,-1.828149,51.559094,On or near Shopping Area,E01015569,Swindon 022D,Further action is not in the public interest
48cde1d3f68a03ac5fab8bdca93d830a6cf9c0070f2ae578514df00af8bfd4e5,2024-06,Wiltshire Police,Wiltshire Police,-1.830918,51.556158,On or near Edington Close,E01015569,Swindon 022D,Unable to prosecute suspect
539eedd0bf8894b9e8d6c301d28f7738c08b7f15655187e7ddbbfc96ddb915f4,2024-06,Wiltshire Police,Wiltshire Police,-1.782102,51.172474,On or near Abbey Lane,E01031979,Wiltshire 048F,Offender given a caution
539eedd0bf8894b9e8d6c301d28f7738c08b7f15655187e7ddbbfc96ddb915f4,2024-06,Wiltshire Police,Wiltshire Police,-1.782102,51.172474,On or near Abbey Lane,E01031979,Wiltshire 048F,Offender given a caution
539eedd0bf8894b9e8d6c301d28f7738c08b7f15655187e7ddbbfc96ddb915f4,2024-06,Wiltshire Police,Wiltshire Police,-1.782102,51.172474,On or near Abbey Lane,E01031979,Wiltshire 048F,Offender given a caution
09cceff1f2a8bc2b30c61114f26a17257681ec28ee7bdec00a029071978d1dbd,2024-06,Wiltshire Police,Wiltshire Police,-1.793285,51.070524,On or near Rollestone Street,E01032014,Wiltshire 056A,Suspect charged
936b717996e0f7156a7094ae76b77b1b57a4f22d675d8cefc3eb2ecfbbfd68ef,2024-06,Wiltshire Police,Wiltshire Police,-1.811309,51.603099,On or near Marbeck Close,E01032711,Swindon 027D,Local resolution
4afcc955708314869d0b7d75ffe5c83e090904103b943d93176474e638646d5b,2024-06,Wiltshire Police,Wiltshire Police,-1.902979,51.536233,On or near Morstone Road,E01031968,Wiltshire 007H,Unable to prosecute suspect
cf98cb996fce5e1eac4a1e8d7064b4a624d8148e13578bf8f1e0169722ae72de,2024-06,Wiltshire Police,Wiltshire Police,-2.178875,51.208768,On or near Beech Grove,E01032108,Wiltshire 042D,Suspect charged
8b408cd21a38ac01a59e99e2c28f2b5a83f4e1bac1399e4f9b3c6d207b4e2ec7,2024-06,Wiltshire Police,Wiltshire Police,-2.200240,51.325672,On or near Fulford Road,E01032087,Wiltshire 031C,Suspect charged
b1591786f9833f48e3cec4fe3307226ab1da9da6bd2269bef5c018e9325d2554,2024-06,Wiltshire Police,Wiltshire Police,-2.077033,51.513841,On or near Seagry Hill,E01031939,Wiltshire 008A,Suspect charged
9d9e5dca5abca50b01d8218da715f191871754d398442549a8116b03ee87e4a8,2024-06,Wiltshire Police,Wiltshire Police,-1.884820,51.584977,On or near Orchard Gardens,E01031955,Wiltshire 003B,Unable to prosecute suspect
4e1f5d8f1422db125343190ad438801054b35243bfc080695fc4daf7311535fd,2024-06,Wiltshire Police,Wiltshire Police,-2.144426,51.343729,On or near Manor Close,E01032077,Wiltshire 030A,Unable to prosecute suspect
7c6b7c71cbc5a6ca53e68f23c7ef679d28221fe13acf36bcf24567f1a33abcb0,2024-06,Wiltshire Police,Wiltshire Police,-1.764451,51.570537,On or near Copse Avenue,E01015479,Swindon 017A,Unable to prosecute suspect
f2daa5f00aeec5ab28a7ed4e24eb026b29d66b1fc5090c9975730d7b0f20a4a2,2024-06,Wiltshire Police,Wiltshire Police,-2.190242,51.337216,On or near Marshmead,E01032079,Wiltshire 030C,Local resolution
7fbc5e93bde1a4d33e170bc90b59623f9c6bc775c0d6ed338757de2d46bf7675,2024-06,Wiltshire Police,Wiltshire Police,-1.754082,51.572171,On or near Shopping Area,E01015549,Swindon 009A,Suspect charged
c3ae655f9cede45ad0e228e3320803a4a53b67c1259b08266589a6fde12ee30e,2024-06,Wiltshire Police,Wiltshire Police,-1.798516,51.068744,On or near Bridge Street,E01032022,Wiltshire 058C,Suspect charged
cf98cb996fce5e1eac4a1e8d7064b4a624d8148e13578bf8f1e0169722ae72de,2024-06,Wiltshire Police,Wiltshire Police,-2.178875,51.208768,On or near Beech Grove,E01032108,Wiltshire 042D,Suspect charged
f645c6000d0bc329f6afe7503d030f36462a6c2fc90876062ee626f8af655b53,2024-06,Wiltshire Police,Wiltshire Police,-1.905372,51.536451,On or near New Road,E01031968,Wiltshire 007H,Suspect charged
f645c6000d0bc329f6afe7503d030f36462a6c2fc90876062ee626f8af655b53,2024-06,Wiltshire Police,Wiltshire Police,-1.905372,51.536451,On or near New Road,E01031968,Wiltshire 007H,Suspect charged
827475127c786d11165dfbd04cf2cbdc4887c42578bbdbd1ae27fce9970683ac,2024-06,Wiltshire Police,Wiltshire Police,-2.207848,51.345207,On or near Elm Close,E01032078,Wiltshire 030B,Unable to prosecute suspect
e306ded7f7c4163acc57e12e16a707eef5f153767fa752176de7a075f7b24d23,2024-06,Wiltshire Police,Wiltshire Police,-2.017837,51.445251,On or near Poppy Close,E01031897,Wiltshire 015C,Suspect charged
9bb36216a6958556cf5109f8a3469071a26821a188d7817726cf306f9cec3922,2024-06,Wiltshire Police,Wiltshire Police,-1.828630,51.604726,On or near Croome Close,E01032713,Swindon 026F,Suspect charged
17f3258eab8667f3ea7dcd2c2914bacc32433ab67ba5e7a9f97eec33cd5e0853,2024-06,Wiltshire Police,Wiltshire Police,-1.746446,51.554612,On or near Bembridge Close,E01015541,Swindon 020D,Suspect charged
34f98db1135c8368d82b367f61d29656c5a067668334bfe5b0917dab9257b046,2024-06,Wiltshire Police,Wiltshire Police,-1.775180,51.589189,On or near Trowbridge Close,E01015543,Swindon 003A,Unable to prosecute suspect
a290b26083c59ca3e22820697d7f9a8c0e330c2915a3f9b39de5707ff8a67cfc,2024-06,Wiltshire Police,Wiltshire Police,-1.796788,51.173481,On or near Stonehenge Road,E01031979,Wiltshire 048F,Unable to prosecute suspect
ad61a343a316ce30d394ce0c3db3b9939a96b6e25a436b83cc7fe7954dd59427,2024-06,Wiltshire Police,Wiltshire Police,-1.792038,51.068499,On or near Nightclub,E01032023,Wiltshire 059D,Investigation complete; no suspect identified
d2f90ba334ed6787c004c3da4b1e05b8879dbc3991c672a27977a2ef3d3e9728,2024-06,Wiltshire Police,Wiltshire Police,-1.746712,51.568972,On or near Twickenham Close,E01015550,Swindon 009B,Unable to prosecute suspect
ffee1ea396de47f3e7cd4059c89664487afb58f581a15afb3759111940e0a125,2024-06,Wiltshire Police,Wiltshire Police,-2.197623,51.261097,On or near Gryphon Close,E01032118,Wiltshire 063C,Investigation complete; no suspect identified
1ec6c7f398ae0b6eb1ddd2b250d889406ca606171b2284907a19bda896d757b6,2024-06,Wiltshire Police,Wiltshire Police,-2.097170,51.583869,On or near Oxford Street,E01031949,Wiltshire 002D,Local resolution
7aa88b14091f8a969b815dcc7f9addab4085a6b0ca82bc6635313f6f8ae671e4,2024-06,Wiltshire Police,Wiltshire Police,-1.834399,51.570738,On or near Maxey Close,E01015564,Swindon 014B,Unable to prosecute suspect
6e98373753cef59f3a12873960b8cfb3f7dedf760eaa995f9713c9ac6a45da68,2024-06,Wiltshire Police,Wiltshire Police,-1.793046,51.063141,On or near Carmelite Way,E01032023,Wiltshire 059D,Investigation complete; no suspect identified
bf077dfa0b6917d54d142e7daeaf952e21e6e29549ae98dc558f57d9d1022196,2024-06,Wiltshire Police,Wiltshire Police,-1.844741,51.559009,On or near Bonner Close,E01015504,Swindon 018C,Local resolution
05b5df7f3b11dcc89562b4b6973f37fbcc3074887720c7f37f609324538fd53b,2024-06,Wiltshire Police,Wiltshire Police,-1.860092,51.642729,On or near Willow Grove,E01031936,Wiltshire 001D,Action to be taken by another organisation
c5c56c9a3f189dd6711c9ce9555e34be34ebd467032b2fe7ffe55e463946162d,2024-06,Wiltshire Police,Wiltshire Police,-1.738887,50.992651,On or near Lode Hill,E01031995,Wiltshire 062E,Investigation complete; no suspect identified
7fb2d2e66a2af11a7312c4507ac1289e7de1d3b2003cd2b3cc15221c6a0dc9e7,2024-06,Wiltshire Police,Wiltshire Police,-1.794190,51.069150,On or near Queen Street,E01032022,Wiltshire 058C,Suspect charged
