Crime ID,Month,Reported by,Falls within,Longitude,Latitude,Location,LSOA code,LSOA name,Outcome type
3b748d2591bfbf8cfb7afdb771d1c8295677366046c165325c6ef34af3c20d4a,2023-04,Surrey Police,Surrey Police,-0.741659,51.314807,On or near Church Road,E01030766,Surrey Heath 010A,Local resolution
7a61823153be0544e71712bcf4a5920491dd9f01f91ec0b0e4dfedf4826fa88b,2023-04,Surrey Police,Surrey Police,-0.576622,51.239503,On or near Police Station,E01030451,Guildford 013C,Unable to prosecute suspect
86512a8802b99c534491066dcaa8db3097a0eee713af9b032ca947dad4a675ff,2023-04,Surrey Police,Surrey Police,-0.163757,51.231775,On or near Rennie Terrace,E01030614,Reigate and Banstead 011E,Unable to prosecute suspect
a0c7db329e8181a4b3104fe845a4b5772d0598905e542a4a11b438a10340a77c,2023-04,Surrey Police,Surrey Police,-0.388056,51.283253,On or near Fox Lane,E01030517,Mole Valley 006B,Unable to prosecute suspect
6ab405f9661c9d8624438faf3a22958af2db51b0d82ae283fc0967203504ec4a,2023-04,Surrey Police,Surrey Police,-0.509590,51.433489,On or near Shopping Area,E01034291,Spelthorne 004F,Investigation complete; no suspect identified
8095202f9f1352095de6dad89401535e7b3dbf68d2b92fcbc0e251af15954434,2023-04,Surrey Police,Surrey Police,-0.475252,51.443784,On or near Town Lane,E01030711,Spelthorne 002C,Unable to prosecute suspect
3793c3e3b83bd1870db4bbb06196f11fc0f94e3a39b67f3e650ba34b040cd4a5,2023-04,Surrey Police,Surrey Police,-0.607463,51.241016,On or near Hospital,E01030470,Guildford 012A,Unable to prosecute suspect
9ca9bcfb341e00b01fac4d8150a6b1c933bd237df93c97c1b7b70070c6fe0930,2023-04,Surrey Police,Surrey Police,-0.581785,51.259808,On or near Lime Grove,E01030481,Guildford 007A,Investigation complete; no suspect identified
985a9160d185a4e4f7d0231c63595bbceb9e6612eef431a453d7024d85034cea,2023-04,Surrey Police,Surrey Police,-0.281012,51.360785,On or near Petrol Station,E01030401,Epsom and Ewell 005C,Offender given a caution
19458d65dbe0228de6d9f94b0e51bc65bc0e297ea2bc618bd2829525c58b0d41,2023-04,Surrey Police,Surrey Police,-0.600121,51.430244,On or near Obelisk Ride,E01030673,Runnymede 002C,Investigation complete; no suspect identified
5dd30865a9cd6a9914d0341da486f8cd351990efc0bd44ce4b352e401513b658,2023-04,Surrey Police,Surrey Police,-0.167776,51.240930,On or near Theatre/Concert Hall,E01035358,Reigate and Banstead 011I,Investigation complete; no suspect identified
5485b6e1f22d8562b681a8deec4ec68d671604ad7be6bba54ffdaacc0bdc9090,2023-04,Surrey Police,Surrey Police,-0.454406,51.378856,On or near Clinton Close,E01030373,Elmbridge 012C,Further investigation is not in the public interest
5d95880da88b1b631a3d516e454f82a1f55e27b5eb08785aefad86f86880d494,2023-04,Surrey Police,Surrey Police,-0.575287,51.389695,On or near Corrie Gardens,E01030691,Runnymede 005C,Investigation complete; no suspect identified
0b8f9a5fb26318618718783a0720473a15304c7432887f49b5d1a5b58f572fbb,2023-04,Surrey Police,Surrey Police,-0.511947,51.434004,On or near Tilly's Lane,E01034291,Spelthorne 004F,Investigation complete; no suspect identified
76a12e3d5cf7c573b741345160f35c0b957d335e71cba365473b806795d8a50a,2023-04,Surrey Police,Surrey Police,-0.474005,51.450548,On or near Hadrian Close,E01030710,Spelthorne 002B,Investigation complete; no suspect identified
17f580d871420e8e6773ec0a43abcb2f792e2b132a1a2543f65a2e401fcde121,2023-04,Surrey Police,Surrey Police,-0.816216,51.204844,On or near Kingfisher Road,E01030905,Waverley 009B,Investigation complete; no suspect identified
34b81d64118f30805460d0a77db5a270a3fe7af8e0129320433c6c0cf8aae23a,2023-04,Surrey Police,Surrey Police,-0.742700,51.335527,On or near Heathcote Road,E01030800,Surrey Heath 005E,Unable to prosecute suspect
d464ef669ec42fa1069e53205b2e53e1a1eda85aa34ad5b5e0e707b8443cb697,2023-04,Surrey Police,Surrey Police,-0.499679,51.437840,On or near Farnell Road,E01030734,Spelthorne 004A,Suspect charged
1a520ae74b4da901afd20b0d7b84186ae20be69197681839e4019daf15d79c11,2023-04,Surrey Police,Surrey Police,-0.574692,51.323711,On or near Supermarket,E01030969,Woking 008B,Investigation complete; no suspect identified
76e25cf0c7064a57af49cab331e58a34803db42e7ccdf3b8e11d8da019d969f3,2023-04,Surrey Police,Surrey Police,-0.573538,51.235014,On or near Chapel Street,E01030455,Guildford 013E,Investigation complete; no suspect identified
8394a671b4c099079d5ff4695f6b65d1459396685d84bf841d6d8a854fdb6691,2023-04,Surrey Police,Surrey Police,-0.752219,51.336583,On or near Sports/Recreation Area,E01030795,Surrey Heath 008C,Investigation complete; no suspect identified
c3a943a42cd237911adcc3402de83d2bf89c004337bc17c187742595aff8e9e3,2023-04,Surrey Police,Surrey Police,-0.231226,51.294019,On or near Tadorne Road,E01030638,Reigate and Banstead 006D,Investigation complete; no suspect identified
6677e686387c228d783086976314240ff78397349f64b0fee3e4892f5e511028,2023-04,Surrey Police,Surrey Police,-0.703889,51.303235,On or near Ridges Rise,E01030784,Surrey Heath 012C,Unable to prosecute suspect
0bee15ecd885c4a4646bcea4add0729484e29cf09f3741be43340dae13910861,2023-04,Surrey Police,Surrey Police,-0.628128,51.184383,On or near Phillips Cottages,E01030914,Waverley 010A,Further investigation is not in the public interest
628f13a4e3391c5fcffcd7e219abebbb7dec0a817b5052776a52c4ff12b125dc,2023-04,Surrey Police,Surrey Police,-0.775282,51.236490,On or near The Laurels,E01030904,Waverley 001D,Investigation complete; no suspect identified
703c315232abbc492fd6b639df188c2b48b627fba399a81541dd97e3e515f41a,2023-04,Surrey Police,Surrey Police,-0.138952,51.215340,On or near Perimeter Track,E01030814,Tandridge 008C,Investigation complete; no suspect identified
4565daec183ee4e5317a129b7539ed117e7637fd0b64b0b8b01799cdba29775f,2023-04,Surrey Police,Surrey Police,-0.490302,51.340774,On or near Blackwood Close,E01031003,Woking 002D,Investigation complete; no suspect identified
b05cf5afd081e6e12d097c54d8f4a72c1727e7886c8b09561362722b33055189,2023-04,Surrey Police,Surrey Police,-0.712560,51.337367,On or near Fairway Heights,E01030792,Surrey Heath 009D,Suspect charged
3e8a0038dd6cd790156ab73a3d5ba84caf7e124151e2e00f7ec67528af614822,2023-04,Surrey Police,Surrey Police,-0.163864,51.248882,On or near Mallard Close,E01035356,Reigate and Banstead 011G,Investigation complete; no suspect identified
a8a6b605ad7d5565642df7c7fe59c3d21889e0cc5662eda7810737bda26df7be,2023-04,Surrey Police,Surrey Police,-0.317432,51.385647,On or near Fleece Road,E01030323,Elmbridge 006B,Unable to prosecute suspect
db5afd6cfefda4513e4ce97a87c5772a2d088e107c0d2437d6400f52ec55b9e6,2023-04,Surrey Police,Surrey Police,-0.584088,51.236186,On or near Genyn Road,E01030452,Guildford 015A,Unable to prosecute suspect
f8aec20210d9a1cb70647723c00a0ab3337e17ac778a5c4c4e7ce11e8a015cff,2023-04,Surrey Police,Surrey Police,-0.586415,51.249037,On or near Woodbridge Hill,E01030487,Guildford 006B,Investigation complete; no suspect identified
86007c9126b3c7e564102b576fa66d96f1b6a6db6bb853e7e749921266857653,2023-04,Surrey Police,Surrey Police,-0.686586,51.366645,On or near Grove End,E01030758,Surrey Heath 002B,Investigation complete; no suspect identified
c4895d718d6a7773d0f51ec7e0cb9c317a7fee7239643eab23e6411535fa5dbe,2023-04,Surrey Police,Surrey Police,-0.188695,51.336732,On or near Prison,E01030563,Reigate and Banstead 002E,Unable to prosecute suspect
aa7e509298f1ef91773c0c2037c45adcc7f698cb6189b27d1d54903d788a4e57,2023-04,Surrey Police,Surrey Police,-0.582968,51.237197,On or near Guildford Park Road,E01030452,Guildford 015A,Unable to prosecute suspect
85b15bc07d500b3287bffc17eae0b813ef373542b127c5bed7123a01664900de,2023-04,Surrey Police,Surrey Police,,,No location,,,Unable to prosecute suspect
9088ba8cb48eece387462f85b44b363a6747fec92d6cea727a58c6ab0ccb771f,2023-04,Surrey Police,Surrey Police,-0.797761,51.215447,On or near A325,E01030885,Waverley 003B,Investigation complete; no suspect identified
37621c2fde5ffc4f65ecd5930484d463faba15bb703848d1bc2fe26bb2d9b245,2023-04,Surrey Police,Surrey Police,-0.569699,51.266900,On or near Barnett Row,E01030504,Guildford 005F,Unable to prosecute suspect
e2867d4bc0ed37cbf8b8ed7dc0f6e78d55214983b216b87fca1153fabdf65a22,2023-04,Surrey Police,Surrey Police,-0.577628,51.322974,On or near Rosehill Avenue,E01030970,Woking 008C,Unable to prosecute suspect
250ca1cfe88e6b46dc786812a3103e8e3d722f9470760a5a4e7d72410d1b0175,2023-04,Surrey Police,Surrey Police,-0.228436,51.312106,On or near Shawley Crescent,E01030642,Reigate and Banstead 003C,Unable to prosecute suspect
ab3515f2b3daaeff83d586ca38353bfe91c71959b3532c14ed7f58327693f131,2023-04,Surrey Police,Surrey Police,-0.269907,51.333383,On or near Parking Area,E01034289,Epsom and Ewell 008E,Investigation complete; no suspect identified
ed4d621e3c2fbeab284bcc22944a9192970d4f378733f3016f555e0f3dff28af,2023-04,Surrey Police,Surrey Police,-0.475344,51.344650,On or near Shopping Area,E01030347,Elmbridge 016B,Unable to prosecute suspect
ca323b2b4f8c4cd184db39aaf991166073e458931f84d8e8ebf813d00e3a0187,2023-04,Surrey Police,Surrey Police,-0.785885,51.240179,On or near Carters Walk,E01030890,Waverley 001A,Unable to prosecute suspect
38588cf3efdc00e4efe5ed1786ab9791ac5f07b76761c158dfa765a771d3942d,2023-04,Surrey Police,Surrey Police,-0.418889,51.413336,On or near Heathlands Close,E01030753,Spelthorne 010A,Investigation complete; no suspect identified
6576be9aab3fee02b10c4800be26e3c0b979993941f845d3398a9a84f0846135,2023-04,Surrey Police,Surrey Police,-0.607234,51.251418,On or near Wood Rise,E01030503,Guildford 005E,Investigation complete; no suspect identified
3db99d0fde85a27c6cea9b7a25f91f76750eb896ea04fbfd74ce55b439910815,2023-04,Surrey Police,Surrey Police,-0.396540,51.159167,On or near Sports/Recreation Area,E01030557,Mole Valley 012C,Investigation complete; no suspect identified
75b031c733a6f4857592d7a340cb639b664d3f9eb56fb31ad24aef8df1021714,2023-04,Surrey Police,Surrey Police,-0.465500,51.218333,On or near Shere Lane,E01030491,Guildford 018B,Investigation complete; no suspect identified
98a42398b1e8d685c46088de23cc444d4ee025316ceee0164cf8c0849e48362b,2023-04,Surrey Police,Surrey Police,-0.238371,51.291708,On or near The Avenue,E01030637,Reigate and Banstead 006C,Unable to prosecute suspect
da0cf5f855460b487d6186eb9352b21cfbe5e919427d2c908b85251032093582,2023-04,Surrey Police,Surrey Police,-0.338523,51.373529,On or near Petrol Station,E01030321,Elmbridge 009C,Investigation complete; no suspect identified
767673f3b401871b2ee6ce5d63d5b535f4273a95047985c4a22f838fa6457e9c,2023-04,Surrey Police,Surrey Police,-0.551609,51.190691,On or near Linersh Wood Road,E01030866,Waverley 008C,Unable to prosecute suspect
865df4814101518b321f1748a0a6366458de8dc371f66d570886f853577e54a6,2023-04,Surrey Police,Surrey Police,-0.163007,51.218949,On or near Hospital,E01030572,Reigate and Banstead 014C,Unable to prosecute suspect
5c2737b4f368ba796536808bb922c9a862d4dfbefbc4613e416dd7820504a1e1,2023-04,Surrey Police,Surrey Police,-0.268743,51.373418,On or near Worcester Park Road,E01030388,Epsom and Ewell 001C,Investigation complete; no suspect identified
20dc634e3d24d9893da0f013c1bee28704ca033eb48b8f1eadadb97edc9fcc59,2023-04,Surrey Police,Surrey Police,-0.141398,51.246342,On or near Chilmead Lane,E01030813,Tandridge 008B,Unable to prosecute suspect
bc8918f872842be637a3fc8cd0da164e7be3cb3ca050a5844803c0dc962dc39e,2023-04,Surrey Police,Surrey Police,-0.707742,51.096749,On or near Puckshott Way,E01030932,Waverley 016C,Investigation complete; no suspect identified
d72b343b3bf5195f9ff218e5e430784824550fffc4a284e7a39489e3d168522a,2023-04,Surrey Police,Surrey Police,-0.532768,51.289149,On or near Farm Lane,E01030477,Guildford 001F,Unable to prosecute suspect
2750f7507085fd4deaf9fc9a81404a67c086e9f6256f1b8b1472ad5055f4ed03,2023-04,Surrey Police,Surrey Police,-0.272428,51.325129,On or near Hospital,E01030419,Epsom and Ewell 008D,Investigation complete; no suspect identified
3f899229037480e4c00912e5e06b944666593031389de521a7ba5960820a9da4,2023-04,Surrey Police,Surrey Police,-0.212728,51.227021,On or near Park House Drive,E01030631,Reigate and Banstead 013D,Investigation complete; no suspect identified
f40bb09ec6b1efc9959c2011e4364b2398e1622c909eae2cfd3d567ddae69321,2023-04,Surrey Police,Surrey Police,-0.613021,51.205751,On or near Squirrels Close,E01030912,Waverley 005B,Unable to prosecute suspect
64cbaa8249b74e72b152da8cade38121bf2b951ecaa6b90f18949e3ac1c7c72e,2023-04,Surrey Police,Surrey Police,-0.532768,51.289149,On or near Farm Lane,E01030477,Guildford 001F,Unable to prosecute suspect
b2864d654afb64e47159865e6712abe820a9551411d30eb5d907e33306e1a3c2,2023-04,Surrey Police,Surrey Police,-0.576662,51.236833,On or near Shopping Area,E01030452,Guildford 015A,Investigation complete; no suspect identified
03b46e9f8fe8e188c4d5d8d6f59d8847c850246e52c35059b7fe891643fddb1a,2023-04,Surrey Police,Surrey Police,-0.274098,51.343336,On or near Long Grove Road,E01030384,Epsom and Ewell 005B,Investigation complete; no suspect identified
30bd9042e058e738ccfef46a83a128571427d82f0cccae11528b0d6608c50d1e,2023-04,Surrey Police,Surrey Police,-0.754508,51.327821,On or near Dorcas Court,E01030803,Surrey Heath 008D,Investigation complete; no suspect identified
270dbc6dcd7b91bafbe7cc478887ae5ecc048afd032b310e2e87d625c4d3d344,2023-04,Surrey Police,Surrey Police,-0.277712,51.322769,On or near Woodcote Park Road,E01030420,Epsom and Ewell 009F,Investigation complete; no suspect identified
ebb400756db95c049fba625babb3b588b44fd60d90ec2ade6bf3773f926d7339,2023-04,Surrey Police,Surrey Police,-0.328514,51.294828,On or near Theatre/Concert Hall,E01030552,Mole Valley 004B,Investigation complete; no suspect identified
561f0ba390616d3b8bec6410c33dfa4d5e80bc72274b246a7994666fb30f3a99,2023-04,Surrey Police,Surrey Police,-0.418857,51.424684,On or near Heatherlands,E01030748,Spelthorne 008A,Unable to prosecute suspect
199efd1bc7a95d6c2ad0bfaabf08d54e4494501f35a07492e19047c316d6cf42,2023-04,Surrey Police,Surrey Police,-0.167776,51.240930,On or near Theatre/Concert Hall,E01035358,Reigate and Banstead 011I,Unable to prosecute suspect
2070a8f60e35a317313d76c5643299cf4cf9a5c2b948ab719ea2d2f6fb046b9b,2023-04,Surrey Police,Surrey Police,-0.176845,51.179668,On or near Grove Road,E01035360,Reigate and Banstead 016G,Investigation complete; no suspect identified
7c1f4046d2d524cee35baf1cb2a7f70ec2f331a8edef57f4532624a0f1451023,2023-04,Surrey Police,Surrey Police,-0.448140,51.280639,On or near Northcote Road,E01030444,Guildford 003D,Unable to prosecute suspect
6c866e3b110ac85afee09651cab30553437aff0bb1a0ea8ac739d9ad7088a931,2023-04,Surrey Police,Surrey Police,-0.642480,51.136620,On or near Petworth Road,E01030941,Waverley 012C,Further investigation is not in the public interest
d258ec180bdc50e7f941c2ecec84be1c85941ae58ce7281ca503bb8bbcb6cebc,2023-04,Surrey Police,Surrey Police,-0.357218,51.361015,On or near Arbrook Chase,E01030307,Elmbridge 013A,Unable to prosecute suspect
8a9661884104845c4bdc66b93c83e282daaa3779ffdfe6beef722e359b6ee3af,2023-04,Surrey Police,Surrey Police,-0.568037,51.316643,On or near Kingsway Avenue,E01030954,Woking 008A,Investigation complete; no suspect identified
cfe1e3077b91cf7011c043c5ec6546ca3812044be19e4b1188d8534ca6306566,2023-04,Surrey Police,Surrey Police,-0.201737,51.232680,On or near St Andrew's Close,E01030597,Reigate and Banstead 012C,Investigation complete; no suspect identified
fe767a50d92d2870f553acb233c32250410c42c56c9543438a32e63eface1bd4,2023-04,Surrey Police,Surrey Police,-0.577670,51.237270,On or near Nightclub,E01030452,Guildford 015A,Investigation complete; no suspect identified
49cf5f846e38e16b47af3b48ee23db2d9cba21fd8030b468109ddec8e64eff35,2023-04,Surrey Police,Surrey Police,-0.724853,51.322205,On or near Heather Mead,E01030790,Surrey Heath 009B,Unable to prosecute suspect
d078c14c6a9d29d3d31c7a7c7e20eee00a45fbae034d3c3c87814dfadfeaa62f,2023-04,Surrey Police,Surrey Police,-0.158725,51.177307,On or near Cloverfields,E01030580,Reigate and Banstead 017A,Investigation complete; no suspect identified
9f6feb177e323ac44fd568f9cd1987dff82956ac7b36a67d1b27dd7ad0e98516,2023-04,Surrey Police,Surrey Police,-0.573939,51.238309,On or near Supermarket,E01030451,Guildford 013C,Investigation complete; no suspect identified
7c4fc197447b887ba3d15a066fa255883d056351763081db053b534851cb4a22,2023-04,Surrey Police,Surrey Police,-0.402889,51.357860,On or near Burhill Road,E01030318,Elmbridge 014F,Investigation complete; no suspect identified
1de81a5d6fc046e3117ec8fbe6b986d0eafe0a45c99093a2802f41ce1b502214,2023-04,Surrey Police,Surrey Police,-0.431871,51.388628,On or near Swan Walk,E01030732,Spelthorne 013C,Unable to prosecute suspect
13efe756e9bd4bd3703ce8699324eb5bb08cb1ab67f79b8ea83d6b15b3a8e29c,2023-04,Surrey Police,Surrey Police,-0.700247,51.330603,On or near Copelands Close,E01030776,Surrey Heath 007C,Investigation complete; no suspect identified
26ebbb1d389df8387dc98a0eed4512371e2e1c9f242c06d8f9022d4c755882e1,2023-04,Surrey Police,Surrey Police,-0.166825,51.249000,On or near Mead Close,E01030618,Reigate and Banstead 010D,Further investigation is not in the public interest
0ac02a42c2c703d8a0fcabac6636222c8456213245d55284a0ec5f57f9b7029b,2023-04,Surrey Police,Surrey Police,-0.506226,51.458984,On or near Russet Close,E01030747,Spelthorne 001D,Investigation complete; no suspect identified
069769b14fdb8dfa9ed82b2432504c0b5f6b53c0369edd43fb02055a3d4a3651,2023-04,Surrey Police,Surrey Police,-0.693495,51.354025,On or near Webb Close,E01030757,Surrey Heath 002A,Investigation complete; no suspect identified
786c3944b1902ae9a1d83ed08de28967946491c9a0453f782b66d8433612f019,2023-04,Surrey Police,Surrey Police,-0.600503,51.196061,On or near Pondfield Road,E01030921,Waverley 005E,Unable to prosecute suspect
45dc5b8a1f8f94ba9de02450e848c65dd8fbe9cbcae7cf0d6e5abab6d453570d,2023-04,Surrey Police,Surrey Police,-0.650863,51.171680,On or near Lower Manor Road,E01030937,Waverley 011C,Investigation complete; no suspect identified
94df5b16feaaefb9407a7fd81a1bc136e20f43422fb29dc2d848b4e7cdcc60d5,2023-04,Surrey Police,Surrey Police,,,No location,,,Investigation complete; no suspect identified
822a9f625901a357028dbbed76b49665cdb61ad3b83358d37e4bc817db9843b7,2023-04,Surrey Police,Surrey Police,,,No location,,,Action to be taken by another organisation
1e79b4dee9d681dc8f983556f03e97d6f9e4221701af078714328a78c2eaf1ff,2023-04,Surrey Police,Surrey Police,,,No location,,,Offender given a caution
a2113a80c49116969eb603cfb0e8fe2852558e21e8ba2a4cc35f3c2d267ebf31,2023-04,Surrey Police,Surrey Police,,,No location,,,Unable to prosecute suspect
886192ed4407c4b13a965a6b9fef266d49689dc770fc7277c9ee0b99c48f5c10,2023-04,Surrey Police,Surrey Police,,,No location,,,Local resolution
9d3fb3cf0623d8e9d6f45f0ceece815f3248573f7130e9a4dc3e7f890eaa5f6b,2023-04,Surrey Police,Surrey Police,,,No location,,,Local resolution
77ed651110f5737d3d7c373edba1e5c717157134b03ebf389219b9027b67fc41,2023-04,Surrey Police,Surrey Police,,,No location,,,Suspect charged
43714143178114a4f46be969e80a71fc1ccd5ea77f44da2bca3b48421c7516a5,2023-04,Surrey Police,Surrey Police,,,No location,,,Investigation complete; no suspect identified
8e03fcfb443f865824933995c22c26c2ee9a2d8773c259ab3a831cfc6f44f6da,2023-04,Surrey Police,Surrey Police,,,No location,,,Investigation complete; no suspect identified
eb9365f807fd2551b7458328017c2e7f186bc1b055928c76737de16682111fbf,2023-04,Surrey Police,Surrey Police,,,No location,,,Action to be taken by another organisation
a517ea93847fd24ffb5d08b13e824b5ef2dee489fb285864014c8b9a518915f6,2023-04,Surrey Police,Surrey Police,,,No location,,,Unable to prosecute suspect
997b84bd49f51ab4d61c2dd78fdf8baca575883c355302900b7fbb99b8d0e28a,2023-04,Surrey Police,Surrey Police,,,No location,,,Investigation complete; no suspect identified
59780b947f1192fd74cb7f0a98fbba9817d93798880646e8f19a698f400b5c62,2023-04,Surrey Police,Surrey Police,-0.795833,51.165268,On or near Lovers Lane,E01030909,Waverley 018B,Investigation complete; no suspect identified
82b8d1ecfb1edfd21de97826a1453f42c7b09f105c662df9b886a4f088ccde2d,2023-04,Surrey Police,Surrey Police,,,No location,,,Investigation complete; no suspect identified
2ce5255331f60899d57e3366e48449a7d6b7d1864b5b12718e83b1d8403039d2,2023-04,Surrey Police,Surrey Police,,,No location,,,Further investigation is not in the public interest
f0fe792164bd33e5a96a7ef00b70b8d3f40d212c8cffecfc29ad241c0528a35f,2023-04,Surrey Police,Surrey Police,,,No location,,,Unable to prosecute suspect
a66b6659a763090e046fbbb59ccc3b6f4aae9f6324408cc2884cdef7dcc3f35d,2023-04,Surrey Police,Surrey Police,,,No location,,,Investigation complete; no suspect identified
ab6f90c1ceb3b5968aaf3360593218dd542c4d35c8e05489f63256362fd91dff,2023-04,Surrey Police,Surrey Police,,,No location,,,Investigation complete; no suspect identified
5af22ee6f9ef990942589fe514fdae4652bb72ac332a8f4a45a919d84bb948fb,2023-04,Surrey Police,Surrey Police,,,No location,,,Unable to prosecute suspect
39e986b5abed18794da65a30ddbeae997c23ccc7fa95ae2c4b0dc336bec8ad08,2023-04,Surrey Police,Surrey Police,,,No location,,,Unable to prosecute suspect
f95b32abdbd6e78bb312bdf674214662adeb31fde8d8539640725dffc1fcb3be,2023-04,Surrey Police,Surrey Police,,,No location,,,Investigation complete; no suspect identified
0abd93fb35ce7f313de8d0cb2a03aac46c6b995b3d1610cc40e20c6737db6c7a,2023-04,Surrey Police,Surrey Police,,,No location,,,Investigation complete; no suspect identified
d8cf2af93f2c885af6621f6e386049b4ed4197a47a455d90651474b06343c2c2,2023-04,Surrey Police,Surrey Police,-0.455964,51.434162,On or near Rosa Avenue,E01030704,Spelthorne 005D,Unable to prosecute suspect
bf1a2d45d17fdadcfbabab1dd8cb5cc219f9222444480549192026d497ec938a,2023-04,Surrey Police,Surrey Police,-0.587940,51.242570,On or near Further/Higher Educational Building,E01030468,Guildford 015C,Investigation complete; no suspect identified
8c4bbdbeed9de0124a3d5a1700ec66edfe3395a4c813c3030ba9876e5f5ec1f7,2023-04,Surrey Police,Surrey Police,-0.163153,51.171370,On or near Victoria Road,E01035362,Reigate and Banstead 018G,Investigation complete; no suspect identified
e63c93283873c697ccf70b6da0f19cf129e3017ea427eead164abd4248198327,2023-04,Surrey Police,Surrey Police,-0.597642,51.250206,On or near ,E01030493,Guildford 009B,Investigation complete; no suspect identified
9ddf7ea6897459645bc0b94e9278ecc90d67c1fab3d47eea7126c294bdef58df,2023-04,Surrey Police,Surrey Police,-0.175555,51.173938,On or near Manor Close,E01030588,Reigate and Banstead 016E,Unable to prosecute suspect
d6c05b611559d1b22639b36a894ec54261047200f16e4ecde30d08691721e413,2023-04,Surrey Police,Surrey Police,-0.169974,51.250884,On or near Colesmead Road,E01030618,Reigate and Banstead 010D,Unable to prosecute suspect
76fb51b99a54a7eb8eebba9c0d4830f29275173035967729337a7a5530c55b98,2023-04,Surrey Police,Surrey Police,-0.578762,51.255617,On or near Larch Avenue,E01030483,Guildford 007C,Unable to prosecute suspect
b12bb40b22995b0834924bc7426a384226175f20de5e8c9e95a0a45bf0ea86d2,2023-04,Surrey Police,Surrey Police,-0.502170,51.331709,On or near Providence Place,E01031002,Woking 002C,Investigation complete; no suspect identified
ae520cd65198ab9588247dc3e8fafefe7ab94a80652f9dec04ca71a45671b6b7,2023-04,Surrey Police,Surrey Police,-0.089469,51.146762,On or near West Park Road,E01030823,Tandridge 011E,Unable to prosecute suspect
81a46a6b5d10e378e5f6bff751a2289123ed998cdc31a0ea11a531bec9030f8e,2023-04,Surrey Police,Surrey Police,-0.233429,51.326687,On or near Reigate Road,E01030605,Reigate and Banstead 001C,Unable to prosecute suspect
0c478550e7c62e187a6988649413dfb78396c2fc4d709fbf293c8a360bdd9905,2023-04,Surrey Police,Surrey Police,-0.101945,51.289981,On or near Wellington Road,E01030857,Tandridge 003D,Unable to prosecute suspect
3d509d2afc1002b037a7ef5e6c989de8dbd690f17d2ab46fe9236a7004dfbdb8,2023-04,Surrey Police,Surrey Police,-0.347614,51.390798,On or near B364,E01030370,Elmbridge 009E,Investigation complete; no suspect identified
105d17698f4084ef17ab8df605f65af1a2eb2b99478a83c81252c2f498e5441e,2023-04,Surrey Police,Surrey Police,-0.329390,51.216910,On or near Flint Hill Close,E01030547,Mole Valley 011D,Unable to prosecute suspect
c7ae1d892833aed0d45a71393445f4323652df18f62fff83c9b8aebab62cdc06,2023-04,Surrey Police,Surrey Police,-0.255163,51.336428,On or near Mill Road,E01030382,Epsom and Ewell 010A,Investigation complete; no suspect identified
0e53cc98e1154d9eecaf8ccd23ec032a2680e14656117188c8cc7a610159d61f,2023-04,Surrey Police,Surrey Police,-0.597852,51.246117,On or near Linkway,E01030497,Guildford 012D,Unable to prosecute suspect
17b435ce0759f58d3961d49aba4045722bc0325f33de34f13835e00e225b236a,2023-04,Surrey Police,Surrey Police,-0.252109,51.271375,On or near Sturt's Lane,E01030639,Reigate and Banstead 006E,Unable to prosecute suspect
cdc737af928c96b779cf97395f9d8662d64375c2320b0e078f870f4e4473e67c,2023-04,Surrey Police,Surrey Police,-0.392790,51.269227,On or near Lindens Close,E01030447,Guildford 003G,Unable to prosecute suspect
509390220489431360aca0a40af09b1c0cefc177114a784a2f2cd052ffe2bf0d,2023-04,Surrey Police,Surrey Police,-0.677274,51.256880,On or near ,E01030466,Guildford 002B,Investigation complete; no suspect identified
e8334ba8e9bf2a77fe3588a1c8ff6aebe86a4d7c30a689e94035fa3da6bd350e,2023-04,Surrey Police,Surrey Police,-0.430743,51.262665,On or near Guildford Lodge Drive,E01030445,Guildford 003E,Investigation complete; no suspect identified
754ed218a4c0975b91d824a46e859d801f12605bb2411b88b073e438636fd4ec,2023-04,Surrey Police,Surrey Police,-0.569386,51.400576,On or near Keepers Walk,E01030691,Runnymede 005C,Investigation complete; no suspect identified
31b84c50421066ac7cb1b076d572348a238146aa5b74ad0ead4897eda55b3d20,2023-04,Surrey Police,Surrey Police,-0.612848,51.311499,On or near Queenswood Road,E01030961,Woking 009B,Further investigation is not in the public interest
49ba026b7c5dad03f7a0592a029c7cc63e321d01e2ab8f2f862356ef90035581,2023-04,Surrey Police,Surrey Police,-0.581657,51.319830,On or near Colliers Close,E01030952,Woking 005B,Unable to prosecute suspect
4f38cfbbd9ef27526034d86497ef5afb8be168600672f37bf89ef74575ba9175,2023-04,Surrey Police,Surrey Police,-0.540479,51.213672,On or near New Road,E01030479,Guildford 017D,Investigation complete; no suspect identified
301b5e5cee28ef1cfcd431a4d7e4d17b852402c06e806ff3baa0e954eec38d8c,2023-04,Surrey Police,Surrey Police,-0.585692,51.233363,On or near Wodeland Avenue,E01030448,Guildford 016A,Investigation complete; no suspect identified
c65552fe95bb30d40a88800b1ee9a6140536918997528034020472a6dea0288c,2023-04,Surrey Police,Surrey Police,-0.581657,51.319830,On or near Colliers Close,E01030952,Woking 005B,Unable to prosecute suspect
8e631ef1a4e029839338fe443a9d1c548a012941c2322f99e1ac67aba2219228,2023-04,Surrey Police,Surrey Police,-0.423487,51.426392,On or near Cavendish Close,E01030750,Spelthorne 008C,Unable to prosecute suspect
4749db505703c3a162dba7abe0d414c0c0c1b8ec7e3ba1c52f8ac4e8a112904f,2023-04,Surrey Police,Surrey Police,-0.417625,51.392723,On or near ,E01030363,Elmbridge 004C,Further action is not in the public interest
caf5c57024bbc6a00cf6704f57e73be5b886c9adc970c5bcce7ab494b43b8e34,2023-04,Surrey Police,Surrey Police,-0.700080,51.183028,On or near Bankside Close,E01030877,Waverley 011A,Unable to prosecute suspect
5c51809810e2395fd1e20db72ac8fb6bc910a5a66e4f670642dcf248860a6c3f,2023-04,Surrey Police,Surrey Police,-0.733925,51.245438,On or near Rosemary Hall Close,E01030424,Guildford 010A,Investigation complete; no suspect identified
316421cd3ec84b05333c12b9fa8aea34b7600cab9f7d3852a40413d71a1285cc,2023-04,Surrey Police,Surrey Police,-0.168830,51.240020,On or near Shopping Area,E01030615,Reigate and Banstead 010A,Unable to prosecute suspect
453686b9b731501b71ecfef1a3234189f1d7b5405492ed69f3d4880f55724fba,2023-04,Surrey Police,Surrey Police,-0.588842,51.250757,On or near Ardmore Way,E01030487,Guildford 006B,Further action is not in the public interest
f1e6aea171f5a39f1d225493068303278cbd4c550128163a0c2171633452fbe0,2023-04,Surrey Police,Surrey Police,-0.201297,51.317016,On or near Holly Hill Drive,E01030559,Reigate and Banstead 002A,Local resolution
dbc459750fa6a07d29ba2825a8b0ee20fa26f7964d639d1605ae966c2d4f4dfb,2023-04,Surrey Police,Surrey Police,-0.334210,51.230558,On or near Victoria Terrace,E01030538,Mole Valley 010D,Unable to prosecute suspect
02f91fd436adddce332996e9120b39958edd5b73ddbcc4024ff5f40d1a11f2a2,2023-04,Surrey Police,Surrey Police,-0.558395,51.328080,On or near Russetts Close,E01030963,Woking 003A,Action to be taken by another organisation
5aefda3fcdf712245ff5c45b436ea2e41c86c7c21b590e1ca3f1e9f3aab7bf3e,2023-04,Surrey Police,Surrey Police,-0.710825,51.089112,On or near West Street,E01030933,Waverley 016D,Investigation complete; no suspect identified
95c9a92f2cbee6a8cc01e6fcfe8ff31d495348ed291b1f039d387b0c04626286,2023-04,Surrey Police,Surrey Police,-0.625589,51.311991,On or near ,E01030979,Woking 007E,Investigation complete; no suspect identified
caf16e940897d229966c505fbdf117c567144cc1b10453ce976dd28b2fd6a776,2023-04,Surrey Police,Surrey Police,-0.630668,51.321637,On or near Onslow Place,E01030761,Surrey Heath 006A,Further investigation is not in the public interest
e9f15ac19e9bfac1096aa5b4dca227e6292569394dfe47921bf64c196dd32baf,2023-04,Surrey Police,Surrey Police,-0.548125,51.322396,On or near Maybury Road,E01030980,Woking 004A,Investigation complete; no suspect identified
9b3ae94278629f1c6f2b7c583eb5240b7a45a9618f13828be45252f10b43a4ad,2023-04,Surrey Police,Surrey Police,-0.580958,51.321566,On or near Leegate Close,E01030952,Woking 005B,Action to be taken by another organisation
90e3256aeca462319e319bb4da37dfd8af9eb0c83f8f7ff924a854cade3fef90,2023-04,Surrey Police,Surrey Police,-0.805986,51.236204,On or near Blackheath Road,E01030901,Waverley 002E,Investigation complete; no suspect identified
1cc97a2a9d4a2a13263892080c6e501a5de5bc2988793d8b5a45bf9134cb4260,2023-04,Surrey Police,Surrey Police,-0.746362,51.319164,On or near Gilbert Road,E01030766,Surrey Heath 010A,Investigation complete; no suspect identified
1ab31e0c982fb7c5ff191c4f2e0a2cf89fb4d6fa220b7a44211c3d0dee3bfbad,2023-04,Surrey Police,Surrey Police,-0.496524,51.381868,On or near Roakes Avenue,E01030651,Runnymede 007E,Unable to prosecute suspect
dbfc932f85a84867372899d42279e8964d832f094abfb54fd8e430e4c51c849c,2023-04,Surrey Police,Surrey Police,-0.647600,51.218983,On or near ,E01030471,Guildford 017A,Investigation complete; no suspect identified
cdb4248ecde6a54a4a6b3bfaaaa8407ffb4ececc7a8b9739cf3a5757fbb52d05,2023-04,Surrey Police,Surrey Police,-0.503357,51.391317,On or near Petrol Station,E01030653,Runnymede 006B,Unable to prosecute suspect
a5ebeb2b1304b8db685b01d6b4a85a08c3e18351defd031ae26e123b6abc0603,2023-04,Surrey Police,Surrey Police,-0.802894,51.217909,On or near Castle Hill,E01030885,Waverley 003B,Further investigation is not in the public interest
f62f23b609dba4131a1a81200517afcebcaeb9d73c610f2417abeaa575d6c5ed,2023-04,Surrey Police,Surrey Police,-0.418115,51.331557,On or near World's End,E01030302,Elmbridge 017C,Investigation complete; no suspect identified
48ef5d76150d8d2d41f7e9dcb2da7cc8f2d1c09c72a63e8c7012cf5aeb68eb54,2023-04,Surrey Police,Surrey Police,-0.418115,51.331557,On or near World's End,E01030302,Elmbridge 017C,Investigation complete; no suspect identified
3b2f26c6b4545b06c360fa97a8e6a2a23c2d217c02fc078c02b9f8ed0a03da95,2023-04,Surrey Police,Surrey Police,-0.334210,51.230558,On or near Victoria Terrace,E01030538,Mole Valley 010D,Unable to prosecute suspect
00008bb43c8ad70e72eba871e855122313a07572c64440564964d2bc2b2b6c38,2023-04,Surrey Police,Surrey Police,-0.436968,51.194899,On or near Franksfield,E01030492,Guildford 018C,Investigation complete; no suspect identified
6a80ce3935530587b3b4a6f7a8b960f1fe93e60aa7aef7f1dbe1bb4cbf130aab,2023-04,Surrey Police,Surrey Police,-0.594811,51.258931,On or near Langley Place,E01030486,Guildford 009A,Investigation complete; no suspect identified
dd12a62c9f8560a566812c22ab7f6f82d0846da8fa9caed3be888e2bc7a207f1,2023-04,Surrey Police,Surrey Police,-0.481700,51.452419,On or near Rose Gardens,E01030745,Spelthorne 001C,Local resolution
15d8c5d6f3122f7248c52d52dc26425cfb4d96ab639f8a8c14274df30b700b86,2023-04,Surrey Police,Surrey Police,-0.593576,51.251965,On or near ,E01030495,Guildford 009C,Investigation complete; no suspect identified
4ab44b00045bb8125fc05011cbd0383f6536b652ca040c7d92ba7f5073e27484,2023-04,Surrey Police,Surrey Police,-0.640613,51.172461,On or near Meadow Close,E01030938,Waverley 011D,Investigation complete; no suspect identified
c517ad85d8d222540015cf2d9f61b9400baee257c177572f158b863d61037171,2023-04,Surrey Police,Surrey Police,-0.461321,51.433162,On or near Brownrigg Road,E01030712,Spelthorne 003C,Unable to prosecute suspect
354276d0b1473aa5e0521c9ef5f117c6d23def70bebf466d240456d2f5c21a17,2023-04,Surrey Police,Surrey Police,-0.727289,51.283412,On or near Lake Avenue,E01030785,Surrey Heath 012D,Unable to prosecute suspect
a27b491cd05397f4bd4a138cf0bfb29cc1ac2f37be4d3b1f37e6fae126142b37,2023-04,Surrey Police,Surrey Police,-0.732937,51.087232,On or near Lion Mead,E01030928,Waverley 017C,Unable to prosecute suspect
3f92c9de158185cb13c81f9865a8ce0484ec25d66687bc37f356b829000073d8,2023-04,Surrey Police,Surrey Police,-0.764213,51.232057,On or near Lower Weybourne Lane,E01030903,Waverley 001C,Unable to prosecute suspect
a1df2bbe2772ee47b0f07fbfc41cc2e7ab2a447e56a36c237c30913573fd1ab6,2023-04,Surrey Police,Surrey Police,-0.628319,51.157704,On or near Station Lane,E01030864,Waverley 012A,Investigation complete; no suspect identified
86fba35ef926ed0c9801eb19db408cd51373fc18d1ffa50c265392a55ee0f3f9,2023-04,Surrey Police,Surrey Police,-0.416933,51.333789,On or near Coveham Crescent,E01030304,Elmbridge 017D,Action to be taken by another organisation
b42b2df1db1175bd9b0565e6a4563b9e1ea220ab0f65b7ab2649dc92c4695652,2023-04,Surrey Police,Surrey Police,-0.710974,51.346827,On or near Foxhill Crescent,E01030797,Surrey Heath 005B,Investigation complete; no suspect identified
4b5e70e206364f86c214fb4ab290c897576525b1d995fa608f8941ff9d14e2a4,2023-04,Surrey Police,Surrey Police,-0.348842,51.396597,On or near Riverside Avenue,E01030328,Elmbridge 002C,Unable to prosecute suspect
06cd0f435ecf38538203bd05bf52ec9e3afd9ee161ab2484f0a6e401360f4b20,2023-04,Surrey Police,Surrey Police,-0.393201,51.334680,On or near Grenville Close,E01030306,Elmbridge 017F,Investigation complete; no suspect identified
fe20207c59afa956b13ef1c3ed011be4ec21dc0014b9ad994741ba9917c5e1a1,2023-04,Surrey Police,Surrey Police,-0.335055,51.351880,On or near Dove Place,E01030299,Elmbridge 015D,Investigation complete; no suspect identified
585451f456d8cc34a440933a2b601cd1254fd413e1c350a686c47711cf60bfa5,2023-04,Surrey Police,Surrey Police,-0.446128,51.423861,On or near Selby Road,E01030698,Spelthorne 006B,Unable to prosecute suspect
d852367b11654f07702d678d9a5726f06193bd99b75320ccdade61d112a87630,2023-04,Surrey Police,Surrey Police,-0.577670,51.237270,On or near ,E01030452,Guildford 015A,Investigation complete; no suspect identified
694355ad12379acae84fa059a2c669f730cf76c1c1ca5c6e99c6078cff72b46a,2023-04,Surrey Police,Surrey Police,-0.604377,51.195729,On or near ,E01030920,Waverley 005D,Investigation complete; no suspect identified
6ab0610716412ab211fbfad32c1255cd5fcc76e948d73577f28a755367cd5669,2023-04,Surrey Police,Surrey Police,-0.422867,51.164818,On or near Holmbury Road,E01030880,Waverley 015E,Investigation complete; no suspect identified
b710981ac9fb51701e8c98c5d4d39232a281c97669c9c03ca3c18b44be126d25,2023-04,Surrey Police,Surrey Police,-0.805345,51.212305,On or near Mead Lane,E01030884,Waverley 003A,Investigation complete; no suspect identified
93dd19524573c571fda1b0a3fdba8b139b2263207ff188020f2f372e0dfb08a4,2023-04,Surrey Police,Surrey Police,-0.272515,51.356784,On or near Danetree Close,E01030414,Epsom and Ewell 002D,Further action is not in the public interest
f269b746a14e23fd4bd597ca8a7e082544d6abf2e3f61a03b596521c7f191160,2023-04,Surrey Police,Surrey Police,-0.237452,51.299994,On or near Waterfield Green,E01030608,Reigate and Banstead 005A,Investigation complete; no suspect identified
524b950345dab105fb60606ee7ba6be87bf94c637d4765985b625c94903fcc0b,2023-04,Surrey Police,Surrey Police,-0.712245,51.100388,On or near ,E01030932,Waverley 016C,Investigation complete; no suspect identified
a6e79305cfcc52e961b4b103533ccb2432678bbbf6f436002b4ce31570618caa,2023-04,Surrey Police,Surrey Police,-0.627134,51.304941,On or near West Hill Close,E01030944,Woking 012A,Investigation complete; no suspect identified
b462d0fc4281ba50d5a0a0c7a20acdfa0d04c29bf3eb8d081817f744c6da1eae,2023-04,Surrey Police,Surrey Police,-0.256281,51.320195,On or near Downs Way,E01030380,Epsom and Ewell 009B,Local resolution
34f72112034414d5216fb50c3927893c1c88ecb0d2e55cea944bd15c0a962b59,2023-04,Surrey Police,Surrey Police,-0.530511,51.330620,On or near ,E01030984,Woking 004E,Further investigation is not in the public interest
06e406736f4b5f4960300afb208aed7901f518da676ef18f6802330725e7b6c1,2023-04,Surrey Police,Surrey Police,-0.576752,51.315589,On or near Japonica Close,E01030955,Woking 010A,Unable to prosecute suspect
ac7991a82d81162bad60a1fef7ecf54908fac1289212c6c19b82367cff343ff3,2023-04,Surrey Police,Surrey Police,,,No location,,,Investigation complete; no suspect identified
a06290e0d2e87152e9911fb5792e44a70115a608b05bacddc9c0fb40fda8c0b3,2023-04,Surrey Police,Surrey Police,-0.257969,51.375633,On or near Parklands Way,E01030388,Epsom and Ewell 001C,Investigation complete; no suspect identified
79979d8402210654a85238b0e9875695c644a1826b41fad0a9ec6669466cd97d,2023-04,Surrey Police,Surrey Police,-0.543153,51.260520,On or near Orchard Road,E01030435,Guildford 008B,Unable to prosecute suspect
6334e3c4c48b7e4f1f3950801a02612de968ed00f06e53a0a77e137f774547fe,2023-04,Surrey Police,Surrey Police,-0.579226,51.430514,On or near Willson Road,E01030673,Runnymede 002C,Investigation complete; no suspect identified
ed7adf4706eb86e4648758b36d2508e6ee9fbdcf798b68a8778d557692a66b81,2023-04,Surrey Police,Surrey Police,,,No location,,,Unable to prosecute suspect
33013121229238832c6f6be96f6d7540facd40e5800f96c76b3dd5623e064cff,2023-04,Surrey Police,Surrey Police,-0.206775,51.222092,On or near Sandcross Lane,E01030630,Reigate and Banstead 013C,Unable to prosecute suspect
535d4e28e9c292dc7a31c2e1e21879d57d816bce48dcd1dd26e296677dae50da,2023-04,Surrey Police,Surrey Police,-0.265771,51.339131,On or near Miles Road,E01030410,Epsom and Ewell 007F,Investigation complete; no suspect identified
eb9f0df31d9b1dc83cc754da000bc1ab652b84e33564dcbc8129d1c9bfa5746a,2023-04,Surrey Police,Surrey Police,,,No location,,,Unable to prosecute suspect
021efec7889cb3a4e6c39049c943e6954b847d6ec63d4575c53c39d7fc221277,2023-04,Surrey Police,Surrey Police,-0.354149,51.332429,On or near Torland Drive,E01030342,Elmbridge 018B,Unable to prosecute suspect
66baebc2c432e72a08c9aaf381c41275b59866b4b4ddcd535aca7bf23276d259,2023-04,Surrey Police,Surrey Police,-0.240147,51.347642,On or near Nonsuch Court Avenue,E01030398,Epsom and Ewell 010E,Investigation complete; no suspect identified
5ca5c78e12ecf6e42bb6b8bcd362ff1917e1b3db014854feaafb34bb1ec80348,2023-04,Surrey Police,Surrey Police,-0.260068,51.335809,On or near Hawthorne Place,E01030412,Epsom and Ewell 008C,Unable to prosecute suspect
bf025a585b919617374b314300faf80b52e2f2d83aa1b32ec8bbf8a882c77d03,2023-04,Surrey Police,Surrey Police,-0.509038,51.387234,On or near Parking Area,E01030657,Runnymede 006D,Unable to prosecute suspect
be61efcd167dfc8abe39c6da39e96117bc3e56425c02d7429d3892ba15a9608a,2023-04,Surrey Police,Surrey Police,-0.291640,51.126851,On or near Capel Road,E01031676,Horsham 001D,Unable to prosecute suspect
62dfe2811af8f164ccb58a6e8e81e1b047d7035b7b8aa16c847b77fd72048cd4,2023-04,Surrey Police,Surrey Police,-0.267707,51.334609,On or near Waterloo Road,E01034290,Epsom and Ewell 008F,Unable to prosecute suspect
1fdd47c895a43b15c3ac3ea00cf05aa54894cc0e14b16b5c50410d82756769c1,2023-04,Surrey Police,Surrey Police,-0.546564,51.434825,On or near King's Road,E01030668,Runnymede 001B,Unable to prosecute suspect
5e2073ba95e9d61c4bb35938a4c9398d74db0bd46538ba52c0b4b76b4035bb16,2023-04,Surrey Police,Surrey Police,-0.544164,51.427943,On or near Fitzrobert Place,E01030667,Runnymede 001A,Unable to prosecute suspect
26654b764db3f32f9c5987ec4e02a716dfc0ff492438c64f5e23a63cc0ce0ef8,2023-04,Surrey Police,Surrey Police,-0.167110,51.242044,On or near Bus/Coach Station,E01035358,Reigate and Banstead 011I,Investigation complete; no suspect identified
bba0e54ce655379ea6c82f410a251c8702e6badf4f0908cb5efa271fa1ea0cae,2023-04,Surrey Police,Surrey Police,,,No location,,,Unable to prosecute suspect
733cb8c75166f09c78bd6377f344a2e271386acf4f3e759d91263efa06953ff7,2023-04,Surrey Police,Surrey Police,-0.355427,51.383354,On or near Carleton Close,E01030369,Elmbridge 009D,Investigation complete; no suspect identified
b6d981d78d0734fee9edf5aa248f3d9be75516a65f93bd32df27e7b6afd942c1,2023-04,Surrey Police,Surrey Police,-0.590367,51.261314,On or near Tylehost,E01030489,Guildford 006D,Investigation complete; no suspect identified
6a993a04b062db86210740b54e85727fe6ba08107571a076e8b133574d80c0b4,2023-04,Surrey Police,Surrey Police,-0.387921,51.216625,On or near William Evelyn Court,E01030555,Mole Valley 012B,Investigation complete; no suspect identified
af70ca4b31aeba741d5338a01ce8224009c3186c46166e94d3f460e77b48905d,2023-04,Surrey Police,Surrey Police,-0.654542,51.176030,On or near Canada Copse,E01030937,Waverley 011C,Unable to prosecute suspect
b87259086d5e5894477010bad63d6708bf21c770d99e2614ec6456a85a447f7e,2023-04,Surrey Police,Surrey Police,-0.254565,51.323434,On or near Hillcrest Close,E01030380,Epsom and Ewell 009B,Investigation complete; no suspect identified
2dfe6a5ab12dccf391d587b818a1c966eff6862bb45941b156d944d498d15b16,2023-04,Surrey Police,Surrey Police,-0.413594,51.371036,On or near Burwood Park Road,E01030314,Elmbridge 010B,Investigation complete; no suspect identified
ce90d099e8643fd65dcb3ff2f795d9bbf30e4ae2dc955903e1c1005edcc7bad7,2023-04,Surrey Police,Surrey Police,-0.590367,51.261314,On or near Tylehost,E01030489,Guildford 006D,Investigation complete; no suspect identified
3682b1f296077e7418bd1b49516aa1d1f55e167121a2a0a998c66cc80556ec37,2023-04,Surrey Police,Surrey Police,-0.775383,51.200845,On or near Monk's Walk,E01030883,Waverley 004B,Unable to prosecute suspect
48223e0d2211ce405e1fbac93b5ec161616d3ab11225f33cf9786f7987feabdf,2023-04,Surrey Police,Surrey Police,-0.416658,51.371752,On or near Mayfield Close,E01030314,Elmbridge 010B,Unable to prosecute suspect
fafd8c8f7343368b724b38d05993df348a296c7e887d46894d3f19b90f3778e0,2023-04,Surrey Police,Surrey Police,-0.724804,51.287189,On or near Ambleside Close,E01030783,Surrey Heath 012B,Investigation complete; no suspect identified
9a4cdb5a8aa3804d6042a4c68cecff8603bdfa016ca762f6f735054868b46459,2023-04,Surrey Police,Surrey Police,-0.435280,51.364529,On or near Queens Court,E01030349,Elmbridge 016D,Investigation complete; no suspect identified
cbb762fb1859262d2be3e005d25f13a51dbd68198d96f21b8dfc1a59a4c165e4,2023-04,Surrey Police,Surrey Police,-0.453568,51.372577,On or near Monument Hill,E01030374,Elmbridge 012D,Unable to prosecute suspect
566d546a50ebecbb0b1a2075a0f88cd7dea443eac14f5e1b97bea8cbb70eb62a,2023-04,Surrey Police,Surrey Police,-0.342043,51.225804,On or near Nower Close East,E01030535,Mole Valley 010A,Further investigation is not in the public interest
624f63ec47742a7d9eb7add65265836477b5f1d429ba03af0082ca39b5af1f2b,2023-04,Surrey Police,Surrey Police,,,No location,,,Action to be taken by another organisation
e640cc8fe69ca7007694f847e5470a185fe7916f448be18310766ac83ac96ec4,2023-04,Surrey Police,Surrey Police,-0.480091,51.455366,On or near Hadfield Road,E01030744,Spelthorne 001B,Unable to prosecute suspect
53ba605e97ce7645533e98a1b159983764f84c60154c05cb535cd3324032ba39,2023-04,Surrey Police,Surrey Police,-0.361200,51.330334,On or near The Ridgeway,E01030345,Elmbridge 018E,Unable to prosecute suspect
3482f881b26f5e7026c0f33f7895c5f7dae3fd92094ad57155a8135a33bb2637,2023-04,Surrey Police,Surrey Police,-0.166781,51.314215,On or near Water Mead,E01030568,Reigate and Banstead 004D,Investigation complete; no suspect identified
a7c0ef3933861e458af46262d9929ca88e7f27f684891203db18af5601d983ed,2023-04,Surrey Police,Surrey Police,-0.562570,51.318024,On or near Church Street West,E01030954,Woking 008A,Unable to prosecute suspect
46ec475ca738940558ed7f073cddad448fb6795e4f167b60a7ab1aa099482e91,2023-04,Surrey Police,Surrey Police,-0.176670,51.176114,On or near Court Lodge Road,E01030588,Reigate and Banstead 016E,Unable to prosecute suspect
1685ebc2737af88bad2780fbd53883df52221665dbacd2e42809861b6515920e,2023-04,Surrey Police,Surrey Police,-0.291261,51.319272,On or near Craddock's Close,E01030513,Mole Valley 001D,Unable to prosecute suspect
528a3fa1e1bc8cf88117b5ec1a0fc4af3ba27b2b3e9a07110a546fadc3aaa596,2023-04,Surrey Police,Surrey Police,-0.331175,51.310432,On or near The Fairway,E01030551,Mole Valley 003D,Unable to prosecute suspect
792293ea33112e5468b3954b837f85dea6f08bb9471205b4ce84b80c3cf441a4,2023-04,Surrey Police,Surrey Police,-0.518460,51.375844,On or near Lowther Close,E01030662,Runnymede 007G,Investigation complete; no suspect identified
cd90107708e46f79cd65b936023230f4b0af7729f8a337c0155e591934ffdc11,2023-04,Surrey Police,Surrey Police,-0.411900,51.391345,On or near ,E01030363,Elmbridge 004C,Local resolution
9e6012cbc0455d4eb98f45da37ee5ff73629bbf9b6331c8554c170acd25a0c36,2023-04,Surrey Police,Surrey Police,-0.445890,51.419425,On or near Ashford Road,E01030725,Spelthorne 006E,Unable to prosecute suspect
b712bc0046600b84cf0e8e7d945d270e5804c4bd0056dcd0d207c3c3adaea245,2023-04,Surrey Police,Surrey Police,-0.369630,51.277980,On or near Springvale Close,E01030520,Mole Valley 007A,Unable to prosecute suspect
b7693af8b1214b4aa83a98893a5f8ca68a4a8d6059a2f38d5c5eaf59668f2def,2023-04,Surrey Police,Surrey Police,-0.253996,51.352031,On or near Spring Mews,E01030390,Epsom and Ewell 010B,Unable to prosecute suspect
717e286dc323ef74e6414528ef28617f6d6a5d0205ecb3e595e6df161ff480c2,2023-04,Surrey Police,Surrey Police,-0.334251,51.387902,On or near Linden Close,E01030352,Elmbridge 005C,Unable to prosecute suspect
019a13257354c86ac9493f37bb4bad4a8eee0a6780337ec545d134ed9c01d330,2023-04,Surrey Police,Surrey Police,-0.710435,51.087750,On or near B2131,E01030931,Waverley 016B,Investigation complete; no suspect identified
21f8b2c7fe9770a3eca8c087515bb03e464092798cc468ee657e42ffa665a247,2023-04,Surrey Police,Surrey Police,-0.662802,51.305291,On or near Adams Croft,E01030474,Guildford 002D,Local resolution
ec114a7be33c612e8358521fbb8d5c035dffc13cf99563700822ec0016603b61,2023-04,Surrey Police,Surrey Police,-0.442363,51.434323,On or near Anderson Drive,E01030706,Spelthorne 005F,Unable to prosecute suspect
6307fc20e69ba7f1fd116c3ec2cb2f54f4c6fdb537a8c8d087a909777bab385c,2023-04,Surrey Police,Surrey Police,-0.206656,51.321262,On or near The Orchard,E01030559,Reigate and Banstead 002A,Unable to prosecute suspect
30e52cf3e306b712edbf320fb8b3152effc8308f3ca66a4b424cc0691c6c8831,2023-04,Surrey Police,Surrey Police,-0.339784,51.374824,On or near Station Approach,E01030320,Elmbridge 009B,Investigation complete; no suspect identified
60d9d59eb9a14e0b2d5b8bfcec9789e2479d3c59482b3205277dc1e698cd0502,2023-04,Surrey Police,Surrey Police,-0.571883,51.235273,On or near Tunsgate,E01030455,Guildford 013E,Local resolution
1d705cce5cbc545bec532b1dd0f16a7f6247aef7793d307467dcc7fd0b855973,2023-04,Surrey Police,Surrey Police,-0.537535,51.241971,On or near High Path Road,E01030461,Guildford 011E,Investigation complete; no suspect identified
a18cd80a2e552f84e4cf0437764291880cd098d88344b66f06b98fc927d3f045,2023-04,Surrey Police,Surrey Police,-0.316447,51.383915,On or near King's Road,E01030324,Elmbridge 006C,Investigation complete; no suspect identified
15ce57f4490b9eae9022ddcc677815c97d0657ae7ee09bd8b360937ddfe6f223,2023-04,Surrey Police,Surrey Police,-0.327863,51.295376,On or near High Street,E01030550,Mole Valley 003C,Investigation complete; no suspect identified
cfdb34a38fdd3d4241d597299099bbf19f5a348e11f9eeafc057a1593b0d7993,2023-04,Surrey Police,Surrey Police,-0.574713,51.256790,On or near Fir Tree Road,E01030482,Guildford 007B,Unable to prosecute suspect
6d6bcabc0bf43e039ff4b5898ce5f9d44c9b2c35cae0e321b2d2a92d5ffdb9cd,2023-04,Surrey Police,Surrey Police,-0.431875,51.417107,On or near Lincoln Way,E01030725,Spelthorne 006E,Investigation complete; no suspect identified
c5a4919d6ebf30031457fc4f16f0f10b1b675f74df03587a37aef8775e806c3f,2023-04,Surrey Police,Surrey Police,-0.503760,51.142356,On or near Maple Road,E01030875,Waverley 013F,Unable to prosecute suspect
5c944413e0a98a271cd74a4fb11b07418176262a95b0c2fd97c0f774b7b605c2,2023-04,Surrey Police,Surrey Police,-0.172739,51.242222,On or near Rutland Close,E01030615,Reigate and Banstead 010A,Investigation complete; no suspect identified
f7cbf0c4e17b58eb7b4dc07e3fdf913d094674917e3e015257416bcf8b8ab603,2023-04,Surrey Police,Surrey Police,-0.464977,51.443407,On or near Edward Way,E01030707,Spelthorne 003A,Unable to prosecute suspect
ddb1df8e48adeb79e48939cab8a27077dce780ab0a8f20fac682ca71c0326f06,2023-04,Surrey Police,Surrey Police,-0.620087,51.315560,On or near Barton Close,E01030977,Woking 007D,Unable to prosecute suspect
c1c68e2bd323d89fae560294dc47acc04f54c2ba9f4b7c9de6c3d474fbdd127f,2023-04,Surrey Police,Surrey Police,-0.326437,51.234368,On or near ,E01030537,Mole Valley 010C,Unable to prosecute suspect
ce24cde9bec740347fc201b382c6b1db0b261b75e92ad031a55916904b480244,2023-04,Surrey Police,Surrey Police,-0.259503,51.334406,On or near Parking Area,E01030412,Epsom and Ewell 008C,Unable to prosecute suspect
109a24ef5fd504ab77d9cd65dd78e6ebbb4f4ef4e72eec55f3ed8d60da01b5b7,2023-04,Surrey Police,Surrey Police,-0.157950,51.290003,On or near Church Lane,E01030567,Reigate and Banstead 004C,Investigation complete; no suspect identified
bda06cc4b71e448ef8ea1ff3cb71539c630f8deef7869cbd6a82a48bd20ef40e,2023-04,Surrey Police,Surrey Police,-0.569862,51.246866,On or near Parking Area,E01030438,Guildford 013A,Local resolution
7e1f7fff63bfb76d9f4618468f075c4d6bd007da7628446ffe3c455534282784,2023-04,Surrey Police,Surrey Police,-0.419316,51.371761,On or near Parking Area,E01030314,Elmbridge 010B,Investigation complete; no suspect identified
6297e79aa860ec24d91821b0124c5465a10720a66de2dc8be12cdaa5f0c4eacc,2023-04,Surrey Police,Surrey Police,-0.581657,51.319830,On or near Colliers Close,E01030952,Woking 005B,Further investigation is not in the public interest
7816b17fdb7969b2a69192ef8233891f309936ea44910671754cf61ea92d3fc1,2023-04,Surrey Police,Surrey Police,-0.652689,51.155640,On or near Sunny Hill,E01030943,Waverley 012E,Unable to prosecute suspect
93453cea1e96bb1c429b808a526ef95558b7b39cc412943b697d213b15821846,2023-04,Surrey Police,Surrey Police,-0.719368,51.247545,On or near Ash Church Mews,E01030433,Guildford 010D,Investigation complete; no suspect identified
b7b053ed311f9f64bbdcab36711369c261b65899b708bd4cd09925269aae345c,2023-04,Surrey Police,Surrey Police,-0.413477,51.424710,On or near Ashridge Way,E01030749,Spelthorne 008B,Unable to prosecute suspect
67429fb29ba94abd791b80d3ed71846cbc29debd8966727c07603039a9902cdb,2023-04,Surrey Police,Surrey Police,-0.681671,51.359719,On or near Swift Lane,E01030757,Surrey Heath 002A,Investigation complete; no suspect identified
165eebafbb187ebd448ecf2a9e03fedc3d4f58a35c24a2f7a7c247aec461cb39,2023-04,Surrey Police,Surrey Police,-0.577949,51.235509,On or near Friary Bridge,E01030449,Guildford 016B,Unable to prosecute suspect
266e935b0f2ed7874a4a69184a77ee33748afbe85c7edb289d2b80e54b24ab97,2023-04,Surrey Police,Surrey Police,-0.672075,51.374160,On or near Poplar Avenue,E01030810,Surrey Heath 001E,Investigation complete; no suspect identified
38bc6b120fab4c62271e3526b932125142af3eb4d02ce0723b48f9e739567abb,2023-04,Surrey Police,Surrey Police,-0.507463,51.363646,On or near Rothwell Gardens,E01030661,Runnymede 009D,Investigation complete; no suspect identified
1d6477a53863580c5e0b8b8b0cfa1892bc255b2625f70be1238def05de097114,2023-04,Surrey Police,Surrey Police,-0.756688,51.331585,On or near Butterfield,E01030794,Surrey Heath 008B,Investigation complete; no suspect identified
986d37b2d09e82588fd2a0f05d8b88fca0ea7443b2751f865fcaf06a1384b857,2023-04,Surrey Police,Surrey Police,-0.642941,51.339539,On or near Hollybank,E01030807,Surrey Heath 006D,Investigation complete; no suspect identified
22ee8b5f533c1d802822e159e41b3611e2f93bfe23c4cdefa6b0a9b1c6f06c5a,2023-04,Surrey Police,Surrey Police,-0.348842,51.396597,On or near Riverside Avenue,E01030328,Elmbridge 002C,Unable to prosecute suspect
6aecae215dec25be452518a709f5bb0eef8e4d82fa597a9f98128e695e195afe,2023-04,Surrey Police,Surrey Police,-0.584088,51.236186,On or near Genyn Road,E01030452,Guildford 015A,Unable to prosecute suspect
f5664183932a03c3adaa188b70893f400b2f5d84b7eb7c9b4a02bbfb1834c7d4,2023-04,Surrey Police,Surrey Police,-0.820137,51.198742,On or near Keable Road,E01030905,Waverley 009B,Investigation complete; no suspect identified
358453b363bb0bd4d5c6d9d6069f6b80be1cc6c7c6269363394774ed7fd75d7a,2023-04,Surrey Police,Surrey Police,-0.742088,51.343730,On or near Old Dean Road,E01030801,Surrey Heath 004D,Unable to prosecute suspect
dc49334044b016af0ab352bb6910d777859995d837284b374362ed3fb3f6625f,2023-04,Surrey Police,Surrey Police,-0.332942,51.317538,On or near ,E01030548,Mole Valley 003A,Investigation complete; no suspect identified
73798394e1b40f592e859a372f513c28a138bd57e1a65cce1464cddef2e3bb0f,2023-04,Surrey Police,Surrey Police,-0.584088,51.236186,On or near Genyn Road,E01030452,Guildford 015A,Further investigation is not in the public interest
3e68b269d3879a2699dc598b41596314f464332a15d48e752909cd5b420e9e00,2023-04,Surrey Police,Surrey Police,-0.274176,51.358076,On or near Vernon Close,E01030414,Epsom and Ewell 002D,Investigation complete; no suspect identified
fc8288441f109b75f7752ee7fffb4fbf40005799d06743c4819ed935ced1c81a,2023-04,Surrey Police,Surrey Police,-0.141091,51.275258,On or near Alderstead Lane,E01030598,Reigate and Banstead 009A,Unable to prosecute suspect
c2c92ebf46ee9e448d4d963f5aa335c75edeab3e8159c2a07a574883ce8a9b82,2023-04,Surrey Police,Surrey Police,-0.412826,51.324669,On or near Bridge Road,E01030302,Elmbridge 017C,Local resolution
02578f80a54540379cadc1e68c082c2c6548a69b81903d7ede2406b1b7dd6a08,2023-04,Surrey Police,Surrey Police,-0.786354,51.205456,On or near Little Austins Road,E01030883,Waverley 004B,Unable to prosecute suspect
09df11d7f5d4d64c51fb4838b8c509206bc826a8d911b1c93668d89d8bd8cb21,2023-04,Surrey Police,Surrey Police,-0.359411,51.337026,On or near The Gables,E01030342,Elmbridge 018B,Investigation complete; no suspect identified
cc7cfeb85ddb2e99bc3f5efe8126a182c3647b0736b6d43c6e720a429a7dbd49,2023-04,Surrey Police,Surrey Police,-0.521758,51.336787,On or near Sandalwood Close,E01030984,Woking 004E,Unable to prosecute suspect
312ca5a98ceb01f60fcc54b0bc708e6ea876c660711bd00be32f4463554a0275,2023-04,Surrey Police,Surrey Police,-0.793517,51.219513,On or near St James' Terrace,E01030895,Waverley 003E,Unable to prosecute suspect
d702ef4c0bd5f0ea90f66cf1c5d0fcb3d8dcbca96bffe560032385e675a294b8,2023-04,Surrey Police,Surrey Police,-0.741174,51.318911,On or near Hospital,E01030768,Surrey Heath 010C,Local resolution
75dcdfc677c1ff99446a7430730f78892cc9a2b1f26fb7f899297f9b2e219c17,2023-04,Surrey Police,Surrey Police,0.037031,51.271844,On or near ,E01032571,Tandridge 012D,Investigation complete; no suspect identified
a4482869cd4b803bd186f57ff4bb90310d65db8c692259fd580abeaa82313145,2023-04,Surrey Police,Surrey Police,-0.711469,51.338892,On or near Clewborough Drive,E01030792,Surrey Heath 009D,Unable to prosecute suspect
2720f675f640138841c8b14969e3bae1432beaf293dde424b4f2cc89d7777d98,2023-04,Surrey Police,Surrey Police,-0.270497,51.336017,On or near Maidenshaw Road,E01030409,Epsom and Ewell 007E,Further investigation is not in the public interest
a27f47376cb836b224ffe629631855446df700b5551aee062782a72fa32e1e1c,2023-04,Surrey Police,Surrey Police,-0.278384,51.325900,On or near Westlands Court,E01030420,Epsom and Ewell 009F,Unable to prosecute suspect
d1b25f617b8cce5c9d2d69d31ea209b5c717e701d5004a38402ac6f3a14d713f,2023-04,Surrey Police,Surrey Police,-0.576141,51.258327,On or near Paynter Court,E01030483,Guildford 007C,Investigation complete; no suspect identified
81e9670644e032d9a2defc705f5cb50c5d1ad43c49a4393da733b774eb7fe6b4,2023-04,Surrey Police,Surrey Police,-0.536594,51.303656,On or near Poundfield Gardens,E01030994,Woking 011D,Investigation complete; no suspect identified
455eeac0d22a884a10cfe55ae1c8d143cf1b848f4c66e0f8f4312e624164a09a,2023-04,Surrey Police,Surrey Police,-0.393491,51.343227,On or near Waterford Close,E01030306,Elmbridge 017F,Further action is not in the public interest
8dc2dd1d6e06cebac35826760ffa4e363bb23551c312b30566792504d9c82c29,2023-04,Surrey Police,Surrey Police,-0.753008,51.324397,On or near Bristow Road,E01030805,Surrey Heath 008F,Investigation complete; no suspect identified
b7f3bab6f3104d098a2f963a30d96e9c38b0c927ec707230113e16fcc8ba4d72,2023-04,Surrey Police,Surrey Police,-0.617958,51.321478,On or near Robins Dale,E01030977,Woking 007D,Investigation complete; no suspect identified
b5bd529fb81478b4906da2606be00b7e5f828260f7009db0207a585423117bd4,2023-04,Surrey Police,Surrey Police,-0.739009,51.115975,On or near Tower Close,E01032626,Waverley 018F,Investigation complete; no suspect identified
81e24acfef7224b9d863d7b793785ba2525cd4e6cf4096b8b7ab665e7ebdac39,2023-04,Surrey Police,Surrey Police,-0.096328,51.285708,On or near Homesdale Road,E01030858,Tandridge 003E,Investigation complete; no suspect identified
48947fb8d5acbe62853569a2f2350ee8e090d37958485a92c0b688041ad5d553,2023-04,Surrey Police,Surrey Police,-0.502026,51.428123,On or near Duncan Gardens,E01030738,Spelthorne 004E,Investigation complete; no suspect identified
ccc9e287ff2150e6e382a1d3268f8dccf79720020f32570a8e293d8e28bbb785,2023-04,Surrey Police,Surrey Police,-0.265169,51.332629,On or near The Parade,E01030411,Epsom and Ewell 008B,Further investigation is not in the public interest
937b1d77bfe628b425ecfd03d4f7b48fc4e587d4727e3d13875dbcd1c0d509a8,2023-04,Surrey Police,Surrey Police,-0.281664,51.326083,On or near Castle Road,E01030420,Epsom and Ewell 009F,Unable to prosecute suspect
139381fcfb0272bf0069708c5cd37066498cd6367de17472a58fe3a5e39539a5,2023-04,Surrey Police,Surrey Police,-0.512547,51.435019,On or near Parking Area,E01034291,Spelthorne 004F,Investigation complete; no suspect identified
60a0d5675e6447d278fffe5a3d82e073f8c6f5ac418d21c727711ef80c04c9ba,2023-04,Surrey Police,Surrey Police,-0.503917,51.393545,On or near Colonel's Lane,E01030659,Runnymede 006E,Action to be taken by another organisation
08d662d0d5e40b01f9f7ba189d016f09927615a995638cece91a02ff44e2c1bc,2023-04,Surrey Police,Surrey Police,-0.614183,51.320543,On or near Waterers Rise,E01030974,Woking 007A,Unable to prosecute suspect
b2a0a67146c116ab4372bf3d6dfc547aaeabdf9b9cc88778063c840b62473989,2023-04,Surrey Police,Surrey Police,-0.188695,51.336732,On or near ,E01030563,Reigate and Banstead 002E,Unable to prosecute suspect
2d6399076223cc468e3a451c6420fd871a56a45d254323adbc264208b0faf5a8,2023-04,Surrey Police,Surrey Police,-0.574097,51.326681,On or near Hammond Close,E01030966,Woking 003D,Unable to prosecute suspect
0bebcf7df825619db2c06555774820f5ae429859c15466a313aef1d5be9e9306,2023-04,Surrey Police,Surrey Police,-0.510628,51.387839,On or near Bell Bridge Road,E01030657,Runnymede 006D,Investigation complete; no suspect identified
c273ef8ca152bad12b1cffd03bf2ef46acfdc2486554f3e4af2d7769e1731596,2023-04,Surrey Police,Surrey Police,-0.557600,51.295743,On or near Inwood Close,E01030973,Woking 011C,Unable to prosecute suspect
80d045983d55f4b8fa09bf2f1397374c7880a0278a173616ad4f6540b1724d46,2023-04,Surrey Police,Surrey Police,-0.103818,51.278302,On or near Chaldon Common Road,E01030820,Tandridge 005A,Unable to prosecute suspect
15d4623766fb0efe211aeca1f18a7bddc771adbd9a8a4495d9a518959f6da76b,2023-04,Surrey Police,Surrey Police,-0.559183,51.313468,On or near Fairview Avenue,E01034295,Woking 008G,Investigation complete; no suspect identified
8499f21d76b15a7d8b245977eee5b526559eac37af00c2d86c818ae4216fed87,2023-04,Surrey Police,Surrey Police,-0.503554,51.383082,On or near Partridge Mews,E01030653,Runnymede 006B,Investigation complete; no suspect identified
a30ee0dfed3a6076ce743c61497565b7d5d22d1040c50a4ff473443f72a0a03e,2023-04,Surrey Police,Surrey Police,-0.564937,51.231069,On or near Fort Road,E01030456,Guildford 016D,Investigation complete; no suspect identified
85a7b1389b36941e9c2d14388a41d747d3ea4b707cc993d7a92cf588269d90fb,2023-04,Surrey Police,Surrey Police,-0.502569,51.144625,On or near ,E01030875,Waverley 013F,Unable to prosecute suspect
59d43c77af522a8a05c92c6865a3b99634d7244ec54bcb9317a52247a2d06104,2023-04,Surrey Police,Surrey Police,-0.222553,51.308753,On or near ,E01030644,Reigate and Banstead 003D,Investigation complete; no suspect identified
45201e5eef894c85a70390a533028a1050bccc8f116d3d70c2fc61c570eaf4cd,2023-04,Surrey Police,Surrey Police,-0.167782,51.239339,On or near ,E01030613,Reigate and Banstead 011D,Further action is not in the public interest
9232e0c903a2fbd26dc438f8059971ceb17a4ed617e3d1528b511c3fd599be11,2023-04,Surrey Police,Surrey Police,-0.197903,51.224483,On or near Trehaven Parade,E01030594,Reigate and Banstead 013A,Unable to prosecute suspect
e9e82edb17fbd758a8c46598a6c9cf49814f792c57fe72abd95de6c3d0fbcd6a,2023-04,Surrey Police,Surrey Police,-0.540464,51.306474,On or near Winston Way,E01030994,Woking 011D,Investigation complete; no suspect identified
f2cf7a1ff40f859e5d97cdb7dffc58b4f2816167149fe10701e3f603abfcc7f4,2023-04,Surrey Police,Surrey Police,-0.112316,51.241326,On or near Botery's Cross,E01030815,Tandridge 008D,Unable to prosecute suspect
eb52b22f5544c162e343284ddd6d6698e6852d05cf6076d89598534d5e5ce22c,2023-04,Surrey Police,Surrey Police,-0.326906,51.295264,On or near Elm Road,E01030552,Mole Valley 004B,Investigation complete; no suspect identified
904a6d383db4104cde0f30cab5f59e66a0804ec246cb7ad6bdb062748b3bab0c,2023-04,Surrey Police,Surrey Police,-0.801815,51.213690,On or near Kingham Place,E01030885,Waverley 003B,Investigation complete; no suspect identified
42a82e5a3a8c606e9a1b8a008a5ca2a71e694b7e7db4a54ad86495e25b2f573a,2023-04,Surrey Police,Surrey Police,-0.420331,51.412402,On or near Sutherland Avenue,E01030718,Spelthorne 011B,Unable to prosecute suspect
f19bacf588a3406c4afab0837cb9f29358add82e96495072b670a6aba58f940f,2023-04,Surrey Police,Surrey Police,-0.463071,51.371524,On or near The Quadrant,E01030374,Elmbridge 012D,Unable to prosecute suspect
0888b3677e0b312595964dd18f5cc47bac952c4f357f203ff510ef3aafadbac4,2023-04,Surrey Police,Surrey Police,-0.265361,51.333750,On or near Theatre/Concert Hall,E01034290,Epsom and Ewell 008F,Investigation complete; no suspect identified
4bc0ef6cb9adaaf69959eeceb2aa007702fa295add0acaf8174c3c7f60ad2ed8,2023-04,Surrey Police,Surrey Police,-0.656833,51.338746,On or near Cuckoo Vale,E01030806,Surrey Heath 006C,Investigation complete; no suspect identified
b18280f56e7fc2d03f61f446d9f95165203a46bd82c8389a78e1ba4577d6777f,2023-04,Surrey Police,Surrey Police,-0.332885,51.387927,On or near Ditton Close,E01030352,Elmbridge 005C,Investigation complete; no suspect identified
ba63409303b44f904c6b78473184abc242137f65684c3013301693fc253e609b,2023-04,Surrey Police,Surrey Police,-0.553703,51.427405,On or near Clarence Street,E01030670,Runnymede 001D,Unable to prosecute suspect
d85d207f767a166516fe8648e81dfe6be7d9e410eeb8ede17129a02c9a8449de,2023-04,Surrey Police,Surrey Police,-0.526185,51.365726,On or near Murray Road,E01030678,Runnymede 008B,Unable to prosecute suspect
96329291fd6656bd68a983d65a376cb9c4dfe2e4fc039ea6aafac3cc8e510b23,2023-04,Surrey Police,Surrey Police,-0.586415,51.249037,On or near Woodbridge Hill,E01030487,Guildford 006B,Investigation complete; no suspect identified
a2beb61d100930d30db6e991056059ef16d07952d47eb79912869f23f77791e9,2023-04,Surrey Police,Surrey Police,-0.495077,51.385222,On or near Bramley Close,E01030652,Runnymede 006A,Unable to prosecute suspect
a6e01040450d779d18ae1e38917e4abc4c6bb8a53dce3035474608fb3ea973b5,2023-04,Surrey Police,Surrey Police,-0.475501,51.450145,On or near Viscount Road,E01030710,Spelthorne 002B,Investigation complete; no suspect identified
1888d6a052c92b0ccada56803386bf701f3d999fb25acb291b5b2705d6cf643c,2023-04,Surrey Police,Surrey Police,-0.724991,51.277866,On or near Warwick Road,E01030428,Guildford 004C,Investigation complete; no suspect identified
300b27248a42070b791b8b3cfcdb8255c25cf06a6d7c3d5eb8cf1e4967110523,2023-04,Surrey Police,Surrey Police,-0.577656,51.236171,On or near ,E01030455,Guildford 013E,Unable to prosecute suspect
f6228ac35e8a6d3baaa4b0b32400986ece0d5cdfc36ba53a5cabc4b828de7fca,2023-04,Surrey Police,Surrey Police,-0.514905,51.433745,On or near Clarence Street,E01034291,Spelthorne 004F,Unable to prosecute suspect
f5c32581367ecbd5babb8844ecfbe4cfc0e1e31762bb7209936441289a22549c,2023-04,Surrey Police,Surrey Police,-0.593453,51.260695,On or near Johnston Walk,E01030486,Guildford 009A,Investigation complete; no suspect identified
6468216d6eb9e5aae0335d0757d97c7a82efb29d25ffe5330884c2f7f8367f02,2023-04,Surrey Police,Surrey Police,-0.260449,51.364042,On or near Fairfield Close,E01030395,Epsom and Ewell 004A,Investigation complete; no suspect identified
3cd9cd297143e8e57f193bd583caba17f47cfe1a059dd44583284ac76862b0ff,2023-04,Surrey Police,Surrey Police,-0.470068,51.356437,On or near ,E01030683,Runnymede 010C,Unable to prosecute suspect
73cefe149506e4afc4deee8f8977d09dbc24bd58ef8e74df35934821f1e23edb,2023-04,Surrey Police,Surrey Police,-0.201919,51.315794,On or near Holly Hill Park,E01030559,Reigate and Banstead 002A,Further investigation is not in the public interest
b337f145f718f9c281b5f4340216587ca13574a1465f121fec4ea4721cb1d628,2023-04,Surrey Police,Surrey Police,-0.571910,51.300073,On or near Egley Road,E01030971,Woking 011A,Unable to prosecute suspect
1d88650879f10eb8a1c4762819d17ab7040fc4a25130b2b68a0f6193177c10e4,2023-04,Surrey Police,Surrey Police,-0.577309,51.349524,On or near Chertsey Road,E01030763,Surrey Heath 001A,Unable to prosecute suspect
4b035373337f0eda4d54e6d27502dd23d99c3701cd4fb7866046be5082ddb058,2023-04,Surrey Police,Surrey Police,-0.724742,51.351033,On or near Wimbledon Road,E01030786,Surrey Heath 004A,Local resolution
8fb5f72ff20bc6aa637d1dd29d9b247880b930a8d828ded774ad8a551d854eba,2023-04,Surrey Police,Surrey Police,-0.724348,51.318657,On or near Kenton Close,E01030769,Surrey Heath 010D,Action to be taken by another organisation
c692b8f30a18c5e6a70adc4be77c0e9ead5403466f880bd9188fc5070d2dadd3,2023-04,Surrey Police,Surrey Police,-0.217729,51.307726,On or near Heathdene,E01030592,Reigate and Banstead 007D,Further action is not in the public interest
ec0eb41cd580f6395a08957ae4eeb165091cc448ef5f9109d09554b171ae1420,2023-04,Surrey Police,Surrey Police,-0.574751,51.244426,On or near Chestnut Road,E01030450,Guildford 013B,Investigation complete; no suspect identified
a61e85a6e4f24a74d4cf7fecf1696534b94e6bd56c1ad5e050d45e10ac60cc18,2023-04,Surrey Police,Surrey Police,-0.065034,51.318180,On or near Martin Close,E01030856,Tandridge 002B,Investigation complete; no suspect identified
b57d81a3c0de6188916992ecf4296fb900bb4d12501e4924ae23763aac6585d8,2023-04,Surrey Police,Surrey Police,-0.811098,51.231284,On or near Old Park Close,E01030900,Waverley 002D,Unable to prosecute suspect
9efdc25c65719ed7de8b4ebf19ea115f83e8adb8e695fafe5daff32ca211e548,2023-04,Surrey Police,Surrey Police,-0.550074,51.320199,On or near Oriental Road,E01030988,Woking 006A,Unable to prosecute suspect
e6d2b9cc6ba2b890530b2f18f2372d204f4b29d465e56ab6b892c3f4d87b4691,2023-04,Surrey Police,Surrey Police,-0.557299,51.323202,On or near The Grove,E01030964,Woking 003B,Unable to prosecute suspect
68f78f156562c763c238435d1eafd2fbe23f71d0b0bc87a5b3a845c3a43255f4,2023-04,Surrey Police,Surrey Police,-0.326793,51.305469,On or near Barnett Wood Lane,E01030549,Mole Valley 003B,Unable to prosecute suspect
4c38c54d03e6c60701440db52403d9e6fc867ae00f3bb0a076e77a4875fdb056,2023-04,Surrey Police,Surrey Police,-0.498355,51.381676,On or near Harrow Close,E01030651,Runnymede 007E,Unable to prosecute suspect
7554247054c6d224ac49c76b6164b75038948b6ee5addb05724ad46ee823e0e5,2023-04,Surrey Police,Surrey Police,-0.239779,51.294661,On or near Kingswood Road,E01030637,Reigate and Banstead 006C,Investigation complete; no suspect identified
4b8a8d3ca8549639ecd25be4b66abf5042d195ad9de756a390f55849ba29073e,2023-04,Surrey Police,Surrey Police,-0.407601,51.405881,On or near Thames Street,E01030753,Spelthorne 010A,Investigation complete; no suspect identified
2fe5a8c1346aecc8a574db0b99d5a10a29eceb6dbb1035341aec188407b18876,2023-04,Surrey Police,Surrey Police,-0.555321,51.298439,On or near Meadow View,E01030973,Woking 011C,Investigation complete; no suspect identified
5b7bc0f5a7129937535f708d2c1162bd5d883c6d6c93c302d58290a5ec2e2018,2023-04,Surrey Police,Surrey Police,-0.165378,51.222718,On or near Gatehouse Lodge,E01030570,Reigate and Banstead 014A,Investigation complete; no suspect identified
6fa75b375a983ccb953a2837529452a3e5a9a0857fce2211fd4a89ee3bb33976,2023-04,Surrey Police,Surrey Police,-0.139408,51.262623,On or near Radstock Way,E01030601,Reigate and Banstead 008C,Unable to prosecute suspect
3a43f749e9eb8f473fd2262e442d4fc8ff7f7096ec1409db9867284cec5410a8,2023-04,Surrey Police,Surrey Police,-0.802169,51.215510,On or near ,E01030885,Waverley 003B,Unable to prosecute suspect
1a107e1008276416d53b1c9d1579e69507be01c9704419356f968d7520ffdbd6,2023-04,Surrey Police,Surrey Police,-0.060975,51.217644,On or near Rushton Avenue,E01030827,Tandridge 009D,Unable to prosecute suspect
786e519f7f8575a03a40c5f8eb94c9e1fe427fd059028d89ba827476a87bba1b,2023-04,Surrey Police,Surrey Police,-0.268743,51.373418,On or near Worcester Park Road,E01030388,Epsom and Ewell 001C,Investigation complete; no suspect identified
c674f2004aba0207238dd3df87d7f14ce19eb02cb36253b7b729d4dc36f720e2,2023-04,Surrey Police,Surrey Police,-0.574230,51.238575,On or near ,E01030451,Guildford 013C,Unable to prosecute suspect
9558b34dfa1a811d6faffef35cc634ea7d3fc17f4bfc6cd544bac1fc9699e025,2023-04,Surrey Police,Surrey Police,-0.734010,51.291398,On or near Sherrard Way,E01030782,Surrey Heath 012A,Investigation complete; no suspect identified
87112200109f2b5e9cdd6cd26855d61f82aec85250c132a2288d43ee38f30521,2023-04,Surrey Police,Surrey Police,-0.578593,51.236461,On or near Bridge Street,E01030449,Guildford 016B,Unable to prosecute suspect
f54532f2bc9cdd58640c1bfc9a67ef3d02b7e112c12bfcb234f6a2635cc89b64,2023-04,Surrey Police,Surrey Police,-0.614499,51.313857,On or near Cubitt Way,E01030979,Woking 007E,Unable to prosecute suspect
10ec1935302f1ed1dcc768a8a1ceae3d2fc45a937e53717376b1929e8ebdb6a8,2023-04,Surrey Police,Surrey Police,-0.552208,51.322168,On or near Portugal Road,E01030983,Woking 004D,Investigation complete; no suspect identified
5e98a7d35bce85613118340d54089cf2c324691f8c3da13c191a2d3cd7021311,2023-04,Surrey Police,Surrey Police,-0.591600,51.264108,On or near Coriander Crescent,E01030488,Guildford 006C,Unable to prosecute suspect
4e499778636107ff85289ddf6792cb4e547089627feac323224047d250c19752,2023-04,Surrey Police,Surrey Police,-0.255526,51.340471,On or near Fairview Road,E01030391,Epsom and Ewell 007B,Investigation complete; no suspect identified
b8f905131172b685b965a6d66bede7b6cc73e124535eedae8c3062677b07091c,2023-04,Surrey Police,Surrey Police,-0.369715,51.377169,On or near Wayneflete Place,E01030310,Elmbridge 013D,Investigation complete; no suspect identified
9b4dfb7265709845a201350d1912f4cb67390bd3f51df114b3432e2c8aa84639,2023-04,Surrey Police,Surrey Police,-0.077203,51.291061,On or near Stafford Rise,E01030851,Tandridge 004E,Further investigation is not in the public interest
3373fca2685da7623839e8c4e439982e3b69b2fb447a186c5ad8c7644425dc85,2023-04,Surrey Police,Surrey Police,-0.237728,51.318254,On or near Albertine Close,E01030606,Reigate and Banstead 003A,Unable to prosecute suspect
19a607266920ff0d35ec774884a164481593629e4b78fcbc292f3d3825ea8876,2023-04,Surrey Police,Surrey Police,-0.209162,51.223684,On or near Stockton Road,E01030631,Reigate and Banstead 013D,Unable to prosecute suspect
4674a7fb8752fc9245175696fc4d434a94254085c4225acc70f5241bd14bf1bf,2023-04,Surrey Police,Surrey Police,-0.780822,51.237177,On or near Oakland Avenue,E01030904,Waverley 001D,Suspect charged
45a0706577c96ff50cef3d676dd8332e1cfaf4bfbd870d8a1019fb8af10fd607,2023-04,Surrey Police,Surrey Police,-0.519578,51.432491,On or near Supermarket,E01030666,Runnymede 003D,Investigation complete; no suspect identified
2a7771548dd6e5835dbf96c30a5ee89a95f709108a9a778aa01041f961150e04,2023-04,Surrey Police,Surrey Police,-0.206775,51.222092,On or near Sandcross Lane,E01030630,Reigate and Banstead 013C,Investigation complete; no suspect identified
dc1da5bb4be1a572a9113614341584e4b1fdf3f87fbc08e9cc7b83095d36b7b8,2023-04,Surrey Police,Surrey Police,-0.168625,51.181662,On or near Ferndown,E01030585,Reigate and Banstead 016B,Unable to prosecute suspect
21726e8e018d1ca08e42b127fb7a83bb99704164608f4cd2f81a3e590a2062d6,2023-04,Surrey Police,Surrey Police,-0.561387,51.319161,On or near ,E01030954,Woking 008A,Unable to prosecute suspect
6ecb3d48136ee2eaed190cf05083203c99abce3fb0c61ae9a8bafdbb1b8c1626,2023-04,Surrey Police,Surrey Police,-0.171653,51.171305,On or near Church Road,E01030588,Reigate and Banstead 016E,Unable to prosecute suspect
8f23a7035c1e32d2b161dc0dc211d6f974563e553a1182e44ce44cc4d83bee9c,2023-04,Surrey Police,Surrey Police,-0.509590,51.433489,On or near ,E01030736,Spelthorne 004C,Unable to prosecute suspect
287f417fe459ec41c781ac806696901956b14d10f4fe9502116bce0684d1b2ec,2023-04,Surrey Police,Surrey Police,-0.802169,51.215510,On or near ,E01030885,Waverley 003B,Investigation complete; no suspect identified
effe21039a8d894506d27ddeaff6e8cf5f160a8137b5c7c7d4ad631c3d23aa9f,2023-04,Surrey Police,Surrey Police,-0.811956,51.202400,On or near Bardsley Drive,E01030896,Waverley 006D,Investigation complete; no suspect identified
01d3a8a0e4255fdc86e035771d287e3174a2a11a024ab22ca885090250f940b6,2023-04,Surrey Police,Surrey Police,-0.326401,51.390739,On or near Thames Side,E01030350,Elmbridge 005A,Investigation complete; no suspect identified
062231804066e4bb5942a4f8c389506862865eb960523ef349d3d8d8976da4dc,2023-04,Surrey Police,Surrey Police,-0.495602,51.219552,On or near Weston Fields,E01030490,Guildford 018A,Unable to prosecute suspect
95b525b62d1accdc4c3b199831196b5ee78509d86613896eb4864fb057281741,2023-04,Surrey Police,Surrey Police,-0.188695,51.336732,On or near ,E01030563,Reigate and Banstead 002E,Unable to prosecute suspect
9156a8fe4c38badd434bee386d6571dd6263311b07b1d632bd6bf5271771beee,2023-04,Surrey Police,Surrey Police,-0.541364,51.235517,On or near Little Warren Close,E01030454,Guildford 016C,Investigation complete; no suspect identified
e435f43d32993584aa00cf4ae9825b9db61b6f6a5b7f65ada3903eb8fae57f81,2023-04,Surrey Police,Surrey Police,-0.257684,51.341511,On or near Supermarket,E01030410,Epsom and Ewell 007F,Investigation complete; no suspect identified
83f31df5c3e93635b70ba557667f1670b225541f6fde387c122ccdc182f0b2d2,2023-04,Surrey Police,Surrey Police,-0.816228,51.213333,On or near Byworth Road,E01030886,Waverley 003C,Investigation complete; no suspect identified
f4679a4b6970fe7578d00eec2e3883f73d334ab9f953ac0c6d28491b3b1fc065,2023-04,Surrey Police,Surrey Police,-0.561387,51.319161,On or near ,E01030954,Woking 008A,Further investigation is not in the public interest
3838f2ff373e14da61fbde5c54e682dfa0fe0a48e6dc9a11f678a383d2d7c2e2,2023-04,Surrey Police,Surrey Police,-0.174942,51.239055,On or near Baxter Avenue,E01030615,Reigate and Banstead 010A,Unable to prosecute suspect
411fd428220445d02ed59b3f78cb802bd713f4d5e7dbb7e422e8b4e81e5e2659,2023-04,Surrey Police,Surrey Police,-0.811956,51.202400,On or near Bardsley Drive,E01030896,Waverley 006D,Investigation complete; no suspect identified
f011168cf8f12d957b7453c660a3208546e3984ecf311b91fa9df5f7db3db399,2023-04,Surrey Police,Surrey Police,-0.545689,51.430201,On or near School Lane,E01030667,Runnymede 001A,Formal action is not in the public interest
892989c3d86113160868c6224e1fca828fdd6a1c6d08b3335c07027132ab8a98,2023-04,Surrey Police,Surrey Police,-0.541364,51.235517,On or near Little Warren Close,E01030454,Guildford 016C,Investigation complete; no suspect identified
e16b647757374c4b732272c9b36b66f137ea48f27c53ea5c164d5f9d2a6da259,2023-04,Surrey Police,Surrey Police,-0.167478,51.252400,On or near Ringwood Avenue,E01030618,Reigate and Banstead 010D,Unable to prosecute suspect
0b54bac0f895d7c21bade846f9ae0c7d8b071ec0b833349559d11767a549e3ef,2023-04,Surrey Police,Surrey Police,-0.573311,51.211784,On or near Broadford Road,E01030480,Guildford 017E,Investigation complete; no suspect identified
3f211287c31df88243cdfa2dd4a2023c99fb83a3b5ab9b37a10e2f40b517f967,2023-04,Surrey Police,Surrey Police,-0.269907,51.333383,On or near ,E01030411,Epsom and Ewell 008B,Investigation complete; no suspect identified
c5be1bc366c05fd3551c472a35fcb9b8b8594c0856b4399e757eb61a0600aded,2023-04,Surrey Police,Surrey Police,-0.330575,51.298104,On or near ,E01030549,Mole Valley 003B,Unable to prosecute suspect
9e9bf3ea998a374ee857b92ef8160f252766aa74d19af9918f7c9ac38b6b1262,2023-04,Surrey Police,Surrey Police,-0.153118,51.162255,On or near Meadowcroft Close,E01030577,Reigate and Banstead 018C,Unable to prosecute suspect
ff1c6c24faf2e7740141b4ec5503b4fc3c173fb5169f2e70cee2377eb3d1326a,2023-04,Surrey Police,Surrey Police,-0.160711,51.237384,On or near Redstone Park,E01030614,Reigate and Banstead 011E,Investigation complete; no suspect identified
f1d270e6222bd431d71482cb45a2a5828cfe49cdb48af45736e07f212f421f4f,2023-04,Surrey Police,Surrey Police,-0.023480,51.184021,On or near Cobham Close,E01030834,Tandridge 010D,Further investigation is not in the public interest
675e32d158270d4719b0fb3be680ce5c21c2b0b8612eb24965836e9347478a45,2023-04,Surrey Police,Surrey Police,-0.225369,51.159362,On or near Stan Hill,E01030531,Mole Valley 013D,Investigation complete; no suspect identified
ce51416930ab774ca8beb97cbd7758c7f4e158628b541ab9fe7d6316dff74856,2023-04,Surrey Police,Surrey Police,-0.447737,51.431967,On or near Chalmers Road East,E01030703,Spelthorne 005C,Unable to prosecute suspect
64d48774b6518163a7223bf1b70c3163f19d17a8a38b34d9899c807471b52bde,2023-04,Surrey Police,Surrey Police,-0.607463,51.241016,On or near ,E01030470,Guildford 012A,Action to be taken by another organisation
7f6e6606392bbb619d57f8bcfdbd0e815eb4ae5761d21f3d39c375c5ed749af0,2023-04,Surrey Police,Surrey Police,-0.490763,51.140228,On or near Knowle Lane,E01030875,Waverley 013F,Unable to prosecute suspect
adff4ded4e64fed6710366a197f12b06bd3b3caf599070271823e21dfd6b4e3e,2023-04,Surrey Police,Surrey Police,-0.261115,51.361993,On or near ,E01030394,Epsom and Ewell 002A,Investigation complete; no suspect identified
e9f2283e4831e6f8fc7d65b51039e178628d75f6897bc19716dad56436e252d5,2023-04,Surrey Police,Surrey Police,-0.010441,51.263461,On or near Lankester Square,E01030836,Tandridge 006C,Investigation complete; no suspect identified
3773fdc22ce3fe6ad98713b19392ef4bebf2e7f192bf0d2e9afb69f6bb8886ce,2023-04,Surrey Police,Surrey Police,-0.162425,51.172428,On or near High Street,E01030575,Reigate and Banstead 018A,Further investigation is not in the public interest
ed4688b5ac579f835e86e7e4ed182721936faf1432605c447b621fe187645f3b,2023-04,Surrey Police,Surrey Police,-0.607463,51.241016,On or near ,E01030470,Guildford 012A,Suspect charged
90bf24b9f10980e356dc4ba89b7323b3ed4137df1705eeb44441b88202a83bfa,2023-04,Surrey Police,Surrey Police,-0.577670,51.237270,On or near ,E01030452,Guildford 015A,Unable to prosecute suspect
b472309e811535a1c6490cd48491b44b7e273b29012dcbcc2b0e0284cf485a46,2023-04,Surrey Police,Surrey Police,-0.341654,51.289601,On or near Arbour Close,E01030540,Mole Valley 005B,Investigation complete; no suspect identified
b41d7a29bebb43ef906f40f25902f4f83bfb4e2d3d77914495527d1be2227a4d,2023-04,Surrey Police,Surrey Police,-0.177399,51.238149,On or near Fengates Road,E01030622,Reigate and Banstead 010F,Investigation complete; no suspect identified
35d52388b2591baea9e05b6f2fe1458fca53edf3c66407c9bb77a62d1335d195,2023-04,Surrey Police,Surrey Police,-0.731154,51.112239,On or near Tyndalls,E01032626,Waverley 018F,Unable to prosecute suspect
26fcb5ed1c950e2f8a01c3b574eb587b299389aa594fca620d2b4e17513b9833,2023-04,Surrey Police,Surrey Police,-0.407553,51.361719,On or near Vaux Crescent,E01030315,Elmbridge 014C,Local resolution
95f21dde8705e70c1332a876e25db1ce2870e48a45829181a293abcf4e6efc6e,2023-04,Surrey Police,Surrey Police,-0.147290,51.181344,On or near Whittaker Drive,E01030581,Reigate and Banstead 017B,Investigation complete; no suspect identified
eceb1634e884cca1371d90ab3e14c2d82b11c72b7bbd780634b967fc9194a1c8,2023-04,Surrey Police,Surrey Police,-0.324251,51.290172,On or near Worple Road,E01030553,Mole Valley 004C,Unable to prosecute suspect
95afc7e0e13fb2227c9f88f07cbaf678862aafe0274ccdd68152021bfac6437d,2023-04,Surrey Police,Surrey Police,-0.727537,51.302731,On or near ,E01030773,Surrey Heath 011D,Unable to prosecute suspect
b0dc6c07e83d20c81ec71956dcc42d48f98df613cbd260d0931b1842a1e2136a,2023-04,Surrey Police,Surrey Police,-0.269907,51.333383,On or near ,E01030411,Epsom and Ewell 008B,Investigation complete; no suspect identified
5026769737455224ed94f5eb4c118729644c781babb2cf2b2418d3099c240e6a,2023-04,Surrey Police,Surrey Police,-0.390171,51.317895,On or near Cobham and Stoke D'Abernon,E01030343,Elmbridge 018C,Unable to prosecute suspect
1fd500d6e8bead00d9e90d6a2d976015da3a8563a0efc87e13fb18c9cbd9d4bf,2023-04,Surrey Police,Surrey Police,-0.205426,51.316369,On or near Monks Road,E01030559,Reigate and Banstead 002A,Investigation complete; no suspect identified
f915f81501fd71850e612c39e1cc8f9bec6e9a84440096719f5174fc88f96dfe,2023-04,Surrey Police,Surrey Police,-0.163007,51.218949,On or near Hospital,E01030572,Reigate and Banstead 014C,Investigation complete; no suspect identified
42f114b9b8b3489aec9a264b874b1deac7bf1ef90c1cc36ead970bed4005a6ec,2023-04,Surrey Police,Surrey Police,-0.586415,51.249037,On or near Woodbridge Hill,E01030487,Guildford 006B,Investigation complete; no suspect identified
f04bc6a04527ecaefec60f2be9f8931565eedcae9dd8f302d66970d73d214f94,2023-04,Surrey Police,Surrey Police,-0.281812,51.228721,On or near Warrenne Road,E01030526,Mole Valley 008C,Unable to prosecute suspect
a65f35ad2ab69e3d49c5187519b35efb8585d3c1177556752f10d0ad18b99dc9,2023-04,Surrey Police,Surrey Police,-0.434849,51.379271,On or near Berkeley Court,E01030339,Elmbridge 011B,Investigation complete; no suspect identified
d22f10de5da715c66e533f29cf6d8ee49b1ed0ba8a93e5cd602036dc77e6d66b,2023-04,Surrey Police,Surrey Police,-0.607463,51.241016,On or near ,E01030470,Guildford 012A,Suspect charged
863ef54c0bf2b1d69e8a00d9bc75e8eabbeb9e62f27f848a214b5e096b9ac577,2023-04,Surrey Police,Surrey Police,-0.459058,51.372092,On or near Churchfield Road,E01030374,Elmbridge 012D,Formal action is not in the public interest
43cba2932d73943c2f7cc11157e392bc01917a4c6c8dfa8eb17ba0431e2c851b,2023-04,Surrey Police,Surrey Police,-0.269371,51.336171,On or near Gosfield Road,E01030409,Epsom and Ewell 007E,Investigation complete; no suspect identified
97d40cf5c0fca414a02abf6d35d016be715c1afbd7179e4805b0bb9e07d24553,2023-04,Surrey Police,Surrey Police,-0.573610,51.422371,On or near St. David's Drive,E01030675,Runnymede 002E,Investigation complete; no suspect identified
6780b6f927834ea3efe077c327eedd0cffbb5f31ac1b114c464a34757b4cb1ce,2023-04,Surrey Police,Surrey Police,-0.275174,51.335331,On or near ,E01030404,Epsom and Ewell 007D,Unable to prosecute suspect
51b19602def310ccd65adbfbf5fcbaeecddfc4e4c680f5fcf40dbb8fe54885e0,2023-04,Surrey Police,Surrey Police,-0.430749,51.374360,On or near Pennington Drive,E01030338,Elmbridge 011A,Investigation complete; no suspect identified
e6ca83741cd586dd865ad783e231ba314ef933840a590593df13f54d04aab7dd,2023-04,Surrey Police,Surrey Police,-0.162297,51.217733,On or near Canada Drive,E01030572,Reigate and Banstead 014C,Unable to prosecute suspect
aebd160c7958e479df832084a9236f4b4455aaeeda91984b6d1064975d415d9d,2023-04,Surrey Police,Surrey Police,-0.498508,51.433626,On or near Raleigh Court,E01030737,Spelthorne 004D,Unable to prosecute suspect
be5bc83d80b850d19f4120b14554b31f0d9168bd4af932012c9ad628c7eb4f89,2023-04,Surrey Police,Surrey Police,-0.698842,51.311272,On or near Strawberry Court,E01030784,Surrey Heath 012C,Action to be taken by another organisation
86206fff0c413b0dd95bf27ecfb250a784cdd389f2c6f11cee9221d81514fa88,2023-04,Surrey Police,Surrey Police,-0.607743,51.359745,On or near Heather Way,E01030763,Surrey Heath 001A,Investigation complete; no suspect identified
39c9dfb99031b6f071fe87d78d5beaa6371cefb832ba8278192578b9a3181d7a,2023-04,Surrey Police,Surrey Police,-0.731915,51.315376,On or near Sturdee Close,E01030767,Surrey Heath 010B,Investigation complete; no suspect identified
0bd740f6970f4f8c0b018ac8c5173d9e0db9e379c2e1e6f581c83adbaa0d536b,2023-04,Surrey Police,Surrey Police,0.008914,51.239559,On or near Holland Crescent,E01030840,Tandridge 007A,Unable to prosecute suspect
cb7a9378813eafb071fd78aa83aa01a50dad5bb2f5ea3b956b844dc9b482232c,2023-04,Surrey Police,Surrey Police,-0.640613,51.172461,On or near Meadow Close,E01030938,Waverley 011D,Investigation complete; no suspect identified
4a84bba03fc4397fc309b7b2e2e3120d117587cf00f9b38e2a2a28468a861309,2023-04,Surrey Police,Surrey Police,-0.207975,51.237668,On or near High Street,E01030620,Reigate and Banstead 012D,Unable to prosecute suspect
44b2a9c65c7ff5e6e4907f22c2f00f097f178b469973cd2279b8105ebe30904d,2023-04,Surrey Police,Surrey Police,-0.626144,51.305406,On or near Bagshot Road,E01030944,Woking 012A,Unable to prosecute suspect
dbddb283c671b3cfc808fd8d9e9990b845cdb520581bf3f8f16dd23295f34468,2023-04,Surrey Police,Surrey Police,-0.379423,51.400918,On or near Upper Farm Road,E01030336,Elmbridge 003C,Unable to prosecute suspect
afe3d272670a233194a3bb4bb4057a78636c2216536a9ba255f889ab3081c32b,2023-04,Surrey Police,Surrey Police,-0.542102,51.322708,On or near Little Riding,E01030989,Woking 006B,Further investigation is not in the public interest
43898ca2dd65eb037c5a1833de20aef8445f47163d6f371da8111453b7f2531e,2023-04,Surrey Police,Surrey Police,-0.731628,51.201645,On or near ,E01030471,Guildford 017A,Investigation complete; no suspect identified
743c1c52094425cfc3b62a03ba4ffbe2b79f09bb704153ab980155df90b9c73d,2023-04,Surrey Police,Surrey Police,-0.416581,51.332759,On or near Northfield Farm Mews,E01030304,Elmbridge 017D,Unable to prosecute suspect
64b6d7ea2599b9240badb1117f6088b1b2b749d5f7962dec5579028ce4edff77,2023-04,Surrey Police,Surrey Police,,,No location,,,Investigation complete; no suspect identified
9c87e05ef4c3ab65befa49d7572742931abd0c8c8f644fb980b1bbe253ca7410,2023-04,Surrey Police,Surrey Police,0.037031,51.271844,On or near Petrol Station,E01032571,Tandridge 012D,Investigation complete; no suspect identified
da18b5e92486c02a6eac47696880514863a5da64fe186e797c7f69c0fbd9b001,2023-04,Surrey Police,Surrey Police,-0.393043,51.136498,On or near Trap Lane,E01030557,Mole Valley 012C,Investigation complete; no suspect identified
3d352f2b3832b08e960724c25a49ade1786351c567848684bac03c1530a16767,2023-04,Surrey Police,Surrey Police,-0.019698,51.173444,On or near Drivers Mead,E01030833,Tandridge 010C,Investigation complete; no suspect identified
f6157444bb7191f5c3b2d8f8c7ca9dacc76f9f7872bb2a1f6f89f3492e2bbd62,2023-04,Surrey Police,Surrey Police,-0.625589,51.311991,On or near ,E01030979,Woking 007E,Investigation complete; no suspect identified
646ab72d726d0cfbb4555327bf3c357cbf7ce4f2970b47a74eac5dde9a249b58,2023-04,Surrey Police,Surrey Police,-0.514475,51.355570,On or near Brox Lane,E01030661,Runnymede 009D,Investigation complete; no suspect identified
62ef0a743088eb09e78fe111a98841afcbc238d27cb7cb245ba6aa5d5dd595d7,2023-04,Surrey Police,Surrey Police,-0.297273,51.306104,On or near Berry Walk,E01030508,Mole Valley 001B,Investigation complete; no suspect identified
f7c9c95f39bc747038e67059518acea84495abbc1ef78fdd86759a9a4a63a5d4,2023-04,Surrey Police,Surrey Police,-0.577949,51.235509,On or near Friary Bridge,E01030449,Guildford 016B,Investigation complete; no suspect identified
7bdb6d853fa6adca164b33a023e6cf0f190b325bdb28e1755b0fb29680d7a4b8,2023-04,Surrey Police,Surrey Police,-0.267345,51.333560,On or near ,E01030411,Epsom and Ewell 008B,Investigation complete; no suspect identified
93cdcf5d06537904c5f73e9416a34c067c93effe7838d188c2fda3d40a4f362b,2023-04,Surrey Police,Surrey Police,-0.744652,51.338164,On or near ,E01030800,Surrey Heath 005E,Unable to prosecute suspect
1f0ce1b7450c612b320111b4d64d33b973637de91663f30edf905e72b08a3932,2023-04,Surrey Police,Surrey Police,-0.626869,51.318139,On or near Limecroft Road,E01030978,Woking 012C,Unable to prosecute suspect
9c2e3e326e7b6ed2c7a256a0beb550475941505106a28aeea8dd79a94ea9ba85,2023-04,Surrey Police,Surrey Police,-0.655352,51.362846,On or near Thorndown Lane,E01030809,Surrey Heath 001D,Investigation complete; no suspect identified
18be9bf38153411eb5587d3c6b5860205ab292986c111e5df931007231f1b26d,2023-04,Surrey Police,Surrey Police,-0.578416,51.238482,On or near Bedford Road,E01030452,Guildford 015A,Investigation complete; no suspect identified
4ecc40202cb1f5d0b6958747214cc92fb2b01fa0d256a847957971f3af086268,2023-04,Surrey Police,Surrey Police,-0.578173,51.235206,On or near Park Street,E01030449,Guildford 016B,Investigation complete; no suspect identified
c387f8e7c56c35d66401a8bd7450b14f327cc4a889168013556d6d4103a5ecd3,2023-04,Surrey Police,Surrey Police,-0.573501,51.321854,On or near Waldens Park Road,E01030969,Woking 008B,Unable to prosecute suspect
00f2f6f80e97e91a6c041687a8a2e6b0141480ce0bc16ce9aa442dfbd72967b1,2023-04,Surrey Police,Surrey Police,-0.711040,51.095769,On or near Parsons Close,E01030933,Waverley 016D,Unable to prosecute suspect
3964080892e04baf1756b1c0c201af5c76064e261f29fcc6f26c32d4c570ddb4,2023-04,Surrey Police,Surrey Police,-0.230692,51.307527,On or near Coxdean,E01030640,Reigate and Banstead 005C,Investigation complete; no suspect identified
9d30f744b6a242fa4bf9cf31b20b334a1b9a82c47b0fa89688e8286c97bb2fe3,2023-04,Surrey Police,Surrey Police,-0.470761,51.453329,On or near Cordelia Gardens,E01030746,Spelthorne 002D,Local resolution
9a7694915b4fac9194dfd6b0bf8e20ad38d1a9bd441550f790f659d515f6e3c3,2023-04,Surrey Police,Surrey Police,-0.470068,51.356437,On or near ,E01030683,Runnymede 010C,Unable to prosecute suspect
e4d842393fc38bc408ed58faf849b4aaadb4a21d90e57bb93ed1391d45406146,2023-04,Surrey Police,Surrey Police,-0.565854,51.307049,On or near Slapleys,E01030992,Woking 010B,Unable to prosecute suspect
eaea703ec1899a188845613772237fe6b018b68257eb9d776a95c7c967f64fbd,2023-04,Surrey Police,Surrey Police,-0.561704,51.240121,On or near Clandon Road,E01030453,Guildford 013D,Unable to prosecute suspect
83034a09196fa6cf7c6ee108219799ddc75a10cef89ab9d9969065b5f3e5feb5,2023-04,Surrey Police,Surrey Police,-0.588651,51.251843,On or near Percy Road,E01030487,Guildford 006B,Unable to prosecute suspect
f7660d48957e0b10370401eee0243d2e6f9972bc79f66d2b563fb0596a30c02a,2023-04,Surrey Police,Surrey Police,-0.403053,51.382466,On or near Worcester Court,E01030354,Elmbridge 008A,Unable to prosecute suspect
659def319a2a6545d7052e2546aacc150d08dcbd164fee2f02af51139201d9cf,2023-04,Surrey Police,Surrey Police,-0.585692,51.233363,On or near Wodeland Avenue,E01030448,Guildford 016A,Investigation complete; no suspect identified
91c4ec0a0d13c5ddf22f0e07a96f71b78ec2ff2e7bbf64351eb80b98dc186bcc,2023-04,Surrey Police,Surrey Police,-0.615590,51.315291,On or near Alexandra Gardens,E01030979,Woking 007E,Unable to prosecute suspect
af68a55f1e7ceb0d6ec87be20e7e556dcaa0df60b0e3c52da1a474af3b630727,2023-04,Surrey Police,Surrey Police,-0.417911,51.382928,On or near Woodside,E01030359,Elmbridge 007C,Investigation complete; no suspect identified
ca2c60b020c1be94a85624b9c90dd2e7739fe9ba76558339cc7d499cbfab3281,2023-04,Surrey Police,Surrey Police,-0.572784,51.148677,On or near Hoe Lane,E01030864,Waverley 012A,Further investigation is not in the public interest
a6a7c35361673865f7802d22e17ce4adf8d84822033880bf58498fdac55afa5a,2023-04,Surrey Police,Surrey Police,-0.574097,51.326681,On or near Hammond Close,E01030966,Woking 003D,Investigation complete; no suspect identified
f7c616049a7014f30db540f822054cdbf0b3883f1bb9ffcbb97279bd9820ffb6,2023-04,Surrey Police,Surrey Police,-0.238442,51.310108,On or near Downland Close,E01030641,Reigate and Banstead 003B,Unable to prosecute suspect
da7feef0b306abe3613cb76fa882fd3eb13363eb40b3b9f13783a40a1326c7f2,2023-04,Surrey Police,Surrey Police,-0.220040,51.326619,On or near Burns Drive,E01030603,Reigate and Banstead 001A,Investigation complete; no suspect identified
4f7a4e463b8591825688101954827504969d3e6398d2ffe96f0682203c009069,2023-04,Surrey Police,Surrey Police,-0.168147,51.200936,On or near White Lodge Gardens,E01030628,Reigate and Banstead 015A,Unable to prosecute suspect
993cdf6fc70ba93e43fe7b72c7ad6057bc04480ccd426e596409540b596ad764,2023-04,Surrey Police,Surrey Police,-0.586525,51.378096,On or near Holly Close,E01030679,Runnymede 008C,Action to be taken by another organisation
0b96e7a311252409c0736411cc52c7ca83690749352fd4dfdb79f777c9c3276b,2023-04,Surrey Police,Surrey Police,-0.566792,51.300891,On or near Hoebrook Close,E01030971,Woking 011A,Further action is not in the public interest
2c962147f71cd1dbf384a88c25fd719504f969840f7bdfaf6d4b7769e9e414df,2023-04,Surrey Police,Surrey Police,-0.324619,51.237507,On or near ,E01030533,Mole Valley 009B,Investigation complete; no suspect identified
4d44b2619f8cb656f2c3b30374a4c08463a7d497dd771ac5252a4d9199ccf753,2023-04,Surrey Police,Surrey Police,-0.166670,51.240769,On or near ,E01030612,Reigate and Banstead 011C,Investigation complete; no suspect identified
696865f8587a113b0b4b0284e77413741b542dc585e841967791b618aeb47672,2023-04,Surrey Police,Surrey Police,-0.267851,51.234343,On or near Church Street,E01030527,Mole Valley 008D,Further investigation is not in the public interest
d4e323c5248308f070f8bae10f2261da89d395530d685b66a53f5f9e1dbf79b5,2023-04,Surrey Police,Surrey Police,-0.423996,51.390690,On or near Felix Lane,E01030357,Elmbridge 007A,Investigation complete; no suspect identified
c51d6d23c758cb378b69da8d8dbe87c1f77791f9fc2a1395fee4f99a7c920f89,2023-04,Surrey Police,Surrey Police,-0.573414,51.252449,On or near ,E01030484,Guildford 007D,Unable to prosecute suspect
bf4f1898d20a880f0db8ce16aef4e329df36b1134a7636551b2b34f22deba2df,2023-04,Surrey Police,Surrey Police,-0.548097,51.196807,On or near The Street,E01030863,Waverley 008A,Unable to prosecute suspect
ff806a73353771abeeb983cffe003540878693262009a4d288c0854cca7d1725,2023-04,Surrey Police,Surrey Police,-0.556120,51.319159,On or near The Broadway,E01030954,Woking 008A,Unable to prosecute suspect
426e73094e730a877d07cfb4c3049ba93640512a0fc2670d19ebc5ab8fb2aea8,2023-04,Surrey Police,Surrey Police,-0.534843,51.232009,On or near White Lane,E01030454,Guildford 016C,Investigation complete; no suspect identified
f9572fbae703d8b6caaa8b9c1d202ff3c7320a75e1398cf3370fb757459625ba,2023-04,Surrey Police,Surrey Police,-0.405173,51.383493,On or near Preston Court,E01030354,Elmbridge 008A,Further investigation is not in the public interest
d32e49f15b52ab889fca4bd67ff6b6a834b327335e2a4e08a1990300a4aba89c,2023-04,Surrey Police,Surrey Police,-0.250365,51.354234,On or near Mill View Close,E01030390,Epsom and Ewell 010B,Investigation complete; no suspect identified
8457ee51918e9e4206738af9ab607ad5dae3f9870900a58427d10bc989b9a7a1,2023-04,Surrey Police,Surrey Police,-0.423996,51.390690,On or near Felix Lane,E01030357,Elmbridge 007A,Investigation complete; no suspect identified
06f404765510bc179a69583f63512d0830b288832d445015681950db66a5c3c9,2023-04,Surrey Police,Surrey Police,-0.551743,51.255780,On or near Colburn Crescent,E01030436,Guildford 011A,Unable to prosecute suspect
0cda86350f1e37977cf4e35d45a9fe28de4ee7a57a5415a616fc812196c374bb,2023-04,Surrey Police,Surrey Police,-0.201937,51.321936,On or near ,E01030560,Reigate and Banstead 002B,Investigation complete; no suspect identified
edeac44433d9a220dbe4680a990adaa166d29723e899a9da780d0eec7a8d3934,2023-04,Surrey Police,Surrey Police,-0.305392,51.304594,On or near Old Court,E01030510,Mole Valley 004A,Unable to prosecute suspect
e4cb7ca47a757b11bc2f219c51add0af3512a3c7a696961580d1d5ad0dc0a2f6,2023-04,Surrey Police,Surrey Police,-0.495333,51.142562,On or near St James's Place,E01030875,Waverley 013F,Unable to prosecute suspect
9484c274f900612dfca4b38fa9ad7e46d5acc0c3915fc9ba7b17a73cc33cbae2,2023-04,Surrey Police,Surrey Police,-0.164176,51.184515,On or near ,E01030576,Reigate and Banstead 018B,Unable to prosecute suspect
de182e217d787fc64820c8a2804e353048ae74952d3ea3787ea80fb8198f8c1a,2023-04,Surrey Police,Surrey Police,-0.095005,51.296199,On or near Reid Avenue,E01030844,Tandridge 003A,Investigation complete; no suspect identified
c161e135fceed43ea5c4bacd8e0baee5330f912d5b42e6432b017aca61858e8c,2023-04,Surrey Police,Surrey Police,-0.013129,51.183153,On or near Knights Mead,E01030834,Tandridge 010D,Unable to prosecute suspect
1a999d9034eae7aa511af56fbaca9e4e17fd77ea8a164c12c60abfe72493702e,2023-04,Surrey Police,Surrey Police,-0.549184,51.323389,On or near North Road,E01030980,Woking 004A,Unable to prosecute suspect
13a16ce9aa715cf22df2a751ea7578cc93d9db6330785d6e8d71330e239a58c9,2023-04,Surrey Police,Surrey Police,-0.503473,51.389969,On or near Parking Area,E01030653,Runnymede 006B,Investigation complete; no suspect identified
3c973cef8a448a8b32ae8471f5e5bca8281400ade91dab22b39c5c85e7a02964,2023-04,Surrey Police,Surrey Police,-0.287126,51.345893,On or near Parking Area,E01030401,Epsom and Ewell 005C,Investigation complete; no suspect identified
beea3f7bdd8ad60fb4cd7e706e921d73bbe5b69e3893e3a0602c2f43a6db1612,2023-04,Surrey Police,Surrey Police,-0.321102,51.299452,On or near Linden Gardens,E01030552,Mole Valley 004B,Investigation complete; no suspect identified
44d27658e28d560d80c349cdd0d3a4ce7cf72c62c3a670a72990ca9f32c53d67,2023-04,Surrey Police,Surrey Police,-0.505257,51.434468,On or near Matthews Lane,E01030736,Spelthorne 004C,Suspect charged
179874d29862977e3452f62cef4a0c0698c38ebb0e9ab9e10db9773d37f2b7cd,2023-04,Surrey Police,Surrey Police,-0.303292,51.304339,On or near ,E01030509,Mole Valley 001C,Investigation complete; no suspect identified
5a4ae60bb417dcde238e2150a0c919a287f4473d9c053a1408259dd8f7c11192,2023-04,Surrey Police,Surrey Police,-0.213461,51.283894,On or near Eyhurst Close,E01030591,Reigate and Banstead 007C,Investigation complete; no suspect identified
35a23e30ab9caf0724b69786ab128de73ebe3fc969597ae2bb5162200867657b,2023-04,Surrey Police,Surrey Police,-0.267727,51.334070,On or near Supermarket,E01034289,Epsom and Ewell 008E,Investigation complete; no suspect identified
62b862b074bc52b6800ffc00be2e9b4da58ee1843e9a8e749822ab330d4f81f8,2023-04,Surrey Police,Surrey Police,-0.161359,51.174030,On or near Yattendon Road,E01030576,Reigate and Banstead 018B,Investigation complete; no suspect identified
0eb211e2b1c65b4e387f5c565ed0bc40db77d395eaf9699c1703148449ff9044,2023-04,Surrey Police,Surrey Police,-0.504021,51.386379,On or near Salesian Gardens,E01030652,Runnymede 006A,Unable to prosecute suspect
049cff7bb3a0b1138df8a49849038ed222321722767d89e5e3ff598394e5dbf7,2023-04,Surrey Police,Surrey Police,-0.265646,51.329507,On or near Malvern Court,E01030419,Epsom and Ewell 008D,Investigation complete; no suspect identified
cc9a0b50fb9939dd7b3c708a5e4a800d1a2ed26eae6a5d0dd0f65e96b088df56,2023-04,Surrey Police,Surrey Police,-0.512594,51.106345,On or near Hatch Close,E01030862,Waverley 015A,Further investigation is not in the public interest
f6bf984c5cef2de8d0f72bbbfbd4311e2eb25d7bf8e4212d3b7a3d7c1483993d,2023-04,Surrey Police,Surrey Police,,,No location,,,Further investigation is not in the public interest
3a7652ff0e81133e5d76d996b16bf835d5c70fb21d77bea4bc7922de3202cd0a,2023-04,Surrey Police,Surrey Police,-0.556619,51.306917,On or near Kingfield Drive,E01030972,Woking 011B,Unable to prosecute suspect
bd59e98b8a05e0b3de3a4ab06735dec6aefb86b09cc03df41732fa2d9189c2a9,2023-04,Surrey Police,Surrey Police,-0.505257,51.434468,On or near Matthews Lane,E01030736,Spelthorne 004C,Unable to prosecute suspect
2f2aed7589937a84a87db25607dccd9651e56e6d78f5a7b964fd438754a0775e,2023-04,Surrey Police,Surrey Police,-0.325616,51.385072,On or near Fernside,E01030353,Elmbridge 005D,Unable to prosecute suspect
ae29479a9a12ac8542f7d29ec6dd2bb2f2e9ee691bf7886dc972dc242c8505da,2023-04,Surrey Police,Surrey Police,-0.209784,51.226490,On or near Priory Road,E01030631,Reigate and Banstead 013D,Further investigation is not in the public interest
45782d5c4cd3675c3c02df7eec2caa2a5c6ccbe69a0c8506ad132b909e96b4d7,2023-04,Surrey Police,Surrey Police,-0.298864,51.308870,On or near ,E01030509,Mole Valley 001C,Investigation complete; no suspect identified
4dd375646340b3505b8ad4dbbe254bdbae30f5d324d793d1e742e67e69a6285c,2023-04,Surrey Police,Surrey Police,-0.652689,51.155640,On or near Sunny Hill,E01030943,Waverley 012E,Further investigation is not in the public interest
4a81c60b6d9001c8ec6b34928ee76bc3fd6e29e56630dff842e4defd9b41dc28,2023-04,Surrey Police,Surrey Police,-0.742110,51.090164,On or near Critchmere Hill,E01030926,Waverley 017A,Formal action is not in the public interest
d2df624d4f2ec0f79eec0299ae6db43ae8b91c20bd34e8bcade720f89ac9e5df,2023-04,Surrey Police,Surrey Police,-0.077375,51.304103,On or near ,E01030859,Tandridge 002C,Unable to prosecute suspect
2ec8cf37a7972663de07a59270b484492d4445b44e2cff35209885d0a80e9641,2023-04,Surrey Police,Surrey Police,-0.418968,51.384768,On or near Accommodation Road,E01034286,Elmbridge 007F,Investigation complete; no suspect identified
48e31998132de059a6cd86981894b113611c0d475496c5c21bec7f1df6204346,2023-04,Surrey Police,Surrey Police,-0.153420,51.265624,On or near Quality Street,E01030598,Reigate and Banstead 009A,Investigation complete; no suspect identified
9075c60cb6db5b04fda79f9ccb843af3ae7c9f89eb6e26df7d515d0d9bc27980,2023-04,Surrey Police,Surrey Police,-0.455954,51.399469,On or near Tanglyn Avenue,E01030724,Spelthorne 012D,Unable to prosecute suspect
e60f5e4bff0ff5033915fd548d721c3049d092eb3f409589dc64e65be53c395b,2023-04,Surrey Police,Surrey Police,-0.401895,51.384366,On or near Swansmere Close,E01030354,Elmbridge 008A,Unable to prosecute suspect
06d4153cf7fa54b9e2a88f0d3a5d35392eb7f2b4bee97b41b24293b5fe598320,2023-04,Surrey Police,Surrey Police,-0.191336,51.220307,On or near Staplehurst Road,E01030634,Reigate and Banstead 015E,Investigation complete; no suspect identified
4d75820e01eb828677576efec7d3e0263a46cac79ad29f9e187e43fe1db29721,2023-04,Surrey Police,Surrey Police,-0.063686,51.254731,On or near Selbourne Square,E01030824,Tandridge 009A,Unable to prosecute suspect
9e2b556b0a86e9925bbea9ab7d9bb14b751222385866a81c13428af48e746391,2023-04,Surrey Police,Surrey Police,-0.723747,51.337723,On or near Copse End,E01030798,Surrey Heath 005C,Investigation complete; no suspect identified
fda31e0edf0f29f676b7d436dd35825ea7bd957a57cdd2455dc0c367b865bbd7,2023-04,Surrey Police,Surrey Police,-0.444723,51.368198,On or near South Road,E01030338,Elmbridge 011A,Investigation complete; no suspect identified
ea42dabc1d39777ca941ec6fac1a7a3e49d904f4d96bb98e4ecb2c8396f40e1c,2023-04,Surrey Police,Surrey Police,-0.576662,51.236833,On or near ,E01030452,Guildford 015A,Unable to prosecute suspect
44cd8e0f7d80f3acb74e21f6d80e06bb162581affc1e58d94fb44064731a0b18,2023-04,Surrey Police,Surrey Police,-0.480957,51.421036,On or near Lucan Drive,E01030729,Spelthorne 007A,Unable to prosecute suspect
183afd6652985395d16a6d0ebbf650ae348215f7e2d7721082794266088fd280,2023-04,Surrey Police,Surrey Police,-0.078587,51.280238,On or near Eothen Close,E01030829,Tandridge 004B,Unable to prosecute suspect
d82c9ea1e4d509bc23763778a69e0f396da0651471a9e3965e17d2598151db7a,2023-04,Surrey Police,Surrey Police,-0.415725,51.420019,On or near Parking Area,E01030755,Spelthorne 010C,Unable to prosecute suspect
54bba283ab2cca8496480bd3726ae8d92a651e000a2b00e281d3ff30689c3ce5,2023-04,Surrey Police,Surrey Police,-0.267457,51.345819,On or near Teddington Close,E01030385,Epsom and Ewell 007A,Investigation complete; no suspect identified
0d6eaaa9cebda9c8edb067a4eec1e52fe9cb8cc332fcebada49df8eeffe9d14c,2023-04,Surrey Police,Surrey Police,-0.589288,51.236176,On or near Iveagh Road,E01030469,Guildford 015D,Investigation complete; no suspect identified
2be80ad51831247c5d3d0f9cd62f981b3a11ebd14cfbeea8704651c359fcad08,2023-04,Surrey Police,Surrey Police,-0.564684,51.428169,On or near Chestnut Drive,E01030672,Runnymede 002B,Unable to prosecute suspect
df6cfd00317a9811f347878def6a2c458b7308c506a45dffcf6f61064d0c2ecb,2023-04,Surrey Police,Surrey Police,-0.257684,51.341511,On or near ,E01030410,Epsom and Ewell 007F,Investigation complete; no suspect identified
cd3c4cc764ef19e86b4b98d95c60b54d092d4b987807a2856b8a525ae0cb3d48,2023-04,Surrey Police,Surrey Police,-0.571478,51.235843,On or near Supermarket,E01030455,Guildford 013E,Suspect charged
421f7b21fc54e6cd7e633e40b106a17a10289f9f44ef4b4d5d1776b47f5efda4,2023-04,Surrey Police,Surrey Police,-0.160019,51.254028,On or near Fairhaven Road,E01030610,Reigate and Banstead 011A,Investigation complete; no suspect identified
570341b97e5a3ba26c90fa751b6071fcc95639b78f11edec36e825a1c8f9d845,2023-04,Surrey Police,Surrey Police,-0.455954,51.399469,On or near Tanglyn Avenue,E01030724,Spelthorne 012D,Unable to prosecute suspect
3ac676dd725828f19ec657323482fa0ed46fd553e8617c5f15a9255a6e32a5b1,2023-04,Surrey Police,Surrey Police,-0.570425,51.240723,On or near Eagle Road,E01030457,Guildford 013F,Local resolution
cb1a917523ff2d0f8d2dbc747bceb2fbc3ee4ca7a863104fd97e15e4a0a4b88c,2023-04,Surrey Police,Surrey Police,-0.589626,51.253680,On or near New Cross Road,E01030485,Guildford 006A,Unable to prosecute suspect
24af439273b89fc2b6242d585354dd89af77f2d66d06d772d7f682454075d9d0,2023-04,Surrey Police,Surrey Police,-0.748228,51.186674,On or near Riversmeet,E01030908,Waverley 018A,Investigation complete; no suspect identified
8a592fb9fde9804be07d3ff2ce2b22ef6b5298e47a6da1b42751ef6e5f7b31f4,2023-04,Surrey Police,Surrey Police,-0.262636,51.336225,On or near ,E01030412,Epsom and Ewell 008C,Unable to prosecute suspect
4da9f3f550ba76b606b3ba7ae1109405d204c3e86ddab7156846a8a023262d89,2023-04,Surrey Police,Surrey Police,-0.750022,51.335497,On or near Foxdown Close,E01030795,Surrey Heath 008C,Investigation complete; no suspect identified
224ae86d19d6fb7430bfd2bacd19d7259d5d4a9bb61f3a9e01cb7d2ae4028f8f,2023-04,Surrey Police,Surrey Police,-0.170627,51.318538,On or near Chipstead Way,E01030566,Reigate and Banstead 004B,Unable to prosecute suspect
76bfd38b20759a0e1e8b1727efb223b9574befe15f8cfb614fd6b2d58058a1fc,2023-04,Surrey Police,Surrey Police,-0.556868,51.302181,On or near Westfield Close,E01030973,Woking 011C,Investigation complete; no suspect identified
41d9821ec3971f86497c58ecba1895bd7334a6f6220b65880afc6b5df00f4b04,2023-04,Surrey Police,Surrey Police,-0.207321,51.229043,On or near The Bield,E01030630,Reigate and Banstead 013C,Investigation complete; no suspect identified
80e637851c220905f287ed37b35c9c0df5624fedfc565556d6dcaebd92027d04,2023-04,Surrey Police,Surrey Police,-0.636573,51.304953,On or near Sheet's Heath Lane,E01030945,Woking 012B,Further investigation is not in the public interest
b5742f825f9ac48d9ca9362a62a12d8ee13bdc9555c97b21d5c0c7d09e817437,2023-04,Surrey Police,Surrey Police,-0.730213,51.239229,On or near Yeomans Close,E01030422,Guildford 014B,Investigation complete; no suspect identified
5b01f9d92951dee2f421b8dc9cdf4abf72d539f09aa466d53e2a7b3785ccf158,2023-04,Surrey Police,Surrey Police,-0.321022,51.300080,On or near St John's Close,E01030550,Mole Valley 003C,Further investigation is not in the public interest
15360c4175a0e9c00f6866e9cd419c926c4447f6e9476c5588e0cbb90787624d,2023-04,Surrey Police,Surrey Police,-0.424872,51.417085,On or near ,E01030752,Spelthorne 008E,Unable to prosecute suspect
162f297113e4cb590f3609221bc0c1a5d8aceb2a878c15a6cfbc1012cb5a9f88,2023-04,Surrey Police,Surrey Police,-0.177637,51.239744,On or near Linkfield Corner,E01030616,Reigate and Banstead 010B,Unable to prosecute suspect
70ccd01669ef7e05d0ff28c097ef4eafdff902bf2252438c5a4c96301f1c0558,2023-04,Surrey Police,Surrey Police,-0.477737,51.458204,On or near Lintott Court,E01030743,Spelthorne 001A,Investigation complete; no suspect identified
9efab713d2b571521cfc926b4ecacc2f4fcbf997e66627a5ab0b3ec63d018188,2023-04,Surrey Police,Surrey Police,-0.607463,51.241016,On or near ,E01030470,Guildford 012A,Unable to prosecute suspect
0481cb1adbc5bf81ca588dee51ebf568bc8f2d7125aeba700c960e155d7cd593,2023-04,Surrey Police,Surrey Police,-0.489579,51.342248,On or near Dashwood Close,E01031003,Woking 002D,Unable to prosecute suspect
e118962bc43c6c692cc383737f662968c6e840e13b9f131c17cc73ccec029ef4,2023-04,Surrey Police,Surrey Police,-0.259503,51.334406,On or near Parking Area,E01030412,Epsom and Ewell 008C,Investigation complete; no suspect identified
69b82277b9e63953f19bee256d57f7ec3846e3f202608d94edd30437dea643bf,2023-04,Surrey Police,Surrey Police,-0.607463,51.241016,On or near ,E01030470,Guildford 012A,Suspect charged
f290191b00695cdb52a52850f6684a8cca2d0ae4e411d6ad7330861ac2efa997,2023-04,Surrey Police,Surrey Police,-0.572673,51.238907,On or near Sandfield Terrace,E01030451,Guildford 013C,Unable to prosecute suspect
0e0c62f7ed77704b39e9ff2bcce9561fba492bb5f8d06bb9db0220f7b4b2c903,2023-04,Surrey Police,Surrey Police,-0.411401,51.419034,On or near Hamilton Place,E01030755,Spelthorne 010C,Investigation complete; no suspect identified
c9652cdc48c4f6ad21c69062bd486bd7ef2e3241d41093dbbc2c0b7dfbfcfe60,2023-04,Surrey Police,Surrey Police,-0.536086,51.325052,On or near Princess Road,E01030981,Woking 004B,Investigation complete; no suspect identified
b08db8333112d6d597540c2644586a05ef2e32be5497a15717cd5d2ff58e4dfc,2023-04,Surrey Police,Surrey Police,-0.200232,51.316712,On or near Kenilworth Close,E01030559,Reigate and Banstead 002A,Unable to prosecute suspect
05af3376b058687ca7761920951ffa5bdcc5ac8cd31249a0971197ea9eb3ff2f,2023-04,Surrey Police,Surrey Police,-0.421570,51.429441,On or near Kinross Close,E01030748,Spelthorne 008A,Investigation complete; no suspect identified
362167f955660988b938bb21320f67847bd838812049137395e88cc398450cdc,2023-04,Surrey Police,Surrey Police,-0.761411,51.122392,On or near Steepways,E01030935,Waverley 018E,Investigation complete; no suspect identified
6d0bd78fb8d803bfe71a2b934e3afca10b2f47ea2938711da0812b385266be32,2023-04,Surrey Police,Surrey Police,-0.246425,51.362637,On or near ,E01030406,Epsom and Ewell 003C,Unable to prosecute suspect
f2e581934825a58cadb6800dc323c19093e66cf1d33b32f672c3189275d04ddb,2023-04,Surrey Police,Surrey Police,-0.584088,51.236186,On or near Genyn Road,E01030452,Guildford 015A,Unable to prosecute suspect
09904793d15452b5e9b587569c8a329c2dc97ac1c78b8f439d51c40092e05fdd,2023-04,Surrey Police,Surrey Police,-0.332942,51.317538,On or near ,E01030548,Mole Valley 003A,Unable to prosecute suspect
4d225aade81804e6464def8c5175c2ae7fa7153adb9a484f6436b219f0e48794,2023-04,Surrey Police,Surrey Police,-0.373302,51.278337,On or near High Street,E01030521,Mole Valley 007B,Unable to prosecute suspect
3a4f7ba03b345af50fdd10500280c4890bc7848bd8cb72506f55ec10d86167e8,2023-04,Surrey Police,Surrey Police,-0.794417,51.216860,On or near ,E01030895,Waverley 003E,Unable to prosecute suspect
409940eccb5d5ea25bd35bb0937bd1cc5036c2944d6d8aaf245b4e6f2f9fcc2b,2023-04,Surrey Police,Surrey Police,-0.794417,51.216860,On or near ,E01030895,Waverley 003E,Unable to prosecute suspect
50eacca8cb3a57996dfa2bf21adfae07b95a38769971b38e313b46cbd469846a,2023-04,Surrey Police,Surrey Police,-0.363013,51.368892,On or near St Georges Place,E01030308,Elmbridge 013B,Unable to prosecute suspect
a9bf0b7105159700dbd06f1ed4b0664127d0eee2f40608e9716ce65f2c2344c3,2023-04,Surrey Police,Surrey Police,-0.542652,51.433877,On or near Herndon Close,E01030668,Runnymede 001B,Investigation complete; no suspect identified
6325a2921b9edd287aee51894d757737cef08c2a066a89010fadad718992ce77,2023-04,Surrey Police,Surrey Police,-0.483500,51.451543,On or near Jordans Close,E01030745,Spelthorne 001C,Investigation complete; no suspect identified
fbce79a90cf630a3821c420466ae96db6464e96b942a6616c7a50924dc20ef7a,2023-04,Surrey Police,Surrey Police,-0.576662,51.236833,On or near ,E01030452,Guildford 015A,Investigation complete; no suspect identified
cdadb1f94bfa1c22a544acd143484a757f6dc11a331e27a2e3282df227f1b509,2023-04,Surrey Police,Surrey Police,-0.327776,51.375885,On or near Poplar Road,E01030319,Elmbridge 009A,Local resolution
4b3d69eb551518118cf0f962c065bcb7c492c507f8361f92677d2beb5d7be385,2023-04,Surrey Police,Surrey Police,-0.259483,51.348974,On or near Revere Way,E01030413,Epsom and Ewell 004B,Investigation complete; no suspect identified
7618fdc0e3628a6fd3e5840352df178d2bb4507d84b4523bf1db9c7e1029c8ca,2023-04,Surrey Police,Surrey Police,-0.159640,51.243420,On or near Wordsworth Mead,E01030612,Reigate and Banstead 011C,Unable to prosecute suspect
7c0bb7d38eafef6c67533a0cadcbc7662f4830334e066d62f0acae1dd70f2707,2023-04,Surrey Police,Surrey Police,-0.474728,51.453920,On or near Hannibal Road,E01030746,Spelthorne 002D,Unable to prosecute suspect
f612616f88419a732628d4bda5d70a418145a9d7ace458a3e1ef05591f748c9a,2023-04,Surrey Police,Surrey Police,-0.140990,51.291272,On or near Beckett Road,E01030569,Reigate and Banstead 004E,Unable to prosecute suspect
5fba2416819980b53ad1762ac197e7ed09c0f2c28203aff5710e8399135580da,2023-04,Surrey Police,Surrey Police,-0.575861,51.242765,On or near ,E01030450,Guildford 013B,Investigation complete; no suspect identified
65c4683ba7d1c8f8a8ad05e0da143b38b0317361dfbb5d1a2de89c6e76bb734b,2023-04,Surrey Police,Surrey Police,-0.478342,51.424437,On or near Booth Drive,E01030739,Spelthorne 007B,Unable to prosecute suspect
f1b4c6a685ec1d749fbace9fb7f641f05a978188147a5e32b48b424da964482a,2023-04,Surrey Police,Surrey Police,0.023914,51.226495,On or near Grants Lane,E01030832,Tandridge 006B,Local resolution
c6ec0ea51af511272cd90e8ab2a6d4859b699c7d2827eafccc32e729e48e685e,2023-04,Surrey Police,Surrey Police,-0.167110,51.242044,On or near Bus/Coach Station,E01035358,Reigate and Banstead 011I,Investigation complete; no suspect identified
a1038d672c51293daa5b47325f838fe408a5175fb11c315cd1b6942cefa2474e,2023-04,Surrey Police,Surrey Police,-0.387478,51.379127,On or near ,E01030355,Elmbridge 008B,Further action is not in the public interest
045caf9249e0acc1ccb42f487616b71bd19dc693b5047d6e9358fb019d3d9dac,2023-04,Surrey Police,Surrey Police,-0.487669,51.423343,On or near Thickthorne Lane,E01030739,Spelthorne 007B,Unable to prosecute suspect
c7b40d16898819faf9ba0f28b79fc3ba8007dd2f7d3a0b23365000893d001ba7,2023-04,Surrey Police,Surrey Police,-0.697283,51.322244,On or near Habershon Drive,E01030774,Surrey Heath 007A,Investigation complete; no suspect identified
4df16ed384026db86351b9fa3182d363a1552e9678df8b0e0610697b59c1bfb9,2023-04,Surrey Police,Surrey Police,-0.618328,51.316321,On or near ,E01030976,Woking 007C,Investigation complete; no suspect identified
0c1dec73d91d46f390363e99b55c43bca71be5f939d0a3c50c157d1c309b6c2e,2023-04,Surrey Police,Surrey Police,-0.747090,51.209097,On or near Botany Hill,E01030894,Waverley 004D,Investigation complete; no suspect identified
78d42dd9a074cd0d3efa3cba28cb1e8a136992906b66de9d883bda0b69f3b3c8,2023-04,Surrey Police,Surrey Police,-0.250223,51.347593,On or near ,E01030392,Epsom and Ewell 010C,Unable to prosecute suspect
78dd86ac64b592b1f5c61d500a211d29019288cf0e8c31fb53374ece2c74759f,2023-04,Surrey Police,Surrey Police,-0.754988,51.327043,On or near B3411,E01030803,Surrey Heath 008D,Unable to prosecute suspect
3f061e91e4496443d66260d0d9825081b27e77b74c790ea53e3af66520a978f7,2023-04,Surrey Police,Surrey Police,-0.579843,51.327461,On or near Russell Road,E01030967,Woking 003E,Unable to prosecute suspect
35a622607bbfb3f9eb145a850eb19e39067410172a1db078b5b9bc70909aeae6,2023-04,Surrey Police,Surrey Police,-0.577656,51.236171,On or near Theatre/Concert Hall,E01030455,Guildford 013E,Investigation complete; no suspect identified
8ac24d4cf4ce2ef53aac109d26e8ede66d0461901e19b67470dc25ef6ac760b2,2023-04,Surrey Police,Surrey Police,-0.607463,51.241016,On or near ,E01030470,Guildford 012A,Unable to prosecute suspect
6163cac9a2855d32887a35f6369c148eaa3568860c991d700e3a4a96e863389d,2023-04,Surrey Police,Surrey Police,-0.047584,51.220066,On or near Harcourt Way,E01030826,Tandridge 009C,Local resolution
839cb899df3b4260a5dcf5fce15129d13a359708a8bddb978ec7c226fbf0d0c6,2023-04,Surrey Police,Surrey Police,-0.410448,51.305042,On or near ,E01030302,Elmbridge 017C,Unable to prosecute suspect
8363cd813751b1c7b4c0e061381fb06488c3abb7e4cf75f9c4ccb6ef9d93c7fd,2023-04,Surrey Police,Surrey Police,-0.576622,51.239503,On or near ,E01030451,Guildford 013C,Unable to prosecute suspect
ca2088cd303ad03507eea24e7c5a64b52d8d9c68675abc4bce0b4c856630f0c6,2023-04,Surrey Police,Surrey Police,-0.541775,51.343839,On or near ,E01030965,Woking 003C,Investigation complete; no suspect identified
f0a49464523ad761e34585cfdeca20cfbc37df0077f9d8236fce446d2779c2b1,2023-04,Surrey Police,Surrey Police,-0.103818,51.278302,On or near Chaldon Common Road,E01030820,Tandridge 005A,Unable to prosecute suspect
0c8b15e3937c0ec3475847af2681c325f418b62e0715e1b99f8a325cddf350ba,2023-04,Surrey Police,Surrey Police,-0.806746,51.204604,On or near Pilgrims Close,E01030896,Waverley 006D,Unable to prosecute suspect
1ae9a6f590ed1af2021c11d1436d5cd6d29d45f514602792defdce4492bf18b8,2023-04,Surrey Police,Surrey Police,-0.542291,51.429835,On or near Quincy Road,E01030667,Runnymede 001A,Investigation complete; no suspect identified
97326b2e1c7ae7934a4ecb8102fe441dba883a7a53dc9c0490223e46693e0fe0,2023-04,Surrey Police,Surrey Police,-0.230429,51.305419,On or near Chetwode Road,E01030640,Reigate and Banstead 005C,Investigation complete; no suspect identified
9d9e5e5c4d5a2960061417730e97601148b65a97ff685aec91676865f73d3061,2023-04,Surrey Police,Surrey Police,-0.576162,51.430504,On or near Vegal Crescent,E01030673,Runnymede 002C,Further investigation is not in the public interest
9f745bc99b569fbc893b04b50d18079144d05915fc8d6f8d1c81ef841622a4b8,2023-04,Surrey Police,Surrey Police,-0.718882,51.261406,On or near Gorselands Close,E01030430,Guildford 004E,Unable to prosecute suspect
a54471fb09c21e556952467eadec8b2c423772f6e0f6a375fa23db0bde347c61,2023-04,Surrey Police,Surrey Police,-0.235063,51.312153,On or near Shawley Way,E01030642,Reigate and Banstead 003C,Investigation complete; no suspect identified
c2bb61ade58a45cb745af0e01f46290694754a568b5ef688c568a4970ee28426,2023-04,Surrey Police,Surrey Police,-0.326906,51.295264,On or near Elm Road,E01030552,Mole Valley 004B,Investigation complete; no suspect identified
071dbe3be3669d4927ee9f4b50c6bd238041693285e9a82907d88587fa0be483,2023-04,Surrey Police,Surrey Police,-0.724650,51.245625,On or near ,E01030424,Guildford 010A,Investigation complete; no suspect identified
310dea0b3424ca8233615820c047eee597fb5b667f816d0b5eff5b3de40b8240,2023-04,Surrey Police,Surrey Police,-0.502933,51.430742,On or near Broadacre,E01030738,Spelthorne 004E,Investigation complete; no suspect identified
7cb56cdbaddc929ed37f92f407e377829dcf0e06dcf4e238a3e1bd88b3842182,2023-04,Surrey Police,Surrey Police,-0.442213,51.392210,On or near Old Halliford Place,E01030732,Spelthorne 013C,Further investigation is not in the public interest
366e4600448089d32eb6031520ed3cfbcc4a8c6278b295127569020ae3e63ac3,2023-04,Surrey Police,Surrey Police,-0.469518,51.428063,On or near ,E01030705,Spelthorne 005E,Investigation complete; no suspect identified
5d57c19d94b56304c12bf3639371804b57119abacf428bea5636bc272496c081,2023-04,Surrey Police,Surrey Police,-0.047584,51.220066,On or near Harcourt Way,E01030826,Tandridge 009C,Local resolution
213251364f24a5c7607b46830c5f8baa0034e5afaa807426f6492959d19681d3,2023-04,Surrey Police,Surrey Police,-0.671894,51.353593,On or near Hammond Way,E01030781,Surrey Heath 003D,Investigation complete; no suspect identified
8d924133fd31d223696e346f9aa268e6bd5a09c2acde19f9983ed90fba197a5c,2023-04,Surrey Police,Surrey Police,-0.481171,51.434985,On or near Rowan Close,E01030714,Spelthorne 003E,Unable to prosecute suspect
8659f1eb59797db4aaf5b36f88b24e171680730340810a578bd58c5e899c8aba,2023-04,Surrey Police,Surrey Police,-0.746362,51.319164,On or near Gilbert Road,E01030768,Surrey Heath 010C,Unable to prosecute suspect
230867966e2cc578da4550fca8292ee049d0b67699585c61bdb683367446b1eb,2023-04,Surrey Police,Surrey Police,-0.007747,51.264449,On or near Downs Way,E01030837,Tandridge 006D,Investigation complete; no suspect identified
c07ca111c7b2d9175780e9e6c4c429ff075099c8ce42f7a2e2c00d8cee480b2d,2023-04,Surrey Police,Surrey Police,-0.550679,51.425713,On or near Manor Way,E01030670,Runnymede 001D,Investigation complete; no suspect identified
d1ae2cc78b6e78b5f9f6af72dd862e1d8834b1ec6d6b6764097870dadd08d5af,2023-04,Surrey Police,Surrey Police,-0.671894,51.353593,On or near Hammond Way,E01030781,Surrey Heath 003D,Investigation complete; no suspect identified
3228ad2943716638c3d193cc4f2351fc721d81c2f321f8dc8772a2d958ea96d1,2023-04,Surrey Police,Surrey Police,-0.604377,51.195729,On or near ,E01030920,Waverley 005D,Unable to prosecute suspect
1466cdaf15df453d8da5045d276dcb005ae7d5edcb728b103f500e6014db7491,2023-04,Surrey Police,Surrey Police,-0.733909,51.087728,On or near Junction Place,E01030926,Waverley 017A,Unable to prosecute suspect
d97b0ac79ccf3dc67e521f9d4db851c6cf322dac74ad89bd86131f23360b3f6e,2023-04,Surrey Police,Surrey Police,-0.785951,51.237671,On or near Wellington Lane,E01030890,Waverley 001A,Unable to prosecute suspect
d8c6cafab95617c986393f332b28ad1fa435b9583e9161ab197d213f7018c6ed,2023-04,Surrey Police,Surrey Police,-0.515887,51.429612,On or near Farm Close,E01030663,Runnymede 003A,Unable to prosecute suspect
8d12701a81d73c9af6ff9e77bf9bc744a26c39226a39e2bdf04b7c237843cd37,2023-04,Surrey Police,Surrey Police,-0.604377,51.195729,On or near ,E01030920,Waverley 005D,Unable to prosecute suspect
2d98b3aa7dc945077d719cefb3b2d9b2ed2aa930aaabe61079033abe553d02b8,2023-04,Surrey Police,Surrey Police,-0.518445,51.432810,On or near The Causeway,E01030666,Runnymede 003D,Unable to prosecute suspect
e3030ed45b835e5489399509c8a140a36048a22f6ccaf5d183681559d343627b,2023-04,Surrey Police,Surrey Police,-0.228545,51.321200,On or near Park Wood View,E01030605,Reigate and Banstead 001C,Investigation complete; no suspect identified
a900cd03c0c1302fa2955d103f4a18c77f91611bc11754136897819c6e732862,2023-04,Surrey Police,Surrey Police,-0.697283,51.322244,On or near Habershon Drive,E01030774,Surrey Heath 007A,Investigation complete; no suspect identified
162831dd9773fc099a788e6feb27c281c3a033572a4f5c3f6dd75162d5479dc5,2023-04,Surrey Police,Surrey Police,-0.415952,51.419690,On or near Sundeala Close,E01030755,Spelthorne 010C,Local resolution
30d98ddb9cb2e6c14f372d3c8dfcd7389523218861d140fa8baa86f29e2045f5,2023-04,Surrey Police,Surrey Police,-0.433040,51.402798,On or near Annett Close,E01030719,Spelthorne 011C,Formal action is not in the public interest
9fde8e0adc937260dbeb7caac06d953e1aae4a4012ca9d233e9f53d2989cc0ca,2023-04,Surrey Police,Surrey Police,-0.495135,51.368569,On or near Addlestone Park,E01030645,Runnymede 009A,Further investigation is not in the public interest
4496ce52afa05f826bf3ddd6865a3d359c1ea63433e533b1b71b7e1911eaffde,2023-04,Surrey Police,Surrey Police,-0.469364,51.457214,On or near Northumberland Close,E01030744,Spelthorne 001B,Investigation complete; no suspect identified
6c6c9d4b2dd09f5611476ec7ba601ee8552089580e8923e585bf6e39bf9d4b43,2023-04,Surrey Police,Surrey Police,-0.283801,51.364171,On or near Derek Close,E01030401,Epsom and Ewell 005C,Further investigation is not in the public interest
c0827a97e6d7a9bc9ea06327bf19529225caf2b9dda8a66f1e76e08f510cb9ee,2023-04,Surrey Police,Surrey Police,-0.531810,51.426081,On or near Tempest Road,E01030664,Runnymede 003B,Investigation complete; no suspect identified
bdae943c985a809a38b70992dc825eef9d4f88ecd0f78f45cd86357d4ffd84b9,2023-04,Surrey Police,Surrey Police,-0.690616,51.312449,On or near Dettingen Road,E01030784,Surrey Heath 012C,Investigation complete; no suspect identified
7d596a24f22ca2fd7a717c22a949f90b469983437bd774737f4d33c58bf03585,2023-04,Surrey Police,Surrey Police,-0.506095,51.435216,On or near A308,E01030736,Spelthorne 004C,Local resolution
a160d3489e72e80d193b5c740ce749303d9ade60e8d622b2a53da249e7057b8f,2023-04,Surrey Police,Surrey Police,-0.154035,51.235606,On or near Nutfield Road,E01030612,Reigate and Banstead 011C,Unable to prosecute suspect
44695c482b44ccb4f070aafe010ffb9682ce6792105444af047fe31486b319a4,2023-04,Surrey Police,Surrey Police,-0.232050,51.288258,On or near High Street,E01030639,Reigate and Banstead 006E,Unable to prosecute suspect
a719b06c15783ad12e50cef1bbb51926b6acd1c3889fa49cb0c3b2bae168ce5d,2023-04,Surrey Police,Surrey Police,-0.711532,51.094516,On or near Kiln Avenue,E01030933,Waverley 016D,Investigation complete; no suspect identified
16f7cdac063ab009fdb82ffbd86d1f1fd4c91f92c307a38ba6569c8118619930,2023-04,Surrey Police,Surrey Police,-0.331352,51.378319,On or near Claygate Lane,E01030319,Elmbridge 009A,Further investigation is not in the public interest
45c6935727a481e402a3ab4743bb74491b866ea0b2f33606a597de1613b95718,2023-04,Surrey Police,Surrey Police,-0.742088,51.343730,On or near Old Dean Road,E01030801,Surrey Heath 004D,Unable to prosecute suspect
15cedab69a83ae05d2d33dc5952925e38f604c24f21d3a30cc8ae3eeaaf48dc8,2023-04,Surrey Police,Surrey Police,-0.573939,51.238309,On or near Supermarket,E01030451,Guildford 013C,Investigation complete; no suspect identified
ca70be1ffff028749e29048f39cd18c19e4bc7bf971de5cc3cd14b9e7959570d,2023-04,Surrey Police,Surrey Police,-0.267727,51.334070,On or near Supermarket,E01034289,Epsom and Ewell 008E,Unable to prosecute suspect
25854ef70c6f91dde9ea7ba6e2dc43a38cf7327a279a12b5d42bd221e244da8e,2023-04,Surrey Police,Surrey Police,-0.616071,51.244877,On or near Blackwell Avenue,E01030494,Guildford 012B,Investigation complete; no suspect identified
36ca27f654cada025b6c23862159f94dbaafc54fc30577aa53afd91b7cd9b2bf,2023-04,Surrey Police,Surrey Police,-0.258399,51.315056,On or near Derby Stables Road,E01030380,Epsom and Ewell 009B,Investigation complete; no suspect identified
d80b0da869ab252c1d79201bd533d684762fcaf06946598e080588517af973c0,2023-04,Surrey Police,Surrey Police,-0.273633,51.330875,On or near Rosebank,E01030411,Epsom and Ewell 008B,Further investigation is not in the public interest
7c5e6ee995ea7e4c1d5ee7cf191db07ed2632cd9f61264155e4203e6f2db137f,2023-04,Surrey Police,Surrey Police,-0.329401,51.252989,On or near Pilgrims Way,E01030556,Mole Valley 009D,Investigation complete; no suspect identified
70bd8eba274c76d373f380c724d2bcd805aa072b4b7ad2bb2ed87e21e3efd619,2023-04,Surrey Police,Surrey Police,-0.543730,51.326595,On or near Walton Terrace,E01030980,Woking 004A,Unable to prosecute suspect
4cbd1fb3f5946c08d0d645e186bead0d5260f04804b9c55e118e23881f53fb90,2023-04,Surrey Police,Surrey Police,-0.244848,51.361786,On or near Dell Road,E01030407,Epsom and Ewell 003D,Investigation complete; no suspect identified
5f059839d73e161063a30e8408a418e06c3ca3ecf122f4eac1a7a79f88b66af6,2023-04,Surrey Police,Surrey Police,-0.614450,51.246387,On or near Little Platt,E01030494,Guildford 012B,Investigation complete; no suspect identified
f98afa65354fb274a7ad1e32e94f9aea6e901a7899958799a798c9045a882b89,2023-04,Surrey Police,Surrey Police,-0.186850,51.237522,On or near Beech Drive,E01030621,Reigate and Banstead 012E,Unable to prosecute suspect
fcefea65bec8b98114840ee9b07fcfde73188a3208d5fc8e20e7ccf5a4dd90fe,2023-04,Surrey Police,Surrey Police,,,No location,,,Investigation complete; no suspect identified
e971253a6528c32c9964aa2bb6c5340bb93436541da50057531f2105c678bc97,2023-04,Surrey Police,Surrey Police,-0.001291,51.257972,On or near ,E01030836,Tandridge 006C,Local resolution
576aed7d5596f9662c3ac99758b4d5afcf488d632110a237082d0ce6966961e1,2023-04,Surrey Police,Surrey Police,-0.453148,51.431912,On or near Oakfield Road,E01030703,Spelthorne 005C,Unable to prosecute suspect
52cbad04ed94ea38211f86858b3fb3fadc2824341f07d1c29dc5bbce47f3c385,2023-04,Surrey Police,Surrey Police,-0.168555,51.202552,On or near Park View Road,E01030629,Reigate and Banstead 015B,Further investigation is not in the public interest
1dc704df3d69d6cc8848f906df2566ce48ff24a642c29a4be7ce520f08159ef4,2023-04,Surrey Police,Surrey Police,-0.115611,51.175739,On or near Chapel Road,E01030816,Tandridge 011A,Unable to prosecute suspect
b1393ba97a573b9e1afa5c4c0bdb22bf6fb0962e9fcf5a535c3a9a953f38ce91,2023-04,Surrey Police,Surrey Police,-0.462488,51.400958,On or near Laleham Road,E01030723,Spelthorne 012C,Investigation complete; no suspect identified
7084e27be6d45431c83d01a1def881ada6d517fc61e858627a72ad8d49a81c2d,2023-04,Surrey Police,Surrey Police,-0.376487,51.403458,On or near The Crescent,E01030331,Elmbridge 001B,Local resolution
19e54c4df110bf1968c7d69f43e355abf7381d4dc5a7ae83e4be8a2491dcfd09,2023-04,Surrey Police,Surrey Police,-0.483559,51.423686,On or near Elizabeth Avenue,E01030739,Spelthorne 007B,Investigation complete; no suspect identified
089dfce68f163528148df0e35beafdf614c5b03276c3b0d3c627170e0a9228bc,2023-04,Surrey Police,Surrey Police,-0.696953,51.184837,On or near Broomfield,E01030877,Waverley 011A,Further investigation is not in the public interest
6fc926bd51391fbb73b7284c03e6b04bbdd2681f3fc595c3ada7052deb5110c8,2023-04,Surrey Police,Surrey Police,-0.052811,51.139251,On or near Rowplatt Lane,E01030823,Tandridge 011E,Unable to prosecute suspect
ebd8a99e1dc16668ceb729f2b86c4c12d1901d9381de8139a1d48d7d27fb8fb6,2023-04,Surrey Police,Surrey Police,-0.001291,51.257972,On or near ,E01030836,Tandridge 006C,Local resolution
088d1b902a20a496517b7586f456117ea4441d6d3b7b78f519641bad8df01027,2023-04,Surrey Police,Surrey Police,-0.096673,51.264877,On or near War Coppice Road,E01030828,Tandridge 004A,Unable to prosecute suspect
9fcc6898d5d1c46eac5551290dc1493bc05bcd2b3e050c74e7c742cbbe09409e,2023-04,Surrey Police,Surrey Police,-0.247245,51.344520,On or near Ceres Crescent,E01030396,Epsom and Ewell 010D,Investigation complete; no suspect identified
0da1608c71f32fe4c79bc63db8ecc9681f3e4b0c664ba2385c6459932fdb305c,2023-04,Surrey Police,Surrey Police,-0.543730,51.326595,On or near Walton Terrace,E01030980,Woking 004A,Unable to prosecute suspect
e1aaa42f73c34a4399ce838754d657a2002d446b85f1d8f43b85bae375ef1d60,2023-04,Surrey Police,Surrey Police,-0.382358,51.286259,On or near Elmswood,E01030516,Mole Valley 006A,Unable to prosecute suspect
6d35dfb6e78ca21bf1b9e18eb3d0082f8bcf3fbada21e177b9149ff4b849ca7d,2023-04,Surrey Police,Surrey Police,-0.326127,51.302105,On or near Copthorne Road,E01030550,Mole Valley 003C,Investigation complete; no suspect identified
2e2ae8b96ced7a03b1c50397ccdb6ff8f5fab31f31ab281f51e53fa00d7ad87e,2023-04,Surrey Police,Surrey Police,-0.163007,51.218949,On or near Hospital,E01030572,Reigate and Banstead 014C,Investigation complete; no suspect identified
068c0e851db7329d3820095ecc5e464e6319278c95b2864aec5d3b57aece8836,2023-04,Surrey Police,Surrey Police,-0.595628,51.323335,On or near Blencarn Close,E01030956,Woking 005D,Investigation complete; no suspect identified
00aee89fe3bc2b91d1827f2ace7284f421e123bec14638d7e60aab327cf4454d,2023-04,Surrey Police,Surrey Police,-0.319250,51.297132,On or near Mayfield,E01030553,Mole Valley 004C,Unable to prosecute suspect
fb4fb5e9850647c27f87292d4532a158f636c4b1d68dc70d9910356acde25945,2023-04,Surrey Police,Surrey Police,-0.336871,51.238195,On or near Chalkpit Terrace,E01030532,Mole Valley 009A,Unable to prosecute suspect
b6e94b9be1e5de4b338bef67350f35bf18f183170522a1d5329167a51b4bbe48,2023-04,Surrey Police,Surrey Police,-0.148172,51.176106,On or near Clarence Court,E01030582,Reigate and Banstead 017C,Unable to prosecute suspect
e6ac0199be5fe86cb3499153bf464508092296b72c65776f1b6a8887235ef153,2023-04,Surrey Police,Surrey Police,-0.567218,51.425325,On or near ,E01030671,Runnymede 002A,Investigation complete; no suspect identified
727054fb3717cc151b8a21d5da08d808007961a7f85d612085342706b157a646,2023-04,Surrey Police,Surrey Police,-0.578762,51.255617,On or near Larch Avenue,E01030483,Guildford 007C,Action to be taken by another organisation
2ca45026238db17467392f9e41e402f69c0a2cb8d8ef39ea936e2c61bf1c9af5,2023-04,Surrey Police,Surrey Police,-0.559507,51.319137,On or near Parking Area,E01030954,Woking 008A,Investigation complete; no suspect identified
21ef0a623a9f1996dc6488c4f4ae2deb773760becffecf6e5fe85f2a3792cec2,2023-04,Surrey Police,Surrey Police,-0.546971,51.431953,On or near High Street,E01030668,Runnymede 001B,Unable to prosecute suspect
c36c9d4d5f32e966ea6ad0304fabdc318b475053b9b9b203b7fe95cf21d6a2eb,2023-04,Surrey Police,Surrey Police,-0.321022,51.300080,On or near St John's Close,E01030550,Mole Valley 003C,Unable to prosecute suspect
9061970eb763c2292a6f7f8e8e41364f7ab3fb02b5bf7594add46edba5597946,2023-04,Surrey Police,Surrey Police,-0.233507,51.299611,On or near Preston Lane,E01030608,Reigate and Banstead 005A,Investigation complete; no suspect identified
77af0b22e7272f083e10a74f6bfead53135c3532a70661110aa1889ac55a9905,2023-04,Surrey Police,Surrey Police,-0.506138,51.434362,On or near George Street,E01030737,Spelthorne 004D,Local resolution
8dbc4640eb387a9e6e0e6ba2e46030244f66bd76823e86f8c42c5aa1c56a9fc7,2023-04,Surrey Police,Surrey Police,-0.253571,51.342798,On or near Hessle Grove,E01030391,Epsom and Ewell 007B,Investigation complete; no suspect identified
a0f1bd04416e4df2891a645f61c35a1d2ff4c5576ead8babfc0118f95e6cf3a7,2023-04,Surrey Police,Surrey Police,-0.546114,51.257500,On or near Bartoon Place,E01030436,Guildford 011A,Unable to prosecute suspect
d2a38e250700e4777dfcb6ccd22a1b32ef1b995d446a7fe2d9bc1af14773a35f,2023-04,Surrey Police,Surrey Police,-0.514513,51.104858,On or near Clappers Meadow,E01030862,Waverley 015A,Unable to prosecute suspect
5d66fd26b157f303eb11dc60b340d83c2083949862c85f11fa91b166913d7f8f,2023-04,Surrey Police,Surrey Police,-0.431183,51.213526,On or near Felday Road,E01030555,Mole Valley 012B,Investigation complete; no suspect identified
df7b750b2303bc4f14707e92e19d369317a55c59ddc0ef570d92a31bc54747b2,2023-04,Surrey Police,Surrey Police,-0.166670,51.240769,On or near ,E01030612,Reigate and Banstead 011C,Local resolution
0066d881f3698b6f7c777ae24d4bc91fb419eb9ac845bc7866630e6ace4eb47c,2023-04,Surrey Police,Surrey Police,-0.563005,51.428023,On or near Egham Hill,E01030672,Runnymede 002B,Investigation complete; no suspect identified
253fec10938c3d00a9c254bc1e983c38a9953857cc4a08d28b9ccdd160d4cfcd,2023-04,Surrey Police,Surrey Police,-0.570634,51.237659,On or near Chertsey Street,E01030451,Guildford 013C,Unable to prosecute suspect
5f7c9e64c09692d51e0d8ee3692222b36edfbf81b904ae0f22d75fdee468f2e7,2023-04,Surrey Police,Surrey Police,-0.197082,51.160809,On or near ,E01031575,Crawley 001C,Unable to prosecute suspect
16f9f0ba7763ae40d4c7c315166990f6d5b15cea10fdd423d25245acb07843f8,2023-04,Surrey Police,Surrey Police,-0.538150,51.213985,On or near St Thomas Close,E01030479,Guildford 017D,Investigation complete; no suspect identified
34d296144e92b3346d9f2852de5404f68f6514c53e67f3635e5e0454702791fc,2023-04,Surrey Police,Surrey Police,-0.381031,51.402199,On or near Cambridge Road,E01030331,Elmbridge 001B,Unable to prosecute suspect
6324fc1f2b5929d4db214d281fa9d06c05872ba25b71631aa313a1a16801e322,2023-04,Surrey Police,Surrey Police,-0.482220,51.452804,On or near Town Farm Way,E01030745,Spelthorne 001C,Unable to prosecute suspect
5fe495aa3ecc5e9d81e7c72dd5a099c72a8682784a5f630142c4156a2a257cba,2023-04,Surrey Police,Surrey Police,-0.361019,51.148779,On or near Stane Street,E01030557,Mole Valley 012C,Investigation complete; no suspect identified
51299bee6044649959ad67fd78ddaa27b4a30a764344d313cae0f0ff48a7010c,2023-04,Surrey Police,Surrey Police,-0.480091,51.455366,On or near Hadfield Road,E01030744,Spelthorne 001B,Suspect charged
a91794c034d363ac5eabbd4667b35be7033bad3d5ff268f7a28d38795ca74def,2023-04,Surrey Police,Surrey Police,-0.576662,51.236833,On or near ,E01030452,Guildford 015A,Investigation complete; no suspect identified
10ba8da6371f3981892b32a8bae969000ab8598cf420a6b71e0312fc4055cd33,2023-04,Surrey Police,Surrey Police,-0.575113,51.243379,On or near Gardner Road,E01030450,Guildford 013B,Suspect charged
c70ee0fdf996caaf7cca7eeca517268e0852228af4d03ec4e71cbba3115cf5ea,2023-04,Surrey Police,Surrey Police,-0.174131,51.236758,On or near Upper Bridge Road,E01030613,Reigate and Banstead 011D,Unable to prosecute suspect
53dcae6bcaa9ab8de60462539ca4b1d227b7a587ba7f0302ea04ea96027ab308,2023-04,Surrey Police,Surrey Police,-0.549397,51.324840,On or near Molloy Court,E01030983,Woking 004D,Unable to prosecute suspect
1872564c258241a51f8efef7b6eb18898af893bb39c3f47a114eb899c4dcc583,2023-04,Surrey Police,Surrey Police,-0.395915,51.321912,On or near Tilt Road,E01030303,Elmbridge 018A,Investigation complete; no suspect identified
d7d5d872b8782758295e69b28d02b93d7deca1c372f1cb8b94f39a712dd8e350,2023-04,Surrey Police,Surrey Police,-0.596783,51.201187,On or near Brookfield,E01030920,Waverley 005D,Unable to prosecute suspect
cad22755a64d0be4f251a25abee72ad2c5e4871751ee158ad14bd4c81879ac13,2023-04,Surrey Police,Surrey Police,-0.197078,51.224704,On or near Whitebeam Drive,E01030594,Reigate and Banstead 013A,Further investigation is not in the public interest
1efc485e0e3059e5dc1b9c1540d8982ffc32a9f51829d3be6dfe5c6219f8005c,2023-04,Surrey Police,Surrey Police,-0.505257,51.434468,On or near Matthews Lane,E01030736,Spelthorne 004C,Suspect charged
d2935e2a1da6a20de8e34f7ddbeb651d3de171912dc547c6885b3130e7ee947f,2023-04,Surrey Police,Surrey Police,-0.626725,51.312391,On or near A322,E01030979,Woking 007E,Unable to prosecute suspect
01b61f00b464f083bebd7b5046925769682bdbbf130604ac1fcfe22ee6d9172d,2023-04,Surrey Police,Surrey Police,-0.427065,51.412672,On or near ,E01030717,Spelthorne 011A,Investigation complete; no suspect identified
c7ce54386072698da55cd9945a5ba0e2db31090f2d473101acb3b96beafb38fe,2023-04,Surrey Police,Surrey Police,-0.198934,51.222286,On or near Brandsland,E01030633,Reigate and Banstead 015D,Investigation complete; no suspect identified
321a2965a9346e1c392cd556afabbb1ac1d8d7c92ab85bf57c51c3e9846e9ade,2023-04,Surrey Police,Surrey Police,-0.579843,51.327461,On or near Russell Road,E01030967,Woking 003E,Unable to prosecute suspect
42ee83bf942aaa4937869239236ef1931ffe70075d153ae393496cc3369eca14,2023-04,Surrey Police,Surrey Police,-0.479602,51.448444,On or near Town Lane,E01030745,Spelthorne 001C,Investigation complete; no suspect identified
88239376407f17d7738e44e600b55bb6b5b12c2ceb09488aa0827a3dc5bea954,2023-04,Surrey Police,Surrey Police,-0.267261,51.332342,On or near ,E01030411,Epsom and Ewell 008B,Unable to prosecute suspect
5d83d3c645929586398af2c86d9c2293cfd3a742f8416162ad86eee8e112bf39,2023-04,Surrey Police,Surrey Police,-0.416768,51.415627,On or near Chenneston Close,E01030754,Spelthorne 010B,Unable to prosecute suspect
ac716a9ef56bce52acf3feafffde95782dd8c18dc359aa83bbf9c9620e4af84d,2023-04,Surrey Police,Surrey Police,-0.555581,51.319862,On or near Addison Road,E01030954,Woking 008A,Unable to prosecute suspect
55271eaa7ee7e93566d3f2ea0b9cb47253d2bad637cc1c6e4ce36e0a851d5a66,2023-04,Surrey Police,Surrey Police,-0.746890,51.336633,On or near Albert Road,E01030800,Surrey Heath 005E,Offender given a caution
59da1f59c5f1f587e382eb4068f4a2413b4b70b86882963bf866baffa290897a,2023-04,Surrey Police,Surrey Police,-0.549397,51.324840,On or near Molloy Court,E01030983,Woking 004D,Unable to prosecute suspect
95d546768b7d1b4813fbaf2b671e25e9e1b9df808105156b4272d56759bf8f3a,2023-04,Surrey Police,Surrey Police,-0.604138,51.195106,On or near St John's Street,E01030921,Waverley 005E,Investigation complete; no suspect identified
578957feb7a550f8a7d65760bf0878ab886a71efa66b5dc020c939727a896cad,2023-04,Surrey Police,Surrey Police,-0.228386,51.348409,On or near Ewhurst Close,E01032624,Epsom and Ewell 010F,Unable to prosecute suspect
f969a831a78ad7884e2741c891041edc142418550bc66b302f87de0bdcd30654,2023-04,Surrey Police,Surrey Police,-0.576937,51.237646,On or near Onslow Street,E01030452,Guildford 015A,Investigation complete; no suspect identified
d811a16ef3e0989ea345315775e21887f211ff76e84459c260c17569b5174410,2023-04,Surrey Police,Surrey Police,-0.576662,51.236833,On or near ,E01030452,Guildford 015A,Investigation complete; no suspect identified
a55cf3229ccbc70b725ab92133b26ae6c0fb1b589f688cb002c2dd77233d62bb,2023-04,Surrey Police,Surrey Police,-0.552208,51.322168,On or near Portugal Road,E01030983,Woking 004D,Unable to prosecute suspect
9441fe3cd342fbcd163d05cfd76a1865416022cdb89300185138c57fc8b168cb,2023-04,Surrey Police,Surrey Police,-0.506095,51.435216,On or near A308,E01030736,Spelthorne 004C,Local resolution
301520e378154c812018dd0190e04c8842d249bce7e366367a13a3c4a8269854,2023-04,Surrey Police,Surrey Police,-0.299054,51.339421,On or near Farmside Place,E01030402,Epsom and Ewell 005D,Investigation complete; no suspect identified
b2dc2b77e35a4724ef084f02e2bd0dbe1864354ffe91ef81832f3e9a0287bf68,2023-04,Surrey Police,Surrey Police,-0.086502,51.291986,On or near Whyteleafe Road,E01030847,Tandridge 005B,Action to be taken by another organisation
55c6dc6cb5f8b2747c48184f266d65e4ff832f76eda5d380c315246fa20f7dda,2023-04,Surrey Police,Surrey Police,-0.535031,51.333824,On or near Woodlands Park,E01030985,Woking 004F,Investigation complete; no suspect identified
eec35092d3153f932b9ac01dcb6cd28f89bd9fc4fbe36ab4330d7c85dad8bdb7,2023-04,Surrey Police,Surrey Police,-0.248993,51.374015,On or near Fairford Gardens,E01030386,Epsom and Ewell 001A,Investigation complete; no suspect identified
517161615f0dad4385ce5fb903974e923455b6d84555edf83c942f81af7a6b7a,2023-04,Surrey Police,Surrey Police,-0.575113,51.243379,On or near Gardner Road,E01030450,Guildford 013B,Suspect charged
acffe14d01d1ccdc2d95382398f63a935b294e9fd4056469114968b11dc2e3b0,2023-04,Surrey Police,Surrey Police,-0.345690,51.291430,On or near Norbury Place,E01030540,Mole Valley 005B,Unable to prosecute suspect
4131eb94a860ae6ffc8c77214cdeffb9b9ebaa3eca1eda5eb868d4cd4a14ae56,2023-04,Surrey Police,Surrey Police,-0.337619,51.301253,On or near Tudor Walk,E01030549,Mole Valley 003B,Unable to prosecute suspect
bc4bd9e641baba1fcd04eafcbe98e1433480d092925fdaa8a3b37bbd6107d07e,2023-04,Surrey Police,Surrey Police,-0.751393,51.206149,On or near Cobbetts Ridge,E01030894,Waverley 004D,Investigation complete; no suspect identified
3259f13e1cbe7c7c6ba64cca425d9e39960184c06887789da27b50238358eded,2023-04,Surrey Police,Surrey Police,-0.116386,51.171471,On or near The Acorns,E01030819,Tandridge 011D,Investigation complete; no suspect identified
333e7ecfc1fa1c020e9a996ce3c8f57e9902418b370f7df36decdd2070f0cce8,2023-04,Surrey Police,Surrey Police,-0.731579,51.245313,On or near Robertson Way,E01030424,Guildford 010A,Investigation complete; no suspect identified
683cf8228d39814aed2bdac4b86e2dbf55d2ee5b8a001e88a71c0644c7d5b1f7,2023-04,Surrey Police,Surrey Police,-0.415995,51.373487,On or near ,E01030366,Elmbridge 010C,Investigation complete; no suspect identified
a69985404bdc76d59d1e326634be504785e468b1e1c812c06de46691f116d707,2023-04,Surrey Police,Surrey Police,-0.560040,51.300305,On or near Cricketer Close,E01030973,Woking 011C,Unable to prosecute suspect
1ea1bda98fc39008af3d29ed4b5c3c68463d22277234548c8e84992bc658d7db,2023-04,Surrey Police,Surrey Police,-0.327045,51.236562,On or near Tutts Close,E01030533,Mole Valley 009B,Further investigation is not in the public interest
8fc6bc4ab01b5624131e9f27d40cb798dbf23381e5cf296f7d9fdd6d91ae7884,2023-04,Surrey Police,Surrey Police,-0.701075,51.360718,On or near Vicarage Road,E01030759,Surrey Heath 002C,Investigation complete; no suspect identified
6af9a2e47930e2142bebcb9b3210b95c630fb3d4bdf78b80250d0e6bafc41977,2023-04,Surrey Police,Surrey Police,-0.381744,51.395437,On or near Brockenhurst,E01030334,Elmbridge 003A,Unable to prosecute suspect
4bb3a96212b8b32b44b9352b9b38dbe825553702cb84769458cbf21c9756bf41,2023-04,Surrey Police,Surrey Police,-0.542920,51.326774,On or near Monument Road,E01030980,Woking 004A,Investigation complete; no suspect identified
fb8e682750a7e7df06c8902218f78427fbd0feec1208373dedc123cb14179b2a,2023-04,Surrey Police,Surrey Police,-0.504787,51.429012,On or near Wyatt Road,E01030738,Spelthorne 004E,Further investigation is not in the public interest
d5cde279f6cbb8cfb97bb7134fafce824caaaf55be798c94018a0f21c7320723,2023-04,Surrey Police,Surrey Police,-0.228545,51.321200,On or near Park Wood View,E01030605,Reigate and Banstead 001C,Unable to prosecute suspect
cdf541e956fdbbf89602a28abffedc62e183090802ac34391d86cb72b410e551,2023-04,Surrey Police,Surrey Police,-0.559871,51.298801,On or near Willow Bank,E01030973,Woking 011C,Unable to prosecute suspect
641a0cb0a62b559be0445a0c4741c45ac72f317da6277654fbe3037da4a6b306,2023-04,Surrey Police,Surrey Police,-0.744652,51.338164,On or near ,E01030800,Surrey Heath 005E,Unable to prosecute suspect
fd4c34f75c93471f9b2bdf08a751fdb2bdd30d5504ecdce32164f2b8ba68d1b3,2023-04,Surrey Police,Surrey Police,-0.489728,51.370900,On or near Parking Area,E01030646,Runnymede 009B,Investigation complete; no suspect identified
a8e4ff66c92bf91f0985b3bee7efba37bc3484040813b82aea81aa0d8a61dd51,2023-04,Surrey Police,Surrey Police,-0.459015,51.366121,On or near Highpoint,E01030376,Elmbridge 012F,Unable to prosecute suspect
94990b34563b86fe846aea0ab6570f550d53658b67ba4f4a5989bfc07ee092be,2023-04,Surrey Police,Surrey Police,-0.778384,51.139845,On or near Old Kiln Close,E01030910,Waverley 018C,Investigation complete; no suspect identified
bcdfaf7d008164dab507229b04e8d43081f8fcd9462e7d892f24008289e3060c,2023-04,Surrey Police,Surrey Police,-0.548472,51.323695,On or near Walton Road,E01030980,Woking 004A,Unable to prosecute suspect
bcdfaf7d008164dab507229b04e8d43081f8fcd9462e7d892f24008289e3060c,2023-04,Surrey Police,Surrey Police,-0.548472,51.323695,On or near Walton Road,E01030980,Woking 004A,Unable to prosecute suspect
c28264edb1d72d7ad6d287fd356fa2234b44bdfaf25550d4eb6ff496bf3b7596,2023-04,Surrey Police,Surrey Police,-0.327157,51.325851,On or near Epsom Gap,E01030548,Mole Valley 003A,Unable to prosecute suspect
f958d25d308a5c308e2ac2ad71d7011df0ba3c741614721f8afb5dc001453168,2023-04,Surrey Police,Surrey Police,-0.197082,51.160809,On or near ,E01031575,Crawley 001C,Unable to prosecute suspect
4979c20b61c18161c7fd5bc2b8a2ba8e9b054475bb540150c4aff352a35decf1,2023-04,Surrey Police,Surrey Police,-0.215209,51.272086,On or near Orchard Way,E01030591,Reigate and Banstead 007C,Unable to prosecute suspect
48c909ca4e018e89572f78e4e1b5c11353337b38f60078c2ee5f0e960fe1b922,2023-04,Surrey Police,Surrey Police,-0.586426,51.242131,On or near ,E01030468,Guildford 015C,Unable to prosecute suspect
5e1c32e6dab961ba08fd215be5bf2ec6eba2787ea979077435dd71f0788afe4b,2023-04,Surrey Police,Surrey Police,-0.415384,51.389530,On or near A3050,E01030358,Elmbridge 007B,Formal action is not in the public interest
8ebd34787cdcbb1a7e747a124697a3a18ca8117b14cf680a785ad773c531e1d5,2023-04,Surrey Police,Surrey Police,-0.093252,51.138559,On or near West Park Road,E01031720,Mid Sussex 002C,Unable to prosecute suspect
95948c3d173a3353fd8f24a4586381b9d74697a807c9a25488f4cb98a51d66c5,2023-04,Surrey Police,Surrey Police,-0.452729,51.191376,On or near Lawbrook Lane,E01030492,Guildford 018C,Investigation complete; no suspect identified
89475d367cf7dbcb1c04e4d9b36bb986c4a91d6b13d2c4d0cb7a7211da48481a,2023-04,Surrey Police,Surrey Police,-0.688568,51.365633,On or near Lory Ridge,E01030758,Surrey Heath 002B,Investigation complete; no suspect identified
5d713d212a77be79e7dfb8ac0eb5b9028bd4e3078b72b1e37e0fb5e771f55d1e,2023-04,Surrey Police,Surrey Police,-0.509590,51.433489,On or near ,E01030736,Spelthorne 004C,Unable to prosecute suspect
93a140b36baa254e9ba5b79627e7d889c888703e3a1c0f80fe1a99156fb00a5b,2023-04,Surrey Police,Surrey Police,-0.455709,51.430211,On or near St Michaels Road,E01030702,Spelthorne 005B,Unable to prosecute suspect
832e5597d02f48f5d4b9346ab820ad3ac49c5c031992d5f638c34fafe40ded1d,2023-04,Surrey Police,Surrey Police,-0.574713,51.256790,On or near Fir Tree Road,E01030482,Guildford 007B,Unable to prosecute suspect
6a2be4e1171611552541cf8311d65266603354c0c3575ebecbc7dc9b573c2264,2023-04,Surrey Police,Surrey Police,-0.417491,51.391348,On or near Dudley Road,E01030358,Elmbridge 007B,Unable to prosecute suspect
a6abcc1368ca29cea5e34107d3e6a460abe7427ec79b467f81ef582a78fa7c18,2023-04,Surrey Police,Surrey Police,-0.728021,51.349810,On or near Horseshoe Crescent,E01030786,Surrey Heath 004A,Unable to prosecute suspect
9c7772edffcfa22744b99fb7cfa5fe1e7e9cb7ff6371d06ab0a510fdd0b966fd,2023-04,Surrey Police,Surrey Police,-0.268743,51.373418,On or near Worcester Park Road,E01030388,Epsom and Ewell 001C,Investigation complete; no suspect identified
2219fc299be95a9de1130db0099f146bba584e6387fa5bb25f13582011284904,2023-04,Surrey Police,Surrey Police,-0.273533,51.328184,On or near St Elizabeth Drive,E01030419,Epsom and Ewell 008D,Investigation complete; no suspect identified
10af4c3ef560bf5020762505098f94dfeec296d4aae04327dd60509b637a18ab,2023-04,Surrey Police,Surrey Police,-0.425082,51.284476,On or near Berrington Drive,E01030442,Guildford 003B,Investigation complete; no suspect identified
719b1f6f93e98032e9e5e8373fe0e211d5a71c4ead6a1e28c49ed7ae70ddce86,2023-04,Surrey Police,Surrey Police,-0.327157,51.325851,On or near Epsom Gap,E01030548,Mole Valley 003A,Unable to prosecute suspect
5ebe582252c117b13ff1ad988474618683936e62384bd5912fd58cc935306c45,2023-04,Surrey Police,Surrey Police,-0.147290,51.181344,On or near Whittaker Drive,E01030581,Reigate and Banstead 017B,Unable to prosecute suspect
3a03dc167a28812f1f4075e7fbe2ccbd08bbed65a588f118b8fafc5ef10317de,2023-04,Surrey Police,Surrey Police,-0.397380,51.272851,On or near Effingham Place,E01030447,Guildford 003G,Unable to prosecute suspect
4692f1ac450b88623ed63e0f9081727d482f0248a2990d5711ad700ddfce150c,2023-04,Surrey Police,Surrey Police,-0.744093,51.337628,On or near High Street,E01030800,Surrey Heath 005E,Investigation complete; no suspect identified
b2e134e7e3c65e4208ce56e60f9b3245c523db4f8253eabbdad5eaf2b2e3e351,2023-04,Surrey Police,Surrey Police,-0.504687,51.463352,On or near Colne Reach,E01030747,Spelthorne 001D,Unable to prosecute suspect
7be920d4f2e56b32707466b2993dd9e66f1e4c32cdf8040f983c646d5b927ef5,2023-04,Surrey Police,Surrey Police,-0.574926,51.234600,On or near Mill Lane,E01030455,Guildford 013E,Unable to prosecute suspect
cb513d69105c007bc35519d13075d45c3a8e2004cde654556571350adbcbe3a2,2023-04,Surrey Police,Surrey Police,-0.448728,51.374654,On or near Grotto Road,E01030338,Elmbridge 011A,Unable to prosecute suspect
50493673f775d1c6a401525002007375bba8d1f277929ddc90b33f9dc040989e,2023-04,Surrey Police,Surrey Police,-0.456114,51.431403,On or near Town Tree Road,E01030702,Spelthorne 005B,Unable to prosecute suspect
5c91eb65f6a2f7db7104e64a960fe5c308fab63447622f07cc87da6068ef78df,2023-04,Surrey Police,Surrey Police,-0.566671,51.240731,On or near Victoria Road,E01030457,Guildford 013F,Unable to prosecute suspect
91d710a83d36ca5ba4cd6dd7edea065bafe21df259a3883703c9af15c1c41358,2023-04,Surrey Police,Surrey Police,-0.561387,51.319161,On or near ,E01030954,Woking 008A,Investigation complete; no suspect identified
b46f7f03a9020f14c2cd1250d37249569d4eeee781856f3a9f61c7b05372def8,2023-04,Surrey Police,Surrey Police,-0.514839,51.331888,On or near Rivey Close,E01031002,Woking 002C,Further investigation is not in the public interest
0a27f8c34f5f53270116abfcd0dc3be5405e1e1d5f09a7461f7a2a00a46a6f93,2023-04,Surrey Police,Surrey Police,-0.405940,51.388305,On or near Crown Close,E01030361,Elmbridge 004A,Investigation complete; no suspect identified
17b0da55d5a478362547c3c4a5b0087fe9c5d761875ee4d50e851116da866f44,2023-04,Surrey Police,Surrey Police,-0.327157,51.325851,On or near Epsom Gap,E01030548,Mole Valley 003A,Unable to prosecute suspect
8e6ee57795fbda77f9197964e4e80e0ace133e2a7d0127f71ec5ba3d54e96feb,2023-04,Surrey Police,Surrey Police,-0.246425,51.362637,On or near ,E01030406,Epsom and Ewell 003C,Further investigation is not in the public interest
30144dc69104f6e49e6753089245e0394695b6fbcb1f8d4d17deb95dec93d4b4,2023-04,Surrey Police,Surrey Police,-0.795739,51.206766,On or near Searle Road,E01030889,Waverley 006C,Further investigation is not in the public interest
4a72e2d272de927a617129d7c76e798c59fd8df094b0e0ce8e11beb97b5a9a3e,2023-04,Surrey Police,Surrey Police,-0.462391,51.345510,On or near Summers Close,E01030347,Elmbridge 016B,Unable to prosecute suspect
610035fce6fa69bff1dbe546b3faef1bace14a3137ca02c137c212052c2ec89d,2023-04,Surrey Police,Surrey Police,-0.364320,51.402758,On or near The Forum,E01030332,Elmbridge 001C,Unable to prosecute suspect
aa1fac86fcf995a4e0416c8c2a8bb3ab8a13624633883d0331b5e975066d1567,2023-04,Surrey Police,Surrey Police,-0.364320,51.402758,On or near The Forum,E01030332,Elmbridge 001C,Unable to prosecute suspect
6eaec5c34f92e4ad7581f3362c5c85456822bd68a97a6665a2960a7ce703dd5c,2023-04,Surrey Police,Surrey Police,-0.708864,51.357531,On or near College Ride,E01030760,Surrey Heath 002D,Unable to prosecute suspect
573b23e0f90b0dd8e51d48baa0ad1812eddd75736771766c3bfbbb702e5ee742,2023-04,Surrey Police,Surrey Police,-0.544029,51.303092,On or near Hipley Street,E01030995,Woking 011E,Further investigation is not in the public interest
aa5a11e312940dd574e7bd094667c5e6248f6be937773cdd028282c07605b432,2023-04,Surrey Police,Surrey Police,-0.686064,51.359769,On or near Green Farm Road,E01030759,Surrey Heath 002C,Further investigation is not in the public interest
74686da5b4f45753923c71528ec639222e3c853b5a9ca0d78350c51d52c78047,2023-04,Surrey Police,Surrey Police,-0.577379,51.240502,On or near Leas Road,E01030451,Guildford 013C,Unable to prosecute suspect
60788b58cc87b81e20dc1eb2fec379f7348bb6008ef4ef2f04668bed181d0e5c,2023-04,Surrey Police,Surrey Police,-0.699393,51.323751,On or near Cheylesmore Drive,E01030774,Surrey Heath 007A,Unable to prosecute suspect
2c8b1f05bd99acdb72236e4e7e4867a8cb8a1c8d0b4ef98933ec1cf4f8b7cbba,2023-04,Surrey Police,Surrey Police,-0.536859,51.251090,On or near Four Acres,E01030462,Guildford 008C,Investigation complete; no suspect identified
6fa09202e9848528eb4a58a4301cf8aff8f6d24e89645f45967b53a6189757f4,2023-04,Surrey Police,Surrey Police,-0.163757,51.231775,On or near Rennie Terrace,E01030614,Reigate and Banstead 011E,Investigation complete; no suspect identified
141d2932121342a1d1f0379775e9cb71fc5b1b7288a57ae2464a6baea3ae5577,2023-04,Surrey Police,Surrey Police,-0.328695,51.299327,On or near Kingston Avenue,E01030550,Mole Valley 003C,Unable to prosecute suspect
8240b7ad0247431c2052a4256aaff7ce7b0b881acb4755f5d094fe1aff7bf8f7,2023-04,Surrey Police,Surrey Police,-0.581469,51.257996,On or near Rowan Close,E01030481,Guildford 007A,Unable to prosecute suspect
ff9c6dfd628a8847d564ecd87cfd4b392270638209a7d2f753d11f254a64dd0e,2023-04,Surrey Police,Surrey Police,-0.165212,51.172471,On or near ,E01030575,Reigate and Banstead 018A,Unable to prosecute suspect
15ae9b406c24ccef747935a46eef2da653524783bfe7105ac23065926a791e02,2023-04,Surrey Police,Surrey Police,-0.483022,51.426862,On or near Kingston Road,E01030740,Spelthorne 007C,Investigation complete; no suspect identified
df9bbf1cc3861567395f2fec2096a085676a98d6b0a15ffd52dc2a70d3719de3,2023-04,Surrey Police,Surrey Police,-0.508675,51.428010,On or near St Peter's Close,E01030727,Spelthorne 009B,Investigation complete; no suspect identified
527a188b5bbf1669b3a764ad198a83c11d2322a7e31fa2f36615d3b08be89b5e,2023-04,Surrey Police,Surrey Police,-0.506495,51.322736,On or near Sandringham Close,E01030997,Woking 006D,Unable to prosecute suspect
0eee2422ffa6f6ad02c7b6ed215884f9f42fb1ea8a873caf58af0b2a2776dda8,2023-04,Surrey Police,Surrey Police,-0.607463,51.241016,On or near ,E01030470,Guildford 012A,Unable to prosecute suspect
6f0415fb4458eb798595819db231af2e8cd32fbcdec5b181779af1d1355ad968,2023-04,Surrey Police,Surrey Police,-0.624507,51.316502,On or near Trinity Road,E01030979,Woking 007E,Investigation complete; no suspect identified
c99f6a96cb1b91e37b0dca07f5b45a10a5b7139792d7a3829a8f7d68b12b235f,2023-04,Surrey Police,Surrey Police,-0.611289,51.237626,On or near Ronald Ross Road,E01030470,Guildford 012A,Unable to prosecute suspect
1517168fd10e9d8177128fe80730fce20f99216dbdeaf3e278af34e9e4cd271b,2023-04,Surrey Police,Surrey Police,-0.186974,51.168018,On or near Mistley Gardens,E01030531,Mole Valley 013D,Investigation complete; no suspect identified
e8f670cd7d146a8b953c488e27b4e62524feed5f78eb9d32d462ffe68b3adf6b,2023-04,Surrey Police,Surrey Police,-0.519842,51.428322,On or near St Paul's Road,E01030663,Runnymede 003A,Unable to prosecute suspect
7b9a8e085f0b1bfcaa1cc5ae2930da6de655bad3f66e62cfdea24ae3d1bc8453,2023-04,Surrey Police,Surrey Police,-0.581982,51.262742,On or near Lilac Close,E01030481,Guildford 007A,Investigation complete; no suspect identified
a1bb159ae9b093d4ceee65057c3b3f31da6a9ee04ac77cd5ad15311a2b33a3da,2023-04,Surrey Police,Surrey Police,-0.576662,51.236833,On or near ,E01030452,Guildford 015A,Investigation complete; no suspect identified
30b08b25ab6c8a7cda171c5564d5d28743173f2fbbd4fb28c4d118f2b53c6a34,2023-04,Surrey Police,Surrey Police,-0.455709,51.430211,On or near St Michaels Road,E01030702,Spelthorne 005B,Unable to prosecute suspect
de439ef5a77c7e6ff172939d42bc44573e7a4c2291675fb5a20fa370a286d234,2023-04,Surrey Police,Surrey Police,-0.712570,51.248289,On or near Foreman Park,E01030421,Guildford 014A,Suspect charged
4978f70bf5d8d3f93c547ebc94d9eb93860cc6b663d77946ae9729e328c0ec72,2023-04,Surrey Police,Surrey Police,-0.656832,51.303883,On or near Herons Way,E01030474,Guildford 002D,Investigation complete; no suspect identified
45b80926eafd529e584b1750b83b73708e117ad0ec4005381c41349e19f354ba,2023-04,Surrey Police,Surrey Police,-0.144553,51.294324,On or near Harden Farm Close,E01030569,Reigate and Banstead 004E,Investigation complete; no suspect identified
bd8c3900bac30a771dcf692ea83a5d55f808b698bd190c1935b4e19bc3308daa,2023-04,Surrey Police,Surrey Police,,,No location,,,Investigation complete; no suspect identified
dc076d130ae4d7390f33911e4e3b6a23523c6684ddd4b0ab38777352c2a69d05,2023-04,Surrey Police,Surrey Police,-0.557513,51.365774,On or near Stonehill Road,E01030679,Runnymede 008C,Investigation complete; no suspect identified
0b17b0266d192a40e33cb1440fe981ff8b6442ea97d905904932d44a499fb661,2023-04,Surrey Police,Surrey Police,-0.569482,51.246628,On or near Lido Road,E01030438,Guildford 013A,Investigation complete; no suspect identified
7917e4140155d8e9dcf265a1858e94610fed939606b12e9de01761e7df80a8c4,2023-04,Surrey Police,Surrey Police,-0.326437,51.234368,On or near ,E01030537,Mole Valley 010C,Unable to prosecute suspect
a5c654365aaeab42420e407d9a62a02fcae71a6d2fdca3f0ecd3ff6bf1ab0b24,2023-04,Surrey Police,Surrey Police,-0.588949,51.263644,On or near Wake Close,E01030488,Guildford 006C,Investigation complete; no suspect identified
e6f6a5ef6732758720e391b314c6d63f1cb0abd6ae966c4d583f0b9687f04ec4,2023-04,Surrey Police,Surrey Police,,,No location,,,Investigation complete; no suspect identified
316681a31b5c3ba6fe68e2c322181184d892b213e8f72f37a404811327efdd08,2023-04,Surrey Police,Surrey Police,-0.546114,51.257500,On or near Bartoon Place,E01030436,Guildford 011A,Unable to prosecute suspect
6ec841caa3c3eff13e11d80552edd362ad1cd7213c5b445063047a4178265d05,2023-04,Surrey Police,Surrey Police,-0.495333,51.142562,On or near St James's Place,E01030875,Waverley 013F,Unable to prosecute suspect
5453c04d997e9fed3cd56d664aabc4d03d6c995d693664ae0bc450c0f217a0b4,2023-04,Surrey Police,Surrey Police,-0.422810,51.429764,On or near Kinross Drive,E01030748,Spelthorne 008A,Investigation complete; no suspect identified
599f02ed27a44f8f92b7552075af169965339c887aca8bc101690451c4fe8cd2,2023-04,Surrey Police,Surrey Police,-0.275174,51.335331,On or near ,E01030404,Epsom and Ewell 007D,Unable to prosecute suspect
b0a2af397dd87361d553bb50212b4e4c58024791dc8e91b3ece90bb5e0203132,2023-04,Surrey Police,Surrey Police,-0.275174,51.335331,On or near ,E01030404,Epsom and Ewell 007D,Unable to prosecute suspect
53e98032607b468acb751ccc996b59e522c13a32a6abbf45ed47251a66cd8d91,2023-04,Surrey Police,Surrey Police,-0.744652,51.338164,On or near Nightclub,E01030800,Surrey Heath 005E,Unable to prosecute suspect
b9e5ffcba0841b8873726c15096fed8580e2ae9ee0fe99f1417e74ad3b9263e7,2023-04,Surrey Police,Surrey Police,-0.449152,51.391862,On or near Cliveden Place,E01030733,Spelthorne 013D,Unable to prosecute suspect
285a5e0a45c0b8f939baf57679338eabfdcab13ebaa8061ecb9f4ec6602f5b9a,2023-04,Surrey Police,Surrey Police,-0.171055,51.263742,On or near Rocky Lane,E01030625,Reigate and Banstead 009D,Investigation complete; no suspect identified
906637959a57814635b758ccc133539aa3125b0f18110a9a99d6d620d3933713,2023-04,Surrey Police,Surrey Police,-0.174149,51.242091,On or near Flint Close,E01030615,Reigate and Banstead 010A,Unable to prosecute suspect
40f815fc04eab97a462939dcebd24d204cd6c0836f435e85d4739a3bca3231b0,2023-04,Surrey Police,Surrey Police,-0.608075,51.188426,On or near Bridge Road,E01030922,Waverley 007E,Investigation complete; no suspect identified
5693ff00f4c8971956b16f7c8cb6c194ed58085101d8936e4aa67a2225052f75,2023-04,Surrey Police,Surrey Police,-0.576662,51.236833,On or near Shopping Area,E01030452,Guildford 015A,Investigation complete; no suspect identified
21f2e426ca7499517b8a6b42072d608591610037eec8043144e8a96daae1a1f3,2023-04,Surrey Police,Surrey Police,-0.456687,51.437453,On or near Anglesey Close,E01030703,Spelthorne 005C,Investigation complete; no suspect identified
4f438d40ac0233dcd9da4f24e06e5e00c6d349774dbb8f29f6207934cb60b11e,2023-04,Surrey Police,Surrey Police,-0.257755,51.373687,On or near Grafton Close,E01030386,Epsom and Ewell 001A,Unable to prosecute suspect
d1b681cd6456ea0c218515b6558f895a39136d712bab9883f92a5ad46071a97f,2023-04,Surrey Police,Surrey Police,-0.246425,51.362637,On or near ,E01030406,Epsom and Ewell 003C,Investigation complete; no suspect identified
4f6873f0232c25d578a6b2e5cb1d5cbccb19009e03f4c7fd217318ad87279fa0,2023-04,Surrey Police,Surrey Police,-0.401976,51.370500,On or near Falmouth Road,E01030313,Elmbridge 010A,Unable to prosecute suspect
7d00e70486de12893d11b8b3486fce373dca057f959585b2c55f099164f777e2,2023-04,Surrey Police,Surrey Police,-0.640933,51.161565,On or near ,E01030938,Waverley 011D,Unable to prosecute suspect
7479f170e47ed4dfed1fa4fc77562bd949c348cc4eda556e85a495d6f6d3f228,2023-04,Surrey Police,Surrey Police,-0.476854,51.423320,On or near B377,E01030739,Spelthorne 007B,Local resolution
a71b1cd09fd06d3b8ef5fb62f6be0fd6d464d0c08dd876aa75eeaeccf9d6f346,2023-04,Surrey Police,Surrey Police,-0.575861,51.242765,On or near ,E01030450,Guildford 013B,Investigation complete; no suspect identified
7b6e16da18e9b814f175ad81f7c363466da3886b29bdde1f2245d3ad0f992866,2023-04,Surrey Police,Surrey Police,-0.196957,51.325214,On or near Buff Avenue,E01030564,Reigate and Banstead 002F,Investigation complete; no suspect identified
1ba4130d60b89b58216ea02cb794a3e7bbd0682bd3708f1978899bbd9e3a19b2,2023-04,Surrey Police,Surrey Police,-0.264176,51.306850,On or near Rosebery Road,E01030418,Epsom and Ewell 009E,Unable to prosecute suspect
6e46576fa3bfd344558b0b6fac65808f8941fe32585ade4157e9695741618b37,2023-04,Surrey Police,Surrey Police,-0.501132,51.431690,On or near Pinewood Drive,E01030737,Spelthorne 004D,Investigation complete; no suspect identified
d121e4dadafb77cf51bf54305f6835fc348071ceb7d345006960d330a0a93202,2023-04,Surrey Police,Surrey Police,-0.495135,51.368569,On or near Addlestone Park,E01030645,Runnymede 009A,Unable to prosecute suspect
6a2ddce8141ab96d2e912ad9f80603392cbbf7a47ab3164e57887c2d526163ea,2023-04,Surrey Police,Surrey Police,-0.555910,51.315802,On or near Marcus Court,E01030993,Woking 008E,Investigation complete; no suspect identified
475f031903671abe56ce5384fce5ecb2ef46cabc39acb5e67cd17c14513d6699,2023-04,Surrey Police,Surrey Police,-0.727875,51.273104,On or near Station Road West,E01030429,Guildford 004D,Unable to prosecute suspect
cebf31a0f8b0f24c2ad5bef86908ddda1b97a41d7715825cd3279b79d2f674b3,2023-04,Surrey Police,Surrey Police,-0.802169,51.215510,On or near ,E01030885,Waverley 003B,Investigation complete; no suspect identified
e3d0c1028ccc6f90c7bb58179f5517f819e15c83bf6f09e135e1ee827824248f,2023-04,Surrey Police,Surrey Police,-0.561387,51.319161,On or near ,E01030954,Woking 008A,Further investigation is not in the public interest
d5fa5c27d29aa582e29ac99dd3b469690157b05fd0889501e6f0e929637a6362,2023-04,Surrey Police,Surrey Police,-0.607625,51.316187,On or near Supermarket,E01030974,Woking 007A,Investigation complete; no suspect identified
154189f141f8d02872ad194dec440cc77d8d2d7951fe3acce4f3300e8f836e59,2023-04,Surrey Police,Surrey Police,-0.327157,51.325851,On or near Epsom Gap,E01030548,Mole Valley 003A,Unable to prosecute suspect
e0100a42412d38f89d7a3d84ae36dfbdf8f4c1cc54294532d1ac21e9dbea54cf,2023-04,Surrey Police,Surrey Police,-0.254066,51.375862,On or near Spinney Close,E01030386,Epsom and Ewell 001A,Investigation complete; no suspect identified
6f0612fcbbd104da74d52d04876b5388e321460f2efaddf6cef64b3f49f8b0b3,2023-04,Surrey Police,Surrey Police,-0.585748,51.222672,On or near ,E01030478,Guildford 017C,Unable to prosecute suspect
9f6def3dccfa8ea5cd9f657e014be2058ccafd0f9094568237cec6b22d8e171f,2023-04,Surrey Police,Surrey Police,-0.324548,51.233936,On or near ,E01030537,Mole Valley 010C,Unable to prosecute suspect
619fac0bee7f3661662c79644db366483eb3a54bbe5d3af45c750b137431c9dc,2023-04,Surrey Police,Surrey Police,-0.429420,51.420761,On or near A244,E01030700,Spelthorne 006D,Unable to prosecute suspect
cd75ce317e8ef9af7c36f3f8916364e3fa7dc06e4c7d7c7cb595577f17fd0175,2023-04,Surrey Police,Surrey Police,-0.271814,51.333051,On or near West Street,E01030411,Epsom and Ewell 008B,Unable to prosecute suspect
4d6f4178333d39eeff295ef3a4db55502d500859fc90c5afb60bae9cd24f0879,2023-04,Surrey Police,Surrey Police,-0.556299,51.308883,On or near ,E01030972,Woking 011B,Investigation complete; no suspect identified
7b2420e4466b949c1259a161cfd3a4604469e71ed8eabbfb599d96ebf6776eea,2023-04,Surrey Police,Surrey Police,-0.379314,51.399936,On or near Central Square,E01030336,Elmbridge 003C,Unable to prosecute suspect
0d9133cccedcb0b9583695ec61bcfeb9a7845af76b939f1ebba68ee75fb6d1b3,2023-04,Surrey Police,Surrey Police,-0.506910,51.387702,On or near Charles Street,E01030653,Runnymede 006B,Unable to prosecute suspect
ca513df56b97f71d63cb32f77e0a104f0eb634d1eb2b92016afefb9d44cfbf40,2023-04,Surrey Police,Surrey Police,-0.510239,51.434333,On or near High Street,E01030736,Spelthorne 004C,Local resolution
623fe9dceec8a9433c02539cd0056f60b544775cb063f14f7bc5367108953398,2023-04,Surrey Police,Surrey Police,-0.578515,51.426063,On or near Blay's Lane,E01030675,Runnymede 002E,Investigation complete; no suspect identified
fe201c04afb994558d575f3f4d8942edd3ca3f6ca991c1c57cc3dd14830b40e8,2023-04,Surrey Police,Surrey Police,-0.578762,51.255617,On or near Larch Avenue,E01030483,Guildford 007C,Local resolution
58b1cd014c35012d945005e2060fcc131f0ccf3be4c7f5870a09d9693cdb1df7,2023-04,Surrey Police,Surrey Police,-0.251658,51.207690,On or near The Glebe,E01030530,Mole Valley 013C,Unable to prosecute suspect
a1c461ad88d704c891d023de7fce72c87e37cd23f8ef3781ab880cbe15c7ee82,2023-04,Surrey Police,Surrey Police,-0.396240,51.368129,On or near Petrol Station,E01030317,Elmbridge 014E,Investigation complete; no suspect identified
d4dce461a51a8e6d7c558f0522f0c0d697a2364e42776b01b8e6239d67c75069,2023-04,Surrey Police,Surrey Police,-0.576662,51.236833,On or near ,E01030452,Guildford 015A,Investigation complete; no suspect identified
198370c3d136c952bddc753d443f76f4828c274553d24d509c6e7512de190f4e,2023-04,Surrey Police,Surrey Police,-0.573939,51.238309,On or near Supermarket,E01030451,Guildford 013C,Investigation complete; no suspect identified
967a8bbf4628792a62c4474696bfe00b1f9f01c82e9e81dc29f9a796e91f8aef,2023-04,Surrey Police,Surrey Police,-0.444937,51.410204,On or near Almond Close,E01030722,Spelthorne 012B,Unable to prosecute suspect
f0568c2c8043e4dddd2887a63b39bb354342c141402f07c18ef5fb90eea790e4,2023-04,Surrey Police,Surrey Police,-0.511539,51.390333,On or near Styventon Place,E01030657,Runnymede 006D,Investigation complete; no suspect identified
9af498cfe9b37f303ee868fcd1958278e045127cb84fe0d9e7c64a6c6012f347,2023-04,Surrey Police,Surrey Police,-0.689262,51.372016,On or near Dukes Hill,E01030758,Surrey Heath 002B,Investigation complete; no suspect identified
8dc90d7c15fc2262a88846832d9438ef085f0fbdaa3b10169a6dcc12135a0075,2023-04,Surrey Police,Surrey Police,-0.462876,51.433524,On or near College Way,E01030712,Spelthorne 003C,Investigation complete; no suspect identified
cd0a3563cd4d933d638b6a9ac56aaac0951ca30e3a1a57649f9c8249fe754006,2023-04,Surrey Police,Surrey Police,-0.475252,51.443784,On or near Town Lane,E01030711,Spelthorne 002C,Investigation complete; no suspect identified
2d6388fd0e34132202ba29666f29f5aaba4f805fa4cb74d8f77b2105d6f54863,2023-04,Surrey Police,Surrey Police,-0.475835,51.336297,On or near Eden Grove Road,E01030946,Woking 001A,Unable to prosecute suspect
a37955ed9c824f921c260faea124cfbb1df0c35c6217983f6cd5877ef5168581,2023-04,Surrey Police,Surrey Police,-0.463071,51.371524,On or near The Quadrant,E01030374,Elmbridge 012D,Investigation complete; no suspect identified
d5fa3b6b7e08cf1b5aa5ab782fa19e05fb1d94d84d6dd73d8a5a8861992dbe79,2023-04,Surrey Police,Surrey Police,-0.570811,51.257822,On or near Old Farm Road,E01030484,Guildford 007D,Unable to prosecute suspect
7c779aa16f0199feecb02ecccac4110bb32f6f7bf50eecad34b9d46ffc2bdf64,2023-04,Surrey Police,Surrey Police,,,No location,,,Unable to prosecute suspect
9bbc0c6703064fb7394f0121de9536ee4396ffc907b54f6b9ee145aa6a65eeb3,2023-04,Surrey Police,Surrey Police,-0.555581,51.319862,On or near Addison Road,E01030954,Woking 008A,Suspect charged
67d0000b4bd358a715b22656d74a5cb814951c4d49c25bc03172440226200b97,2023-04,Surrey Police,Surrey Police,-0.533706,51.425250,On or near ,E01030687,Runnymede 003E,Investigation complete; no suspect identified
056e2cccfce585549f621911f8d2e692b67f3d8f5855edf6451c9d79c8310d0e,2023-04,Surrey Police,Surrey Police,-0.204080,51.320710,On or near B2219,E01030560,Reigate and Banstead 002B,Unable to prosecute suspect
6064a604e08b7734c977160b3d8e4357c5d9de678d667bd585a6b69a40c96348,2023-04,Surrey Police,Surrey Police,-0.472191,51.441100,On or near Gordon Road,E01030707,Spelthorne 003A,Investigation complete; no suspect identified
5600556d69f6a9c74abe330990f14d9d466f2a45f3b346d9a02e3f2ce9ef059d,2023-04,Surrey Police,Surrey Police,-0.538053,51.339914,On or near Martyrs Lane,E01030965,Woking 003C,Investigation complete; no suspect identified
7a785268883ee769f1f9cb4847fa20db496f44a7ca82603b5c2ebb6daa45a8d7,2023-04,Surrey Police,Surrey Police,-0.331093,51.374764,On or near Southwood Gardens,E01030319,Elmbridge 009A,Unable to prosecute suspect
d9107f2f77955e01d00ff4da2f4ed9c60367eec9b8f022e415377b440c84d460,2023-04,Surrey Police,Surrey Police,-0.420645,51.414555,On or near Ravenscourt,E01030718,Spelthorne 011B,Local resolution
725120e41aca0ac205c7b2b6b2bf3280387261184888bab57fd154a4e4a61e43,2023-04,Surrey Police,Surrey Police,-0.559985,51.330465,On or near Grange Road,E01030963,Woking 003A,Investigation complete; no suspect identified
ed873458c78b00d7f71910964e9542c4e067639df3e3aff7d6e497d6459d7731,2023-04,Surrey Police,Surrey Police,-0.506910,51.387702,On or near Charles Street,E01030653,Runnymede 006B,Unable to prosecute suspect
33a8e81d0bfac0779c144c03040c191ede9d8d3ed9385a151a3ec369c6818350,2023-04,Surrey Police,Surrey Police,-0.509590,51.433489,On or near ,E01030736,Spelthorne 004C,Investigation complete; no suspect identified
2b4038d339f8640664e8c146433d9908604d9af565524d2f224048a583369995,2023-04,Surrey Police,Surrey Police,-0.331669,51.233094,On or near ,E01030534,Mole Valley 009C,Formal action is not in the public interest
9e8f858681cac45694617ea7686dbbf44b6e0e328a9580e74271d6ba5b87852b,2023-04,Surrey Police,Surrey Police,-0.576622,51.239503,On or near Police Station,E01030451,Guildford 013C,Local resolution
779de56ba632c1f8414c7984774c6fa3deaa6089cc3ffab64ed9cacd2ebae0bc,2023-04,Surrey Police,Surrey Police,-0.277008,51.336194,On or near Meadway,E01030404,Epsom and Ewell 007D,Investigation complete; no suspect identified
9216c578c024432f23a34525e1e30abc4b8396406b81d720d41c565461709f2d,2023-04,Surrey Police,Surrey Police,-0.469692,51.439656,On or near Further/Higher Educational Building,E01030707,Spelthorne 003A,Further action is not in the public interest
934effffe98e9e40aad6b9ef9cdcf3b24635e9989c3c48e03a4a20880642ce08,2023-04,Surrey Police,Surrey Police,-0.416283,51.407617,On or near Lyndhurst Avenue,E01030720,Spelthorne 011D,Local resolution
5b9d4f3b3807e7485126e548841f6aef4c129e438fce94cc8e25b54472eb6ee8,2023-04,Surrey Police,Surrey Police,-0.342994,51.388970,On or near College Drive,E01030352,Elmbridge 005C,Investigation complete; no suspect identified
5e6ea8ae9b83dd705cdbc4a1098648d8a3b04940ef686edaf61d7f393680bcf9,2023-04,Surrey Police,Surrey Police,-0.513816,51.392349,On or near Erkenwald Close,E01030657,Runnymede 006D,Local resolution
4920ceef889671586d77fa6de9bc2c3036df505cb26399402a545cac7538c851,2023-04,Surrey Police,Surrey Police,-0.800522,51.214414,On or near A325,E01030885,Waverley 003B,Investigation complete; no suspect identified
67c08f245a6d6854c6dc2c224ce17fc3d38c1e4e0783f25c7b97f3efcac048bb,2023-04,Surrey Police,Surrey Police,-0.565833,51.402484,On or near Abbey Road,E01030689,Runnymede 005A,Investigation complete; no suspect identified
7199c1754855bb1c74ab2a1ddcbfc0dc910f7540d600c3ca268c2fb9de35cdc5,2023-04,Surrey Police,Surrey Police,-0.742519,51.340039,On or near Valroy Close,E01030801,Surrey Heath 004D,Investigation complete; no suspect identified
77fd82de4fe1a897c8e9da026020132aafc7b6add90d55f9d5113d04f20f6031,2023-04,Surrey Police,Surrey Police,-0.242798,51.147791,On or near Russ Hill,E01030531,Mole Valley 013D,Unable to prosecute suspect
de9d14f0b9bbe70c0e35d871e3ff726fbbc86a8d2954f9590aa6c99938de1bf6,2023-04,Surrey Police,Surrey Police,-0.334251,51.387902,On or near Linden Close,E01030352,Elmbridge 005C,Unable to prosecute suspect
0a67e4e8d316f9748bf82c91364a82018977c482312a70cd075d95ed491dd0b7,2023-04,Surrey Police,Surrey Police,-0.330272,51.210331,On or near Hardy Close,E01030544,Mole Valley 011A,Local resolution
1f48a8e08533947c3766369688642f745b0f6a3e6196e4900b10ee1bc6d4197b,2023-04,Surrey Police,Surrey Police,-0.256130,51.347252,On or near Cullerne Close,E01030392,Epsom and Ewell 010C,Investigation complete; no suspect identified
fb6e2a6a32dac2513a34c836e641bde99319b04d52354b150fdc4dcfe87e3bfe,2023-04,Surrey Police,Surrey Police,-0.746890,51.336633,On or near Albert Road,E01030800,Surrey Heath 005E,Investigation complete; no suspect identified
8df0cb95329a37361bd6835d8ab41e797cf1356d9a8fae055cb8ea28df94a372,2023-04,Surrey Police,Surrey Police,-0.727970,51.304461,On or near Beresford Close,E01030770,Surrey Heath 011A,Unable to prosecute suspect
0366b70ba04d2fc4ea2ba3027a742ccbd4cd3bb385b35ba38dc8a300aac481ea,2023-04,Surrey Police,Surrey Police,-0.505248,51.338142,On or near Station Approach,E01031004,Woking 002E,Local resolution
8f7c2bd07360a8ec860cc99728a0696f08597bc74f9adb5c99c06a924c9a52fd,2023-04,Surrey Police,Surrey Police,-0.494772,51.429127,On or near Stainash Crescent,E01030737,Spelthorne 004D,Unable to prosecute suspect
55fed0c2dda20bb7da8ba5b7fc19db2779ce7c5225b44d5e82eb5a3c1fafe727,2023-04,Surrey Police,Surrey Police,-0.342043,51.225804,On or near Nower Close East,E01030535,Mole Valley 010A,Investigation complete; no suspect identified
cbb94361d68d0530d25429648c1feb7348e3360614695c497adae32b96194a46,2023-04,Surrey Police,Surrey Police,-0.184650,51.183486,On or near Harp Road,E01030584,Reigate and Banstead 016A,Investigation complete; no suspect identified
b6c68b33b0b300a42fbe2df0288b54728a721b0cece474415ab555eeb93ca632,2023-04,Surrey Police,Surrey Police,-0.695058,51.180517,On or near Hookley Lane,E01030878,Waverley 011B,Further action is not in the public interest
1acec210aff1894a29afec00a79a247041d96fd08ab4f002c83c7813d3095ad4,2023-04,Surrey Police,Surrey Police,-0.172290,51.172925,On or near Ashleigh Close,E01030588,Reigate and Banstead 016E,Unable to prosecute suspect
ed493989c3452dbf382e6de7385800a92e12636aa25a15a997b24547e9a70955,2023-04,Surrey Police,Surrey Police,-0.246445,51.362862,On or near Stoneleigh Broadway,E01030406,Epsom and Ewell 003C,Unable to prosecute suspect
971ea1d32e84407f97324e81dd30f6a8eb20c244b10b9dd1b74e0b7055ace1c9,2023-04,Surrey Police,Surrey Police,-0.573993,51.235110,On or near The Shambles,E01030455,Guildford 013E,Investigation complete; no suspect identified
a4a527bdca463517342f2351a01c9ba06dc02c3d3ef7a362107bf901b9f8ffe4,2023-04,Surrey Police,Surrey Police,-0.579448,51.225896,On or near The Valley,E01030449,Guildford 016B,Suspect charged
27db62d65db7f16a3c5657cd37c8261453bb3718eb71950d4384a6b4f108e3fd,2023-04,Surrey Police,Surrey Police,-0.295020,51.309615,On or near Howard Close,E01030509,Mole Valley 001C,Unable to prosecute suspect
87dd6e0eefb65b7551ca89ab389be6ff36d521bb10773ba3ad7d26340077a1d9,2023-04,Surrey Police,Surrey Police,-0.530736,51.334373,On or near Hennessy Court,E01030985,Woking 004F,Unable to prosecute suspect
a7e0c457943e1209e3bac0797ac99558e72a9f3e1275e0594f7d0f0f5287d776,2023-04,Surrey Police,Surrey Police,-0.143974,51.262066,On or near Greensand Close,E01030599,Reigate and Banstead 008A,Unable to prosecute suspect
f8d79d747f9604223bfc851323465def281e64b8bf4ecc13ec408ab447e55358,2023-04,Surrey Police,Surrey Police,-0.282914,51.361010,On or near Carnforth Close,E01030401,Epsom and Ewell 005C,Investigation complete; no suspect identified
ffe1aa84c7664fd0f9cc755f6168153e3251082a1d2b0615fcd4718bf04bfbcc,2023-04,Surrey Police,Surrey Police,-0.539414,51.325093,On or near Latimer Close,E01030982,Woking 004C,Unable to prosecute suspect
125484f254222fa55b935fee0f7a20b56b97e8d6f7f4efeb85144da8cb846023,2023-04,Surrey Police,Surrey Police,,,No location,,,Investigation complete; no suspect identified
624db7a1867474997042a03cd29ae62ec509c395d80b6d0aaf6239c9f7d588c3,2023-04,Surrey Police,Surrey Police,-0.324404,51.302125,On or near Cressall Mead,E01030550,Mole Valley 003C,Unable to prosecute suspect
1bf05e3f0ad7e9e848c9d9293ca0178366805173ed90e46401b074c3dd8f6636,2023-04,Surrey Police,Surrey Police,-0.038524,51.289322,On or near Long Hill,E01030861,Tandridge 004F,Unable to prosecute suspect
e2d91cfdb9d755642f3034c2e8267275865a0774dba3075225052f8d9326e8ec,2023-04,Surrey Police,Surrey Police,-0.500938,51.465301,On or near Flintlock Close,E01030747,Spelthorne 001D,Investigation complete; no suspect identified
f83adad3c154a564ff293e928debd83c2e33d3a397f1dfe3096c82642e56734e,2023-04,Surrey Police,Surrey Police,-0.489456,51.404492,On or near ,E01030721,Spelthorne 012A,Unable to prosecute suspect
a6c10f18a4f5aa40b8f8318f1b1ccf8f22826b7b46eec10e156e90a0686cf4e1,2023-04,Surrey Police,Surrey Police,-0.406520,51.374501,On or near Noble Street,E01030366,Elmbridge 010C,Investigation complete; no suspect identified
9863f01f4d181afd82199e69d7f0fb5715ddbfb2671af93039c168da5673cb4b,2023-04,Surrey Police,Surrey Police,-0.527051,51.427793,On or near Glebe Road,E01030665,Runnymede 003C,Investigation complete; no suspect identified
66d84d7a5110c6f0737a7d30f014dc7389c356787699fb6213ff786271b43167,2023-04,Surrey Police,Surrey Police,-0.577656,51.236171,On or near ,E01030455,Guildford 013E,Investigation complete; no suspect identified
bfaca4b2b8a814909e2c3a1c1c5f4ec99e4746ee7034f38c2eb9af7f742e996e,2023-04,Surrey Police,Surrey Police,-0.167692,51.181369,On or near Wesley Close,E01030585,Reigate and Banstead 016B,Unable to prosecute suspect
7480e03549ee5c3c743cca9ecab4c2ae8d5a94a6c255363e6d67fff91775b418,2023-04,Surrey Police,Surrey Police,-0.154035,51.235606,On or near Nutfield Road,E01030612,Reigate and Banstead 011C,Unable to prosecute suspect
770765077861ff47773a0f7afc940576e78b63411ca3809f9b7bfdcda2b41c76,2023-04,Surrey Police,Surrey Police,-0.605292,51.347784,On or near Bagshot Road,E01030764,Surrey Heath 001B,Unable to prosecute suspect
2974aabedabf7906bf87ec8370588d4795c3c33f4af4138d97a82742a2a16006,2023-04,Surrey Police,Surrey Police,-0.326400,51.216445,On or near Goodwyns Road,E01030547,Mole Valley 011D,Unable to prosecute suspect
28363c96494bee14a55bfdb34e40d1e6ea103bf97779e58b84cd9843dde935e9,2023-04,Surrey Police,Surrey Police,-0.573939,51.238309,On or near Supermarket,E01030451,Guildford 013C,Investigation complete; no suspect identified
a584da113f605d7c672ba3570dd5e6370677ac508cbee0f9880fc90a22fa3a54,2023-04,Surrey Police,Surrey Police,-0.471949,51.449622,On or near Explorer Avenue,E01030710,Spelthorne 002B,Investigation complete; no suspect identified
bffa547edd631ce1ffd620923a6f4e2c9643d1ea727127903032112ee61899a4,2023-04,Surrey Police,Surrey Police,-0.461659,51.404229,On or near Ash Road,E01030722,Spelthorne 012B,Investigation complete; no suspect identified
f570e1b8f46d2c3fac9399a78e5e04b3801f6a9c60b4685b3b8a71ecf11faba9,2023-04,Surrey Police,Surrey Police,-0.472154,51.338192,On or near Chuters Close,E01030948,Woking 001C,Unable to prosecute suspect
ce8c4db91234212a182405e23770c99c6d087a3adfea63bdbae30bed3a3eded9,2023-04,Surrey Police,Surrey Police,-0.327734,51.305239,On or near Barnett Close,E01030549,Mole Valley 003B,Investigation complete; no suspect identified
7b2c6b6b7c8158537aa1c954481667c54b752692a02d5e7c0168ab1d7ce85eaf,2023-04,Surrey Police,Surrey Police,-0.642779,51.323630,On or near Mainstone Road,E01030761,Surrey Heath 006A,Unable to prosecute suspect
582ea8d33de8483dacf2eec994e95df1e578d13bd8ebd20fe941c9acec748153,2023-04,Surrey Police,Surrey Police,-0.642779,51.323630,On or near Mainstone Road,E01030761,Surrey Heath 006A,Unable to prosecute suspect
e8d0c8a830a551ff72dfcaf803510d5cf3b5fe3854f2eed02079b9e8a28dbbc8,2023-04,Surrey Police,Surrey Police,-0.605665,51.244079,On or near Southway,E01030496,Guildford 012C,Action to be taken by another organisation
e158c766962cd0f3e4999271aa426782e9be123078d49e4490f49ea5e8215761,2023-04,Surrey Police,Surrey Police,-0.605665,51.244079,On or near Southway,E01030496,Guildford 012C,Action to be taken by another organisation
8bf21e002660a86fca28e26456cc1e1b99a5003e79a4209b7b29920374ddceaa,2023-04,Surrey Police,Surrey Police,-0.346719,51.294331,On or near Cannon Side,E01030539,Mole Valley 005A,Unable to prosecute suspect
c4df01646fa6730158e11fc92a5c4391b4b393247366e76537be81e296a7bf6c,2023-04,Surrey Police,Surrey Police,-0.333928,51.234501,On or near ,E01030532,Mole Valley 009A,Further investigation is not in the public interest
690830c7096a7ed8eaa5ebe763b2bcc3356749619cdfe6b32b5267b021960197,2023-04,Surrey Police,Surrey Police,-0.245720,51.343850,On or near Swallow Place,E01030396,Epsom and Ewell 010D,Action to be taken by another organisation
53a9c87221670b56d7ca2bacf7606dc62cbddaa011f8daffb3305dd78ebea75e,2023-04,Surrey Police,Surrey Police,-0.506459,51.437316,On or near Moormede Crescent,E01030736,Spelthorne 004C,Investigation complete; no suspect identified
17c451b34157cefac3a14f3417308a2ee06c4ec788a3b747831ce101e4aa5aa0,2023-04,Surrey Police,Surrey Police,-0.471949,51.449622,On or near Explorer Avenue,E01030710,Spelthorne 002B,Investigation complete; no suspect identified
fe44f82e5528f1a8fc640b2d520f5a5494dadd0c6ebab81125aa88fcc815f9a8,2023-04,Surrey Police,Surrey Police,-0.267261,51.332342,On or near ,E01030411,Epsom and Ewell 008B,Investigation complete; no suspect identified
804b9f12dfc30e1d9bbdf12155700d2509dfa07c52179ded07a7c61d548c6b65,2023-04,Surrey Police,Surrey Police,-0.805577,51.214951,On or near Falkner Road,E01030885,Waverley 003B,Investigation complete; no suspect identified
e14f39b00c9cc4fee2e150729485065a83db3c048ccee18aa8cdd9500114cb82,2023-04,Surrey Police,Surrey Police,-0.335327,51.252777,On or near Burney Road,E01030556,Mole Valley 009D,Further investigation is not in the public interest
6fc2a9bda7a25022a0b1622a2601e2dbd98546a31515b96f4011f08d2e9dc5da,2023-04,Surrey Police,Surrey Police,-0.397189,51.382080,On or near King George Avenue,E01030355,Elmbridge 008B,Further investigation is not in the public interest
3a94c70642c96f7867e7fe9d135385bd69c23ea0064095b607bd7d698e4bccf2,2023-04,Surrey Police,Surrey Police,-0.453568,51.372577,On or near Monument Hill,E01030374,Elmbridge 012D,Unable to prosecute suspect
8d9fa32ff9761f90889d80db02051173b190c028ab5668504126c95c72de9f66,2023-04,Surrey Police,Surrey Police,-0.368229,51.397552,On or near Ray Road,E01030335,Elmbridge 003B,Unable to prosecute suspect
10adf868399107d30ac2786164b813627d87aff9f9b04f15da5e7f4d4560e37b,2023-04,Surrey Police,Surrey Police,-0.550482,51.307273,On or near Sundridge Road,E01030972,Woking 011B,Further investigation is not in the public interest
a225cf93cd3614c899bc46ed2bdb9464f17b6b5f4d3080cbca317f498a487431,2023-04,Surrey Police,Surrey Police,-0.337619,51.301253,On or near Tudor Walk,E01030549,Mole Valley 003B,Investigation complete; no suspect identified
50913962cd688c635f493efd2ba447f0ee90ed8f78b16640d711c78427c1d683,2023-04,Surrey Police,Surrey Police,-0.013185,51.264982,On or near Central Way,E01030837,Tandridge 006D,Unable to prosecute suspect
fb28d31a80be48804bbaa579207330aa6b64cff5b840386e56cb814bc887af69,2023-04,Surrey Police,Surrey Police,-0.729628,51.308823,On or near St Andrew's Way,E01030772,Surrey Heath 011C,Investigation complete; no suspect identified
5d47ab59b18ec13e73b601bcedd3089086c377b7beefa9fc7f92db091f23be60,2023-04,Surrey Police,Surrey Police,-0.406121,51.389297,On or near Nightingale Road,E01030361,Elmbridge 004A,Investigation complete; no suspect identified
399ace252d5a038e3a75f575b39ff95940d2ee853780cb696c99d1408f5b1593,2023-04,Surrey Police,Surrey Police,-0.319450,51.385487,On or near Windmill Close,E01030324,Elmbridge 006C,Further investigation is not in the public interest
b112a6062f8a61902f37a191b8e3804e29e963e0c08c03ff78e582f2b1ca6442,2023-04,Surrey Police,Surrey Police,-0.724650,51.245625,On or near ,E01030424,Guildford 010A,Action to be taken by another organisation
cf9199f4040053ae6e168f5cd7f056b2eca619c706d559faefe4a0edb92efecd,2023-04,Surrey Police,Surrey Police,-0.749161,51.332853,On or near Bennett Court,E01030795,Surrey Heath 008C,Suspect charged
e9442e1f65ebe2d50e45948101bf2cb8439abbb231d3b75b29950a0a1b06fcf1,2023-04,Surrey Police,Surrey Police,-0.576622,51.239503,On or near Police Station,E01030451,Guildford 013C,Unable to prosecute suspect
48c1d4b03574111b11ccc376525732fd72b6709db49cd8cece0fa059ae2f0fc1,2023-04,Surrey Police,Surrey Police,-0.546971,51.431953,On or near High Street,E01030668,Runnymede 001B,Investigation complete; no suspect identified
bd5573ff57e7ba53001148cc869c297422f87dd0b7cd70e4fb8e99b318e32818,2023-04,Surrey Police,Surrey Police,-0.504687,51.463352,On or near Colne Reach,E01030747,Spelthorne 001D,Unable to prosecute suspect
c7b9bab4efec20a7938c7dc8ddd2470822fd484a2f3e52070f1abbbce6f19b2d,2023-04,Surrey Police,Surrey Police,-0.475143,51.425897,On or near Kingston Road,E01030740,Spelthorne 007C,Unable to prosecute suspect
c9d1c11cdfa2c161ced044ede821c7b9fb70721673a6b626ad89d2b25e77501b,2023-04,Surrey Police,Surrey Police,-0.431871,51.388628,On or near Swan Walk,E01030732,Spelthorne 013C,Investigation complete; no suspect identified
06044bd4791f5a7cf7236c4f8f00089ebd3b7f40a50c74d3898936eb44e981c8,2023-04,Surrey Police,Surrey Police,-0.514606,51.360868,On or near Howards Lane,E01030661,Runnymede 009D,Unable to prosecute suspect
daa5c619378c20a93d60eab0c4858591a8b0d95b7d082ed98ed519d56c6377c1,2023-04,Surrey Police,Surrey Police,-0.751189,51.330051,On or near Chillingham Way,E01030804,Surrey Heath 008E,Local resolution
1c4f6a84da04bad98695749b73b1b4bc12e81755741a2737d0134c70cada48e0,2023-04,Surrey Police,Surrey Police,-0.514905,51.433745,On or near Clarence Street,E01030736,Spelthorne 004C,Unable to prosecute suspect
27af72db403517db038524d4d154eb6e53f8e0b2e0e6f3d2a53f0f212773ba6a,2023-04,Surrey Police,Surrey Police,-0.197082,51.160809,On or near ,E01031575,Crawley 001C,Unable to prosecute suspect
8430e8897d565c4cf409e72e6a747fee727b2602cb4a1cc1ffadd953b262330e,2023-04,Surrey Police,Surrey Police,,,No location,,,Investigation complete; no suspect identified
170b8624f976e837842ace3cbaf1c14e2d403333502d69aba083d37195486550,2023-04,Surrey Police,Surrey Police,-0.164292,51.172602,On or near Consort Way,E01035361,Reigate and Banstead 018F,Investigation complete; no suspect identified
cf679934cff7dd6dca4bc096e1522a2d703dfb984914060a2c9a48777bc1a9cd,2023-04,Surrey Police,Surrey Police,-0.561387,51.319161,On or near ,E01030954,Woking 008A,Unable to prosecute suspect
d2a54bf9c7868c0d0ceee4b4945fc696ec3cdc7735d5ffacb369bda744ef3981,2023-04,Surrey Police,Surrey Police,-0.515887,51.429612,On or near Farm Close,E01030663,Runnymede 003A,Unable to prosecute suspect
4f054c5266e5732217e8199b06440835db3b14750012d9294338d58d3f05083a,2023-04,Surrey Police,Surrey Police,-0.331439,51.305922,On or near Kingston Road,E01030549,Mole Valley 003B,Unable to prosecute suspect
a104ef707287559d286d7f07bfe69c5aab64df0a4b53bc60cb9fdf9a1eafeb00,2023-04,Surrey Police,Surrey Police,-0.558135,51.317124,On or near Station Approach,E01030993,Woking 008E,Suspect charged
dd8709fcd3b76e5d7d50f82f7d67d3feec19c2bb3371aa863b1a2bd1988a5dc0,2023-04,Surrey Police,Surrey Police,-0.525931,51.431771,On or near Wendover Place,E01030666,Runnymede 003D,Investigation complete; no suspect identified
a5901657190606584159205640511a236c046eb77b926da0810a128f02a28641,2023-04,Surrey Police,Surrey Police,-0.509590,51.433489,On or near Shopping Area,E01034291,Spelthorne 004F,Local resolution
99073b8b6c714c5b14a3cbc91305eaf2959becc359fa0c570067d2580dc7785a,2023-04,Surrey Police,Surrey Police,-0.504906,51.357471,On or near Weston Close,E01030660,Runnymede 009C,Unable to prosecute suspect
b1239e410d18b4f8b96f1959fabfedb0bc8e4fe7c804c7778493240579f282a6,2023-04,Surrey Police,Surrey Police,-0.577569,51.254802,On or near Cypress Road,E01030483,Guildford 007C,Unable to prosecute suspect
2e75729fe55307a0bc9b03de0f9017d131a0950051aa94bc25e889acab6df87b,2023-04,Surrey Police,Surrey Police,-0.504377,51.333572,On or near Melbury Close,E01031002,Woking 002C,Investigation complete; no suspect identified
5b9dcfe54003c7f85244515e2d916014f6e5a8a71a11143532def8db37d2bdc0,2023-04,Surrey Police,Surrey Police,-0.605665,51.244079,On or near Southway,E01030496,Guildford 012C,Action to be taken by another organisation
9d7516110b99eca601c26a9d8e2484afd4c9540ef74dd212aceabb7534a1d726,2023-04,Surrey Police,Surrey Police,-0.265361,51.333750,On or near Theatre/Concert Hall,E01034290,Epsom and Ewell 008F,Investigation complete; no suspect identified
2c24e14314339f3e19168943e5312bbc8286129b4cd76862048cccc9ae5be69a,2023-04,Surrey Police,Surrey Police,-0.605665,51.244079,On or near Southway,E01030496,Guildford 012C,Action to be taken by another organisation
25f8b785d884f7cf31d3fe0cd76c32d2cb761342a4ee297b48342c8602fe03b2,2023-04,Surrey Police,Surrey Police,-0.699393,51.323751,On or near Cheylesmore Drive,E01030774,Surrey Heath 007A,Unable to prosecute suspect
db42203aed0359cea76a3f232036f2e8550b87d0a7e1b45d6ec7e807b794125d,2023-04,Surrey Police,Surrey Police,-0.562517,51.238881,On or near West Road,E01030453,Guildford 013D,Unable to prosecute suspect
5d81ee596a84eb05c56dbb565b69c2977de933bb92031def78107629d84a73c7,2023-04,Surrey Police,Surrey Police,-0.166753,51.197829,On or near Wood Close,E01030628,Reigate and Banstead 015A,Investigation complete; no suspect identified
4168256c2503c60d86d4fc4ef3f9d04f400372f34425dc314a3a0a1e87bc96fb,2023-04,Surrey Police,Surrey Police,-0.530736,51.334373,On or near Hennessy Court,E01030985,Woking 004F,Further investigation is not in the public interest
3883da3ba30d4df46f08c8f9af4d118b3a89687ddc60b9e7990715aa4490b07d,2023-04,Surrey Police,Surrey Police,-0.518300,51.435065,On or near Island Close,E01030735,Spelthorne 004B,Investigation complete; no suspect identified
4c7a0573a1fceba3f739d2a188fea859708c476ce4d20ea60a06133495d0d80c,2023-04,Surrey Police,Surrey Police,-0.168830,51.240020,On or near Shopping Area,E01030615,Reigate and Banstead 010A,Investigation complete; no suspect identified
45b90341b0aa45b4e5622e3b0b817460ac007252e2c2d3094599edaa91442b63,2023-04,Surrey Police,Surrey Police,-0.617397,51.195398,On or near Charterhouse Road,E01030917,Waverley 007B,Unable to prosecute suspect
0cb8029a8cfd325c2f7945ac9cbec8e537b1d154f8e7879ab6e644e06f3dd715,2023-04,Surrey Police,Surrey Police,-0.163960,51.215520,On or near Edgefield Close,E01030572,Reigate and Banstead 014C,Local resolution
27e56e88b873ad4a358c25a882b7b93d820674986b71e2d085e9fe404d56fa23,2023-04,Surrey Police,Surrey Police,-0.513346,51.404644,On or near ,E01030685,Runnymede 004C,Local resolution
bf0e61475489f7889f8baa6482c6f166e51d5bf0141a9332849285f2063b03f9,2023-04,Surrey Police,Surrey Police,-0.276638,51.364407,On or near Larkspur Way,E01030399,Epsom and Ewell 002B,Investigation complete; no suspect identified
35cff497f8136e843222f31cb3661c0906d33b51ebf1f37f293ecf9be302a148,2023-04,Surrey Police,Surrey Police,-0.010194,51.177861,On or near New Place Gardens,E01030835,Tandridge 010E,Investigation complete; no suspect identified
ee39649598a983dd01f49de10d71e1f5688c0114bb3cae522524e1f1479562c6,2023-04,Surrey Police,Surrey Police,-0.184650,51.183486,On or near Harp Road,E01030584,Reigate and Banstead 016A,Investigation complete; no suspect identified
c407b7390a98a86a8ae65ef1e0a2c1be864de04656ae5fd32d26552e59f91a10,2023-04,Surrey Police,Surrey Police,-0.287576,51.351169,On or near Lady Forsdyke Way,E01030401,Epsom and Ewell 005C,Unable to prosecute suspect
7b6001b86a1bb3cb067c16f71316f714f88e15f8dc09522e6b7e6b336e070d71,2023-04,Surrey Police,Surrey Police,-0.247592,51.371566,On or near Inveresk Gardens,E01030387,Epsom and Ewell 001B,Unable to prosecute suspect
32f2cb9c2178fc549e7a801e6c1665512f59915442a4f474ac7d598c9131614f,2023-04,Surrey Police,Surrey Police,-0.729775,51.319606,On or near Tomlins Avenue,E01030769,Surrey Heath 010D,Local resolution
8c248da5efff1f209249d74edad27cbdb1db310c11748cdffe1fe889ab93e11b,2023-04,Surrey Police,Surrey Police,-0.168759,51.236377,On or near Reading Arch Road,E01030613,Reigate and Banstead 011D,Investigation complete; no suspect identified
deee3c8d8374701740c43320bc49ff776d4d0d084cbe3b106dcd002d2eb34bc0,2023-04,Surrey Police,Surrey Police,-0.104464,51.291847,On or near Coldstream Road,E01030857,Tandridge 003D,Investigation complete; no suspect identified
fb78fedc25f339bcc04d40bd071f6ec9e429e4aeb2dbe76b47b2c2ad1569c621,2023-04,Surrey Police,Surrey Police,-0.494872,51.387980,On or near Supermarket,E01030654,Runnymede 006C,Investigation complete; no suspect identified
4e42d6ca1aafedf239156892187a2c24985b7df8816ae6eeb9f4ede455e66e7d,2023-04,Surrey Police,Surrey Police,-0.722781,51.346138,On or near Caesar's Close,E01030786,Surrey Heath 004A,Investigation complete; no suspect identified
6eeb4b8c044d2ffef902ea491c01149e6c6d5e149f538f8721dfc5044bd3db10,2023-04,Surrey Police,Surrey Police,-0.329232,51.296385,On or near Leret Way,E01030550,Mole Valley 003C,Local resolution
199854bec9633684666a40224df246a52579ff021a95d31b40e8530ccdaa200f,2023-04,Surrey Police,Surrey Police,-0.141701,51.291050,On or near Thistley Close,E01030569,Reigate and Banstead 004E,Investigation complete; no suspect identified
847771865d2a18ff63e822b3778e5429c983be44458990119d6a41c4a7fc06fb,2023-04,Surrey Police,Surrey Police,-0.607998,51.308681,On or near Oakwood Road,E01030961,Woking 009B,Further action is not in the public interest
396b3a32d5a280a5fa9475decd8f445055321e5df4003554f978f56680b10f1a,2023-04,Surrey Police,Surrey Police,-0.294441,51.315155,On or near Stonny Croft,E01030513,Mole Valley 001D,Unable to prosecute suspect
24b0b9b003fa9f8bd13b56933fad68ce5245e2630ac372e1476f83ebf2bbdc41,2023-04,Surrey Police,Surrey Police,-0.614929,51.321505,On or near Barley Mow Close,E01030977,Woking 007D,Investigation complete; no suspect identified
3127b36188d46983c652576f856550bf847579654d2d523a81b6adcf8f560a00,2023-04,Surrey Police,Surrey Police,-0.197529,51.256042,On or near Fort Lane,E01030625,Reigate and Banstead 009D,Investigation complete; no suspect identified
76fb6ec269951afc5c99a81939ef62f35fa82644212ce81b95a65089b9d55bb7,2023-04,Surrey Police,Surrey Police,-0.324404,51.302125,On or near Cressall Mead,E01030550,Mole Valley 003C,Unable to prosecute suspect
d707dd8befa97406b93ac79940614123d544a3c9d0701f659c043f0f896840b2,2023-04,Surrey Police,Surrey Police,-0.514905,51.433745,On or near Clarence Street,E01030736,Spelthorne 004C,Unable to prosecute suspect
a0fd9eef893e6f82aa9a229c218295b3e07fec8d195ef399b2bef62177741c2a,2023-04,Surrey Police,Surrey Police,-0.540610,51.293743,On or near Cartbridge Close,E01030477,Guildford 001F,Investigation complete; no suspect identified
739611a45db5d3f724df6babba423bc0c85c92296e4138fef034862900033e3b,2023-04,Surrey Police,Surrey Police,-0.495945,51.370162,On or near Church Close,E01030648,Runnymede 007B,Further investigation is not in the public interest
fccde4b58a91486007e6221d44026350dde7ddfb672dcd4a469be61734729c2d,2023-04,Surrey Police,Surrey Police,-0.615590,51.315291,On or near Alexandra Gardens,E01030979,Woking 007E,Further investigation is not in the public interest
4d38b1b581978071d934c510cd4da10c17eb7756767167b77511fb03a1c95b8e,2023-04,Surrey Police,Surrey Police,-0.482558,51.457358,On or near Crofters Close,E01030743,Spelthorne 001A,Unable to prosecute suspect
7e932109433ed7e01835d18cfe1ab221213ab1e5f1d8e0e3e84610345f0acd7c,2023-04,Surrey Police,Surrey Police,-0.584088,51.236186,On or near Genyn Road,E01030452,Guildford 015A,Unable to prosecute suspect
738d8415b8f076ac02c0b0155dea090ee493af0cfc1eaf417cb731f2f2101ba3,2023-04,Surrey Police,Surrey Police,-0.708413,51.087008,On or near Old Bake House Mews,E01030933,Waverley 016D,Unable to prosecute suspect
6cc597ce379aa5893e82eecf8789d926489df2c2a50052c0b2886bce2e5be6b5,2023-04,Surrey Police,Surrey Police,-0.451979,51.278190,On or near Farleys Close,E01030444,Guildford 003D,Unable to prosecute suspect
53cf7b827c86e86982fd8c96cbcd1311d23b91a86e1f78c9d11291866af85dd9,2023-04,Surrey Police,Surrey Police,,,No location,,,Unable to prosecute suspect
e645786b097c152d68e5a56378e7cf4bbcf01a398fb1c63465604fe8c75aad8a,2023-04,Surrey Police,Surrey Police,-0.064304,51.203149,On or near Carlton Road,E01030827,Tandridge 009D,Unable to prosecute suspect
0e59b03452621c774e88de89e6e3a35673ea4039357cf982c569234f2b40fd9a,2023-04,Surrey Police,Surrey Police,-0.448133,51.361661,On or near Granville Close,E01030348,Elmbridge 016C,Unable to prosecute suspect
40164bf3bed8f0d9dcdaf3b45aabe828426a821c21ba35aabc98cb4204478230,2023-04,Surrey Police,Surrey Police,-0.061711,51.306777,On or near Hillbury Gardens,E01030855,Tandridge 002A,Unable to prosecute suspect
84112c174d2283bb233b6bec82d70615028cdbad456f15c6cb23e85bedf9d549,2023-04,Surrey Police,Surrey Police,-0.284384,51.345493,On or near ,E01030383,Epsom and Ewell 005A,Further investigation is not in the public interest
81d7534165341ccb725b5dd9207b7533e47ba881cbe192b129802ca5eeb8af09,2023-04,Surrey Police,Surrey Police,-0.805986,51.236204,On or near Blackheath Road,E01030901,Waverley 002E,Investigation complete; no suspect identified
46e1419df4def81f5f53dc049e86789ba86a40e7b8da0bfdc7e25c29c14afb54,2023-04,Surrey Police,Surrey Police,-0.248981,51.347972,On or near ,E01030392,Epsom and Ewell 010C,Unable to prosecute suspect
de8fe06cd6b51207b984c6747862c41b1c4a2ee73d39e92ab6d2b0e083e87519,2023-04,Surrey Police,Surrey Police,-0.267707,51.334609,On or near Waterloo Road,E01030411,Epsom and Ewell 008B,Investigation complete; no suspect identified
3f17fe55ee8441f9f34ce1edb8e5b4f5bfd0d5e5ed672f308d752c39f45c5aeb,2023-04,Surrey Police,Surrey Police,-0.389886,51.379714,On or near Maitland Close,E01030365,Elmbridge 008D,Unable to prosecute suspect
e9ed3cef6c711e9c7c42c77930e735afb3594d8a6f32b761c643229922bbc231,2023-04,Surrey Police,Surrey Police,-0.732430,51.229460,On or near The Street,E01030423,Guildford 014C,Investigation complete; no suspect identified
a36648c96c223554adfa971bf77e23e57ddaa20c296931e3d2218cae086e74d0,2023-04,Surrey Police,Surrey Police,,,No location,,,Unable to prosecute suspect
d34f2bc36fd705929ebeb49ec92d5575e324dd0ca5899b93246cb7a2f101d9e3,2023-04,Surrey Police,Surrey Police,-0.574692,51.323711,On or near ,E01030969,Woking 008B,Investigation complete; no suspect identified
54fe0f0c58e7be94f61c031548a4ead8539ee2bde683c4b5161dc398e8e08a5e,2023-04,Surrey Police,Surrey Police,-0.405668,51.334914,On or near Lockhart Road,E01030300,Elmbridge 017A,Further investigation is not in the public interest
30a787247591cb6a2c4efccb5b8fec726e7f7b862cabbea1f71cd64d0226dc1b,2023-04,Surrey Police,Surrey Police,-0.373448,51.398740,On or near Down Street,E01030337,Elmbridge 003D,Unable to prosecute suspect
b737008763e27c12cb74084af74f1a8ce311d8141e737b330b4e06e4780d12de,2023-04,Surrey Police,Surrey Police,-0.573897,51.260926,On or near Petrol Station,E01030481,Guildford 007A,Investigation complete; no suspect identified
3ab8dc1d9583f7f61a93178e98da6d6332d274940894d087445ab5897bef4650,2023-04,Surrey Police,Surrey Police,,,No location,,,Investigation complete; no suspect identified
7dc7a6c074705115e5b02cffa762c6a578ce61259074658232d893664cabc608,2023-04,Surrey Police,Surrey Police,-0.395040,51.338743,On or near Queensgate,E01030306,Elmbridge 017F,Unable to prosecute suspect
1143ac33f7ab17994e663ce1757984a25f62f8e1464f229139ea97c931e3af9e,2023-04,Surrey Police,Surrey Police,-0.729219,51.327252,On or near Glynswood,E01030789,Surrey Heath 009A,Unable to prosecute suspect
1a0c618c686cfb9740b368953efbb5262fb36f45a0cdfb6580bfb165fd83a84d,2023-04,Surrey Police,Surrey Police,-0.073710,51.302217,On or near Well Farm Road,E01030859,Tandridge 002C,Further investigation is not in the public interest
02c24076b3c67d5130f61e48078cc976f5ed126588576114745c2142886db67f,2023-04,Surrey Police,Surrey Police,-0.424338,51.427995,On or near ,E01030750,Spelthorne 008C,Unable to prosecute suspect
4ff0575685b14efa99b252d3ae5b36e8b45e11f0a142232eec8b2b7e86a08465,2023-04,Surrey Police,Surrey Police,,,No location,,,Unable to prosecute suspect
33eb63ccc467c78ed589139b04aca4ad0bf69c614b2df85a9bc7500c5050dcd2,2023-04,Surrey Police,Surrey Police,-0.576662,51.236833,On or near ,E01030452,Guildford 015A,Unable to prosecute suspect
df30b7b016f0fef2a0f1973aab16a7cac0ae6126e95172f6eb2885d648d9f312,2023-04,Surrey Police,Surrey Police,-0.407750,51.363889,On or near Ashton Close,E01030315,Elmbridge 014C,Investigation complete; no suspect identified
1271e57e035e499ccbc78408e277da11148dacc2e83ca788e85c947b5ca92a0a,2023-04,Surrey Police,Surrey Police,-0.491809,51.339921,On or near Pinehurst Gardens,E01031003,Woking 002D,Unable to prosecute suspect
575f09413404592c14741a0a868db55afdd5f0d025d5bb26af64d3e8cfe3650d,2023-04,Surrey Police,Surrey Police,-0.579428,51.233521,On or near Mount Pleasant,E01030448,Guildford 016A,Unable to prosecute suspect
5a23e5be4d7aa816f7c162f6cf284cd628d771c19b770003920758310a2e1a2e,2023-04,Surrey Police,Surrey Police,-0.342517,51.359612,On or near Fawcus Close,E01030298,Elmbridge 015C,Investigation complete; no suspect identified
f864b1278e419ecd7f026fed16d23f8aad245d9c20c185a3755b19a5ae314e7f,2023-04,Surrey Police,Surrey Police,-0.061711,51.306777,On or near Hillbury Gardens,E01030855,Tandridge 002A,Unable to prosecute suspect
f4f7bad34d020fb6aa31790316f5319017517f39bb563e10a0ae9cf6f26c1a06,2023-04,Surrey Police,Surrey Police,-0.526201,51.385338,On or near Hardwick Lane,E01030677,Runnymede 008A,Investigation complete; no suspect identified
81440ef36548071d663d84decb628683855ecd8164150d86738e6b3ff5b4c34c,2023-04,Surrey Police,Surrey Police,-0.636702,51.339332,On or near Jenner Drive,E01030807,Surrey Heath 006D,Investigation complete; no suspect identified
21693a2d316bcb22c296740342ee18e7ab70073b1a9e3106180de570a8a2f349,2023-04,Surrey Police,Surrey Police,-0.739473,51.145655,On or near ,E01030908,Waverley 018A,Investigation complete; no suspect identified
211402307b6ee5772d9a498f7577a38f4731f287edfd1db027cee83c075f5e47,2023-04,Surrey Police,Surrey Police,-0.527740,51.138559,On or near Horsham Road,E01030862,Waverley 015A,Investigation complete; no suspect identified
36aefd88ceb949a727851e3681663d60ca50ab521f19f3a52e5696b6c2806493,2023-04,Surrey Police,Surrey Police,-0.463071,51.371524,On or near The Quadrant,E01030374,Elmbridge 012D,Investigation complete; no suspect identified
713b5daeac494b0ec5a8abd81aa74580ce939015eaa900bf044534ebaf8956f8,2023-04,Surrey Police,Surrey Police,-0.566360,51.238372,On or near ,E01030457,Guildford 013F,Unable to prosecute suspect
1bc32650367354a47ae4fa17fbfe3145b2967a42b7ceff69bc30d675aec5d86b,2023-04,Surrey Police,Surrey Police,-0.499958,51.437233,On or near A308,E01030734,Spelthorne 004A,Local resolution
623bcb0e271ce9b83d12b88dc11f52d5668c0c5fd45e85638733ede9c0b462b4,2023-04,Surrey Police,Surrey Police,-0.184323,51.176871,On or near Whitmore Way,E01030586,Reigate and Banstead 016C,Unable to prosecute suspect
e13181bd144fea0c0669f1fb8726edbd9bf53a8106cd31e067fb5697537b26df,2023-04,Surrey Police,Surrey Police,-0.598208,51.253756,On or near Lincoln Road,E01030498,Guildford 009D,Investigation complete; no suspect identified
0315bc202700e2e08dc9db6645dde16d431d2faf4c803b1113fdd0872cf13bf1,2023-04,Surrey Police,Surrey Police,-0.264691,51.328566,On or near Ladbroke Road,E01030419,Epsom and Ewell 008D,Investigation complete; no suspect identified
3250db901df84599131257c1e195e6f3ac5d48e28bc6a8ddb882b7d1c1221cf4,2023-04,Surrey Police,Surrey Police,-0.636702,51.339332,On or near Jenner Drive,E01030807,Surrey Heath 006D,Investigation complete; no suspect identified
f3ba2d35e0245e28f04d015c2f7e63ef505e9117451272c0f8e5dfe740e59255,2023-04,Surrey Police,Surrey Police,-0.457625,51.362146,On or near Station Approach,E01030376,Elmbridge 012F,Unable to prosecute suspect
32861d3dfbcbfef85c876fc27a4e7fec88045f0bca2ffb2f8144eb0bab796ae4,2023-04,Surrey Police,Surrey Police,-0.619473,51.192959,On or near Badgers Hollow,E01030917,Waverley 007B,Further investigation is not in the public interest
3bcd9a76a863b39e33fbea04442a3c28260e40f2b87578760dca0dc29e98cef9,2023-04,Surrey Police,Surrey Police,-0.265771,51.339131,On or near Miles Road,E01030410,Epsom and Ewell 007F,Investigation complete; no suspect identified
6e421341dd480d32d69e742399d902bdd07b161a502959840b4c5ab9eeba465a,2023-04,Surrey Police,Surrey Police,-0.165220,51.245045,On or near Lynwood Road,E01030611,Reigate and Banstead 011B,Unable to prosecute suspect
0ca5addc1095276decd519e44802ea1827d9c4cdb92ffb0213938a7c21db4518,2023-04,Surrey Police,Surrey Police,-0.104464,51.291847,On or near Coldstream Road,E01030857,Tandridge 003D,Investigation complete; no suspect identified
38c74ca0d2b455a80f98db173169a0260d642bd9d0875d444c984063d503194a,2023-04,Surrey Police,Surrey Police,-0.572324,51.237221,On or near Ward Street,E01030451,Guildford 013C,Unable to prosecute suspect
4d6a708368e93a4dc13fe053975e6c388c44f00be132d24e11e7b9cbac95112b,2023-04,Surrey Police,Surrey Police,-0.250354,51.377507,On or near Suffolk Road,E01030389,Epsom and Ewell 001D,Unable to prosecute suspect
6245155748156701722ac798605e41e20803c74563f9e0075f9f12483b8a4880,2023-04,Surrey Police,Surrey Police,-0.518187,51.340231,On or near Holm Close,E01030965,Woking 003C,Investigation complete; no suspect identified
3ca0c43d3401e63622ccd027ef955c5c48b4770442f6f60b4e030fd65f974788,2023-04,Surrey Police,Surrey Police,-0.577528,51.318315,On or near Hedgerley Court,E01030970,Woking 008C,Further investigation is not in the public interest
fa68907b995410d06aa6721749a25d765c49af5207013cafe4c8770177e2487f,2023-04,Surrey Police,Surrey Police,0.010864,51.160054,On or near Hollow Lane,E01030821,Tandridge 010A,Unable to prosecute suspect
65a372bda494864c479445aa34b7cd67b5789d27084d8c9a25a7a1157dcc52f7,2023-04,Surrey Police,Surrey Police,-0.561387,51.319161,On or near Parking Area,E01030954,Woking 008A,Investigation complete; no suspect identified
2b86efef79aef21d63537b501b4af498461acffbc610cf4899b718d76427dbaa,2023-04,Surrey Police,Surrey Police,-0.495135,51.368569,On or near Addlestone Park,E01030645,Runnymede 009A,Further investigation is not in the public interest
97c72c1f4655ff219b58888872c1c3c65b1ecab51bc2e0c193cb704e65bc1415,2023-04,Surrey Police,Surrey Police,-0.689944,51.361727,On or near Wardle Close,E01030759,Surrey Heath 002C,Suspect charged
6d271f01170fe01121519299d303f02452bf885540ae19aa3bf324a1f8a19c9d,2023-04,Surrey Police,Surrey Police,-0.207751,51.240830,On or near Yorke Gardens,E01030620,Reigate and Banstead 012D,Unable to prosecute suspect
a271b165efbc9ee847ea2ad45c97445c3b4102fb41192829b84b9ad443ef6d93,2023-04,Surrey Police,Surrey Police,-0.344628,51.403830,On or near Riverbank,E01030326,Elmbridge 002A,Unable to prosecute suspect
e0e482f811c101f9d44f272ae75a4234602416f21d5ee03875ee030e285c06fe,2023-04,Surrey Police,Surrey Police,-0.423996,51.390690,On or near Felix Lane,E01030357,Elmbridge 007A,Investigation complete; no suspect identified
f1c37497dc921936a24c19d292b427ff8a1c7dc984f583e44369dad2c669f413,2023-04,Surrey Police,Surrey Police,-0.438498,51.373394,On or near ,E01030338,Elmbridge 011A,Unable to prosecute suspect
80b8fa87ef81297890c5b06d0afd5f406fc1d4836b4c0a568c7d22b4f245e570,2023-04,Surrey Police,Surrey Police,-0.488388,51.367960,On or near Hollies Court,E01030646,Runnymede 009B,Unable to prosecute suspect
d15a38d4d7b9859d01abc8a5518b386ab34e0fe17ec7e79ac7f797fc61767883,2023-04,Surrey Police,Surrey Police,-0.422489,51.427385,On or near King's Avenue,E01030748,Spelthorne 008A,Investigation complete; no suspect identified
276bcfc9cbacdc935c59efc92a327f2da747d51084403bf440c8c318782dc295,2023-04,Surrey Police,Surrey Police,-0.442618,51.393403,On or near Manygate Lane,E01030732,Spelthorne 013C,Unable to prosecute suspect
9c647547b46ac660ba2b73a9c6b186d6256c024bffc6b40889898ebd857be70e,2023-04,Surrey Police,Surrey Police,-0.181511,51.332178,On or near Croydon Lane,E01030565,Reigate and Banstead 004A,Investigation complete; no suspect identified
c53fd7c977d2911244cb7ccdd6ea60032e4d570e17b74bd8fc994211d58648e6,2023-04,Surrey Police,Surrey Police,-0.453694,51.435016,On or near Sports/Recreation Area,E01030703,Spelthorne 005C,Investigation complete; no suspect identified
e65bbf496054be7e7f4a6b0cf277661360daeb16f08db29d90f15a8768cec46a,2023-04,Surrey Police,Surrey Police,-0.570696,51.252758,On or near Mangles Road,E01030484,Guildford 007D,Investigation complete; no suspect identified
e65bbf496054be7e7f4a6b0cf277661360daeb16f08db29d90f15a8768cec46a,2023-04,Surrey Police,Surrey Police,-0.570696,51.252758,On or near Mangles Road,E01030484,Guildford 007D,Investigation complete; no suspect identified
6c8b3646d44bda19ff102e6e634fc349517e490c86f2fec3587537366bf0ee9b,2023-04,Surrey Police,Surrey Police,-0.266565,51.351948,On or near Richards Field,E01030416,Epsom and Ewell 004D,Unable to prosecute suspect
bf404f2b83c6ce909fe3a40afaa8ce1f5ee43622680b2975ddd39a36d79f246a,2023-04,Surrey Police,Surrey Police,-0.559309,51.316752,On or near Victoria Road,E01030993,Woking 008E,Unable to prosecute suspect
9292dfa69d18eb710c07509f0cc4b17dd978256a37c64128883cfb3b2c2bb8c2,2023-04,Surrey Police,Surrey Police,-0.102320,51.292028,On or near Stanley Street,E01030857,Tandridge 003D,Further investigation is not in the public interest
b6036844dcf35863573b4d06d9a04e9d66cb5ae0ee759e9e7ef26fe82c9ffc69,2023-04,Surrey Police,Surrey Police,-0.168797,51.178392,On or near Southlands Avenue,E01030587,Reigate and Banstead 016D,Unable to prosecute suspect
088c216739c400183e2955099d8803f375365bc9238d75f5e72cf855f3b3c384,2023-04,Surrey Police,Surrey Police,-0.609359,51.186652,On or near Bridge Street,E01030916,Waverley 007A,Investigation complete; no suspect identified
ae8a5c9f85e0351d50035278af3fe77b2d4fb049061664e0e86d7486c13f6587,2023-04,Surrey Police,Surrey Police,-0.342994,51.388970,On or near College Drive,E01030352,Elmbridge 005C,Investigation complete; no suspect identified
0707c9d0ae68e77d8ce3bec961b8c34bd05fd5a8a23e45b64b264f6c3b3355a5,2023-04,Surrey Police,Surrey Police,-0.576662,51.236833,On or near ,E01030452,Guildford 015A,Investigation complete; no suspect identified
5a3836dff6e42f5e522e906af23c8f044c4592e3adbabcb4edd0002ea44ba2b6,2023-04,Surrey Police,Surrey Police,-0.471949,51.449622,On or near Explorer Avenue,E01030710,Spelthorne 002B,Investigation complete; no suspect identified
84da0e1e75a266d864a9ca5cda7df39cb09fc9f18356a67c4f71fe2d4423731b,2023-04,Surrey Police,Surrey Police,-0.326400,51.216445,On or near Goodwyns Road,E01030547,Mole Valley 011D,Unable to prosecute suspect
81a93bff65becd12ae83f84672e099ce50c84e915b703758efe6fdd819133188,2023-04,Surrey Police,Surrey Police,-0.586415,51.249037,On or near Woodbridge Hill,E01030487,Guildford 006B,Investigation complete; no suspect identified
2272922ab67ada8155f9ac68a302f2666838a8e05f6b322938c455053349f7bf,2023-04,Surrey Police,Surrey Police,-0.064568,51.253181,On or near Evelyn Gardens,E01030824,Tandridge 009A,Further investigation is not in the public interest
ea1245aab08c423b255a1f2e6d480aa9d5d4f930503aa851fb50847606d0df55,2023-04,Surrey Police,Surrey Police,-0.537582,51.432717,On or near Vicarage Crescent,E01030664,Runnymede 003B,Unable to prosecute suspect
1bd0ee5bfb352f2c08cec87a8dbca64b0d839e117e033951b8d868ee5e69eb13,2023-04,Surrey Police,Surrey Police,-0.537582,51.432717,On or near Vicarage Crescent,E01030664,Runnymede 003B,Unable to prosecute suspect
887dc1f231f8c22bbebe3ed40f60af54943292bf105afacd43cc35ec69757542,2023-04,Surrey Police,Surrey Police,-0.555581,51.319862,On or near Addison Road,E01030954,Woking 008A,Suspect charged
c29dec0e19953b0f4b857cc6f48ba41188c74f39d8a91e6c3ca389b5b6cba832,2023-04,Surrey Police,Surrey Police,-0.734069,51.292379,On or near Coleford Bridge Road,E01030785,Surrey Heath 012D,Unable to prosecute suspect
98fdfbd3916bbc01890ae7335fd9c2be627b82daf4dc3cf977f79b072e3098e7,2023-04,Surrey Police,Surrey Police,-0.579932,51.426296,On or near Elmbank Avenue,E01030676,Runnymede 002F,Unable to prosecute suspect
257a3d7061891fb2ac12c2345329152ecce6d975624c8987cad3c6baf2929321,2023-04,Surrey Police,Surrey Police,-0.537445,51.325635,On or near Alpha Road,E01034293,Woking 004G,Investigation complete; no suspect identified
87f2f8378724aa1972e94b061fc819daf393544085f7392afe0d4084a23aa71e,2023-04,Surrey Police,Surrey Police,-0.469692,51.439656,On or near Further/Higher Educational Building,E01030707,Spelthorne 003A,Further action is not in the public interest
065dd23f1bed6757968bd8c9c3c647f55e3c4c6fb8dc30fffe3919e09471e4b1,2023-04,Surrey Police,Surrey Police,-0.719827,51.287233,On or near Mytchett Heath,E01030783,Surrey Heath 012B,Unable to prosecute suspect
317a6e5a1ad19109280096b5c84d5569df09538d9de991781ad2bab478464a11,2023-04,Surrey Police,Surrey Police,-0.757498,51.326633,On or near ,E01030803,Surrey Heath 008D,Local resolution
6de1660a571e102f9e7468885c3ee7e33154e86a37cccd13a4f2c99fef360abb,2023-04,Surrey Police,Surrey Police,-0.577226,51.429581,On or near Bond Street,E01030674,Runnymede 002D,Unable to prosecute suspect
80e0cc08384322193533e84c153b83903b05eb597ead7ca2949ec2a695715e1e,2023-04,Surrey Police,Surrey Police,-0.172414,51.232370,On or near A23,E01030574,Reigate and Banstead 014E,Unable to prosecute suspect
f0a18677b1e356e65c184e7170e05142db6180b6fa7034a0b086f982c0e28cf6,2023-04,Surrey Police,Surrey Police,-0.584088,51.236186,On or near Genyn Road,E01030452,Guildford 015A,Unable to prosecute suspect
ff070d7fb3b0cde3f0f37f3db365c9d802d8223456a9edcb40f549a7e5fc293c,2023-04,Surrey Police,Surrey Police,-0.221547,51.349996,On or near West Drive,E01030398,Epsom and Ewell 010E,Unable to prosecute suspect
b23a0df627031dc971bf305257dca49774b36c2c26dd27bf94dfc1872ff47f11,2023-04,Surrey Police,Surrey Police,-0.352594,51.391398,On or near Winston Close,E01030327,Elmbridge 002B,Local resolution
ef0f2bf2fd29cf118dba9bc7aba9e4b32054f2d19989db7cd84fcb5f09c8a914,2023-04,Surrey Police,Surrey Police,-0.596783,51.201187,On or near Brookfield,E01030920,Waverley 005D,Action to be taken by another organisation
11e0e63cbf1aef8fcfdd69dc97dd89e2b5e79bd42123e472007c8827cefb0c82,2023-04,Surrey Police,Surrey Police,-0.329181,51.211619,On or near Spook Hill,E01030544,Mole Valley 011A,Investigation complete; no suspect identified
e4532fa32824a6e429b73a83c9aa1c7275d893a066874411066bdaa3006b9ab2,2023-04,Surrey Police,Surrey Police,-0.585748,51.222672,On or near ,E01030478,Guildford 017C,Unable to prosecute suspect
880e43e377fec16c2d244ff5a5d3bc781e39196a38eace050e0e24d812f9cc90,2023-04,Surrey Police,Surrey Police,-0.208104,51.236923,On or near ,E01030620,Reigate and Banstead 012D,Investigation complete; no suspect identified
fdf54bf2b96716f9bc712c6d0b5108ecd4769c9c06a9e917b916eaa3015e32c7,2023-04,Surrey Police,Surrey Police,-0.475252,51.443784,On or near Town Lane,E01030707,Spelthorne 003A,Investigation complete; no suspect identified
defe70971eb677c4423359982fe8e13b5da970d23fe3c39539ce178e07728e4a,2023-04,Surrey Police,Surrey Police,-0.514496,51.392223,On or near Chilsey Green Road,E01030656,Runnymede 004A,Unable to prosecute suspect
c83588b6c755d5bd28d98bd3dac6813b00537617f74bc9f16e73259e9af25c5f,2023-04,Surrey Police,Surrey Police,-0.707736,51.340955,On or near Roundway,E01030792,Surrey Heath 009D,Investigation complete; no suspect identified
af5339a39fe5a86a1e49d5e2a206183fd4384524fe3a81b1de286ac7ecb02731,2023-04,Surrey Police,Surrey Police,-0.166670,51.240769,On or near ,E01030612,Reigate and Banstead 011C,Unable to prosecute suspect
e01830d259394bec3244a350ee8c7ee0d382b7ab84779a6e36c357e17dfd06a9,2023-04,Surrey Police,Surrey Police,-0.156927,51.173961,On or near Smallmead,E01030581,Reigate and Banstead 017B,Investigation complete; no suspect identified
7607ef6070bcd6e89915d13d02301a58439437aa08890bb81577ee50b8efc6e6,2023-04,Surrey Police,Surrey Police,-0.358300,51.399850,On or near Clinton Avenue,E01030327,Elmbridge 002B,Investigation complete; no suspect identified
8e7818e759c25cf79fa6db1a9a1be61a155c781e6c797f66def299d7451c9c64,2023-04,Surrey Police,Surrey Police,-0.333534,51.386273,On or near Read Close,E01030352,Elmbridge 005C,Unable to prosecute suspect
69b6c5185cd288a7751302b7e7dda84a0472dd4db16f12bb1b9a9790d813fca7,2023-04,Surrey Police,Surrey Police,-0.591415,51.435490,On or near Wick Lane,E01030673,Runnymede 002C,Investigation complete; no suspect identified
e4264e789f660f84c1d0daefc455991f82a6042d844834fba179096afc70c71b,2023-04,Surrey Police,Surrey Police,-0.321360,51.390236,On or near Houston Road,E01030322,Elmbridge 006A,Unable to prosecute suspect
0832de7ceb24fa156d6b4a4877db377557df02c9ef836f96bc1c669a23885d56,2023-04,Surrey Police,Surrey Police,-0.271814,51.333051,On or near West Street,E01030411,Epsom and Ewell 008B,Unable to prosecute suspect
9a642b1e7dc0741e883438cb7e136815b4805a424694254afb52a8d802a2c96d,2023-04,Surrey Police,Surrey Police,-0.601594,51.241782,On or near Cherry Tree Avenue,E01030470,Guildford 012A,Unable to prosecute suspect
e9f473388ab2e95d15b9bc5b8ec68930a639639fb33a86ce8c2ddec4a65178cb,2023-04,Surrey Police,Surrey Police,-0.608779,51.320821,On or near Ryde Heron,E01030975,Woking 007B,Unable to prosecute suspect
da24ca5ec2d7a1787ae2fe4131ff5370c799bfec35eaf9d357dc35d5133a473a,2023-04,Surrey Police,Surrey Police,-0.511330,51.435714,On or near ,E01030736,Spelthorne 004C,Unable to prosecute suspect
ec6403e39734524bab7cf850d5561036dfc244264adff362bfbb2565f230b589,2023-04,Surrey Police,Surrey Police,-0.802116,51.231894,On or near Farnham Park Close,E01030899,Waverley 002C,Unable to prosecute suspect
2007c7c1ed8ca9c03591f553c6ef40f303422a1ade4b295c9d88314caa10be90,2023-04,Surrey Police,Surrey Police,-0.611079,51.241907,On or near Hospital,E01030470,Guildford 012A,Investigation complete; no suspect identified
395813e06b29a6ae46a783ba2380e43c6af24ffe66ad9ef38b09b142f7f95c5e,2023-04,Surrey Police,Surrey Police,-0.470068,51.356437,On or near ,E01030683,Runnymede 010C,Unable to prosecute suspect
fe8881cc7dafe01fce1a0b728e1c0a6c9497041ce3050cd3fa54d08159dcda0b,2023-04,Surrey Police,Surrey Police,-0.512660,51.391228,On or near Frithwald Road,E01030657,Runnymede 006D,Unable to prosecute suspect
086b3eaa1f5df85618c1ef85cdf6648b70372f9690ed6c41157e6dd736888809,2023-04,Surrey Police,Surrey Police,-0.501712,51.431545,On or near Cotswold Close,E01030737,Spelthorne 004D,Investigation complete; no suspect identified
998bff19490cc38b49e0a333dddd4fda4a504ba3926b939ed8f94edab20e322f,2023-04,Surrey Police,Surrey Police,-0.452054,51.396603,On or near Shepperton Court Drive,E01030730,Spelthorne 013A,Investigation complete; no suspect identified
a7b87adb2ba7aad5f13632aaf37427a81634470b0cf040859733c9813a606be1,2023-04,Surrey Police,Surrey Police,-0.221997,51.319050,On or near Beacon Way,E01030607,Reigate and Banstead 001D,Investigation complete; no suspect identified
56d742f951ba5a9575c1060c3202407ea1fe4c3ff8dc6406724f4c6f81a72b61,2023-04,Surrey Police,Surrey Police,-0.334084,51.308154,On or near Clements Mead,E01030551,Mole Valley 003D,Further investigation is not in the public interest
9f68e514da5722c6c261654921330858abe14c5085d3ead2c8cd81ada7276d84,2023-04,Surrey Police,Surrey Police,-0.618328,51.316321,On or near ,E01030976,Woking 007C,Further investigation is not in the public interest
3c3ffa7fd9eecd865eb35670008fea96e5879d5d25d55fbf38070ede721f989f,2023-04,Surrey Police,Surrey Police,-0.534784,51.330314,On or near River Court,E01030984,Woking 004E,Unable to prosecute suspect
30394560898d305702ae4f7d72099970da8d9d9963c0ede6437f020194ec4cd2,2023-04,Surrey Police,Surrey Police,-0.361783,51.404962,On or near Merton Way,E01030332,Elmbridge 001C,Local resolution
2d2f5ce947ba6f5672aad0a0962adf77065034d97de1de13869314b1c8888328,2023-04,Surrey Police,Surrey Police,-0.540837,51.252183,On or near Ledger Close,E01030464,Guildford 008E,Further investigation is not in the public interest
8d387a3614c05771727ec921510963ad1744d7b06edf5b31e11055993c8e0e04,2023-04,Surrey Police,Surrey Police,-0.577670,51.237270,On or near ,E01030452,Guildford 015A,Unable to prosecute suspect
a53bdc9add795eb9182d1efdfc607c6ad70c7ea4fd81d5026f2b58e271496952,2023-04,Surrey Police,Surrey Police,-0.536160,51.329945,On or near Bentham Avenue,E01030985,Woking 004F,Unable to prosecute suspect
44d4288ca101b87025c328914c73c1b1eec2d1e9268c8574d129a4a056f1d582,2023-04,Surrey Police,Surrey Police,-0.607391,51.237370,On or near ,E01030470,Guildford 012A,Unable to prosecute suspect
ff2cde6b14cae73f4175f5d8ff0dcad152e76687e7dba856c9f7482773686352,2023-04,Surrey Police,Surrey Police,-0.744652,51.338164,On or near Nightclub,E01030800,Surrey Heath 005E,Further investigation is not in the public interest
341c2779fa4c76875a438ac334f89a9fdd55051bfff32ceadd1bfba6cb1a944f,2023-04,Surrey Police,Surrey Police,-0.583069,51.427179,On or near Firbank Place,E01030676,Runnymede 002F,Unable to prosecute suspect
c8f48ff2d1a73112dd7f69a330103271a30306d83788ad270e549c2b04359c87,2023-04,Surrey Police,Surrey Police,-0.521821,51.337066,On or near Lockwood Path,E01030984,Woking 004E,Investigation complete; no suspect identified
eb435acfd67cf8913fd63cb59110ff2d96bcbfbd99b05c3e0a1b58f7485e6cca,2023-04,Surrey Police,Surrey Police,-0.098385,51.287297,On or near Soper Drive,E01030858,Tandridge 003E,Unable to prosecute suspect
2e7e8eb837729c8f5c4c69c533c41614ed172b4df7a84192bc61f75628d3d136,2023-04,Surrey Police,Surrey Police,-0.420558,51.376588,On or near B365,E01030366,Elmbridge 010C,Investigation complete; no suspect identified
f5a51907a0fe64d9708cbcf0615d5fd13b3fcfa423471ff703505bd4b4b617fe,2023-04,Surrey Police,Surrey Police,-0.491555,51.272834,On or near The Spinney,E01030459,Guildford 001C,Unable to prosecute suspect
8c0285ad9353ef401e2f011b6807b423fc44455b15b11fc6fb8c6d5a618805e0,2023-04,Surrey Police,Surrey Police,-0.576080,51.425278,On or near Corby Drive,E01030675,Runnymede 002E,Investigation complete; no suspect identified
e81f62d24d6d125b0742c807be1eb111cd91f33b50504fcf412b20cc7d763297,2023-04,Surrey Police,Surrey Police,-0.689944,51.361727,On or near Wardle Close,E01030759,Surrey Heath 002C,Suspect charged
0c212c1a0f198743033f3d9e3c1c2ec0e1c5d3d237565828366a9232dfd62b03,2023-04,Surrey Police,Surrey Police,-0.100390,51.296052,On or near Stites Hill Road,E01030845,Tandridge 003B,Formal action is not in the public interest
62d0cef36e9beb38c5c00a2c433deccbffe351b7a3cbddd008922d4310b5f8b1,2023-04,Surrey Police,Surrey Police,-0.516658,51.428012,On or near Cornwall Way,E01030663,Runnymede 003A,Unable to prosecute suspect
0bbb056eb65adb73652c339477725ab9418ccca8666710e9b34ca5067444c62d,2023-04,Surrey Police,Surrey Police,-0.442753,51.432152,On or near Sandell's Avenue,E01030706,Spelthorne 005F,Investigation complete; no suspect identified
4ad7ee231610927a63ec6a2aeaa9661767de0f6f8947f5266e82c683a08cb748,2023-04,Surrey Police,Surrey Police,-0.141528,51.258403,On or near Taynton Drive,E01030600,Reigate and Banstead 008B,Further investigation is not in the public interest
161253b50681ed749db5e3cd2dfae70d766a492c119b89207d0effff8e3f3da3,2023-04,Surrey Police,Surrey Police,-0.101233,51.290522,On or near ,E01030857,Tandridge 003D,Investigation complete; no suspect identified
5f58c113fdca79a7c36f499b066e8c04630b4e4a7a22cf0345e17da08e9a5a0b,2023-04,Surrey Police,Surrey Police,-0.595898,51.254304,On or near Galvins Close,E01030493,Guildford 009B,Unable to prosecute suspect
bdbf4fce37e89c9b6e85b29cc3ea344dfce2305752ede7bbf1268e33995e5e70,2023-04,Surrey Police,Surrey Police,-0.580025,51.307617,On or near Pine Road,E01030999,Woking 010C,Unable to prosecute suspect
0b0da84e26bfb8573d1fc05550135f19969a4f74da8c413b8f81cc9c06fd76ad,2023-04,Surrey Police,Surrey Police,-0.538150,51.213985,On or near St Thomas Close,E01030479,Guildford 017D,Investigation complete; no suspect identified
8d51a2502d9167444ec533780c7974add125cf7490b7a5cb7f606920aa53742f,2023-04,Surrey Police,Surrey Police,-0.561147,51.236859,On or near Baillie Road,E01030453,Guildford 013D,Investigation complete; no suspect identified
4c4192a8c058e19ad8c1d974713e72a1b0e478e75b1ab11f7d0ee0f26818d165,2023-04,Surrey Police,Surrey Police,-0.508639,51.330515,On or near Hazel Road,E01031002,Woking 002C,Unable to prosecute suspect
f0e0672f6fcba0be6c71ed94d764a4a4372d80cf9377164e51be92114b2f0c33,2023-04,Surrey Police,Surrey Police,-0.729219,51.327252,On or near Glynswood,E01030789,Surrey Heath 009A,Suspect charged
82783ff2e9edbaecd8c9884ca2ed4a8475a32e7fbd2684f36c7c2859fdefd941,2023-04,Surrey Police,Surrey Police,-0.101233,51.290522,On or near Supermarket,E01030857,Tandridge 003D,Investigation complete; no suspect identified
a6d3448186705174f5b2ef3e01ab2d9a41314647d4c62dcafb64bd50c951ed95,2023-04,Surrey Police,Surrey Police,-0.263769,51.340343,On or near ,E01030385,Epsom and Ewell 007A,Unable to prosecute suspect
06d91e7580615df1801ee2a38a31f124d87a177e27f9a217f53ff8c418609a1c,2023-04,Surrey Police,Surrey Police,-0.724804,51.287189,On or near Ambleside Close,E01030783,Surrey Heath 012B,Unable to prosecute suspect
86093d98c314e52df55f9e69639cbd37b40f9938cff3e381d47633d786df5247,2023-04,Surrey Police,Surrey Police,-0.162449,51.182249,On or near Chestnut Road,E01030576,Reigate and Banstead 018B,Unable to prosecute suspect
41ed99f3c52a3127ba50eeeca9ff03ae9e609a624181bf4ec57c751ef9ed05a3,2023-04,Surrey Police,Surrey Police,-0.710137,51.096389,On or near Parsons Green,E01030933,Waverley 016D,Unable to prosecute suspect
75ef9fbdd420ff7d1e556e100f50e38e60122614357e63413081a2b4d829dd8a,2023-04,Surrey Police,Surrey Police,-0.299068,51.310339,On or near ,E01030514,Mole Valley 001E,Local resolution
daa377c223765216d44e2ef6989990a15dfaf21e4e352f9fe3a0cde55058a9e5,2023-04,Surrey Police,Surrey Police,-0.409863,51.185694,On or near Horsham Road,E01030492,Guildford 018C,Unable to prosecute suspect
f680e975441af230a5bb146fb9ec68245e6016658357fd55c84715d1dc8383b4,2023-04,Surrey Police,Surrey Police,-0.704022,51.330600,On or near Pollard Grove,E01030777,Surrey Heath 007D,Investigation complete; no suspect identified
50cc148cdec1edf566504e6a79ff44d5234af2a3ff1c4183465d395f689f542e,2023-04,Surrey Police,Surrey Police,-0.208101,51.243263,On or near Somers Road,E01030626,Reigate and Banstead 009E,Unable to prosecute suspect
5bb740496e5bf96400abb0cea693bb3f213ca34f09d0fa51d22d3daa6c288d94,2023-04,Surrey Police,Surrey Police,-0.640613,51.172461,On or near Meadow Close,E01030938,Waverley 011D,Unable to prosecute suspect
dca8de4ea29f7969ee037d4bec11fa2be086ef015e0c3128bb84401415ce54fb,2023-04,Surrey Police,Surrey Police,-0.706057,51.340397,On or near Copped Hall Drive,E01030792,Surrey Heath 009D,Suspect charged
883e5f26ee109ee9e18ddc58814c607ee0c0ccd0bc0e7a4965da31c019c62870,2023-04,Surrey Police,Surrey Police,-0.354541,51.296600,On or near Home Close,E01030539,Mole Valley 005A,Further investigation is not in the public interest
94bbecbc78fbfcf37f0ad8613e604d7184318e55a5b9653ba8c49f87fb82016a,2023-04,Surrey Police,Surrey Police,-0.491818,51.141618,On or near ,E01030875,Waverley 013F,Investigation complete; no suspect identified
f30ea2c7c0abcd8f1ee26ebf24023d067322de64d77425a7557e8af72399000c,2023-04,Surrey Police,Surrey Police,-0.543694,51.241121,On or near Urnfield Close,E01030437,Guildford 011B,Unable to prosecute suspect
3abc34164614ba860f9743c4eeedb25f357015dc31e88d9e8079a000bcef2252,2023-04,Surrey Police,Surrey Police,-0.535644,51.432136,On or near Pooley Avenue,E01030664,Runnymede 003B,Suspect charged
70640d12d2498d77cbecf9f7bb3092417299cca0e158601e10cf5114ec633637,2023-04,Surrey Police,Surrey Police,-0.751955,51.324574,On or near Weller Drive,E01030805,Surrey Heath 008F,Suspect charged
ce9e20ba3fa1f0ab4d57d709bf2020fc21eea65cf467cb8623eda605c7d553da,2023-04,Surrey Police,Surrey Police,-0.712279,51.251011,On or near Denby Dene,E01030432,Guildford 010C,Investigation complete; no suspect identified
7ce68cdffaea70fe932f538c0a9e818d673a77d27ddaf27cc1ddd253b820d8b1,2023-04,Surrey Police,Surrey Police,-0.577656,51.236171,On or near ,E01030455,Guildford 013E,Investigation complete; no suspect identified
f5f72c18d6a36f289a81f4cb8582edf43e72f7f70150decc3e6bcba8390f41ab,2023-04,Surrey Police,Surrey Police,-0.504332,51.390511,On or near Beomonds Row,E01030653,Runnymede 006B,Investigation complete; no suspect identified
e317b58f8d2a6307e34144992837c89e585cf5e18a65e6c15ccab96b9e16c742,2023-04,Surrey Police,Surrey Police,-0.315214,51.390489,On or near Williams Grove,E01030322,Elmbridge 006A,Investigation complete; no suspect identified
a882286344ab689cc89b7176b819bd39b1a5a6f341ad61dc1bb13934cc2dd7e6,2023-04,Surrey Police,Surrey Police,-0.407688,51.184468,On or near Pasture Wood Road,E01030555,Mole Valley 012B,Investigation complete; no suspect identified
b52eb788faf4a1419894fbabe290ef49c08e0dcc18d9ff7ddc8b622a4f594121,2023-04,Surrey Police,Surrey Police,-0.407688,51.184468,On or near Pasture Wood Road,E01030555,Mole Valley 012B,Unable to prosecute suspect
dad5e4d080858712be802d9f05b56932a2fac05f660db6863f3b51252ca9d9b4,2023-04,Surrey Police,Surrey Police,-0.580328,51.402840,On or near Wellington Avenue,E01030692,Runnymede 005D,Investigation complete; no suspect identified
4b6431e848405ed0b3eb90d8b29428933a0e52f48438314102b79d42af318ec8,2023-04,Surrey Police,Surrey Police,-0.576622,51.239503,On or near Police Station,E01030451,Guildford 013C,Suspect charged
06c30a768acfa9ffb7e9e3ac0a51ac5357d6d95cf365ae373a864cfecf39018c,2023-04,Surrey Police,Surrey Police,-0.371164,51.402755,On or near St Peters Court,E01030337,Elmbridge 003D,Local resolution
f5ceffed0c879fd0bc90eb82f299a9fbee2c3122ed4c0ff6a3eb62d7ba036f94,2023-04,Surrey Police,Surrey Police,-0.580991,51.264186,On or near Juniper Close,E01030481,Guildford 007A,Unable to prosecute suspect
f35bb2301ca1e472cc48ea877036eb2065e673b07a4e30ac1892699d8d4c3509,2023-04,Surrey Police,Surrey Police,-0.149816,51.251142,On or near Lilley Mead,E01030611,Reigate and Banstead 011B,Investigation complete; no suspect identified
b4a899794c67ff19c6cb255128a943fe7bb0f4da00355439644f3e07f6e2ed29,2023-04,Surrey Police,Surrey Police,-0.654099,51.258018,On or near Homestead Drive,E01030466,Guildford 002B,Unable to prosecute suspect
f649ebc67e8a177ba81f32813f8973338bf1df6325c0a6b4f14f5fe2d48fb74f,2023-04,Surrey Police,Surrey Police,-0.507532,51.344277,On or near Little Orchard,E01030693,Runnymede 010D,Action to be taken by another organisation
0e798017db9a98896066a9ec477e6d6cdb0c04957a4cf226d0534a592299d310,2023-04,Surrey Police,Surrey Police,-0.096328,51.285708,On or near Homesdale Road,E01030848,Tandridge 005C,Further investigation is not in the public interest
480787eeea70adc31f4fda844a1db98f51c6dcfb8842241979e4c57a2e23c53a,2023-04,Surrey Police,Surrey Police,-0.167229,51.298296,On or near High Road,E01030567,Reigate and Banstead 004C,Unable to prosecute suspect
9d0a467136e327c3f8c8edcffe16b6587eceef07d6b9b5ccccb0ae259605bf41,2023-04,Surrey Police,Surrey Police,-0.245973,51.372198,On or near Ardrossan Gardens,E01030387,Epsom and Ewell 001B,Unable to prosecute suspect
afd941b3b801435226c4530ed31db98d403701c4098a962e9ad22aee0a14b62d,2023-04,Surrey Police,Surrey Police,-0.358345,51.368054,On or near Sandown Avenue,E01030307,Elmbridge 013A,Unable to prosecute suspect
27a4ec2a0a6b7effee64cbe014d35e2fed8973d25c2e615654222fad3eae49a6,2023-04,Surrey Police,Surrey Police,-0.011595,51.180879,On or near Selbys,E01030834,Tandridge 010D,Further investigation is not in the public interest
8ba08df5d99723fd48a577b40d33e83981398d38b05d322c508ec89cc478cb11,2023-04,Surrey Police,Surrey Police,-0.559309,51.316752,On or near Victoria Road,E01030993,Woking 008E,Investigation complete; no suspect identified
759583562a05f205d5d44e44d69fe0bca9f55d15ec31d2af05f5b21eb28717b0,2023-04,Surrey Police,Surrey Police,-0.588365,51.305155,On or near Pond Road,E01030999,Woking 010C,Unable to prosecute suspect
8e75d57597d8df6689a736806167e439d438a815413bc5446a7d5bd4158fe27f,2023-04,Surrey Police,Surrey Police,-0.574692,51.323711,On or near ,E01030969,Woking 008B,Suspect charged
8e75d57597d8df6689a736806167e439d438a815413bc5446a7d5bd4158fe27f,2023-04,Surrey Police,Surrey Police,-0.574692,51.323711,On or near ,E01030969,Woking 008B,Suspect charged
8e75d57597d8df6689a736806167e439d438a815413bc5446a7d5bd4158fe27f,2023-04,Surrey Police,Surrey Police,-0.574692,51.323711,On or near ,E01030969,Woking 008B,Suspect charged
485b34fe87ad87b9237b9d52967c5d5f426236bf8726fe6e89f012bc4bd5730b,2023-04,Surrey Police,Surrey Police,-0.319934,51.178888,On or near Leith Grove,E01030515,Mole Valley 013A,Unable to prosecute suspect
02e3eabb40a3ab621363e09ae11e654602e291276cf3de407cc875271c4be672,2023-04,Surrey Police,Surrey Police,-0.165212,51.172471,On or near ,E01030575,Reigate and Banstead 018A,Investigation complete; no suspect identified
9ca1331430d91d4961644fca2a55d2af3a891635b845a6c42cfbb8998f6ef2d1,2023-04,Surrey Police,Surrey Police,-0.387321,51.370515,On or near Newlands Close,E01030311,Elmbridge 014A,Unable to prosecute suspect
06919a82f37e67a74222e39709fd67f8e01278cd0eb91e93d4c1e0674ca18a6e,2023-04,Surrey Police,Surrey Police,-0.326856,51.233888,On or near Brunswick Walk,E01030538,Mole Valley 010D,Suspect charged
a0a87cfecf6a4d00f3fa1260216f12c1980644b027de59acd546a1751a94f794,2023-04,Surrey Police,Surrey Police,-0.586426,51.242131,On or near ,E01030468,Guildford 015C,Investigation complete; no suspect identified
3ea1247db7da93033e45efc9411737e32b183c4efd2efe7332060d86d99e750c,2023-04,Surrey Police,Surrey Police,-0.463166,51.372137,On or near Balfour Road,E01030374,Elmbridge 012D,Unable to prosecute suspect
120571ba1d4b1506f984a1eb7019c9442fb7f91c7bcafb75002f7fde88d8960b,2023-04,Surrey Police,Surrey Police,-0.421916,51.418556,On or near ,E01030752,Spelthorne 008E,Investigation complete; no suspect identified
4f3715cc212bce95c7de68f429b02c8a1f67840fa09753a1ec38e7235a2889b8,2023-04,Surrey Police,Surrey Police,-0.482018,51.373372,On or near Victoria Road,E01030646,Runnymede 009B,Investigation complete; no suspect identified
9f6243d99c4589a1396d3c2434cf6ad3621cd49cfcee1ec7654390e2fd82ac36,2023-04,Surrey Police,Surrey Police,-0.434493,51.405281,On or near Bramble Close,E01030719,Spelthorne 011C,Local resolution
8a5b36ac91bcb99e6a255f6617579f2d9ce68f690769c216e3d7b4eca5f546f8,2023-04,Surrey Police,Surrey Police,-0.568037,51.316643,On or near Kingsway Avenue,E01030954,Woking 008A,Investigation complete; no suspect identified
9561a6795b5d2bb3d71c6168cf1267ff8a595b0b8c11cb92fe48907615b202a9,2023-04,Surrey Police,Surrey Police,,,No location,,,Investigation complete; no suspect identified
7f3e8f65edeb158378530ac228f007b6c113aa0a904b52bfad82389728416b67,2023-04,Surrey Police,Surrey Police,-0.568744,51.257941,On or near Lock Road,E01030482,Guildford 007B,Investigation complete; no suspect identified
f9c337d345da428add334a7daa90551d336c694b52d3b1e3e9ad19ace7fa3828,2023-04,Surrey Police,Surrey Police,-0.758322,51.180937,On or near ,E01030908,Waverley 018A,Investigation complete; no suspect identified
ba15b3c3ee2dcb721f933a5c3c41cd464c8a7a284d5503d78b90523e99a985a4,2023-04,Surrey Police,Surrey Police,-0.196957,51.325214,On or near Buff Avenue,E01030564,Reigate and Banstead 002F,Investigation complete; no suspect identified
60e5a59d71fd8dfdea9ef43763a1bc14a97750da0a31905f20c27e04f342602a,2023-04,Surrey Police,Surrey Police,-0.469692,51.439656,On or near ,E01030707,Spelthorne 003A,Unable to prosecute suspect
bb4b53942b2e2ac3d17ce06aa3554feffd2a0bd7d80f74c30251874bd6df3c1d,2023-04,Surrey Police,Surrey Police,-0.316447,51.383915,On or near King's Road,E01030324,Elmbridge 006C,Investigation complete; no suspect identified
7b1e7fe603836fb8e2dd58b63908dc93028103d90e73c86fe68ad2f30a614416,2023-04,Surrey Police,Surrey Police,-0.258681,51.375796,On or near Grafton Park Road,E01030388,Epsom and Ewell 001C,Investigation complete; no suspect identified
8b18367e3d1b4757d16e5eaafc3a4d1ca02cd452556e4b02cf71ab8a162b4882,2023-04,Surrey Police,Surrey Police,-0.206775,51.222092,On or near Sandcross Lane,E01030630,Reigate and Banstead 013C,Further investigation is not in the public interest
2619f1511b33cb5616d018868936cca2df219cd0e4b783687ca3e15e654912ea,2023-04,Surrey Police,Surrey Police,-0.372773,51.400763,On or near Faraday Place,E01030336,Elmbridge 003C,Local resolution
ceae7fe57bc065b359c39682b60161fb474f624f80cc4d8ad6535831d653c9d2,2023-04,Surrey Police,Surrey Police,-0.433040,51.402798,On or near Annett Close,E01030719,Spelthorne 011C,Formal action is not in the public interest
0c0e4a275aad31496a9c400375fd3df0fc28f2c03dd3b21d0311ca3092c29b6c,2023-04,Surrey Police,Surrey Police,-0.440114,51.366005,On or near Paynetts Court,E01030340,Elmbridge 011C,Investigation complete; no suspect identified
772a98a37cecae59ccbc49e14f31cea491df55e2e9fcf5f9d8797187c199af79,2023-04,Surrey Police,Surrey Police,-0.259503,51.334406,On or near Parking Area,E01030412,Epsom and Ewell 008C,Investigation complete; no suspect identified
14be3e45fe2ae4a3bdd33939bbf9dc0bdc22aded267ad747baea1c2293959b18,2023-04,Surrey Police,Surrey Police,-0.526886,51.376993,On or near ,E01030677,Runnymede 008A,Unable to prosecute suspect
a837776a53da1dad73a199e5424e6dd2536485c9532ece2dc913a2592841e13a,2023-04,Surrey Police,Surrey Police,-0.404588,51.406946,On or near Berkeley Mews,E01030753,Spelthorne 010A,Investigation complete; no suspect identified
dddb7f4d7740d0cb8750fd62e11697f10edf97808d4f6f2eb628acdb27a684ef,2023-04,Surrey Police,Surrey Police,-0.581355,51.430980,On or near Schroder Court,E01030674,Runnymede 002D,Investigation complete; no suspect identified
6db7c47f26f6f99f3d96840c596bb56fc9d4a55d8ff1173f57665d377eb073c9,2023-04,Surrey Police,Surrey Police,-0.459587,51.429947,On or near Fontmell Close,E01030705,Spelthorne 005E,Unable to prosecute suspect
b04c9bcfe3c5cb9ff70e902e12d0fb8f06cffa5a2d8547813541f7f94318f4bb,2023-04,Surrey Police,Surrey Police,-0.183877,51.182754,On or near Maynard Drive,E01030584,Reigate and Banstead 016A,Local resolution
fe8087e23edc1e0e5886e3766f360584874021d388a4d4b5c4e0501e9094fb3d,2023-04,Surrey Police,Surrey Police,-0.012503,51.265834,On or near Acorn Gardens,E01030836,Tandridge 006C,Investigation complete; no suspect identified
d193d4cb3e548dc176cc08b6e7c81e13c8794aab1e8bfb13635e2d9ca526bc54,2023-04,Surrey Police,Surrey Police,-0.574692,51.323711,On or near ,E01030969,Woking 008B,Suspect charged
d193d4cb3e548dc176cc08b6e7c81e13c8794aab1e8bfb13635e2d9ca526bc54,2023-04,Surrey Police,Surrey Police,-0.574692,51.323711,On or near ,E01030969,Woking 008B,Suspect charged
d193d4cb3e548dc176cc08b6e7c81e13c8794aab1e8bfb13635e2d9ca526bc54,2023-04,Surrey Police,Surrey Police,-0.574692,51.323711,On or near ,E01030969,Woking 008B,Suspect charged
51bb97593cb81e114fe6d36c6f6756c6e316f56796edfdbb6bd682ffacceed47,2023-04,Surrey Police,Surrey Police,-0.785414,51.234671,On or near ,E01030891,Waverley 002A,Further investigation is not in the public interest
b1460252628900b61f9a78970716dc471c4ddb045c1594bd912e748ad51dbf44,2023-04,Surrey Police,Surrey Police,-0.489728,51.370900,On or near ,E01030646,Runnymede 009B,Unable to prosecute suspect
d058cd359ff7f847555582accc6315bd1eff6fc82d66db01598531dda073d218,2023-04,Surrey Police,Surrey Police,-0.468041,51.436100,On or near Station Approach,E01030712,Spelthorne 003C,Unable to prosecute suspect
ae9b840367bdfa34954c2b31de1491a5d121906d025eb1685c77f4f33fba0d85,2023-04,Surrey Police,Surrey Police,-0.262346,51.366669,On or near Kingston Road,E01030394,Epsom and Ewell 002A,Investigation complete; no suspect identified
e8c685f1b2b6d650c66de3f0f62ac2d2e6e0ce5da605f135a45f583ab617bace,2023-04,Surrey Police,Surrey Police,-0.186024,51.166699,On or near Withey Brook,E01030531,Mole Valley 013D,Local resolution
1e228b38d478e1e2060658a8158eafefb7d42d6488c9958dad5f8dc0e618cf91,2023-04,Surrey Police,Surrey Police,-0.526886,51.376993,On or near ,E01030677,Runnymede 008A,Further investigation is not in the public interest
1cbde7e66e5c0cdd750525fce362ad159c5139149822b4de6e7b99a15d3ec6d8,2023-04,Surrey Police,Surrey Police,-0.556868,51.302181,On or near Westfield Close,E01030973,Woking 011C,Suspect charged
4e906d0f95bf3e1dc68e03cd861e4b3b60de4e0fec0deb57b21b9de10d887f1e,2023-04,Surrey Police,Surrey Police,-0.476539,51.457451,On or near Douglas Road,E01030744,Spelthorne 001B,Investigation complete; no suspect identified
77ed651110f5737d3d7c373edba1e5c717157134b03ebf389219b9027b67fc41,2023-04,Surrey Police,Surrey Police,,,No location,,,Suspect charged
7a442484448cdfc42470269c8407d63f657645940671b91b2f591a8845cafc5b,2023-04,Surrey Police,Surrey Police,-0.064708,51.255647,On or near Bourne Mews,E01030824,Tandridge 009A,Unable to prosecute suspect
46b5bf5629ef4d29c144965ce8e9a409a11f0951eb0659a7a85833dd5929fe01,2023-04,Surrey Police,Surrey Police,-0.604138,51.195106,On or near St John's Street,E01030921,Waverley 005E,Unable to prosecute suspect
cf7cfa5a947e7ced78bd36a69fef1214ed42932bd99ff6c39515195f3cc0c53f,2023-04,Surrey Police,Surrey Police,-0.573414,51.252449,On or near ,E01030484,Guildford 007D,Unable to prosecute suspect
cf792d212e074fff6c004cd4481607d41517c6183053d655ac6cf2fafd24c842,2023-04,Surrey Police,Surrey Police,-0.429420,51.420761,On or near A244,E01030700,Spelthorne 006D,Unable to prosecute suspect
829d2ca38a3ffc3a34b421bff37551e847cafad85cd257b7dcd830956053aacc,2023-04,Surrey Police,Surrey Police,-0.577752,51.237242,On or near Fays Passage,E01030452,Guildford 015A,Investigation complete; no suspect identified
9f6039e9d788e6b6747ef0f3060c1f43516c5689368d0f803f20f6adfe0a2d8c,2023-04,Surrey Police,Surrey Police,-0.514413,51.416519,On or near Alton Court,E01030686,Runnymede 004D,Local resolution
295c72e94bd3785a56fdfc57f324f088d72d0a008df1f9153e1381c54cdece0d,2023-04,Surrey Police,Surrey Police,-0.722426,51.335667,On or near Ravenswood Drive,E01030799,Surrey Heath 005D,Local resolution
739b38e9266b5bed51d95a8da6ca518d663bbce5818384fbbd7d01af19068585,2023-04,Surrey Police,Surrey Police,-0.695058,51.180517,On or near Hookley Lane,E01030878,Waverley 011B,Further action is not in the public interest
50588ee3f5413eb57f68cd56c17b5bc9704b081771461701ae5be4a304b4582e,2023-04,Surrey Police,Surrey Police,-0.781585,51.238102,On or near Copse Avenue,E01030904,Waverley 001D,Investigation complete; no suspect identified
01b4bb2089f9c22669a3113d50fb52c69db186552b1985c99b4af0c280c20eb0,2023-04,Surrey Police,Surrey Police,-0.409315,51.412828,On or near The Avenue,E01030754,Spelthorne 010B,Investigation complete; no suspect identified
92fbd8a10f93a69329c0b28174aa30b3cf1b7ed2bc7516d9ea7eb1147ef8e035,2023-04,Surrey Police,Surrey Police,-0.247592,51.371566,On or near Inveresk Gardens,E01030387,Epsom and Ewell 001B,Unable to prosecute suspect
933d618985c84c0480bad467f3782b681dd23fbe33bcddaac0b9a9bce4994936,2023-04,Surrey Police,Surrey Police,-0.734950,51.306758,On or near Heenan Close,E01030773,Surrey Heath 011D,Investigation complete; no suspect identified
d18a1eae1dec2081c723fd2c2e3542f62c574a8fc4c3b32c3392a91f778aed11,2023-04,Surrey Police,Surrey Police,-0.486186,51.422524,On or near Berryscroft Road,E01030739,Spelthorne 007B,Action to be taken by another organisation
92f5a51f05782a751baff5fe04565f134850239b96ea8ce4bb4e4894595da391,2023-04,Surrey Police,Surrey Police,-0.731599,51.313304,On or near Bassett Close,E01030767,Surrey Heath 010B,Unable to prosecute suspect
86deac4baa40a86e7a28adb30e481f0b59674aed5e7fb668a88c51b0bec832d9,2023-04,Surrey Police,Surrey Police,-0.395040,51.338743,On or near Queensgate,E01030306,Elmbridge 017F,Unable to prosecute suspect
805852a9ad0ca3bf6c74df0a5d5aeb0b2bb4b2e9123287505d3cbcc633207d5a,2023-04,Surrey Police,Surrey Police,-0.451979,51.278190,On or near Farleys Close,E01030444,Guildford 003D,Unable to prosecute suspect
8e20c730d79a1892a90465f408b3e0588e4f1972696cf87036e8626037e1e0e8,2023-04,Surrey Police,Surrey Police,,,No location,,,Unable to prosecute suspect
f5f501cc095f07ce7199662d4c058f7c5c390c7b27968414eb924261fc760bb1,2023-04,Surrey Police,Surrey Police,-0.427888,51.260225,On or near Rowbarns Way,E01030442,Guildford 003B,Investigation complete; no suspect identified
8f6af2a68497371901729c8c0a77ac66a81ef51ebcb619f48694983c556bb03c,2023-04,Surrey Police,Surrey Police,-0.262263,51.351407,On or near First Avenue,E01030413,Epsom and Ewell 004B,Investigation complete; no suspect identified
2a1e6211387c568d777e1f5f9da3e3f24b798b693904a37508346d9854cb9c4a,2023-04,Surrey Police,Surrey Police,-0.384407,51.269543,On or near Chalk Pit Lane,E01030521,Mole Valley 007B,Unable to prosecute suspect
7cd976e88bdb02faf2f721a4b636d3beefd4288cba161b1c59e33c9a5985bba9,2023-04,Surrey Police,Surrey Police,-0.530481,51.332023,On or near Albert Drive,E01030984,Woking 004E,Further investigation is not in the public interest
218322da60599fc90649fd0b7947366f990fa32051c14b804837d85a8d237935,2023-04,Surrey Police,Surrey Police,-0.036311,51.283026,On or near The Green,E01030861,Tandridge 004F,Investigation complete; no suspect identified
6cb3b0e3a83f47a752d09c8485ab43516ec7aa233c8a0096180eda43667a700a,2023-04,Surrey Police,Surrey Police,-0.325871,51.213667,On or near Walford Road,E01030545,Mole Valley 011B,Local resolution
4bde7c0cc0743df990da8638ce2d7039ce43d3d70966c62e20c6a39f795f8b30,2023-04,Surrey Police,Surrey Police,-0.569692,51.312806,On or near Erica Court,E01031001,Woking 010D,Further investigation is not in the public interest
c83722aa7403c92323bd7bd955fa9145dff5dc53c05e092224e1c01088329247,2023-04,Surrey Police,Surrey Police,-0.575237,51.295932,On or near B380,E01030987,Woking 012E,Unable to prosecute suspect
5e120c99a60013c579fdfe91f1d5c99a346d5f99a0e95c5bee3eac59805b7a4a,2023-04,Surrey Police,Surrey Police,-0.603410,51.353939,On or near Windsor Court Road,E01030765,Surrey Heath 001C,Unable to prosecute suspect
6ca189aa0776c327a3e9e546b8a25bd6140ca74969a36d105edfa766ef6137b6,2023-04,Surrey Police,Surrey Police,-0.575237,51.295932,On or near B380,E01030987,Woking 012E,Unable to prosecute suspect
37f814deb670dc1090b47fdf99ebc9626ac08c587d74fecd3c00b767d9867af8,2023-04,Surrey Police,Surrey Police,-0.454914,51.373584,On or near ,E01030373,Elmbridge 012C,Investigation complete; no suspect identified
ebaa5fd63c862971567cee2cd524c23cbd27945e5a9e430113cd2b77ad8c85aa,2023-04,Surrey Police,Surrey Police,-0.493582,51.387414,On or near Springfields Close,E01030654,Runnymede 006C,Investigation complete; no suspect identified
fd35e71076672dee7d4fe8f64da572085922b47d55944cf2b19ca629ffe4eb84,2023-04,Surrey Police,Surrey Police,-0.435217,51.421981,On or near Napier Walk,E01030700,Spelthorne 006D,Unable to prosecute suspect
602cc0946196a8fb5c6861de9ba3ef6311be1b2a4699ef1c897b5d964b5c14a6,2023-04,Surrey Police,Surrey Police,-0.404032,51.393990,On or near Thorneycroft Close,E01030361,Elmbridge 004A,Unable to prosecute suspect
49b93f0e35a4a0629c26095317a12565f6779f85cd56c36bac466303627f56ca,2023-04,Surrey Police,Surrey Police,-0.407876,51.392162,On or near First Avenue,E01030361,Elmbridge 004A,Unable to prosecute suspect
b582455fa37f5a0838e543e6d165e194581238db846ae1153f245dd9524e711d,2023-04,Surrey Police,Surrey Police,-0.572351,51.328377,On or near Morton Road,E01030966,Woking 003D,Further investigation is not in the public interest
f943e086a5cf6169eaa304c1ba23397dfdf5ac25647b99aa5c00b9c47a5b32f9,2023-04,Surrey Police,Surrey Police,-0.319450,51.385487,On or near Windmill Close,E01030324,Elmbridge 006C,Unable to prosecute suspect
4d54ec1269b151d8fd0855c42350f5a9d64e1a62977266631cea04f9b914e415,2023-04,Surrey Police,Surrey Police,-0.724804,51.287189,On or near Ambleside Close,E01030783,Surrey Heath 012B,Investigation complete; no suspect identified
e87277c9313d842c9900330b97765d1f9b0bee85bbbd87e010242ae3b3f05837,2023-04,Surrey Police,Surrey Police,-0.368229,51.397552,On or near Ray Road,E01030335,Elmbridge 003B,Unable to prosecute suspect
2e58ee3d0cb9c1f7e4b95b5e37fc3d8a688b9c2cacb8a4f243151c3c4464065f,2023-04,Surrey Police,Surrey Police,-0.448080,51.423114,On or near ,E01030698,Spelthorne 006B,Unable to prosecute suspect
ddc8a88095034aacb5a449d49858a7857fdab8bb3e142e45ee89a4b800dbe839,2023-04,Surrey Police,Surrey Police,-0.725398,51.347066,On or near Deanside,E01030787,Surrey Heath 004B,Investigation complete; no suspect identified
67f9771f493be75a7f311d579d441dc22d880e11205e64fd0110bf4c1171d19d,2023-04,Surrey Police,Surrey Police,,,No location,,,Further investigation is not in the public interest
bd61476543a3b640a0bd24c38262f08fbcee87c2f45ef7da2b3706e63612a91b,2023-04,Surrey Police,Surrey Police,-0.227415,51.308440,On or near Heathside Place,E01030642,Reigate and Banstead 003C,Unable to prosecute suspect
796494db88484c7e589b37cda41d498e85cb06d0c1b23925390d8bd3b3bdb027,2023-04,Surrey Police,Surrey Police,-0.739787,51.336008,On or near West Road,E01030800,Surrey Heath 005E,Investigation complete; no suspect identified
df99410733605f55fc79c5fc52d03dfe637a8eee287354e6886e7b51ef285d67,2023-04,Surrey Police,Surrey Police,-0.005626,51.258469,On or near Station Approach,E01030836,Tandridge 006C,Investigation complete; no suspect identified
15db71a1a70ea8e801c8fc24f94c537c7831fcf0762fd800bd50d4fef4137aa0,2023-04,Surrey Police,Surrey Police,-0.507532,51.344277,On or near Little Orchard,E01030693,Runnymede 010D,Action to be taken by another organisation
388978f68ce3ca426687127be9fc7df796dca1305ad68ac25d1dc3b06ef07e47,2023-04,Surrey Police,Surrey Police,-0.258681,51.375796,On or near Grafton Park Road,E01030388,Epsom and Ewell 001C,Investigation complete; no suspect identified
479b9ec78d92d141e655ab4aa7447f507a4192727e7985db6b00670531a9557b,2023-04,Surrey Police,Surrey Police,-0.435563,51.391876,On or near ,E01030732,Spelthorne 013C,Unable to prosecute suspect
6fa4021ea42a326072eff3f31bcb1adf3b5ed8d183045f4a9738b966892800e8,2023-04,Surrey Police,Surrey Police,-0.804873,51.206734,On or near Hopfields Close,E01030889,Waverley 006C,Investigation complete; no suspect identified
743c2b6baf838d2ea9e6fb62cc38b3f728f74199c97d177adaa938d9e0b4d487,2023-04,Surrey Police,Surrey Police,-0.512547,51.435019,On or near Parking Area,E01034291,Spelthorne 004F,Investigation complete; no suspect identified
4667a616fd29e8ee28b085c133b47610bb27a2e5efeb37dda39b16fde9d71718,2023-04,Surrey Police,Surrey Police,-0.041021,51.318267,On or near Harrow Gardens,E01030852,Tandridge 012A,Unable to prosecute suspect
ea24933c701ef0a548b6a0617606ad7860498dad7f8bd71ddb2c1c4129941fa6,2023-04,Surrey Police,Surrey Police,-0.416658,51.371752,On or near Mayfield Close,E01030314,Elmbridge 010B,Unable to prosecute suspect
a379cf1f9d862ee35fccc9404f66a63a8234ae6ebb381f14ce476d384a9399e2,2023-04,Surrey Police,Surrey Police,-0.452643,51.429415,On or near Elm Tree Close,E01030701,Spelthorne 005A,Investigation complete; no suspect identified
dd1aaf6a0969daf7f5f531e89ad7ddc767572c8f86879d49f418bab18620c4df,2023-04,Surrey Police,Surrey Police,-0.762695,51.229928,On or near The Alders,E01030903,Waverley 001C,Unable to prosecute suspect
822e4e8b30e1e574ae234ec55eb09df716cef429fdc565018f0bb159d5419398,2023-04,Surrey Police,Surrey Police,-0.613093,51.317680,On or near Lauriston Close,E01030976,Woking 007C,Investigation complete; no suspect identified
5b15138098348d9efd61702db46a849bc3aa106483f2724799143bca7b5622f6,2023-04,Surrey Police,Surrey Police,-0.322799,51.294998,On or near Poplar Road,E01030553,Mole Valley 004C,Unable to prosecute suspect
8888433aef65f7307dbcb04ee3ee280397188eb06ffdda93d6528fd71b3e0b9a,2023-04,Surrey Police,Surrey Police,-0.482582,51.429716,On or near Brookside Avenue,E01030740,Spelthorne 007C,Unable to prosecute suspect
78d991becb17192755a2e7197a3bb3fd0305d9af4665b49f03e167105c9abc48,2023-04,Surrey Police,Surrey Police,-0.570425,51.240723,On or near Eagle Road,E01030457,Guildford 013F,Further investigation is not in the public interest
9913f219653e5edc4ca7c75ae7513b47ba82030e66c98396c6c2f65c01fb2c99,2023-04,Surrey Police,Surrey Police,-0.452154,51.374888,On or near Rede Court,E01030371,Elmbridge 012A,Unable to prosecute suspect
12f7607bbd9a4cba5946845dc1dcbec9d1957917f7ac128ea24810f2c2e72e79,2023-04,Surrey Police,Surrey Police,-0.090778,51.300581,On or near Victor Beamish Avenue,E01030846,Tandridge 003C,Investigation complete; no suspect identified
59429f505ef7ac85c172a71a666c31b18cf883f2c8ee32429e008a80e041eefd,2023-04,Surrey Police,Surrey Police,-0.166781,51.314215,On or near Water Mead,E01030568,Reigate and Banstead 004D,Investigation complete; no suspect identified
627e94e89faf039b822e47c9d5553c6b131d91247cce1b354e40bf63ca1701ae,2023-04,Surrey Police,Surrey Police,-0.422252,51.418830,On or near Crossways,E01030752,Spelthorne 008E,Investigation complete; no suspect identified
bea4115ec7f0507f270e88d430a43c872c27a0e9978eb4c24405e50918cc1bd0,2023-04,Surrey Police,Surrey Police,-0.479381,51.391826,On or near ,E01030730,Spelthorne 013A,Investigation complete; no suspect identified
d9e7e37c6651109dc6e2ee70dd99be6ef3ebf08e2d3972c6d7d531f1e913cc15,2023-04,Surrey Police,Surrey Police,-0.314888,51.313230,On or near Brookers Close,E01030505,Mole Valley 002A,Unable to prosecute suspect
3690ed74bde621c79db4a08847330d73ee699e74f2006acbaad22ebba718ce57,2023-04,Surrey Police,Surrey Police,-0.618328,51.316321,On or near ,E01030976,Woking 007C,Unable to prosecute suspect
34bb4c2ee3d723e2695072363a93ec818e111df59b80f5fd87cf660cb7de80cd,2023-04,Surrey Police,Surrey Police,-0.417589,51.385181,On or near Church Walk,E01030359,Elmbridge 007C,Investigation complete; no suspect identified
e19f91ad38f57e8cf8af039541fd363b722b3b0d891e5ca01aae47b7acb774f6,2023-04,Surrey Police,Surrey Police,-0.421032,51.418931,On or near ,E01030751,Spelthorne 008D,Investigation complete; no suspect identified
bef5ecf411af057f23a6bb98e70c04e172bbdb6b59d78faed7dd20d1dfb64536,2023-04,Surrey Police,Surrey Police,-0.407481,51.312430,On or near Downside Common Road,E01030302,Elmbridge 017C,Investigation complete; no suspect identified
a0fc6f3b44fb31f9cbe783234cacdce50ce9b2eaf1fd59560aacbe2fa5704a22,2023-04,Surrey Police,Surrey Police,-0.463026,51.346714,On or near Petrol Station,E01030347,Elmbridge 016B,Local resolution
8c95073ef317e9fb156a95da72d3dddf3e1970b1052918b33d8bdd06ffebd4f7,2023-04,Surrey Police,Surrey Police,-0.172968,51.214752,On or near Hanworth Road,E01030570,Reigate and Banstead 014A,Investigation complete; no suspect identified
6c26cf4ca3ff5eaf6ec16fd3ed36eba1525cde189b222f24b23f0549b9317888,2023-04,Surrey Police,Surrey Police,-0.246036,51.329925,On or near Link's Road,E01030382,Epsom and Ewell 010A,Investigation complete; no suspect identified
9ab3c25b34f4b3ef317ba487539a3314330ac96a19fd95009c92c0d7b18524d4,2023-04,Surrey Police,Surrey Police,-0.442246,51.425914,On or near Dane Road,E01030698,Spelthorne 006B,Unable to prosecute suspect
79d2f935b3b8fb8faae692cb7a5f094d5974df197dbacc82119cc5a15c063029,2023-04,Surrey Police,Surrey Police,-0.772783,51.329299,On or near Admiralty Way,E01022847,Hart 003B,Investigation complete; no suspect identified
f35a70fc3e3415f592e08ed4f327e523788aeb099d66ccd426a43b82a76c2783,2023-04,Surrey Police,Surrey Police,-0.504495,51.437084,On or near Birch Green,E01030736,Spelthorne 004C,Unable to prosecute suspect
4ef7ed5d66029ef51810c8bb79cdb8a5daa739bb252e83f206312ab44e98f268,2023-04,Surrey Police,Surrey Police,-0.421693,51.262435,On or near Park Horsley,E01030442,Guildford 003B,Investigation complete; no suspect identified
5665acf793aadc18ea2b2a3b55e1bb5a9e0ad5738c9ace92e4802f11f112871d,2023-04,Surrey Police,Surrey Police,-0.346719,51.294331,On or near Cannon Side,E01030539,Mole Valley 005A,Unable to prosecute suspect
eea15a30faa7ed3655a6a6a8106f418b40e2d9263097d99e6647d719a5d86c21,2023-04,Surrey Police,Surrey Police,-0.106697,51.292324,On or near Weston Drive,E01030857,Tandridge 003D,Unable to prosecute suspect
ff13e5c29a95d7111c28de848fda01e82c572596fea75cb3508ebff60fb6324f,2023-04,Surrey Police,Surrey Police,-0.185966,51.229406,On or near Dunottar Close,E01030593,Reigate and Banstead 012A,Investigation complete; no suspect identified
4ec923ecfa100a7e953fd3c0e96801b50ecabc6e30d05d9d57e7db1911f76808,2023-04,Surrey Police,Surrey Police,-0.486995,51.358049,On or near Supermarket,E01030683,Runnymede 010C,Unable to prosecute suspect
dd8df3b7eeb64e3f88c3590714bf76240078705e8c05104779f047def1a98cd9,2023-04,Surrey Police,Surrey Police,-0.594173,51.253995,On or near Shepherd's Hill,E01030493,Guildford 009B,Unable to prosecute suspect
06399ba0e6e98f327740e3f104c2a8db8a3354f21769522031d976e97e2eb0a3,2023-04,Surrey Police,Surrey Police,-0.614183,51.320543,On or near Waterers Rise,E01030974,Woking 007A,Further investigation is not in the public interest
88f2f0d8468ad93c64b6c9363f4cd5f76e376615eb8e85f89891f412c9572707,2023-04,Surrey Police,Surrey Police,-0.793634,51.217760,On or near East Street,E01030895,Waverley 003E,Unable to prosecute suspect
d14f7778f714255f74e1d41d7b201029f2c38e3832b6520e9c582c5d0d9a3216,2023-04,Surrey Police,Surrey Police,-0.100524,51.282358,On or near Roffe's Lane,E01030820,Tandridge 005A,Investigation complete; no suspect identified
c9ee2063fc6f02fd588dd5b1cd584130bf85db12b34818cf70dc949671eec773,2023-04,Surrey Police,Surrey Police,-0.556120,51.319159,On or near The Broadway,E01030954,Woking 008A,Unable to prosecute suspect
1ae0b3ea2afddd98349823f9a8d864076b8d96cc97a0b4448b2fc7652499d6df,2023-04,Surrey Police,Surrey Police,-0.464641,51.402344,On or near Winchstone Close,E01030723,Spelthorne 012C,Unable to prosecute suspect
2a90f964fe1eee56506b10cf272aad0bd8828ac35f7b5ddaccf0b90bbc1501eb,2023-04,Surrey Police,Surrey Police,-0.180099,51.236518,On or near Whitepost Hill,E01030596,Reigate and Banstead 012B,Investigation complete; no suspect identified
51989229a9ce3c42729dbe57f81eb7aa17d9912b69c91c40d60821ae7c46b98c,2023-04,Surrey Police,Surrey Police,-0.573897,51.260926,On or near ,E01030481,Guildford 007A,Unable to prosecute suspect
ca60e4a33f432516b449b13e28364390619a5d4331c7df9ce998ba4fac3b88f3,2023-04,Surrey Police,Surrey Police,-0.564810,51.301425,On or near Bonsey Close,E01030971,Woking 011A,Unable to prosecute suspect
68b0012e46619c2cc9f83d9840e43ee78da4297ab6df952bf15957a61bc5505f,2023-04,Surrey Police,Surrey Police,-0.567811,51.237678,On or near ,E01030455,Guildford 013E,Further investigation is not in the public interest
406e0bbaf71a72f7e5f3501d981cb61166e85c5b8159d2398c6b80d4455eaa9a,2023-04,Surrey Police,Surrey Police,-0.553817,51.431084,On or near Milton Road,E01030669,Runnymede 001C,Investigation complete; no suspect identified
2669d4582ed5109b8144c950fa5bb5d00aeb850d08e8b827498a142dcf92e467,2023-04,Surrey Police,Surrey Police,-0.464641,51.402344,On or near Winchstone Close,E01030723,Spelthorne 012C,Unable to prosecute suspect
28f70118807c08e5acef77c29ae20bb0c6df09c96d410f1e7ad0f29b0f3d2029,2023-04,Surrey Police,Surrey Police,-0.067177,51.318728,On or near Tithepit Shaw Lane,E01030856,Tandridge 002B,Action to be taken by another organisation
daa16b5e688e4b090c628ce641982e9bd1736f8569e58c3c5c515057e7065e95,2023-04,Surrey Police,Surrey Police,-0.074498,51.309775,On or near Court Farm Road,E01030860,Tandridge 002D,Investigation complete; no suspect identified
938980426bf2e24a4fb58883b1b858dcff265820b2e65bbb0f1fbc4707d6612a,2023-04,Surrey Police,Surrey Police,-0.101292,51.514770,On or near Amen Court,E01032739,City of London 001F,Unable to prosecute suspect
0f34d7112ba9c7695672bd3b48191a8cf1c015a63f6c556e8fee0ec930b10313,2023-04,Surrey Police,Surrey Police,-0.115739,51.166973,On or near Baker Drive,E01030819,Tandridge 011D,Further investigation is not in the public interest
6c45610b4e9c660b0c0e9f1623031039c8c57005219ac639f6a147f751a63fb8,2023-04,Surrey Police,Surrey Police,-0.430592,51.281421,On or near Parkside Place,E01030443,Guildford 003C,Unable to prosecute suspect
ec6802c91d5bc144c4aa0d287ebc5fe7f2a78150981ab3173d418289e513b340,2023-04,Surrey Police,Surrey Police,,,No location,,,Unable to prosecute suspect
9af6a6ab8727f26d47a3a2ae63ac169e8ac3be5729f2358eeb26586bb3d6b4e7,2023-04,Surrey Police,Surrey Police,-0.494654,51.372717,On or near Chapel Grove,E01030648,Runnymede 007B,Unable to prosecute suspect
30bed3e038f530d9870429ea7198cffa06d4a4f38de726f9659a55e9dc994ff8,2023-04,Surrey Police,Surrey Police,-0.331669,51.233094,On or near ,E01030534,Mole Valley 009C,Unable to prosecute suspect
ebd62651580d9ccd3489b0f044ec3c10cf3a6bcaf1a41e57a84dd74f27db456e,2023-04,Surrey Police,Surrey Police,-0.472191,51.441100,On or near Gordon Road,E01030707,Spelthorne 003A,Unable to prosecute suspect
691ed813215a6f7fb6ed8083722dc101ec0703a5293ddc5051e07830264cebfd,2023-04,Surrey Police,Surrey Police,-0.103818,51.278302,On or near Chaldon Common Road,E01030820,Tandridge 005A,Investigation complete; no suspect identified
7b1be358f9924c6e41adf4dfb9092a8a150dfdde381dc5bb7407d5ef1253f66c,2023-04,Surrey Police,Surrey Police,-0.549370,51.304301,On or near Shackleford Road,E01030995,Woking 011E,Unable to prosecute suspect
70e35fa2204cf84c5be7782e93115f107225a01eb60b95ea76a599a650cacff3,2023-04,Surrey Police,Surrey Police,-0.198885,51.260507,On or near Parking Area,E01030598,Reigate and Banstead 009A,Investigation complete; no suspect identified
5778f43ca18e674dd466855d9776e5bb366b21076f2aec86a320c30d19e33f04,2023-04,Surrey Police,Surrey Police,-0.471003,51.332242,On or near Rutson Road,E01030947,Woking 001B,Investigation complete; no suspect identified
673a7280b6615e2a3e31b649c51d361c888a16272fd2f5591ab2764c13a41663,2023-04,Surrey Police,Surrey Police,-0.799894,51.213796,On or near Upper Church Lane,E01030885,Waverley 003B,Investigation complete; no suspect identified
95382fcd87f9b3131a9823866a4450ce4d4a7e67ee77b4863484405bbe56ddb6,2023-04,Surrey Police,Surrey Police,-0.097703,51.291647,On or near Addison Close,E01030845,Tandridge 003B,Investigation complete; no suspect identified
d8f4603ae1ad59e6cd4978f2af6864227a3d0b1f8c32d9b311f781812bb51bf6,2023-04,Surrey Police,Surrey Police,-0.577213,51.249627,On or near A3,E01030450,Guildford 013B,Offender given a caution
6e4603338788d7a4b88070a88f1c1f6cc46aed58328e50a97a8062b0eb8b42f0,2023-04,Surrey Police,Surrey Police,-0.328514,51.294828,On or near ,E01030552,Mole Valley 004B,Further investigation is not in the public interest
6ad163b0b7ea392dec149468ad2c719e47a0b039af30c79ffacc06309a513f89,2023-04,Surrey Police,Surrey Police,-0.604734,51.242198,On or near Supermarket,E01030470,Guildford 012A,Investigation complete; no suspect identified
b127f01a5f61d5ebea13ab01d7dc2563fabb91ab2acc177fe2ee9f4e2199af29,2023-04,Surrey Police,Surrey Police,-0.744145,51.227914,On or near Tongham Road,E01030423,Guildford 014C,Unable to prosecute suspect
52bc4985963f7c0d7bf991fe907d9dedf59b33427cecba21cb1039adb82b8003,2023-04,Surrey Police,Surrey Police,-0.618328,51.316321,On or near ,E01030976,Woking 007C,Further investigation is not in the public interest
68fa14413cff6c5169e6f2c01e362e42b3a2f73a9b644d2ebbd08823f5178760,2023-04,Surrey Police,Surrey Police,-0.589911,51.264033,On or near Knox Road,E01030488,Guildford 006C,Unable to prosecute suspect
b2eb6b5e2319890db5bcfdd685eff245b4d92022d8972e9e8937977d0ea4dc3c,2023-04,Surrey Police,Surrey Police,-0.552881,51.308067,On or near Elmbridge Lane,E01030972,Woking 011B,Further investigation is not in the public interest
308f73c97f66423e9e2add17d6d90093f8486fe6d3f05c5a6cee690e8a394bd5,2023-04,Surrey Police,Surrey Police,-0.431217,51.261808,On or near Epsom Road,E01030445,Guildford 003E,Unable to prosecute suspect
8a53d2b77858bcd187ce9f9f019c6d95327b7b76bce3b5b2aace21f7eb88a4be,2023-04,Surrey Police,Surrey Police,-0.694615,51.361114,On or near London Road,E01030759,Surrey Heath 002C,Offender given a caution
fcb9237d105deebe65fbc8368b1fd781d2e42d86eb7db5afe05806abe117f0da,2023-04,Surrey Police,Surrey Police,-0.724395,51.272473,On or near Alder Close,E01030429,Guildford 004D,Investigation complete; no suspect identified
4d313f84f40032b2ab93c842ea5f0aed6203da095ee52048a1c932f5498130dc,2023-04,Surrey Police,Surrey Police,-0.354241,51.370730,On or near Littleworth Place,E01030307,Elmbridge 013A,Investigation complete; no suspect identified
db20f3ecf0e0d15999324945198a64a79d3e3cd142988e57b3d0ed9459c7d9da,2023-04,Surrey Police,Surrey Police,-0.546666,51.213623,On or near Hornhatch,E01030479,Guildford 017D,Investigation complete; no suspect identified
486663800f4d47ad178dabfbe23ea313c750dd51495f9b0c5279ff6733e4d505,2023-04,Surrey Police,Surrey Police,-0.449152,51.391862,On or near Cliveden Place,E01030733,Spelthorne 013D,Investigation complete; no suspect identified
9ef7ed11b86ec8ceb0c1db815e71ed3ca866c989dacd0a75be503e6ecb7f891c,2023-04,Surrey Police,Surrey Police,-0.047854,51.165248,On or near Newchapel Road,E01030816,Tandridge 011A,Unable to prosecute suspect
bf9592999d2ee52a2001e99391141926647ed8126e0a42a875306c54a8de3249,2023-04,Surrey Police,Surrey Police,-0.646498,51.172259,On or near Flitwick Grange,E01030937,Waverley 011C,Unable to prosecute suspect
5318aa2dad3d25725a46916047e6d3e55704ad0085ef009a4898283d8a8d1805,2023-04,Surrey Police,Surrey Police,-0.415725,51.420019,On or near ,E01030755,Spelthorne 010C,Investigation complete; no suspect identified
50dcd12fb4bdf5a31fe91fca575f20b49354e804cc53ed205e9e653c2a282b35,2023-04,Surrey Police,Surrey Police,-0.327253,51.305844,On or near Waterfields,E01030549,Mole Valley 003B,Investigation complete; no suspect identified
ba2e09958aea35a8c147f3c5e9c1dacd11323c033ad728052a18bc0ead671bba,2023-04,Surrey Police,Surrey Police,-0.559622,51.320506,On or near ,E01030954,Woking 008A,Investigation complete; no suspect identified
290947de008b3c270edecfb6bbcd3544aaebe77d89eab122f578a0120c55ab8d,2023-04,Surrey Police,Surrey Police,-0.558270,51.401600,On or near Ridge Way,E01030690,Runnymede 005B,Investigation complete; no suspect identified
d390a1a3af9f45b498d8064e6c4735e21ddbc23ee1f590091472c95c68276415,2023-04,Surrey Police,Surrey Police,-0.426995,51.366531,On or near Cranley Road,E01030316,Elmbridge 014D,Investigation complete; no suspect identified
7d022257efde05913a806a59ef57a59ae86392da829ce0f76490641043b4f7bb,2023-04,Surrey Police,Surrey Police,-0.604216,51.316999,On or near Alma Close,E01030960,Woking 009A,Further action is not in the public interest
97dd70cb6a324c496098ca06533b31941d78d9e7e3f9d09a8695a02660752683,2023-04,Surrey Police,Surrey Police,-0.150187,51.257974,On or near Endsleigh Road,E01030602,Reigate and Banstead 008D,Further action is not in the public interest
f01af2eeea1f1b81a06979f00b3c0b48effb118204e82573c7cebcd4abd16ed7,2023-04,Surrey Police,Surrey Police,-0.744453,51.323892,On or near Watchetts Lake Close,E01030804,Surrey Heath 008E,Investigation complete; no suspect identified
579ce246bebfb850a32ec3980f4c14bc9183da4cf6ab4b4b3952c3dd5dab4f98,2023-04,Surrey Police,Surrey Police,-0.424872,51.417085,On or near ,E01030752,Spelthorne 008E,Unable to prosecute suspect
38c7a48ea83124b77af504445c96ae12b6a0ea4c9775aa6dc0a1980d933c2635,2023-04,Surrey Police,Surrey Police,-0.578532,51.428293,On or near Sycamore Walk,E01030674,Runnymede 002D,Unable to prosecute suspect
88aebc39c82e153c1b79d7e2d5ca135f4a35e05339a8123a133c57f320b9f150,2023-04,Surrey Police,Surrey Police,-0.532237,51.251805,On or near Baldwin Crescent,E01030463,Guildford 008D,Investigation complete; no suspect identified
aa2f07e9b410af0efd60117c63aa0649a2d3dca6ae876aff18c7532472c221c2,2023-04,Surrey Police,Surrey Police,-0.640613,51.172461,On or near Meadow Close,E01030938,Waverley 011D,Unable to prosecute suspect
9488cccd59b25a0367716817d2d92adba31397f530b6b7767ff8fa9cf749f59e,2023-04,Surrey Police,Surrey Police,-0.331613,51.233452,On or near Shopping Area,E01030534,Mole Valley 009C,Suspect charged
a61e1a1e75e22880b6e2274a8ae131333680567a86693ddc8b356f3e051d36c1,2023-04,Surrey Police,Surrey Police,-0.403614,51.390720,On or near Telford Drive,E01030364,Elmbridge 004D,Investigation complete; no suspect identified
31b80d73e96a37727644bb2a10147acc1d5b4f4da4a3349cfc53a703f7882bd8,2023-04,Surrey Police,Surrey Police,-0.750871,51.213283,On or near Crooksbury Road,E01030894,Waverley 004D,Investigation complete; no suspect identified
116e7d85f364caf6beb4f7d81f470fb49c2d31b55fe158060bbd6249e94be38b,2023-04,Surrey Police,Surrey Police,-0.163007,51.218949,On or near Hospital,E01030572,Reigate and Banstead 014C,Unable to prosecute suspect
09f2a6aaa70aaf12d1cefce878ff6561c52a080351b12cdd786a3146f61513c1,2023-04,Surrey Police,Surrey Police,-0.367068,51.408345,On or near Beldham Gardens,E01030330,Elmbridge 001A,Unable to prosecute suspect
028d462d8195a13f1ada0fff8ea81346e6049bf9284cde349045e8a8d701a2db,2023-04,Surrey Police,Surrey Police,-0.724395,51.272473,On or near Alder Close,E01030429,Guildford 004D,Investigation complete; no suspect identified
737feea0b5ba4189ddd6669d8182c563e249c8d2a9967eb482eea812a3bde21b,2023-04,Surrey Police,Surrey Police,-0.626869,51.318139,On or near Limecroft Road,E01030978,Woking 012C,Unable to prosecute suspect
b24ed9488ea57618ee53e70bef2e96b8156a10953d72ae6b0bc29ea52758ab53,2023-04,Surrey Police,Surrey Police,-0.638130,51.114897,On or near Oak Close,E01030868,Waverley 015C,Unable to prosecute suspect
7d57fac2cc2907e1c12eaa219fdda8d2096cb609f626e0189c6e7af84d207321,2023-04,Surrey Police,Surrey Police,-0.437738,51.364067,On or near Bridgewater Road,E01030349,Elmbridge 016D,Investigation complete; no suspect identified
85698792d87387e33f90ca9ac15853920eb70074b924263d38b495de09e1c9a7,2023-04,Surrey Police,Surrey Police,-0.705396,51.333799,On or near Summer Gardens,E01030776,Surrey Heath 007C,Suspect charged
bf4599450a7da68e8b91a999781b64dec4ae55d724ad4536f3440697d2d0bec9,2023-04,Surrey Police,Surrey Police,-0.198926,51.323320,On or near B2217,E01030560,Reigate and Banstead 002B,Investigation complete; no suspect identified
94c2f4db80cc42d5c84e1aa3dbebd353407ad7307a7735677da44cbdad7e5e60,2023-04,Surrey Police,Surrey Police,-0.578887,51.321712,On or near Pine Close,E01030970,Woking 008C,Investigation complete; no suspect identified
9a1670dbe2fb3b7d3e7c12991fe335418b1f039f705873ff8ad9a29702bd3cec,2023-04,Surrey Police,Surrey Police,-0.101669,51.151538,On or near ,E01030819,Tandridge 011D,Investigation complete; no suspect identified
0ec4a8b7710e5cd1c526442754be16d5e1cb82cc77c3fedf8fca17075df0a7d9,2023-04,Surrey Police,Surrey Police,-0.608121,51.240547,On or near Hospital,E01030470,Guildford 012A,Unable to prosecute suspect
c0eb5f9123dc908372a4b589f3d72c0f6ab2ad71e6f5b1dc323fcd55111a4cba,2023-04,Surrey Police,Surrey Police,-0.589612,51.238591,On or near Sports/Recreation Area,E01030468,Guildford 015C,Unable to prosecute suspect
033339d4d2c3487734c5db12185a855fc7964f4574708aa4cff875256b66d14d,2023-04,Surrey Police,Surrey Police,-0.004341,51.256046,On or near ,E01030836,Tandridge 006C,Investigation complete; no suspect identified
75545a6c802e6aa734066f08d803d7e2d36725a8ccd6f771182a79b0d37f347f,2023-04,Surrey Police,Surrey Police,-0.360363,51.371895,On or near Hillbrow Road,E01030307,Elmbridge 013A,Investigation complete; no suspect identified
5b0891078429bfe1ae036ff90636de844b0858313a5521fbf5987648feb83295,2023-04,Surrey Police,Surrey Police,-0.810328,51.203912,On or near Gullivers Close,E01030896,Waverley 006D,Further investigation is not in the public interest
a7909e92ad37a7078d7e45335cf80722bda42f22b536f8dfb9f3530e322de05a,2023-04,Surrey Police,Surrey Police,-0.584088,51.236186,On or near Genyn Road,E01030452,Guildford 015A,Unable to prosecute suspect
89cff7fe9d5131026689803076624f08d4b7817c659d841db9dc010f68006ce6,2023-04,Surrey Police,Surrey Police,-0.526886,51.376993,On or near ,E01030677,Runnymede 008A,Unable to prosecute suspect
a8662a269f9e8e6230992638ac73608a2ae48335628f0f4d06c60880470664ef,2023-04,Surrey Police,Surrey Police,-0.585910,51.249624,On or near Heather Close,E01030487,Guildford 006B,Investigation complete; no suspect identified
3535ff87ee45149126cdc87994a7a158cbfd841e4284d11e4593c000b7d24755,2023-04,Surrey Police,Surrey Police,-0.332379,51.384062,On or near Gloucester Close,E01030353,Elmbridge 005D,Investigation complete; no suspect identified
6bc5ec7c317f9dfff36e37cb15d70427ee8de93dd1c96df74a61cdd17a2cb2db,2023-04,Surrey Police,Surrey Police,-0.259356,51.349656,On or near B2200,E01030413,Epsom and Ewell 004B,Unable to prosecute suspect
ecb09e117a2faa0d04743d4d5c1339a0063570a19a65d8524b6c50caa8ce10e6,2023-04,Surrey Police,Surrey Police,-0.713301,51.252883,On or near Miles Road,E01030432,Guildford 010C,Investigation complete; no suspect identified
0f01d2a077200985c0411cdcafb0150321caa1ccaf9373f511f0685f29ba94b9,2023-04,Surrey Police,Surrey Police,-0.496653,51.367401,On or near Liberty Lane,E01030645,Runnymede 009A,Unable to prosecute suspect
2b3cbeaebb70068a9187a2d9d3a0cb981fe393314514c1fc66ad860813d8099f,2023-04,Surrey Police,Surrey Police,-0.131589,51.238407,On or near Mid Street,E01030813,Tandridge 008B,Investigation complete; no suspect identified
d29dd98b4216b48f5c53130fbebfcac834ffc0001133a68bb4e68b9e00e35bfd,2023-04,Surrey Police,Surrey Police,-0.554117,51.428417,On or near The Crescent,E01030670,Runnymede 001D,Investigation complete; no suspect identified
50b4a85dd054da6abb79474c7d4c054e711a6d3c9e6f42e667edc0cc30fefbf9,2023-04,Surrey Police,Surrey Police,-0.218237,51.304614,On or near Oatlands Road,E01030592,Reigate and Banstead 007D,Investigation complete; no suspect identified
f1503469852448f6106df860ee72efcbc2c2d15eb60f1b48987d21d5cd228644,2023-04,Surrey Police,Surrey Police,-0.533504,51.283151,On or near Winds Ridge,E01030475,Guildford 001D,Unable to prosecute suspect
38260604a4a49f4cf3a0f8c64a527369587d0b15c0a53037f6232da71a3d3dcc,2023-04,Surrey Police,Surrey Police,-0.534926,51.409592,On or near Western Avenue,E01030685,Runnymede 004C,Investigation complete; no suspect identified
884a3faeed5ea88b684a2b5163e3a991e11e25f2bfe2a6005ae58bc729595656,2023-04,Surrey Police,Surrey Police,-0.715299,51.341578,On or near Chatsworth Heights,E01030796,Surrey Heath 005A,Unable to prosecute suspect
c4461d5c8f1a95dbba055d67be1287645410538ba7f40bd1cacb1bd0b796deba,2023-04,Surrey Police,Surrey Police,-0.459289,51.363948,On or near Heath Road,E01030376,Elmbridge 012F,Unable to prosecute suspect
a5cf2ac14bff2c034136379e81fabe4ae3888e65fd04fdc4751885689bdc551c,2023-04,Surrey Police,Surrey Police,-0.424872,51.417085,On or near ,E01030752,Spelthorne 008E,Investigation complete; no suspect identified
36ee4c2ef982c1dae72c48994e1a20a6e3e418b8786ce3237282dcd670426bfd,2023-04,Surrey Police,Surrey Police,-0.531894,51.364611,On or near Shaw Close,E01030680,Runnymede 008D,Investigation complete; no suspect identified
093b0b53d161a1c10da9722d252ff08e394f5df01a56c438f6b40f09f5642435,2023-04,Surrey Police,Surrey Police,-0.167110,51.242044,On or near ,E01030612,Reigate and Banstead 011C,Investigation complete; no suspect identified
fd3ca49a16d005a03f75cb37afe86ecfadc190a0cc608db2c635b509766b523e,2023-04,Surrey Police,Surrey Police,-0.363498,51.346004,On or near Copsem Lane,E01030342,Elmbridge 018B,Investigation complete; no suspect identified
8599b8966646b1550067f903c608e3aa45462bedeaaeb47a74c213f6b1d9e572,2023-04,Surrey Police,Surrey Police,-0.720268,51.255352,On or near Church Path,E01030431,Guildford 010B,Investigation complete; no suspect identified
0571ca236121493c9f8dbc4cbe1ecd4876643f53f750402588cceefc2a25ce71,2023-04,Surrey Police,Surrey Police,-0.147412,51.166859,On or near Newstead Hall,E01030583,Reigate and Banstead 017D,Unable to prosecute suspect
4ce18e477f18f1a9c24c73a515d277535fe3eb2d2f7155f3cba778977e0e9b1c,2023-04,Surrey Police,Surrey Police,-0.744145,51.227914,On or near Tongham Road,E01030423,Guildford 014C,Unable to prosecute suspect
9a2169362511b8877ea9ff3a8d4340ee9c6ce8804022455b60ffd0aefa0bc7f9,2023-04,Surrey Police,Surrey Police,-0.542102,51.322708,On or near Little Riding,E01030989,Woking 006B,Investigation complete; no suspect identified
acef2608f03ea1a9f9f7cf878118b7d2a9ceec57c2fff8f880526ea883090776,2023-04,Surrey Police,Surrey Police,-0.570634,51.237659,On or near Chertsey Street,E01030451,Guildford 013C,Unable to prosecute suspect
75a9f6098643dd7e3ab40865ceb85edcc41a8c99283a5dd914d599bb59a1490e,2023-04,Surrey Police,Surrey Police,-0.559739,51.319068,On or near ,E01030954,Woking 008A,Investigation complete; no suspect identified
c5c947baa1843ff0bcb6b1c401f5ae16503b125a8427770a5de8e5098b548c7d,2023-04,Surrey Police,Surrey Police,-0.215822,51.326933,On or near Nork Gardens,E01030604,Reigate and Banstead 001B,Unable to prosecute suspect
cc28e7e117298ea533e3cad333cdba5b7a2eee5ad2f105adee179634b6f37094,2023-04,Surrey Police,Surrey Police,-0.481171,51.434985,On or near Rowan Close,E01030714,Spelthorne 003E,Unable to prosecute suspect
058e9e2ea74595d55a9a9e6c36400c497de6e3eec68286f4fdf7ae72d83e3ef0,2023-04,Surrey Police,Surrey Police,-0.167110,51.242044,On or near ,E01030612,Reigate and Banstead 011C,Investigation complete; no suspect identified
1f9748f74da8369a0e46d1692c9fc76f9fad0d5cfe2ad6be2814783560729f9a,2023-04,Surrey Police,Surrey Police,-0.577569,51.254802,On or near Cypress Road,E01030483,Guildford 007C,Unable to prosecute suspect
489a3dec10560a1daff4300051f6a040c80a841ede14f76db064b00ef014622e,2023-04,Surrey Police,Surrey Police,-0.147296,51.253962,On or near Wyecliffe Gardens,E01030602,Reigate and Banstead 008D,Investigation complete; no suspect identified
231c1412fac4bae09757cc7d35ff402410085372d5246136e9b10c6b817188ee,2023-04,Surrey Police,Surrey Police,-0.744145,51.227914,On or near Tongham Road,E01030423,Guildford 014C,Unable to prosecute suspect
eb283beaf5db2f186b67a168b989810e3d75c03f61a9b847afaca15b943696f4,2023-04,Surrey Police,Surrey Police,-0.744145,51.227914,On or near Tongham Road,E01030423,Guildford 014C,Investigation complete; no suspect identified
579c9d462d6a6ac5aa0cb7904d65c6daa01a5d200f18069d25bff84072643e62,2023-04,Surrey Police,Surrey Police,-0.077810,51.287518,On or near Old School Gardens,E01030850,Tandridge 004D,Unable to prosecute suspect
704cace27a1798573090fb8ecbb1638a612b89c8a770ac2b727fb643b27633c5,2023-04,Surrey Police,Surrey Police,-0.502895,51.347788,On or near B385,E01030682,Runnymede 010B,Further investigation is not in the public interest
f14294ad721767a876c8f8afc4be8566332c97e80d25a05af05b9d1e867ddc11,2023-04,Surrey Police,Surrey Police,-0.622985,51.311754,On or near Petrol Station,E01030979,Woking 007E,Investigation complete; no suspect identified
c168a4456fd313af93b6d928bb443b6142784a4e3483326e3cbe8222ff2002ae,2023-04,Surrey Police,Surrey Police,-0.720598,51.256911,On or near Wharf Road,E01030430,Guildford 004E,Unable to prosecute suspect
909e96d731656bcb11279202cff5e625a753aa4dab7c479647e99100a707cbad,2023-04,Surrey Police,Surrey Police,,,No location,,,Suspect charged
6ccf249284ae07cd14c10f53b89f32efbd174f3c750ed794d48e74539b7356dd,2023-04,Surrey Police,Surrey Police,-0.532393,51.429442,On or near Pooley Green Road,E01030664,Runnymede 003B,Investigation complete; no suspect identified
190cca0f30c7acb2ac896eace703f88096d8dac50a41ac4f8ff8b553ac1adacd,2023-04,Surrey Police,Surrey Police,-0.722583,51.331586,On or near ,E01030789,Surrey Heath 009A,Further investigation is not in the public interest
4fb0b3af9e6617a59cebdeb914123169a96bd270baa649e7845306d2b269140f,2023-04,Surrey Police,Surrey Police,-0.549370,51.304301,On or near Shackleford Road,E01030995,Woking 011E,Unable to prosecute suspect
22bcfc244d1a0ede29fc7f001df6f495d253b77f8d8094b5aeb741ee552161cc,2023-04,Surrey Police,Surrey Police,,,No location,,,Investigation complete; no suspect identified
2f9dff08dfff409c36e821f829a3c0d412da4f004517994e660b2fc4ef959512,2023-04,Surrey Police,Surrey Police,-0.508305,51.394743,On or near Masonic Hall Road,E01030659,Runnymede 006E,Unable to prosecute suspect
31b0d60e9ab6b62cef90551d9cc922182de39efde53ddde0e2402147eb122cff,2023-04,Surrey Police,Surrey Police,-0.218237,51.304614,On or near Oatlands Road,E01030592,Reigate and Banstead 007D,Investigation complete; no suspect identified
b2d74f34f8829874c7bb447a559f92a6dc3eb137ebca66b49c9d4dc788655216,2023-04,Surrey Police,Surrey Police,-0.424872,51.417085,On or near ,E01030752,Spelthorne 008E,Unable to prosecute suspect
656d5ed592a147b71fd603c37a533b84c8f12d10a8f1288f422b816ded5e3eef,2023-04,Surrey Police,Surrey Police,-0.255057,51.335446,On or near Bridge Road,E01030382,Epsom and Ewell 010A,Formal action is not in the public interest
2d00ea5637d95acab9fe21ee3f30c4b6303f261ff5f8fdd32d268d1dcc845e49,2023-04,Surrey Police,Surrey Police,-0.602714,51.314023,On or near Inkerman Way,E01030962,Woking 009C,Unable to prosecute suspect
785dd660b5f703af5978c40916d9d4116ac7ad8c65c0573326efbb7199406aa8,2023-04,Surrey Police,Surrey Police,-0.572351,51.328377,On or near Morton Road,E01030966,Woking 003D,Investigation complete; no suspect identified
83f868fb301a288b3b9fe5c725c38b530bbd96e79c1bce27399bd81f57d408be,2023-04,Surrey Police,Surrey Police,-0.371879,51.276024,On or near Chrystie Lane,E01030520,Mole Valley 007A,Investigation complete; no suspect identified
5925743595edaac869864fdd2266243d048f962725ac3c3dd723c2514f85b869,2023-04,Surrey Police,Surrey Police,-0.489728,51.370900,On or near ,E01030646,Runnymede 009B,Unable to prosecute suspect
e1790ee9064cdf7e825b7113c440fa2c61c1b0eab060c8cee134342b80b7e154,2023-04,Surrey Police,Surrey Police,-0.260815,51.369920,On or near Sterry Drive,E01030393,Epsom and Ewell 001E,Further investigation is not in the public interest
e1b5d811a6313ec95c488340faa483b18b1f09c19cb07dd430d13ae54684592e,2023-04,Surrey Police,Surrey Police,-0.390785,51.375392,On or near Assher Road,E01030312,Elmbridge 014B,Investigation complete; no suspect identified
de61dc81423ae07318499c7be87fcf03986069bea1c0dbc7501d2b339dda36b6,2023-04,Surrey Police,Surrey Police,-0.204476,51.237371,On or near ,E01030620,Reigate and Banstead 012D,Unable to prosecute suspect
b372db120e91d7d78782e0975c2f209f2d2d123999f8799c37a5d83930f94b2e,2023-04,Surrey Police,Surrey Police,-0.405867,51.394968,On or near A3050,E01030361,Elmbridge 004A,Unable to prosecute suspect
5bc0ec0dae7b10e882c42e6e830da634409dc9207967eaf9644db19ff776a296,2023-04,Surrey Police,Surrey Police,-0.489308,51.370139,On or near Garfield Road,E01030645,Runnymede 009A,Unable to prosecute suspect
4fe52c341d86660209daa9a24ef0a79dbf76ee3010f6c9f89143aebbd56e4c5d,2023-04,Surrey Police,Surrey Police,-0.730333,51.086604,On or near ,E01030928,Waverley 017C,Investigation complete; no suspect identified
93a15d12edd283fea72cab420527d046e3f751ad7d8c2edb09304304631d3b3e,2023-04,Surrey Police,Surrey Police,,,No location,,,Unable to prosecute suspect
499b39f0ae4f6e0a3d29181ca7871cb2f414f815514c76da7393f939c8d40b5b,2023-04,Surrey Police,Surrey Police,-0.475835,51.336297,On or near Eden Grove Road,E01030946,Woking 001A,Suspect charged
217979140542c4d6569ec757dc1a458e6ce30383c703ac82b8e1633c3067991f,2023-04,Surrey Police,Surrey Police,-0.555910,51.318527,On or near ,E01030988,Woking 006A,Unable to prosecute suspect
cc0437e2fe294b05d548085337caaa4471fa687980b19f6d225981e0d14dbee6,2023-04,Surrey Police,Surrey Police,-0.569482,51.246628,On or near Lido Road,E01030438,Guildford 013A,Investigation complete; no suspect identified
083d8a1c3295c0b6a2a1ac762d28bf0dbbbfbafd6d3eb19ac61f773c5a2710b8,2023-04,Surrey Police,Surrey Police,-0.237625,51.297353,On or near ,E01030637,Reigate and Banstead 006C,Investigation complete; no suspect identified
7f136cccc4728703be46ed1cc11ba588470f39a543d061291a24d242e5ea2d7e,2023-04,Surrey Police,Surrey Police,-0.245805,51.341252,On or near Reigate Road,E01030396,Epsom and Ewell 010D,Unable to prosecute suspect
05e7084ea481516b8615c2dad331025c56f05c24e1b834ff4ddec5d559b7330e,2023-04,Surrey Police,Surrey Police,-0.377531,51.281201,On or near The Moorings,E01030516,Mole Valley 006A,Investigation complete; no suspect identified
1c52455622396b73445a2d34be431ccfd4a1b9f9bbcd9a3d5c2109859e996140,2023-04,Surrey Police,Surrey Police,-0.506036,51.390638,On or near ,E01030659,Runnymede 006E,Investigation complete; no suspect identified
8f718da8fcac5c641b256be225370f0d597653237f8175dd85bcc850bed83223,2023-04,Surrey Police,Surrey Police,-0.557436,51.297314,On or near Liquorice Lane,E01030973,Woking 011C,Unable to prosecute suspect
dc8508d47f4fac1e86b59862f5ab309f53e4a2bd896a4d82c0a61e4dfd96bd9b,2023-04,Surrey Police,Surrey Police,-0.564923,51.258703,On or near Lockside,E01030484,Guildford 007D,Investigation complete; no suspect identified
e8dfcdcc9c66bbcfd690262fff5d41507ed006cd2464a13fd100520ae099cb69,2023-04,Surrey Police,Surrey Police,-0.686586,51.366645,On or near Grove End,E01030758,Surrey Heath 002B,Investigation complete; no suspect identified
413478afdce0b1de7ed1db0f430fd83f836ada96457b7d323f07f96e30743485,2023-04,Surrey Police,Surrey Police,-0.548500,51.431846,On or near Wetton Place,E01030668,Runnymede 001B,Unable to prosecute suspect
2c1573c1377eb2ce629399de3d48b692f87790280e38848f8b269c847b3c148f,2023-04,Surrey Police,Surrey Police,-0.372960,51.292487,On or near Westfield Drive,E01030517,Mole Valley 006B,Local resolution
6fd458ecf5ea77ff411ea1ca93da2637e600ad27110a4081fd8759eb999976bb,2023-04,Surrey Police,Surrey Police,0.022041,51.251735,On or near Brick Kiln Lane,E01030831,Tandridge 006A,Investigation complete; no suspect identified
f24ead2be1036367d8ead8819d937458f9809cccf735f803af68e8e2acf886ac,2023-04,Surrey Police,Surrey Police,-0.514905,51.433745,On or near Clarence Street,E01030736,Spelthorne 004C,Local resolution
b753d44440e7996781ffeaccfac8f82b748404291b5bd56d43ec21ff8144c5cb,2023-04,Surrey Police,Surrey Police,-0.202695,51.241544,On or near Reigate,E01030620,Reigate and Banstead 012D,Unable to prosecute suspect
80b21b240d454c922d5245e2b6b2a0db5b5ed8c2db5958cbd5efe316254435e1,2023-04,Surrey Police,Surrey Police,-0.241369,51.301456,On or near South Tadworth Farm Close,E01030643,Reigate and Banstead 005D,Investigation complete; no suspect identified
3755f8eed0450035f31877ecf39ed110f2cd093be619c525765e5d1a14796cae,2023-04,Surrey Police,Surrey Police,-0.164292,51.172602,On or near Consort Way,E01030575,Reigate and Banstead 018A,Offender given a caution
01370a1859bb5503d32aa5e77601d5986982aae7a026cef671b4da3c444f6b5f,2023-04,Surrey Police,Surrey Police,-0.581732,51.322538,On or near Tracious Close,E01030952,Woking 005B,Unable to prosecute suspect
7807334c9abf1dc54cb7352e811c09b5cd6672905885c9460ff460f7cf653dee,2023-04,Surrey Police,Surrey Police,-0.336353,51.361655,On or near Brookfield Gardens,E01030298,Elmbridge 015C,Unable to prosecute suspect
78d95efae7605860ea7253e87decdad882f9e37928de80960c69c7eb5458e043,2023-04,Surrey Police,Surrey Police,-0.441516,51.397902,On or near Fairwater Drive,E01030731,Spelthorne 013B,Investigation complete; no suspect identified
114e6e80f6f980481716f31f1e521895e393965421a4d35dd9c9217959ff0448,2023-04,Surrey Police,Surrey Police,-0.441516,51.397902,On or near Fairwater Drive,E01030731,Spelthorne 013B,Investigation complete; no suspect identified
e6267e4451a897f3cd15bd456aa578abc54181663f59cdc6220b8fc7a4b43aff,2023-04,Surrey Police,Surrey Police,-0.421973,51.334163,On or near Hazel Court,E01030304,Elmbridge 017D,Unable to prosecute suspect
88a0858e71abe4fac7bfa93eac240b9806d44eb4886fd6821fa198936052f87d,2023-04,Surrey Police,Surrey Police,-0.655446,51.362110,On or near Hutton Close,E01030809,Surrey Heath 001D,Further investigation is not in the public interest
e0a899a379e2ed1df38cd64c2ea28b8fc4cca851c6a01916a88f9505f87b0bad,2023-04,Surrey Police,Surrey Police,-0.064731,51.252698,On or near Evelyn Gardens,E01030824,Tandridge 009A,Investigation complete; no suspect identified
3aa3cec542e7487ee7f32d68fb2b1db9a81cd4b15d11606ba727d3fb0a59026e,2023-04,Surrey Police,Surrey Police,-0.496992,51.346498,On or near Pinewood Park,E01030694,Runnymede 010E,Investigation complete; no suspect identified
1e28ca0a246bb3176e1cb9b95f96e06558b649f054e228bce8c18b571d3dfc82,2023-04,Surrey Police,Surrey Police,-0.329453,51.294257,On or near Parking Area,E01030552,Mole Valley 004B,Investigation complete; no suspect identified
8850b99c1be6e50800a6cfe31755c971e9ee884ff11b221c70b288970af27e48,2023-04,Surrey Police,Surrey Police,-0.509038,51.387234,On or near Parking Area,E01030657,Runnymede 006D,Unable to prosecute suspect
d8df8b43e973912fe867030ea2662a969f3608f02c3e3b5968cf432246234b3a,2023-04,Surrey Police,Surrey Police,-0.152850,51.287009,On or near Dean Lane,E01030569,Reigate and Banstead 004E,Investigation complete; no suspect identified
8c96119ba1a1522a10e4afb0f91a5b122f723be0f5cdd3629b6d69220e7e519c,2023-04,Surrey Police,Surrey Police,-0.130944,51.175853,On or near ,E01030814,Tandridge 008C,Unable to prosecute suspect
b4a24fc01ed299502f808c846bdde8d67bc92d6bd8cb249a8a35459712459da4,2023-04,Surrey Police,Surrey Police,-0.546220,51.179599,On or near Birtley Road,E01030865,Waverley 008B,Unable to prosecute suspect
49679f43f80e9bdf67df4e6f673167c600db896582bf916cf55fec5d40e558fd,2023-04,Surrey Police,Surrey Police,-0.524806,51.428718,On or near Rochester Road,E01030666,Runnymede 003D,Investigation complete; no suspect identified
b99b58227c2d2ded82288d5ffddb4adf2f8a5c2e1984d2cc2dfb6b506499a88b,2023-04,Surrey Police,Surrey Police,-0.079749,51.278162,On or near Fern Towers,E01030829,Tandridge 004B,Further investigation is not in the public interest
163fd8df790450b8e698b20a1c7b5ee7f72f9fea8c951a709d77693de9551417,2023-04,Surrey Police,Surrey Police,-0.404588,51.406946,On or near Berkeley Mews,E01030753,Spelthorne 010A,Unable to prosecute suspect
7eef5230035172687056b1acfce3bea66e422f9ea715cae4957f9043344b99c1,2023-04,Surrey Police,Surrey Police,-0.401196,51.408968,On or near The Pennards,E01030756,Spelthorne 010D,Investigation complete; no suspect identified
321666cb4e426c2bdb6acc54bc09aa9dd8f616b988a62a97e9dab83bc1e8921d,2023-04,Surrey Police,Surrey Police,-0.743225,51.313690,On or near ,E01030766,Surrey Heath 010A,Investigation complete; no suspect identified
203bfb781ac5bc1cc5da70e21e5c8d2c4220edd51e0767b86b05f81427a03aa6,2023-04,Surrey Police,Surrey Police,-0.232102,51.321991,On or near Hornbeam Close,E01030605,Reigate and Banstead 001C,Unable to prosecute suspect
13e04517885bff01c27870656d2f9f1e582067817a0f05a19d22a16a3be5ce55,2023-04,Surrey Police,Surrey Police,-0.187384,51.184922,On or near Furneaux Close,E01030584,Reigate and Banstead 016A,Unable to prosecute suspect
1cbc6e51228d5e9dbaeb3a0a9db280fe9f5590428298abf661ca07d394459a61,2023-04,Surrey Police,Surrey Police,-0.172374,51.235166,On or near Garlands Road,E01030613,Reigate and Banstead 011D,Action to be taken by another organisation
76205b73779cfbcdc1a4dd87d0bde51729515f15e5ee04c2592848f2aa2aca4f,2023-04,Surrey Police,Surrey Police,-0.504679,51.345014,On or near Fullbrook Avenue,E01030693,Runnymede 010D,Investigation complete; no suspect identified
40e35c44c4d0f6040c73ab3fe2bc00e83ac846b944810a4801f278ad6676d08f,2023-04,Surrey Police,Surrey Police,-0.712183,51.096276,On or near Chatsworth Avenue,E01030933,Waverley 016D,Offender given a caution
e1811a0f99d9fe9f9b50025287c418023582e71512f01703e5881119b719464e,2023-04,Surrey Police,Surrey Police,-0.268580,51.334298,On or near Epsom,E01034289,Epsom and Ewell 008E,Unable to prosecute suspect
d9c0b3ae8cd16d3abf5cd7312b8231d307039e385318b6b12822734fd45beba1,2023-04,Surrey Police,Surrey Police,-0.459587,51.429947,On or near Fontmell Close,E01030705,Spelthorne 005E,Unable to prosecute suspect
da78dfab039a8037208b930e252a349b3a391f07794472a2bcfd8b14c7d52739,2023-04,Surrey Police,Surrey Police,-0.102982,51.294062,On or near Windmill Close,E01030857,Tandridge 003D,Unable to prosecute suspect
557639e8cf67019cd5d24beb45c82611231e0e0fee29922d1e317f3818a42ff8,2023-04,Surrey Police,Surrey Police,-0.641906,51.323566,On or near South Road,E01030761,Surrey Heath 006A,Unable to prosecute suspect
11305843a972f3dd45645d83536b47098d6e09bea8cf6b3c3704d5f221fd9172,2023-04,Surrey Police,Surrey Police,-0.092042,51.277697,On or near Oakwood Rise,E01030847,Tandridge 005B,Unable to prosecute suspect
4639573f407659e163eb4c228cde7788419e225d4b29e370ed0cb871c7272e5f,2023-04,Surrey Police,Surrey Police,,,No location,,,Further investigation is not in the public interest
474ec1051e6afe6d18776f23f9fa84654cf9f02402facc6a098f517278b36ac6,2023-04,Surrey Police,Surrey Police,-0.164675,51.169424,On or near Russells Crescent,E01030579,Reigate and Banstead 018E,Investigation complete; no suspect identified
682e2bd8fa32d1b7795dce299879c8cb5100efdac87cb03ad8f15da89b6e5c77,2023-04,Surrey Police,Surrey Police,-0.410049,51.334002,On or near Copse Road,E01030300,Elmbridge 017A,Action to be taken by another organisation
ca524b02f74803156e3e9b3aed1230324d3c400ff2302debbdb684ca22c6d986,2023-04,Surrey Police,Surrey Police,-0.401236,51.374420,On or near Alderson Grove,E01030313,Elmbridge 010A,Unable to prosecute suspect
659fce338dce967332ffd3fb85c4bac0412c1fc0f384ca94693b9521083889d3,2023-04,Surrey Police,Surrey Police,-0.564810,51.301425,On or near Bonsey Close,E01030971,Woking 011A,Unable to prosecute suspect
82fdbb92c43e42f1bd61a37114be4a0c15739bfdf554f5259a85d4714b9bb434,2023-04,Surrey Police,Surrey Police,-0.640613,51.172461,On or near Meadow Close,E01030938,Waverley 011D,Investigation complete; no suspect identified
06248092436d8676f0c77e378b06c62835d0014da5d1f3d20d1fa82ebddb320f,2023-04,Surrey Police,Surrey Police,-0.142255,51.262039,On or near Hildenley Close,E01030599,Reigate and Banstead 008A,Further investigation is not in the public interest
7fb6387a9915f46502bf7d64e1cd50fb3396309e5404a5662db3e64963ac020d,2023-04,Surrey Police,Surrey Police,-0.335592,51.384621,On or near Hayward Road,E01030353,Elmbridge 005D,Unable to prosecute suspect
b8f18ca28ec47140768db2109f5d2a98c97d0d6cd37dc2adad51e765f28e6ddc,2023-04,Surrey Police,Surrey Police,-0.527484,51.331922,On or near Henslow Way,E01030984,Woking 004E,Unable to prosecute suspect
3673fe89d1f1e75519971d96682c703ed470b1080b75ad7e017fce7251a696e0,2023-04,Surrey Police,Surrey Police,-0.489885,51.428570,On or near Fenton Avenue,E01030741,Spelthorne 007D,Unable to prosecute suspect
b549204d868c710f270a9338d5040f2276b678d51db559ecdaeab6dd43a85a03,2023-04,Surrey Police,Surrey Police,-0.556107,51.297622,On or near Jelley Way,E01030973,Woking 011C,Unable to prosecute suspect
c97dd98f8044afc96605df31f9b359f3d197838b50d1916f5fcf4b7178f322b8,2023-04,Surrey Police,Surrey Police,-0.369536,51.402435,On or near Cannon Way,E01030337,Elmbridge 003D,Unable to prosecute suspect
aec9a288330b4e033d21c3c6879c578f38a71ff70b3fbc1052ea150d8870f85d,2023-04,Surrey Police,Surrey Police,-0.410704,51.421714,On or near Country Way,E01030755,Spelthorne 010C,Unable to prosecute suspect
739a3ea0edc62c88c663221f914e97e05593005d8532dc0e4f6716bacbecba61,2023-04,Surrey Police,Surrey Police,-0.410704,51.421714,On or near Country Way,E01030755,Spelthorne 010C,Unable to prosecute suspect
4c1bd29cb7d5e8dcdaa19ebdb564cd7fe3fccac55ad1249f34aadf1b1c232acf,2023-04,Surrey Police,Surrey Police,-0.230864,51.298951,On or near The Rise,E01030636,Reigate and Banstead 006B,Investigation complete; no suspect identified
2c564c0997a31a7f04456eda044557de3e117fa030ee7ba7c8e5eade33a9ad81,2023-04,Surrey Police,Surrey Police,-0.183394,51.169222,On or near ,E01030531,Mole Valley 013D,Unable to prosecute suspect
1f8786ea6cdb4049f0139083478724cd173d3bbf3f54dadcabdeacdc3c855781,2023-04,Surrey Police,Surrey Police,,,No location,,,Investigation complete; no suspect identified
b0c270d62f28727bd8f331b6abd5c6472757b32335325d2968383053586272bc,2023-04,Surrey Police,Surrey Police,-0.600585,51.314186,On or near Iveagh Road,E01030962,Woking 009C,Unable to prosecute suspect
0cdb24df1c84cc1907968a648a5ad3d26406682993b11139a67fe8e8a4487ccf,2023-04,Surrey Police,Surrey Police,-0.505515,51.350654,On or near The Avenue,E01030696,Runnymede 010G,Investigation complete; no suspect identified
580fbfd96872c59587c10339fe3f2744d9ba7d23b701a7bf6b1db164b9c4c5fc,2023-04,Surrey Police,Surrey Police,-0.720727,51.304401,On or near Lake Road,E01030770,Surrey Heath 011A,Unable to prosecute suspect
0ed7a744eadc3f626c84a63fe6c4e5c543f74fa4f8e8a5c3b1e2bfcb28c591b4,2023-04,Surrey Police,Surrey Police,0.013401,51.238313,On or near Bramble Close,E01030842,Tandridge 007C,Unable to prosecute suspect
743c5cd98ece7e8ab9dcac68da5740b9c22191025414505c8fa08cc28386f89d,2023-04,Surrey Police,Surrey Police,-0.100524,51.282358,On or near Roffe's Lane,E01030820,Tandridge 005A,Investigation complete; no suspect identified
a5e5e18b75539ae3d62b0d17fb50367f571d9951f057df8f1f6017626ea40ec1,2023-04,Surrey Police,Surrey Police,-0.580026,51.424634,On or near Ilex Close,E01030675,Runnymede 002E,Suspect charged
c365112e65cda764d90ab4bf9a554fa1d73d6f6510b5e74aa3d9173edba94158,2023-04,Surrey Police,Surrey Police,-0.279849,51.366514,On or near Greenlands,E01030400,Epsom and Ewell 002C,Investigation complete; no suspect identified
902752fd0284f93abe10c0bbff10f50955d59b2c52ede3cbb1a689dd20bf0b81,2023-04,Surrey Police,Surrey Police,-0.431910,51.400948,On or near Home Farm Close,E01030719,Spelthorne 011C,Unable to prosecute suspect
425cf57de68ea7d23a8b5cde6e47ec0d3adc30587f42e581321f304ef5060e07,2023-04,Surrey Police,Surrey Police,-0.266339,51.334337,On or near ,E01030411,Epsom and Ewell 008B,Unable to prosecute suspect
bb6f2ab5ece7a272f0d0ff154ce78656a13befe46f7b0d69e38d4a1e853ca9e0,2023-04,Surrey Police,Surrey Police,-0.650665,51.111796,On or near Pook Hill,E01030869,Waverley 015D,Investigation complete; no suspect identified
a9f71b5535496e8131d52e24f1a8adc22caf0b5f257ebe3cbef9d655e7a34994,2023-04,Surrey Police,Surrey Police,-0.111034,51.153992,On or near Redehall Road,E01030819,Tandridge 011D,Investigation complete; no suspect identified
e7e50de3accbeaa650137c846505d68bf859372f3855d7b533529ceb34dd0ce7,2023-04,Surrey Police,Surrey Police,-0.103818,51.278302,On or near Chaldon Common Road,E01030820,Tandridge 005A,Investigation complete; no suspect identified
918c6fd055cffd8b240d8298fd39900cd332961e9debe5c87200f5a2e04ceeef,2023-04,Surrey Police,Surrey Police,-0.197082,51.160809,On or near ,E01031575,Crawley 001C,Unable to prosecute suspect
9093acc2bd1bbbc5908d6f615e6c6bbed02eb3f6b7805e497f69487f6349e9e0,2023-04,Surrey Police,Surrey Police,-0.500349,51.346586,On or near Lindsay Road,E01030693,Runnymede 010D,Investigation complete; no suspect identified
f9e8b4542d0274502b5ca03f93df0a3c0fdca4c187b5060cb6606ad99fc997d3,2023-04,Surrey Police,Surrey Police,-0.797057,51.211690,On or near Bridge Square,E01030884,Waverley 003A,Investigation complete; no suspect identified
568c817787556a1a165c80e0a35cc1e93e6f8ae32eefe8623bd75e783436b085,2023-04,Surrey Police,Surrey Police,-0.417589,51.385181,On or near Church Walk,E01030359,Elmbridge 007C,Unable to prosecute suspect
5c473b464a5e97674b714292dee46f0dde7fa3dff904881554caf794044aa7d6,2023-04,Surrey Police,Surrey Police,-0.784994,51.222338,On or near Haven Way,E01030893,Waverley 003D,Investigation complete; no suspect identified
1bab1d52cb841c865d1d47baec29f912fbab088d066891bc20eba9da93d34495,2023-04,Surrey Police,Surrey Police,-0.457358,51.373104,On or near High Street,E01030374,Elmbridge 012D,Investigation complete; no suspect identified
df41706a097534f1926a9754eb075ed16e06f02fbef6f4f0800c46405e18fa28,2023-04,Surrey Police,Surrey Police,-0.561558,51.314136,On or near Montgomery Road,E01030993,Woking 008E,Investigation complete; no suspect identified
e0f62e4ed09a190cb4248271c84f0449c29db504f01b9037a4340d86715111fe,2023-04,Surrey Police,Surrey Police,-0.218237,51.304614,On or near Oatlands Road,E01030592,Reigate and Banstead 007D,Investigation complete; no suspect identified
3e909a08a319e16672ec4ad3e4d9c1c41ca5d4e870ceb346be3aa74894feede9,2023-04,Surrey Police,Surrey Police,-0.401895,51.384366,On or near Swansmere Close,E01030354,Elmbridge 008A,Further investigation is not in the public interest
aebac81a8c9e7a5a81a87a207b5aab4474cd82a3f55894a37044fdef6dd33f50,2023-04,Surrey Police,Surrey Police,-0.424872,51.417085,On or near ,E01030752,Spelthorne 008E,Unable to prosecute suspect
076dba1a21251a4185a191fb5d15500356c25588d5f05ff47efd627b0c137e38,2023-04,Surrey Police,Surrey Police,-0.122217,51.176880,On or near Hayes Walk,E01030817,Tandridge 011B,Unable to prosecute suspect
b9922c85fc43315f35d2eeec67a794d46d6f8f13d7108c2c9786498760f299f7,2023-04,Surrey Police,Surrey Police,-0.607463,51.241016,On or near ,E01030470,Guildford 012A,Investigation complete; no suspect identified
3efcd958295093c1842b7578b59283c1437050121ff6836c36ac3e1020053f7a,2023-04,Surrey Police,Surrey Police,-0.519578,51.432491,On or near ,E01030666,Runnymede 003D,Investigation complete; no suspect identified
5ec88f22fbb55d40e1d2eb5150de82e47f1def2fc371d9add414d31cbc58b9d3,2023-04,Surrey Police,Surrey Police,-0.574692,51.323711,On or near ,E01030969,Woking 008B,Suspect charged
5ec88f22fbb55d40e1d2eb5150de82e47f1def2fc371d9add414d31cbc58b9d3,2023-04,Surrey Police,Surrey Police,-0.574692,51.323711,On or near ,E01030969,Woking 008B,Suspect charged
5ec88f22fbb55d40e1d2eb5150de82e47f1def2fc371d9add414d31cbc58b9d3,2023-04,Surrey Police,Surrey Police,-0.574692,51.323711,On or near ,E01030969,Woking 008B,Suspect charged
dcd254388b1bf861cddd32e2068a453d6d39f838f965118d744ca4fa56149b7c,2023-04,Surrey Police,Surrey Police,-0.494485,51.425149,On or near Worple Road,E01030741,Spelthorne 007D,Unable to prosecute suspect
72da45a59d80765872ef740b0f59f6c216cf2f25f6214d5c8f5d5d33bccdf93f,2023-04,Surrey Police,Surrey Police,-0.448487,51.432777,On or near Feltham Road,E01030703,Spelthorne 005C,Unable to prosecute suspect
27b2a7a3325ab0a2fb5049f40c4830f5bfe4bbc94e684db2fe8b99932dd716dc,2023-04,Surrey Police,Surrey Police,-0.270497,51.336017,On or near Maidenshaw Road,E01030409,Epsom and Ewell 007E,Unable to prosecute suspect
40c3c474acb539cb5284b2b50bc57a4ee46e87f701697d4109c5e3a813065e34,2023-04,Surrey Police,Surrey Police,-0.574692,51.323711,On or near ,E01030969,Woking 008B,Suspect charged
40c3c474acb539cb5284b2b50bc57a4ee46e87f701697d4109c5e3a813065e34,2023-04,Surrey Police,Surrey Police,-0.574692,51.323711,On or near ,E01030969,Woking 008B,Suspect charged
40c3c474acb539cb5284b2b50bc57a4ee46e87f701697d4109c5e3a813065e34,2023-04,Surrey Police,Surrey Police,-0.574692,51.323711,On or near ,E01030969,Woking 008B,Suspect charged
6e32cac1d2e9f691993a972dabd1172921deaedc803a20de46a66ed2b9da9544,2023-04,Surrey Police,Surrey Police,-0.599009,51.324014,On or near The Goldings,E01030956,Woking 005D,Unable to prosecute suspect
11f0b51aedaefa23fcab9b459ec2a4431eca2157246c3181bfb630a598a3604f,2023-04,Surrey Police,Surrey Police,-0.772783,51.329299,On or near Admiralty Way,E01022847,Hart 003B,Investigation complete; no suspect identified
9a2aecb74e2f71ca93ada41f87e717383d9da22e6b072600f8efc2ba86374a1e,2023-04,Surrey Police,Surrey Police,-0.596112,51.244918,On or near Midleton Road,E01030468,Guildford 015C,Further action is not in the public interest
20ab92bb8af19aebfd1fadaffbcb392b06af0e1afaded34bed1acc664a51f506,2023-04,Surrey Police,Surrey Police,,,No location,,,Further investigation is not in the public interest
bcb178211b29f0a0c3b0d06c0de0d3677ab8c193ba2bef46cefb6edbc4cf455c,2023-04,Surrey Police,Surrey Police,-0.474153,51.320808,On or near Wisley Lane,E01030458,Guildford 001B,Investigation complete; no suspect identified
160003ae6eb964e861ee9f6706ff3174b8164211ed8d558962342edf7426aa92,2023-04,Surrey Police,Surrey Police,-0.103818,51.278302,On or near Chaldon Common Road,E01030820,Tandridge 005A,Investigation complete; no suspect identified
e976002979dcf773aca8da0869ca52719e5a125640c83b7246d2a8e1129f23ae,2023-04,Surrey Police,Surrey Police,-0.559273,51.317921,On or near High Street,E01030954,Woking 008A,Investigation complete; no suspect identified
f2752bf7f470ab2bdc8855f7c34de5bc43b79400fd0751b561145f91cfe37bdf,2023-04,Surrey Police,Surrey Police,-0.709218,51.251310,On or near Dean Close,E01030432,Guildford 010C,Unable to prosecute suspect
25e50169f0aa014ca3d4a7e9301235b22d0867c077d3f9b98fd25b6ab895a654,2023-04,Surrey Police,Surrey Police,,,No location,,,Investigation complete; no suspect identified
6c97b8bc546ab457164484bab99326d594a30be4dff2e75ab0894b1d67045524,2023-04,Surrey Police,Surrey Police,-0.573939,51.238309,On or near Supermarket,E01030451,Guildford 013C,Investigation complete; no suspect identified
4812f9f08532dda13ece4af8fdcc19610089628634ac0ebb30304ce269e83012,2023-04,Surrey Police,Surrey Police,-0.074498,51.309775,On or near Court Farm Road,E01030860,Tandridge 002D,Investigation complete; no suspect identified
c701db5f6bd436672ae387b11ea18c51fa514d1a7e89730ff1a8347ec93bc4eb,2023-04,Surrey Police,Surrey Police,-0.085117,51.286667,On or near Furrows Place,E01030847,Tandridge 005B,Unable to prosecute suspect
f2eff54b623981f0fb14482866d615ab06f61b5a470ef72d15910c9d95b4de68,2023-04,Surrey Police,Surrey Police,-0.808933,51.201956,On or near Middlefield,E01030896,Waverley 006D,Unable to prosecute suspect
1633600539d4eec65ac2e4f83077639cd1956a7b767559783b3f1cbfa0ef599f,2023-04,Surrey Police,Surrey Police,-0.569644,51.240470,On or near Falcon Road,E01030457,Guildford 013F,Unable to prosecute suspect
ac014f97654e346028368142b23cd106c9f131ce287a45b4b5b00fc2af80328e,2023-04,Surrey Police,Surrey Police,-0.414334,51.373321,On or near Station Avenue,E01030366,Elmbridge 010C,Investigation complete; no suspect identified
5b3420aef62fa96950eeba89991f6c7363136c3d2df66de4b2cde2ebe0b4bc41,2023-04,Surrey Police,Surrey Police,-0.091361,51.237722,On or near Kenrick Square,E01030812,Tandridge 008A,Investigation complete; no suspect identified
a2584c8c530f0e1f3155151f27ea89ef676ea185441eb9323f043f977e02d2ff,2023-04,Surrey Police,Surrey Police,-0.595238,51.190827,On or near Lammas Road,E01030921,Waverley 005E,Investigation complete; no suspect identified
db4326f040545da24a8ba9eb61f11946d9e88f4590531f4085de08200527a486,2023-04,Surrey Police,Surrey Police,-0.581469,51.257996,On or near Rowan Close,E01030481,Guildford 007A,Unable to prosecute suspect
7759bbd381977b4acc94c5ac7564b2bec4cd0bc75eb5c9822c72fb717dbfd9f7,2023-04,Surrey Police,Surrey Police,-0.580927,51.427594,On or near Larchwood Drive,E01030676,Runnymede 002F,Unable to prosecute suspect
b6282369ac94e59e8434590a6d584f5a83f6646a25dde5e913fdeb95a7701d87,2023-04,Surrey Police,Surrey Police,-0.761863,51.323313,On or near ,E01030803,Surrey Heath 008D,Suspect charged
eefb17b5c3347e4fbd45350eea7e1865b5d29f43df1023a872f4d7fe2215bbd1,2023-04,Surrey Police,Surrey Police,-0.207975,51.237668,On or near High Street,E01030620,Reigate and Banstead 012D,Further investigation is not in the public interest
f32da89576715906a7c5d9d7a99576fb2b681bd887d4990fc7d428bf59975e6f,2023-04,Surrey Police,Surrey Police,-0.322438,51.390647,On or near Windmill Lane,E01030322,Elmbridge 006A,Unable to prosecute suspect
cfc780c68d1f4f38c5f42dc891bc93d519817111fd575e32f6a7a283fcbd721b,2023-04,Surrey Police,Surrey Police,-0.571328,51.305407,On or near Old Hill,E01030992,Woking 010B,Unable to prosecute suspect
794e6c1c4afafaedf983f0b7a1442e67019a34cf6dd94a8dc759c772d917d454,2023-04,Surrey Police,Surrey Police,-0.564628,51.232271,On or near Pewley Point,E01030456,Guildford 016D,Unable to prosecute suspect
8f1d0f59a775b0fe2c00919a6ee81def8840b3e5048ee3a7c961ace78ef7dda2,2023-04,Surrey Police,Surrey Police,-0.497441,51.437209,On or near London Road,E01030734,Spelthorne 004A,Unable to prosecute suspect
bfaf7bc23484d8c063d8e88e5096d84ecd3e7f182564409dd3c5861275d35ede,2023-04,Surrey Police,Surrey Police,-0.727372,51.296002,On or near B3411,E01030782,Surrey Heath 012A,Local resolution
bfd73afe495153963bd59d6688b0117866093171d8b6f898033a533f3d233c76,2023-04,Surrey Police,Surrey Police,-0.163153,51.171370,On or near Victoria Road,E01030575,Reigate and Banstead 018A,Further investigation is not in the public interest
46566cb202d8d4655d0302bd00519815476da2447af75a2a52290f4b5a13ff1a,2023-04,Surrey Police,Surrey Police,-0.510239,51.434333,On or near High Street,E01030736,Spelthorne 004C,Local resolution
1b0f2634c25bbd10036f858dc2118f954917b2961f592f3b0c18baf35859eb83,2023-04,Surrey Police,Surrey Police,-0.435363,51.377255,On or near Oatlands Drive,E01030341,Elmbridge 011D,Investigation complete; no suspect identified
f5b48c3292a6939ec66d47d61659c9824480f1b3a7a7a21d310f79c3b007d69c,2023-04,Surrey Police,Surrey Police,-0.481700,51.452419,On or near Rose Gardens,E01030745,Spelthorne 001C,Local resolution
bfc94e289a4911e2557c9c8c99bb0545c58e6f7aeb58093c38e1c19e1573dac6,2023-04,Surrey Police,Surrey Police,-0.117657,51.175386,On or near Carey's Wood,E01030818,Tandridge 011C,Unable to prosecute suspect
09aa55c876b26908c1f1970d7c33f4e9b8b5270a5a1a159d3a1cb001f1981d12,2023-04,Surrey Police,Surrey Police,-0.409863,51.185694,On or near Horsham Road,E01030492,Guildford 018C,Investigation complete; no suspect identified
e1a31d1ceb0cbccc27e7701a4408e4da9c196ee8f798f9cbb0e7310823884e16,2023-04,Surrey Police,Surrey Police,-0.165409,51.174714,On or near Albert Road,E01030575,Reigate and Banstead 018A,Unable to prosecute suspect
7d13d47133bab01ba9a61b515626163849c2e333cbc2c27265640e1daa3e9711,2023-04,Surrey Police,Surrey Police,-0.722960,51.254401,On or near Winchester Road,E01030431,Guildford 010B,Unable to prosecute suspect
a39fa18d369302fed7c2694a71c7ace9560cced56e4299497ddeead9a56cf528,2023-04,Surrey Police,Surrey Police,-0.779656,51.221671,On or near Farnham Mill Lane,E01030893,Waverley 003D,Investigation complete; no suspect identified
6ea7084a791f8d815980585a3e1ccea26409f4ec91fd7ef33aeeb8a4751d64b1,2023-04,Surrey Police,Surrey Police,-0.603050,51.199373,On or near Bourne Road,E01030920,Waverley 005D,Unable to prosecute suspect
f0d01e5fc063f3b8f49df952589db878172ba3fa42c2e28cc06b283fcf9813e0,2023-04,Surrey Police,Surrey Police,-0.573993,51.235110,On or near The Shambles,E01030455,Guildford 013E,Unable to prosecute suspect
7acf5448294b5db6fe21daf6bf5eba458742fb4cc37ff686f23df6d90ce22040,2023-04,Surrey Police,Surrey Police,-0.457818,51.432504,On or near Muncaster Close,E01030704,Spelthorne 005D,Unable to prosecute suspect
0ca0f28b58e76c9440afef6bc98dcdd3334938177cc7077ceece06386fd07d75,2023-04,Surrey Police,Surrey Police,-0.379856,51.358156,On or near Stony Hill,E01030309,Elmbridge 013C,Investigation complete; no suspect identified
ab10b71d2fa2e54764f0437102f6ef1d462483565fb65d3d9990d2597bcfe1b7,2023-04,Surrey Police,Surrey Police,-0.245973,51.372198,On or near Ardrossan Gardens,E01030387,Epsom and Ewell 001B,Further investigation is not in the public interest
8f578b43d776b69526e7e163ebacc68b98538520815eb3d84a5de5ed1d9f1d42,2023-04,Surrey Police,Surrey Police,-0.427065,51.412672,On or near ,E01030717,Spelthorne 011A,Unable to prosecute suspect
a93212ed66cb2ef9d1599698ec4d6f91bcf2d37b26be71f3a9e892deef11af2b,2023-04,Surrey Police,Surrey Police,-0.334210,51.230558,On or near Victoria Terrace,E01030538,Mole Valley 010D,Investigation complete; no suspect identified
8b886457e0e537c394579734c11d9e588157f8f2cde0dcce2ec8dcad6a75fe48,2023-04,Surrey Police,Surrey Police,-0.423996,51.390690,On or near Felix Lane,E01030357,Elmbridge 007A,Investigation complete; no suspect identified
768111959b9cd9429faa1401fe0852f28df581ef35b0da86f0de4bc1bd9578c8,2023-04,Surrey Police,Surrey Police,-0.577656,51.236171,On or near Theatre/Concert Hall,E01030455,Guildford 013E,Investigation complete; no suspect identified
a56eaace4cf96689d5cdfb1ab604034842f576dd210a7cde7b1be62a29347a1f,2023-04,Surrey Police,Surrey Police,-0.154369,51.290954,On or near ,E01030569,Reigate and Banstead 004E,Local resolution
a64cf86d3d1bfdab0e702aa894f4d4a3397432383d6c614aa6c5386c4e067661,2023-04,Surrey Police,Surrey Police,-0.162425,51.172428,On or near High Street,E01030575,Reigate and Banstead 018A,Unable to prosecute suspect
a8043d7efccd59283a1f3082768fe5e0c0670363eb6e12170334c6ee3ba1e654,2023-04,Surrey Police,Surrey Police,-0.130942,51.167370,On or near Peeks Brook Lane,E01030583,Reigate and Banstead 017D,Investigation complete; no suspect identified
31a1a39342dc3c7dea5e23544cafdd2d5db04b6b95a548b3fae450cff1929605,2023-04,Surrey Police,Surrey Police,-0.168555,51.202552,On or near Park View Road,E01030629,Reigate and Banstead 015B,Investigation complete; no suspect identified
c24833be2a199e71c6db3220687a792a1444ae31727d6de4f31c96e69bfcc9dd,2023-04,Surrey Police,Surrey Police,-0.727364,51.286434,On or near ,E01030783,Surrey Heath 012B,Further investigation is not in the public interest
c096112ada7f61283513ecf3f8743238976ea43e5a7e84abe6f0fc1e03c3d0c4,2023-04,Surrey Police,Surrey Police,-0.756012,51.318386,On or near Mayfield Road,E01030805,Surrey Heath 008F,Unable to prosecute suspect
f2b28502ffd57db319eee4dc7714f5cb0d03c48237598ca6b223c3cf76ef42ff,2023-04,Surrey Police,Surrey Police,0.006397,51.237022,On or near Coldshott,E01030843,Tandridge 007D,Unable to prosecute suspect
88d13b3b493cc00b8e6b4dffb8aa7c3584697df8a4513f935477685fccfc6763,2023-04,Surrey Police,Surrey Police,0.006397,51.237022,On or near Coldshott,E01030843,Tandridge 007D,Unable to prosecute suspect
b4e02a058b6ee11347fe83f20234ac1073aadcd25992f24d6a9737b941be6be7,2023-04,Surrey Police,Surrey Police,-0.575417,51.312345,On or near Birch Close,E01030955,Woking 010A,Investigation complete; no suspect identified
601935439cae645d17f89a08f9dea196ba349b6ed77a116eaed6d36b31d3f062,2023-04,Surrey Police,Surrey Police,-0.744652,51.338164,On or near ,E01030800,Surrey Heath 005E,Local resolution
7ba35ac537be35e015650d62e34678ac40bd91556c9eb645f414a93e613f454a,2023-04,Surrey Police,Surrey Police,-0.552881,51.308067,On or near Elmbridge Lane,E01030972,Woking 011B,Investigation complete; no suspect identified
ee1dc87f0ca00455ec8ea63ea2c4d4790c32f6d7815edb039db1a04431da7783,2023-04,Surrey Police,Surrey Police,-0.163671,51.162304,On or near The Crescent,E01030578,Reigate and Banstead 018D,Unable to prosecute suspect
4a79b9de6faaecb3fcc01aff4eeb57fca769401296a4477e6490e9d02b44cf80,2023-04,Surrey Police,Surrey Police,-0.366103,51.405975,On or near Molesham Way,E01030332,Elmbridge 001C,Unable to prosecute suspect
e44347da37edf9ce878f3fb7525490248a687ed4fa9cc436ae34bf669dc670ac,2023-04,Surrey Police,Surrey Police,-0.579932,51.426296,On or near Elmbank Avenue,E01030676,Runnymede 002F,Investigation complete; no suspect identified
51b6b7a84a5d51471f8f1884a72491a6e89937dc704e504fddf36465fbadf02b,2023-04,Surrey Police,Surrey Police,-0.336847,51.379409,On or near ,E01030320,Elmbridge 009B,Investigation complete; no suspect identified
36e55049dfc1b226c1cd952e6dc3a85e3888ca8af8946a0b0cf94b276be62524,2023-04,Surrey Police,Surrey Police,-0.754392,51.337414,On or near Willington Close,E01030795,Surrey Heath 008C,Investigation complete; no suspect identified
ffd271c45b63b7f563ae5eaae4acefa16b1b93ca16ec1d4e766f79adf18e8f31,2023-04,Surrey Police,Surrey Police,-0.526954,51.337715,On or near Lynwood Close,E01030965,Woking 003C,Investigation complete; no suspect identified
d055cc22f79c74a19a9711e10e9bfcbcc6eca7b9ec51476b497b42ea48e2d269,2023-04,Surrey Police,Surrey Police,-0.337138,51.357035,On or near Fee Farm Road,E01030299,Elmbridge 015D,Investigation complete; no suspect identified
561bdf61ea988c00c326aba3f2545cd8ee44808e267109ebd6c8e2aececd57e9,2023-04,Surrey Police,Surrey Police,-0.448152,51.395077,On or near Supermarket,E01030733,Spelthorne 013D,Investigation complete; no suspect identified
4b338eca985bb566b3102a675e6cc7063a7428c4e438728b861f06b5806fbe58,2023-04,Surrey Police,Surrey Police,-0.165409,51.174714,On or near Albert Road,E01030575,Reigate and Banstead 018A,Unable to prosecute suspect
e1ddf781c5772a3375cf24de528032d5dff41a8b856b7d9e539153de420a1a10,2023-04,Surrey Police,Surrey Police,-0.724607,51.347093,On or near Paschal Road,E01030786,Surrey Heath 004A,Unable to prosecute suspect
f6d99acd812f7c5d96b7878d04bedbb7000f9f6850093d207f56d5b13236865c,2023-04,Surrey Police,Surrey Police,-0.612325,51.247018,On or near Coppice Close,E01030494,Guildford 012B,Investigation complete; no suspect identified
218622c47f552fc6abc2c484172efb326582c76732f04909abe533e270fcbe42,2023-04,Surrey Police,Surrey Police,-0.577656,51.236171,On or near ,E01030455,Guildford 013E,Action to be taken by another organisation
d7a18be4cbcc3e19730255012a8cf1394b2c906e98116126d2cca6b7595f67a4,2023-04,Surrey Police,Surrey Police,-0.287126,51.345893,On or near ,E01030401,Epsom and Ewell 005C,Investigation complete; no suspect identified
12167373750e89b896402e5cb14cb95e81f00d718d01f8b162888484dfc544dd,2023-04,Surrey Police,Surrey Police,-0.572506,51.265126,On or near White House Lane,E01030504,Guildford 005F,Further investigation is not in the public interest
6018ea20860b5f5484fbad70648d08a7da86bbc3eddd2cb7e06e062a0b7b3e97,2023-04,Surrey Police,Surrey Police,-0.561387,51.319161,On or near ,E01030954,Woking 008A,Investigation complete; no suspect identified
885cfe321e6dfaa63cf1bbffe19ff01576d7353529c53f3e59c9ee53b20b7790,2023-04,Surrey Police,Surrey Police,-0.686586,51.366645,On or near Grove End,E01030758,Surrey Heath 002B,Investigation complete; no suspect identified
82511d94675233126e6d78e47948a514d0a5a0e6a411eb0ebddb6a00051b0ecf,2023-04,Surrey Police,Surrey Police,-0.544720,51.241755,On or near Epsom Road,E01030437,Guildford 011B,Unable to prosecute suspect
97c2e7ebc934c9e7c18eb398184d797dc510af81ded3220a1dab58b923ba0cd9,2023-04,Surrey Police,Surrey Police,-0.187384,51.184922,On or near Furneaux Close,E01030584,Reigate and Banstead 016A,Unable to prosecute suspect
cb727bd0f2f96f7ec3ad687023a6481bf2bfcc5a8cc15d45ec5d310145ccd852,2023-04,Surrey Police,Surrey Police,-0.596783,51.201187,On or near Brookfield,E01030920,Waverley 005D,Unable to prosecute suspect
e87d1ae94acc90edf11aceff1c1037a89877e3e8a3240578b9c1d5d96395223d,2023-04,Surrey Police,Surrey Police,-0.104720,51.294000,On or near Hawarden Road,E01030857,Tandridge 003D,Further investigation is not in the public interest
976cff1cb60e58cb4c8bd911c08a4d1d8df884541d1561f5d117d252189dc3ed,2023-04,Surrey Police,Surrey Police,-0.604450,51.174850,On or near Chestnut Way,E01030923,Waverley 010C,Further investigation is not in the public interest
a522b7d753eaa9da55d691659730f5cf1b29629e2ffd7b049ca5b9efbc9fd3a9,2023-04,Surrey Police,Surrey Police,-0.469692,51.439656,On or near ,E01030707,Spelthorne 003A,Investigation complete; no suspect identified
da0dd61dbc3da78170cfe1df88bec005cb1191a098cd903547aa7f987102e3ad,2023-04,Surrey Police,Surrey Police,-0.157150,51.181293,On or near Jubilee Close,E01030580,Reigate and Banstead 017A,Investigation complete; no suspect identified
398ede111981efaa8e82bcaea1b09c14b950d7304b6d39249d9b19ad64db99e3,2023-04,Surrey Police,Surrey Police,-0.332842,51.307201,On or near Fairs Road,E01030548,Mole Valley 003A,Unable to prosecute suspect
199edc968a29773b3ab33b6bb435629ec47c39179dbf2afc7e5305928be0a844,2023-04,Surrey Police,Surrey Police,-0.411105,51.385246,On or near Nelson Close,E01030359,Elmbridge 007C,Unable to prosecute suspect
f373c4043901f2c2bc0a3170f96679d9fdc34d4d2d797b97d680f4a5c829d19b,2023-04,Surrey Police,Surrey Police,-0.651260,51.305060,On or near Plovers Rise,E01030474,Guildford 002D,Local resolution
f4bb222d4cf98c36b8d61c206358616e874da6feea3955b9e98f26c959900757,2023-04,Surrey Police,Surrey Police,-0.405504,51.392589,On or near Sandy Lane,E01030364,Elmbridge 004D,Investigation complete; no suspect identified
a2f7fab007f475d7af94b5a0235130933572d701c01674390fa9d738fc7d139a,2023-04,Surrey Police,Surrey Police,-0.796478,51.215209,On or near ,E01030885,Waverley 003B,Unable to prosecute suspect
b35d1ffe4552a4f48f49f4eaf32586e8015ac7e6769867c9fdda175c69a5d8e7,2023-04,Surrey Police,Surrey Police,-0.495282,51.424970,On or near Stuart Way,E01030742,Spelthorne 009D,Unable to prosecute suspect
16bf75d3a9a5c893ba4a25e657ac95c6dfe91c84ff48b40b784c198c24c22fb0,2023-04,Surrey Police,Surrey Police,-0.163131,51.238501,On or near Crossland Road,E01030614,Reigate and Banstead 011E,Investigation complete; no suspect identified
262a19d4128a85bf4cef29a00d8030ba8bd100089cfc4a28b25007f3b84e2fde,2023-04,Surrey Police,Surrey Police,-0.167612,51.164263,On or near Riverside,E01030578,Reigate and Banstead 018D,Unable to prosecute suspect
77b5d0c0de0d1d1c7863d108836e0d5aa75ecda9815f581cf13b0108b7167dc5,2023-04,Surrey Police,Surrey Police,-0.251589,51.279020,On or near Howard Close,E01030635,Reigate and Banstead 006A,Investigation complete; no suspect identified
e6bda2a93eb159f3c27c32b3d3687a441ed37a6370cb8771a5ee379f782da926,2023-04,Surrey Police,Surrey Police,-0.209568,51.314292,On or near Wellesford Close,E01030562,Reigate and Banstead 002D,Further investigation is not in the public interest
e661872d548cb04f2e9d0c793827d7084825078763f6536b4bb32261c825e687,2023-04,Surrey Police,Surrey Police,-0.091361,51.237722,On or near Kenrick Square,E01030812,Tandridge 008A,Investigation complete; no suspect identified
4bcf4bc6a426981492a8e5ff8fd386e215d043daceb8b570548998335419527a,2023-04,Surrey Police,Surrey Police,-0.068528,51.254434,On or near Tylers Close,E01030824,Tandridge 009A,Investigation complete; no suspect identified
4e5c7758544e52c0d0bc9f12ff962c975c9e84ee0aa67c45354b07122922ed6f,2023-04,Surrey Police,Surrey Police,-0.457362,51.371683,On or near Parkside Court,E01030374,Elmbridge 012D,Unable to prosecute suspect
d22b7307642f5b5d5d8e421d84d68d12f48ef4da3910bddf907c896d8f5686cc,2023-04,Surrey Police,Surrey Police,-0.724532,51.249391,On or near Longacre,E01030433,Guildford 010D,Unable to prosecute suspect
7f942ba2f2f7e835437b33ab9c13371454f8a79534a44061032c9018d81b81c7,2023-04,Surrey Police,Surrey Police,-0.568037,51.316643,On or near Kingsway Avenue,E01030954,Woking 008A,Unable to prosecute suspect
f6c10aad0fbd0f839d0362dbdb50ba4d1fac2af9f99e5dc00ac3a351cf4ead16,2023-04,Surrey Police,Surrey Police,-0.040284,51.218035,On or near ,E01030826,Tandridge 009C,Investigation complete; no suspect identified
48877f615279672f71d3d1c982b1a7c6b571ce67e8d334f0c0a7f99c83cdf884,2023-04,Surrey Police,Surrey Police,-0.483419,51.420519,On or near Abbot Close,E01030729,Spelthorne 007A,Investigation complete; no suspect identified
e7c1950aa7e611ddbc52aeeaad694997a7a3c5285b928b0f24517e04f843688b,2023-04,Surrey Police,Surrey Police,-0.000278,51.260167,On or near New Lodge Drive,E01030831,Tandridge 006A,Further investigation is not in the public interest
2f347a00253bc65ee72b76fddba1f22cab5c144aea5f6789b76b2bfa98d106dd,2023-04,Surrey Police,Surrey Police,-0.148166,51.257267,On or near Albury Road,E01030600,Reigate and Banstead 008B,Investigation complete; no suspect identified
8300d6c7b7a8fc4302ee858d95449710e0426c03c09ff58e21ef33b3dfbdc299,2023-04,Surrey Police,Surrey Police,-0.450982,51.425778,On or near School Road,E01030698,Spelthorne 006B,Action to be taken by another organisation
2b1e3d879f0a1f7ba58105af8086ee5e528d04a997acd70ffd26fb622fd8a530,2023-04,Surrey Police,Surrey Police,-0.558646,51.429885,On or near Kinburn Drive,E01030672,Runnymede 002B,Unable to prosecute suspect
78e5e5f27595817030f3a1b73079d2655eaf5993027843d395a28d7508b2069e,2023-04,Surrey Police,Surrey Police,-0.572324,51.237221,On or near Ward Street,E01030451,Guildford 013C,Unable to prosecute suspect
ae5c9fa528c4772b542c9e68be93153e057fd71faf00b4219abdd744e0b79b90,2023-04,Surrey Police,Surrey Police,-0.689262,51.372016,On or near Dukes Hill,E01030758,Surrey Heath 002B,Investigation complete; no suspect identified
28f82413a420dc1f2a34874cfdaeaf6f34c3dd50751c6b6ed95389109af5dd22,2023-04,Surrey Police,Surrey Police,-0.650277,51.163337,On or near Petworth Road,E01030939,Waverley 011E,Unable to prosecute suspect
6e77aa05c95cd749617c0a9eec5f9d02fd68cb14a36561de2829b76e18dcb8e3,2023-04,Surrey Police,Surrey Police,-0.413477,51.424710,On or near Ashridge Way,E01030749,Spelthorne 008B,Unable to prosecute suspect
862ae9228768d501baa0cabb81fed5a31abfd049c4f6f54b72d996542008620d,2023-04,Surrey Police,Surrey Police,-0.296788,51.315728,On or near Darcy Road,E01030513,Mole Valley 001D,Further investigation is not in the public interest
7388fb7740f999098114ecf5e45f2fac6384d02d9c527f8730ba5e8d425948f3,2023-04,Surrey Police,Surrey Police,-0.389986,51.377269,On or near Walton Park,E01030365,Elmbridge 008D,Local resolution
577386e2679df252d9c3bdf2b34ff6fed6716d021d79a1d81c5241944cc19aab,2023-04,Surrey Police,Surrey Police,-0.246904,51.354596,On or near ,E01030390,Epsom and Ewell 010B,Unable to prosecute suspect
0e0ce8d0f495779d7cd82ebb31a7b94570043fa02a9ee122cc63e87e564da75e,2023-04,Surrey Police,Surrey Police,-0.743225,51.313690,On or near ,E01030766,Surrey Heath 010A,Local resolution
42ba3d44f5cd6d073bcbd6fc1a3e6577908803dfdbc086cdf51f37d3c3f4ee1f,2023-04,Surrey Police,Surrey Police,-0.306462,51.314092,On or near ,E01030512,Mole Valley 002D,Unable to prosecute suspect
753da9084adda36253f5d270c984b50498d8f384b0b909229c4222533bfe2886,2023-04,Surrey Police,Surrey Police,-0.453167,51.218468,On or near New Road,E01030491,Guildford 018B,Investigation complete; no suspect identified
a1c90a2a7cba72caf0f91f8fa4b72ab252fc07079235b59eef88e68cd9711cad,2023-04,Surrey Police,Surrey Police,-0.326013,51.148912,On or near Cartedale Cottages,E01030529,Mole Valley 012A,Unable to prosecute suspect
14a3c0b35ef73c2532f67475e3bba399bc33dbf402e6037378aa6aa7d8f41825,2023-04,Surrey Police,Surrey Police,-0.505515,51.350654,On or near The Avenue,E01030696,Runnymede 010G,Investigation complete; no suspect identified
0a7d93e2759cb043cbd47c4019380df610fc369e4fac77f91198e448a7eb8ef4,2023-04,Surrey Police,Surrey Police,-0.702113,51.183491,On or near Hill Crest,E01030877,Waverley 011A,Further investigation is not in the public interest
a44772ec591749675fc27bedf1553021e0bede970a4343f0e08086f9fb6cff08,2023-04,Surrey Police,Surrey Police,-0.524814,51.215094,On or near Chilworth,E01030490,Guildford 018A,Investigation complete; no suspect identified
ddbf4d439033a00d861bb41926159b70a8ca646848ac12222a9e3046848b82ef,2023-04,Surrey Police,Surrey Police,-0.382358,51.286259,On or near Elmswood,E01030516,Mole Valley 006A,Unable to prosecute suspect
3f25de02365bcda3272c6431e1d6b9582921a3b659c8f8e76497f5e35858c6f0,2023-04,Surrey Police,Surrey Police,,,No location,,,Formal action is not in the public interest
e1849721b740248cc08b5dc78eea44c7ba04d951a11d2fbcd7b1ffaec762f1ba,2023-04,Surrey Police,Surrey Police,-0.329422,51.233035,On or near High Street,E01030538,Mole Valley 010D,Investigation complete; no suspect identified
15eb73801691d6348a507ae4bddbd672915f130e51d5bfd1b64dcda781e3fcce,2023-04,Surrey Police,Surrey Police,-0.724853,51.322205,On or near Heather Mead,E01030790,Surrey Heath 009B,Unable to prosecute suspect
7645599dd31e2db7ee4cf343b36105fdf1d9a2a962adc0ad21e09bcb74a2e0bd,2023-04,Surrey Police,Surrey Police,-0.272959,51.287277,On or near Hurst Lane,E01030524,Mole Valley 008A,Unable to prosecute suspect
abaf9137d1663f10216b118fcf73842d349accb7d3003e4a8928b168d4b4892e,2023-04,Surrey Police,Surrey Police,-0.418336,51.416017,On or near Dunnell Close,E01030754,Spelthorne 010B,Suspect charged
0e777191d6ecf4713f06c194abe2d61c4d3f032b9be595601adf29a2987e6aac,2023-04,Surrey Police,Surrey Police,-0.605854,51.321191,On or near Creston Avenue,E01030975,Woking 007B,Unable to prosecute suspect
b9d620f32159c1d05dbf2c0b06b0ce2a19e7903663e58eee30b2506dd3c1ffa6,2023-04,Surrey Police,Surrey Police,-0.502569,51.144625,On or near ,E01030875,Waverley 013F,Unable to prosecute suspect
440fb68610fe0c1fbb7c200aebe8b065b0989f2200fdce1d938b6312a94936a5,2023-04,Surrey Police,Surrey Police,-0.800816,51.206962,On or near Weydon Hill Close,E01030889,Waverley 006C,Investigation complete; no suspect identified
8e9db7c1fac997287d3ce13029d70f5472045d49439982f60807daecd3e68233,2023-04,Surrey Police,Surrey Police,-0.306740,51.312788,On or near Charlotte Close,E01030512,Mole Valley 002D,Formal action is not in the public interest
54a3ed4ba4c12213e8829eef565c89dd0f254dfefb32b9f53671f986f3f7cfc2,2023-04,Surrey Police,Surrey Police,-0.439809,51.422734,On or near Maple Court,E01030698,Spelthorne 006B,Unable to prosecute suspect
aa745965525796e9f4bf910cd2bfe55963a3f01ce22ed212ec2048174f8d95d7,2023-04,Surrey Police,Surrey Police,-0.275600,51.334689,On or near Court Lane,E01030404,Epsom and Ewell 007D,Unable to prosecute suspect
19d9814fa8042bd16620bd39e8a0527df0477e185eeda46799903764a3996346,2023-04,Surrey Police,Surrey Police,-0.237452,51.299994,On or near Waterfield Green,E01030608,Reigate and Banstead 005A,Investigation complete; no suspect identified
9cc8d48264662e194d9c5c1687dd7fd4d8118cb0b446d39b9bc9803e3cba7e95,2023-04,Surrey Police,Surrey Police,-0.420891,51.386520,On or near ,E01030357,Elmbridge 007A,Further investigation is not in the public interest
89964bb5496b43843e4630e0bed75f25027f9a4127ad85ab983281d80a623fa2,2023-04,Surrey Police,Surrey Police,-0.803734,51.236883,On or near Eton Place,E01030901,Waverley 002E,Unable to prosecute suspect
4a13cef7e9fae25e420fa134af5cc6a8702d92db8066eea0b5b7fe8977c1030c,2023-04,Surrey Police,Surrey Police,-0.497233,51.439599,On or near Midway Close,E01030734,Spelthorne 004A,Unable to prosecute suspect
35bc327e35302f60bd9273d4ab4a9e1597430e4f3e0f9579b4f94284e4e61524,2023-04,Surrey Police,Surrey Police,-0.411900,51.391345,On or near ,E01030363,Elmbridge 004C,Unable to prosecute suspect
6fc6698929824d90a3d0f70fa960ac568595a740ab89cc2d753d27e654e277d4,2023-04,Surrey Police,Surrey Police,-0.495282,51.424970,On or near Stuart Way,E01030742,Spelthorne 009D,Unable to prosecute suspect
f16caaa3ac175d4ead8bf4d2f6beba1847fabafc104419603076ab0d3a339edd,2023-04,Surrey Police,Surrey Police,-0.244818,51.354304,On or near ,E01030406,Epsom and Ewell 003C,Unable to prosecute suspect
d2771e73c43195f6e5a7c2d3e5208027412403e319e88c3436d9ae8dd49ba7fc,2023-04,Surrey Police,Surrey Police,-0.489728,51.370900,On or near ,E01030646,Runnymede 009B,Unable to prosecute suspect
6153044baa76562cda92f3c5e509a5f4074c8cc23c072ec457e1112fbb1ef543,2023-04,Surrey Police,Surrey Police,-0.154919,51.261843,On or near Grange Close,E01030598,Reigate and Banstead 009A,Unable to prosecute suspect
aeb92f580c77ee05148e6aea4e86b5a96420770f11789dd5e4d0242e6ce1d534,2023-04,Surrey Police,Surrey Police,-0.377531,51.281201,On or near The Moorings,E01030516,Mole Valley 006A,Unable to prosecute suspect
6b18e72ced6d5537439cbef8b154155d5575577a7badeeaea2478018b5bf9299,2023-04,Surrey Police,Surrey Police,-0.795499,51.205568,On or near Sheephouse,E01030889,Waverley 006C,Further investigation is not in the public interest
ba6022462f9cd3f541632205ed57dc03e747c497b12087e205bdf52700169e57,2023-04,Surrey Police,Surrey Police,-0.455977,51.371000,On or near St James Mews,E01030374,Elmbridge 012D,Investigation complete; no suspect identified
6c1807ad6199ce34c889263d8e6e0169810f01e65f88eda3b264b4f32582985f,2023-04,Surrey Police,Surrey Police,-0.483045,51.148914,On or near Nuttall Gardens,E01030872,Waverley 013C,Unable to prosecute suspect
31e89c80e4281b6b2f86288b7e57e8cbd54d34776fcbc570b160d27e8a57cf4d,2023-04,Surrey Police,Surrey Police,-0.739473,51.145655,On or near ,E01030908,Waverley 018A,Unable to prosecute suspect
14ccab7330727dce5f0c53fe703849b0ffeb16a804d7e98dbfd3d5c3e19bc5d8,2023-04,Surrey Police,Surrey Police,0.037031,51.271844,On or near Petrol Station,E01032571,Tandridge 012D,Investigation complete; no suspect identified
5529f40ea713dec158d1810d343be8d661135b3e0201c14a171f097a9a51ae7e,2023-04,Surrey Police,Surrey Police,-0.727412,51.258739,On or near ,E01030426,Guildford 004A,Unable to prosecute suspect
71084050947a5b23ca156ae72ce4b85428e8dcf6f28304d7315ed1c81b4f9949,2023-04,Surrey Police,Surrey Police,-0.510239,51.434333,On or near High Street,E01030736,Spelthorne 004C,Investigation complete; no suspect identified
8f2b9b9ba376fbfe93fdfa209f9733d3c9d39cf340682ac40c5ecfac9d387214,2023-04,Surrey Police,Surrey Police,-0.499948,51.297285,On or near Forbench Close,E01030459,Guildford 001C,Unable to prosecute suspect
96b0e2856bc93fbe386c72beaef2091d8df0ec4057bcf3b4148110a0384694b8,2023-04,Surrey Police,Surrey Police,-0.557436,51.297314,On or near Liquorice Lane,E01030973,Woking 011C,Unable to prosecute suspect
525ab497da384a000a05c0284ce3c83d9b315d90d5b23f6364f2cb3bb1fd6c1e,2023-04,Surrey Police,Surrey Police,-0.306740,51.312788,On or near Charlotte Close,E01030512,Mole Valley 002D,Formal action is not in the public interest
9bb398f2654099dcd5d7bede697328f2f5466c04986d363b44ee38adbe401b21,2023-04,Surrey Police,Surrey Police,-0.724348,51.241026,On or near Hop Garden Way,E01030425,Guildford 014D,Investigation complete; no suspect identified
19dd1c1211dc920b403a861ed48af2a1fbdc2a675e9e3be983e6ec5a898becca,2023-04,Surrey Police,Surrey Police,-0.313074,51.379892,On or near Church Meadow,E01030323,Elmbridge 006B,Investigation complete; no suspect identified
1549bcdc37d30815be0e27bc944be546a4b732be4c3ee4ac00c3d77e2bd8aa99,2023-04,Surrey Police,Surrey Police,-0.465543,51.434674,On or near Church Road,E01030712,Spelthorne 003C,Local resolution
0d110dd24a5de6923a993c205a969cadd77188205d7731f890a283ca8d0f59b9,2023-04,Surrey Police,Surrey Police,0.013401,51.238313,On or near Bramble Close,E01030842,Tandridge 007C,Local resolution
84fac6108fa87e36db002d7b51a1c9a957639cd2791d60617fd51e001bbb4535,2023-04,Surrey Police,Surrey Police,-0.544199,51.430929,On or near Grove Court,E01030667,Runnymede 001A,Investigation complete; no suspect identified
d6b273ceadbd23418f58f0e3f61be9e314148fe99298558766732add1cff6368,2023-04,Surrey Police,Surrey Police,-0.511947,51.434004,On or near Tilly's Lane,E01030736,Spelthorne 004C,Investigation complete; no suspect identified
cbf3397da7a2de873af3fc99872bf54f1c15da91113140b6001c231d1fdde846,2023-04,Surrey Police,Surrey Police,-0.489728,51.370900,On or near ,E01030646,Runnymede 009B,Unable to prosecute suspect
4f4ef6646e2b8cebebf816bc83c19074832a4977d362ca22066ae3fdb30d3961,2023-04,Surrey Police,Surrey Police,-0.204078,51.231043,On or near Sandhills Road,E01030594,Reigate and Banstead 013A,Unable to prosecute suspect
283df0ac9d0be0a379f290d50f5c645623bd8e62dcfd243cd8a560c2df1eba1c,2023-04,Surrey Police,Surrey Police,-0.726806,51.264064,On or near Stirling Close,E01030427,Guildford 004B,Investigation complete; no suspect identified
9d2596df8e2d1027e400c20dd32c986b107a2d8e9859ad05aed1dc582a8edff6,2023-04,Surrey Police,Surrey Police,-0.544029,51.303092,On or near Hipley Street,E01030995,Woking 011E,Further investigation is not in the public interest
c5d46ab1947bca3ffe0ab8d4c868d733c0cc2c9e35de5bc806f5ce6c643aeab7,2023-04,Surrey Police,Surrey Police,-0.751955,51.324574,On or near Weller Drive,E01030805,Surrey Heath 008F,Further investigation is not in the public interest
edb54b0b8b23f906b0eeef3234a41915a38df3aa5188933df31c1fb1d9a27707,2023-04,Surrey Police,Surrey Police,-0.328725,51.232494,On or near Heath Hill,E01030537,Mole Valley 010C,Unable to prosecute suspect
abf24ed92349ad957eced482f2aa3e699fce49aa4a68b80bf62a831c929d84ac,2023-04,Surrey Police,Surrey Police,-0.461244,51.432001,On or near Elmcroft Drive,E01030704,Spelthorne 005D,Investigation complete; no suspect identified
702d7cb6b18c60c8d3bad21838ecc485e1d5a8bd9cdb81cddfb8e2e0136e2b91,2023-04,Surrey Police,Surrey Police,-0.555406,51.428613,On or near Spring Avenue,E01030669,Runnymede 001C,Investigation complete; no suspect identified
a4a56e03a0e811f488fcaadbab7629685a403d537fa3f8496fc564f6ad23c5de,2023-04,Surrey Police,Surrey Police,0.037031,51.271844,On or near ,E01032571,Tandridge 012D,Investigation complete; no suspect identified
58e9f3b7e8fcf3ea5325c28039c758bc4bfd21cfc41cee4cd0277983690c7efe,2023-04,Surrey Police,Surrey Police,-0.328514,51.294828,On or near ,E01030552,Mole Valley 004B,Further investigation is not in the public interest
d3fcb3f888b57b3946055d48aab0ce7ba5ed1d043583544677f11289488cd0ec,2023-04,Surrey Police,Surrey Police,-0.576507,51.230231,On or near Flower Walk,E01030449,Guildford 016B,Investigation complete; no suspect identified
c0c7e4f8500694575c9e3f34175a95e61e3a37a61ea66344c2d23adc82be2357,2023-04,Surrey Police,Surrey Police,-0.744145,51.227914,On or near Tongham Road,E01030423,Guildford 014C,Unable to prosecute suspect
a4369f416e2191478cefff85c20d63f2cd6b3c3279d250933b4cb71b0d82e1c4,2023-04,Surrey Police,Surrey Police,-0.164649,51.227707,On or near Brambletye Park Road,E01030573,Reigate and Banstead 014D,Further action is not in the public interest
4bac742ed253b17f9bd38be6d74a64d8a075b36d1387b0b96521e3cd2640683b,2023-04,Surrey Police,Surrey Police,-0.108407,51.292945,On or near Green Lane,E01030857,Tandridge 003D,Local resolution
991bd1a7f5f166d99023bc79e268146d8817ef777fdbcfbb54822452447762ed,2023-04,Surrey Police,Surrey Police,-0.263729,51.333894,On or near B284,E01030411,Epsom and Ewell 008B,Unable to prosecute suspect
637c4a538a388754c8d54686badd0bda9d4acc21f047586cc8588b3d44318743,2023-04,Surrey Police,Surrey Police,-0.416658,51.371752,On or near Mayfield Close,E01030314,Elmbridge 010B,Local resolution
4f0fa74d0b1a0ce468cacf31732e16ba641b4a308d295824df372e6a329155f1,2023-04,Surrey Police,Surrey Police,0.037031,51.271844,On or near ,E01032571,Tandridge 012D,Investigation complete; no suspect identified
f890b6251df4a74ed3f5c57c53d074fb1d51cad0562fe3c2248e87361c3a241d,2023-04,Surrey Police,Surrey Police,-0.488388,51.367960,On or near Hollies Court,E01030646,Runnymede 009B,Unable to prosecute suspect
412dbdc2c56a356eb0dd295ceac28224b128f30743feb64b6332545b42361b57,2023-04,Surrey Police,Surrey Police,-0.186974,51.168018,On or near Mistley Gardens,E01030531,Mole Valley 013D,Investigation complete; no suspect identified
d561cda5bfab9b9a5fd35d484de9e271b5f21d8b49ef9103ef11921e87fa2618,2023-04,Surrey Police,Surrey Police,-0.473450,51.133790,On or near Oak Grove,E01030870,Waverley 013A,Investigation complete; no suspect identified
5731cdfe31358999b2029ee650e3cf139e50328222e38ce561a82029352a1475,2023-04,Surrey Police,Surrey Police,-0.246315,51.345199,On or near Clarence Place,E01030396,Epsom and Ewell 010D,Local resolution
7971b5ecbe62e171d2113a4aada7e06844240e105c6a8328f90894903fd36070,2023-04,Surrey Police,Surrey Police,-0.228096,51.244170,On or near Clifton's Lane,E01030623,Reigate and Banstead 009B,Investigation complete; no suspect identified
b5103c87e48fa170a86bbc13c1fa6e6988f0c19750b1c1ea081754df4e904ae4,2023-04,Surrey Police,Surrey Police,-0.513350,51.360600,On or near Malus Drive,E01030661,Runnymede 009D,Unable to prosecute suspect
bbc0abee51203bed3bcf441ee58c93de14a27a306133b6921e839c70cf1ec023,2023-04,Surrey Police,Surrey Police,,,No location,,,Investigation complete; no suspect identified
1c02647129d0e9bd3016199e827d6d09674f1daecec67f264a0dcdd9342d588a,2023-04,Surrey Police,Surrey Police,-0.596783,51.201187,On or near Brookfield,E01030920,Waverley 005D,Unable to prosecute suspect
12038d0b44c4638d318bbe5d797e3ca1ad7ea8e79ccee7f849996f15a839cd12,2023-04,Surrey Police,Surrey Police,-0.598377,51.194197,On or near Sports/Recreation Area,E01030921,Waverley 005E,Unable to prosecute suspect
2cd85ed3c76a7ba8cc11cd8e9f2825e53c5f3580f1df2a5075d9b33ba7174def,2023-04,Surrey Police,Surrey Police,-0.567727,51.240411,On or near Foxenden Road,E01030457,Guildford 013F,Investigation complete; no suspect identified
681bb0d0708e61a94cf6e5d7a20316a903363a84ecf2796b2bd3505a23ce70a4,2023-04,Surrey Police,Surrey Police,-0.438913,51.372158,On or near Adelaide Place,E01030338,Elmbridge 011A,Investigation complete; no suspect identified
0cee74c9ae20280a25f6bcaccd65cc0aeb2bfabaf848b8802210a2a942977219,2023-04,Surrey Police,Surrey Police,-0.366456,51.367816,On or near ,E01030308,Elmbridge 013B,Investigation complete; no suspect identified
c6062856d228af03a7053ed1f15861ab52f9ab6e124a5b7974b7c2961e19b3d5,2023-04,Surrey Police,Surrey Police,-0.179292,51.226488,On or near Abinger Drive,E01030593,Reigate and Banstead 012A,Investigation complete; no suspect identified
d3d3055f3dfe9f49229474896a89a26e1555f355e970625a5d046a986d5b8308,2023-04,Surrey Police,Surrey Police,-0.696615,51.355948,On or near Waterers Way,E01030760,Surrey Heath 002D,Offender given a caution
7f40c28ffe94b1179506daea7a42d8110acbbbe7930193c9665e7a9bf468084f,2023-04,Surrey Police,Surrey Police,-0.050470,51.193099,On or near Anchor Way,E01030827,Tandridge 009D,Local resolution
81d96b744760fd219f0ff4d81ea880a35b936d608ed786bdc8e565e95631e616,2023-04,Surrey Police,Surrey Police,,,No location,,,Unable to prosecute suspect
fb4e65978c24a1d1f980ebfb6c8a9369f09e4fd55b6e0cbda4b7d14d6b3744cc,2023-04,Surrey Police,Surrey Police,-0.617308,51.318287,On or near ,E01030977,Woking 007D,Unable to prosecute suspect
a10d04daa4f049f3d5cf3da4b7c258f1d12a275ac0170d793abf3d9dfcc6e59e,2023-04,Surrey Police,Surrey Police,-0.289417,51.340665,On or near Cavell Way,E01030402,Epsom and Ewell 005D,Investigation complete; no suspect identified
19a187f2ea166e3a710f0192497dbde3c6fdceaec05430556b99b5f6ea7b74cd,2023-04,Surrey Police,Surrey Police,-0.628764,51.184192,On or near Allden Cottages,E01030914,Waverley 010A,Unable to prosecute suspect
a16080f6d545de288a38bece49bfaddcb265cf34fd4539b20cac8a18c8a52ada,2023-04,Surrey Police,Surrey Police,-0.528539,51.335272,On or near Loder Close,E01030985,Woking 004F,Investigation complete; no suspect identified
a446062a812c719ba72538195663b3b0cf1c5367078fdf5b36fb3b359971f751,2023-04,Surrey Police,Surrey Police,-0.488986,51.140370,On or near ,E01030875,Waverley 013F,Further investigation is not in the public interest
a1f207c3e9389be7b90bb64318c57496ba8742976ebbaab0712f4df01146a97a,2023-04,Surrey Police,Surrey Police,-0.487403,51.352957,On or near Common Lane,E01030681,Runnymede 010A,Unable to prosecute suspect
26e54bf77e044212f64fb460f5988c142e7540879f1cd9d42fd9123c562de3b8,2023-04,Surrey Police,Surrey Police,-0.601300,51.199982,On or near Orchardfield Road,E01030911,Waverley 005A,Further investigation is not in the public interest
8ffc8a872b71a9a9b5af5b6f4a4082981cce03ace0cd5a127645375ae0c820d0,2023-04,Surrey Police,Surrey Police,,,No location,,,Unable to prosecute suspect
bfa2c03755e1bf83d4af52555d0a34fd5ed3e20ab06eb07124dd75d4c17f9aa8,2023-04,Surrey Police,Surrey Police,-0.587940,51.242570,On or near ,E01030468,Guildford 015C,Investigation complete; no suspect identified
6667615af228ed355faa84065d852d58cbecb647b3b2d7c3ac2660b033a2134e,2023-04,Surrey Police,Surrey Police,-0.277008,51.336194,On or near Meadway,E01030404,Epsom and Ewell 007D,Unable to prosecute suspect
285095ed4aac8ef79bec20e07584c73b6fe42086bf61f66457b9397bf4ffb275,2023-04,Surrey Police,Surrey Police,-0.394027,51.371417,On or near Molesey Road,E01030312,Elmbridge 014B,Unable to prosecute suspect
88ff196a778beef67e351fa468d89d67ae6f669e47b56d61db4d23c2da2244ee,2023-04,Surrey Police,Surrey Police,-0.542456,51.323211,On or near ,E01030988,Woking 006A,Investigation complete; no suspect identified
f9b0e4936ff5f5162bab1c37679b877b5b65c34200d029d1cad0113b22e89112,2023-04,Surrey Police,Surrey Police,-0.442753,51.410993,On or near Hetherington Road,E01030722,Spelthorne 012B,Unable to prosecute suspect
b95c911660081c2f6c0a5b748415a4051ef4c65499e8cb83458bb3e9fbf95f55,2023-04,Surrey Police,Surrey Police,-0.606901,51.185607,On or near Victoria Road,E01030916,Waverley 007A,Unable to prosecute suspect
643fbba5593ce3d4815ead31e5b20b55ae3610dae881c414f520b2c811655a5c,2023-04,Surrey Police,Surrey Police,-0.359269,51.380800,On or near Woodend,E01030369,Elmbridge 009D,Investigation complete; no suspect identified
834c9ccc762c04442c4baf456af06572384b54f648693291db71b033f3be42f0,2023-04,Surrey Police,Surrey Police,-0.077365,51.281342,On or near ,E01030829,Tandridge 004B,Investigation complete; no suspect identified
5428e8d29087ed670a34744567c31ba07c6ec0de69c0c8ca3a6f5fdc9d8c609d,2023-04,Surrey Police,Surrey Police,-0.555541,51.246178,On or near Lindfield Gardens,E01030438,Guildford 013A,Investigation complete; no suspect identified
cb6ce60dcd946b0c2ef47e4a117bd0cc876216965cc47471111ea427aaedc99b,2023-04,Surrey Police,Surrey Police,-0.162144,51.185608,On or near Skipton Way,E01030576,Reigate and Banstead 018B,Further investigation is not in the public interest
d28835b5904326a540477f25931e1ba59e2e7387759ea58cc2c9ec9135df3d9b,2023-04,Surrey Police,Surrey Police,-0.544720,51.241755,On or near Epsom Road,E01030437,Guildford 011B,Investigation complete; no suspect identified
64bd42ec61aa7f1fd4ceb5c0ff7d5e8cd6587ac896dd1584ea08f79963eeb6df,2023-04,Surrey Police,Surrey Police,-0.583396,51.257777,On or near Blackberry Close,E01030483,Guildford 007C,Unable to prosecute suspect
32f1e6fc34c41641883c2dfff52b17edf59bb4b437f618f8375d45e4b4dd2119,2023-04,Surrey Police,Surrey Police,-0.080664,51.285110,On or near Stafford Close,E01030850,Tandridge 004D,Investigation complete; no suspect identified
2cb7b7cc62f047f8aef16c9578319f66666c09ec439d510bb7c8eed222a77f44,2023-04,Surrey Police,Surrey Police,-0.265361,51.333750,On or near ,E01030411,Epsom and Ewell 008B,Unable to prosecute suspect
411265e41c92b136fa59c6e14a3dfd4858e9054fbeb3f5d65b06ffff63872d2b,2023-04,Surrey Police,Surrey Police,-0.603006,51.321885,On or near Oakfield,E01030957,Woking 005E,Unable to prosecute suspect
4c05897ac6bc3789aa143a8663a519d3bebb8e84bb5ca6d86f4d3c6e00871d56,2023-04,Surrey Police,Surrey Police,-0.263729,51.333894,On or near B284,E01030411,Epsom and Ewell 008B,Investigation complete; no suspect identified
a40db352a64d7e9b46f0d2e9b32ed855ba10edc4d7be399900dd40f29b437a9f,2023-04,Surrey Police,Surrey Police,-0.557436,51.297314,On or near Liquorice Lane,E01034297,Woking 011G,Investigation complete; no suspect identified
9692809cf01fa910391b876f2f82a990a89ca9ce642b6a829b7be54da82af38c,2023-04,Surrey Police,Surrey Police,-0.421390,51.419628,On or near The Parade,E01030751,Spelthorne 008D,Investigation complete; no suspect identified
ce183cc567c3edfe424c88ebf04092fee3bebedbc690659d8b5c02646fd1b457,2023-04,Surrey Police,Surrey Police,-0.575287,51.389695,On or near Corrie Gardens,E01030691,Runnymede 005C,Investigation complete; no suspect identified
8f11be8016cc58fcc748bc245bd15048722e37f87325b3f43a73d7563d826f76,2023-04,Surrey Police,Surrey Police,-0.692895,51.239259,On or near Green Lane West,E01030465,Guildford 002A,Unable to prosecute suspect
de0fde08213876942eda97e1e04ea7cbf5d9bd5b463cbc4d4b5d4848426b8d7a,2023-04,Surrey Police,Surrey Police,,,No location,,,Further action is not in the public interest
0cb235edf658c5923e891f4c6ed615aea7fcc2c1e1a77a998719610f8ac032d9,2023-04,Surrey Police,Surrey Police,-0.421390,51.419628,On or near The Parade,E01030751,Spelthorne 008D,Investigation complete; no suspect identified
2537a4c4dc30621e47cb012cfadfb8819f9109f98a6231ca99a68885c706efc6,2023-04,Surrey Police,Surrey Police,-0.496085,51.218811,On or near Church Lane,E01030490,Guildford 018A,Unable to prosecute suspect
c8edfe0e0e9ce0c0d78e0f97e7db9926b7063a561516356b0d1ccd522cf1623c,2023-04,Surrey Police,Surrey Police,-0.594863,51.250658,On or near Hannah Gardens,E01030495,Guildford 009C,Investigation complete; no suspect identified
88d5915204dece88ec0b4e04b60ff252f4d546682f847b671912b7615c6a4734,2023-04,Surrey Police,Surrey Police,-0.564428,51.436790,On or near Cooper's Hill Lane,E01030673,Runnymede 002C,Investigation complete; no suspect identified
01b74815d71db033ac278d222d99cc6ef442daa064470dc37605d74df3c5ecc0,2023-04,Surrey Police,Surrey Police,-0.586415,51.249037,On or near Woodbridge Hill,E01030487,Guildford 006B,Unable to prosecute suspect
8384cdc05466b373f4361c1e422bef5e03df02a8726da859c40d76200e731b81,2023-04,Surrey Police,Surrey Police,-0.797375,51.213770,On or near Victoria Road,E01030885,Waverley 003B,Unable to prosecute suspect
665095de0a9a5b727664731d03548e20a7cec1d8ff501221a657b71e032051bd,2023-04,Surrey Police,Surrey Police,-0.802169,51.215510,On or near ,E01030885,Waverley 003B,Unable to prosecute suspect
cd8ac2711726205a97731022b266cd434a1b04fb8d48166b2dfb44a8bd1f352f,2023-04,Surrey Police,Surrey Police,,,No location,,,Unable to prosecute suspect
31db3fa737d805baee3448854810a279b4d68b6bb8c319fd57652d2f758efe47,2023-04,Surrey Police,Surrey Police,-0.383267,51.368958,On or near Ramornie Close,E01030311,Elmbridge 014A,Investigation complete; no suspect identified
0efea7d35143a331ab38e7d8fb3a79c932e3c5ae1162a107dd4246cb3a933468,2023-04,Surrey Police,Surrey Police,-0.584088,51.236186,On or near Genyn Road,E01030452,Guildford 015A,Unable to prosecute suspect
84bb48fbfc4773ff77825002e6ec31762dbf6e7c473c219eb608c053296de782,2023-04,Surrey Police,Surrey Police,-0.553139,51.304878,On or near Beaconsfield Road,E01030972,Woking 011B,Investigation complete; no suspect identified
ba6ff7670e10e2603230803f2afbeda0dfd2192d6c81dc53c0f1eacb4c6e0ed5,2023-04,Surrey Police,Surrey Police,-0.533531,51.430724,On or near Pooley Green Close,E01030664,Runnymede 003B,Unable to prosecute suspect
2509a783dc122c52eb67d682344050c101cb28af0c5b10a5727a2cb495e0feab,2023-04,Surrey Police,Surrey Police,,,No location,,,Investigation complete; no suspect identified
a9fd207485b8cccb6c0f7f3339f76e83d834a00dafe547b42c2c58f15bae20da,2023-04,Surrey Police,Surrey Police,-0.490942,51.350152,On or near Cobs Way,E01030681,Runnymede 010A,Unable to prosecute suspect
cafd43e26ec26c8a8295e6525be3274780a5ce7183e07b27b9164d3556038656,2023-04,Surrey Police,Surrey Police,-0.278382,51.362724,On or near Jasmine Road,E01030399,Epsom and Ewell 002B,Investigation complete; no suspect identified
a6724a6a9d85b904bf9c9c33e6e0cee9fc8e5f3a37bba8750ad6335e7f792c2e,2023-04,Surrey Police,Surrey Police,-0.570064,51.395414,On or near Tithe Close,E01030691,Runnymede 005C,Unable to prosecute suspect
62b99ef6e85f21f3b7cb83dfbca535347bf2ab404b4b132163eb295d9cded8da,2023-04,Surrey Police,Surrey Police,-0.555782,51.296548,On or near Reed Street,E01034297,Woking 011G,Investigation complete; no suspect identified
074e6a4b105c37acfd0d35611e6a5e574a4a9c2e46e2e3ecf9c66fe58f86e748,2023-04,Surrey Police,Surrey Police,-0.486603,51.371579,On or near Gleeson Mews,E01030646,Runnymede 009B,Investigation complete; no suspect identified
19f811d698e2a939aa8f12d47649f024836fa87bda12f54034bd2792f32eb45c,2023-04,Surrey Police,Surrey Police,-0.487669,51.423343,On or near Thickthorne Lane,E01030739,Spelthorne 007B,Action to be taken by another organisation
14a986fa81178212c0e41358125f5a12054fb49c16347fa24609af8d841ff449,2023-04,Surrey Police,Surrey Police,-0.174101,51.180609,On or near Sports/Recreation Area,E01030585,Reigate and Banstead 016B,Investigation complete; no suspect identified
71c8cf30efddbb9e0af6bd18256982e5945c2c969c32887344b800f908cfb0b6,2023-04,Surrey Police,Surrey Police,-0.567468,51.208601,On or near Little Orchard Way,E01030480,Guildford 017E,Investigation complete; no suspect identified
c564557ada1132c000cc6ebbc66fd6467c3e00373416809926f95f1d0f942d82,2023-04,Surrey Police,Surrey Police,-0.745774,51.336504,On or near Pembroke Broadway,E01030800,Surrey Heath 005E,Further investigation is not in the public interest
c3283391df547ce78d93a580047ac15f651023f0cf197d71bd6b9313a1efa47c,2023-04,Surrey Police,Surrey Police,-0.424019,51.386670,On or near Bridge Street,E01030357,Elmbridge 007A,Investigation complete; no suspect identified
68faa982c1aebca6475d831e15760466cfcd0cce85014cb2b719df087d0093b0,2023-04,Surrey Police,Surrey Police,,,No location,,,Investigation complete; no suspect identified
bf1fb56a536d1204106db447814bd169144c306a21c5701d4c308a6f3fd54b91,2023-04,Surrey Police,Surrey Police,-0.334350,51.223896,On or near Harrow Close,E01030536,Mole Valley 010B,Unable to prosecute suspect
389f352e03e4e3aeb548d2a70bca798e5b1b8f944cfcaa086737b1699f6df5cf,2023-04,Surrey Police,Surrey Police,-0.268742,51.334193,On or near Parking Area,E01034289,Epsom and Ewell 008E,Investigation complete; no suspect identified
bfcf5ec04b09f0f23641566c81470d62bcf95c7c352e012ac1f467778f162cec,2023-04,Surrey Police,Surrey Police,-0.561455,51.308254,On or near Lucerne Close,E01030992,Woking 010B,Unable to prosecute suspect
7d0d84a8b46b03f0f62d3971e0b6539d48b26224cf63087a8312e0fd0db02214,2023-04,Surrey Police,Surrey Police,-0.543247,51.252087,On or near Great Goodwin Drive,E01030460,Guildford 011D,Further investigation is not in the public interest
22c1d3ae4f880d43412287aa88e1f00ef7cd9c031d4b771e5d95e54014ee6b36,2023-04,Surrey Police,Surrey Police,-0.620605,51.201056,On or near Woodmancourt,E01030919,Waverley 007D,Unable to prosecute suspect
9bb59a4d992ecdc37ecb24c1c370b1ed5f043ccf785bf0fa540d85ded03f9ea8,2023-04,Surrey Police,Surrey Police,-0.715550,51.248816,On or near Ash Church Road,E01030421,Guildford 014A,Investigation complete; no suspect identified
102823d815b360e0784f98e68ad276f8582070ef444d48d8cb1583d2bc9a4bb8,2023-04,Surrey Police,Surrey Police,-0.561455,51.308254,On or near Lucerne Close,E01030992,Woking 010B,Unable to prosecute suspect
2560217b75a86ae0ebc6c20c00a2f875104e50adb411d7e38963a6a723d8be62,2023-04,Surrey Police,Surrey Police,-0.327734,51.305239,On or near Barnett Close,E01030549,Mole Valley 003B,Unable to prosecute suspect
b374c5a5de4bdcf4d0ecc92b193ee3c164d013ac72cd1b97f956126c0777858b,2023-04,Surrey Police,Surrey Police,-0.364525,51.406682,On or near The Fairway,E01030333,Elmbridge 001D,Unable to prosecute suspect
e3e62265cf6fe15a06a7f14857ef413030d851c2d61a5acecb2af00199ff6135,2023-04,Surrey Police,Surrey Police,-0.325871,51.213667,On or near Walford Road,E01030545,Mole Valley 011B,Unable to prosecute suspect
e479e048b36725eca28e26ef16ecd0a02fda1985e484a1101393d701fca7f54e,2023-04,Surrey Police,Surrey Police,-0.727693,51.250109,On or near Youngs Drive,E01030433,Guildford 010D,Investigation complete; no suspect identified
f0da5a22eaf9fb17b93f7e0bc4d675c8aeaa505be32c1cb6017bc1a144fc8376,2023-04,Surrey Police,Surrey Police,-0.464525,51.357704,On or near Railton Close,E01030347,Elmbridge 016B,Investigation complete; no suspect identified
e840fea6328885c5b378046ae87b7dbeb919243da28ab89e2b19100b9150f281,2023-04,Surrey Police,Surrey Police,-0.374402,51.401433,On or near Grovelands,E01030336,Elmbridge 003C,Unable to prosecute suspect
5df00c48e16903d025b97d536d82ac748b37d346d688ffae4a2d316cb4f4c217,2023-04,Surrey Police,Surrey Police,-0.561387,51.319161,On or near ,E01030954,Woking 008A,Unable to prosecute suspect
fd07df8129388e08a7012fe154b5ef2486df4ddadeee4a6d398f4c2b005b13b6,2023-04,Surrey Police,Surrey Police,-0.260995,51.347711,On or near Dee Way,E01030413,Epsom and Ewell 004B,Unable to prosecute suspect
fe240235091ee50f6b35d31b01a35b719dfc4707d42848101e80cc22973fa541,2023-04,Surrey Police,Surrey Police,-0.746844,51.100987,On or near High Pitfold,E01030929,Waverley 017D,Investigation complete; no suspect identified
daa1d6e5744cc93d747955fd8b6c9006b1cb4b449687e2a6353bf482d9cdb73d,2023-04,Surrey Police,Surrey Police,-0.405358,51.411246,On or near Sunna Gardens,E01030755,Spelthorne 010C,Investigation complete; no suspect identified
f11a0e8fd890e63b75079fe0addeeaa01f8ad591eb659dad9db1eaf2f06d54e1,2023-04,Surrey Police,Surrey Police,-0.510340,51.335617,On or near Regency Drive,E01031004,Woking 002E,Further investigation is not in the public interest
fe0cc88b62d760118924cd57384710456d6ad132c01b0ef517233e29a953a2bb,2023-04,Surrey Police,Surrey Police,-0.618328,51.316321,On or near ,E01030976,Woking 007C,Unable to prosecute suspect
821ed63fb4ed36ce465b5f8305154ea32de7743a91f478df1580178cb38096a6,2023-04,Surrey Police,Surrey Police,-0.527577,51.333056,On or near St Michael's Road,E01030984,Woking 004E,Investigation complete; no suspect identified
bc8820c8c0ced9529aae1bd855cade3d8c49e81053a8cbf697e18a49ce320094,2023-04,Surrey Police,Surrey Police,-0.556299,51.308883,On or near Sports/Recreation Area,E01030972,Woking 011B,Investigation complete; no suspect identified
331b097879161d271e529e8e747840ea846473dea8db7a52d476206033454599,2023-04,Surrey Police,Surrey Police,-0.406957,51.375154,On or near ,E01030366,Elmbridge 010C,Unable to prosecute suspect
00e4bb35e5e58d56c218c643e97494952c7b687b0d88212c4484646c34755aaf,2023-04,Surrey Police,Surrey Police,-0.556663,51.321530,On or near ,E01030954,Woking 008A,Unable to prosecute suspect
968d2924f48030215e21310902c7ac2bee247fdadca16cd09b6ebff21bc55fde,2023-04,Surrey Police,Surrey Police,-0.630254,51.321569,On or near Foxleigh Grange,E01030761,Surrey Heath 006A,Further investigation is not in the public interest
9b7fc8a234f7d51f72aae8b3eec1d2e5e1e013ab34492855620e8f699183ebfa,2023-04,Surrey Police,Surrey Police,-0.541089,51.325690,On or near Arnold Road,E01030982,Woking 004C,Further investigation is not in the public interest
af438de067b45a8af021117f9f28cd071934e39aebc39b50c253602b45ab641c,2023-04,Surrey Police,Surrey Police,-0.519578,51.432491,On or near ,E01030666,Runnymede 003D,Investigation complete; no suspect identified
36c2e75e2e9c7de276f7130f6c90148449db4d7416d297a2e798fcac2aa12025,2023-04,Surrey Police,Surrey Police,-0.803734,51.236883,On or near Eton Place,E01030901,Waverley 002E,Investigation complete; no suspect identified
2b50bc5de306204cb78b8f9b77880a5d3cb7aad4d747bef544e317c6661dcdb0,2023-04,Surrey Police,Surrey Police,-0.479819,51.136552,On or near Bax Close,E01030870,Waverley 013A,Unable to prosecute suspect
49cec1fba2ee7cfca48aa105160fe6351c7824dd0bc8a96c266783ef9d4c7a7a,2023-04,Surrey Police,Surrey Police,-0.510340,51.335617,On or near Regency Drive,E01031004,Woking 002E,Further investigation is not in the public interest
0b22e8e0c7042607d5c7497d36ffaaeb62605bbdba76314344952af71c99d872,2023-04,Surrey Police,Surrey Police,-0.578532,51.428293,On or near Sycamore Walk,E01030674,Runnymede 002D,Investigation complete; no suspect identified
95ce76d87633b855e2d40e2349d43a639cccd717322b0c59295cb3af1e935283,2023-04,Surrey Police,Surrey Police,-0.732937,51.087232,On or near Lion Mead,E01030928,Waverley 017C,Unable to prosecute suspect
49fbb78116ef58a5bd9e401b1d67422bd5c52f6f7eb644ce7613efcd3829fb7e,2023-04,Surrey Police,Surrey Police,-0.425674,51.419272,On or near Spelthorne Grove,E01030752,Spelthorne 008E,Action to be taken by another organisation
9801ef4da9dee794ca3e09659f5a8581b678d057c8c524f4f166f39073981fd6,2023-04,Surrey Police,Surrey Police,-0.754191,51.123071,On or near ,E01030935,Waverley 018E,Further investigation is not in the public interest
c8de6ea6a83ede72ccf09e744003aca06dfe8968e19b37c2b76751f8afff3c2f,2023-04,Surrey Police,Surrey Police,-0.612382,51.314115,On or near ,E01030960,Woking 009A,Investigation complete; no suspect identified
658bbe1db12d4596c9fa6a98fa8b69d8bc63e8b3ae01df5dab82407407f1c7f7,2023-04,Surrey Police,Surrey Police,-0.578173,51.235206,On or near Park Street,E01030449,Guildford 016B,Unable to prosecute suspect
a449d44accd53f78425b972e9fc8649e5f88d2ef44eba89d6356eefe78151578,2023-04,Surrey Police,Surrey Police,-0.530338,51.246197,On or near ,E01030462,Guildford 008C,Unable to prosecute suspect
c4ff5594e009db91072dbcdc519a62cefe0cd5ca8b396cf2052a7d477d3e81a8,2023-04,Surrey Police,Surrey Police,-0.434216,51.366664,On or near Netherby Park,E01030340,Elmbridge 011C,Further investigation is not in the public interest
3add9ed4de2dfb7b6db2f0d114c28fdc7aa03615f305fe64e5537a2a5b4089d9,2023-04,Surrey Police,Surrey Police,-0.170848,51.173586,On or near Brighton Road,E01030588,Reigate and Banstead 016E,Investigation complete; no suspect identified
6bcdf9320432daf9cda93516b58d4a0c92d9b1a1e1a22399ea526a960020fa82,2023-04,Surrey Police,Surrey Police,-0.599712,51.200889,On or near Silo Drive,E01030913,Waverley 005C,Action to be taken by another organisation
4e644b7ef3af36f7277d9488c044f2706b44a369c657d5571007bdaa01a7b929,2023-04,Surrey Police,Surrey Police,,,No location,,,Unable to prosecute suspect
4211803d49f30693620048fa58d79d2e411ef84a4831b6967d5822a4e92288de,2023-04,Surrey Police,Surrey Police,-0.748178,51.337321,On or near St Mary's Road,E01030795,Surrey Heath 008C,Investigation complete; no suspect identified
864c359e1aa11c44caf4e4a6ecae66ad9878f813dd48ca4a00d7714250bf1050,2023-04,Surrey Police,Surrey Police,-0.145777,51.260350,On or near ,E01030599,Reigate and Banstead 008A,Unable to prosecute suspect
313390cac2b32ba73a8a6d31517c17657549cce117b08d3461ca4fc5a2ee882e,2023-04,Surrey Police,Surrey Police,-0.694615,51.361114,On or near London Road,E01030759,Surrey Heath 002C,Investigation complete; no suspect identified
e9b71b684074c8fd9780e28860fa51245dbefb5026ff7d1573808bc3ea10da05,2023-04,Surrey Police,Surrey Police,-0.572784,51.148677,On or near Hoe Lane,E01030864,Waverley 012A,Further investigation is not in the public interest
e15c1d14f5d002edb1bd232c054d71c461048e724caf7d118f06b9bee3f9ac8e,2023-04,Surrey Police,Surrey Police,-0.469577,51.450409,On or near Hillingdon Avenue,E01030710,Spelthorne 002B,Investigation complete; no suspect identified
ca9b2fe227810acd219c06241459f94332c7e82a0ebc4448fd1564a2f611409a,2023-04,Surrey Police,Surrey Police,-0.729631,51.341437,On or near Gainsborough Close,E01030798,Surrey Heath 005C,Further investigation is not in the public interest
47776544553e457a68a7cf6181ecdcc7e48f2c769e25c0f9cc1ab7dfa8d66a6e,2023-04,Surrey Police,Surrey Police,-0.468357,51.451194,On or near Cranford Avenue,E01030709,Spelthorne 002A,Investigation complete; no suspect identified
749c6c79b020d372ab4a78e03f0163352e42070dffbacbdd6464620df554113b,2023-04,Surrey Police,Surrey Police,-0.541069,51.326319,On or near Eve Road,E01030982,Woking 004C,Investigation complete; no suspect identified
af79388ade7c22eca1f205ee6350102d845c49adbc140890bab6a5aefb8086e5,2023-04,Surrey Police,Surrey Police,-0.576622,51.239503,On or near Police Station,E01030451,Guildford 013C,Unable to prosecute suspect
80c9078bdf9201f66d887d9274040df4432ba2195592d5eac778d1010d26f076,2023-04,Surrey Police,Surrey Police,-0.559918,51.244559,On or near A3100,E01030438,Guildford 013A,Unable to prosecute suspect
365400de22d704a4a7d5832501470de1ed6163c235590b0e19224781ca32b923,2023-04,Surrey Police,Surrey Police,-0.630354,51.213554,On or near Fowlers Croft,E01030478,Guildford 017C,Unable to prosecute suspect
713f1ee71eb1dcc8e7c94169de215b21790cdf388a37ce9d895493fd4f2de2d3,2023-04,Surrey Police,Surrey Police,-0.580958,51.321566,On or near Leegate Close,E01030952,Woking 005B,Investigation complete; no suspect identified
42867fa3c6df99b80fe6d11cefe75e0f09536cf028dada585c0fbc076da2a50e,2023-04,Surrey Police,Surrey Police,-0.748178,51.337321,On or near St Mary's Road,E01030795,Surrey Heath 008C,Investigation complete; no suspect identified
ca776232c2cdb69de7fe9fce7d50f3db14e2d1588a2ab12aae6ce71dcef28b0c,2023-04,Surrey Police,Surrey Police,-0.730672,51.244413,On or near Greyhound Close,E01030424,Guildford 010A,Unable to prosecute suspect
72217804d883a1db47d71fc56560db15db939533ba12c30afb7dafe73de45d75,2023-04,Surrey Police,Surrey Police,-0.573861,51.244487,On or near Sycamore Road,E01030450,Guildford 013B,Unable to prosecute suspect
66774916f77f70b5c0fa1a2d25fdb23a61e9c687f2ab26a4d6478286d7761844,2023-04,Surrey Police,Surrey Police,-0.570634,51.237659,On or near Chertsey Street,E01030451,Guildford 013C,Unable to prosecute suspect
fa82d83eefcfe9bea304d749f31bcc55a25dc0e8aa894e9138e9804f852d96ac,2023-04,Surrey Police,Surrey Police,-0.549184,51.323389,On or near North Road,E01030983,Woking 004D,Unable to prosecute suspect
6ce4ecf10d9f1034697c4bb4763c33f2b893310b0fdc63d6a316ddfd1d7a8ec5,2023-04,Surrey Police,Surrey Police,-0.556767,51.320030,On or near Commercial Way,E01030954,Woking 008A,Investigation complete; no suspect identified
0de0367bf76a39f14b3e26d1d4c339279863bf063923f9c2976535779e5de833,2023-04,Surrey Police,Surrey Police,-0.557471,51.319330,On or near ,E01030954,Woking 008A,Investigation complete; no suspect identified
707efdea3a35b83ed7cc8cec8706e2e82b30436f4102ff5f764b58fdfa8d9196,2023-04,Surrey Police,Surrey Police,-0.642779,51.323630,On or near Mainstone Road,E01030761,Surrey Heath 006A,Unable to prosecute suspect
dc1d8cf10f7caea0cf94e59e8ff1b84caf75125de12955427b087093b1573e90,2023-04,Surrey Police,Surrey Police,-0.537445,51.325635,On or near Alpha Road,E01030982,Woking 004C,Investigation complete; no suspect identified
822a806b7627d8c3df60607734455cf9a4415b664700e9839174079e6a2b804b,2023-04,Surrey Police,Surrey Police,-0.476008,51.448748,On or near Clyde Road,E01030711,Spelthorne 002C,Investigation complete; no suspect identified
d4f315b9cc6220ee38a7bf1ee334074003ffe372c8a0e0ce4f4b3a13440df91a,2023-04,Surrey Police,Surrey Police,-0.327863,51.295376,On or near High Street,E01030550,Mole Valley 003C,Investigation complete; no suspect identified
5e1cc97c7c7c5726da2ad97b27d07ef069fb8f40cba1aadd32fd08c0d547bd6c,2023-04,Surrey Police,Surrey Police,-0.577656,51.236171,On or near Theatre/Concert Hall,E01030455,Guildford 013E,Investigation complete; no suspect identified
00d254fe8fdc51a7ee09ca0e43c34e5f30d6bd8108172a253a451681236cad92,2023-04,Surrey Police,Surrey Police,-0.541069,51.326319,On or near Eve Road,E01030982,Woking 004C,Investigation complete; no suspect identified
dfa2f592dfd842a03ccd8797449bb8f46e40c199cfbf809c452683f0484cedda,2023-04,Surrey Police,Surrey Police,-0.583217,51.300408,On or near Hook Hill Park,E01030999,Woking 010C,Investigation complete; no suspect identified
5f2ff7c915c4da45bdb5ce6190500239daa8edfa2cc8666b83231b451a3a4aca,2023-04,Surrey Police,Surrey Police,-0.330147,51.301992,On or near ,E01030550,Mole Valley 003C,Further investigation is not in the public interest
08e6ed6712a60df69b97e20710c819ae93b6b934fd3e4d87f3c41f4e0148f9f6,2023-04,Surrey Police,Surrey Police,-0.389413,51.378466,On or near Lyon Road,E01030365,Elmbridge 008D,Investigation complete; no suspect identified
3834fb3fbcfbae79bf12d63c1b1099507b20ab6beb310a431db3d0f77527915c,2023-04,Surrey Police,Surrey Police,-0.548011,51.213190,On or near Hornhatch Lane,E01030479,Guildford 017D,Unable to prosecute suspect
6c3c92f67c43fa865d385b8713b00b79e2e2a02ef44b9ab42c8bfcdf875d03f3,2023-04,Surrey Police,Surrey Police,-0.290468,51.329435,On or near ,E01030405,Epsom and Ewell 009C,Further action is not in the public interest
7b8e6e8ee5f2f22cb51fc6e6d9d4baf604262f203ea32c0be502eb9b66e8c14d,2023-04,Surrey Police,Surrey Police,-0.630354,51.213554,On or near Fowlers Croft,E01030478,Guildford 017C,Unable to prosecute suspect
c0392038f02a157c3965e6d5c189980087d316dc0def66560e4f4ee95b4d01ff,2023-04,Surrey Police,Surrey Police,-0.006066,51.257253,On or near Station Road West,E01030836,Tandridge 006C,Investigation complete; no suspect identified
74a1e811f0f5a2a4f9e637366096e9b9c855658c4c3a2b3cbc315671cc39681e,2023-04,Surrey Police,Surrey Police,-0.561455,51.308254,On or near Lucerne Close,E01030992,Woking 010B,Unable to prosecute suspect
dfb4d25bc71186a87f645c56e887ff934cf9135b02bd0cfbbff79c07ea26691a,2023-04,Surrey Police,Surrey Police,-0.541069,51.326319,On or near Eve Road,E01030982,Woking 004C,Investigation complete; no suspect identified
9d8c72cd17927109f4c599c01c7778c0728c1d7b6985ed2abf658a39ccbd3306,2023-04,Surrey Police,Surrey Police,-0.567218,51.425325,On or near ,E01030671,Runnymede 002A,Unable to prosecute suspect
1db214b4580c735316220b4607763a1466bad46eb23a8a7350d9d75051282dac,2023-04,Surrey Police,Surrey Police,-0.269907,51.333383,On or near ,E01030411,Epsom and Ewell 008B,Investigation complete; no suspect identified
fd86e85059cf6f44e80269a00773164b9a44679177fc5695a56a1171c2f2cc36,2023-04,Surrey Police,Surrey Police,-0.228386,51.348409,On or near Ewhurst Close,E01032624,Epsom and Ewell 010F,Unable to prosecute suspect
efc00813fc394946b53266982f24b518761ee0613e706e3049fbf09d5ee43205,2023-04,Surrey Police,Surrey Police,-0.198926,51.323320,On or near B2217,E01030560,Reigate and Banstead 002B,Unable to prosecute suspect
6796fa4d9d1576976d154700f45b816c1af14b2f468f0bb8a5894c4197d4120c,2023-04,Surrey Police,Surrey Police,-0.327776,51.375885,On or near Poplar Road,E01030319,Elmbridge 009A,Investigation complete; no suspect identified
5f84a775d8d7e4f2ac4f2a66dea7282ed8ef76d58c5835aeae5a5eff991c03f1,2023-04,Surrey Police,Surrey Police,-0.369510,51.408433,On or near Victoria Avenue,E01030330,Elmbridge 001A,Unable to prosecute suspect
43c1fff7600865d29de4cd5ab40f5f5a70e05796bbc6a3df3d8f4fc20b0c7ba8,2023-04,Surrey Police,Surrey Police,-0.556868,51.302181,On or near Westfield Close,E01030973,Woking 011C,Unable to prosecute suspect
0f0339f406bce9a4b3d8507bb2172b847779355c1431c5c9775cd7c1bbc56c1a,2023-04,Surrey Police,Surrey Police,-0.622364,51.315254,On or near Alanbrooke Close,E01030979,Woking 007E,Unable to prosecute suspect
5049769c3485f8446520a9b403edc3029ce4aaaccd8454061fdf1053e30d01ab,2023-04,Surrey Police,Surrey Police,,,No location,,,Unable to prosecute suspect
78c0066ca0b61d676ecd45f67a600177cc11f6be45c82790473b8ce822899f52,2023-04,Surrey Police,Surrey Police,-0.567218,51.425325,On or near ,E01030671,Runnymede 002A,Unable to prosecute suspect
ea3b63e793d0b1fe0ea7f283cbb8d8f7e3cc217190652e52f5b0b33122488128,2023-04,Surrey Police,Surrey Police,-0.784305,51.219139,On or near Guildford Road,E01030893,Waverley 003D,Investigation complete; no suspect identified
2146a36ffcbf1502680f2ae8bac5111161fd95a41d1e897fe0ee0bc84cbfeb68,2023-04,Surrey Police,Surrey Police,-0.004339,51.250452,On or near Quarry Road,E01030839,Tandridge 006F,Unable to prosecute suspect
171ba5cb8f7350690a100174586ef85131c04106c7d189bb46caca15e28fa9dc,2023-04,Surrey Police,Surrey Police,-0.748178,51.337321,On or near St Mary's Road,E01030795,Surrey Heath 008C,Unable to prosecute suspect
ea63064ac4366cd2389f30cd8aae3cbfe63adbee28d641ff1eddfb954999eaae,2023-04,Surrey Police,Surrey Police,-0.398835,51.270587,On or near Crossways,E01030447,Guildford 003G,Unable to prosecute suspect
9facf93931243c2aa2f61445bbc2e7e93fcbc25eec96cdf565633dd7fa9a0875,2023-04,Surrey Police,Surrey Police,-0.553933,51.321173,On or near Stanley Road,E01030954,Woking 008A,Unable to prosecute suspect
8b447517758f43969df9524a826749cddd4bdcfd8505f2a7f60fdf2a5780e0af,2023-04,Surrey Police,Surrey Police,-0.573538,51.235014,On or near Chapel Street,E01030455,Guildford 013E,Investigation complete; no suspect identified
f443352c0cd2f874725e3213a6c807c8316ad2146b946c7e92814601be3fdded,2023-04,Surrey Police,Surrey Police,-0.751189,51.330051,On or near Chillingham Way,E01030804,Surrey Heath 008E,Further investigation is not in the public interest
99d071d4e690c5896e9ad8aa18813fb465b66daa86320b2fab54826a22edc208,2023-04,Surrey Police,Surrey Police,-0.570308,51.260181,On or near Woodlands Road,E01030482,Guildford 007B,Unable to prosecute suspect
5e10559b539bc6de261e7b3ea4b1d8bf757cd1e82d90d1e49d052c6ac6f500ba,2023-04,Surrey Police,Surrey Police,-0.576937,51.237646,On or near Onslow Street,E01030452,Guildford 015A,Investigation complete; no suspect identified
cfe557a0dc26a7a9beebbfc3788383cfd8e44380ce629497963df0f0b03e3acf,2023-04,Surrey Police,Surrey Police,-0.609313,51.324038,On or near Barr's Lane,E01030975,Woking 007B,Unable to prosecute suspect
716ca975059d657df253f6cf6410ad1487be8fa73fec5b1a43d2d02c2830b5cc,2023-04,Surrey Police,Surrey Police,-0.170918,51.238291,On or near Lower Bridge Road,E01030615,Reigate and Banstead 010A,Investigation complete; no suspect identified
fd6f9338e0328f3ad07ac54e796fecc5c39ec0fd2091c52b0fc3d82784b8110d,2023-04,Surrey Police,Surrey Police,-0.476463,51.453673,On or near Britannia Way,E01030746,Spelthorne 002D,Investigation complete; no suspect identified
d7aeadab8a421e6922f72ea3f69c2f157f181156396627aafb794ec781ea80c3,2023-04,Surrey Police,Surrey Police,-0.251030,51.347311,On or near Ewell House Grove,E01030392,Epsom and Ewell 010C,Investigation complete; no suspect identified
125d62d85c8d5dfebef15b130a5039415b35bf29be0270509d7cf7a1aa356ab8,2023-04,Surrey Police,Surrey Police,-0.727289,51.283412,On or near Lake Avenue,E01030785,Surrey Heath 012D,Unable to prosecute suspect
8c64ed9a1c11d9042607d22cf3e54da8a4cbacef02cd335aac4befcef387e6da,2023-04,Surrey Police,Surrey Police,-0.451792,51.374541,On or near Catherine Howard Court,E01030371,Elmbridge 012A,Unable to prosecute suspect
2d92137c0b07f060949b10b0c3cd9b6f309bcdd0c8ed65812e6acd537ef03639,2023-04,Surrey Police,Surrey Police,-0.451792,51.374541,On or near Catherine Howard Court,E01030371,Elmbridge 012A,Unable to prosecute suspect
f99e0a129380051ce86d436963c7040a21d616c7a6d9fe4d561f493e1ce885c3,2023-04,Surrey Police,Surrey Police,-0.456149,51.397493,On or near Greeno Crescent,E01030724,Spelthorne 012D,Unable to prosecute suspect
ccf2cf80b612e7b4aa20dffa74c53b9d3553ada04716dd53272e398fabee37c1,2023-04,Surrey Police,Surrey Police,-0.423574,51.419271,On or near Forest Drive,E01030752,Spelthorne 008E,Further investigation is not in the public interest
dbed61c54ea5c422d6a0818579b0ffdf659b693912bfbae188812d9f06f49c61,2023-04,Surrey Police,Surrey Police,-0.258391,51.372851,On or near Northcliffe Close,E01030386,Epsom and Ewell 001A,Investigation complete; no suspect identified
5e45c9a698ce27580d7c19873b713418e85ff771f921b3d92bc42d7e8255078d,2023-04,Surrey Police,Surrey Police,-0.748623,51.323082,On or near Watchetts Drive,E01030805,Surrey Heath 008F,Action to be taken by another organisation
8ba5bda3acfef33e0ecd91b70f08f51a7bef6fd5a2a0af186bd1f94437c26d70,2023-04,Surrey Police,Surrey Police,-0.611165,51.319752,On or near Nursery Road,E01030974,Woking 007A,Unable to prosecute suspect
47de0b9ff041bd0a214f18d4008fef0fe1a2439d1421afde6a2d3d5cc796b8dd,2023-04,Surrey Police,Surrey Police,-0.282914,51.361010,On or near Carnforth Close,E01030401,Epsom and Ewell 005C,Investigation complete; no suspect identified
85817268f36290451033f65a2551bb2d5fa43c0419881def02e323ed5cb4fd5c,2023-04,Surrey Police,Surrey Police,-0.407671,51.407186,On or near Parking Area,E01030753,Spelthorne 010A,Investigation complete; no suspect identified
f59615e6ccdb823bed3bae70d5b576a8e9a216142e9ccf5c355fed8fad3ce06b,2023-04,Surrey Police,Surrey Police,-0.708671,51.096741,On or near Weycombe Road,E01030932,Waverley 016C,Investigation complete; no suspect identified
b9c26e498f54f47d8d9733a380b1ea535554b23744eea0f5f771466af9b69976,2023-04,Surrey Police,Surrey Police,-0.015690,51.176497,On or near College Close,E01030835,Tandridge 010E,Investigation complete; no suspect identified
8f5f74c0a85e8b0d130365515209ec1c4522b6c83408fc068864f03b7783e2a4,2023-04,Surrey Police,Surrey Police,-0.545229,51.198363,On or near Lawnsmead,E01030863,Waverley 008A,Suspect charged
b42c570f5936f74933ac625fb6898093cd24ab94928b5234891d31953d7b42c7,2023-04,Surrey Police,Surrey Police,-0.480258,51.339295,On or near Derisley Close,E01030946,Woking 001A,Unable to prosecute suspect
2a89f5b4bfc82f9b025dacf9bfb58ff64d710abae53a713147137491f52c2d3f,2023-04,Surrey Police,Surrey Police,-0.487752,51.457452,On or near Park Road,E01030743,Spelthorne 001A,Investigation complete; no suspect identified
9edda4083e1add5769b87b2016d8a5364676ffe3828b461a6586ee4f4f3c4b57,2023-04,Surrey Police,Surrey Police,-0.577656,51.236171,On or near ,E01030455,Guildford 013E,Unable to prosecute suspect
9b1e6ddbc5b5fa1cc255b515b7c79a4db6f7abdb957e97df6e99192d7f73ea50,2023-04,Surrey Police,Surrey Police,-0.269907,51.333383,On or near ,E01030411,Epsom and Ewell 008B,Investigation complete; no suspect identified
07e5b03f317c87f1853dfc4c18768201e9c23e2ca0ad918f4bd9cdf90ba54c29,2023-04,Surrey Police,Surrey Police,-0.323454,51.302220,On or near Cressall Close,E01030550,Mole Valley 003C,Unable to prosecute suspect
01960fb19acdb1ed42207b68019f11ac839451880625765995bf7370109fc684,2023-04,Surrey Police,Surrey Police,-0.071583,51.301283,On or near Southview Road,E01030859,Tandridge 002C,Investigation complete; no suspect identified
cb2f5a530f91dd8f2872dfdf64e73f6a077405965dcf0e48498a54d4c988287e,2023-04,Surrey Police,Surrey Police,-0.526886,51.376993,On or near ,E01030677,Runnymede 008A,Investigation complete; no suspect identified
fedb54ae62cea406f6544b9adc4530bc1851cdbf3ae8f43498ee1d5d70a1fae7,2023-04,Surrey Police,Surrey Police,-0.166825,51.249000,On or near Mead Close,E01030618,Reigate and Banstead 010D,Unable to prosecute suspect
9bf493ac94dd54031801a0e00679cae5e88f9dd26a5de299baf26501c3e57740,2023-04,Surrey Police,Surrey Police,-0.723892,51.322689,On or near Heathercot,E01030790,Surrey Heath 009B,Investigation complete; no suspect identified
c51ddadcdf0fe5942a1220cc9ead85dbff7100abc4627c2b72e28326bdf5ccdb,2023-04,Surrey Police,Surrey Police,-0.334312,51.303058,On or near Gaveston Road,E01030548,Mole Valley 003A,Unable to prosecute suspect
bf05de32942789334ef23be790d7002b388c9f7e27b4e58bc10b08ec622d9609,2023-04,Surrey Police,Surrey Police,-0.482478,51.141785,On or near Brookside,E01030872,Waverley 013C,Investigation complete; no suspect identified
cdc858df3a0955fab8e51cc04056d1871dd47ade49ce54c965b5b565ff773a35,2023-04,Surrey Police,Surrey Police,-0.580818,51.235373,On or near Parking Area,E01030452,Guildford 015A,Investigation complete; no suspect identified
ebcf67e03e8815afc1238eec41bb1a7c434526089cc0360aa7a2110ef23a9dc3,2023-04,Surrey Police,Surrey Police,-0.443832,51.369058,On or near High Pine Close,E01030338,Elmbridge 011A,Local resolution
b74c741c0d13efd8917fb34fcfaf356b01c107787fca6dfe21d2ee34ab344875,2023-04,Surrey Police,Surrey Police,-0.544133,51.428932,On or near Elwell Close,E01030667,Runnymede 001A,Investigation complete; no suspect identified
1d067286fc9413e425cbf86044e719d7cd98d21cca7cef6c4b6fb43413f1ad3d,2023-04,Surrey Police,Surrey Police,-0.519566,51.325492,On or near Donne Gardens,E01030996,Woking 002A,Investigation complete; no suspect identified
bf2a2e11d29106466010fb9a560104e14b02ad733571b1472ee97ef0479f5253,2023-04,Surrey Police,Surrey Police,-0.603515,51.186358,On or near Supermarket,E01030916,Waverley 007A,Investigation complete; no suspect identified
8cebd225704ec68264228b58a27549e2c27e47da63e7cb8c9fe30abaaee39aee,2023-04,Surrey Police,Surrey Police,-0.722280,51.245329,On or near Littlefield Close,E01030425,Guildford 014D,Investigation complete; no suspect identified
aec5dfe4abc9ef395dd35287f593a2d6485c22b300dc3f7277e0fb299ca57e9c,2023-04,Surrey Police,Surrey Police,-0.498766,51.369541,On or near ,E01030648,Runnymede 007B,Unable to prosecute suspect
c36e822bdcd6199f31b75966f17fc10c5f8c1d92a3d0b29760e77a6b4a7f20ea,2023-04,Surrey Police,Surrey Police,-0.570366,51.239832,On or near York Road,E01030457,Guildford 013F,Further investigation is not in the public interest
c989dd3b30a314e20c9c6243dc5aae1659213d40ca39d08f06a9940eff4ad9a8,2023-04,Surrey Police,Surrey Police,-0.317920,51.236566,On or near Reigate Road,E01030537,Mole Valley 010C,Unable to prosecute suspect
0408b1267894ae7c9ba8ce23746f9b05db52fc395fef9db378299a4b12d8324b,2023-04,Surrey Police,Surrey Police,-0.163864,51.248882,On or near Mallard Close,E01030611,Reigate and Banstead 011B,Local resolution
f9d6c48f5e3256162c516f2dfe446054ddcc4ce72ea6c4ca0233da06c4293702,2023-04,Surrey Police,Surrey Police,-0.730772,51.084667,On or near ,E01030928,Waverley 017C,Unable to prosecute suspect
a23901565ad76ff225c0be04c5e57e7720ded2e2b9d557a834e35971ca8ddd7d,2023-04,Surrey Police,Surrey Police,-0.618328,51.316321,On or near ,E01030976,Woking 007C,Unable to prosecute suspect
de624d9c672b2677ff90a4a8b788dea5bebabf5e6e21a6fbe08b4b21c3d65422,2023-04,Surrey Police,Surrey Police,-0.301734,51.306511,On or near Parker's Hill,E01030509,Mole Valley 001C,Further investigation is not in the public interest
1cd51bd120b56bc2e30eb3326230d966713d8bcd96560df9e7bf48a81d4ca211,2023-04,Surrey Police,Surrey Police,-0.507532,51.344277,On or near Little Orchard,E01030693,Runnymede 010D,Action to be taken by another organisation
888980bdb88311f563a8d348ba46de8b0f84fad9f4a893c95f5f003de2eb0c16,2023-04,Surrey Police,Surrey Police,-0.480332,51.449425,On or near Buttercup Square,E01030745,Spelthorne 001C,Investigation complete; no suspect identified
ff71d491261fe35ce4b0163f26f4111a3f3dc8b0aa6ace02ee401dcabca0ebbd,2023-04,Surrey Police,Surrey Police,-0.557702,51.281068,On or near Sutton Green Road,E01030987,Woking 012E,Investigation complete; no suspect identified
99d00db16604d6e339b520bbccb880a3a9d72eecd283a32cc4d4eb2ff9e6f042,2023-04,Surrey Police,Surrey Police,,,No location,,,Unable to prosecute suspect
35dad13b06b8c587598e664feed7e9902d5e10cdca071630b63e957d6a5e2a61,2023-04,Surrey Police,Surrey Police,-0.163007,51.218949,On or near Hospital,E01030572,Reigate and Banstead 014C,Investigation complete; no suspect identified
2605cbd4b0f79a72345fcea797fce4f4e25371100806ae43ec4ad6421e13066a,2023-04,Surrey Police,Surrey Police,-0.464988,51.221240,On or near London Lane,E01030491,Guildford 018B,Local resolution
f37f879388e56a5c9042df84ba072ccf2697d75f8c9f3e7f0b4a5291e0b09643,2023-04,Surrey Police,Surrey Police,-0.495135,51.368569,On or near Addlestone Park,E01030645,Runnymede 009A,Unable to prosecute suspect
5278bb210b143cd4f2b94bc2cb9ea6d617aeb20a61a67063e85262f6509d27b9,2023-04,Surrey Police,Surrey Police,-0.167220,51.212027,On or near Brookfield Close,E01030571,Reigate and Banstead 014B,Investigation complete; no suspect identified
46146635fbca76875ce96f14b564c24af9320cc0bbdd36bdb9100cdeaac7379b,2023-04,Surrey Police,Surrey Police,-0.578593,51.236461,On or near Bridge Street,E01030452,Guildford 015A,Unable to prosecute suspect
b6fb3ccf8212d07728837736a3ff6bab8a39c2f198e5b3e9c940c34ef12b2ff7,2023-04,Surrey Police,Surrey Police,-0.315150,51.309618,On or near The Murreys,E01030511,Mole Valley 002C,Investigation complete; no suspect identified
4fb763e0d27d1405500666686421fd5598468c81b8e4984e1fb832d0696932e0,2023-04,Surrey Police,Surrey Police,-0.501443,51.367211,On or near Fernbank Road,E01030660,Runnymede 009C,Unable to prosecute suspect
380418e597e747a6510b344bec6842a2000f4e1c800c0c528ce2a55715287520,2023-04,Surrey Police,Surrey Police,-0.559460,51.243178,On or near Ennismore Avenue,E01030438,Guildford 013A,Unable to prosecute suspect
3126c537c83ecfd394d386b11edd37f2c8196411d8dafceaeb416d4610697ef6,2023-04,Surrey Police,Surrey Police,-0.474629,51.452984,On or near Frobisher Crescent,E01030746,Spelthorne 002D,Unable to prosecute suspect
e1a5a9f8a7ac9c2ee3b1594505cdff1097617eb5309cf7af12629c6acf0e79b3,2023-04,Surrey Police,Surrey Police,-0.545712,51.431797,On or near Supermarket,E01030668,Runnymede 001B,Unable to prosecute suspect
520ab75813e6e6d0e3f2430ec422abb097f3251ceb31e7186b07aa16138a0584,2023-04,Surrey Police,Surrey Police,-0.280209,51.359963,On or near Oak Tree Close,E01030401,Epsom and Ewell 005C,Investigation complete; no suspect identified
020c6bb0b8a09391b1449b2edfe991b6ef3a4fef8a20b95d8c4bcb6bb80b4f43,2023-04,Surrey Police,Surrey Police,-0.552143,51.432170,On or near Fairhaven,E01030668,Runnymede 001B,Suspect charged
6d15bb00b8f627040d0e47567828add002ff8ec6bb841e16a740f76e0bfb28c6,2023-04,Surrey Police,Surrey Police,-0.270173,51.344232,On or near Tonstall Road,E01030385,Epsom and Ewell 007A,Investigation complete; no suspect identified
dfbf7d58e774f5cf780dc0fef875ba013427fc44a5f3ae8bc79d2e5d287bbcb5,2023-04,Surrey Police,Surrey Police,-0.551924,51.323450,On or near Board School Road,E01030983,Woking 004D,Further action is not in the public interest
d08ebae1d6e3933e9ed039b64b589f2c09af07e48de9ccdd444ed4351514b91c,2023-04,Surrey Police,Surrey Police,-0.487779,51.119560,On or near Knowle Lane,E01030876,Waverley 013G,Suspect charged
5f21a96e8555f112d39ae139608d68396d9aafac5c69a52b09a062e4f7481859,2023-04,Surrey Police,Surrey Police,-0.233429,51.326687,On or near Reigate Road,E01030605,Reigate and Banstead 001C,Investigation complete; no suspect identified
f46d01ce04522966b2cf207248efa92fe04433ce1614a5d50a625a50aa97465b,2023-04,Surrey Police,Surrey Police,,,No location,,,Unable to prosecute suspect
77e02d24b3b5d82ac8fb2a2ec4725398574417381c83ec365cc67eeb563f9c90,2023-04,Surrey Police,Surrey Police,-0.498355,51.381676,On or near Harrow Close,E01030651,Runnymede 007E,Investigation complete; no suspect identified
8896b20dca69da2e3b759ecf89b7e650608ee5ab7c8eabb5e30e4e3ef1a87c52,2023-04,Surrey Police,Surrey Police,-0.456299,51.436171,On or near Parkland Road,E01030703,Spelthorne 005C,Unable to prosecute suspect
6a093fb050f6217cd33a9a29f154bdbbd63830f16050c43dde5a35af47561894,2023-04,Surrey Police,Surrey Police,-0.326906,51.295264,On or near Elm Road,E01030552,Mole Valley 004B,Investigation complete; no suspect identified
6bfc4fe16645dba2f864eb71deb225270f3f079c308b8bd0da45b16c56559ec3,2023-04,Surrey Police,Surrey Police,-0.212289,51.270485,On or near Petrol Station,E01030590,Reigate and Banstead 007B,Investigation complete; no suspect identified
22270482b33e06dd5ece16c2fd03b53306d7647bf751efa0b346bff38b9d9744,2023-04,Surrey Police,Surrey Police,-0.333928,51.234501,On or near ,E01030532,Mole Valley 009A,Further investigation is not in the public interest
3a0897668755e7d19ae71359ff1a0e40f79af1e8ffee2907b664a2f8387c4568,2023-04,Surrey Police,Surrey Police,-0.588924,51.311717,On or near St John's Hill Road,E01031001,Woking 010D,Unable to prosecute suspect
83c3b9da88486c57761fc70a7b67afd9c799088b197c2179e5124e2a9830adad,2023-04,Surrey Police,Surrey Police,-0.188695,51.336732,On or near Prison,E01030563,Reigate and Banstead 002E,Unable to prosecute suspect
a1c90a9882b7adce4eeec8c5c202b24bbe4317ca07ea14426036deb47e889c8d,2023-04,Surrey Police,Surrey Police,-0.417589,51.385181,On or near Church Walk,E01034286,Elmbridge 007F,Investigation complete; no suspect identified
1020a706c1d77a895b4b9fe0b3c73f4ae78284eef006c131042fed9c5aa17da4,2023-04,Surrey Police,Surrey Police,-0.149703,51.165015,On or near Thomas Waters Way,E01030583,Reigate and Banstead 017D,Further investigation is not in the public interest
99abcf5f783fd04d9b114a0b81c3fed41ebb0a498b6a67a61be1f2f7c44a5fbd,2023-04,Surrey Police,Surrey Police,-0.555581,51.319862,On or near Addison Road,E01030954,Woking 008A,Investigation complete; no suspect identified
9c44286ece7c58e5d9b0e310c22f29fcc319fc29f9098dac5c80a58128b00e75,2023-04,Surrey Police,Surrey Police,-0.420331,51.412402,On or near Sutherland Avenue,E01030718,Spelthorne 011B,Unable to prosecute suspect
7310460325213d45c633ad90caaa30042a096b892badc41eefc3282a36c127a6,2023-04,Surrey Police,Surrey Police,-0.578173,51.235206,On or near Park Street,E01030449,Guildford 016B,Investigation complete; no suspect identified
e78cb05f4f81b37f06a1cac316d188fec1e397f6bddebef8d4dd30c710df0cec,2023-04,Surrey Police,Surrey Police,-0.558646,51.429885,On or near Kinburn Drive,E01030672,Runnymede 002B,Unable to prosecute suspect
9810fa0c10bd0bbf49b056ab47f6d8a7f2e80b9299a7fd8878e32f1d9c1aa136,2023-04,Surrey Police,Surrey Police,-0.578762,51.255617,On or near Larch Avenue,E01030483,Guildford 007C,Action to be taken by another organisation
5739b475a390ff0a40b5c0547a385dd60a4dd8a1bd0a43816e2525e9bf6f6b6a,2023-04,Surrey Police,Surrey Police,-0.730333,51.086604,On or near ,E01030928,Waverley 017C,Investigation complete; no suspect identified
602b6250c9ed9e7ec6c46fedfe0621ed145a9dd9127bd23c5a9cfbbdeb018816,2023-04,Surrey Police,Surrey Police,-0.326400,51.216445,On or near Goodwyns Road,E01030547,Mole Valley 011D,Unable to prosecute suspect
70bc7b6e72f782aebab336d4e36d123f10c694f5d0595c7c2f1e7e93b00afd24,2023-04,Surrey Police,Surrey Police,-0.576204,51.247933,On or near ,E01030450,Guildford 013B,Investigation complete; no suspect identified
75396ff278847c86bb0e0b047926cf48f1a0d7af3171497060572922a265970f,2023-04,Surrey Police,Surrey Police,-0.429130,51.382207,On or near Tower Grove,E01030341,Elmbridge 011D,Investigation complete; no suspect identified
89584ffae20dc1b4a73a1ec9e45d19fd0a664bd844c4e1f60f9496671214877a,2023-04,Surrey Police,Surrey Police,-0.431582,51.215690,On or near Guildford Road,E01030555,Mole Valley 012B,Unable to prosecute suspect
73bf179d76448c931b7cea4a6e15bffdf8c8100e67b28bbc895347e15b670920,2023-04,Surrey Police,Surrey Police,-0.562774,51.237050,On or near Hunter Road,E01030455,Guildford 013E,Action to be taken by another organisation
ddeb35ea6dca34b90a3a66f841aa6b71b444dcce8f2ba38ecbe65f48babe269f,2023-04,Surrey Police,Surrey Police,-0.566748,51.258546,On or near Slyfield Green,E01030484,Guildford 007D,Unable to prosecute suspect
f57ac7974f8442f02bee59119d73303002007561f498e9cf1204a966a1f9d5dc,2023-04,Surrey Police,Surrey Police,-0.045571,51.158016,On or near Park/Open Space,E01030823,Tandridge 011E,Investigation complete; no suspect identified
9041b85f90442dee28d939db2b189a134ac2bd890474cabd86b7236f4f1861ca,2023-04,Surrey Police,Surrey Police,-0.724844,51.241715,On or near Hammersley Drive,E01030425,Guildford 014D,Investigation complete; no suspect identified
40a8549b11daae2e200d4f2f762f9b7d39bac1e9f48ba5892f769bb145d5e34d,2023-04,Surrey Police,Surrey Police,-0.406121,51.389297,On or near Nightingale Road,E01030361,Elmbridge 004A,Further action is not in the public interest
ec412629ab8e5b2981b24b8ad9b6b75701812de15d3d57e07ce518f1040645e2,2023-04,Surrey Police,Surrey Police,-0.067177,51.318728,On or near Tithepit Shaw Lane,E01030856,Tandridge 002B,Unable to prosecute suspect
576f76b2d515fde935eee0975b181a142e918277f274253e9087af5828048ce0,2023-04,Surrey Police,Surrey Police,-0.558135,51.317124,On or near Station Approach,E01030993,Woking 008E,Unable to prosecute suspect
95564107674dde8dfd3732d1780c28adfbd2fdfe94ddb8f6cfa2fee60cc05657,2023-04,Surrey Police,Surrey Police,-0.783063,51.221167,On or near Coverts Close,E01030893,Waverley 003D,Unable to prosecute suspect
d98f7f60864ab94db76d623ca0af4ba99af3bb7d7360fbfe61270a00390b18c9,2023-04,Surrey Police,Surrey Police,-0.329505,51.234313,On or near Hart Road,E01030532,Mole Valley 009A,Investigation complete; no suspect identified
431abbee1b609811acd4a5b281ce6efba8476627cdbb8304cd2f32dd167b3bab,2023-04,Surrey Police,Surrey Police,-0.333928,51.234501,On or near ,E01030532,Mole Valley 009A,Investigation complete; no suspect identified
2c7a755bfbaa91e7b12fddac2ce4a56c61a4a2d9e9c4953efe7143c3cab13dc4,2023-04,Surrey Police,Surrey Police,-0.207447,51.322704,On or near The Horseshoe,E01030560,Reigate and Banstead 002B,Unable to prosecute suspect
fdee2846ffe59d3a3dc450428b87b7666c9c504aec189ae8febd3df165ce99a4,2023-04,Surrey Police,Surrey Police,-0.557643,51.320014,On or near Church Path,E01030954,Woking 008A,Unable to prosecute suspect
a3095cb33257b846bbec45c882f3a79ce8f7b860fa12e0fc401b2cdcbf17649d,2023-04,Surrey Police,Surrey Police,-0.327734,51.305239,On or near Barnett Close,E01030549,Mole Valley 003B,Investigation complete; no suspect identified
f196fe77f3a734969293dfbb742bf48a6922d0216b72cb72a8365b2a5900267b,2023-04,Surrey Police,Surrey Police,-0.515887,51.429612,On or near Farm Close,E01030663,Runnymede 003A,Unable to prosecute suspect
9830d0d3ae06d85b25faa3fb7485614536076fe411ebf7a82057a9c14c3375db,2023-04,Surrey Police,Surrey Police,-0.548685,51.306468,On or near ,E01030972,Woking 011B,Local resolution
835c8501260515a807f3d60c9b1d08b6a3798e23e20a8a18fdea58480741d1b8,2023-04,Surrey Police,Surrey Police,-0.269862,51.348669,On or near Hazel Close,E01030383,Epsom and Ewell 005A,Further action is not in the public interest
e799af71134018c64d04e588265237a15f69fb0c1e276681de8154ec18a99685,2023-04,Surrey Police,Surrey Police,-0.504111,51.461178,On or near Hithermoor Road,E01030747,Spelthorne 001D,Investigation complete; no suspect identified
3bc1480b16322dd74dd5d90222611b57ad4d7b1a430920f96bdb77572d2ed6dc,2023-04,Surrey Police,Surrey Police,-0.503912,51.351389,On or near Manor Drive,E01030696,Runnymede 010G,Unable to prosecute suspect
adfff2ba6f54d7afb2bf9112cf7c8f72ad9c37ca6195ba62b04064d72247e974,2023-04,Surrey Police,Surrey Police,-0.536160,51.329945,On or near Bentham Avenue,E01034293,Woking 004G,Investigation complete; no suspect identified
fcad6026d3055bbcf255dcf6fae83b99d3369453b110ee0a39ee9eaccceb7425,2023-04,Surrey Police,Surrey Police,-0.238655,51.332629,On or near Reigate Road,E01030396,Epsom and Ewell 010D,Unable to prosecute suspect
7c9bc77391eca9c14b19e467979c624152be341ccb32c2cf0dbddecdede072c7,2023-04,Surrey Police,Surrey Police,-0.539297,51.302584,On or near Townsend Lane,E01030994,Woking 011D,Investigation complete; no suspect identified
e67431a58fdb93662feef0c7d722447494756a68e1cecc0c5c12cc544325b574,2023-04,Surrey Police,Surrey Police,-0.547522,51.236925,On or near Kyngeshene Gardens,E01030437,Guildford 011B,Investigation complete; no suspect identified
c8a75e21be69ce9fd08d38327023f6538a8c34fbfe40ad93ae33d3ac608ef113,2023-04,Surrey Police,Surrey Police,-0.440853,51.155275,On or near Links Close,E01030880,Waverley 015E,Investigation complete; no suspect identified
cc0abdd01c8b924c3413c3149577eaf0ce593f8d8b328f9b946f0c572949ff06,2023-04,Surrey Police,Surrey Police,-0.565188,51.297581,On or near Greenmeads,E01030986,Woking 012D,Unable to prosecute suspect
5c9ff4ee8bb25fa33085339db873c93a61577da130784f006b143f42037c3a76,2023-04,Surrey Police,Surrey Police,-0.727217,51.234664,On or near West Ring,E01030423,Guildford 014C,Further investigation is not in the public interest
a51db6f13b47873b3b2dc1af68921293652219e048270363f4524e5702f01b60,2023-04,Surrey Police,Surrey Police,-0.763868,51.334169,On or near Bracebridge,E01030793,Surrey Heath 008A,Investigation complete; no suspect identified
be6fffd83f7ff147033a094d3cf418038c2b27a5763acc05c0aa7b7eeb726695,2023-04,Surrey Police,Surrey Police,-0.503599,51.260120,On or near ,E01030440,Guildford 001A,Unable to prosecute suspect
dd241c81346b17d5f5bc272bd61cd8095deac670b31d978a59765be305aab5d6,2023-04,Surrey Police,Surrey Police,-0.584088,51.236186,On or near Genyn Road,E01030452,Guildford 015A,Unable to prosecute suspect
67ebfea3c332b4a9d107650e71cfd6413c89ee613053b759b675d486acbd971f,2023-04,Surrey Police,Surrey Police,-0.211667,51.320089,On or near Hurley Close,E01030607,Reigate and Banstead 001D,Investigation complete; no suspect identified
457eaa66b946f64dbe25b9c7bdff10f875334cc3a5134ef4010d9bb0a991e43f,2023-04,Surrey Police,Surrey Police,-0.453148,51.431912,On or near Oakfield Road,E01030703,Spelthorne 005C,Unable to prosecute suspect
98a74fa72ab359988710744fc008ea27b269f830f6780f8d4dd2a90cc333da28,2023-04,Surrey Police,Surrey Police,-0.168968,51.230041,On or near Earlsbrook Road,E01030574,Reigate and Banstead 014E,Unable to prosecute suspect
8d043accb4455ab4572f221475d82d08e359c502c32d81acd9bda84f9df7f186,2023-04,Surrey Police,Surrey Police,-0.510239,51.434333,On or near High Street,E01030736,Spelthorne 004C,Investigation complete; no suspect identified
2cea4a43b034200ac240f26827afbdcdf5bf26c580e371e47f67e5307654b587,2023-04,Surrey Police,Surrey Police,-0.329505,51.234313,On or near Hart Road,E01030532,Mole Valley 009A,Investigation complete; no suspect identified
b7b5146b0f21c7cf088719704e4879f94c4db7cf580844279cec8eeabde4564d,2023-04,Surrey Police,Surrey Police,-0.458268,51.446502,On or near London Road,E01030709,Spelthorne 002A,Unable to prosecute suspect
e8740b7705885dfb8b2dcbc869aba5b4449689069dd2ecf2f3ed7c2ff8669e34,2023-04,Surrey Police,Surrey Police,-0.618328,51.316321,On or near ,E01030976,Woking 007C,Unable to prosecute suspect
eba0ff2cfde3c92ebbf1fec3bdc8d5977f304c50d9f169fc75b8f6d77118e5f0,2023-04,Surrey Police,Surrey Police,-0.795690,51.214131,On or near South Street,E01030885,Waverley 003B,Investigation complete; no suspect identified
2ffbb8af35027e25f7dbae73cdd670c4d7944450269c848aef30e6335b20a1d5,2023-04,Surrey Police,Surrey Police,-0.375214,51.259911,On or near ,E01030521,Mole Valley 007B,Unable to prosecute suspect
0f21c545c725360b4cb3747ff60ff96a1e95de13da76d056e68465e23fd8b5e7,2023-04,Surrey Police,Surrey Police,-0.576937,51.237646,On or near Onslow Street,E01030452,Guildford 015A,Unable to prosecute suspect
f59eafab82faf590ab492542d6f99e8fb082c0c9cf5aee89a59200600736d32b,2023-04,Surrey Police,Surrey Police,-0.559739,51.319068,On or near ,E01030954,Woking 008A,Investigation complete; no suspect identified
274eb057984e08e8c84a11b41ebdfadcb8cfca881b760974b843954cceb683b0,2023-04,Surrey Police,Surrey Police,,,No location,,,Unable to prosecute suspect
e2c992fa55f332391f9598524a3b9ea9b192153a66d19c9f58bfcff0b4f6ffb3,2023-04,Surrey Police,Surrey Police,-0.514475,51.355570,On or near Brox Lane,E01030661,Runnymede 009D,Investigation complete; no suspect identified
4f78c177c24c823703f25ebdec90742488da5a8112b70fede630bfc046f86dc9,2023-04,Surrey Police,Surrey Police,-0.130942,51.167370,On or near Peeks Brook Lane,E01030583,Reigate and Banstead 017D,Investigation complete; no suspect identified
f5226f9c0e492e38f3db422f5d1196146c096bfe17af65f4534048ea0c3d46f4,2023-04,Surrey Police,Surrey Police,-0.165514,51.182171,On or near Benhams Drive,E01030576,Reigate and Banstead 018B,Unable to prosecute suspect
12811cf438e6df069503456e524840fb56ec4d3cb404bbbaf420be3489eb24d6,2023-04,Surrey Police,Surrey Police,-0.557471,51.319330,On or near ,E01030954,Woking 008A,Investigation complete; no suspect identified
d6ef2a9895db907726b605c4ef2ebd2fa0ace4ce30444d25ed53fd81c03b8c91,2023-04,Surrey Police,Surrey Police,-0.576662,51.236833,On or near ,E01030452,Guildford 015A,Unable to prosecute suspect
c7c619c9224fccfc7a13080361a6d749b1d5afa0b3ceb90d4cbcd5d1e2712c82,2023-04,Surrey Police,Surrey Police,-0.259049,51.378212,On or near Royal Close,E01030388,Epsom and Ewell 001C,Further investigation is not in the public interest
436112d2cc9a9f5bf51cb67cbae076e2383d08e02a02c61b8b35cb23ff9ec8e8,2023-04,Surrey Police,Surrey Police,-0.439610,51.425831,On or near ,E01030698,Spelthorne 006B,Unable to prosecute suspect
df76b68a9e0f7cf62eabf4ad5d34fd3c424276fb5631f8c5b7eaa8b59f91aee8,2023-04,Surrey Police,Surrey Police,-0.566596,51.313173,On or near York Road,E01030992,Woking 010B,Investigation complete; no suspect identified
5b0a2854b24f1da52a85141e091ebe35955c5a34a7976f97d8bc0a234249b42e,2023-04,Surrey Police,Surrey Police,-0.609359,51.186652,On or near Bridge Street,E01030916,Waverley 007A,Investigation complete; no suspect identified
3fcd8e80de5dae9bbcce446b030b659506ef6318777044f0f45d3b412f340e31,2023-04,Surrey Police,Surrey Police,-0.186974,51.168018,On or near Mistley Gardens,E01030531,Mole Valley 013D,Unable to prosecute suspect
bb0838b37e8c8d9a527fa1177f3e3d6710a2ad35586076d683c91d48e296552c,2023-04,Surrey Police,Surrey Police,-0.733925,51.245438,On or near Rosemary Hall Close,E01030424,Guildford 010A,Further investigation is not in the public interest
5a985b180da20a4a09128f02bf1d3bb022b2f3096276ecab985d7d4e379c190b,2023-04,Surrey Police,Surrey Police,-0.077209,51.306034,On or near Hillside Road,E01030860,Tandridge 002D,Unable to prosecute suspect
24848985defa88d4e2627d7fad1aaf8b32da6f3198bfed49e96f830cfece1867,2023-04,Surrey Police,Surrey Police,-0.549184,51.323389,On or near North Road,E01030980,Woking 004A,Unable to prosecute suspect
9056324baaf168205b9fcdb429a15fd1e71a84798a08d0c23ac77129567cbef2,2023-04,Surrey Police,Surrey Police,-0.265646,51.329507,On or near Malvern Court,E01030419,Epsom and Ewell 008D,Investigation complete; no suspect identified
42fbd7d463f52055459bfb2865455ed3bbdf54f5ad2265a43f3d5fe6c9c8db31,2023-04,Surrey Police,Surrey Police,-0.626628,51.183844,On or near Bargate Rise,E01030914,Waverley 010A,Further investigation is not in the public interest
813d35a0a51f2aec4b31f1178f828a6771edc4991e90215a120cb6b0c6136f27,2023-04,Surrey Police,Surrey Police,-0.572297,51.253820,On or near School Close,E01030484,Guildford 007D,Investigation complete; no suspect identified
1705c92a2068ce1aa6780af18981673266b89ac5aa9f8c8890c6f658524a2537,2023-04,Surrey Police,Surrey Police,,,No location,,,Unable to prosecute suspect
ead0fdc242805499d49af9e804bdaf00ce3478124cae164d9e9373bf6acb2649,2023-04,Surrey Police,Surrey Police,-0.170220,51.239629,On or near ,E01030615,Reigate and Banstead 010A,Suspect charged
bee90d3df0b92afff21246e14fda49b04bd43ea7b45e55691fcef2313ae3ea42,2023-04,Surrey Police,Surrey Police,-0.627631,51.250732,On or near Oak Hill,E01030502,Guildford 005D,Unable to prosecute suspect
b7a40c1fa3f640b7c2dbb0223315a3020698a32950ea90df1710fdfd74c94d0d,2023-04,Surrey Police,Surrey Police,-0.576662,51.236833,On or near ,E01030452,Guildford 015A,Local resolution
f2cb1a1b316fa11cda87c70512929a074db0d1547da36697df0e4cef85518ca3,2023-04,Surrey Police,Surrey Police,-0.557676,51.332226,On or near Penhurst,E01030964,Woking 003B,Investigation complete; no suspect identified
c131a36976065308b6777a90817face0fcca23e113a06dbef4ff9d7389f34b82,2023-04,Surrey Police,Surrey Police,-0.559739,51.319068,On or near ,E01030954,Woking 008A,Suspect charged
ebe892870ea63aef2903c280befc97edb189e6e6b1673459fec341be4633b6ec,2023-04,Surrey Police,Surrey Police,-0.470137,51.409097,On or near Astleham Road,E01030721,Spelthorne 012A,Unable to prosecute suspect
1708c0b11e12f3cf47f61a0b24feb75937057645df8ca49720e042a41196dd17,2023-04,Surrey Police,Surrey Police,-0.709218,51.251310,On or near Dean Close,E01030432,Guildford 010C,Further investigation is not in the public interest
5025bb5b88ce9cd9208e160ec9f17a9bdfc07bc62447a08155e439de055c14f3,2023-04,Surrey Police,Surrey Police,-0.474472,51.446058,On or near Viola Avenue,E01030711,Spelthorne 002C,Unable to prosecute suspect
942a5d380922a7fbaff3aea389932592e2c224cef3396c0f82cbfec1034621ae,2023-04,Surrey Police,Surrey Police,-0.376487,51.403458,On or near The Crescent,E01030331,Elmbridge 001B,Unable to prosecute suspect
0b479027ea6ae0ec15eba025efca6c32e182586649540499b89286280356dac7,2023-04,Surrey Police,Surrey Police,-0.470137,51.409097,On or near Astleham Road,E01030721,Spelthorne 012A,Unable to prosecute suspect
a1a7a2f385113745d381ceaf9d2b84484a811d2c747fad73db257932a7ae4b90,2023-04,Surrey Police,Surrey Police,-0.404050,51.389772,On or near Paxton Close,E01030364,Elmbridge 004D,Unable to prosecute suspect
b2a6b0fd246ffef577e37d951d822e08fd8dc46d3b6aa5808b0b7a19d20359ec,2023-04,Surrey Police,Surrey Police,-0.421653,51.336362,On or near ,E01030304,Elmbridge 017D,Investigation complete; no suspect identified
6d557d7e4a096d96dced8acb4a80b51404970d14e3007fb912742009c0abdfb9,2023-04,Surrey Police,Surrey Police,-0.168115,51.248274,On or near Lowermead,E01030618,Reigate and Banstead 010D,Investigation complete; no suspect identified
daaa506d04f7a58eecd221ab2ef000938ad9a20b9459a95442909f2c619b3004,2023-04,Surrey Police,Surrey Police,-0.582017,51.242959,On or near Kernal Court,E01030452,Guildford 015A,Unable to prosecute suspect
c8bd837e209274ca3aa2db8979bc1b6ccada4dbaac28f4cbe09b1d12bab25ccc,2023-04,Surrey Police,Surrey Police,-0.186974,51.168018,On or near Mistley Gardens,E01030531,Mole Valley 013D,Unable to prosecute suspect
efe9aa16df9d8fa337b1e68ff7adf95dcb5088f5129ccc6c02d2806c5f6a0cf0,2023-04,Surrey Police,Surrey Police,-0.500799,51.381774,On or near ,E01030651,Runnymede 007E,Local resolution
5518bbdca0910a987b8e58ec16bb7d57536107d718062c3eac275af659a9ab4d,2023-04,Surrey Police,Surrey Police,-0.183335,51.187099,On or near Killick Road,E01030584,Reigate and Banstead 016A,Unable to prosecute suspect
896feb667b3ccd5bb388885417e426be101ec713e0fba9da367a1f1a37842f05,2023-04,Surrey Police,Surrey Police,-0.293219,51.317538,On or near Pepys Close,E01030513,Mole Valley 001D,Further investigation is not in the public interest
9b3605248a62a5e8bcb24f72ae7d7d381d06b00c9f46ea12851a3a2d8664a79b,2023-04,Surrey Police,Surrey Police,-0.411900,51.391345,On or near ,E01030363,Elmbridge 004C,Investigation complete; no suspect identified
cb41b63f77625221132dcf884c5a5c12697a933a2329f58fe91aec89364d003c,2023-04,Surrey Police,Surrey Police,-0.475984,51.455088,On or near Everest Road,E01030746,Spelthorne 002D,Investigation complete; no suspect identified
9b6dc5dab2ad8c87e64d45e65644ae4fcc1a2c424fd353d34fef5327ced65932,2023-04,Surrey Police,Surrey Police,-0.576662,51.236833,On or near Shopping Area,E01030452,Guildford 015A,Investigation complete; no suspect identified
6b58472d5ca7fb90574f201e6103779b74dfff425eeb2795f7ae7e7e51dd5cb1,2023-04,Surrey Police,Surrey Police,-0.577569,51.254802,On or near Cypress Road,E01030483,Guildford 007C,Investigation complete; no suspect identified
73a4dfc84ff2b049093f4d31d1c54dfb051228a382ab5be0d9c31af489b9dc1e,2023-04,Surrey Police,Surrey Police,-0.586347,51.308710,On or near Hereford Copse,E01031001,Woking 010D,Investigation complete; no suspect identified
44b74e8698716d299a8cb2c156be42609958b52d87709c135ad51bab393b77cf,2023-04,Surrey Police,Surrey Police,-0.593836,51.263163,On or near Angelica Road,E01030488,Guildford 006C,Investigation complete; no suspect identified
479e4ffb3d8475b3e8e93149ab64135cdc686776a135cfb1d43c0e77333a9235,2023-04,Surrey Police,Surrey Police,-0.315384,51.173393,On or near ,E01030515,Mole Valley 013A,Unable to prosecute suspect
2c16d2ab178e3d2db0345b03d2c1a0fe145442019fddd3d69dbc9d4fe36dad31,2023-04,Surrey Police,Surrey Police,-0.584088,51.236186,On or near Genyn Road,E01030452,Guildford 015A,Further investigation is not in the public interest
b8b1fd9f20632d79f4e328529ee0c8e477564cbfb8fcf84a5a497655d0235d34,2023-04,Surrey Police,Surrey Police,-0.152570,51.250727,On or near The Moors,E01035355,Reigate and Banstead 011F,Unable to prosecute suspect
18ffbed805bf19e69df18749d9629f4454510cc13359b36268f4fe32807262b2,2023-04,Surrey Police,Surrey Police,-0.506392,51.335970,On or near Petrol Station,E01031003,Woking 002D,Investigation complete; no suspect identified
5923d024d6418709efa88c559eb30869cf209cc50292b434ea76de559f9bac1a,2023-04,Surrey Police,Surrey Police,-0.416648,51.417856,On or near Brackenwood,E01030754,Spelthorne 010B,Investigation complete; no suspect identified
6a1b1f71de82e9583ff923a76166af025cd812743606ec9bc451c749deb74252,2023-04,Surrey Police,Surrey Police,-0.793274,51.203063,On or near A287,E01030883,Waverley 004B,Investigation complete; no suspect identified
637e143f3f8852756f4099628ab5eafb13c80e40c9c305d8cec037a12ecb9b4f,2023-04,Surrey Police,Surrey Police,-0.244685,51.342565,On or near ,E01030396,Epsom and Ewell 010D,Local resolution
4fc237b527ec69ba72b72c2dfb008f6c947c0312ef33b44548041ccf6ef5644c,2023-04,Surrey Police,Surrey Police,-0.458268,51.446502,On or near London Road,E01030709,Spelthorne 002A,Unable to prosecute suspect
210dee64ba7aed05fec8f45237bfb9734d049cf39747b94ffb48c59979d93fc4,2023-04,Surrey Police,Surrey Police,-0.208104,51.236923,On or near Supermarket,E01030620,Reigate and Banstead 012D,Investigation complete; no suspect identified
9fc482f7627df7ed620eb9f1d82d879ee17845533f2c4ffdf122914e2e6be8a0,2023-04,Surrey Police,Surrey Police,-0.323487,51.234757,On or near Hill View,E01030537,Mole Valley 010C,Unable to prosecute suspect
fc570905c533f4cbf5b29311dff67b4e6b42d2f1be729709c963623b7dcc3c72,2023-04,Surrey Police,Surrey Police,-0.424019,51.386670,On or near Bridge Street,E01030360,Elmbridge 007D,Further action is not in the public interest
7839e53628164875d68cc2eb84acbd5b301b3b7a6654bb07835d3c55ad7cb91e,2023-04,Surrey Police,Surrey Police,-0.411105,51.385246,On or near Nelson Close,E01030359,Elmbridge 007C,Suspect charged
8c92b9c2f0420b8a3b106c30e7a404a19bbecaab5c2b60918e63faf9426ed0cb,2023-04,Surrey Police,Surrey Police,-0.509038,51.387234,On or near Parking Area,E01030657,Runnymede 006D,Investigation complete; no suspect identified
2a8c61d0f5b5aadb259779e7b22a004bb0292a44dc2df74dc17a181c5202e30b,2023-04,Surrey Police,Surrey Police,-0.274098,51.343336,On or near Long Grove Road,E01030384,Epsom and Ewell 005B,Unable to prosecute suspect
acc40c9ab8b47bfe2eb260c51ae5a79be2d6283aae51638aa05b693ed6bb6e76,2023-04,Surrey Police,Surrey Police,,,No location,,,Unable to prosecute suspect
23b2f215513fbd8d71ff374a93e9ce01d9a56f66fcfe3f7e9affe30622273d03,2023-04,Surrey Police,Surrey Police,-0.318190,51.388509,On or near Jennings Close,E01030323,Elmbridge 006B,Action to be taken by another organisation
fbf02cdcea1bf88a12ab925f058ead339a54fae1df25bcef01e58962b411c082,2023-04,Surrey Police,Surrey Police,-0.387478,51.379127,On or near ,E01030355,Elmbridge 008B,Further action is not in the public interest
b1345873983c377f73d44b4a68c029944397553bfc8d68f96988da4fbe65e035,2023-04,Surrey Police,Surrey Police,-0.365944,51.329321,On or near Lyfield,E01030345,Elmbridge 018E,Unable to prosecute suspect
76590986f87f15c5f644cf94bc762d5e9207e44255bd7dcda5f1c672fa0278da,2023-04,Surrey Police,Surrey Police,-0.567218,51.425325,On or near ,E01030671,Runnymede 002A,Action to be taken by another organisation
16c800f93a71e6bb0675a6652c43d1031b67445ebc112200b14a0f925e6ae1da,2023-04,Surrey Police,Surrey Police,-0.567218,51.425325,On or near ,E01030671,Runnymede 002A,Action to be taken by another organisation
27a626cc0509a7892909f70e2c72efbb667f07ee604453c378763c733cedd621,2023-04,Surrey Police,Surrey Police,-0.573939,51.238309,On or near ,E01030451,Guildford 013C,Unable to prosecute suspect
423cefc811c41794a96fe8a0595d0aa34528d62f626ac4da30fdaa8cbaa114a0,2023-04,Surrey Police,Surrey Police,-0.440998,51.373391,On or near Parkway,E01030339,Elmbridge 011B,Local resolution
f0155fb926f101cfd6ee7d6ef9d00e3dbccfda5e7669af545dfb19714e74f679,2023-04,Surrey Police,Surrey Police,-0.603410,51.353939,On or near Windsor Court Road,E01030765,Surrey Heath 001C,Unable to prosecute suspect
ed7e7fa37816b8c02f6402d986a1cc231ccd6abb4bb252b7d0748fc084d73be9,2023-04,Surrey Police,Surrey Police,-0.503340,51.348675,On or near ,E01030696,Runnymede 010G,Unable to prosecute suspect
cdbad20a13c1c1d926d07176eae95317e51facd97aa03b50a9c803a972cc60ac,2023-04,Surrey Police,Surrey Police,-0.583396,51.257777,On or near Blackberry Close,E01030483,Guildford 007C,Unable to prosecute suspect
afd372ad17530b110031b698d7d906af265d6af8d8bec03581f416613b1dc7b2,2023-04,Surrey Police,Surrey Police,-0.545712,51.431797,On or near ,E01030668,Runnymede 001B,Unable to prosecute suspect
8c1b2d35b73d725071d8b2a07f4ed7943e8365ec0beb52c483a0f520a5acb868,2023-04,Surrey Police,Surrey Police,-0.337177,51.395200,On or near Summer Road,E01030351,Elmbridge 005B,Investigation complete; no suspect identified
520d304ed408de3f9832735bb3ce5ff78111f5c2f319d24651efcc0ffc5d2520,2023-04,Surrey Police,Surrey Police,-0.393038,51.381214,On or near Normanhurst Road,E01030355,Elmbridge 008B,Local resolution
cb4d2edb5d0017bb0ef19c241697ed8c59ea74aa3ab31aee970d9cd542f665c7,2023-04,Surrey Police,Surrey Police,-0.421653,51.336362,On or near ,E01030304,Elmbridge 017D,Investigation complete; no suspect identified
dd7ff3073a04249b57fdda0ea4660db78ff47c85b7ec15a8b638e18607701847,2023-04,Surrey Police,Surrey Police,-0.163757,51.231775,On or near Rennie Terrace,E01030614,Reigate and Banstead 011E,Local resolution
e603d97dfe65c7da5703324dcb5bce6eac0d93655ca0ae1e91cf12ebdbe78c1d,2023-04,Surrey Police,Surrey Police,-0.445890,51.419425,On or near Ashford Road,E01030725,Spelthorne 006E,Unable to prosecute suspect
ee6265e7803f063b94a8e9f6adbf05b50eaa9893a77a2a2b06923b1c263b91cf,2023-04,Surrey Police,Surrey Police,-0.185661,51.330687,On or near Croydon Lane,E01030565,Reigate and Banstead 004A,Investigation complete; no suspect identified
f83b324e6862b666a4a5830b11e430a175be9949c4d4adc591509ec61edcbd72,2023-04,Surrey Police,Surrey Police,-0.471949,51.449622,On or near Explorer Avenue,E01030710,Spelthorne 002B,Investigation complete; no suspect identified
01f278f9100f001302c11dcffba1f2899eabff6061a3bef889948f18ffe7e34c,2023-04,Surrey Police,Surrey Police,-0.595628,51.323335,On or near Blencarn Close,E01030956,Woking 005D,Investigation complete; no suspect identified
e71e51b847c29265900d353aa59f19be3507fd100a8e5e7352cdc0686b2a00c6,2023-04,Surrey Police,Surrey Police,-0.105301,51.240493,On or near Stychens Close,E01030815,Tandridge 008D,Investigation complete; no suspect identified
5ec7186d3d7bbbec19cdde0bd29b3805939b37b6dfa0a49910239fb0033bcd9e,2023-04,Surrey Police,Surrey Police,-0.172739,51.242222,On or near Rutland Close,E01030615,Reigate and Banstead 010A,Investigation complete; no suspect identified
c5ec638e0fdf257aaf9a0703f815455e2a1fc173a18a0a87bf54b4b898ca3479,2023-04,Surrey Police,Surrey Police,-0.502947,51.344407,On or near Selsdon Road,E01030694,Runnymede 010E,Investigation complete; no suspect identified
c4a06a7de874cd2f2619b8f2d0a6a74ddb302a490c7aedc07ab92c742eaa26fd,2023-04,Surrey Police,Surrey Police,-0.573939,51.238309,On or near Supermarket,E01030451,Guildford 013C,Investigation complete; no suspect identified
838edcd990af097dacd9dbc352afa6e7a792dbab0c80c681c46d0a453f5a1158,2023-04,Surrey Police,Surrey Police,-0.465114,51.432447,On or near Albert Road,E01030716,Spelthorne 003G,Local resolution
22932fb9b077153a4df1678abea4b30f768fb3bf795dd46c18b12cb16df04996,2023-04,Surrey Police,Surrey Police,-0.170220,51.239629,On or near ,E01030615,Reigate and Banstead 010A,Investigation complete; no suspect identified
24be3053d371b509d0002f33bf93c50a64d9fd2fe10a90138d214f909effd580,2023-04,Surrey Police,Surrey Police,-0.170220,51.239629,On or near ,E01030615,Reigate and Banstead 010A,Investigation complete; no suspect identified
707b2a635408c06c0dbfcff089bf9dbac4341693310f20e6f91e59f14f0f537a,2023-04,Surrey Police,Surrey Police,-0.422275,51.387672,On or near Thames Street,E01030357,Elmbridge 007A,Formal action is not in the public interest
6510656b673e026ee17e5ac5a5cefeac13afbe360cbc7fd73977b0bb407d7a11,2023-04,Surrey Police,Surrey Police,-0.154035,51.235606,On or near Nutfield Road,E01035357,Reigate and Banstead 011H,Investigation complete; no suspect identified
c46ac9acbeb0121b032ac1e5ad0e2c7782e305f611a4529a5bd038348aafb733,2023-04,Surrey Police,Surrey Police,-0.756365,51.336095,On or near Wey Close,E01030795,Surrey Heath 008C,Local resolution
360fb281c10b4977f89e7249c9c8d75eddb1b6a53e79338d44fd8687afddaad3,2023-04,Surrey Police,Surrey Police,-0.565946,51.239175,On or near Dene Road,E01030457,Guildford 013F,Investigation complete; no suspect identified
47c05add9dcb5f14fc7b43454aaa76ebfb240ffac5b19fe1d82ad0e3574c4706,2023-04,Surrey Police,Surrey Police,-0.544870,51.340989,On or near ,E01030965,Woking 003C,Unable to prosecute suspect
57efc2dece8890600b2e50583c989ff515ebf0a64bff27433ba0960bb03b5b6c,2023-04,Surrey Police,Surrey Police,-0.240068,51.307714,On or near Tattenham Grove,E01030641,Reigate and Banstead 003B,Unable to prosecute suspect
275c240d320a6cc7d5f157c96de359e684f3e0ef6855680cd980931e669c0e43,2023-04,Surrey Police,Surrey Police,-0.498929,51.348303,On or near Holmefield Place,E01030694,Runnymede 010E,Unable to prosecute suspect
ed5357bbc81414a6d22d9b69ba0ac1928420b9864e4b73e2088bcd46448e1339,2023-04,Surrey Police,Surrey Police,-0.584620,51.363893,On or near Gracious Pond Road,E01030763,Surrey Heath 001A,Investigation complete; no suspect identified
1af9d104cb3f3e66d345c5e212ec1d2dffe48b65255dcdd37fba3f4f4b08cf63,2023-04,Surrey Police,Surrey Police,-0.263926,51.348806,On or near Somerset Close,E01030383,Epsom and Ewell 005A,Unable to prosecute suspect
3697bd5c7330fb2de37c0d84de59fc4e97d3821012858fb8587b4d58c6b3ce01,2023-04,Surrey Police,Surrey Police,-0.723582,51.301275,On or near Timber Bank,E01030770,Surrey Heath 011A,Investigation complete; no suspect identified
3553db894d1663bfe594d6d97de1fc5393f5ca483bc67f8b4c7abd651f286294,2023-04,Surrey Police,Surrey Police,-0.571910,51.300073,On or near Egley Road,E01030971,Woking 011A,Unable to prosecute suspect
757e10413aaa8c731b501987706d49f1188a785cf06430e5a92bbc0295dcaaf6,2023-04,Surrey Police,Surrey Police,-0.442291,51.174125,On or near ,E01030880,Waverley 015E,Action to be taken by another organisation
8221d1adaa492d4889d2a2eb9bb3d284ad5bea9c364ed53539fa8d66864cab33,2023-04,Surrey Police,Surrey Police,-0.254565,51.323434,On or near Hillcrest Close,E01030380,Epsom and Ewell 009B,Investigation complete; no suspect identified
a224c11a5eefade5c21aac26a8cf7614442e10c44692ff8edd0b5fa3cb7cc254,2023-04,Surrey Police,Surrey Police,-0.309760,51.311816,On or near Glebe Road,E01030512,Mole Valley 002D,Unable to prosecute suspect
60e0ff9f666cc685c13a283d3040237a499e79e9595f67b80e5c3c87c2599ada,2023-04,Surrey Police,Surrey Police,-0.604734,51.242198,On or near Supermarket,E01030470,Guildford 012A,Investigation complete; no suspect identified
4f49c84a6e623b5433f6c2fa628380f8ecdc47b6f11f2f87d0bbda56f9c46c6c,2023-04,Surrey Police,Surrey Police,-0.461204,51.374013,On or near ,E01030372,Elmbridge 012B,Unable to prosecute suspect
80638bbf52bb8821046e448694e5f83c98ea1e225e53b3665d7032e89600459d,2023-04,Surrey Police,Surrey Police,-0.357234,51.330440,On or near Broom Hall,E01030342,Elmbridge 018B,Investigation complete; no suspect identified
74c564a0afd17ebf2e7df232adedfd489ad31b6b4ece55adcc78b082d9579bed,2023-04,Surrey Police,Surrey Police,-0.729521,51.084758,On or near Sun Brow,E01030928,Waverley 017C,Investigation complete; no suspect identified
54c5b524c23fbf96a81a438f27f53816dff9cb1eba5d16b42dffaf0034358f5e,2023-04,Surrey Police,Surrey Police,-0.273371,51.348164,On or near Redwood Drive,E01034287,Epsom and Ewell 005E,Investigation complete; no suspect identified
27fe961b98f63f188ea6df770da1a5430380b56baaff257ba2756f933133386c,2023-04,Surrey Police,Surrey Police,-0.689262,51.372016,On or near Dukes Hill,E01030758,Surrey Heath 002B,Investigation complete; no suspect identified
157bbfc6f75e8be9ec0aeb602c4cf5ad52ec62176176f66b49c577f6884163d4,2023-04,Surrey Police,Surrey Police,-0.466295,51.383823,On or near Reed Place,E01030730,Spelthorne 013A,Further investigation is not in the public interest
4b24b19c9a7415982611710f9c96fc783fd0132bcb868677255eb1dacd71f3c8,2023-04,Surrey Police,Surrey Police,-0.100405,51.148874,On or near Effingham Road,E01030819,Tandridge 011D,Investigation complete; no suspect identified
aba043a89660eed1d8cbfbccd3491cf8603779fa1534d0071582bdcb92683d11,2023-04,Surrey Police,Surrey Police,-0.777291,51.235279,On or near St David's Close,E01030902,Waverley 001B,Investigation complete; no suspect identified
5cbeda50df17c0f7ba70cc36f6e0b0877abb9c4a2a194c80362244c74f59ede7,2023-04,Surrey Police,Surrey Police,-0.303292,51.304339,On or near ,E01030509,Mole Valley 001C,Investigation complete; no suspect identified
ecdf4c817851e25e7f087e96b9972b25090c853cf507257f2696f5236808c1c5,2023-04,Surrey Police,Surrey Police,-0.556299,51.308883,On or near ,E01030972,Woking 011B,Unable to prosecute suspect
c9643236e9498c34edacd58e7d4164eebfb750de1e0e0e5da1dd2119b76623cb,2023-04,Surrey Police,Surrey Police,-0.572297,51.253820,On or near School Close,E01030484,Guildford 007D,Investigation complete; no suspect identified
b1fb9dcc23c6278e5ef9bac0449ac1490c78e00a0f54e2b11b6f496f79ea2108,2023-04,Surrey Police,Surrey Police,-0.725408,51.259148,On or near South Road,E01030426,Guildford 004A,Investigation complete; no suspect identified
ab640241c7a80fcf958fadf611ad334cdf7b818197fa6f2f463c856d470755f8,2023-04,Surrey Police,Surrey Police,-0.450968,51.375115,On or near Palace Drive,E01030371,Elmbridge 012A,Unable to prosecute suspect
36175b454de26395e085503f9fab65aa538b82cd1dbea457f7e72b89b67c7aa6,2023-04,Surrey Police,Surrey Police,-0.416335,51.404444,On or near Farrier Close,E01030720,Spelthorne 011D,Formal action is not in the public interest
4890e29986513c631dc33412603447f45f24d24a2e322ab8141076291a9f3278,2023-04,Surrey Police,Surrey Police,-0.513346,51.404644,On or near Theme/Adventure Park,E01030685,Runnymede 004C,Unable to prosecute suspect
4bb48a4838653234ec520c4a287a95348a9ce27f9cc089e8f2f9e2ce8abc888e,2023-04,Surrey Police,Surrey Police,-0.727289,51.283412,On or near Lake Avenue,E01030785,Surrey Heath 012D,Unable to prosecute suspect
9ed71f6ec216b0541d5e02035202e61e2b0e55f91873e1a190771e4fe13a89bc,2023-04,Surrey Police,Surrey Police,-0.164292,51.172602,On or near Consort Way,E01030575,Reigate and Banstead 018A,Unable to prosecute suspect
35f6bf60be9a54322af491ac9ef00e568da6293b24d0362e807790b384deef17,2023-04,Surrey Police,Surrey Police,-0.500083,51.314264,On or near Warren Lane,E01030997,Woking 006D,Unable to prosecute suspect
09a18a8c78e9f3aed99a21e58a2229c33d1424ceaa9ca0cb1c89e0199062a100,2023-04,Surrey Police,Surrey Police,-0.470761,51.453329,On or near Cordelia Gardens,E01030746,Spelthorne 002D,Further investigation is not in the public interest
d38dfc534308f6c905a2d9db798d5c2c84ff52f14ea8fc0a088c2456397533c7,2023-04,Surrey Police,Surrey Police,-0.465543,51.434674,On or near Church Road,E01030712,Spelthorne 003C,Investigation complete; no suspect identified
212fa7c5a0dac1fc8aa0b054e6ad74f848f681a7df304085579e06daa5d83a1a,2023-04,Surrey Police,Surrey Police,-0.326748,51.290936,On or near Elm Drive,E01030554,Mole Valley 004D,Investigation complete; no suspect identified
e2349bed63349d65ce4c92538dbff87e596f84af541703cc0d3f8a660942c4bf,2023-04,Surrey Police,Surrey Police,-0.245805,51.341252,On or near Reigate Road,E01030396,Epsom and Ewell 010D,Unable to prosecute suspect
914eacebded2b675c688d3b61d279e7b8b6c5222bafbf930a012875fa5773fff,2023-04,Surrey Police,Surrey Police,-0.742088,51.343730,On or near Old Dean Road,E01030801,Surrey Heath 004D,Further investigation is not in the public interest
e79c4c4999563e6eced2da366510de93632c8879fb2d45f0c1613d574bfd40b5,2023-04,Surrey Police,Surrey Police,-0.734889,51.092649,On or near Cherry Tree Avenue,E01030926,Waverley 017A,Investigation complete; no suspect identified
57166580f7de85f72f63319821a8ef48292da42e92b7dd347caaf9efb29b2a2d,2023-04,Surrey Police,Surrey Police,-0.627512,51.280721,On or near Hockford Close,E01030473,Guildford 002C,Investigation complete; no suspect identified
7c603adc4e7912038c6295eb3ed2a709c2c5d0958b3c7593da177bc4c0669538,2023-04,Surrey Police,Surrey Police,-0.342353,51.402342,On or near Hampton Court,E01030326,Elmbridge 002A,Investigation complete; no suspect identified
912c65182b1f8e2c313935fbd87820d742f418b4e2c8c842710ba79fffa0ec9d,2023-04,Surrey Police,Surrey Police,-0.396843,51.409268,On or near Sunbury Court,E01030756,Spelthorne 010D,Unable to prosecute suspect
98599de5bb59d760aa43ca3a9871eb9ed574badc4e981355aed8618597979004,2023-04,Surrey Police,Surrey Police,-0.576622,51.239503,On or near ,E01030451,Guildford 013C,Formal action is not in the public interest
52db1abc59d52e4aa7a15bcd4d8ff6e89577a16d2f93bb2996c858beaa6d432c,2023-04,Surrey Police,Surrey Police,-0.590128,51.261626,On or near Princess Mary Close,E01030489,Guildford 006D,Investigation complete; no suspect identified
ffa799a65775f6b5f01c9fec076361498a2dfed42bd13f89c9220e76baaf3836,2023-04,Surrey Police,Surrey Police,-0.324569,51.385417,On or near Rushett Close,E01030324,Elmbridge 006C,Unable to prosecute suspect
5962cf3b12147d90633114253ac47b9ae97ae9ed0b1b9200589380620956cbe7,2023-04,Surrey Police,Surrey Police,-0.488701,51.427385,On or near Cromwell Close,E01030741,Spelthorne 007D,Further action is not in the public interest
1af370cc23924fc970be196a7fceba1f9ba66eca534c3f737414acd87764569c,2023-04,Surrey Police,Surrey Police,-0.533835,51.320923,On or near East Hill,E01030989,Woking 006B,Unable to prosecute suspect
a3331d3f8dca9b6d10adb0364d13f5cd01079fd1893532f8d8860e1878cdd51d,2023-04,Surrey Police,Surrey Police,-0.724742,51.351033,On or near Wimbledon Road,E01030786,Surrey Heath 004A,Investigation complete; no suspect identified
76f6a12b2054a10732032a6efb1a698e650d8fec6fcab4eed46bd4f77a196a91,2023-04,Surrey Police,Surrey Police,,,No location,,,Unable to prosecute suspect
9847cee7114b8cca74b2a0b8811dae97dd878c4a3836667406fbc0ff452db68c,2023-04,Surrey Police,Surrey Police,-0.576662,51.236833,On or near ,E01030452,Guildford 015A,Unable to prosecute suspect
fe00ea17f95ee7848f85e81a4fdc273d22e99e9154e0b68f5fdff4f7a23edb6c,2023-04,Surrey Police,Surrey Police,-0.551914,51.111074,On or near Alfold Road,E01030867,Waverley 015B,Investigation complete; no suspect identified
f2d5ce7c2c0b5dc0d8294cd9f729848efc050f4ee93df53991e16f8d8989dd52,2023-04,Surrey Police,Surrey Police,-0.538147,51.429892,On or near Orchard Close,E01030687,Runnymede 003E,Investigation complete; no suspect identified
0574a7bfe669c636d62bf716f11708cace7e9b080e0851a00a18b15437349dc5,2023-04,Surrey Police,Surrey Police,-0.495333,51.142562,On or near St James's Place,E01030875,Waverley 013F,Investigation complete; no suspect identified
67b98e0f01084372513cb4367076bc04a818dc37629c47b725c75c85057cbc8f,2023-04,Surrey Police,Surrey Police,-0.608325,51.182009,On or near Underhill Close,E01030923,Waverley 010C,Unable to prosecute suspect
474690987c9411f2001ce4cbb82bab4d33b9500e98774ecfdac057e6b319be22,2023-04,Surrey Police,Surrey Police,-0.368229,51.397552,On or near Ray Road,E01030335,Elmbridge 003B,Unable to prosecute suspect
f50dae9352406a32953ca98c970fa868e1ad7a68020a761f398355c3d4949a8f,2023-04,Surrey Police,Surrey Police,-0.488388,51.367960,On or near Hollies Court,E01030646,Runnymede 009B,Investigation complete; no suspect identified
186338b55427cd647d56541cf765c98772e19f422064c944b4a168159ce8618d,2023-04,Surrey Police,Surrey Police,-0.595763,51.236137,On or near Hedgeway,E01030469,Guildford 015D,Investigation complete; no suspect identified
e282f554c1e3da75443caef9707414444c5aa22d71c1e22dfc2883c811ba4791,2023-04,Surrey Police,Surrey Police,-0.512477,51.340995,On or near Oak End Way,E01030695,Runnymede 010F,Investigation complete; no suspect identified
5cd7a961f82b04607ab871053bc5e6f6ef170010f51fdca149f5ca55cba5e45d,2023-04,Surrey Police,Surrey Police,-0.499712,51.374445,On or near Emley Road,E01030650,Runnymede 007D,Unable to prosecute suspect
721b7e04bc9fb78951eca74e2d63357099cbaf0ebda03e04c5fa118027c84e1b,2023-04,Surrey Police,Surrey Police,-0.450982,51.425778,On or near School Road,E01030702,Spelthorne 005B,Action to be taken by another organisation
dd8a42020f3b3c8a94626f5b11937b53e0c7f496bdf7a68035d80d8185df1e5b,2023-04,Surrey Police,Surrey Police,-0.618328,51.316321,On or near ,E01030976,Woking 007C,Unable to prosecute suspect
5c59b2b76672df65ef2cf71bb161e64e47b2776f3cfd17bb6e8db4b080ff944c,2023-04,Surrey Police,Surrey Police,-0.506785,51.341183,On or near Birchwood Road,E01031004,Woking 002E,Unable to prosecute suspect
78253dcf58189f88975163571769c8db4315bdadbbf54852b10863b8e188d40f,2023-04,Surrey Police,Surrey Police,-0.503912,51.345660,On or near Farleigh Road,E01030693,Runnymede 010D,Investigation complete; no suspect identified
41d51dcf30b2c4b6a55c362907dbba660998c6f4cf52237dbabeb70023169a96,2023-04,Surrey Police,Surrey Police,-0.241502,51.310001,On or near ,E01030417,Epsom and Ewell 009D,Investigation complete; no suspect identified
6c19204071f9f25911282be70b50f21a4caf320c3a9d457aa6e5b8c8a0f8fe19,2023-04,Surrey Police,Surrey Police,-0.640887,51.338104,On or near ,E01030807,Surrey Heath 006D,Unable to prosecute suspect
1e8cfbb74091f5164ab71e532bf2671aac9e5db8a2f1fd07794fded2c9e80217,2023-04,Surrey Police,Surrey Police,-0.741174,51.318911,On or near ,E01030768,Surrey Heath 010C,Unable to prosecute suspect
3de321c4fd8e8a6857b3a2640e78aa2c10d7de05f67ed06ad64be54fb029d495,2023-04,Surrey Police,Surrey Police,-0.494335,51.383755,On or near Clay Corner,E01030652,Runnymede 006A,Investigation complete; no suspect identified
b7c06ddcf582a65b28ec287e87978ab93b034437069d0896f813e93f6a82b741,2023-04,Surrey Police,Surrey Police,-0.177236,51.228866,On or near Fountain Road,E01030593,Reigate and Banstead 012A,Investigation complete; no suspect identified
2f0391e320cfd5e6243e42c0f11b1ba2f110208289eb4c50fdb614c112d05359,2023-04,Surrey Police,Surrey Police,-0.802169,51.215510,On or near ,E01030885,Waverley 003B,Investigation complete; no suspect identified
274303068f7c73ee75911f0da597a33e165bd64d2bfc5da1227068c63aa0e378,2023-04,Surrey Police,Surrey Police,-0.435455,51.278411,On or near Station Approach,E01030443,Guildford 003C,Investigation complete; no suspect identified
c4805491cf9c0e941ea7e0727fffe9d00aaab7615f212a3d4c1e3f27902f5508,2023-04,Surrey Police,Surrey Police,-0.559319,51.400695,On or near Sandhills Court,E01030690,Runnymede 005B,Unable to prosecute suspect
535326f5cb2f90e57d69f21aefa03d468a9f4e636bc7cffa82cdaec42282748e,2023-04,Surrey Police,Surrey Police,-0.444723,51.368198,On or near South Road,E01030338,Elmbridge 011A,Investigation complete; no suspect identified
601d534a97067b332ca1d5ca985ab2be55496926aa5093499e30a2067518f7d5,2023-04,Surrey Police,Surrey Police,-0.600276,51.262081,On or near Keens Lane,E01030501,Guildford 005C,Further investigation is not in the public interest
ee79ccbbd8991db0029665a27025879616f17391c9f6e8e9aa2cbeb3d146848f,2023-04,Surrey Police,Surrey Police,-0.487280,51.363225,On or near Westerham Close,E01030684,Runnymede 009E,Unable to prosecute suspect
fa7ed09c4ae22de73057615753aba83ae0f6bbc2562cc246898e7797cdeaabff,2023-04,Surrey Police,Surrey Police,-0.474728,51.453920,On or near Hannibal Road,E01030746,Spelthorne 002D,Investigation complete; no suspect identified
01b3e3d405ab04d8f26c166a003d546d18fc80a7949c336ab8f19405b7836b3a,2023-04,Surrey Police,Surrey Police,-0.267818,51.332039,On or near ,E01030411,Epsom and Ewell 008B,Investigation complete; no suspect identified
82db5f29b196bf9173cc5e334e82ccd2edb804abe2484f1a78bfe41352469c83,2023-04,Surrey Police,Surrey Police,-0.539690,51.301501,On or near Broadmead Road,E01030994,Woking 011D,Local resolution
ae625ee3dffc339ff92f0db3e08c8c27f97760726b3784dee13d0a50f91ab38d,2023-04,Surrey Police,Surrey Police,-0.593141,51.320194,On or near Armadale Road,E01030958,Woking 005F,Unable to prosecute suspect
894cda3626b98b9996ac94d6f9f9950e0053510e2bfc2658edf32f2ac5d4d1e4,2023-04,Surrey Police,Surrey Police,-0.492589,51.376548,On or near ,E01030649,Runnymede 007C,Unable to prosecute suspect
ef78bfae1e4b9763853dff2c3a49ae7f2f3a81a48aea2788c15db867c9e00464,2023-04,Surrey Police,Surrey Police,-0.489728,51.370900,On or near ,E01030646,Runnymede 009B,Investigation complete; no suspect identified
68e209f558a776df4bde1c80713f4e39854936f6b555c9c72986ffd9a3f0f79d,2023-04,Surrey Police,Surrey Police,-0.412186,51.421698,On or near A316,E01030755,Spelthorne 010C,Investigation complete; no suspect identified
376f1f8daf5fe6c93b953c29dab06920726dad97aa4b8075df41c5c50accf1d2,2023-04,Surrey Police,Surrey Police,-0.363897,51.371090,On or near Warren Close,E01030307,Elmbridge 013A,Investigation complete; no suspect identified
0d30b8d659df319ba1e8d770a60f3de639907fd6ef5012cc7070a48d285e5172,2023-04,Surrey Police,Surrey Police,-0.491809,51.339921,On or near Pinehurst Gardens,E01031003,Woking 002D,Investigation complete; no suspect identified
429028e25c9a8c9724133d9510de21df42995bb26b65bbc8882923a486e2c7cd,2023-04,Surrey Police,Surrey Police,-0.267818,51.332039,On or near ,E01030411,Epsom and Ewell 008B,Investigation complete; no suspect identified
3457e5f33147b906f6f8ec5d7d49bf7d63748a9ec3c4be0f6716ba90bff7e1aa,2023-04,Surrey Police,Surrey Police,-0.320236,51.387953,On or near Windmill Lane,E01030322,Elmbridge 006A,Investigation complete; no suspect identified
45330c48b9c6ba800c028df8714b504a21e7d1b37f3673e48cc780876c794907,2023-04,Surrey Police,Surrey Police,-0.611685,51.155422,On or near Salt Lane,E01030864,Waverley 012A,Investigation complete; no suspect identified
0fa04429c12a27d9c2263693b9dc19ceca8b41fe9c8d0af2f23f049e9fa4c310,2023-04,Surrey Police,Surrey Police,-0.547228,51.184378,On or near Birtley Road,E01030865,Waverley 008B,Unable to prosecute suspect
0945103f5757f7d88d69358f2752b16df4b7c2f00cab72410230efd79e6259c0,2023-04,Surrey Police,Surrey Police,-0.094651,51.291930,On or near Eaton Place,E01030844,Tandridge 003A,Unable to prosecute suspect
39f45e0844a5fa37802c0a2da4cce0b669821ddb7caf4d39f4cb41d5b16b0c6d,2023-04,Surrey Police,Surrey Police,-0.746883,51.087913,On or near Fir Tree Avenue,E01030927,Waverley 017B,Unable to prosecute suspect
d0f35bf2fb8e4a8e7a1c271d85c6f6d8878093ee7d14777bf535db75a5f25af7,2023-04,Surrey Police,Surrey Police,-0.244070,51.327288,On or near B288,E01030379,Epsom and Ewell 009A,Investigation complete; no suspect identified
3f3910c84af41e3f1a0f39e01834a17e409b4f93547a264c2a2fdca33c79e3b7,2023-04,Surrey Police,Surrey Police,-0.480417,51.458553,On or near Stanwell Gardens,E01030743,Spelthorne 001A,Unable to prosecute suspect
46a984a9583d8b83acf7e3132934cfabccf9a1f953fcbe7782709e2eaa401bfd,2023-04,Surrey Police,Surrey Police,-0.757378,51.155549,On or near Sandy Lane,E01030908,Waverley 018A,Investigation complete; no suspect identified
e33dd178c71072489939a538293d118c3a554bec50e3f2bc9b6b72edc7983993,2023-04,Surrey Police,Surrey Police,-0.194721,51.219442,On or near Rushetts Road,E01030634,Reigate and Banstead 015E,Investigation complete; no suspect identified
e95ad55b70c52028cb43392c01da1d075127e95d769d163a8002e93592266e4e,2023-04,Surrey Police,Surrey Police,-0.204107,51.236197,On or near Roebuck Close,E01030620,Reigate and Banstead 012D,Investigation complete; no suspect identified
9065d852cf4e78e79b0ed2877c99c74b9c2395754fc382575cb87e19cafa1984,2023-04,Surrey Police,Surrey Police,-0.204074,51.314244,On or near Garton Bank,E01030562,Reigate and Banstead 002D,Unable to prosecute suspect
6770afbeb8a85e9c6bd50ffe4c7b087fc49992b44cb05b8e642f006e35132bc4,2023-04,Surrey Police,Surrey Police,-0.552208,51.322168,On or near Portugal Road,E01030983,Woking 004D,Unable to prosecute suspect
c9fe4e4e64295ec41cef2b3531e89cd8c6f42fa3a529d8485a2d125049ef08c8,2023-04,Surrey Police,Surrey Police,-0.480392,51.436333,On or near Windsor Drive,E01030714,Spelthorne 003E,Investigation complete; no suspect identified
cdc6cd0631b158a0b51fd4a9bfea6c6d526f9ae0451e0d2a018acf2a0e58e18b,2023-04,Surrey Police,Surrey Police,-0.078587,51.280238,On or near Eothen Close,E01030829,Tandridge 004B,Unable to prosecute suspect
b2e3262a7aa4655f0cdcce91186d59e844a41c9c0e4a7902e38009ba5c926a8d,2023-04,Surrey Police,Surrey Police,-0.713836,51.091744,On or near Church Road,E01030931,Waverley 016B,Investigation complete; no suspect identified
2df9d910283c45ccec995221b4a1c20b9dd89cfe3bab84c1f2fddbd394476423,2023-04,Surrey Police,Surrey Police,-0.583396,51.257777,On or near Blackberry Close,E01030483,Guildford 007C,Unable to prosecute suspect
f6ec85b1946557bfbeb99c2153b630982afa237369d939a07c80d0c4afba11a8,2023-04,Surrey Police,Surrey Police,-0.508025,51.336604,On or near Brantwood Gardens,E01031004,Woking 002E,Investigation complete; no suspect identified
af96b0157f4ba9be3ea96e412fc2733aa4f1f68a92536e3bc01a1a89c07c7ee2,2023-04,Surrey Police,Surrey Police,-0.495496,51.349222,On or near Heathervale Road,E01030694,Runnymede 010E,Investigation complete; no suspect identified
37758a4761f6d030ac656fde2dcb139a132885792c291c10151c0e28ee0a4868,2023-04,Surrey Police,Surrey Police,-0.483129,51.427979,On or near Kingston Crescent,E01030740,Spelthorne 007C,Investigation complete; no suspect identified
96918c1ec9f3023217c843df06fc0c306d87076fd73e6213bfcea2cdb759728c,2023-04,Surrey Police,Surrey Police,-0.143957,51.258586,On or near Sutton Gardens,E01030600,Reigate and Banstead 008B,Investigation complete; no suspect identified
35b0bea9f03316659bafc28fb28579dfb5756b17b35c42caf86a16b4c659f224,2023-04,Surrey Police,Surrey Police,-0.731599,51.313304,On or near Bassett Close,E01030767,Surrey Heath 010B,Unable to prosecute suspect
66a6d9e42a47bb3cccb8de7e7487dbcee028bb9aa7f719e844c0b667eb166b0a,2023-04,Surrey Police,Surrey Police,-0.498766,51.369541,On or near ,E01030648,Runnymede 007B,Unable to prosecute suspect
a93957834a5faaf352813585cf8f371d306e5248c3e7224e81e5be840e9ec817,2023-04,Surrey Police,Surrey Police,-0.269371,51.336171,On or near Gosfield Road,E01030409,Epsom and Ewell 007E,Investigation complete; no suspect identified
890259533ec9c4a75199c2a0eb79669864cce09c09e0e65769b4c872a3a32239,2023-04,Surrey Police,Surrey Police,-0.323234,51.298808,On or near Garlands Road,E01030552,Mole Valley 004B,Investigation complete; no suspect identified
9d8cd8b27a708785aa31a4f02ad4dfde7accb5233ea9af59eb09f99c114ee9c7,2023-04,Surrey Police,Surrey Police,-0.257963,51.345121,On or near Corbet Road,E01030391,Epsom and Ewell 007B,Investigation complete; no suspect identified
f9f462715f2b42ba84f9d3ec50536a2235306c40df649c472ef560ef3a2c4014,2023-04,Surrey Police,Surrey Police,-0.471313,51.435505,On or near Stanwell Road,E01030712,Spelthorne 003C,Local resolution
6327d1385edab6e3858997c02830588e4a42fbd682938a5f464212587dc541b1,2023-04,Surrey Police,Surrey Police,-0.371487,51.401734,On or near Yeend Close,E01030337,Elmbridge 003D,Local resolution
5616c264cb55978dde7d01a5f3b553677d334b7e5e5f0823205270a945bdaa4a,2023-04,Surrey Police,Surrey Police,-0.368657,51.398862,On or near Chandlers Close,E01030335,Elmbridge 003B,Local resolution
2df23535f1dd62ddab8dde47472157082778f1d38cb48c375ac085674a072a3a,2023-04,Surrey Police,Surrey Police,-0.415725,51.420019,On or near ,E01030755,Spelthorne 010C,Suspect charged
72cd64a2bf4a785a3324455b320eed2b1514fdf0a4e19d7852a1347d43e1c730,2023-04,Surrey Police,Surrey Police,0.031410,51.251348,On or near ,E01030832,Tandridge 006B,Local resolution
8f3575506799a1686e41ee519e7186296d4e4f33737b8837d74ff28b2039a12b,2023-04,Surrey Police,Surrey Police,-0.168578,51.213515,On or near Prince Albert Square,E01030570,Reigate and Banstead 014A,Local resolution
da53733d940a5e76b813f51ec78b5b3198cafae3b81043d69ab726c3be7dc7d1,2023-04,Surrey Police,Surrey Police,-0.483913,51.375150,On or near Sopwith Way,E01030649,Runnymede 007C,Formal action is not in the public interest
edcc984f02c45dec9f99f0197b5a1d21cdf9ec4d60c69bba937de2351b62080f,2023-04,Surrey Police,Surrey Police,-0.270886,51.354665,On or near Chessington Road,E01030383,Epsom and Ewell 005A,Local resolution
bc3f470ed0ddf38546a9d544f1bf40fc1e79ec3c0ab42d8cce301b60c6fa9aa2,2023-04,Surrey Police,Surrey Police,-0.122099,51.262491,On or near Warwick Wold Road,E01030815,Tandridge 008D,Local resolution
731fe00f7a2274e73b55ebd304cc0716f9412dbb1b85baa840abd93d4c326a84,2023-04,Surrey Police,Surrey Police,-0.728897,51.243845,On or near Merryworth Close,E01030425,Guildford 014D,Local resolution
96421eceaeb41693d4b901608ce589f49cd061fcb00d93b98b320249eec074b5,2023-04,Surrey Police,Surrey Police,-0.505544,51.386399,On or near Victory Road,E01030653,Runnymede 006B,Formal action is not in the public interest
74ff8c3511f7d89855f2126606da77320b9d3d0bff7a8f80f7dee10f35371064,2023-04,Surrey Police,Surrey Police,-0.379314,51.399936,On or near Central Square,E01030336,Elmbridge 003C,Offender given a caution
4e60bdab09316bb00a22b38121298b075d3df9decbb73377ce9fb547c3b6859d,2023-04,Surrey Police,Surrey Police,-0.721818,51.244443,On or near Colne Way,E01030425,Guildford 014D,Suspect charged
9a564e291289e7635177094d11f1f98bbf76ce77af1ab89269942e59432b96c4,2023-04,Surrey Police,Surrey Police,-0.716864,51.246906,On or near Collins Gardens,E01030425,Guildford 014D,Suspect charged
f81602d71b4fff853ab19bb7d27cadd2135dba3a2ec5b1f8839ca37b147618c9,2023-04,Surrey Police,Surrey Police,-0.423760,51.413437,On or near Nursery Road,E01030718,Spelthorne 011B,Formal action is not in the public interest
650bda1449fa11ff64fbea668e7912738ed5952cdbe4c2629a75ac711d108f42,2023-04,Surrey Police,Surrey Police,-0.410336,51.384211,On or near Kings Close,E01030359,Elmbridge 007C,Suspect charged
77987ab276510970b69c4a9f07179bb8a34eebb45ceac5cc8ea36d7a9c4878a4,2023-04,Surrey Police,Surrey Police,-0.215325,51.328283,On or near ,E01030604,Reigate and Banstead 001B,Local resolution
dd7bc2257e4c8cb6b73a9ea5f90d4e102310e78ddcee45f2ac65b3cc689e2b8f,2023-04,Surrey Police,Surrey Police,-0.472886,51.443106,On or near A30,E01030707,Spelthorne 003A,Local resolution
d9f59f2795d4d090a8f8f37bb293b4dd5d91ee474d5a7a01a779a2aed9470a57,2023-04,Surrey Police,Surrey Police,-0.330648,51.232009,On or near Lyons Court,E01030538,Mole Valley 010D,Local resolution
0015edc69bc7bd381461ac86646411d3f10624da6ea038e9f729c195ae71d335,2023-04,Surrey Police,Surrey Police,-0.329365,51.308527,On or near Clare Crescent,E01030549,Mole Valley 003B,Further action is not in the public interest
7ddd0a7f4d0ed22686892238a304f29f0a040a2987ab404590a0386ef0ad36a2,2023-04,Surrey Police,Surrey Police,-0.488656,51.409553,On or near Church Close,E01030721,Spelthorne 012A,Local resolution
72a042ca65fb3e29a8e80f53d0d778da1d3bfe322509f8312b8e4a6f66a47f1a,2023-04,Surrey Police,Surrey Police,-0.508044,51.232912,On or near ,E01030490,Guildford 018A,Local resolution
88b5b3248dc67d37c3cb4517a34f91b6d5cf5b74d741a3c84972e8e44ae9a88f,2023-04,Surrey Police,Surrey Police,-0.508044,51.232912,On or near ,E01030490,Guildford 018A,Local resolution
5a16fd0102d2db911dd9387f706b0bf6b76e0389e5156962a794bddf0aa170b0,2023-04,Surrey Police,Surrey Police,-0.217875,51.326541,On or near Willow Close,E01030603,Reigate and Banstead 001A,Suspect charged
e319ca2f4ce7808ca8bf599c05a0d71ca818dde7a65a47f195692fdbf1731514,2023-04,Surrey Police,Surrey Police,,,No location,,,Suspect charged
c9ef1bc3b4f11efdd1248fd67d5f8e750c2445ab291bc4d51bd603520da33f50,2023-04,Surrey Police,Surrey Police,-0.414981,51.330040,On or near Between Streets,E01030302,Elmbridge 017C,Local resolution
826c7d37f5b35672f55a83fd1194e9c6acf4f05b6e32db83e739119a68238f9c,2023-04,Surrey Police,Surrey Police,-0.244818,51.354304,On or near ,E01030406,Epsom and Ewell 003C,Local resolution
d85f6d23e82beaeffb4f6545d2400b3bbd0b8bfd27703c3d4a6e74bd9811306b,2023-04,Surrey Police,Surrey Police,-0.483438,51.389100,On or near Parking Area,E01030730,Spelthorne 013A,Investigation complete; no suspect identified
1e1b4a28881cd41d1587aaa0081b87b69452fd8f6ca0e6f39e3d6b1507c2a34c,2023-04,Surrey Police,Surrey Police,-0.516647,51.435916,On or near Church Street,E01030735,Spelthorne 004B,Investigation complete; no suspect identified
b352b7c138cd0eda70a542691e66ca89f7c7860b58037d0a1b1c7f12c13850dd,2023-04,Surrey Police,Surrey Police,,,No location,,,Action to be taken by another organisation
4e587bcc3bd41152cb6a88f5dae29010f7f22324ebfc186c784e2b2584f7bb4f,2023-04,Surrey Police,Surrey Police,-0.168830,51.240020,On or near Shopping Area,E01030615,Reigate and Banstead 010A,Investigation complete; no suspect identified
58b76b5cd2c2b3584d634f675cdea0f53bc5cc0f927d69ea05f7c14a9bf431a0,2023-04,Surrey Police,Surrey Police,,,No location,,,Unable to prosecute suspect
177c8115f0911ccf123b9a89154e38f48ad0311a84d1e9b0f79b5275a37cc237,2023-04,Surrey Police,Surrey Police,-0.654099,51.258018,On or near Homestead Drive,E01030466,Guildford 002B,Unable to prosecute suspect
d53d39f8a05316938c7663bf3bb0fd306aeb85e4b013b0e54bf3dd33eead1518,2023-04,Surrey Police,Surrey Police,-0.162235,51.246967,On or near Old School Close,E01035356,Reigate and Banstead 011G,Unable to prosecute suspect
482fdf78b7d89521f91934dde3e9a93f7b3a108d2e1c1adb9a9b60c40de91b3b,2023-04,Surrey Police,Surrey Police,-0.476682,51.428507,On or near A308,E01030740,Spelthorne 007C,Investigation complete; no suspect identified
b9b15487ab9af554c2c5477b0d29889a752236a65aa531cd713120f9159865af,2023-04,Surrey Police,Surrey Police,-0.416753,51.384414,On or near Colby Road,E01034286,Elmbridge 007F,Unable to prosecute suspect
279a3aae2b198920b90bcc957df7ea7c241052150d25c664a505d9b9068a80bb,2023-04,Surrey Police,Surrey Police,-0.480144,51.451176,On or near St Anne's Avenue,E01030745,Spelthorne 001C,Suspect charged
8cee33d37e027d0dbdd9cb4e4106c0920f1ae7d60a75695ebce525723f9662ee,2023-04,Surrey Police,Surrey Police,-0.266565,51.351948,On or near Richards Field,E01030416,Epsom and Ewell 004D,Unable to prosecute suspect
70622321d0e24b3c8c2f3b347ef816aad679a0ea8ad1102572517210a9f2daf9,2023-04,Surrey Police,Surrey Police,-0.328725,51.232494,On or near Heath Hill,E01030537,Mole Valley 010C,Unable to prosecute suspect
d01de430fbc50bb2fa74d97ff79dfdfb2fae065962feee45a8e59fc83c3aae4b,2023-04,Surrey Police,Surrey Police,-0.172821,51.242691,On or near North Street,E01030615,Reigate and Banstead 010A,Investigation complete; no suspect identified
daa264af64d32ace4d3d85839dded6e130be94f7d7c42ce03c51f0485a9a3e06,2023-04,Surrey Police,Surrey Police,-0.268743,51.373418,On or near Worcester Park Road,E01030388,Epsom and Ewell 001C,Investigation complete; no suspect identified
7f4691e27e697983b902db413ea6da0828c7a5260032a71f51f1fd460501ee90,2023-04,Surrey Police,Surrey Police,-0.326906,51.295264,On or near Elm Road,E01030552,Mole Valley 004B,Investigation complete; no suspect identified
fefc81b4d0864081a079f46b0464267740f6c50e87344eb81234b20a17ee53b5,2023-04,Surrey Police,Surrey Police,-0.062838,51.314302,On or near Sports/Recreation Area,E01030856,Tandridge 002B,Local resolution
5a116d0d599bd420a83b339f22f60675f72e319403385ca55f086b240e280622,2023-04,Surrey Police,Surrey Police,-0.552547,51.303657,On or near Rosebery Crescent,E01030972,Woking 011B,Investigation complete; no suspect identified
b6eeae4fd148c71183b1f3862aa5adb4a6a4abe37f8b3d2ff0117f9eb02c0f27,2023-04,Surrey Police,Surrey Police,-0.076992,51.283080,On or near Mount Pleasant Road,E01030850,Tandridge 004D,Investigation complete; no suspect identified
db71e30c6e7eac2297825d6c1f7a2c393a92aaeaa440b4f719c3024bbbbcd8c1,2023-04,Surrey Police,Surrey Police,-0.262339,51.338765,On or near Winter Close,E01030410,Epsom and Ewell 007F,Investigation complete; no suspect identified
c169705bb59ffdc5aa83a9485dac1747811f01a36870bcee0bf45728be38903d,2023-04,Surrey Police,Surrey Police,-0.573414,51.252449,On or near Parking Area,E01030484,Guildford 007D,Further investigation is not in the public interest
bcb0daaf7f279bc5b29736063f19d4aecc706b5b508ba8e6b6cbabf45f6a0835,2023-04,Surrey Police,Surrey Police,-0.186974,51.168018,On or near Mistley Gardens,E01030531,Mole Valley 013D,Investigation complete; no suspect identified
894413d525e0f1a670bf1ca6a792cf16548a8aa27ab661e1a5a43c6fd8e5a4da,2023-04,Surrey Police,Surrey Police,-0.556304,51.315132,On or near Hospital,E01034295,Woking 008G,Investigation complete; no suspect identified
9b4640444f5d4672890730dfd3b36c7b954a1cdb0e281260554410688bfdc150,2023-04,Surrey Police,Surrey Police,-0.546971,51.431953,On or near High Street,E01030668,Runnymede 001B,Investigation complete; no suspect identified
5e7459e66d807d18679c2045e3714e98bb27f11f9d9f06c687baf0a68887eace,2023-04,Surrey Police,Surrey Police,-0.193015,51.222402,On or near Atherfield Road,E01030634,Reigate and Banstead 015E,Unable to prosecute suspect
8470bf3dfc2d3c7aeb6e74c88d37b8cb5dba63b42ef0562a346d1f7854cb073f,2023-04,Surrey Police,Surrey Police,-0.179327,51.188214,On or near Meath Green Lane,E01035359,Reigate and Banstead 016F,Investigation complete; no suspect identified
9e80db7b5b1a88aa5bc064c8de864a469e884fdf691c59af5d3b19b764f5152a,2023-04,Surrey Police,Surrey Police,-0.522804,51.336386,On or near Lambourne Crescent,E01030984,Woking 004E,Unable to prosecute suspect
fa8b86dee7ae5a7244a0ad533e6f4ff3e8eb9cac10468dcfd1fa8c70e1c56d34,2023-04,Surrey Police,Surrey Police,-0.210323,51.238423,On or near Slipshoe Street,E01030620,Reigate and Banstead 012D,Investigation complete; no suspect identified
112feae6ecba34cca6371ab04ddb82875de60372537c8a71db8a0202eb80c5a7,2023-04,Surrey Police,Surrey Police,-0.326013,51.148912,On or near Cartedale Cottages,E01030529,Mole Valley 012A,Further investigation is not in the public interest
4ddc2bbcfe25a108bf50e9a362008a4f521c96675bfb9126c182c8cc254eb5ca,2023-04,Surrey Police,Surrey Police,-0.265169,51.332629,On or near The Parade,E01034290,Epsom and Ewell 008F,Investigation complete; no suspect identified
17ccedf33c77881a15f57e1d9a05f02b739a70a49190d07f843d2d22d27508bb,2023-04,Surrey Police,Surrey Police,-0.573939,51.238309,On or near Supermarket,E01030451,Guildford 013C,Investigation complete; no suspect identified
46f2979023acefd8b59a789027567df33f0985cc0de4a9d5cb8bd0a7baa078c0,2023-04,Surrey Police,Surrey Police,-0.331227,51.392814,On or near Ferry Terminal,E01030350,Elmbridge 005A,Unable to prosecute suspect
29581d3a57b1b3558dff55dd9047cd006969215228d156708ade54d9549a0e0b,2023-04,Surrey Police,Surrey Police,-0.510239,51.434333,On or near High Street,E01034291,Spelthorne 004F,Investigation complete; no suspect identified
8defccba69ad9b4ac27e3b2f7551899a3c0349da1b90acde7a65432174beb91b,2023-04,Surrey Police,Surrey Police,-0.587940,51.242570,On or near Further/Higher Educational Building,E01030468,Guildford 015C,Investigation complete; no suspect identified
80a77ad35571120074471e087b388a072b1b35df5fd5d4461952c2071e254216,2023-04,Surrey Police,Surrey Police,-0.506036,51.390638,On or near Supermarket,E01030659,Runnymede 006E,Unable to prosecute suspect
ed74ef389d01227b4d610f1e53be87dade6ba9aa36dc073944d53eaaa2eee1d6,2023-04,Surrey Police,Surrey Police,-0.406051,51.383046,On or near Marston Court,E01030354,Elmbridge 008A,Formal action is not in the public interest
cf1db291c357d2738dcdc7f179d13a6a7c35720125fb0c25e94490f71e304198,2023-04,Surrey Police,Surrey Police,-0.567218,51.425325,On or near Further/Higher Educational Building,E01030671,Runnymede 002A,Investigation complete; no suspect identified
4443996899146517f1dc98a91f18477727eab6f7fff3f1621d8186caf6c59b4b,2023-04,Surrey Police,Surrey Police,-0.556120,51.319159,On or near The Broadway,E01030954,Woking 008A,Investigation complete; no suspect identified
60d061fb0b604171647b1ca43e4dc4f0131b96d659a61ad31b15f4e4e51b3745,2023-04,Surrey Police,Surrey Police,-0.242874,51.290616,On or near Bishops Grove,E01030637,Reigate and Banstead 006C,Investigation complete; no suspect identified
58e6a9b673243b7f597b88e5f17dc1dee1988010a69e49b0bfce8bbaf38b0839,2023-04,Surrey Police,Surrey Police,-0.574325,51.246175,On or near Stocton Road,E01030450,Guildford 013B,Local resolution
3960a241877c23b753e75d7c2f42ccf813eef53de49f84cbdfebaffff55c6418,2023-04,Surrey Police,Surrey Police,-0.162562,51.177601,On or near Oakwood Road,E01030576,Reigate and Banstead 018B,Investigation complete; no suspect identified
f65c6670179ba906f1b921d05912507e64559f365bf01032a5310e710d9ae25d,2023-04,Surrey Police,Surrey Police,-0.413961,51.382048,On or near The Chestnuts,E01034286,Elmbridge 007F,Investigation complete; no suspect identified
b832b13d149b739b8f9acd9de99e4e408906f0973116eab393ed22905f776f66,2023-04,Surrey Police,Surrey Police,-0.806746,51.204604,On or near Pilgrims Close,E01030896,Waverley 006D,Investigation complete; no suspect identified
753e2719a3748a792495094c35a108a664d83052525bbe5e39a7dc16f0e79c67,2023-04,Surrey Police,Surrey Police,-0.383516,51.400228,On or near Tonbridge Road,E01030336,Elmbridge 003C,Investigation complete; no suspect identified
74e85f3ced2231c2db671108d99dba938cbf06a3b6c7e4651385734234560b61,2023-04,Surrey Police,Surrey Police,-0.792972,51.205299,On or near Old Farnham Lane,E01030887,Waverley 006B,Unable to prosecute suspect
d238e29ac0d15e9749279b50e712371abdc9dc508a7fae10076af0342a6f1ce4,2023-04,Surrey Police,Surrey Police,-0.806058,51.210739,On or near Crosby Way,E01030884,Waverley 003A,Investigation complete; no suspect identified
4fc5dfc5a1a263aafa53b58894b01117422f02cde50b77a95ba6105d2dad7aad,2023-04,Surrey Police,Surrey Police,-0.396240,51.368129,On or near Petrol Station,E01030317,Elmbridge 014E,Investigation complete; no suspect identified
87ae0952698b8b1dd4482cabf9e94a00201dff0fa901f39255a1d1d25cdaac30,2023-04,Surrey Police,Surrey Police,-0.238378,51.162868,On or near Beggarshouse Lane,E01030531,Mole Valley 013D,Investigation complete; no suspect identified
1cd2e2ce9f760cfa93cf5b80382f46be121b416db6e6726732e0f4c32c5ccb72,2023-04,Surrey Police,Surrey Police,-0.414358,51.405478,On or near Bridle Close,E01030720,Spelthorne 011D,Further investigation is not in the public interest
09126494b9814a14ccdb1e43e0585b8137e0956e57efba74c5767ae1343f94df,2023-04,Surrey Police,Surrey Police,-0.488125,51.358955,On or near Meadway Drive,E01030683,Runnymede 010C,Investigation complete; no suspect identified
4c645bbdf732f9af7e78354347adab64ce69c7a2cd85f8a704777a150c6b72b8,2023-04,Surrey Police,Surrey Police,-0.758539,51.331622,On or near Eaton Road,E01030794,Surrey Heath 008B,Action to be taken by another organisation
0857b1bd024543e6c0c52164121f87c015c3beda64252372fd27237bedce7ef4,2023-04,Surrey Police,Surrey Police,-0.268580,51.334298,On or near Epsom,E01034289,Epsom and Ewell 008E,Investigation complete; no suspect identified
3aa2b0782e78e00167ac2e373afe75a63cf0cb8ac489bf2ba847c8c97ee0e5a0,2023-04,Surrey Police,Surrey Police,-0.162667,51.241884,On or near St Annes Rise,E01035358,Reigate and Banstead 011I,Further investigation is not in the public interest
f577310f6fb118ae80a425d74c4c54f86461a43ef89eb546f5b469e3f63a8950,2023-04,Surrey Police,Surrey Police,-0.555548,51.234983,On or near Lancaster Avenue,E01030454,Guildford 016C,Action to be taken by another organisation
bee35f10cdea8db13f990b1b31f4aff8102a78db871f7a72dffe088179891596,2023-04,Surrey Police,Surrey Police,-0.338523,51.373529,On or near Petrol Station,E01030321,Elmbridge 009C,Investigation complete; no suspect identified
de8a9b6f935f96d7af71b1bc57f2877959a857973bc3aed274f85df8437cb4b1,2023-04,Surrey Police,Surrey Police,-0.265361,51.333750,On or near Theatre/Concert Hall,E01034290,Epsom and Ewell 008F,Investigation complete; no suspect identified
7200f1787d0898f143c7ae491ceb6d7c01427e9794f925a491dfdbd9e8a137e1,2023-04,Surrey Police,Surrey Police,-0.019511,51.174799,On or near Plaistow Street,E01030833,Tandridge 010C,Unable to prosecute suspect
5eb14ed3146caa13ee251dd43d93aad27553d54bde332cd5683b9101b5a7cce0,2023-04,Surrey Police,Surrey Police,-0.209162,51.223684,On or near Stockton Road,E01030631,Reigate and Banstead 013D,Unable to prosecute suspect
8593b356ba021ff399d9198ef1b63376a67b1839e351f0cd07b46e19e10bc38c,2023-04,Surrey Police,Surrey Police,-0.244958,51.311933,On or near Parking Area,E01030380,Epsom and Ewell 009B,Unable to prosecute suspect
fa5d55aa17802d427d89983f9744dfd9966e08bc42e738779a30f440dfa70bf9,2023-04,Surrey Police,Surrey Police,-0.555940,51.298825,On or near Newlands Avenue,E01034297,Woking 011G,Unable to prosecute suspect
014112eb0cc1100f4bd272655a6479a7fda91591c5f94df3a219235e905db95d,2023-04,Surrey Police,Surrey Police,-0.748826,51.338290,On or near North Court,E01030795,Surrey Heath 008C,Unable to prosecute suspect
9bd45138fb240c0c7093d6906011832982f63751d7624bf046a19825b3e8ff48,2023-04,Surrey Police,Surrey Police,-0.487631,51.370450,On or near Essex Close,E01030645,Runnymede 009A,Unable to prosecute suspect
bb7cc38850364bfe274807eacc5f3ac732e7203cea391fca6c8938c31aa4968f,2023-04,Surrey Police,Surrey Police,-0.403129,51.363349,On or near Police Station Road,E01030315,Elmbridge 014C,Further investigation is not in the public interest
0f368ffde0f5a9f34f88c94bf9aafbeba7583b786c985c16c8a84f977922d5ba,2023-04,Surrey Police,Surrey Police,-0.323761,51.239824,On or near Lincoln Road,E01030533,Mole Valley 009B,Unable to prosecute suspect
b415ca7c1bdd0c94d26eb8acb810f5d8ed15595552f1d6462dc1f9c753fc4f8a,2023-04,Surrey Police,Surrey Police,-0.637986,51.159634,On or near Park/Open Space,E01030938,Waverley 011D,Further investigation is not in the public interest
33a79c15c21d64497d1df3f5d7e18ae54ee26bec942c9a2ccd19dfab46cfcb59,2023-04,Surrey Police,Surrey Police,-0.761863,51.323313,On or near Supermarket,E01030803,Surrey Heath 008D,Unable to prosecute suspect
eeb4fbd68721ae991423c6974503d5f4da947737812cb0ba5559c4bd68f7c288,2023-04,Surrey Police,Surrey Police,-0.395915,51.321912,On or near Tilt Road,E01030303,Elmbridge 018A,Investigation complete; no suspect identified
a40025ee5382dd0e433b691df227ad6454b846db3bc3689492d7f2dada158f88,2023-04,Surrey Police,Surrey Police,-0.534754,51.377631,On or near Longcross Road,E01030677,Runnymede 008A,Investigation complete; no suspect identified
9def3b970f9f9e6749ce1e2acbe67a512e9eb56b828f325c64af027b3ab3fee5,2023-04,Surrey Police,Surrey Police,-0.591138,51.253914,On or near Martin Road,E01030487,Guildford 006B,Investigation complete; no suspect identified
9fdff5b18877d509ad609cabb9301a1053263673b83f0404e66e65e6d3dfc7c9,2023-04,Surrey Police,Surrey Police,-0.568037,51.316643,On or near Kingsway Avenue,E01030954,Woking 008A,Investigation complete; no suspect identified
04ab7f14f3bb6d7536218d25be254fdc741b91431712a52279fff4151a3abdae,2023-04,Surrey Police,Surrey Police,-0.494825,51.370570,On or near Pine Court,E01030649,Runnymede 007C,Unable to prosecute suspect
1dfbe3de262961a7ba3cb39fc0935143cb08cab50941b927a064d13dbb9e9906,2023-04,Surrey Police,Surrey Police,-0.013587,51.253010,On or near Petrol Station,E01030838,Tandridge 006E,Investigation complete; no suspect identified
53240e0e25b34f8a63f01cb11506caf4d0e1aa72c533a7450fc328a11223df49,2023-04,Surrey Police,Surrey Police,-0.168759,51.236377,On or near Reading Arch Road,E01030613,Reigate and Banstead 011D,Investigation complete; no suspect identified
e93cd24d6b6b7b491a33909ca53068bbaedb57cd739e85a4a6d005979c3a29e7,2023-04,Surrey Police,Surrey Police,-0.538053,51.339914,On or near Martyrs Lane,E01030965,Woking 003C,Investigation complete; no suspect identified
84770acf9104dda7798f47f30c0363bfc9b21c45f9e38be557dd326933d977ef,2023-04,Surrey Police,Surrey Police,-0.443267,51.426782,On or near Woodlands Parade,E01030698,Spelthorne 006B,Unable to prosecute suspect
245f5c276c9e23b881b14891a52391abf632b66ffe9fa38c97c2cb79fa464972,2023-04,Surrey Police,Surrey Police,-0.509238,51.385510,On or near Hamilton Close,E01030655,Runnymede 007F,Unable to prosecute suspect
587a450bbecf6b2ac01b9e0065edc137c498c4a3912a64aa573a265bb311ba99,2023-04,Surrey Police,Surrey Police,-0.569482,51.246628,On or near Lido Road,E01030438,Guildford 013A,Investigation complete; no suspect identified
8833293163eabd7e18c2eae960fdb4518f8dd9276dc5522b99211cb86f8b2666,2023-04,Surrey Police,Surrey Police,-0.778669,51.220546,On or near Moor Park Lane,E01030893,Waverley 003D,Suspect charged
54a9b71ea355de9fa4b81a6bb996c2d737839a52abf9ba0cd108932a7c82b68b,2023-04,Surrey Police,Surrey Police,-0.730029,51.088621,On or near Shopping Area,E01030928,Waverley 017C,Further investigation is not in the public interest
1f51aba0d9ac44c56a884d15fe773d87669f5f0d452587ec322545ac0e166342,2023-04,Surrey Police,Surrey Police,-0.546744,51.429153,On or near Parking Area,E01030667,Runnymede 001A,Investigation complete; no suspect identified
bf4ef51ad7c5be89303df862f34a59ac0c0af4dfb9e7f011b709736e5dbccd22,2023-04,Surrey Police,Surrey Police,-0.323761,51.239824,On or near Lincoln Road,E01030533,Mole Valley 009B,Unable to prosecute suspect
cf4ef88eda79429a55b8d23ab6fa8a2b1d5ec4e86e51b20463eb20afa0dcdcd8,2023-04,Surrey Police,Surrey Police,-0.166670,51.240769,On or near Bus/Coach Station,E01035358,Reigate and Banstead 011I,Unable to prosecute suspect
ba0dd0fdf26b25de63fa3930bbc9957d0958db53cbd5b36f4b5019d8df92c047,2023-04,Surrey Police,Surrey Police,-0.610890,51.201409,On or near Oak Close,E01030911,Waverley 005A,Unable to prosecute suspect
4e354eedabc3684b437b1d4f335b40187818d1cbaf87da324a131172ecf077b3,2023-04,Surrey Police,Surrey Police,-0.270904,51.328236,On or near Petrol Station,E01030419,Epsom and Ewell 008D,Unable to prosecute suspect
7e000c5c4c51461853dc71699fd48e3eb45901ee13aa93d1816d3b6aeaabbf86,2023-04,Surrey Police,Surrey Police,-0.145777,51.260350,On or near Supermarket,E01030599,Reigate and Banstead 008A,Local resolution
6388b75f78a5edc3bcb9ab2cdd81424fe9de79c0aa2d607e7c4c18daa598054c,2023-04,Surrey Police,Surrey Police,-0.472832,51.445596,On or near Supermarket,E01030711,Spelthorne 002C,Investigation complete; no suspect identified
6e33805379d9236748369f0eb33a5e75f90615e40dc7c8f7a7e2f69bcb680e04,2023-04,Surrey Police,Surrey Police,-0.717165,51.350851,On or near Mitcham Road,E01030788,Surrey Heath 004C,Investigation complete; no suspect identified
d1a3f0cafaf9bc619c986a6835fdf2e91e3e97785981c483a9eadf062a9b5abe,2023-04,Surrey Police,Surrey Police,-0.247311,51.354098,On or near Welbeck Close,E01030390,Epsom and Ewell 010B,Investigation complete; no suspect identified
ec2ce76d7cb4f3352ae6d9963a3d5b140b38e54a5427ec47e23bfc82be2167c7,2023-04,Surrey Police,Surrey Police,-0.476392,51.441092,On or near Ashcombe Close,E01030707,Spelthorne 003A,Unable to prosecute suspect
7db84e4c508fe7e92468d45760a2b78378914efdce53c84a2246046bf2ab78fa,2023-04,Surrey Police,Surrey Police,-0.479353,51.210772,On or near Heath Lane,E01030490,Guildford 018A,Investigation complete; no suspect identified
3a85dd170be54bc41caf281da78261da2d49cff1f5b1365346d907f4d1873b7c,2023-04,Surrey Police,Surrey Police,-0.160936,51.249006,On or near Gordon Road,E01035356,Reigate and Banstead 011G,Action to be taken by another organisation
ce6b179313e78c5c8009a10c93141b293b4e5fdda438efb3d2460cc7e7ae62d9,2023-04,Surrey Police,Surrey Police,-0.545712,51.431797,On or near Supermarket,E01030668,Runnymede 001B,Investigation complete; no suspect identified
eec266f14d5d46346848a20035379cc830de31f6204907fb86a227d39a700ea4,2023-04,Surrey Police,Surrey Police,-0.103791,51.290442,On or near Sergeants Place,E01030857,Tandridge 003D,Unable to prosecute suspect
697d53557bda03f29a2c4fccf3f7d8cc2cde659d80c9330a215daf3753ed81ad,2023-04,Surrey Police,Surrey Police,-0.580976,51.240932,On or near Hillside Mews,E01030452,Guildford 015A,Investigation complete; no suspect identified
555272bad59c65379c4316664b197d93c1f7843b58165951b3e9f51d6d436fa9,2023-04,Surrey Police,Surrey Police,-0.317920,51.236566,On or near Reigate Road,E01030537,Mole Valley 010C,Investigation complete; no suspect identified
35a9559252174c4a0d17abde019f575c00bc8ea7815d5dbffa5b797cad090880,2023-04,Surrey Police,Surrey Police,-0.246315,51.345199,On or near Clarence Place,E01030396,Epsom and Ewell 010D,Local resolution
2424e88fa44ac7e782601cff3c88b357ccfe748a453bf542e28afffbf392eb03,2023-04,Surrey Police,Surrey Police,-0.569641,51.278895,On or near Whitmoor Lane,E01030987,Woking 012E,Unable to prosecute suspect
0549080c237c982234c5c39e3b5a9e8cd346334eb7eb68e2ea274561b8964cb7,2023-04,Surrey Police,Surrey Police,-0.558682,51.235075,On or near St Thomas's Mews,E01030454,Guildford 016C,Investigation complete; no suspect identified
3af221ed7b635be9b33c403e45b3d1d02dbeee7a4c4f395ae56ca3a9f648b546,2023-04,Surrey Police,Surrey Police,-0.396240,51.368129,On or near Petrol Station,E01030317,Elmbridge 014E,Unable to prosecute suspect
2fb1100d22d23effac64c7670591ded85e18b12604f3ae4d934a418bd87690a0,2023-04,Surrey Police,Surrey Police,0.037031,51.271844,On or near Petrol Station,E01032571,Tandridge 012D,Investigation complete; no suspect identified
c0a3db942dc2c09d1da3ca1168a3e9044cfddcb25e970619087a5c2a9e1229e6,2023-04,Surrey Police,Surrey Police,-0.072115,51.289943,On or near Gaist Avenue,E01030851,Tandridge 004E,Investigation complete; no suspect identified
1813da7ca8edf0a627fde00bb0b9d229172e21a2e0434f427803ec8c9fac2c0a,2023-04,Surrey Police,Surrey Police,-0.506392,51.335970,On or near Petrol Station,E01031003,Woking 002D,Investigation complete; no suspect identified
7176123534a477f3ad68eb4d8cf5ffcbe3d9f8424097e7c21bb9c6d4c56fc27c,2023-04,Surrey Police,Surrey Police,-0.559309,51.316752,On or near Victoria Road,E01034294,Woking 008F,Further investigation is not in the public interest
a09a8e09b061129ec5d98b493b4a6d3a18c2dafbead32cc23baaede184a3e930,2023-04,Surrey Police,Surrey Police,-0.242874,51.290616,On or near Bishops Grove,E01030637,Reigate and Banstead 006C,Investigation complete; no suspect identified
a54c33e5e93ee476a41b2635e5fbccd873463640835ab45865530820fe2f8d95,2023-04,Surrey Police,Surrey Police,-0.460055,51.371521,On or near Parking Area,E01030374,Elmbridge 012D,Unable to prosecute suspect
1ced1ca6915343c374bf3f31c448b9fc96401209b7639c6788a940e34efbc4b5,2023-04,Surrey Police,Surrey Police,-0.537081,51.324435,On or near Queen Mary Close,E01030981,Woking 004B,Further investigation is not in the public interest
ca9962a7b83dbc13b552d8a3c0b97ee3c2117ed88791f7bdc8c6eca600bf58dd,2023-04,Surrey Police,Surrey Police,-0.514905,51.433745,On or near Clarence Street,E01034291,Spelthorne 004F,Unable to prosecute suspect
8b5b011fec2f37cd2d7bd24dbe73634f87d45adb1a2fb8b84295b60e1b32ec27,2023-04,Surrey Police,Surrey Police,-0.081446,51.309368,On or near Parking Area,E01035363,Tandridge 002E,Unable to prosecute suspect
3d6c2f0b7d2e053bc56a9b2cb2873554fa2c22fd1f1e8cb044445e98fd6b733f,2023-04,Surrey Police,Surrey Police,-0.168797,51.178392,On or near Southlands Avenue,E01030587,Reigate and Banstead 016D,Investigation complete; no suspect identified
224f2b3bbd92030cf2239a56e2b8a759e8423e5edb09be4d55e3ad00fab03f4e,2023-04,Surrey Police,Surrey Police,-0.798730,51.215070,On or near The Borough,E01030885,Waverley 003B,Investigation complete; no suspect identified
43c5c061519ffa725806ec0a4fcf01897195a70766b35b268e2dc8b4b4f0f2d6,2023-04,Surrey Police,Surrey Police,-0.440680,51.151073,On or near Broomers Lane,E01030880,Waverley 015E,Investigation complete; no suspect identified
609829cb932d62f8eafa71e1b7230e0bf0f4a3ea64254b80382ea3890f9e471a,2023-04,Surrey Police,Surrey Police,-0.177637,51.239744,On or near Linkfield Corner,E01030616,Reigate and Banstead 010B,Unable to prosecute suspect
84f410fc376af0a426b0cf1c5134b3fa4c5182f1b52e56cc90833045bbe9868b,2023-04,Surrey Police,Surrey Police,-0.383516,51.400228,On or near Tonbridge Road,E01030336,Elmbridge 003C,Investigation complete; no suspect identified
f61af920d9f6733202e6426948f16394f16a87962d0c748ab847affd43a66faa,2023-04,Surrey Police,Surrey Police,-0.614159,51.185486,On or near High Street,E01030916,Waverley 007A,Investigation complete; no suspect identified
531d82c9777591ce19e0623aa82208fd6c160ab66ed80b0b5c152d9cbf4b5461,2023-04,Surrey Police,Surrey Police,-0.175555,51.173938,On or near Manor Close,E01030588,Reigate and Banstead 016E,Unable to prosecute suspect
42fb1d3be709b8ebef61efe2ce920af8dfc6cf434539db7912c383fecef9e81f,2023-04,Surrey Police,Surrey Police,-0.316959,51.391899,On or near Simpson Way,E01030322,Elmbridge 006A,Investigation complete; no suspect identified
35931e24fd1df2fd95cf3efd4d900105175c86081e0ed392a9289c79c87edc02,2023-04,Surrey Police,Surrey Police,-0.578719,51.318320,On or near Slocock Hill,E01030970,Woking 008C,Investigation complete; no suspect identified
c0d951401955de1a52fa92f20e2303cae2de8b4b68a59db35d577302c69615fd,2023-04,Surrey Police,Surrey Police,-0.496254,51.430873,On or near Priory Green,E01030737,Spelthorne 004D,Investigation complete; no suspect identified
92edbe1750658783c0e643ff2c161a6c3ccb64191070bc9017da6e36477c1318,2023-04,Surrey Police,Surrey Police,-0.417491,51.391348,On or near Dudley Road,E01030358,Elmbridge 007B,Unable to prosecute suspect
c2903cb6fe45a8019278a389ca814e12b0a93516306e0bde863c7aab29a92c22,2023-04,Surrey Police,Surrey Police,-0.393762,51.365442,On or near Conyers Close,E01030317,Elmbridge 014E,Investigation complete; no suspect identified
59662659237a90f2ad47c3b7ff0cc99f2d760225d243302b39d8177f6481034a,2023-04,Surrey Police,Surrey Police,-0.694615,51.361114,On or near London Road,E01030759,Surrey Heath 002C,Investigation complete; no suspect identified
833b4ad2147fe1a0bb76b5da0e49a7c0a21a862eb4bf77fbfc65f9fbb94be85b,2023-04,Surrey Police,Surrey Police,-0.480091,51.455366,On or near Hadfield Road,E01030744,Spelthorne 001B,Unable to prosecute suspect
7722a9d68ff57d43658f77960f315e6b04898dac8f2ad3bedb99e1bc5c9d9909,2023-04,Surrey Police,Surrey Police,-0.167110,51.242044,On or near Bus/Coach Station,E01035358,Reigate and Banstead 011I,Investigation complete; no suspect identified
c52b99d4e8fd016361909beb700083258ebe2e687f079fe2e42d8c937fd04f63,2023-04,Surrey Police,Surrey Police,-0.587410,51.303525,On or near Penwood End,E01030999,Woking 010C,Unable to prosecute suspect
b306440fd2aca569649fc9fbebf48b287c4ab364d3db7cd40cc2bf4d32bfa311,2023-04,Surrey Police,Surrey Police,-0.402837,51.413028,On or near Elm Drive,E01030755,Spelthorne 010C,Investigation complete; no suspect identified
978e765111e9642274b9036d99b5c0f92a8a2e879284718377ba43f1d810af35,2023-04,Surrey Police,Surrey Police,-0.785885,51.240179,On or near Carters Walk,E01030890,Waverley 001A,Suspect charged
27c205783315410448d4e466cd12f92303e9e8e039d39d0abe9667d9a138af86,2023-04,Surrey Police,Surrey Police,-0.519785,51.430093,On or near Goring Road,E01030666,Runnymede 003D,Investigation complete; no suspect identified
489ba0cbc34c6beab30df01d33e61ab0dc64a0863118d90569cfdf51b8dd843c,2023-04,Surrey Police,Surrey Police,-0.377366,51.395674,On or near Fleet Close,E01030334,Elmbridge 003A,Further investigation is not in the public interest
7459fd3edca99ef1afa5f155e91f987f54146ffbac89343e59f556fc8cc7c7a0,2023-04,Surrey Police,Surrey Police,-0.548500,51.314613,On or near Heathfield Road,E01030990,Woking 006C,Unable to prosecute suspect
ddf6bf0fc5aab4dc07eaff2063c6b951625bea51381e401ef33fc42dd202a329,2023-04,Surrey Police,Surrey Police,-0.130605,51.222042,On or near Kings Cross Lane,E01030814,Tandridge 008C,Investigation complete; no suspect identified
9967d5920c0c2242e1bd4bb4e56550f5a8d6fecac9186873069d1104c7288cd1,2023-04,Surrey Police,Surrey Police,-0.265361,51.333750,On or near Theatre/Concert Hall,E01034290,Epsom and Ewell 008F,Investigation complete; no suspect identified
ff7fc3420976109cbbe5dbea926e8e8761eb3abff97f8ebc13784ed0f9de7ced,2023-04,Surrey Police,Surrey Police,-0.615590,51.315291,On or near Alexandra Gardens,E01030979,Woking 007E,Further investigation is not in the public interest
20ba045a7dfb9dd9a4137417e7d9909214f625305af6614467c0abc7751a4868,2023-04,Surrey Police,Surrey Police,-0.609359,51.186652,On or near Bridge Street,E01030916,Waverley 007A,Investigation complete; no suspect identified
846bd7b43ccc1560ca963459df07de7ff706bf68cfa0aac32ba1a5eb3906e2c8,2023-04,Surrey Police,Surrey Police,-0.511947,51.434004,On or near Tilly's Lane,E01034291,Spelthorne 004F,Investigation complete; no suspect identified
540c916be6891e7c0ab32947a17966cb13d34bddfda2a46769a97b0b07e50a6a,2023-04,Surrey Police,Surrey Police,-0.577656,51.236171,On or near Theatre/Concert Hall,E01030455,Guildford 013E,Investigation complete; no suspect identified
0edf2c11cce27b566119f24c419e47ef904dc8e0a50eed7b24b008292f2e9fcb,2023-04,Surrey Police,Surrey Police,-0.642480,51.136620,On or near Petworth Road,E01030941,Waverley 012C,Further investigation is not in the public interest
cf5ceab5fd7eb5f88d322fc8006e0fe0c9e2f109a4594562a09350f15966ecc0,2023-04,Surrey Police,Surrey Police,-0.626869,51.318139,On or near Limecroft Road,E01030978,Woking 012C,Unable to prosecute suspect
270474811837391fe96c1eb87149d157b1fc44c8c06a8aaa278bcc93f84a4067,2023-04,Surrey Police,Surrey Police,-0.489119,51.388976,On or near Petrol Station,E01030658,Runnymede 004B,Investigation complete; no suspect identified
df972a7d8d56e7d70a880ee6357bcbe867a4b14d66f2a4b52f138c7f81d37364,2023-04,Surrey Police,Surrey Police,-0.000760,51.256668,On or near Shopping Area,E01030831,Tandridge 006A,Investigation complete; no suspect identified
7a4f9eada2a6a52c46f569c6da24060345d00ec034bb349224300c3bc641cb88,2023-04,Surrey Police,Surrey Police,-0.085476,51.305603,On or near Badgers Walk,E01030859,Tandridge 002C,Investigation complete; no suspect identified
6a0a164ea0b9bd34e5491af21de7a697ba4a2e7bd5f2e624f3ab48f6a7378fe5,2023-04,Surrey Police,Surrey Police,-0.588224,51.265317,On or near Escombe Drive,E01030488,Guildford 006C,Investigation complete; no suspect identified
cc5c2348abe4a04fa0097d0216daaeb6c43da78796b5550d6f7c619be55c9491,2023-04,Surrey Police,Surrey Police,-0.173735,51.303155,On or near Cleave Prior,E01030567,Reigate and Banstead 004C,Unable to prosecute suspect
bb726c0e999f451832ed714b3bc2c83be9d8100ddbb9c5453bddb06c1eebe374,2023-04,Surrey Police,Surrey Police,-0.565946,51.239175,On or near Dene Road,E01030457,Guildford 013F,Investigation complete; no suspect identified
327d9ba5cce1aa082e56e0568b905ed1ce0103e85e5cac009259c02195cdd8bc,2023-04,Surrey Police,Surrey Police,-0.449904,51.326048,On or near Park/Open Space,E01030458,Guildford 001B,Investigation complete; no suspect identified
6f1582ff797a328290226b91f69d35280bc71ec9e7ce865d77d5fc72929ccba5,2023-04,Surrey Police,Surrey Police,-0.828324,51.191415,On or near Juniper Close,E01030906,Waverley 009C,Unable to prosecute suspect
50121704de02f14f39dbb385804a1ed0dbdd59b7ca00c0e6ab3a3895987ad2d8,2023-04,Surrey Police,Surrey Police,-0.568037,51.316643,On or near Kingsway Avenue,E01030954,Woking 008A,Investigation complete; no suspect identified
c8d64040cee69cbba0d4a2473b1aed2fc687fd421644e124cf01ae6a8feb7e18,2023-04,Surrey Police,Surrey Police,-0.017950,51.174494,On or near Supermarket,E01030833,Tandridge 010C,Investigation complete; no suspect identified
25e4baba176f7540e5f77b86635e7b8608aef0181764c1e3e70ce9e187a1c940,2023-04,Surrey Police,Surrey Police,-0.422555,51.386201,On or near Wellington Close,E01030360,Elmbridge 007D,Investigation complete; no suspect identified
a59fbd0ac368f510def34da91b45d8bb38e1a4826ee3108d994e21a6832cd847,2023-04,Surrey Police,Surrey Police,-0.741174,51.318911,On or near Hospital,E01030768,Surrey Heath 010C,Unable to prosecute suspect
881251a93ea47ab913de646f880d25084b22737440995627696fcbefad5f9304,2023-04,Surrey Police,Surrey Police,-0.260662,51.338308,On or near Portland Place,E01030410,Epsom and Ewell 007F,Investigation complete; no suspect identified
96e09dc5d0c4d24e2b2681bed1254614fd3abaf73c2af778834001f1183347f4,2023-04,Surrey Police,Surrey Police,-0.455238,51.267810,On or near The Street,E01030441,Guildford 003A,Investigation complete; no suspect identified
da9c35bd3c14a28823f046132a59ae08ddbc84d4be2f1408334ce5a738eaa757,2023-04,Surrey Police,Surrey Police,-0.287126,51.345893,On or near Parking Area,E01030401,Epsom and Ewell 005C,Investigation complete; no suspect identified
34449cc15c298111a9e8264cc2a7a984cbbae98b8ff47f9bc8d25fa04754da5d,2023-04,Surrey Police,Surrey Police,-0.502933,51.430742,On or near Broadacre,E01030738,Spelthorne 004E,Unable to prosecute suspect
bb8a3db0bae2f98df0fae6b6bdb8e1dc4bf5cee1b7625f045568342534b04c7d,2023-04,Surrey Police,Surrey Police,-0.208874,51.155451,On or near Horley Road,E01030531,Mole Valley 013D,Investigation complete; no suspect identified
3e34a8eab25db510ff8b7cd0cec415e09fff925b6d5341ee25b25dc622f8c0c2,2023-04,Surrey Police,Surrey Police,-0.167110,51.242044,On or near Bus/Coach Station,E01035358,Reigate and Banstead 011I,Unable to prosecute suspect
48440ee198f7a07d8b624e6769181baf4fbec23b84d2d0a2faa1234d8fcf7671,2023-04,Surrey Police,Surrey Police,-0.455513,51.375840,On or near Lincoln Grove,E01030373,Elmbridge 012C,Investigation complete; no suspect identified
008139ca324275fab30a8c1e555515ed96e6b346042ae16dbc14f56f68d59334,2023-04,Surrey Police,Surrey Police,-0.227296,51.288798,On or near Stokes Ridings,E01030638,Reigate and Banstead 006D,Unable to prosecute suspect
8fd28b15d8cde0d8f79436da1f8b956547e48c282e9ee478a53210bc07d3c8ce,2023-04,Surrey Police,Surrey Police,-0.516962,51.338156,On or near Sheerwater Road,E01030984,Woking 004E,Unable to prosecute suspect
ba0ad5bc7e4e4f481a0c9b99e7f199afbcc050fe040c22895ec37b3250456c78,2023-04,Surrey Police,Surrey Police,-0.238371,51.291708,On or near The Avenue,E01030637,Reigate and Banstead 006C,Unable to prosecute suspect
19039d60082603c716180212d633c0ff8685673d2c6f3d5434b91f8893af960c,2023-04,Surrey Police,Surrey Police,-0.725465,51.270039,On or near Maple Close,E01030429,Guildford 004D,Unable to prosecute suspect
ba37682b277537795a9e127a6becc4b6728a30ebd90c18c0335ea8d280eb33a8,2023-04,Surrey Police,Surrey Police,-0.607463,51.241016,On or near Hospital,E01030470,Guildford 012A,Unable to prosecute suspect
8d5c3a17cef667f9cad7bc5d3cae9b887cd7f021ae6b1f551b8e6b63bdcc40f0,2023-04,Surrey Police,Surrey Police,-0.172698,51.239226,On or near Sports/Recreation Area,E01030615,Reigate and Banstead 010A,Unable to prosecute suspect
408de5bfcb0292effc352ad80b366ba0e9a23ff78dcb15e9c4b622145166a7b3,2023-04,Surrey Police,Surrey Police,-0.267261,51.332342,On or near Shopping Area,E01034289,Epsom and Ewell 008E,Investigation complete; no suspect identified
8001e2576ca7059312026adc92bebd6c04ea4951c69b37852a08bfce19c92a27,2023-04,Surrey Police,Surrey Police,-0.747581,51.313917,On or near Station Road,E01030766,Surrey Heath 010A,Investigation complete; no suspect identified
67973d789a4273e2b126c3799210d638e8e322c2de0e6cbd0539e5476e3485e1,2023-04,Surrey Police,Surrey Police,-0.241373,51.345628,On or near Station Approach,E01030396,Epsom and Ewell 010D,Investigation complete; no suspect identified
371edec1fc60b354544a703206db29947e878101a3e33b7e3c8831d3b82a6827,2023-04,Surrey Police,Surrey Police,-0.420891,51.386520,On or near Shopping Area,E01030357,Elmbridge 007A,Unable to prosecute suspect
32d0dcb83e96411149e91853607d42d6bc9003a4ca286590d4c3287deceaf500,2023-04,Surrey Police,Surrey Police,-0.457034,51.357516,On or near Julian Hill,E01030348,Elmbridge 016C,Investigation complete; no suspect identified
0421de2d9c0ff11ef299a1dd6dec666952da178106771e7f5026ee7d9e6abc35,2023-04,Surrey Police,Surrey Police,-0.330003,51.297277,On or near Kingston House Gardens,E01030550,Mole Valley 003C,Investigation complete; no suspect identified
521ab5d124981f31ded424e3f3ce3df6c43f38d0188577c33b442386a16424b7,2023-04,Surrey Police,Surrey Police,-0.101945,51.289981,On or near Wellington Road,E01030857,Tandridge 003D,Investigation complete; no suspect identified
b144582b69997da52ddf04b238b58b6cad37c62fe776d961a856a0b970782e0e,2023-04,Surrey Police,Surrey Police,-0.436690,51.277078,On or near Kingston Avenue,E01030445,Guildford 003E,Investigation complete; no suspect identified
4f2776392e2fc72805490e9e5e4491f74df2573e2f0e67f4094a9c1ef380fcd1,2023-04,Surrey Police,Surrey Police,-0.719680,51.257431,On or near Supermarket,E01030430,Guildford 004E,Further investigation is not in the public interest
debf21cf869f2d8cd6bba57baf7bb310298f53ddf9ebef89bf20c0199cc19775,2023-04,Surrey Police,Surrey Police,-0.720054,51.088422,On or near Parking Area,E01030931,Waverley 016B,Unable to prosecute suspect
72c9c7c48d074df2679e5b3b89e0cc1bafa0cba0d8bad584c512663b805623b5,2023-04,Surrey Police,Surrey Police,0.012671,51.177910,On or near St Pier's Lane,E01030821,Tandridge 010A,Investigation complete; no suspect identified
3dfdb39205346e24535be3fc0854ebfc888baadf508f5131c9546b80abaaeada,2023-04,Surrey Police,Surrey Police,-0.773301,51.218322,On or near Moor Park Lane,E01030894,Waverley 004D,Unable to prosecute suspect
886dcd1bb62a8036830f4909682b77a614da2d7c4b360c1667ad5e51d4d7005d,2023-04,Surrey Police,Surrey Police,-0.598934,51.242578,On or near Beech Grove,E01030470,Guildford 012A,Investigation complete; no suspect identified
c61e31a682e4c9adb77ea36c1d09ae5bf507bdf00e883c172c20b505afc82dc7,2023-04,Surrey Police,Surrey Police,-0.463026,51.346714,On or near Petrol Station,E01030347,Elmbridge 016B,Investigation complete; no suspect identified
b7142ecba045890a1acffe2d1c4f71abcc8773553e2ca3c51b34c08bbf685247,2023-04,Surrey Police,Surrey Police,-0.197082,51.160809,On or near Parking Area,E01031575,Crawley 001C,Further investigation is not in the public interest
141e21bf57070a93fd114519f407c886c9ef0db0cadcc2d1f690e0be590d8708,2023-04,Surrey Police,Surrey Police,-0.267261,51.332342,On or near Shopping Area,E01034289,Epsom and Ewell 008E,Further investigation is not in the public interest
34a79073daaa882739db4a161da1cb7d95335a977cd07bd12b55bdb222ca43b2,2023-04,Surrey Police,Surrey Police,-0.463328,51.193260,On or near Hound House Road,E01030492,Guildford 018C,Unable to prosecute suspect
bc8685abc2691257d6ecf136c63e01bfce084b862bc5b6835973b9200d27114b,2023-04,Surrey Police,Surrey Police,-0.746844,51.100987,On or near High Pitfold,E01030929,Waverley 017D,Unable to prosecute suspect
8502290c807b0634450e9a9106c1892a3a3040f4d32dc844288ab3063ef9b242,2023-04,Surrey Police,Surrey Police,-0.525398,51.434012,On or near The Causeway,E01030666,Runnymede 003D,Investigation complete; no suspect identified
76203ff789c328230a2ace8a74241cd8385c9fc3f2a70f244ef8bf3352faa8ad,2023-04,Surrey Police,Surrey Police,-0.271235,51.345398,On or near Briane Road,E01030384,Epsom and Ewell 005B,Investigation complete; no suspect identified
31735763fd0bf55268eca213d4b65d46ccffd51185de7411787c77b93137695d,2023-04,Surrey Police,Surrey Police,-0.600696,51.257697,On or near Clayton Drive,E01030486,Guildford 009A,Unable to prosecute suspect
d21b7e57f1e5ba27963c373e60ac528c7b2f5dcc76cb5da3155ff6de3e26e287,2023-04,Surrey Police,Surrey Police,-0.589911,51.264033,On or near Knox Road,E01030488,Guildford 006C,Unable to prosecute suspect
f8b0a70cc2029723baf13f99470c6d2f814c5c7e1189b5cef7d9bd9c0e8fe6ef,2023-04,Surrey Police,Surrey Police,-0.420244,51.391116,On or near Sullivans Reach,E01030357,Elmbridge 007A,Unable to prosecute suspect
0be24d7e94a46309c6cfd9665f0d04c1ebab23b25be3eae6ce18cb8503d5403b,2023-04,Surrey Police,Surrey Police,-0.513346,51.404644,On or near Theme/Adventure Park,E01030685,Runnymede 004C,Investigation complete; no suspect identified
b70abf9f6364ff2b15ca1cdbd86ceca310fca21f1883823b62d6cd6686e8d7bd,2023-04,Surrey Police,Surrey Police,-0.150827,51.175906,On or near Russet Close,E01030582,Reigate and Banstead 017C,Unable to prosecute suspect
c07e72537c0f8f4311ab9b93c939630de9415c5583f80e1ff52c0b27e350a6e8,2023-04,Surrey Police,Surrey Police,-0.160731,51.214614,On or near Yeoman Way,E01030572,Reigate and Banstead 014C,Investigation complete; no suspect identified
50ef53e7c29849387818f7417779312d3f1369c09de6961421d6e73a51a3ec48,2023-04,Surrey Police,Surrey Police,-0.587165,51.249343,On or near Supermarket,E01030487,Guildford 006B,Investigation complete; no suspect identified
bd574aacea954479c1c444da14663807c620e47b23c5b5b692afeb17c6976b8e,2023-04,Surrey Police,Surrey Police,-0.303511,51.316680,On or near Rutland Close,E01030514,Mole Valley 001E,Investigation complete; no suspect identified
0edd6ab539d77d6b0d5843a60a5b4f2ed0b4bf702c5194696339e952bd00b0d6,2023-04,Surrey Police,Surrey Police,-0.760237,51.335705,On or near York Terrace Lane,E01030793,Surrey Heath 008A,Unable to prosecute suspect
736577c9908c1e4c80b89448805020f6f3d500f8b60951963e3f2223e3558d7e,2023-04,Surrey Police,Surrey Police,-0.405569,51.370046,On or near Beech Close,E01030313,Elmbridge 010A,Further investigation is not in the public interest
085ec2dfc25a52a2043595f71a3f4b580484e2850b6b7a7114bff70940b37b80,2023-04,Surrey Police,Surrey Police,-0.003511,51.145111,On or near Lake View Road,E01030822,Tandridge 010B,Further action is not in the public interest
1646c82d76b2e1fd9b4c9c06a05cf3002d654d24f1c1684c704d70513bd989b9,2023-04,Surrey Police,Surrey Police,-0.576141,51.258327,On or near Paynter Court,E01030483,Guildford 007C,Investigation complete; no suspect identified
48c914739bba2ceeb6ce6689d682a4452023655d8f240dafb0d3a1a3eda34cde,2023-04,Surrey Police,Surrey Police,-0.448487,51.432777,On or near Feltham Road,E01030703,Spelthorne 005C,Investigation complete; no suspect identified
5a8bd039483f65e50ff8c67b3e16c3673e8abdce028aebb92b8800bef25c7dae,2023-04,Surrey Police,Surrey Police,-0.257433,51.344708,On or near Nursery Close,E01030391,Epsom and Ewell 007B,Suspect charged
bfa8c5b913d75519c64aa70cea91007819474a4671d93a7bc25637dec870fed5,2023-04,Surrey Police,Surrey Police,,,No location,,,Investigation complete; no suspect identified
f455226e7a8cd5baf3e164ba846647dbb88f8c419f8da55f7e36bdc311044560,2023-04,Surrey Police,Surrey Police,-0.104923,51.289075,On or near Cornwallis Close,E01030857,Tandridge 003D,Investigation complete; no suspect identified
843d9806f50b119027ec17a1207a6178efa2e7502fd264e1d1d4f0b107804582,2023-04,Surrey Police,Surrey Police,-0.528539,51.335272,On or near Loder Close,E01034293,Woking 004G,Investigation complete; no suspect identified
914ceac6d747e217593b9bea5a06cb34634fb42c1321b66474530e413f57fc10,2023-04,Surrey Police,Surrey Police,-0.574926,51.234600,On or near Mill Lane,E01030455,Guildford 013E,Investigation complete; no suspect identified
8c2161c8122b2b3eff03c3386bdbe01d1cbeb28bfd27661c85e1f83efda451ad,2023-04,Surrey Police,Surrey Police,-0.511437,51.433314,On or near Parking Area,E01034291,Spelthorne 004F,Investigation complete; no suspect identified
4cb1fb04c1e45f21d368f0a664132c3ae20b5be2187f44d26be0200324ab3f39,2023-04,Surrey Police,Surrey Police,-0.490571,51.347899,On or near Heathervale Way,E01030681,Runnymede 010A,Investigation complete; no suspect identified
f534974a2feb19976c89712d3f7defd90cd2c4c30b2b5065138e9dacaa2a4482,2023-04,Surrey Police,Surrey Police,-0.213809,51.327397,On or near Eastgate,E01030604,Reigate and Banstead 001B,Unable to prosecute suspect
917edfa7b7e76af06e8f207fd109e0bbb8ebd43cd3cddf13d3dc5fdb5a939501,2023-04,Surrey Police,Surrey Police,-0.597852,51.246117,On or near Linkway,E01030493,Guildford 009B,Investigation complete; no suspect identified
b300b0e224e104d90dc9f45bb292285da36dc952c427d45564bcff256ab00966,2023-04,Surrey Police,Surrey Police,-0.285184,51.165326,On or near Church Road,E01030528,Mole Valley 013B,Unable to prosecute suspect
6109d16fe0dea478ddc94f724dffd670df67d7e8c5b7d3cf0e6d59e236747ca7,2023-04,Surrey Police,Surrey Police,-0.416335,51.404444,On or near Farrier Close,E01030720,Spelthorne 011D,Unable to prosecute suspect
60d7088756563d59260145cd7d4cc1faa7099df345e1eb37f33b11adad39d2f0,2023-04,Surrey Police,Surrey Police,-0.792960,51.212331,On or near Station Hill,E01030888,Waverley 004C,Further investigation is not in the public interest
acc4c5f289e3c0fadf2cfaf369ac9cd34a567ff628c86da3b49de5f8bcaca3c2,2023-04,Surrey Police,Surrey Police,-0.091870,51.297757,On or near Rosebriars,E01030846,Tandridge 003C,Investigation complete; no suspect identified
c5114b53269a90963521e68ce091d68ab07db8790271740546e71d5bc7e2b1cd,2023-04,Surrey Police,Surrey Police,-0.269249,51.331394,On or near A24,E01034289,Epsom and Ewell 008E,Investigation complete; no suspect identified
6198a28634a1067bf21b5f2dae32fe7285eeb8106109ef881b8d60d68c2775e7,2023-04,Surrey Police,Surrey Police,-0.570366,51.239832,On or near York Road,E01030457,Guildford 013F,Unable to prosecute suspect
6acc1e6c6f097c1783c129f012f6ac426e6fa396670ae7e05117630adc2cd31c,2023-04,Surrey Police,Surrey Police,-0.526886,51.376993,On or near Hospital,E01030677,Runnymede 008A,Suspect charged
128a85f39eaa155d64c82aa687e5ad3b7cd2b0e3114ede986658bd1683f84b12,2023-04,Surrey Police,Surrey Police,-0.276587,51.368076,On or near Rowden Road,E01030400,Epsom and Ewell 002C,Investigation complete; no suspect identified
6c6b316ad74d379acb808fb329dd1ea793b41b3180df2f928b0e802bccb46823,2023-04,Surrey Police,Surrey Police,-0.199865,51.232193,On or near St Mary's Road,E01030597,Reigate and Banstead 012C,Investigation complete; no suspect identified
b4ca07f151e7de49d7e81dff1686c6432afcf394c35e2a828537691f35fa904f,2023-04,Surrey Police,Surrey Police,-0.702048,51.329355,On or near Parking Area,E01030777,Surrey Heath 007D,Investigation complete; no suspect identified
7b02896d51d424ee6dd4c5e0e0b95272c4ea583685b17a93cdeb6a6e086012ec,2023-04,Surrey Police,Surrey Police,-0.701671,51.323893,On or near Ridgewood Drive,E01030774,Surrey Heath 007A,Suspect charged
846cf9b8020ec13ad6fbb9079a56633a292b86675a73694663867db56ca9a94b,2023-04,Surrey Police,Surrey Police,-0.724348,51.318657,On or near Kenton Close,E01030769,Surrey Heath 010D,Unable to prosecute suspect
c3f6f7e169b6f8a9a9c0041c3b62e1094c7ba2afd1894469e09e3c7186ddc91d,2023-04,Surrey Police,Surrey Police,-0.664253,51.379305,On or near London Road,E01030810,Surrey Heath 001E,Investigation complete; no suspect identified
2ef0b5e415e48199e06e81007f04c620d0a6ae74d6ba3620430442db1f313c8f,2023-04,Surrey Police,Surrey Police,-0.819989,51.195584,On or near Cokenor Wood,E01030906,Waverley 009C,Unable to prosecute suspect
4e8820846a84e75317bd55ab6bdb98fc5b68f64fbdd9bd0bb50ae91e6f58836a,2023-04,Surrey Police,Surrey Police,-0.509189,51.435642,On or near Mill Mead,E01034291,Spelthorne 004F,Local resolution
26f935c2e29b7e44dba82f151e0f19c9d82698c00cf5e034efaaf9c477394fe3,2023-04,Surrey Police,Surrey Police,-0.554786,51.246951,On or near St Mildred's Road,E01030439,Guildford 011C,Investigation complete; no suspect identified
b9fad4be094c51b794e5d89ae9c190cffebd83e7336c43d676c889d7327d4f6b,2023-04,Surrey Police,Surrey Police,-0.516066,51.416117,On or near Peket Close,E01030686,Runnymede 004D,Unable to prosecute suspect
77a5a106dd6bfa7a34b996c6753cc2e5b5c7e04d0f1e5f13e35ff0fc19c3203e,2023-04,Surrey Police,Surrey Police,-0.511769,51.419111,On or near Riverside Drive,E01030728,Spelthorne 009C,Investigation complete; no suspect identified
8f65af39c04b87a875376fb3b11bd792a3d6746537663b090615e822e5980293,2023-04,Surrey Police,Surrey Police,-0.522590,51.285873,On or near Withycombe Close,E01030475,Guildford 001D,Local resolution
0342b6b14a4e8aac129b9ddc720aa0a2e174305001c0128e53d3b4ee832b38c1,2023-04,Surrey Police,Surrey Police,-0.426038,51.389827,On or near The Crescent,E01030357,Elmbridge 007A,Investigation complete; no suspect identified
451d6f8defc1ded941aba1a8d403c15dc36980b048b75c018ca545b5a037f208,2023-04,Surrey Police,Surrey Police,-0.744264,51.339230,On or near St George's Road,E01030800,Surrey Heath 005E,Investigation complete; no suspect identified
7540d8ddf7fce57e169ef63850ede20a925863f6b28ee41906ab605779807a33,2023-04,Surrey Police,Surrey Police,-0.080300,51.308971,On or near St Luke's Road,E01035363,Tandridge 002E,Investigation complete; no suspect identified
309736094dc7328b52e6cec9c1fb1626015c2353038c1f500c5bf5fd6c7e420b,2023-04,Surrey Police,Surrey Police,-0.426364,51.411755,On or near Peregrine Road,E01030717,Spelthorne 011A,Investigation complete; no suspect identified
5917ebceaebbf8f0605537def518dbfe018a82b051fe3c0ce983d5af7136e049,2023-04,Surrey Police,Surrey Police,-0.578057,51.232929,On or near Millmead Terrace,E01030449,Guildford 016B,Investigation complete; no suspect identified
7fa8bea0cee07b3bdeea0ee18c2cec906e607bd9755b99313189b133b8c0fe20,2023-04,Surrey Police,Surrey Police,-0.444723,51.368198,On or near South Road,E01030375,Elmbridge 012E,Investigation complete; no suspect identified
f3fde597a9bf1165048bc2368b2d882ae1c755866cb436bbc14e238152b9b301,2023-04,Surrey Police,Surrey Police,-0.417589,51.385181,On or near Church Walk,E01034286,Elmbridge 007F,Investigation complete; no suspect identified
b10f75358dc17d8241975f358a250b8f2d50c4f26233ac4e575f848fa2843b52,2023-04,Surrey Police,Surrey Police,-0.291942,51.318311,On or near Devitt Close,E01030513,Mole Valley 001D,Investigation complete; no suspect identified
b695b5b3a75ce9a622d7bc130cf33ffb83ae1e9e1195e0e795a6b34cf69e2127,2023-04,Surrey Police,Surrey Police,-0.754763,51.122007,On or near Churt Road,E01030935,Waverley 018E,Investigation complete; no suspect identified
502adcb912a64d66a55bca06c3e947602cae36ef154f011cab1bc2bc570f582d,2023-04,Surrey Police,Surrey Police,-0.620202,51.321307,On or near Swallow Rise,E01030977,Woking 007D,Further investigation is not in the public interest
14b9cb78245695a9356b2f3c6d4d2612b3e09141dcdf0ec8fa73561bc8eadba4,2023-04,Surrey Police,Surrey Police,-0.462198,51.431447,On or near Elmsway,E01030704,Spelthorne 005D,Investigation complete; no suspect identified
867839514dfc98cd8f8de8923fb5d6c76c18ba49229a6d78f3a6c36928a02738,2023-04,Surrey Police,Surrey Police,-0.553933,51.321173,On or near Stanley Road,E01030954,Woking 008A,Investigation complete; no suspect identified
d829102ccb53308847a40c19a16d08b051488d3d57d27c5df606e140705a9c3e,2023-04,Surrey Police,Surrey Police,-0.622985,51.311754,On or near Petrol Station,E01030979,Woking 007E,Investigation complete; no suspect identified
6cea19c630c56bf5136421d1146b9593632cf713afc150d31fca5e112defaf4d,2023-04,Surrey Police,Surrey Police,-0.603515,51.186358,On or near Supermarket,E01030916,Waverley 007A,Investigation complete; no suspect identified
99df564ebe6b97c2d3341edd06ea1bdfe1f7c34a9e2aef204423987c29838c86,2023-04,Surrey Police,Surrey Police,-0.644768,51.296541,On or near The Gardens,E01030473,Guildford 002C,Investigation complete; no suspect identified
10269ede6991c49c641952d6a2a45e31604f34ce0fbaebddbdf85b9d654161b2,2023-04,Surrey Police,Surrey Police,-0.727289,51.283412,On or near Lake Avenue,E01030785,Surrey Heath 012D,Further investigation is not in the public interest
d8efe31bd6f9f4a664ebebd5f96a6b38b5e0c9e5cf1bc53855accfe9f9852639,2023-04,Surrey Police,Surrey Police,-0.717194,51.343127,On or near Beaufront Close,E01030796,Surrey Heath 005A,Investigation complete; no suspect identified
6bda6195e8a317de594d545f82ddf7a911456eb064eb1319d6e56891438251c1,2023-04,Surrey Police,Surrey Police,-0.493582,51.387414,On or near Springfields Close,E01030654,Runnymede 006C,Investigation complete; no suspect identified
3a246244185f3430f8e5b1871c584ae4a213de92fcdd165aef2899aed0776421,2023-04,Surrey Police,Surrey Police,,,No location,,,Unable to prosecute suspect
3fd12c512b6ecd8a27230fed7e20c9e442a0a58992e4baa57145d183437193e1,2023-04,Surrey Police,Surrey Police,-0.506137,51.393366,On or near Alwyns Close,E01030659,Runnymede 006E,Investigation complete; no suspect identified
daca047dbd301e2bca5814693a377f3608cc02d4f5df573fc46873ba27b04ecb,2023-04,Surrey Police,Surrey Police,-0.270256,51.339350,On or near Parking Area,E01030403,Epsom and Ewell 007C,Investigation complete; no suspect identified
70546670c8ed867cbc3aee8143adc9826421d75733d397716b55fd990ba7bb09,2023-04,Surrey Police,Surrey Police,-0.298692,51.338732,On or near Sherwood Way,E01030402,Epsom and Ewell 005D,Investigation complete; no suspect identified
508c535ae8d829de65879c92343f3dbd5c052bb9a10d5fe37af1f855714f48bb,2023-04,Surrey Police,Surrey Police,-0.594700,51.263516,On or near Oakwood,E01030488,Guildford 006C,Investigation complete; no suspect identified
3881a11eb66131fed3d0e87c7f6270dcf224aa860c3e99cf4adb9f3a91122b45,2023-04,Surrey Police,Surrey Police,-0.600099,51.234400,On or near Wilderness Road,E01030467,Guildford 015B,Unable to prosecute suspect
186f11da671a5078e49f21c35bd40dacfd22ec748c8e83ee8303280f756adac4,2023-04,Surrey Police,Surrey Police,-0.694615,51.361114,On or near London Road,E01030759,Surrey Heath 002C,Investigation complete; no suspect identified
215b0a48aca552c313c36fe06fb275fb97833343633959293c16424e26dedd18,2023-04,Surrey Police,Surrey Police,-0.626725,51.312391,On or near A322,E01030978,Woking 012C,Unable to prosecute suspect
1a6cab82f83b9548a79dbc185d22f73c18ddb1ee38e390b39d67a0fd01d2b8aa,2023-04,Surrey Police,Surrey Police,-0.244958,51.311933,On or near Parking Area,E01030380,Epsom and Ewell 009B,Unable to prosecute suspect
fbeb4fffcf210e563c6aad8a523a73e16f5b0aaffb782868474c3afb764f5590,2023-04,Surrey Police,Surrey Police,-0.271160,51.361872,On or near Baker Place,E01030414,Epsom and Ewell 002D,Investigation complete; no suspect identified
dbfdd1a530225426eada5d38342fb74ae2b29120dc2474f89a60d32d1b02beb7,2023-04,Surrey Police,Surrey Police,-0.491150,51.425960,On or near Cherry Tree Avenue,E01030741,Spelthorne 007D,Investigation complete; no suspect identified
17a9b0cc606d726e955402b74e58491eb6da153f393aecc3dc577b92583d1af0,2023-04,Surrey Police,Surrey Police,-0.511947,51.434004,On or near Tilly's Lane,E01034291,Spelthorne 004F,Unable to prosecute suspect
73fff6b4da1b84d58c7c0e49828a76508811c61618ed6d29e32b9902265f813e,2023-04,Surrey Police,Surrey Police,-0.207975,51.237668,On or near High Street,E01030620,Reigate and Banstead 012D,Local resolution
290c9fe94a5908f36d152e52e025a6c896e09a84a91b9807e66d3cc55d79b40f,2023-04,Surrey Police,Surrey Police,-0.599773,51.262587,On or near Deacon Way,E01030501,Guildford 005C,Investigation complete; no suspect identified
4d2092b8cc4feb7937643b907d1c68f24c2910a37d8cb8252396ede1fbf2c6f5,2023-04,Surrey Police,Surrey Police,-0.532239,51.289996,On or near Sandy Lane,E01030477,Guildford 001F,Unable to prosecute suspect
0812351f1b28937fe70dbeca0bfab7459e5dc91970279d8ea9e8095d41ccacce,2023-04,Surrey Police,Surrey Police,-0.612470,51.320703,On or near Anchor Hill,E01030974,Woking 007A,Unable to prosecute suspect
9ec477323ab5b83e529b2391e83665c99b7d7fad472e64d653d33df931c77af0,2023-04,Surrey Police,Surrey Police,-0.430816,51.416940,On or near Windmill Road,E01030725,Spelthorne 006E,Investigation complete; no suspect identified
b46422109979eedf8bab0bf484826b94503fe0425467903172e6b3447d9f7118,2023-04,Surrey Police,Surrey Police,-0.833596,51.210999,On or near Clarks Hill,E01030886,Waverley 003C,Investigation complete; no suspect identified
e9682416592181d73f59a5102075203f0b9dc4919a219cfb06f5ebc8e53abac9,2023-04,Surrey Police,Surrey Police,-0.353713,51.290473,On or near The Old Street,E01030541,Mole Valley 005C,Unable to prosecute suspect
7c2f324dba5514046f57c1cc92e3b464846a83d15e756bc48ce2fe34f2334c71,2023-04,Surrey Police,Surrey Police,-0.251119,51.369506,On or near Vale Road,E01030378,Epsom and Ewell 003B,Action to be taken by another organisation
795eccea584cf08c1c22f42123683f0c8f70b6f5083a56d6837f11eaf3f7ef18,2023-04,Surrey Police,Surrey Police,-0.403183,51.378754,On or near Beecot Lane,E01030365,Elmbridge 008D,Investigation complete; no suspect identified
ef73cc0a0a3fca4628b3eafc0b90cd8f53228c2f136bf62c1105818ce1a3882a,2023-04,Surrey Police,Surrey Police,-0.530736,51.334373,On or near Hennessy Court,E01034293,Woking 004G,Investigation complete; no suspect identified
bad459b0eb686730613eb86076c6340661723b53cc66522c3d9cef07d0a77272,2023-04,Surrey Police,Surrey Police,-0.766892,51.334885,On or near The Terrace,E01030793,Surrey Heath 008A,Investigation complete; no suspect identified
cc5168ee1978ec74a9f42855ca0f9f50c12f50e32369b73e04c915701b744569,2023-04,Surrey Police,Surrey Police,-0.264016,51.346434,On or near Bishopsmead Close,E01030385,Epsom and Ewell 007A,Investigation complete; no suspect identified
8061875a1120375a2bd296cc7849bfb7c408517b006eca4cfb30ed181f4ace10,2023-04,Surrey Police,Surrey Police,-0.176079,51.304819,On or near Outwood Lane,E01030567,Reigate and Banstead 004C,Investigation complete; no suspect identified
d1d9002c59e5447ab3e0dec020bf73aca8e917ab37078daae8b23597fdcf4168,2023-04,Surrey Police,Surrey Police,-0.499497,51.422318,On or near Grosvenor Road,E01030726,Spelthorne 009A,Investigation complete; no suspect identified
9d712664ab705655b6bb3eff9d8330d8f6b28f00992ebba8628ea534734d0981,2023-04,Surrey Police,Surrey Police,-0.784305,51.219139,On or near Guildford Road,E01030893,Waverley 003D,Investigation complete; no suspect identified
c9115cd18dc1f24bd7fd5b9cf212550a53bde71747398b74d8380874a5d3c8b5,2023-04,Surrey Police,Surrey Police,-0.496847,51.372439,On or near Meadow Way,E01030648,Runnymede 007B,Investigation complete; no suspect identified
18732e8750acf3dbb4ed020bb5315afc4d52f137708466627bb401d54d6be568,2023-04,Surrey Police,Surrey Police,-0.427065,51.412672,On or near Parking Area,E01030717,Spelthorne 011A,Investigation complete; no suspect identified
c93c91c6e8610d8af08c2c9a851cffab90b7fe6db58760c672516a3d82ee79ec,2023-04,Surrey Police,Surrey Police,-0.642779,51.323630,On or near Mainstone Road,E01030761,Surrey Heath 006A,Action to be taken by another organisation
b5b21fea895a38d6873d3f2b9f3d0a8c826f7556752db3e42dac9fa120b80883,2023-04,Surrey Police,Surrey Police,-0.721853,51.288640,On or near Nightingale Drive,E01030783,Surrey Heath 012B,Investigation complete; no suspect identified
fbc10e83fdbd019afa14ce9d445a23721be484c7df41be8b5cf85add88101535,2023-04,Surrey Police,Surrey Police,-0.731881,51.084604,On or near Dale View,E01030928,Waverley 017C,Investigation complete; no suspect identified
96cc77e438ffd63c5b45ccd5d60c70b0e55eb40d999f04b62e928244642c3e1f,2023-04,Surrey Police,Surrey Police,-0.649337,51.172004,On or near Upper Manor Road,E01030937,Waverley 011C,Investigation complete; no suspect identified
081c945839ab8b7048816b3f0460fdc2a2a4c70debaaa43d625aa1457344e17e,2023-04,Surrey Police,Surrey Police,-0.555205,51.319957,On or near Locke Way,E01030954,Woking 008A,Investigation complete; no suspect identified
9c9f45e9545a4c3c3382309724c8e126e2ba228895b9227b0bc40db8d7796572,2023-04,Surrey Police,Surrey Police,-0.371942,51.380410,On or near Joseph Locke Way,E01030310,Elmbridge 013D,Unable to prosecute suspect
3f909f5e19ad71575f920f03825be941904e3362e7c9ff2db07c384c207a069c,2023-04,Surrey Police,Surrey Police,-0.526886,51.376993,On or near Hospital,E01030677,Runnymede 008A,Unable to prosecute suspect
cc1de633a803769a78c8844e9f473e641d9074b1eaf11c2e5ddd473b15155ab5,2023-04,Surrey Police,Surrey Police,-0.318816,51.289779,On or near Clinton Road,E01030553,Mole Valley 004C,Unable to prosecute suspect
4cf81f2ed0f53db94bae2719a78d4b6291314c87905e993b616b131e27986061,2023-04,Surrey Police,Surrey Police,-0.164734,51.238176,On or near A25,E01035358,Reigate and Banstead 011I,Investigation complete; no suspect identified
4d1d5edd507659c329f38d09f9d1c0a8b1519c0c3bc48dc697657f440c21e071,2023-04,Surrey Police,Surrey Police,-0.560847,51.235920,On or near Cooper Road,E01030453,Guildford 013D,Investigation complete; no suspect identified
3a933da93743e9d04dccd71ef240fcade169e550fac28aab34514df07203fb0d,2023-04,Surrey Police,Surrey Police,-0.441160,51.432041,On or near Wren's Avenue,E01030706,Spelthorne 005F,Investigation complete; no suspect identified
06801ed34ec85bf428ab6598376a9347b88df8d26a05514524fefd2fc26912e8,2023-04,Surrey Police,Surrey Police,-0.501689,51.385639,On or near Eastworth Road,E01030652,Runnymede 006A,Investigation complete; no suspect identified
198d980779f7b11515a885d9dc78dedebcc2e5f61c13f35d75d4d958450e9a80,2023-04,Surrey Police,Surrey Police,-0.497251,51.299948,On or near Dorton Way,E01030459,Guildford 001C,Investigation complete; no suspect identified
bc078ca92630fc9948e730ae140e063fa6a71c7e2a0eb37f5ccb7ca1ac72d40f,2023-04,Surrey Police,Surrey Police,-0.476523,51.425061,On or near York Close,E01030739,Spelthorne 007B,Unable to prosecute suspect
52296d2c62e260e84ed8ea9464994f10e62c4bcad74d371b347aea7ece8a26d4,2023-04,Surrey Police,Surrey Police,-0.569482,51.246628,On or near Lido Road,E01030438,Guildford 013A,Investigation complete; no suspect identified
5b5b447b6745f863c5a8567f37cf8a3c1f7b3b4fae261720690dd35d190f6a86,2023-04,Surrey Police,Surrey Police,-0.390467,51.370118,On or near Longmore Road,E01030312,Elmbridge 014B,Investigation complete; no suspect identified
a5a5b5953c9bb23114afd8cb69fa15db3772e5268d662893edc3236cf8455de7,2023-04,Surrey Police,Surrey Police,-0.495496,51.349222,On or near Heathervale Road,E01030694,Runnymede 010E,Investigation complete; no suspect identified
0bde1ef589f21c5941fb8bd6896373e5fdadfda65fcf199d0bd32e8c8820bc2b,2023-04,Surrey Police,Surrey Police,-0.762734,51.332557,On or near Queen Mary Avenue,E01030793,Surrey Heath 008A,Unable to prosecute suspect
9ba856569fc86131c56d2df798c80c27c5853c4538b45259705e0a868cd27cbf,2023-04,Surrey Police,Surrey Police,-0.573939,51.238309,On or near Supermarket,E01030451,Guildford 013C,Investigation complete; no suspect identified
83c21baa95a8009c2c303f7be8a483bed54ac14a9b2712a6593ab71940fdb16b,2023-04,Surrey Police,Surrey Police,-0.570308,51.260181,On or near Woodlands Road,E01030482,Guildford 007B,Unable to prosecute suspect
8f782bc4b127bd47fb2f752b3f389fbf2f7695fb6dd9dafac1c6b3ec187c5b99,2023-04,Surrey Police,Surrey Police,-0.571883,51.235273,On or near Tunsgate,E01030455,Guildford 013E,Unable to prosecute suspect
ccdf179fef6e245b3508bebaac9a0438c51c9a9a7f9d0d4417e45d1db10f8a10,2023-04,Surrey Police,Surrey Police,-0.582017,51.242959,On or near Kernal Court,E01030452,Guildford 015A,Unable to prosecute suspect
cccca572c7d5131e41d17f9b083e3bfbeff2ed7acbad6a1109f32cadf66e07c6,2023-04,Surrey Police,Surrey Police,-0.650771,51.170429,On or near Cherry Tree Road,E01030938,Waverley 011D,Investigation complete; no suspect identified
68b0bd8abf9f609d8b866a3e28aa6c10388efb878e00e0cef5a3d65ada2f9542,2023-04,Surrey Police,Surrey Police,-0.330373,51.211097,On or near Parklands,E01030544,Mole Valley 011A,Unable to prosecute suspect
148f69c6cf6fbef5ab9ed338abb1cad0792638cd8b74f6237e729518f7a64429,2023-04,Surrey Police,Surrey Police,-0.578719,51.318320,On or near Slocock Hill,E01030970,Woking 008C,Investigation complete; no suspect identified
d1b2ec400eed902b701895c7e249bd7534e71f4317cd77c8af571d29d455d657,2023-04,Surrey Police,Surrey Police,-0.274176,51.358076,On or near Vernon Close,E01030414,Epsom and Ewell 002D,Unable to prosecute suspect
5b2c91008d659a0b3fcec249057d67c68b14590404d36698b303c062764bbe1b,2023-04,Surrey Police,Surrey Police,-0.152122,51.165683,On or near Haroldslea Close,E01030583,Reigate and Banstead 017D,Investigation complete; no suspect identified
58d2dcf61d14179802fd5f0f760a4dfa201eba6656b21691ac78b7ff2c6039db,2023-04,Surrey Police,Surrey Police,-0.686586,51.366645,On or near Grove End,E01030758,Surrey Heath 002B,Investigation complete; no suspect identified
3ed81b82711dcf9604c9ce7e5bc3cfc2e72ff74645d251ee1a3936b172391e00,2023-04,Surrey Police,Surrey Police,-0.284258,51.343494,On or near Burnhams Grove,E01030384,Epsom and Ewell 005B,Unable to prosecute suspect
b1ad33a05022868d57ae45972c84547e132f43eea9f028cfc9f93af1d4170dd3,2023-04,Surrey Police,Surrey Police,-0.571883,51.235273,On or near Tunsgate,E01030455,Guildford 013E,Investigation complete; no suspect identified
0c6526197fc5919e85841cab36e520e13cd018b9a7b9e9c583dada9eeb6ee7e3,2023-04,Surrey Police,Surrey Police,-0.169073,51.241841,On or near Parking Area,E01030617,Reigate and Banstead 010C,Investigation complete; no suspect identified
65dc43b89b0c74f543d4355cb3644bc3d1313913dcf702d4e99b803bf5d4b8c9,2023-04,Surrey Police,Surrey Police,-0.490302,51.340774,On or near Blackwood Close,E01031003,Woking 002D,Unable to prosecute suspect
1f3a3867e6c4faef30b0b0a89b1f70efd6a84f1a10d2e4524ad0a062aecfb44f,2023-04,Surrey Police,Surrey Police,-0.745774,51.336504,On or near Pembroke Broadway,E01030800,Surrey Heath 005E,Further investigation is not in the public interest
b5021c4b01e9ed0350d286e1371680a8b9bb74701b3645c358e35f30a6205f6d,2023-04,Surrey Police,Surrey Police,-0.167110,51.242044,On or near Bus/Coach Station,E01035358,Reigate and Banstead 011I,Investigation complete; no suspect identified
d53fc06b3edb3a67b0592265c4148ebdd01a7e854492ec4be198d6985d4472de,2023-04,Surrey Police,Surrey Police,-0.575287,51.389695,On or near Corrie Gardens,E01030691,Runnymede 005C,Investigation complete; no suspect identified
536f308c2a2a8b2dd39ae659874758c510a0acaba28b2f9e4aaddb5b37518168,2023-04,Surrey Police,Surrey Police,-0.577752,51.237242,On or near Fays Passage,E01030452,Guildford 015A,Investigation complete; no suspect identified
cca65cbb7ccf1ebb84048b688046320ebe0afe4c7b73b5713712f02cd97acb7c,2023-04,Surrey Police,Surrey Police,-0.411288,51.397692,On or near Sports/Recreation Area,E01030361,Elmbridge 004A,Investigation complete; no suspect identified
4e78af72e8f77a66aefd6e2fb2efa4e41987f7830c077e4643de6d6d37e08415,2023-04,Surrey Police,Surrey Police,-0.625589,51.311991,On or near Supermarket,E01030979,Woking 007E,Suspect charged
119ec8cfcf026d4c18106c10327c4fa231e362d383b83cb663af85b5eac502d7,2023-04,Surrey Police,Surrey Police,-0.459015,51.366121,On or near Highpoint,E01030376,Elmbridge 012F,Unable to prosecute suspect
e828cfce712b88d65181aaacf59deacf2d957e7cee05d40b8efe862ecb24386a,2023-04,Surrey Police,Surrey Police,-0.284475,51.338048,On or near Anderson Close,E01030402,Epsom and Ewell 005D,Investigation complete; no suspect identified
203a6b979bd0ce50d78812e6dde77ac395506b67212c1e706dd0e56897bfbbc5,2023-04,Surrey Police,Surrey Police,-0.748826,51.338290,On or near North Court,E01030795,Surrey Heath 008C,Investigation complete; no suspect identified
ee46cd58adfc370b4e9b7e02355c3d824810b82b822bbe7a14c3857b5b7e5e59,2023-04,Surrey Police,Surrey Police,-0.556299,51.308883,On or near Sports/Recreation Area,E01030972,Woking 011B,Unable to prosecute suspect
cfbba56a3d75475934dbae23950e28cce190dbf3c45b1b2adb9eb86371cc4a71,2023-04,Surrey Police,Surrey Police,-0.412513,51.193526,On or near Horsham Road,E01030492,Guildford 018C,Offender given a caution
4f5c6eff30a2b54c16bd80fda9bc47eb12de56072aa9954fc7b4b49ad651d4ab,2023-04,Surrey Police,Surrey Police,-0.327863,51.295376,On or near High Street,E01030550,Mole Valley 003C,Investigation complete; no suspect identified
32063a78d46d2d277da59663c30639258ddc871b9032fb75e756ec117c8ce881,2023-04,Surrey Police,Surrey Police,-0.171981,51.179278,On or near Strawson Court,E01030587,Reigate and Banstead 016D,Investigation complete; no suspect identified
22d55da864ceef04d5ce7adc9e0deb97c1b6500fe3551cfb2a693d399ec97457,2023-04,Surrey Police,Surrey Police,-0.367068,51.408345,On or near Beldham Gardens,E01030330,Elmbridge 001A,Unable to prosecute suspect
dbc74a4ce0468e85e360ce9305f503a6ff9c20ad3aa60475cf8bf27d037e35e1,2023-04,Surrey Police,Surrey Police,-0.702048,51.329355,On or near Parking Area,E01030777,Surrey Heath 007D,Unable to prosecute suspect
f66f045e5df4577cb5c778cb5ecdc9570688c34fd289bc1c5fefdd4c5d1cf392,2023-04,Surrey Police,Surrey Police,-0.167776,51.240930,On or near Theatre/Concert Hall,E01035358,Reigate and Banstead 011I,Further investigation is not in the public interest
a35402577d98f8eae08b8ac099a98ccd0731c62e73fb40764fd66e4c1224a8cc,2023-04,Surrey Police,Surrey Police,-0.615590,51.315291,On or near Alexandra Gardens,E01030979,Woking 007E,Unable to prosecute suspect
c4275197eb8c5ea37997cae3f0839adf28c5cf444b9bcef0d7b47ce339ac3237,2023-04,Surrey Police,Surrey Police,-0.228545,51.321200,On or near Park Wood View,E01030605,Reigate and Banstead 001C,Investigation complete; no suspect identified
c2b9e6197820bce6d4692914326b897a0cdc1ca936474d2080a51e4f44f468a2,2023-04,Surrey Police,Surrey Police,-0.376271,51.406701,On or near Cherry Orchard Road,E01030331,Elmbridge 001B,Investigation complete; no suspect identified
741c7ef6623aaa3effcc4acf8b2914c3e20bb67184feac27a9b4cf808f23ad5c,2023-04,Surrey Police,Surrey Police,-0.461220,51.341034,On or near Byfleet Road,E01030346,Elmbridge 016A,Investigation complete; no suspect identified
c2767d884843f8bd6524f10c7325dbab9c96aa4769a5d56bffd857e118f32328,2023-04,Surrey Police,Surrey Police,-0.795739,51.206766,On or near Searle Road,E01030889,Waverley 006C,Further investigation is not in the public interest
f7469e2203cae83700d2cb2386697fe85901fb5a97ed6d2d4c32f3cb897e08aa,2023-04,Surrey Police,Surrey Police,-0.744145,51.227914,On or near Tongham Road,E01030423,Guildford 014C,Investigation complete; no suspect identified
b54f527b03f73ae7ac34d4ceb3fb94371b0da0aad47e8de1ece434cf7b3b4399,2023-04,Surrey Police,Surrey Police,-0.382097,51.404588,On or near Augusta Close,E01030331,Elmbridge 001B,Local resolution
5aa53f33ccaed0de18da8ed8bd1db25352b90173ba55652f7bdecb88fb636bad,2023-04,Surrey Police,Surrey Police,-0.198261,51.322356,On or near Avenue Road,E01030561,Reigate and Banstead 002C,Investigation complete; no suspect identified
b934d0440936e6c3a4f1fa8a9f909ea3b863ec5d264133bb163592a014930535,2023-04,Surrey Police,Surrey Police,-0.561558,51.314136,On or near Montgomery Road,E01034295,Woking 008G,Investigation complete; no suspect identified
d75be12655e7ccdd6006fae9d5b00abe8cef19270544398d4c2873443108cb4b,2023-04,Surrey Police,Surrey Police,-0.762734,51.332557,On or near Queen Mary Avenue,E01030793,Surrey Heath 008A,Unable to prosecute suspect
9be587c90f8ebaa835ef8ea6cdde474794d34cee4a813b4fb0d9e4276612062a,2023-04,Surrey Police,Surrey Police,-0.506178,51.359852,On or near Attel Close,E01030660,Runnymede 009C,Investigation complete; no suspect identified
751dfb77ae4887da655cdd1d74ffe6d0f8abcc847aa7210256f9217a3b2bc4cd,2023-04,Surrey Police,Surrey Police,-0.602806,51.203669,On or near Northbourne,E01030913,Waverley 005C,Unable to prosecute suspect
ca9b2600132bb5000b97b0f164af9b7734c4f39dfb47040b047c1d6cdf3c2f74,2023-04,Surrey Police,Surrey Police,-0.482688,51.347438,On or near Dorset Way,E01030949,Woking 001D,Investigation complete; no suspect identified
236759f41bcfad78e2c68fd6ba1d53ba0c5654c6acb214f97af1fc96c069ec01,2023-04,Surrey Police,Surrey Police,-0.781387,51.219585,On or near Millbank Close,E01030893,Waverley 003D,Investigation complete; no suspect identified
40d0327f9e49eea2363535c2987538e7f849b4be20ba2990d46e153e8331d764,2023-04,Surrey Police,Surrey Police,-0.465849,51.450441,On or near Long Lane,E01030709,Spelthorne 002A,Local resolution
0170dc2a1b1084ef247e0aebc3ac96374e19dd60919c0fcdaa272b8b6a1ae3b4,2023-04,Surrey Police,Surrey Police,-0.772006,51.236329,On or near Lea Court,E01030902,Waverley 001B,Unable to prosecute suspect
e87a0b945df9d8728459f109b813caca200c6c0bdeebaff3b89f586625c0bff2,2023-04,Surrey Police,Surrey Police,-0.694604,51.362022,On or near Park View,E01030759,Surrey Heath 002C,Investigation complete; no suspect identified
db595953c0b6688bebba0d3c8e1d003adcba590bda2f22558b13443f15ed43dd,2023-04,Surrey Police,Surrey Police,-0.423574,51.419271,On or near Forest Drive,E01030752,Spelthorne 008E,Investigation complete; no suspect identified
0c38bb4418fb60a572470124c89e9468dec4afc92a3fed5b8ad871c0fc795a4c,2023-04,Surrey Police,Surrey Police,-0.712279,51.251011,On or near Denby Dene,E01030432,Guildford 010C,Unable to prosecute suspect
3fa104a07abf2f3cd01c7170219d1d42a6b39b3c1f954f715d6e8be15c09c558,2023-04,Surrey Police,Surrey Police,-0.569862,51.246866,On or near Parking Area,E01030438,Guildford 013A,Investigation complete; no suspect identified
109b2b07a87ca700b4eb4d2b607b98e0d6a106b08fee957e10468b3fdc589929,2023-04,Surrey Police,Surrey Police,-0.471949,51.449622,On or near Explorer Avenue,E01030710,Spelthorne 002B,Investigation complete; no suspect identified
b1894d25f7061fca729f989ecbfb1478cf4222b3e453187776391e9964e35fa1,2023-04,Surrey Police,Surrey Police,-0.136485,51.259771,On or near Chilmark Gardens,E01030601,Reigate and Banstead 008C,Unable to prosecute suspect
0b58668aca6e9bd27f9edd6899febb252270271dbee7d53ceaee9ebcfb026655,2023-04,Surrey Police,Surrey Police,-0.302080,51.339501,On or near Osborne Way,E01030405,Epsom and Ewell 009C,Investigation complete; no suspect identified
2464e7dfb01c7a49502fc6e3cafa3fd2e30703e5c19536501381c2844f8fa065,2023-04,Surrey Police,Surrey Police,-0.267457,51.345819,On or near Teddington Close,E01030385,Epsom and Ewell 007A,Investigation complete; no suspect identified
4bec1ee1050ab03ecc64b81061b0a7580f8ca464f2bff603b23b9a1911306253,2023-04,Surrey Police,Surrey Police,-0.167110,51.242044,On or near Bus/Coach Station,E01035358,Reigate and Banstead 011I,Investigation complete; no suspect identified
059141df1e1420778c52ad057bdba87f22f9f57c88a2c3c70d94ffcc9871da71,2023-04,Surrey Police,Surrey Police,-0.576662,51.236833,On or near Shopping Area,E01030452,Guildford 015A,Investigation complete; no suspect identified
59f3bf47cd79296e6102827c0702268ab0f5ed693d2567c9b6303115aa95aaf0,2023-04,Surrey Police,Surrey Police,-0.186974,51.168018,On or near Mistley Gardens,E01030531,Mole Valley 013D,Investigation complete; no suspect identified
3d6a31be5622b0ed2e0afad20a85cf61391fabe4449f27f081f6ffb5e9699355,2023-04,Surrey Police,Surrey Police,-0.280920,51.331386,On or near Eastdean Avenue,E01030404,Epsom and Ewell 007D,Investigation complete; no suspect identified
f6128e9b24180e4ffa1d4eb3c8b7dedaf3f0dc57958bf5f5f17d71722feaa08c,2023-04,Surrey Police,Surrey Police,-0.168968,51.230041,On or near Earlsbrook Road,E01030574,Reigate and Banstead 014E,Local resolution
79dd8219c785bd3c643290033d638f8f4d915cd5f370c625fbea4e6bae4c4d15,2023-04,Surrey Police,Surrey Police,-0.604377,51.195729,On or near Supermarket,E01030920,Waverley 005D,Unable to prosecute suspect
a5f68f175f4d6b893dd27cfdf3e74ba8745234ed2dcbffde9edabfd479a1a607,2023-04,Surrey Police,Surrey Police,-0.508726,51.340659,On or near Parking Area,E01031004,Woking 002E,Investigation complete; no suspect identified
c7f09d86ab090a27b005d9082f4d17e8baa62075c9a207b6fa37bb5878b7f097,2023-04,Surrey Police,Surrey Police,-0.270346,51.331617,On or near Theatre/Concert Hall,E01034289,Epsom and Ewell 008E,Unable to prosecute suspect
fee909b7f3a75d311628b2987a5e0cc4fe3d7856c4330068c08aa96408f59116,2023-04,Surrey Police,Surrey Police,-0.607463,51.241016,On or near Hospital,E01030470,Guildford 012A,Unable to prosecute suspect
170b70da24e316e6a0e379fb361879aa34629fb3b93ad84b9dd972019fe9dd7a,2023-04,Surrey Police,Surrey Police,-0.435563,51.391876,On or near Petrol Station,E01030732,Spelthorne 013C,Investigation complete; no suspect identified
3463ae10fc7680b0df3ace6eeb392cdea5a9e382dd4b4d8a4785c3ec56232f84,2023-04,Surrey Police,Surrey Police,-0.593949,51.256654,On or near Petrol Station,E01030485,Guildford 006A,Investigation complete; no suspect identified
292ce87922ff94dec39301c8df60e857f5db9a06f00765d7b2c94fb54d0227fa,2023-04,Surrey Police,Surrey Police,-0.576662,51.236833,On or near Shopping Area,E01030452,Guildford 015A,Unable to prosecute suspect
84924fdba7899a4c77c4fc4f3b06ac86cebca4fa7d386dd97fbdea6437426f96,2023-04,Surrey Police,Surrey Police,-0.775240,51.136035,On or near Parkhurst Fields,E01030910,Waverley 018C,Unable to prosecute suspect
87551f1d49f67f3aa4b68a0023d081850ecab0d8263e2cabb29987134aebdb8e,2023-04,Surrey Police,Surrey Police,-0.515785,51.379020,On or near Green Lane,E01030655,Runnymede 007F,Investigation complete; no suspect identified
998790d72c776697c1cd76a3bf5adea808c69d76f6bfd82e876afed626b7b6bb,2023-04,Surrey Police,Surrey Police,-0.576662,51.236833,On or near Shopping Area,E01030452,Guildford 015A,Investigation complete; no suspect identified
ca407721345b463320784108a651918d742794454fcb71c4cd586a32e841ecc8,2023-04,Surrey Police,Surrey Police,-0.403416,51.398891,On or near Dillmount Drive,E01030361,Elmbridge 004A,Investigation complete; no suspect identified
c4a296f1fb969a4a2859564e2aedfc6180ec629831c7f75f0f0897e8b8f71607,2023-04,Surrey Police,Surrey Police,-0.431871,51.388628,On or near Swan Walk,E01030732,Spelthorne 013C,Investigation complete; no suspect identified
afb6528b5a06a00a893b7a0391ec78fc1a73d85dd78f5b39e1f71d921eace0aa,2023-04,Surrey Police,Surrey Police,-0.496861,51.348304,On or near Wingfield Close,E01030694,Runnymede 010E,Suspect charged
9ea29c53704064d24e2b7608fd94662c0166e284a11df8e95df4d6fb56a24496,2023-04,Surrey Police,Surrey Police,-0.744145,51.227914,On or near Tongham Road,E01030423,Guildford 014C,Investigation complete; no suspect identified
0425ed75e3f008b593ccf12447a00684efd0e16b455321e3b55234edccd1944f,2023-04,Surrey Police,Surrey Police,-0.578593,51.236461,On or near Bridge Street,E01030452,Guildford 015A,Unable to prosecute suspect
137a35cbf6c736d216a9ac9569bb99c1e451a1f8ca70c8d8a2a2b192b15b46de,2023-04,Surrey Police,Surrey Police,-0.642779,51.323630,On or near Mainstone Road,E01030761,Surrey Heath 006A,Unable to prosecute suspect
e77f1dc5d0e171328dbb4f18c0ae5d96d850b371e11bda8ae7b2a3dc4caf3286,2023-04,Surrey Police,Surrey Police,-0.256321,51.322183,On or near Treadwell Road,E01030380,Epsom and Ewell 009B,Investigation complete; no suspect identified
9c13536a8c6e57856eae3feb86a7218901a04523c2a0602cd801c366686f991b,2023-04,Surrey Police,Surrey Police,-0.537445,51.325635,On or near Alpha Road,E01034293,Woking 004G,Unable to prosecute suspect
d748016d6bade72a579fc0b5086f0b8635d23a887ec4e41445d11940c673d66d,2023-04,Surrey Police,Surrey Police,-0.421570,51.429441,On or near Kinross Close,E01030748,Spelthorne 008A,Investigation complete; no suspect identified
bfb5668ed5efa9f91d8344687ba054c9c693fd9a561998d8e56c2f0d9fcd0286,2023-04,Surrey Police,Surrey Police,-0.330648,51.232009,On or near Lyons Court,E01030538,Mole Valley 010D,Investigation complete; no suspect identified
65ff30443283a6ea2c7c86e9250ae9030d9472c5d649000694e8b7f82af210aa,2023-04,Surrey Police,Surrey Police,-0.334589,51.225195,On or near Barrington Road,E01030535,Mole Valley 010A,Investigation complete; no suspect identified
6ae3ee61ff2bd070120d939a6d5850fe068034ecd1a78020842244dfde289484,2023-04,Surrey Police,Surrey Police,-0.263769,51.340343,On or near Shopping Area,E01030385,Epsom and Ewell 007A,Investigation complete; no suspect identified
ba14eb65c90454dd855d4609caa04932530ba3f145980164da7da5bede9b98cf,2023-04,Surrey Police,Surrey Police,-0.199865,51.232193,On or near St Mary's Road,E01030597,Reigate and Banstead 012C,Unable to prosecute suspect
6df3d22e88187e43656a3665917d125d9336a805e04bfaa78ea9e65579a0724b,2023-04,Surrey Police,Surrey Police,-0.597285,51.324056,On or near The Fieldings,E01030956,Woking 005D,Unable to prosecute suspect
56ee9dfc5ceaae320011be9644474632769fd4674cf18050f1beb350b50c3d20,2023-04,Surrey Police,Surrey Police,-0.812700,51.211337,On or near The Chantrys,E01030884,Waverley 003A,Investigation complete; no suspect identified
6289fe9c298ced965138d9a27c2d4be712581dbe878435772f13e184aadc566f,2023-04,Surrey Police,Surrey Police,,,No location,,,Offender given a caution
94303215a2754238070401a5dc963f4b99845085f6e0d22bc55857af49fc94b9,2023-04,Surrey Police,Surrey Police,-0.402479,51.398150,On or near Grant Avenue,E01030361,Elmbridge 004A,Investigation complete; no suspect identified
1a7aecbbe86c7b20198b618c8929301b6ff0fe9fb0967878d9b25691bf111059,2023-04,Surrey Police,Surrey Police,-0.593027,51.237085,On or near The Quadrangle,E01030469,Guildford 015D,Unable to prosecute suspect
1d0150ead516a121471481f0976909a9fcfbf672b9bb6b0426097069e7438c89,2023-04,Surrey Police,Surrey Police,-0.441956,51.433608,On or near John's Close,E01030706,Spelthorne 005F,Unable to prosecute suspect
289161254aeb72dc8238a558d3a3316a32f4a494570525391a1d3c654d8df3a4,2023-04,Surrey Police,Surrey Police,-0.167110,51.242044,On or near Bus/Coach Station,E01035358,Reigate and Banstead 011I,Further investigation is not in the public interest
2b7246ee30c217cc55c34fd3400ab0741f00d2b0bda3754b1b47574202842965,2023-04,Surrey Police,Surrey Police,-0.177637,51.239744,On or near Linkfield Corner,E01030616,Reigate and Banstead 010B,Investigation complete; no suspect identified
b624cd82d6c8afed9814717b4b8010e2e7a31a2d762459d0a2be3cab68dcb6bf,2023-04,Surrey Police,Surrey Police,-0.332250,51.231366,On or near Supermarket,E01030538,Mole Valley 010D,Investigation complete; no suspect identified
f68aef0c4a264e673102c9826e645f234fe8cb1772987aa359d1c94989320cdd,2023-04,Surrey Police,Surrey Police,-0.571563,51.243290,On or near Stoke Road,E01030450,Guildford 013B,Suspect charged
cf7b72232f6d4c2a305eda70444f1e7475bb81dd9c9b7d6c65ada6a586b8646d,2023-04,Surrey Police,Surrey Police,-0.413966,51.418898,On or near Priory Close,E01030755,Spelthorne 010C,Local resolution
4d84fe7750b6a65a51a0801d365f8de3c72f5ad6d8a3823bc94bdbb4abe83c32,2023-04,Surrey Police,Surrey Police,-0.218237,51.304614,On or near Oatlands Road,E01030592,Reigate and Banstead 007D,Investigation complete; no suspect identified
1432a4fbd35117389aec891129e5c3a661ce090b5fc722664c06a7c9d09297e2,2023-04,Surrey Police,Surrey Police,-0.578574,51.310009,On or near St Catherines,E01031001,Woking 010D,Investigation complete; no suspect identified
c646a1a16da2cc7e3e66e87694ea36b4585320a3c2dd0f5ba8199f1ddd36b795,2023-04,Surrey Police,Surrey Police,-0.169694,51.315286,On or near Upper Pines,E01030568,Reigate and Banstead 004D,Investigation complete; no suspect identified
17b5acf8d40cbce3ab358c286493e18b3146f465eee7d4abdbe9b7230bb39da1,2023-04,Surrey Police,Surrey Police,-0.559209,51.306358,On or near Sports/Recreation Area,E01030971,Woking 011A,Investigation complete; no suspect identified
f28bcd635dbf9f81faacb66f5a422beb5a8b36cf9e657b6c3309f48ea1469341,2023-04,Surrey Police,Surrey Police,-0.223325,51.239332,On or near Flanchford Road,E01030623,Reigate and Banstead 009B,Investigation complete; no suspect identified
dc99b9f402a8174d86f1be6d37fa7e73407f435544313ae60de3e06c55a6ce67,2023-04,Surrey Police,Surrey Police,-0.443954,51.365877,On or near St George's Close,E01030348,Elmbridge 016C,Unable to prosecute suspect
14bc1bfd0e9b1eecb68b1d1d64d2353abe673306aac7019a52e2dadeb3b05863,2023-04,Surrey Police,Surrey Police,-0.589248,51.318933,On or near Perleybrooke Lane,E01030953,Woking 005C,Investigation complete; no suspect identified
1188b2188bc51733e5a4d4e14bacffae1a846559499b8e611b1b45a3eebc03c4,2023-04,Surrey Police,Surrey Police,-0.270781,51.343341,On or near Tomlin Close,E01030385,Epsom and Ewell 007A,Investigation complete; no suspect identified
3ff17573e3c48385052e78ef58ee29b1e4dd9ed00276c6457f59708a5cfd63bc,2023-04,Surrey Police,Surrey Police,-0.411590,51.374552,On or near Park/Open Space,E01030366,Elmbridge 010C,Action to be taken by another organisation
22bd0a635b49db020c90d16cf1bf98c6b7d7b2c8bfa3ae264950ad6c23a4c6b9,2023-04,Surrey Police,Surrey Police,-0.503760,51.142356,On or near Maple Road,E01030875,Waverley 013F,Unable to prosecute suspect
9495c20658e8472d86825a5d541f0c7fb3444a1f37353380890178d65f16260e,2023-04,Surrey Police,Surrey Police,-0.811956,51.202400,On or near Bardsley Drive,E01030896,Waverley 006D,Unable to prosecute suspect
bec2f1e3ad16c7fbd99a4d3d95c86d683b386a58ffbf664c301e0224fec4b1f6,2023-04,Surrey Police,Surrey Police,-0.334971,51.232070,On or near Parking Area,E01030534,Mole Valley 009C,Investigation complete; no suspect identified
de89e79ad97319348e0abd1274922e3b3ec2a13f921d7d5f1b0727e8ca1bbae1,2023-04,Surrey Police,Surrey Police,-0.488125,51.358955,On or near Meadway Drive,E01030683,Runnymede 010C,Investigation complete; no suspect identified
dd5314d924d37b754b453429c4a44a2e56fdc1ba4c918fd9c2d10a85669256b4,2023-04,Surrey Police,Surrey Police,-0.578867,51.248496,On or near Europa Park Road,E01030450,Guildford 013B,Investigation complete; no suspect identified
9ec54dfebda0f2f05e6029b6feed39713c9ce3daa1a1ec3c718c72a11366d886,2023-04,Surrey Police,Surrey Police,-0.420891,51.386520,On or near Shopping Area,E01030357,Elmbridge 007A,Investigation complete; no suspect identified
fec30b8cbee43a89ea05759d0f3eb0796fd88bfd812f1d13efe948cd18f11c2f,2023-04,Surrey Police,Surrey Police,-0.167110,51.242044,On or near Bus/Coach Station,E01035358,Reigate and Banstead 011I,Investigation complete; no suspect identified
1fa093b9ea7b0cba95dc29109081aa9e17841a429af284ff1a81e482a071d7ad,2023-04,Surrey Police,Surrey Police,-0.609359,51.186652,On or near Bridge Street,E01030916,Waverley 007A,Action to be taken by another organisation
f6806bc23062d31f529182587972fd42b9a0ee2802366dd088775a710fd52425,2023-04,Surrey Police,Surrey Police,-0.758322,51.180937,On or near Park/Open Space,E01030908,Waverley 018A,Action to be taken by another organisation
99f4dd2b912f0012ee43da3e8abb0518c3f4c6222a1fd658f938d37f8b50af67,2023-04,Surrey Police,Surrey Police,-0.065926,51.255982,On or near Bakers Mead,E01030824,Tandridge 009A,Investigation complete; no suspect identified
572c3a05b9167b576718e0fc103f733338a710d34fe4796f6e229bc37cbfc1bb,2023-04,Surrey Police,Surrey Police,-0.715781,51.246175,On or near Townsend Close,E01030421,Guildford 014A,Investigation complete; no suspect identified
e4b22a741715aed2179900019e47ddd159af671355efb655690396b5d75196a4,2023-04,Surrey Police,Surrey Police,0.012129,51.237076,On or near Four Oaks,E01030842,Tandridge 007C,Unable to prosecute suspect
5cd44c9f6e5ae7beddf1a211c1f869f3b47b43df0dbb6145f9d2ff0fbd5ac145,2023-04,Surrey Police,Surrey Police,-0.186974,51.168018,On or near Mistley Gardens,E01030531,Mole Valley 013D,Investigation complete; no suspect identified
7f925cd5c30ca8601ecd5dc4c03fe587b48d326c0f1445be4ee90c0fd958cb1d,2023-04,Surrey Police,Surrey Police,-0.505633,51.332041,On or near Hollybank Road,E01031002,Woking 002C,Investigation complete; no suspect identified
7765706749665b86ea9f6e251a780ffdb2608be1feb0680ff91ad63007ce00d5,2023-04,Surrey Police,Surrey Police,-0.511863,51.328047,On or near Coldharbour Lane,E01030998,Woking 002B,Unable to prosecute suspect
0da5be9e6ed00e4914be5d13bf0de852b0d98b83303e10567840746c2c8cae80,2023-04,Surrey Police,Surrey Police,-0.724650,51.245625,On or near Petrol Station,E01030424,Guildford 010A,Investigation complete; no suspect identified
af52b795e87a18c490b6745be273ae36963c9ab649cb0d65607fd5a0a64b25b1,2023-04,Surrey Police,Surrey Police,-0.744145,51.227914,On or near Tongham Road,E01030423,Guildford 014C,Investigation complete; no suspect identified
1c53053953ec22ddb87e1b23e72085ff657e5e93fb41acd847072d64a02a2982,2023-04,Surrey Police,Surrey Police,-0.600503,51.196061,On or near Pondfield Road,E01030921,Waverley 005E,Unable to prosecute suspect
9891389576dbccff18c57debea3b529e64d6ceb59b16d5266b6cc29c96ed75c4,2023-04,Surrey Police,Surrey Police,-0.502228,51.246614,On or near Shere Road,E01030440,Guildford 001A,Investigation complete; no suspect identified
d9f60c12be44e2fb5e049c18433614754a6c5ab486406b58011773ff6d541eb5,2023-04,Surrey Police,Surrey Police,-0.267818,51.332039,On or near Shopping Area,E01034289,Epsom and Ewell 008E,Investigation complete; no suspect identified
67444e521c39c1775d925e8f78505d46d713faedd21c1ae1c13534a57c351e62,2023-04,Surrey Police,Surrey Police,-0.730448,51.309794,On or near Moor Road,E01030772,Surrey Heath 011C,Unable to prosecute suspect
e3d958aae1b0d25792432c9c7b06ebdb25a9c62fe6c7f084312a6cd25f68e3b6,2023-04,Surrey Police,Surrey Police,-0.596783,51.201187,On or near Brookfield,E01030920,Waverley 005D,Action to be taken by another organisation
152498e8cdb6579f6c6170baa257027959cbc70fd806710f628793da8cae1ab5,2023-04,Surrey Police,Surrey Police,-0.501418,51.219932,On or near Chilworth Road,E01030491,Guildford 018B,Investigation complete; no suspect identified
16af3d027ae328e1d46c42437799f4eb154fd38447cff7cec90993890471a079,2023-04,Surrey Police,Surrey Police,-0.795739,51.206766,On or near Searle Road,E01030889,Waverley 006C,Further investigation is not in the public interest
f3d13c3e14a9144670d2b6bfcb39798d79d52a63c2a58dcc7c570ab4e779a0e6,2023-04,Surrey Police,Surrey Police,-0.410494,51.387954,On or near Egmont Road,E01030358,Elmbridge 007B,Investigation complete; no suspect identified
09f6a72476d278cc70e589784c24d20b87e13a9679444fc81c99c7877392c9cb,2023-04,Surrey Police,Surrey Police,-0.249106,51.357479,On or near The Hawthorns,E01030390,Epsom and Ewell 010B,Investigation complete; no suspect identified
5cc7e961f2604c89475e380fa2644b08838f7e833259ec243597939579039d0c,2023-04,Surrey Police,Surrey Police,-0.116585,51.173956,On or near The Woodlands,E01030818,Tandridge 011C,Investigation complete; no suspect identified
3e83a859c19b4e94949389f0d34a976b1aed1f24477f822b7ad3b1ba72c1e186,2023-04,Surrey Police,Surrey Police,-0.607463,51.241016,On or near Hospital,E01030470,Guildford 012A,Unable to prosecute suspect
75fb4c473c564870e84de857cff96d3d2932bbbd1cd55087ccb9b04712361c1d,2023-04,Surrey Police,Surrey Police,-0.404365,51.379453,On or near Rydens Avenue,E01030368,Elmbridge 008E,Investigation complete; no suspect identified
9de4266c0b8523a6b74510be4897c3a232e17de549cf4e3f83fd64c0e50fb14c,2023-04,Surrey Police,Surrey Police,-0.337281,51.360626,On or near St Leonard's Road,E01030298,Elmbridge 015C,Investigation complete; no suspect identified
36c4fa09a6985fa9352fb006018fa8143ceca8de80db18c0edf35de43e76ec31,2023-04,Surrey Police,Surrey Police,-0.198011,51.225024,On or near Hornbeam Road,E01030594,Reigate and Banstead 013A,Unable to prosecute suspect
15872ef4b3daeb0094a61937859aeefd097180f12e69fd392b7b5acb23a1f8eb,2023-04,Surrey Police,Surrey Police,,,No location,,,Investigation complete; no suspect identified
ddd00a644ef471f3b9dcdc224f1062970d71ae04f08a1cb200ef0b73c4148b3c,2023-04,Surrey Police,Surrey Police,-0.511923,51.394429,On or near South Grove,E01030656,Runnymede 004A,Unable to prosecute suspect
8752d5f337297e4510e2875461590b3a3c3958ccb9daf0cce242d1266266a052,2023-04,Surrey Police,Surrey Police,-0.260815,51.369920,On or near Sterry Drive,E01030393,Epsom and Ewell 001E,Investigation complete; no suspect identified
1821c2676bc2621c5cfa1ac3b2ea66a7524052504399d91dead55301f5932a1a,2023-04,Surrey Police,Surrey Police,-0.724856,51.285328,On or near The Glade,E01030785,Surrey Heath 012D,Unable to prosecute suspect
f372fbbe6eee8cd51434d4a3da056a8de81e4b54f08e1ddf4f31448e281bef88,2023-04,Surrey Police,Surrey Police,-0.486441,51.370372,On or near Crockford Close,E01030646,Runnymede 009B,Unable to prosecute suspect
9ed937a4f22e81aca8f132585c9f52c477c6dafc266b2633bac1b183ea575bf7,2023-04,Surrey Police,Surrey Police,-0.615590,51.315291,On or near Alexandra Gardens,E01030979,Woking 007E,Further investigation is not in the public interest
6c79a3c123c720f5b8c3e02bb2bd2d85b9bb36e84654f32062f1dd6f4259d002,2023-04,Surrey Police,Surrey Police,-0.308426,51.298946,On or near Aquila Close,E01030510,Mole Valley 004A,Unable to prosecute suspect
5a0802df69483655006d136907f9870419d1bcc56360edbfacbd994ebf2428cf,2023-04,Surrey Police,Surrey Police,,,No location,,,Investigation complete; no suspect identified
b47ec34d0533709984ee44e29858b2a8ba103a5a1c365a3046c2495bbf2afb77,2023-04,Surrey Police,Surrey Police,-0.593949,51.256654,On or near Petrol Station,E01030485,Guildford 006A,Investigation complete; no suspect identified
40f2493c1df439ba6a36a3369b25d2137f987eaaff7dfce9a1f323b17ed6eb5b,2023-04,Surrey Police,Surrey Police,-0.746890,51.336633,On or near Albert Road,E01030800,Surrey Heath 005E,Investigation complete; no suspect identified
88ab4056818a93d8168d992e1fb3afd161c1b77211e6807bfa921a7b0faa3fd9,2023-04,Surrey Police,Surrey Police,-0.075152,51.142418,On or near Petrol Station,E01030823,Tandridge 011E,Investigation complete; no suspect identified
a4176b895df60a4fb28665f44f3e120979eea46c6c2806697990fb6c037eca43,2023-04,Surrey Police,Surrey Police,-0.175545,51.248444,On or near Colman Way,E01030619,Reigate and Banstead 010E,Investigation complete; no suspect identified
448097a96f876bb9a569e7114310a04efb1b115551465d4bea900b5121f7ef71,2023-04,Surrey Police,Surrey Police,-0.360288,51.365941,On or near Acorns Way,E01030308,Elmbridge 013B,Further investigation is not in the public interest
d9f641b60af10bef16108bf82485161d951464fb9424310b3504a7ee42c088c6,2023-04,Surrey Police,Surrey Police,-0.189819,51.173170,On or near Mill Lane,E01030531,Mole Valley 013D,Local resolution
167bff4fafcf905bfec64779282f521492a776cc0b4e5b4771fd8f0493b8863d,2023-04,Surrey Police,Surrey Police,-0.745222,51.123442,On or near Wood Road,E01030934,Waverley 018D,Unable to prosecute suspect
8b3718b5a4c9c739ac448f1f861a7d948b2ee36b5c0cc205881e9674bfa90cf9,2023-04,Surrey Police,Surrey Police,-0.438678,51.374430,On or near Mere Road,E01030339,Elmbridge 011B,Investigation complete; no suspect identified
9e1ca365729a0ddb2db8954b467ee008ee4c6620db92fc93d67c60311d398cdd,2023-04,Surrey Police,Surrey Police,-0.225529,51.313079,On or near Home Farm Close,E01030642,Reigate and Banstead 003C,Unable to prosecute suspect
0c1f6aa18c01bc5ad1bf04d4c1b0cf8a4053f496e8c5e9c9f68e6097dda5ac20,2023-04,Surrey Police,Surrey Police,-0.613322,51.280068,On or near Goose Rye Road,E01030501,Guildford 005C,Investigation complete; no suspect identified
385628c0505ba2d83fad359909bcd8cec82413ef3bffc947be7900ebb187032d,2023-04,Surrey Police,Surrey Police,-0.081446,51.309368,On or near Parking Area,E01035363,Tandridge 002E,Unable to prosecute suspect
36f7fcedd4316357551baf130ff29c1cab3fd033a2a2b79cdc1e0f0598bc412f,2023-04,Surrey Police,Surrey Police,-0.170730,51.310545,On or near Outwood Lane,E01030568,Reigate and Banstead 004D,Unable to prosecute suspect
833ea7197e6b97b0133e7ff7fb1e151d785520273e1d380fb700bdd9819ec736,2023-04,Surrey Police,Surrey Police,-0.455910,51.375135,On or near Dorchester Road,E01030373,Elmbridge 012C,Investigation complete; no suspect identified
5c19269aba34794af5c5b42805c071d7e8f88454546ede1e0e4381901793ab97,2023-04,Surrey Police,Surrey Police,-0.496954,51.417429,On or near The Avenue,E01030728,Spelthorne 009C,Further investigation is not in the public interest
b85f6030f2f1f5f8b65b8d9d326787ed5b7b0943c4661fcc88863526757c893c,2023-04,Surrey Police,Surrey Police,-0.367068,51.408345,On or near Beldham Gardens,E01030330,Elmbridge 001A,Unable to prosecute suspect
583fd83c8b53df9d9c931cdfd3d591002d1d750a6d92a87d496fbd2b80cd2a5e,2023-04,Surrey Police,Surrey Police,-0.328496,51.296914,On or near Queen Annes Court,E01030550,Mole Valley 003C,Unable to prosecute suspect
ec4c870dbd84a5d793c83d86199a26c9e78bffb6a96e20f80886a600605b74d2,2023-04,Surrey Police,Surrey Police,-0.577752,51.237242,On or near Fays Passage,E01030452,Guildford 015A,Unable to prosecute suspect
3c993b8ede6033afc15b5803861afd1fd0b4882b1362e45a88498fc1311d2877,2023-04,Surrey Police,Surrey Police,-0.449152,51.391862,On or near Cliveden Place,E01030733,Spelthorne 013D,Unable to prosecute suspect
67457c2493f908e910e120c42c95e7d9540edf8b92b351608c31ba495c68f963,2023-04,Surrey Police,Surrey Police,-0.241502,51.310001,On or near Petrol Station,E01030417,Epsom and Ewell 009D,Investigation complete; no suspect identified
13311d129b99f09dc3e3d08f7751579c396fe5ddb549a5106ee93daa89db3c83,2023-04,Surrey Police,Surrey Police,-0.802276,51.205314,On or near Ryle Road,E01030889,Waverley 006C,Offender given a caution
ef70271aa2d4d9d744a493881659a65ab55a6c7d55bc9179505ac1cf5207b24e,2023-04,Surrey Police,Surrey Police,-0.577569,51.254802,On or near Cypress Road,E01030483,Guildford 007C,Investigation complete; no suspect identified
614a5f08906cdd2aaf316062972436cd1b75e9ec32f1f5bff6e1973d37740bb9,2023-04,Surrey Police,Surrey Police,-0.600802,51.246656,On or near Burrows Close,E01030497,Guildford 012D,Unable to prosecute suspect
4bc0535bd6023a907d8af323bb265dc75b3fa245ab3a0d8678814a2334d6eddd,2023-04,Surrey Police,Surrey Police,-0.560409,51.320138,On or near Shopping Area,E01030954,Woking 008A,Investigation complete; no suspect identified
216e5f36a3d8efbdd8afaa1f1f07340e6858d90abac050f145ac6b380d3cfb22,2023-04,Surrey Police,Surrey Police,-0.504008,51.159445,On or near Strathavon Close,E01030874,Waverley 013E,Investigation complete; no suspect identified
51970600d2fad46ee75cde5438c3cb271191354a36113c0e34231bfc2c7dc422,2023-04,Surrey Police,Surrey Police,-0.129818,51.227677,On or near Holmesdale Road,E01030814,Tandridge 008C,Investigation complete; no suspect identified
cce6e0f14f9f045b36bf32372097d0e3de92666c6cc85bf300a2658054ef7b6d,2023-04,Surrey Police,Surrey Police,-0.166437,51.231368,On or near Redstone Road,E01030573,Reigate and Banstead 014D,Investigation complete; no suspect identified
85f29dcb1525b6164cf89df991bde9df2d006f7176063659fe34957ff79b6411,2023-04,Surrey Police,Surrey Police,-0.512547,51.435019,On or near Parking Area,E01034291,Spelthorne 004F,Investigation complete; no suspect identified
b76e7767126bd14eac5af4def79dbe442bc745ee467181a7621a4f51e980d16e,2023-04,Surrey Police,Surrey Police,-0.552547,51.303657,On or near Rosebery Crescent,E01030972,Woking 011B,Investigation complete; no suspect identified
d389d5dcb3488d34a0e7a218d8fca012e36e410c552a3a97cb889171f59c1ae9,2023-04,Surrey Police,Surrey Police,-0.472886,51.443106,On or near A30,E01030707,Spelthorne 003A,Investigation complete; no suspect identified
21240ac5c9210fc28aa056f4299ec4b2ceec464f9a309a921e97d294eedf116e,2023-04,Surrey Police,Surrey Police,-0.486603,51.371579,On or near Gleeson Mews,E01030646,Runnymede 009B,Investigation complete; no suspect identified
ea60bebec2380c93dec8a3bf8e1a74307cea8543c5c1391a3ae9c5b70863bbb9,2023-04,Surrey Police,Surrey Police,-0.109206,51.171787,On or near Plough Road,E01030816,Tandridge 011A,Investigation complete; no suspect identified
b38d499f326bf0d6cd742e1fd0f788a792935969b479d9bfe6e35e849eae9dbf,2023-04,Surrey Police,Surrey Police,-0.798730,51.215070,On or near The Borough,E01030885,Waverley 003B,Investigation complete; no suspect identified
0f1d7eb6c69c295bdd22a3934003bd6486f1eb7eeeff4a0b3e8f156713428203,2023-04,Surrey Police,Surrey Police,-0.401303,51.129516,On or near Oakfields,E01030557,Mole Valley 012C,Investigation complete; no suspect identified
bfbac1cc9f4a6fe2b023982c81bfeea6ff4ba9ae0b6b1fc4eb91005072d4805b,2023-04,Surrey Police,Surrey Police,-0.333085,51.233536,On or near Parking Area,E01030534,Mole Valley 009C,Further investigation is not in the public interest
fe543ed7bb1934d5d45958554cfa66522ebcdda4bb204a705f512d73a16d5173,2023-04,Surrey Police,Surrey Police,-0.008896,51.262733,On or near Woodland Court,E01030836,Tandridge 006C,Further investigation is not in the public interest
e07d220b66f65c351223972139ccb5e6eb230fafdfa152cacd34eadeb5d5bb8d,2023-04,Surrey Police,Surrey Police,-0.566636,51.403474,On or near Parking Area,E01030689,Runnymede 005A,Investigation complete; no suspect identified
d9913695e1d4dfa6d8e4d5b96d5d28b598382367ad3239cb06a12a9ca6816505,2023-04,Surrey Police,Surrey Police,-0.701842,51.337662,On or near Beverley Close,E01030792,Surrey Heath 009D,Investigation complete; no suspect identified
c767cc0f1876b158b6a60767ced9f547e27c20a61c8bf75cbcb0b8d0a53100ed,2023-04,Surrey Police,Surrey Police,-0.521409,51.324436,On or near Dean Close,E01030996,Woking 002A,Unable to prosecute suspect
f9313395595b885524065aec7d79f081a1a9cf7153b1dc990ea9389e426552cb,2023-04,Surrey Police,Surrey Police,-0.164996,51.164942,On or near Upfield Close,E01030578,Reigate and Banstead 018D,Investigation complete; no suspect identified
1ab9b316ad623c0dff06368be605bb0ee66308e5064f6ef8b1fd0d4a74eaf7fe,2023-04,Surrey Police,Surrey Police,-0.720476,51.249940,On or near Ewins Close,E01030433,Guildford 010D,Investigation complete; no suspect identified
cc0fef90eaf5242626857f650fbea5787251b3ff05dd85d8392ac1e6715507ef,2023-04,Surrey Police,Surrey Police,-0.597642,51.250206,On or near Supermarket,E01030493,Guildford 009B,Unable to prosecute suspect
ae25adb891762cbff02ad47cd111f63d964e8bcbb0cdbd78d598827971e2fa28,2023-04,Surrey Police,Surrey Police,-0.448140,51.280639,On or near Northcote Road,E01030444,Guildford 003D,Unable to prosecute suspect
0d71b0c045a028304decde8f4419c5828a5c2ad82874a4e82a2ab9e74a681e9e,2023-04,Surrey Police,Surrey Police,-0.222728,51.294952,On or near Brighton Road,E01030592,Reigate and Banstead 007D,Unable to prosecute suspect
758fd3c6a96892cabc6afe9cd65c85b02eaff8fcefe975e33b852b99f38fb4f3,2023-04,Surrey Police,Surrey Police,-0.286734,51.155151,On or near Parking Area,E01030528,Mole Valley 013B,Unable to prosecute suspect
60392443e8ed3fc274bf692b17a09c4880c32148b98ed5f7bb5ba17e6d086b6a,2023-04,Surrey Police,Surrey Police,-0.673454,51.221397,On or near Lascombe Lane,E01030472,Guildford 017B,Investigation complete; no suspect identified
9ae75ddd3e8e1602ed5671834024c4fe9db10f1a16cbe4b8d9a5371d0630b6f6,2023-04,Surrey Police,Surrey Police,-0.366039,51.396892,On or near Molesey Park Road,E01030335,Elmbridge 003B,Investigation complete; no suspect identified
3e3dd80b9db649e57f78f916cb8e35f86155cff440064fbf85b3843ead9e89e9,2023-04,Surrey Police,Surrey Police,-0.607625,51.316187,On or near Supermarket,E01030974,Woking 007A,Investigation complete; no suspect identified
e63c57054a0db42bf1a2fc22d1b2791168f463c0fe7dd8c26e75c49c0d392628,2023-04,Surrey Police,Surrey Police,-0.615590,51.315291,On or near Alexandra Gardens,E01030979,Woking 007E,Further investigation is not in the public interest
f4ae36fd69f0fcffa190493695a8305ef0c855e3f6d1b12e83005aa145e5610e,2023-04,Surrey Police,Surrey Police,-0.606513,51.310336,On or near Sutton Avenue,E01030961,Woking 009B,Investigation complete; no suspect identified
2f374d4ac3ea875abcaa560ec0be475ead9c9dad6f405cd3b8fa456e09dfc608,2023-04,Surrey Police,Surrey Police,-0.521690,51.432113,On or near Hythe Road,E01030666,Runnymede 003D,Investigation complete; no suspect identified
edb37606e208eb7ac598105a09d0e412d908ffc61958fdc9ed011590600a8c6c,2023-04,Surrey Police,Surrey Police,-0.431103,51.376631,On or near Westdene Way,E01030341,Elmbridge 011D,Investigation complete; no suspect identified
5c7d2cb2ec9332169d1a9d3a96a78ba4df4bf182717692218659b483dadebd65,2023-04,Surrey Police,Surrey Police,-0.277331,51.359723,On or near Hemmingsmead,E01030401,Epsom and Ewell 005C,Investigation complete; no suspect identified
fb59b171fbe5bf1778823af5a83c9ff262d2df80f8acca7c098db4549c691465,2023-04,Surrey Police,Surrey Police,-0.157222,51.245846,On or near Goodworth Road,E01035357,Reigate and Banstead 011H,Investigation complete; no suspect identified
948f7ee810ef35e56ef6d418b11ebaca307b75fe5d9fdd907190fcd58f673f55,2023-04,Surrey Police,Surrey Police,-0.168175,51.182555,On or near Waterside,E01030585,Reigate and Banstead 016B,Investigation complete; no suspect identified
31ce8161b513e23459dacb9f42b18adac290599addc3c0da206e87fb35484419,2023-04,Surrey Police,Surrey Police,-0.544475,51.258999,On or near Petrol Station,E01030435,Guildford 008B,Investigation complete; no suspect identified
1fc460b542614ef63af51e9c4b61a4788fc2adce65655566f886e43260725353,2023-04,Surrey Police,Surrey Police,-0.553686,51.247315,On or near Bladon Close,E01030439,Guildford 011C,Investigation complete; no suspect identified
d3bd538fdb59768b0fa9efa25f95d555b5a46dd565a0d96523e7650d38a7e7b2,2023-04,Surrey Police,Surrey Police,-0.364585,51.144152,On or near Petrol Station,E01030557,Mole Valley 012C,Investigation complete; no suspect identified
9f79444c1e2f86e01fc61c6ed449df077696753aa45a01ca75f563121c059132,2023-04,Surrey Police,Surrey Police,-0.502538,51.372377,On or near School Lane,E01030648,Runnymede 007B,Investigation complete; no suspect identified
ab03c53e402d5f06fcd22b8cf4af52cd10e7d901693373c586bf4087805b79c7,2023-04,Surrey Police,Surrey Police,-0.785586,51.219449,On or near Forge Close,E01030893,Waverley 003D,Unable to prosecute suspect
dcc48b7a36ec5f0f3732c43a51fd5e009ec401c0a2c7656c88c3056c4a1ab10c,2023-04,Surrey Police,Surrey Police,-0.510239,51.434333,On or near High Street,E01034291,Spelthorne 004F,Unable to prosecute suspect
631bf0d314c8de541e29053e8c55fbcf6e8219c277ce0b31fed04556a827da75,2023-04,Surrey Police,Surrey Police,-0.075609,51.281511,On or near Theatre/Concert Hall,E01030829,Tandridge 004B,Investigation complete; no suspect identified
c39d817cca5ad078ced364b9e5dc97886131ea4a50439add9724fe93603f93cf,2023-04,Surrey Police,Surrey Police,-0.436313,51.155484,On or near Farthingham Lane,E01030880,Waverley 015E,Further investigation is not in the public interest
6e22aa0f1a266b7ab480c10e76cd40dee2707ac6db7c65918613a2a02a1cc2ab,2023-04,Surrey Police,Surrey Police,-0.731055,51.338737,On or near Marlborough Rise,E01030798,Surrey Heath 005C,Investigation complete; no suspect identified
91c1b9f8ee3004cdabf6945491f939e9885b21ee49508b9f05694e3f9f5b6917,2023-04,Surrey Police,Surrey Police,-0.406552,51.382702,On or near Cromwell Road,E01030354,Elmbridge 008A,Unable to prosecute suspect
2e9e8be7a823dc504b564132c2eb0e8689889431effac7c96468f90ab9baeecd,2023-04,Surrey Police,Surrey Police,-0.423996,51.390690,On or near Felix Lane,E01030357,Elmbridge 007A,Investigation complete; no suspect identified
66e058ae480d89b9d57f7456714ec6278be54bff293f2dcbbf13b5eb2a05b495,2023-04,Surrey Police,Surrey Police,-0.074940,51.154384,On or near West Park Road,E01030816,Tandridge 011A,Investigation complete; no suspect identified
ff6b28d41ccc022aa731ff85a1a001a8390868e5b9d55ef25ba88ed92e1b46b0,2023-04,Surrey Police,Surrey Police,-0.272428,51.325129,On or near Hospital,E01030419,Epsom and Ewell 008D,Suspect charged
8d007e89d6be285a79f38fe863b27dd99c4a980783f63063c44511b3d21e1d39,2023-04,Surrey Police,Surrey Police,-0.261767,51.330735,On or near Ash Mews,E01034290,Epsom and Ewell 008F,Local resolution
e61d4f598c5c4cfa3e2c80b0d9ed5ca9290338dda5eeede238c4f38b282f27a5,2023-04,Surrey Police,Surrey Police,-0.502228,51.246614,On or near Shere Road,E01030440,Guildford 001A,Investigation complete; no suspect identified
ba38ea1567d2686228e4196db59b993bca7466bdee9b631d25b431084fe4a58d,2023-04,Surrey Police,Surrey Police,-0.428235,51.267289,On or near Farm Close,E01030442,Guildford 003B,Unable to prosecute suspect
004eeadca76c9f266d0c1dd658809c611ca52505d4dca93bf26c0d845b0d74b9,2023-04,Surrey Police,Surrey Police,-0.615590,51.315291,On or near Alexandra Gardens,E01030979,Woking 007E,Unable to prosecute suspect
96481664c62a4b2c3c05be9d0ac14ede4ca772bc6f5d3a6e38227813d33ba58a,2023-04,Surrey Police,Surrey Police,-0.486603,51.371579,On or near Gleeson Mews,E01030646,Runnymede 009B,Investigation complete; no suspect identified
43006e4768f39d7c830174208ef09006b7ed85562c8517c4ea0911bcd0489727,2023-04,Surrey Police,Surrey Police,-0.559739,51.319068,On or near Supermarket,E01030954,Woking 008A,Investigation complete; no suspect identified
f21c5dee46d29da8dfe6caa378b48e769c9cb9c42a6f26f64dfc9be7e9f735ab,2023-04,Surrey Police,Surrey Police,,,No location,,,Action to be taken by another organisation
b51cd943862f304dcc2b8c862640c12644645e3f2299b9741a8c50da76124d6f,2023-04,Surrey Police,Surrey Police,-0.334043,51.391658,On or near Church Lane,E01030350,Elmbridge 005A,Investigation complete; no suspect identified
0586fd49202510d7bb1c0e3d534fd46567d8d2507fe5d50eb82edb580b603f56,2023-04,Surrey Police,Surrey Police,-0.413966,51.418898,On or near Priory Close,E01030755,Spelthorne 010C,Investigation complete; no suspect identified
c86fade89445d28a39e430687979cc6343f33b8bc20f0223ccb126f8c2966ce8,2023-04,Surrey Police,Surrey Police,-0.342353,51.402342,On or near Hampton Court,E01030326,Elmbridge 002A,Investigation complete; no suspect identified
30b204ad14a6c3a2f8b33b48d153127c25686093f1d8234ea714cf894fc3327b,2023-04,Surrey Police,Surrey Police,-0.488860,51.141148,On or near Bloggs Way,E01030875,Waverley 013F,Investigation complete; no suspect identified
719292b55f309b505bc6468ba5db4e473eb0f230061f5b46d26bd73ef94904f6,2023-04,Surrey Police,Surrey Police,-0.104923,51.289075,On or near Cornwallis Close,E01030857,Tandridge 003D,Investigation complete; no suspect identified
94f33b1b9fc2aadb5c505009f5f78f279d4baedf1a30ca0c6c394b7d4c712e91,2023-04,Surrey Police,Surrey Police,-0.461321,51.433162,On or near Brownrigg Road,E01030712,Spelthorne 003C,Investigation complete; no suspect identified
1b9a33e33c6f6b9441d91053126ddee1f1e807add7d5ab2403c6cce92b19e019,2023-04,Surrey Police,Surrey Police,-0.166182,51.208234,On or near Copsleigh Avenue,E01030571,Reigate and Banstead 014B,Further action is not in the public interest
4fb927f7b0d5c60c4639870b4eadf4ab610ac9718b86ecbffe762e17dc74494b,2023-04,Surrey Police,Surrey Police,-0.615590,51.315291,On or near Alexandra Gardens,E01030979,Woking 007E,Further investigation is not in the public interest
f9555b6c982e2dd10fb8e8d85ac7f9e29e5537c26130d9d3253b52349e4d085b,2023-04,Surrey Police,Surrey Police,-0.333365,51.303863,On or near Randalls Park Avenue,E01030549,Mole Valley 003B,Unable to prosecute suspect
f6f3b744d711a9a8ca2d81c558fb10c6568f8ccb79c0a03a4de15d02e31f6379,2023-04,Surrey Police,Surrey Police,-0.494872,51.387980,On or near Supermarket,E01030654,Runnymede 006C,Investigation complete; no suspect identified
0f578553cfe3182ed69ec25066fefb332c7116da6597c043dc5d88a47a2f1a65,2023-04,Surrey Police,Surrey Police,-0.145777,51.260350,On or near Supermarket,E01030599,Reigate and Banstead 008A,Investigation complete; no suspect identified
7d5c4f36f8b0f0af747baa26f07827432c6aee8d89619d3803a9400f74a21aaa,2023-04,Surrey Police,Surrey Police,-0.580927,51.427594,On or near Larchwood Drive,E01030676,Runnymede 002F,Investigation complete; no suspect identified
281f26cfc026781874ebb6224357543a8b7f433d2e970a563edd83fffc312fd5,2023-04,Surrey Police,Surrey Police,-0.342801,51.301964,On or near Randalls Road,E01030548,Mole Valley 003A,Investigation complete; no suspect identified
d7ebbdf1c590ee37026ef7cc853c6f12a833787478530622966828e47d518ff2,2023-04,Surrey Police,Surrey Police,-0.609619,51.250268,On or near Barnwood Road,E01030503,Guildford 005E,Investigation complete; no suspect identified
888825df4aa6c7be356c6f0a64a73f7cb996e4cd5fc993017177d1f6dba05572,2023-04,Surrey Police,Surrey Police,-0.508163,51.388941,On or near Abbots Way,E01030657,Runnymede 006D,Investigation complete; no suspect identified
62c340be61cc457b55cac874b892a55c75ffb4f7d866921f9c106d13c1bc29b9,2023-04,Surrey Police,Surrey Police,-0.403958,51.333712,On or near Ross Road,E01030301,Elmbridge 017B,Unable to prosecute suspect
c4fa1263f05a4419828e94a852a8836d2706b51c58d702e9baf6ecbebe3b4628,2023-04,Surrey Police,Surrey Police,-0.557959,51.320000,On or near Conference/Exhibition Centre,E01030954,Woking 008A,Further action is not in the public interest
809ad7203568f6a8c05e3b4f810ed1fbc03ed54094b4df0e76d008416b3b26e5,2023-04,Surrey Police,Surrey Police,-0.720054,51.088422,On or near Parking Area,E01030931,Waverley 016B,Investigation complete; no suspect identified
858ac4f91d6fdab6d447a90ef6f2aa7f310f14570d601f8e1414ce8cf985906d,2023-04,Surrey Police,Surrey Police,-0.654099,51.258018,On or near Homestead Drive,E01030466,Guildford 002B,Unable to prosecute suspect
316f09ffaa03b3f44d94b233de986020140dae184c4219f2171f849bf49e0c16,2023-04,Surrey Police,Surrey Police,-0.509590,51.433489,On or near Shopping Area,E01034291,Spelthorne 004F,Investigation complete; no suspect identified
462d28d5d157ce83cd8d008f0e62bf9fc19185ea90b22b51099b7895164d34aa,2023-04,Surrey Police,Surrey Police,-0.334512,51.311019,On or near Brook Way,E01030551,Mole Valley 003D,Unable to prosecute suspect
3a36c12a252d21c7039adb16eae7abaf3853c4fdf2db4a7465577333367d9b84,2023-04,Surrey Police,Surrey Police,-0.572692,51.238295,On or near The Bars,E01030451,Guildford 013C,Further investigation is not in the public interest
f874cea4c0ce8a8684dd05020ff65fa5283c24b528df3a4d3b0cfacc7eb8fa75,2023-04,Surrey Police,Surrey Police,-0.161359,51.174030,On or near Yattendon Road,E01030576,Reigate and Banstead 018B,Unable to prosecute suspect
9f90b9554dcccb0661f0b7d39d27d7cde55d99b5df32c06b407645ac3b9cd4da,2023-04,Surrey Police,Surrey Police,-0.640887,51.338104,On or near Petrol Station,E01030807,Surrey Heath 006D,Investigation complete; no suspect identified
8524b1b401011c91bcde42a5b6d7334467ef0349f1a4d54112b928361fc549d3,2023-04,Surrey Police,Surrey Police,-0.371873,51.173912,On or near Parking Area,E01030555,Mole Valley 012B,Investigation complete; no suspect identified
a1063f57b4ae93145e1a1d56656d9d59d3206f985a9c990f2a7b4d5afb9b0c75,2023-04,Surrey Police,Surrey Police,-0.558998,51.326676,On or near Orchard Drive,E01030963,Woking 003A,Unable to prosecute suspect
628c3b5b7e5e96a93661dd3b22d7e87753b7e24c1a2858665b3b311b6d0a3997,2023-04,Surrey Police,Surrey Police,-0.743407,51.338034,On or near Balfour Court,E01030800,Surrey Heath 005E,Further investigation is not in the public interest
5250d1613a20674c6bf29358111da19ac349c8278522d9754cde5b9641dbc277,2023-04,Surrey Police,Surrey Police,-0.572323,51.317271,On or near Mabel Street,E01030954,Woking 008A,Investigation complete; no suspect identified
8e55f0f2cae2220b3a9abe87e7efed9c36dd9ba1cdbcb5229a9de69e4e2e4790,2023-04,Surrey Police,Surrey Police,-0.248486,51.281078,On or near The Thoroughfare,E01030635,Reigate and Banstead 006A,Investigation complete; no suspect identified
61d9c91747fde2343c36069bd9bd93a18208b1c0af278931b091930273f41f43,2023-04,Surrey Police,Surrey Police,-0.593949,51.256654,On or near Petrol Station,E01030485,Guildford 006A,Investigation complete; no suspect identified
2031e885fff8bc9d6b1d838284270c8f3fe9fa32935a5c6553a18a26ba5957c7,2023-04,Surrey Police,Surrey Police,-0.327863,51.295376,On or near High Street,E01030550,Mole Valley 003C,Investigation complete; no suspect identified
a8414386bdafd170bfec13c76cabf2a17e32e32bd0d62e9cfbdf6d17d0a4ec61,2023-04,Surrey Police,Surrey Police,-0.440204,51.372643,On or near Kemble Close,E01030339,Elmbridge 011B,Investigation complete; no suspect identified
6a977bf4f334e4e40595d21548259c528677f21062aad029fa3f0a1858e6a747,2023-04,Surrey Police,Surrey Police,-0.220317,51.313530,On or near Parking Area,E01030644,Reigate and Banstead 003D,Unable to prosecute suspect
d5a0115f4897899b005f966b458fd768e047f6c26286f4cda9f5b04ec0dc0819,2023-04,Surrey Police,Surrey Police,-0.411446,51.411086,On or near Silverdale Drive,E01030754,Spelthorne 010B,Investigation complete; no suspect identified
8d08e46202fbde2f8234636a132fe2a3825162c2a49e339085fdcd74a772432b,2023-04,Surrey Police,Surrey Police,-0.586415,51.249037,On or near Woodbridge Hill,E01030487,Guildford 006B,Investigation complete; no suspect identified
c23a239a58e1ea39449cc595ca49fc5d11a4580430c62a90ce1ba838b2cb6381,2023-04,Surrey Police,Surrey Police,-0.470651,51.426899,On or near Ford Close,E01030705,Spelthorne 005E,Investigation complete; no suspect identified
208f26e35a9b78e9e0b84c819975b854748ec74c36faf23601391425b32f6376,2023-04,Surrey Police,Surrey Police,-0.184446,51.165740,On or near Forge Place,E01030531,Mole Valley 013D,Investigation complete; no suspect identified
69b3cb96120b55b72c70f86a045dd2b128df0ab87032cac4f5d2997cda75cf42,2023-04,Surrey Police,Surrey Police,-0.812644,51.171168,On or near Summer Hill Lane,E01030909,Waverley 018B,Investigation complete; no suspect identified
0dbd554ccaa97471e46ff6c5b9e939dc4fda7a77e9b20f3745cf97b28aad50c5,2023-04,Surrey Police,Surrey Police,-0.392031,51.368952,On or near Riverside Road,E01030311,Elmbridge 014A,Investigation complete; no suspect identified
f68dd2f14777525649cdcd9b37175f3ccfb22209dbf7bc9aadd6fdf5f0c889a6,2023-04,Surrey Police,Surrey Police,-0.543730,51.326595,On or near Walton Terrace,E01030980,Woking 004A,Investigation complete; no suspect identified
650f6b9ab1e3ba3358bbcb7229585c89b5ec3adb41f75e9088a02072609599ba,2023-04,Surrey Police,Surrey Police,-0.267261,51.332342,On or near Shopping Area,E01034289,Epsom and Ewell 008E,Investigation complete; no suspect identified
07f2d4f58b4f5468c26c291b3cb18e8f907ce12f6e6798131e3b8ba9252f49d7,2023-04,Surrey Police,Surrey Police,-0.528713,51.379165,On or near B386,E01030677,Runnymede 008A,Investigation complete; no suspect identified
5c649c27a07b27120a5feb2d91ff4673277da160699e4c0dd992bbc263b20007,2023-04,Surrey Police,Surrey Police,-0.502933,51.430742,On or near Broadacre,E01030738,Spelthorne 004E,Investigation complete; no suspect identified
d60a4cf47d5fd705fefec21fe0842324b190e48e80247a3ff50854f6bfb856fc,2023-04,Surrey Police,Surrey Police,-0.526886,51.376993,On or near Hospital,E01030677,Runnymede 008A,Unable to prosecute suspect
72bb0615cb19a0f80c7185babfd264dc9aceca68c9f8c008b2d798ec4901b348,2023-04,Surrey Police,Surrey Police,,,No location,,,Unable to prosecute suspect
4062609dd2062561b6993ebae67d2531bbff0c11436c3b6660b2b791f0324be7,2023-04,Surrey Police,Surrey Police,-0.626725,51.312391,On or near A322,E01030978,Woking 012C,Unable to prosecute suspect
3e1e533b13efec869218f7adf2b20d72b7d7f7a6718a91807e29a053157cad0e,2023-04,Surrey Police,Surrey Police,-0.729783,51.233028,On or near Church Close,E01030423,Guildford 014C,Investigation complete; no suspect identified
c426b7d37aa683f281316d62b563a138ea921df33915d1cc6417a71f942c7594,2023-04,Surrey Police,Surrey Police,-0.381586,51.362847,On or near Winterdown Road,E01030309,Elmbridge 013C,Local resolution
06e2b3b695434b81c433a0da7b7b6acbf68866b7e71ce3606d0167c056aa4deb,2023-04,Surrey Police,Surrey Police,-0.354469,51.297408,On or near Overlord Court,E01030539,Mole Valley 005A,Investigation complete; no suspect identified
1ccea86ab4d455a60d403f7e642d36460ab1481af7d67c260bd332d1ff2c4a5b,2023-04,Surrey Police,Surrey Police,-0.270904,51.328236,On or near Petrol Station,E01030419,Epsom and Ewell 008D,Investigation complete; no suspect identified
6427ce63a3a586552f829b0eb8dbfdc05071b792614955ee1e111d790e0757bc,2023-04,Surrey Police,Surrey Police,-0.405746,51.333494,On or near Canada Road,E01030300,Elmbridge 017A,Investigation complete; no suspect identified
2d255cd08d227df87320c931f529c3085c3bdf4de44fd8147f7168be209deda6,2023-04,Surrey Police,Surrey Police,-0.289658,51.339599,On or near Phoenix Close,E01030402,Epsom and Ewell 005D,Unable to prosecute suspect
fb4ad4a2517ee38b55befb19fa32b25e0e4050db73c92016b5d795dae9bd895b,2023-04,Surrey Police,Surrey Police,-0.576622,51.239503,On or near Police Station,E01030451,Guildford 013C,Further investigation is not in the public interest
228623ae47fc61109eb0faf2ca033102154b083bf83a5e9c256d4a54bb88f68b,2023-04,Surrey Police,Surrey Police,-0.006371,51.171968,On or near Tannery Gardens,E01030822,Tandridge 010B,Investigation complete; no suspect identified
7d9d35fb584a73d8d8de093ff4da8b77f284404130b43403c44dbe2cd58fe0b0,2023-04,Surrey Police,Surrey Police,-0.529085,51.256721,On or near Keepers Close,E01030463,Guildford 008D,Investigation complete; no suspect identified
5b853ddd47092409e666172e4932bd2448ebcc4bf59da4cb83aff018a9c1896a,2023-04,Surrey Police,Surrey Police,-0.710137,51.096389,On or near Parsons Green,E01030933,Waverley 016D,Unable to prosecute suspect
ea280fe782a0f7103236087daf3ea9436c600532f0e592724f03814e58fe656d,2023-04,Surrey Police,Surrey Police,-0.019698,51.173444,On or near Drivers Mead,E01030833,Tandridge 010C,Unable to prosecute suspect
3de6e386e6c130b7484dcf04c1e0af3aca0bf8b63b8161825870f929bb5f04df,2023-04,Surrey Police,Surrey Police,-0.710435,51.087750,On or near B2131,E01030930,Waverley 016A,Investigation complete; no suspect identified
93c0e966436779218c5327c1d6130a4fd8e6a5058cd039edaaced94250446401,2023-04,Surrey Police,Surrey Police,-0.749161,51.332853,On or near Bennett Court,E01030795,Surrey Heath 008C,Local resolution
64dea12ef483f38c4d8123634adbb0569a3d5d7d5ebddd43bcefd7415491a910,2023-04,Surrey Police,Surrey Police,-0.121181,51.259679,On or near Oakwood Road,E01030815,Tandridge 008D,Investigation complete; no suspect identified
b6b44734728aadd09b49544e30292d3b19effac959b6b844cee1410111757ded,2023-04,Surrey Police,Surrey Police,-0.492589,51.376548,On or near Petrol Station,E01030649,Runnymede 007C,Unable to prosecute suspect
cd87c59418f4ea60fd7de916b64d30721ff8ebc9a53eed1e6cb53b69e9253c34,2023-04,Surrey Police,Surrey Police,-0.618328,51.316321,On or near Parking Area,E01030976,Woking 007C,Investigation complete; no suspect identified
b68703a2c111cdbf39127aa2fce9d798b505aa756365c7c454cae0539e6a9a9b,2023-04,Surrey Police,Surrey Police,-0.364023,51.347387,On or near The Rythe,E01030344,Elmbridge 018D,Unable to prosecute suspect
3818facdd917cb09fd8cab0e5b91bd8cdc3df11613432668cd4a8e5e9ae60a1e,2023-04,Surrey Police,Surrey Police,-0.336417,51.226947,On or near Vincent View,E01030535,Mole Valley 010A,Further investigation is not in the public interest
d91d6378c97949b2a5f313824b41610f490f995782e20ba20e858d23e57f983a,2023-04,Surrey Police,Surrey Police,-0.513346,51.404644,On or near Theme/Adventure Park,E01030685,Runnymede 004C,Unable to prosecute suspect
6d83861d16d187348ee2b065d6b6b88be034e81010fac945f74f52f4fa52bf47,2023-04,Surrey Police,Surrey Police,-0.473932,51.457921,On or near Westland Close,E01030744,Spelthorne 001B,Unable to prosecute suspect
f28d9e5136d516903ae2d07d55bdd9f4267f4558caefc343346330a5b54ed139,2023-04,Surrey Police,Surrey Police,-0.103666,51.291386,On or near Sports/Recreation Area,E01030857,Tandridge 003D,Investigation complete; no suspect identified
6762a0e0ed1a3cd62637f618213037a53dc67db2997afd753213597f77eb1f76,2023-04,Surrey Police,Surrey Police,-0.549370,51.304301,On or near Shackleford Road,E01030995,Woking 011E,Unable to prosecute suspect
3d9bb2fb039c1e33331037abbd5e10448ef10e6cf0e72535a511fcc39e1f2b60,2023-04,Surrey Police,Surrey Police,-0.319509,51.387026,On or near Effingham Road,E01030323,Elmbridge 006B,Investigation complete; no suspect identified
3cf0a6789b363d4d6c595394ea99fc3cbc268407455333451330f5a91244961f,2023-04,Surrey Police,Surrey Police,-0.329253,51.225829,On or near Harrowlands Park,E01030536,Mole Valley 010B,Unable to prosecute suspect
108c43b41499a7ca74b46cee6dcb852c1d617826d3473647159c1545269a54b6,2023-04,Surrey Police,Surrey Police,,,No location,,,Investigation complete; no suspect identified
3dcdfd5e65cc19c334fac9f2661f575b12ea1dfbfa7ebd3e7b1c3a06bdc45ad4,2023-04,Surrey Police,Surrey Police,-0.555940,51.298825,On or near Newlands Avenue,E01034297,Woking 011G,Further investigation is not in the public interest
1cbc43aeeadb4ce073c60628d79794f09bffd64ce78d16f9d3c2709d883b8b97,2023-04,Surrey Police,Surrey Police,-0.585801,51.320879,On or near Watercress Way,E01030951,Woking 005A,Investigation complete; no suspect identified
b32f3a23df5d93c11b280c4f9bd605a9c511738eb8ed3b11ee1cc64fcf5599a2,2023-04,Surrey Police,Surrey Police,-0.428235,51.267289,On or near Farm Close,E01030442,Guildford 003B,Unable to prosecute suspect
426e73f69aa11aef58fd8e98327f66204d9ddb9e8dc189cb7fc6bc3f7a9000e9,2023-04,Surrey Police,Surrey Police,-0.587940,51.242570,On or near Further/Higher Educational Building,E01030468,Guildford 015C,Investigation complete; no suspect identified
ed5ace80e3d9949f1292dfd3f25ebab704c8ef35c3a8a796514ec9a117f30b61,2023-04,Surrey Police,Surrey Police,-0.475920,51.444917,On or near Petrol Station,E01030711,Spelthorne 002C,Investigation complete; no suspect identified
87d036d3f7b334bfd20d385004f49f20a1b712ebe842aac0ef2890c8979a401e,2023-04,Surrey Police,Surrey Police,-0.421907,51.389160,On or near Berkeley Gardens,E01030357,Elmbridge 007A,Investigation complete; no suspect identified
0f360a810a03882d703990f48e8ddb1dbc35ed6ce72f2a1cd4e191139b927a64,2023-04,Surrey Police,Surrey Police,-0.795739,51.206766,On or near Searle Road,E01030889,Waverley 006C,Further investigation is not in the public interest
4cb0632feb3dab8e54db5fa71a8dc801c0bd1d989155f5ebbdf3db666efa292e,2023-04,Surrey Police,Surrey Police,-0.566636,51.403474,On or near Parking Area,E01030689,Runnymede 005A,Investigation complete; no suspect identified
69b5a88907998baceb7ca5f840b9db93bdd824c4954182314841bdeeec59328b,2023-04,Surrey Police,Surrey Police,-0.279969,51.332245,On or near Parklawn Avenue,E01030404,Epsom and Ewell 007D,Investigation complete; no suspect identified
f148809218004b0f7f9b1fdd5b4558228f6d4eebbb7d70dc051143b3d8fce59e,2023-04,Surrey Police,Surrey Police,-0.749743,51.330459,On or near Gordon Crescent,E01030804,Surrey Heath 008E,Investigation complete; no suspect identified
05e432a283a704ff089eee8263be6c2e78461322ca9175d02e60abdcc544f901,2023-04,Surrey Police,Surrey Police,-0.266150,51.356852,On or near Cottage Road,E01030416,Epsom and Ewell 004D,Investigation complete; no suspect identified
8238be36fd72f0b6a87d92ebbf9915c9db101d2c30d47c8d0a010aed0fc3b757,2023-04,Surrey Police,Surrey Police,-0.265361,51.333750,On or near Theatre/Concert Hall,E01034290,Epsom and Ewell 008F,Investigation complete; no suspect identified
8f17efcb7112781721f8fb39bc2e1e2e1f233ce5c866cf06b81bd9a27e189c3a,2023-04,Surrey Police,Surrey Police,-0.570920,51.229362,On or near Chantry Quarry,E01030456,Guildford 016D,Unable to prosecute suspect
ae7c552a905dca01694d4309f442fc8a9df643fd02747b24a590c4c920a778e2,2023-04,Surrey Police,Surrey Police,-0.538626,51.315079,On or near Petrol Station,E01030990,Woking 006C,Investigation complete; no suspect identified
dcef3d4472b0e46916ce044cc2a65928b9e29084c30d2f852993c1f082de066f,2023-04,Surrey Police,Surrey Police,-0.559873,51.310671,On or near Poplar Grove,E01030991,Woking 008D,Formal action is not in the public interest
71d04831d852c32ae71b7c701fec6a0a9b2b3629e3a88b473856cbabee0aaa91,2023-04,Surrey Police,Surrey Police,-0.573939,51.238309,On or near Supermarket,E01030451,Guildford 013C,Investigation complete; no suspect identified
b8f0985449212f334b3a8cdb4c5b9a60a870fe70f418da703bf2e0c1afe220ab,2023-04,Surrey Police,Surrey Police,-0.716418,51.245400,On or near Parish Close,E01030421,Guildford 014A,Local resolution
c6b9844d6b948985e6f73a48278c6ad1f4b026d3076fa94c42f3ccabc9a8bf19,2023-04,Surrey Police,Surrey Police,-0.253866,51.322200,On or near Beech Road,E01030380,Epsom and Ewell 009B,Investigation complete; no suspect identified
463cf1f3dc9728576de75dfb7526b381e6d33bef822ab848e985a9fad86521b1,2023-04,Surrey Police,Surrey Police,-0.096339,51.289251,On or near Livingstone Road,E01030858,Tandridge 003E,Unable to prosecute suspect
e54c5237b66d8fa23edd7df486d62c08b03ceb1c107652cee6debd35a4d51f32,2023-04,Surrey Police,Surrey Police,-0.416753,51.384414,On or near Colby Road,E01034286,Elmbridge 007F,Investigation complete; no suspect identified
bbab60d0ee504fd43a6aae19aaf08aaab8a29548a1602bafed120da3f857b04f,2023-04,Surrey Police,Surrey Police,-0.331227,51.392814,On or near Ferry Terminal,E01030350,Elmbridge 005A,Unable to prosecute suspect
7a80a21b8ad89aa042ed3aa39aa621d27eb33bdf03c6f2ee239592261084ac5f,2023-04,Surrey Police,Surrey Police,-0.753381,51.222662,On or near The Willows,E01030894,Waverley 004D,Investigation complete; no suspect identified
139392f29d4a71cb7b87cede1ddbe68c058be28bc4560c740c1fe6b798f4e9e9,2023-04,Surrey Police,Surrey Police,-0.398138,51.322779,On or near Farmview,E01030303,Elmbridge 018A,Unable to prosecute suspect
b79ced15186b6457cdf7bcdc2b3ee621a19774bd1a1a2b48e63777e13344a1d2,2023-04,Surrey Police,Surrey Police,-0.324146,51.390311,On or near Petrol Station,E01030322,Elmbridge 006A,Investigation complete; no suspect identified
8ee025d6863255c19e13d9f4d027448359b20b2bb8ee0cbf432326cb348238af,2023-04,Surrey Police,Surrey Police,-0.268198,51.337593,On or near Temple Road,E01030409,Epsom and Ewell 007E,Investigation complete; no suspect identified
e669349f5505596ed9b6d3d8df28a5eecc1dd53a0cb04dada61247a8c253781a,2023-04,Surrey Police,Surrey Police,-0.281702,51.364212,On or near Stanton Close,E01030399,Epsom and Ewell 002B,Unable to prosecute suspect
780e69c8a055ceafb62c4608b526a009c26522c12693d51b74c0fae6ada7e6e5,2023-04,Surrey Police,Surrey Police,-0.157279,51.178409,On or near Woodhayes,E01030580,Reigate and Banstead 017A,Further action is not in the public interest
3bd1ebb464cb745c641e2a33cc46177478ac37f597ae5ef07ee56ec84ddb379c,2023-04,Surrey Police,Surrey Police,-0.552143,51.432170,On or near Fairhaven,E01030668,Runnymede 001B,Unable to prosecute suspect
7ad3a5500d71d572b58951808567f7a13f7f4d2b032274be66a18a557845ba12,2023-04,Surrey Police,Surrey Police,-0.038524,51.289322,On or near Long Hill,E01030861,Tandridge 004F,Investigation complete; no suspect identified
37d63c4c38247fc5e2e07cd59839817f1ab49ba71a3f0d8fc3730c83b9456854,2023-04,Surrey Police,Surrey Police,-0.326906,51.295264,On or near Elm Road,E01030552,Mole Valley 004B,Investigation complete; no suspect identified
b8623e70b0004c104548c9a664bb5a546ce77caa5eb6c1acb4f639de5e038cb1,2023-04,Surrey Police,Surrey Police,-0.478411,51.457412,On or near High Street,E01030743,Spelthorne 001A,Investigation complete; no suspect identified
abc29177bdaf014e1de7758e3ca91afac6dbddd33a3cb13e879f0f40c8e6b73f,2023-04,Surrey Police,Surrey Police,-0.511330,51.435714,On or near Shopping Area,E01034291,Spelthorne 004F,Investigation complete; no suspect identified
93248731190f4dac674bafb794765d7fe7d0be3303cff8386108aac08173ce8a,2023-04,Surrey Police,Surrey Police,-0.179249,51.173851,On or near Thornton Close,E01030588,Reigate and Banstead 016E,Unable to prosecute suspect
b46af3966da17f6ff2862096c8b87f57dd174476a8947d2ece4f0cd0daed4e05,2023-04,Surrey Police,Surrey Police,-0.507181,51.384675,On or near Kennett Lane,E01030653,Runnymede 006B,Investigation complete; no suspect identified
4a5391a69e86b666631d5aca040c7c1288ec6e8e5ac380fb30e31122c20a0e70,2023-04,Surrey Police,Surrey Police,-0.465543,51.434674,On or near Church Road,E01030712,Spelthorne 003C,Investigation complete; no suspect identified
8ba7e46f738902a3b8a561baed59a8aae3a72212b39dda0e2b9f8427091268ff,2023-04,Surrey Police,Surrey Police,-0.571478,51.235843,On or near Supermarket,E01030455,Guildford 013E,Investigation complete; no suspect identified
55d78feba00ff524a6008511c0b5d71875b3fce26edf502a9e0d70dab9aad68a,2023-04,Surrey Police,Surrey Police,-0.067877,51.190618,On or near Byers Lane,E01030827,Tandridge 009D,Investigation complete; no suspect identified
0a3c30c0017a6590540d12450bc08d9478e40d794c1be16dc69018e707171919,2023-04,Surrey Police,Surrey Police,-0.761863,51.323313,On or near Supermarket,E01030803,Surrey Heath 008D,Investigation complete; no suspect identified
b3590f8caecc3d76fc94b717f0f39ca367d35cbb10618aa6d5020faf2b983169,2023-04,Surrey Police,Surrey Police,-0.159658,51.174004,On or near Station Road,E01035362,Reigate and Banstead 018G,Further investigation is not in the public interest
b7ef51c010f95d7d616e809d9d918a435bd7510d0676339a33d0ea4d1d8cd8c6,2023-04,Surrey Police,Surrey Police,-0.531933,51.432116,On or near Jutland Place,E01030664,Runnymede 003B,Unable to prosecute suspect
625e34ba78dfb2b042745a26d143b1fea65c4f680492ed495656c8898e2ca3ab,2023-04,Surrey Police,Surrey Police,-0.576662,51.236833,On or near Shopping Area,E01030452,Guildford 015A,Investigation complete; no suspect identified
9dd103d2bf693c683ef05ca7d122f5fe07aa5f73f824d8773ec3bd7167d3663b,2023-04,Surrey Police,Surrey Police,-0.179167,51.239085,On or near Linkfield Gardens,E01030622,Reigate and Banstead 010F,Investigation complete; no suspect identified
55cfd7d724d4f48a77e319ce5f77022a76760670056cebb4fe9567052e08aa32,2023-04,Surrey Police,Surrey Police,-0.412261,51.329823,On or near Supermarket,E01030300,Elmbridge 017A,Investigation complete; no suspect identified
62a383103d7398c0b1645ca6c7ce51d789115b12b337f3a52efec112792bce50,2023-04,Surrey Police,Surrey Police,-0.513346,51.404644,On or near Theme/Adventure Park,E01030685,Runnymede 004C,Investigation complete; no suspect identified
ec91b9212daa6ca8d6827b3aed70f65f6f29ba93b2ea148a0f1f36c3a57681f4,2023-04,Surrey Police,Surrey Police,-0.411212,51.392531,On or near Cambridge Road,E01030363,Elmbridge 004C,Investigation complete; no suspect identified
a654bb47f0aba8ea55f9b60b7f17fbe45228c86498820ac0b924c791f7de1626,2023-04,Surrey Police,Surrey Police,,,No location,,,Local resolution
a3ac118c3fe445093fb641bbd81444347e67e5d5f10740668947196979fbdd22,2023-04,Surrey Police,Surrey Police,-0.187135,51.167193,On or near Brickfield Lane,E01030531,Mole Valley 013D,Unable to prosecute suspect
c0dad20c79d9531afeac723148047d32f0cb12c0acb4993e1f6ca19ea69150f5,2023-04,Surrey Police,Surrey Police,-0.371942,51.380410,On or near Joseph Locke Way,E01030310,Elmbridge 013D,Unable to prosecute suspect
700f807b626091712fb7d1136b2dee3d1922a9c7386189dbdf965ace7c0bbbd8,2023-04,Surrey Police,Surrey Police,-0.498929,51.348303,On or near Holmefield Place,E01030694,Runnymede 010E,Suspect charged
9f22e93113a569d817426814a59b3580f4387489c96edf9826714dcd2ce3a02c,2023-04,Surrey Police,Surrey Police,-0.266067,51.333173,On or near Nightclub,E01034290,Epsom and Ewell 008F,Investigation complete; no suspect identified
8f3a75a93ed71e775740bbb4e2dc484d2a2f89f8af320e7b8a005a5356693a9a,2023-04,Surrey Police,Surrey Police,-0.483914,51.149015,On or near Hilliards View,E01030872,Waverley 013C,Unable to prosecute suspect
74a012f393023c42096ba947dd4f06790b3b26383b7f3433b71a2d723b903337,2023-04,Surrey Police,Surrey Police,-0.581222,51.319070,On or near Hallington Close,E01030951,Woking 005A,Investigation complete; no suspect identified
91b365ff7716a56ec387e66bc454214a413257398d0d709d19913ef4f63603f2,2023-04,Surrey Police,Surrey Police,-0.326906,51.295264,On or near Elm Road,E01030552,Mole Valley 004B,Investigation complete; no suspect identified
ec4a7ea6a72dfc12f2b2caf57a690bc1e39784227e0aa35909da237da839d163,2023-04,Surrey Police,Surrey Police,-0.166825,51.249000,On or near Mead Close,E01030618,Reigate and Banstead 010D,Unable to prosecute suspect
8e08c30ca986809dc7a952616875b6e65a2fff283adf06b3c178a445c95fc9f6,2023-04,Surrey Police,Surrey Police,-0.460188,51.431322,On or near Percy Avenue,E01030702,Spelthorne 005B,Investigation complete; no suspect identified
868e1c6e2b53878b6e4368727302c7960740602fa8860fe2952a075a1f2f9bb3,2023-04,Surrey Police,Surrey Police,-0.266067,51.333173,On or near Nightclub,E01034290,Epsom and Ewell 008F,Unable to prosecute suspect
1431066d5f13d1ec9e5cb47353bef2b43fee27469c67ed9d4648ffc1c8d0e6cc,2023-04,Surrey Police,Surrey Police,-0.429216,51.375086,On or near Oatlands Chase,E01030341,Elmbridge 011D,Unable to prosecute suspect
b38c0ff807532e7ac2e03e1fa945c467ab66eb5caaaa7a5ca85d75b276319d93,2023-04,Surrey Police,Surrey Police,-0.363897,51.371090,On or near Warren Close,E01030307,Elmbridge 013A,Investigation complete; no suspect identified
a5e256ac631be060dfdde3916069965f0623207997b366127d64720f9d85b238,2023-04,Surrey Police,Surrey Police,-0.272428,51.325129,On or near Hospital,E01030419,Epsom and Ewell 008D,Investigation complete; no suspect identified
f8f72514c5d7fc58fdf428b0d018c7de0c36b10889d4933be68917acfcc48a5f,2023-04,Surrey Police,Surrey Police,-0.581884,51.325516,On or near The Orchard,E01030967,Woking 003E,Further investigation is not in the public interest
e0294570c8f691fb849f26e3b27a61a74eadfd25d38326982d95b43160e03b25,2023-04,Surrey Police,Surrey Police,,,No location,,,Investigation complete; no suspect identified
cc4417b9c33bfb7ce6c62e02d930f625e6f61fe72efaaf60503d71bbfa968a1d,2023-04,Surrey Police,Surrey Police,-0.733530,51.243122,On or near Christine Close,E01030424,Guildford 010A,Investigation complete; no suspect identified
1ea54e9080e74f2fad4fe4c7dcb9d0705fd756cc95c0763382805bcff3120280,2023-04,Surrey Police,Surrey Police,-0.233655,51.298750,On or near Bidhams Crescent,E01030608,Reigate and Banstead 005A,Investigation complete; no suspect identified
74e142404151cebae19742fdefecdcc3e60b95d0feabcb6a69294d1f61a9e3dd,2023-04,Surrey Police,Surrey Police,-0.000278,51.260167,On or near New Lodge Drive,E01030831,Tandridge 006A,Investigation complete; no suspect identified
c9891a54de28332a52b35109c540e417defc4e04f945766b4bf60a92fe3cf336,2023-04,Surrey Police,Surrey Police,-0.541324,51.236784,On or near Downside Road,E01030454,Guildford 016C,Investigation complete; no suspect identified
84bb4d0a8c22bb1de2a48fb04325a45d6033bb97d591d37351acd64f561402fc,2023-04,Surrey Police,Surrey Police,-0.592339,51.238983,On or near The Oval,E01030469,Guildford 015D,Investigation complete; no suspect identified
1c65bdd83add1a5c074d0fe9e46ce82330863bf16e116659bb06557222d03867,2023-04,Surrey Police,Surrey Police,-0.567939,51.402716,On or near Monks Road,E01030689,Runnymede 005A,Investigation complete; no suspect identified
aeb7c866d1560169689fad3bfefda8c68e4d5943de2c6b7390737944f6384279,2023-04,Surrey Police,Surrey Police,-0.515319,51.389886,On or near Vincent Road,E01030656,Runnymede 004A,Unable to prosecute suspect
e971ab6ee966e7e7ef3adc11a92a2a9bd6649ace5fbb43de9228e294f778c504,2023-04,Surrey Police,Surrey Police,-0.725422,51.294407,On or near Wittmead Road,E01030782,Surrey Heath 012A,Investigation complete; no suspect identified
7b14d6e6bd8c960a360b4ed303c4830f93cc06077212e2622ca758218b094b43,2023-04,Surrey Police,Surrey Police,-0.555053,51.295577,On or near Bullock Crescent,E01034297,Woking 011G,Investigation complete; no suspect identified
c710af4fb6bbb9d25dcf8b0ec56358a78eb5006bcfc882ddedec012ee6d0e37a,2023-04,Surrey Police,Surrey Police,-0.495898,51.342626,On or near Dartnell Crescent,E01031003,Woking 002D,Investigation complete; no suspect identified
f7270a93cf62edc9966af7b62674a9a18ca86096ca70acf64d6837593cdde660,2023-04,Surrey Police,Surrey Police,-0.331352,51.378319,On or near Claygate Lane,E01030319,Elmbridge 009A,Action to be taken by another organisation
ce775b0e8d776cbeea7ae9d83e3efaa2d38d50b098cce372eec24a9d1632f5da,2023-04,Surrey Police,Surrey Police,-0.414477,51.372936,On or near Walton-on-Thames,E01030366,Elmbridge 010C,Investigation complete; no suspect identified
7cc452cb53f3ee47c75b04b29e3ae0ce907581b22648c4d9b1c29435c885cd60,2023-04,Surrey Police,Surrey Police,-0.006371,51.171968,On or near Tannery Gardens,E01030822,Tandridge 010B,Investigation complete; no suspect identified
e04d8ca203c29e0daefabc3bb574b3f4721c7b1ba645cefa3ecb0ca13de40b88,2023-04,Surrey Police,Surrey Police,-0.167782,51.239339,On or near Parking Area,E01030613,Reigate and Banstead 011D,Investigation complete; no suspect identified
7908b02c91a252d12cef33cd6d2cde29408b1ad1692d2aeae0d6d1f96563bb5a,2023-04,Surrey Police,Surrey Police,-0.371942,51.380410,On or near Joseph Locke Way,E01030310,Elmbridge 013D,Unable to prosecute suspect
575949c0df14fa96c0602b11263e37f8b35f3faed8af93dc9e353a92ffd5c266,2023-04,Surrey Police,Surrey Police,-0.363351,51.400892,On or near Avern Gardens,E01030335,Elmbridge 003B,Unable to prosecute suspect
b0bf6899b06da47b55d4ea19ac4925b35c63eaaed7b8929e960b502cb5888e94,2023-04,Surrey Police,Surrey Police,-0.420645,51.414555,On or near Ravenscourt,E01030718,Spelthorne 011B,Further investigation is not in the public interest
6e89ca09a052ee7e88d9f169ceeaa614674bebb40233ab47aaf44de50e49d52b,2023-04,Surrey Police,Surrey Police,-0.805504,51.163523,On or near Pitt Lane,E01030909,Waverley 018B,Unable to prosecute suspect
039a299e083c92d816018aeabb2b3f391f69120c2d016a6dff3b49015d945303,2023-04,Surrey Police,Surrey Police,-0.241205,51.363899,On or near Bradstock Road,E01030408,Epsom and Ewell 003E,Investigation complete; no suspect identified
6d8d94f5d98972e8906f4f76da7a49e99aea7e8c555da7fa2b502ff606276e01,2023-04,Surrey Police,Surrey Police,-0.410049,51.334002,On or near Copse Road,E01030300,Elmbridge 017A,Investigation complete; no suspect identified
61f48cb64407efe14c5c8a1a0cfe5038f67df6058f9b80cab5a7155af70c1331,2023-04,Surrey Police,Surrey Police,-0.317059,51.275851,On or near Cherkley Hill,E01030554,Mole Valley 004D,Investigation complete; no suspect identified
d9483b79076c851fea4491a309d11e8960d04be4cc5468bd72324b27ca393fda,2023-04,Surrey Police,Surrey Police,-0.254026,51.346708,On or near Village Gardens,E01030392,Epsom and Ewell 010C,Investigation complete; no suspect identified
999e6bdeb88c55170059875b8c66c126252f0daec6b8eb0ce8e891c71cf048ab,2023-04,Surrey Police,Surrey Police,-0.425674,51.419272,On or near Spelthorne Grove,E01030752,Spelthorne 008E,Action to be taken by another organisation
6135804b5ca5a6e2b837dda33aa6f00516c9ec7a3dfd5c3ad1d929fb74af039c,2023-04,Surrey Police,Surrey Police,-0.260778,51.333346,On or near Parking Area,E01030412,Epsom and Ewell 008C,Investigation complete; no suspect identified
0238af97852e5b8e798081e999a7ecc0df58c5dce82720620e1acd9d9dd54420,2023-04,Surrey Police,Surrey Police,-0.560409,51.320138,On or near Shopping Area,E01030954,Woking 008A,Investigation complete; no suspect identified
1d0fa551dfbcdd8bb27d6d19a65f48e10ed532375beca7ac18eb3cf17eaf1788,2023-04,Surrey Police,Surrey Police,-0.175729,51.247421,On or near Fulbourne Close,E01030619,Reigate and Banstead 010E,Further investigation is not in the public interest
7261af47f5d6a2bdb111bcbd4603cbeacb9a300f57b4d1a348c369e793b9faf8,2023-04,Surrey Police,Surrey Police,-0.604734,51.242198,On or near Supermarket,E01030470,Guildford 012A,Investigation complete; no suspect identified
c763b038a539603f09eaac22925d94f564f0788e2fa25468b875a948bb529316,2023-04,Surrey Police,Surrey Police,-0.573939,51.238309,On or near Supermarket,E01030451,Guildford 013C,Investigation complete; no suspect identified
33139bd44ecae8db5964017a5c8e8245c24762f92efd7d0ca922e6887f5d9129,2023-04,Surrey Police,Surrey Police,-0.447875,51.429604,On or near Park Road,E01030701,Spelthorne 005A,Unable to prosecute suspect
99f1e3ad097126609edc51c24c5e988862b16836ad0c88be9a8f9e609dbc8169,2023-04,Surrey Police,Surrey Police,-0.619193,51.318579,On or near Merchants Close,E01030977,Woking 007D,Unable to prosecute suspect
789c92acb19cd1597b309131c6217b8ba16665bc925f86fbb2d39d6540a7e9e8,2023-04,Surrey Police,Surrey Police,-0.783458,51.201829,On or near Parklands Close,E01030883,Waverley 004B,Investigation complete; no suspect identified
aecbd982fb351e5d7b15a0bc91a7ae1f2c5d6dbf6035667d7cb62889c8669404,2023-04,Surrey Police,Surrey Police,-0.074167,51.292935,On or near Sports/Recreation Area,E01030851,Tandridge 004E,Unable to prosecute suspect
d1c9996f6ea38e50c218fc0727d66c619d75e5bb1781a3c6a80d46266dd672ff,2023-04,Surrey Police,Surrey Police,-0.546971,51.431953,On or near High Street,E01030668,Runnymede 001B,Investigation complete; no suspect identified
2b23b632bdefbb0cb9b14362014b2aba98c554f7ec44579fb931135de167a4b1,2023-04,Surrey Police,Surrey Police,-0.486062,51.362274,On or near Burcott Gardens,E01030683,Runnymede 010C,Investigation complete; no suspect identified
f7ffdaf6856388e56c7d5ed8cb87ad39e63d97db44f3a09fd15d9f3c11ae13b7,2023-04,Surrey Police,Surrey Police,-0.558389,51.298513,On or near Balfour Avenue,E01034296,Woking 011F,Investigation complete; no suspect identified
8626b7b1ecf5fa4ed37fdefb16f384a2889b43a552f39527be808783533bdce4,2023-04,Surrey Police,Surrey Police,-0.396240,51.368129,On or near Petrol Station,E01030317,Elmbridge 014E,Investigation complete; no suspect identified
37b507f7787d40adc5a0b6814692a52e48c64df29aacac7a747dfed51e7056bf,2023-04,Surrey Police,Surrey Police,-0.615590,51.315291,On or near Alexandra Gardens,E01030979,Woking 007E,Further investigation is not in the public interest
844291a45174420686e865f2f2e66f0e9ab643e876525cb5d357bd144cd6596e,2023-04,Surrey Police,Surrey Police,-0.158070,51.175094,On or near Windmill Close,E01030580,Reigate and Banstead 017A,Further investigation is not in the public interest
b48fb907ecd39c0e2f3f783c466f0dcdf0e7231bd6a4160c433fedca3f8b63c2,2023-04,Surrey Police,Surrey Police,-0.247796,51.362469,On or near Kenilworth Road,E01030406,Epsom and Ewell 003C,Investigation complete; no suspect identified
62f66a397aeea5a32149309e592ebe65aeae5cade84f56cec1944e7f80d790fb,2023-04,Surrey Police,Surrey Police,-0.387147,51.269095,On or near Petrol Station,E01030521,Mole Valley 007B,Investigation complete; no suspect identified
8f237273a4746b4e25a1964d7d61fab01818a2642d57e76e07ce58d0e57a3c2c,2023-04,Surrey Police,Surrey Police,-0.162014,51.187286,On or near Sports/Recreation Area,E01030629,Reigate and Banstead 015B,Unable to prosecute suspect
9cfef0b2913465537264cf89f81bc3d2f856075ef72662d6b75d5fe2d75e6bda,2023-04,Surrey Police,Surrey Police,-0.748693,51.336850,On or near Supermarket,E01030795,Surrey Heath 008C,Investigation complete; no suspect identified
0ce6292c2a3068cc929974616d73a8a6138eb59320aef9fd0a4b75ffa57e4a6d,2023-04,Surrey Police,Surrey Police,-0.577824,51.238169,On or near Parking Area,E01030451,Guildford 013C,Investigation complete; no suspect identified
8c213b2aa99bf4e4973a45d3406d4a9530c816d890d592c4a754465ed05fe346,2023-04,Surrey Police,Surrey Police,-0.636235,51.251489,On or near Green Lane,E01030502,Guildford 005D,Investigation complete; no suspect identified
e7474181381fd31e147d7e8b750304514fa589df0aaec8035da44bcfd5b8d418,2023-04,Surrey Police,Surrey Police,-0.237132,51.298605,On or near Cheam Close,E01030608,Reigate and Banstead 005A,Investigation complete; no suspect identified
0990a524abbdfadd6d2be3d217dee71b760a0f363f2b49e65dcc42bb3ef2bc4b,2023-04,Surrey Police,Surrey Police,-0.795739,51.206766,On or near Searle Road,E01030889,Waverley 006C,Further investigation is not in the public interest
990e45b02c318393906418d577e8aaadf613d3602608d7dc083671620a14a2b6,2023-04,Surrey Police,Surrey Police,-0.406520,51.374501,On or near Noble Street,E01030366,Elmbridge 010C,Investigation complete; no suspect identified
511010fb5e6625c29d35b80d47c76820e746cef660b7897e1e53fb34bff47ec1,2023-04,Surrey Police,Surrey Police,-0.532846,51.358202,On or near Trelawn Close,E01030680,Runnymede 008D,Investigation complete; no suspect identified
450570ae38b6db313ba8288e4d6a9c8fc5d031e7c3e07d48dc4987d8eea708c3,2023-04,Surrey Police,Surrey Police,-0.508044,51.232912,On or near Parking Area,E01030490,Guildford 018A,Investigation complete; no suspect identified
4d8eab37bb37d369339ea991887d6ef4fab2b98809b3e3cb645899ca1099b952,2023-04,Surrey Police,Surrey Police,,,No location,,,Investigation complete; no suspect identified
6e88d37a5d7650d00ab160799e237b13d17ae332b104b6a3ce969936b777c1e2,2023-04,Surrey Police,Surrey Police,-0.726226,51.351364,On or near Wimbledon Close,E01030786,Surrey Heath 004A,Further investigation is not in the public interest
339a09563534945e104012605fc146a2681dd23242488e579b6638a4b113c0db,2023-04,Surrey Police,Surrey Police,-0.197529,51.256042,On or near Fort Lane,E01030625,Reigate and Banstead 009D,Unable to prosecute suspect
b55d3665aa38dcc6cef9e93358194cfdf56c202ce8302500f066ce90f145728f,2023-04,Surrey Police,Surrey Police,-0.586415,51.249037,On or near Woodbridge Hill,E01030487,Guildford 006B,Investigation complete; no suspect identified
d2f5666a48693681b145761f352176619ff97e9f3451be5c12ec064cdec69ef7,2023-04,Surrey Police,Surrey Police,-0.415790,51.418536,On or near Station Approach,E01030755,Spelthorne 010C,Further action is not in the public interest
2ebac02e71555aad0c4da262c4f3b727e145bbef632d74ca05a46c374f5867a7,2023-04,Surrey Police,Surrey Police,-0.170220,51.239629,On or near Parking Area,E01030615,Reigate and Banstead 010A,Investigation complete; no suspect identified
a9095f04d511311aaa9dcbc26975fe3d9ac62082dba5c5cd35cd713bb927777b,2023-04,Surrey Police,Surrey Police,-0.239288,51.312369,On or near Walkfield Drive,E01030641,Reigate and Banstead 003B,Investigation complete; no suspect identified
e517b0610d7dfeaf64e34bec5901f713af7eff6cc643d99cfe92077f76c35c4f,2023-04,Surrey Police,Surrey Police,-0.818719,51.201021,On or near Bridge Court,E01030905,Waverley 009B,Local resolution
0f22c174232a3288f99da4978748c7913caa3cef58013de5dea466f93e6e7034,2023-04,Surrey Police,Surrey Police,-0.223325,51.239332,On or near Flanchford Road,E01030623,Reigate and Banstead 009B,Unable to prosecute suspect
38907a285195c8d55c35025be73a8ee7d4a51e320cbb90cde397057f1fb686e5,2023-04,Surrey Police,Surrey Police,-0.475344,51.344650,On or near Shopping Area,E01030347,Elmbridge 016B,Investigation complete; no suspect identified
94c2b088625af6c208c087c5573d892131f31d9280d92edaceb9435369df2e8e,2023-04,Surrey Police,Surrey Police,-0.725465,51.270039,On or near Maple Close,E01030429,Guildford 004D,Unable to prosecute suspect
2cd2c87e2ab02b8c99ef57f4ef33e647a7810bccbaafb352278e8c4e46593caf,2023-04,Surrey Police,Surrey Police,-0.581469,51.257996,On or near Rowan Close,E01030481,Guildford 007A,Unable to prosecute suspect
db0a8ef3a2a86dc6679476a3dd714d6c51abb7daa4a1289736bf252d392208cf,2023-04,Surrey Police,Surrey Police,-0.744880,51.313510,On or near Frimley High Street,E01030766,Surrey Heath 010A,Investigation complete; no suspect identified
f4566fcda69a650857e85daaa0019ec5d4838c97821123bf17ccb813400f9bdb,2023-04,Surrey Police,Surrey Police,-0.266419,51.334289,On or near Shopping Area,E01034290,Epsom and Ewell 008F,Investigation complete; no suspect identified
9f078ea9c0bec204abec3dc5ffe9ea9cb03765210d76370e18b946ac43aab8fa,2023-04,Surrey Police,Surrey Police,-0.267813,51.341319,On or near Hook Road,E01030384,Epsom and Ewell 005B,Investigation complete; no suspect identified
df98ef5d58e3601f6c42eec6704c39822d791331e22d45ad449aae3e0d0a468b,2023-04,Surrey Police,Surrey Police,-0.000760,51.256668,On or near Shopping Area,E01030831,Tandridge 006A,Investigation complete; no suspect identified
eaea24f45010c005327e39dff641e1921f85f6d804aa3f8c3d25278beb77b938,2023-04,Surrey Police,Surrey Police,-0.578878,51.319221,On or near Merrivale Gardens,E01030970,Woking 008C,Investigation complete; no suspect identified
4ff32ec1a360a8a9c394670c7ae2d2406be278d7498f4be6a40ae59ef81544a8,2023-04,Surrey Police,Surrey Police,-0.366120,51.369979,On or near Church Street,E01030307,Elmbridge 013A,Unable to prosecute suspect
0c82cd60184cc067312c793e1529796565046c04c652851b352cac0cf27dfbaa,2023-04,Surrey Police,Surrey Police,-0.197529,51.256042,On or near Fort Lane,E01030625,Reigate and Banstead 009D,Local resolution
d5c4c727340759ce54b871808dd062bae6a70dd929e3799e5d647403db5c473d,2023-04,Surrey Police,Surrey Police,-0.246315,51.345199,On or near Clarence Place,E01030396,Epsom and Ewell 010D,Unable to prosecute suspect
3aead68cc8d999ff55e2245c340bce992e62cab1b3c30695ded0cd178cab432a,2023-04,Surrey Police,Surrey Police,-0.473932,51.457921,On or near Westland Close,E01030744,Spelthorne 001B,Investigation complete; no suspect identified
391e7fa1fb5a35c84dcf5c60683b9086c23804d52ed9438d3fbef7ca69eb0bad,2023-04,Surrey Police,Surrey Police,-0.635945,51.201209,On or near Hurtmore Road,E01030472,Guildford 017B,Investigation complete; no suspect identified
67889cd643f17cbf891f79e3f69114b00194859443f58d15e7d37c8c735a362e,2023-04,Surrey Police,Surrey Police,-0.077097,51.281931,On or near Church Walk,E01030829,Tandridge 004B,Investigation complete; no suspect identified
7d5d256c05b5febc8ea84f4c3ff8a89dd108911de5226dc0437744e01771bed8,2023-04,Surrey Police,Surrey Police,-0.281012,51.360785,On or near Petrol Station,E01030401,Epsom and Ewell 005C,Unable to prosecute suspect
452e9a17c824a787dc6d7b313f8b6ba1e2020b4ad9c07b852f4e3cf8eb0864ac,2023-04,Surrey Police,Surrey Police,0.012129,51.237076,On or near Four Oaks,E01030842,Tandridge 007C,Unable to prosecute suspect
33bbe4c6bb5361a2bf18b5ea4a3585b49283d306b0413309a0fddd4053641ddd,2023-04,Surrey Police,Surrey Police,-0.244685,51.342565,On or near Further/Higher Educational Building,E01030396,Epsom and Ewell 010D,Investigation complete; no suspect identified
27a43564c4683aba0c42b07eeac0343e0b31b143d18fc0fe0b642ef3b4cc57a9,2023-04,Surrey Police,Surrey Police,-0.587165,51.249343,On or near Supermarket,E01030487,Guildford 006B,Investigation complete; no suspect identified
7a771c0a7b9ce81efe81f92cfd8f4a67ba10cb147003bba7a9e104c2276207e9,2023-04,Surrey Police,Surrey Police,0.037031,51.271844,On or near Petrol Station,E01032571,Tandridge 012D,Investigation complete; no suspect identified
01de34beee5e8cecd680ccf2c50b11e95d0670e240424dbc90eeda12fd484931,2023-04,Surrey Police,Surrey Police,-0.795873,51.214816,On or near Parking Area,E01030885,Waverley 003B,Unable to prosecute suspect
9993455df7caf10f11c151a20d291ee219bf4c3687628b6dd6efaae32bdbdabd,2023-04,Surrey Police,Surrey Police,-0.260068,51.335809,On or near Hawthorne Place,E01030412,Epsom and Ewell 008C,Investigation complete; no suspect identified
98839992e274750e485ace9c6061c2d5f79a203caa4eed193017ab48d470d2f6,2023-04,Surrey Police,Surrey Police,,,No location,,,Investigation complete; no suspect identified
33b0aa7ae2284bbad7776ec31ebd4d6868d4fda5cd9e435c2725f9dc83bd7380,2023-04,Surrey Police,Surrey Police,-0.495445,51.381881,On or near Clifton Close,E01030651,Runnymede 007E,Unable to prosecute suspect
985a1152d59c2dce875ec50c62dd39eddc4d6f6551ab29124478c26c4f286334,2023-04,Surrey Police,Surrey Police,-0.577752,51.237242,On or near Fays Passage,E01030452,Guildford 015A,Unable to prosecute suspect
0396273adf70e61e008fc682f2c26ad468f7fd0e02051c12cf4f085467d58842,2023-04,Surrey Police,Surrey Police,-0.362483,51.406698,On or near Dunstall Way,E01030333,Elmbridge 001D,Unable to prosecute suspect
a545ab4251ce15df62894e3d3359d172c0a3187e06dc420f4ec7d00037692668,2023-04,Surrey Police,Surrey Police,-0.266565,51.351948,On or near Richards Field,E01030416,Epsom and Ewell 004D,Local resolution
4b205486796201422edd2b755f3e50bc946d32ba840c3b575ee2af2def90bb82,2023-04,Surrey Police,Surrey Police,-0.411105,51.385246,On or near Nelson Close,E01034286,Elmbridge 007F,Suspect charged
53b76fada5633d6bd623f22c94c710433046a9e08dbcc0ddc9b07e1ccaa10a42,2023-04,Surrey Police,Surrey Police,-0.719680,51.257431,On or near Supermarket,E01030430,Guildford 004E,Investigation complete; no suspect identified
20944373c9c3b1fbe6441bc52feeb8b5a55e84f7f96c3fc4a7bcdd8b11e23f4f,2023-04,Surrey Police,Surrey Police,-0.058350,51.241225,On or near B2236,E01030825,Tandridge 009B,Investigation complete; no suspect identified
d95969f0fabed3133f9327df09324d4aecc70d2a3a484dc01275fbbd5e3a81a5,2023-04,Surrey Police,Surrey Police,,,No location,,,Suspect charged
e6219205a22a1cc8468f6d807268b5a24e530cf783d4483e90610f3ce02e0e9a,2023-04,Surrey Police,Surrey Police,-0.271919,51.362314,On or near Scotts Farm Road,E01030414,Epsom and Ewell 002D,Investigation complete; no suspect identified
b0be7f36a17e94906b52accf68e4124c0d53be7550af3d8a87ed498052bb1f2e,2023-04,Surrey Police,Surrey Police,-0.487904,51.139805,On or near Parking Area,E01030875,Waverley 013F,Unable to prosecute suspect
3d5c550d3c138054dabe6e0d913d7b10d3e60bc3debb8de78c2990726f598123,2023-04,Surrey Police,Surrey Police,-0.719827,51.287233,On or near Mytchett Heath,E01030783,Surrey Heath 012B,Investigation complete; no suspect identified
2abb96d457028bd11ce472f21ebd8b6b44d1deb7d05f352b773c47773813b7bf,2023-04,Surrey Police,Surrey Police,-0.692603,51.354608,On or near Shepherds Chase,E01030757,Surrey Heath 002A,Unable to prosecute suspect
6437bedaef98ac004719b89b10e36aa206423e7c92af6199e48b889212d310d9,2023-04,Surrey Police,Surrey Police,-0.434779,51.402812,On or near St Andrew's Close,E01030719,Spelthorne 011C,Investigation complete; no suspect identified
706e5352fea3e8b6e1f4081ff7874361c7f20c6881e9af25ba76158c54922aab,2023-04,Surrey Police,Surrey Police,-0.100883,51.291402,On or near Coulsdon Place,E01030858,Tandridge 003E,Investigation complete; no suspect identified
88629a26f7ad0dc4d8aea30d6a354398e885e9bf4a3966a7200f5c176ac0c6fc,2023-04,Surrey Police,Surrey Police,-0.552442,51.238550,On or near St Omer Road,E01030437,Guildford 011B,Unable to prosecute suspect
144dc2cbac3dba3d33cc98197dac5f39535ad067e9563f61bcb623e2cb291259,2023-04,Surrey Police,Surrey Police,-0.472886,51.443106,On or near A30,E01030707,Spelthorne 003A,Investigation complete; no suspect identified
6754cd3c5d8a570f3d24a8cf7f03feec29b6c84091c86abaccf3458a6e2740dd,2023-04,Surrey Police,Surrey Police,,,No location,,,Investigation complete; no suspect identified
9dc20d7aaf6ec8cd315e7fae13f706a5e1925a2b1cf16ccaff0c526e22a2a6b9,2023-04,Surrey Police,Surrey Police,-0.412186,51.421698,On or near A316,E01030755,Spelthorne 010C,Investigation complete; no suspect identified
0416ad6b5b1ca67473267b5df306a31701b131281b03e1902417b0943f0305b3,2023-04,Surrey Police,Surrey Police,-0.746451,51.339065,On or near Parking Area,E01030800,Surrey Heath 005E,Investigation complete; no suspect identified
36d5c6b7e2eff56aa714bb2258eae41caf71bc9c60c373f309038db89344f903,2023-04,Surrey Police,Surrey Police,-0.587940,51.242570,On or near Further/Higher Educational Building,E01030468,Guildford 015C,Investigation complete; no suspect identified
e3312a094311117d9d524a615683bf7513678b941da9363f50963c1011256669,2023-04,Surrey Police,Surrey Police,-0.571478,51.235843,On or near Supermarket,E01030455,Guildford 013E,Investigation complete; no suspect identified
1be1e6b3b2e4222b527f829973c77ada593c783a213df23fa793df4c353301f2,2023-04,Surrey Police,Surrey Police,-0.420645,51.414555,On or near Ravenscourt,E01030718,Spelthorne 011B,Action to be taken by another organisation
5d5912908907645653e6149f8d4b869a8a1d981d1f1189763db3164ebb0e595a,2023-04,Surrey Police,Surrey Police,-0.455858,51.428783,On or near Bancroft Close,E01030705,Spelthorne 005E,Unable to prosecute suspect
57897f827551c73478874c777264378bd770a2bd0cad43be7fc2c085fce7dca6,2023-04,Surrey Police,Surrey Police,-0.261202,51.362740,On or near Lakehurst Road,E01030395,Epsom and Ewell 004A,Investigation complete; no suspect identified
49a978761c212d270e7093149634683dc846fbfea737c9184eac5af175b1d439,2023-04,Surrey Police,Surrey Police,-0.336353,51.361655,On or near Brookfield Gardens,E01030298,Elmbridge 015C,Investigation complete; no suspect identified
4c3aaab53b452aad0d0152b9a34eb57167ac0c3677959fc31d1050c2b8a015b9,2023-04,Surrey Police,Surrey Police,-0.047636,51.185650,On or near Bannisters Croft,E01030827,Tandridge 009D,Unable to prosecute suspect
f50753fed7c938daaea7ffe03ff5dd78bfd695f2a2cba07cc505393431f3e346,2023-04,Surrey Police,Surrey Police,-0.731517,51.260051,On or near Sopwith Close,E01030426,Guildford 004A,Unable to prosecute suspect
f0d508df0ae4d412b5b2a179ffed74eeabcc06e5ddd9c07cef9f840817c35c03,2023-04,Surrey Police,Surrey Police,-0.212728,51.227021,On or near Park House Drive,E01030631,Reigate and Banstead 013D,Investigation complete; no suspect identified
09f3de4c007747f1a52e9f23798adfd2ca503a7d381a2afd3bb63d73fb75d2df,2023-04,Surrey Police,Surrey Police,-0.617308,51.318287,On or near Petrol Station,E01030977,Woking 007D,Investigation complete; no suspect identified
311f3e7d404c9f52f2ba5a4b0593d129f41b9082b5c34672c9183cda4dc69a63,2023-04,Surrey Police,Surrey Police,-0.422252,51.418830,On or near Crossways,E01030752,Spelthorne 008E,Investigation complete; no suspect identified
595165342f3804d6b8805f581a808c2bb48a7d4b12d7b10aa1b7653be505b285,2023-04,Surrey Police,Surrey Police,-0.417589,51.385181,On or near Church Walk,E01034286,Elmbridge 007F,Investigation complete; no suspect identified
5ae372248064cc5bdf298ec331bbcacafaddcb9b6b3fdd6a6e7a6598d87089c4,2023-04,Surrey Police,Surrey Police,-0.103791,51.290442,On or near Sergeants Place,E01030857,Tandridge 003D,Unable to prosecute suspect
2b2e4566ade3143f941a58120ebcbde157f296c9e06fac08066783f49fe2dd01,2023-04,Surrey Police,Surrey Police,-0.568154,51.267231,On or near Jacobs Well Road,E01030504,Guildford 005F,Investigation complete; no suspect identified
29c820bb94f73650d69265d34211947c4bda3c03b5fe250484694370e13e217d,2023-04,Surrey Police,Surrey Police,-0.637986,51.159634,On or near Park/Open Space,E01030938,Waverley 011D,Investigation complete; no suspect identified
1ca73aaeb5064cc86b0b4e324503b571c44127228da8365aa6644b50144aee0a,2023-04,Surrey Police,Surrey Police,-0.480630,51.346269,On or near Petrol Station,E01030949,Woking 001D,Investigation complete; no suspect identified
cde5e32b4a04c372edb28c19e3ecfc08a63a55f4c88559b2ac8a6dd77e8c4267,2023-04,Surrey Police,Surrey Police,-0.761863,51.323313,On or near Supermarket,E01030803,Surrey Heath 008D,Investigation complete; no suspect identified
c34c572cb640f0bf4196c94c7768e530b7cde9b4a7e2f1d036cf967e4fcdef2c,2023-04,Surrey Police,Surrey Police,,,No location,,,Investigation complete; no suspect identified
183cc488e642a0e138af80ed991020d53a641265717a448e0cb98916cdd8e1e2,2023-04,Surrey Police,Surrey Police,-0.257684,51.341511,On or near Supermarket,E01030410,Epsom and Ewell 007F,Unable to prosecute suspect
95f933420d51a54c100727caa64377222ecb467515537581900f3e33828c53d5,2023-04,Surrey Police,Surrey Police,-0.488825,51.138728,On or near Snoxhall Field,E01030875,Waverley 013F,Investigation complete; no suspect identified
97ce3c475714804af3c3731e7775b142257a59143e6e5798fc509ee619ebec9b,2023-04,Surrey Police,Surrey Police,-0.186974,51.168018,On or near Mistley Gardens,E01030531,Mole Valley 013D,Investigation complete; no suspect identified
6aedc19ec72028db69da582b895db82907407ad497a58875c424ee132a902da0,2023-04,Surrey Police,Surrey Police,-0.201908,51.323393,On or near Garden Close,E01030564,Reigate and Banstead 002F,Further investigation is not in the public interest
946447321152d46dccea25e45c4166b26355778bf396191c22de73d19ebe64ef,2023-04,Surrey Police,Surrey Police,-0.573538,51.235014,On or near Chapel Street,E01030455,Guildford 013E,Investigation complete; no suspect identified
f9f8af1330e1ae6705685a693543dcbf170f4295a8015a5fe1085f08c5dce4ba,2023-04,Surrey Police,Surrey Police,-0.160525,51.171265,On or near Station Approach,E01035362,Reigate and Banstead 018G,Investigation complete; no suspect identified
53302a78d06ad00e741543808c3469de40b4cfd210881c30a953cf2f077e2c6b,2023-04,Surrey Police,Surrey Police,-0.483096,51.456781,On or near Stanhope Heath,E01030743,Spelthorne 001A,Unable to prosecute suspect
c050cc711310dc59a93ca11207b541c9eb6252a4f7804742c3edba5c438d9f5c,2023-04,Surrey Police,Surrey Police,,,No location,,,Investigation complete; no suspect identified
66bb1111d5b741367b7fc046004a532574f59cc796682b6fd1154c5ee7cf7aae,2023-04,Surrey Police,Surrey Police,-0.574658,51.259020,On or near Almond Close,E01030482,Guildford 007B,Investigation complete; no suspect identified
89db176c4e173479462ddf5ad31036bb92ae7fe9df836936b76371415894358b,2023-04,Surrey Police,Surrey Police,-0.371487,51.401734,On or near Yeend Close,E01030337,Elmbridge 003D,Further investigation is not in the public interest
d5d797c674b168f2e8d511388ac1e0f6831ae2267b64f8859557097b83bf72eb,2023-04,Surrey Police,Surrey Police,-0.596783,51.201187,On or near Brookfield,E01030920,Waverley 005D,Action to be taken by another organisation
a61a70b1270a748d2e889119bfa3972f50a5a045f4a29f4886734fe055352736,2023-04,Surrey Police,Surrey Police,-0.412513,51.193526,On or near Horsham Road,E01030492,Guildford 018C,Unable to prosecute suspect
0723fee9a7f1ac6c12f389e8bb052a294d9ab8b93a0f45c69cf9b58e38d5c55d,2023-04,Surrey Police,Surrey Police,,,No location,,,Investigation complete; no suspect identified
94744378081a666300f21e0bd8121786363a72d155fd16436fd2ac4224304984,2023-04,Surrey Police,Surrey Police,-0.517216,51.383660,On or near M25,E01030655,Runnymede 007F,Investigation complete; no suspect identified
3de57e1f109c4596c8c4b967ccf08e4fdb47571add3d16b9952cf0dba478d60b,2023-04,Surrey Police,Surrey Police,-0.674012,51.243327,On or near Orchard Way,E01030466,Guildford 002B,Investigation complete; no suspect identified
a3a83af3d607aba20dd389cb7d5e45f35723daabf781b748c9aa2fb8e10d6008,2023-04,Surrey Police,Surrey Police,-0.162297,51.217733,On or near Canada Drive,E01030572,Reigate and Banstead 014C,Unable to prosecute suspect
66851a8d65c53eb2e394fe08f7e18662464d65bc8d25609c1257c7d203247d96,2023-04,Surrey Police,Surrey Police,-0.567914,51.217284,On or near The Street,E01030480,Guildford 017E,Investigation complete; no suspect identified
1a9cbfc21c9dd13a6a8043051a66212ba9d083a680568858010b27af9fffe25c,2023-04,Surrey Police,Surrey Police,-0.471003,51.332242,On or near Rutson Road,E01030947,Woking 001B,Investigation complete; no suspect identified
2566c1ebdc11953a67cc23c4cd582cd47db250e0413d425247a1dbed9c236ac9,2023-04,Surrey Police,Surrey Police,,,No location,,,Unable to prosecute suspect
02acb3a079798d403b053d3979ce16b4db2fc09510ea210c9c0e94aac2e5fdc8,2023-04,Surrey Police,Surrey Police,-0.742519,51.340039,On or near Valroy Close,E01030801,Surrey Heath 004D,Unable to prosecute suspect
08082b0b5c48eccac03c47d382df96617167bf2535fd244c89392f64e35fd03e,2023-04,Surrey Police,Surrey Police,-0.100526,51.238869,On or near Outwood Lane,E01030812,Tandridge 008A,Investigation complete; no suspect identified
0ac21b2705568e187dded2fd81798b3cdcb85fba04c9e1635e80c4c766df10ad,2023-04,Surrey Police,Surrey Police,-0.086999,51.274485,On or near Harestone Valley Road,E01030828,Tandridge 004A,Investigation complete; no suspect identified
c3e34e18314410d9ecd266b260ede20bc2917b35fdec62e9b1825930dce047ca,2023-04,Surrey Police,Surrey Police,-0.791018,51.196817,On or near Blackthorn Close,E01030882,Waverley 006A,Investigation complete; no suspect identified
f5acfe08fd2cc287c67aaa377ecb987948049b692048b92b15f75a051f7e093b,2023-04,Surrey Police,Surrey Police,-0.165378,51.222718,On or near Gatehouse Lodge,E01030570,Reigate and Banstead 014A,Investigation complete; no suspect identified
3be48cdd3c5453fcc3783eeccb6911e9be695bef3ffed254351219bbe26f1886,2023-04,Surrey Police,Surrey Police,-0.811098,51.231284,On or near Old Park Close,E01030900,Waverley 002D,Unable to prosecute suspect
ca247a56b4d405ab7b8c17c9339225d1e0f380d98af012dfc60a216788ca0fd9,2023-04,Surrey Police,Surrey Police,-0.520451,51.378261,On or near Sandalwood Avenue,E01030655,Runnymede 007F,Investigation complete; no suspect identified
c010c287cc4eec4f9c04023689f6011ee5357f3f2946b84b9dc7490836c280f1,2023-04,Surrey Police,Surrey Police,-0.561854,51.324858,On or near Thurlton Court,E01030964,Woking 003B,Investigation complete; no suspect identified
7110b278c6b7203f19049f07e04e4a91231f37939ce89e828fcbac7e583e9e58,2023-04,Surrey Police,Surrey Police,-0.415790,51.418536,On or near Station Approach,E01030755,Spelthorne 010C,Unable to prosecute suspect
d2eb66f09c6807b4b05accaa70e39410847b1a8d8f6d1d6495f4c9db7c1af2d2,2023-04,Surrey Police,Surrey Police,-0.792972,51.205299,On or near Old Farnham Lane,E01030887,Waverley 006B,Suspect charged
d9918e1a5fd59df13679f6d895cd71fc98d3468af272f7c74ecb2181f4315d41,2023-04,Surrey Police,Surrey Police,-0.271639,51.359460,On or near Gadesden Road,E01030414,Epsom and Ewell 002D,Unable to prosecute suspect
a3c7b14adac54b2cb3c6778396a0a0db871a6a39c7baa086fe3a6da05cb240aa,2023-04,Surrey Police,Surrey Police,-0.171878,51.233234,On or near Brighton Road,E01030613,Reigate and Banstead 011D,Unable to prosecute suspect
aaed1d55ccbd3b3ebbae7f2377475d8c57ceac6c6840cdffa5b6385556fe9615,2023-04,Surrey Police,Surrey Police,-0.422555,51.386201,On or near Wellington Close,E01030360,Elmbridge 007D,Investigation complete; no suspect identified
f9ca550de843caf034e650687af2181a09fe49149caa99a64ee779020e04214f,2023-04,Surrey Police,Surrey Police,-0.432959,51.404730,On or near Blackberry Close,E01030719,Spelthorne 011C,Unable to prosecute suspect
b127f6c78f47ba3a32320ea44597f760162b10419b3180f33dd719d7a2e82641,2023-04,Surrey Police,Surrey Police,-0.329401,51.252989,On or near Pilgrims Way,E01030556,Mole Valley 009D,Investigation complete; no suspect identified
704a85fdf5d9be98fa167af274893eb8ed70a6796bfe8e83ed39e6ebd522de79,2023-04,Surrey Police,Surrey Police,-0.753775,51.326257,On or near Murrells Lane,E01030803,Surrey Heath 008D,Investigation complete; no suspect identified
f7f7e951e88b2504898639c18f3060bab8ca8a40f14f9f8f147ec805402b3af9,2023-04,Surrey Police,Surrey Police,-0.259938,51.343010,On or near Northfields,E01030410,Epsom and Ewell 007F,Investigation complete; no suspect identified
9ef5db0bf06c50980ff2a3a6a8a3a5378203d6930422221a757908a03bcf61a2,2023-04,Surrey Police,Surrey Police,-0.199646,51.223608,On or near Petrol Station,E01030633,Reigate and Banstead 015D,Investigation complete; no suspect identified
7cc2f51395848f57c6ed572f3779d1e3bf74066e3daeed4183914bc30835d1e0,2023-04,Surrey Police,Surrey Police,-0.495121,51.391346,On or near Chaseside Gardens,E01030658,Runnymede 004B,Unable to prosecute suspect
536407546c222d6f3fb940cfe3a1c1e920aae8f8c0e43fa3aabb23a30d691b51,2023-04,Surrey Police,Surrey Police,-0.109206,51.171787,On or near Plough Road,E01030816,Tandridge 011A,Investigation complete; no suspect identified
1fb9837d7747ee7e3003f5fd2dcc69c760dba723bd7c63dbd8cec51939885d91,2023-04,Surrey Police,Surrey Police,-0.267818,51.332039,On or near Shopping Area,E01034289,Epsom and Ewell 008E,Investigation complete; no suspect identified
f4e190266698ff788e6e3c3f427117bcca0dc239ba598bd23be604fc1e48c668,2023-04,Surrey Police,Surrey Police,-0.552694,51.321311,On or near Grove Road,E01030983,Woking 004D,Investigation complete; no suspect identified
e6de2ad0fa9c87fed98919b566e96f14233533d42436ce8dbdc775b034d62169,2023-04,Surrey Police,Surrey Police,-0.721163,51.350643,On or near Kingston Road,E01030788,Surrey Heath 004C,Investigation complete; no suspect identified
2f949b29f213a591ca9360edade54c50b2f1e4bee18d9e5f4f2003bcc8696f19,2023-04,Surrey Police,Surrey Police,-0.512547,51.435019,On or near Parking Area,E01034291,Spelthorne 004F,Local resolution
09875fd0ba52d71d229f5e7485146a5e2e38778d59e6175d4d99f85938b01b15,2023-04,Surrey Police,Surrey Police,-0.469127,51.445790,On or near Ashdale Close,E01030711,Spelthorne 002C,Investigation complete; no suspect identified
b90b89ffa3027f11d8d78e72cf0c5a93bd2f874a574bea8ce94d2d6667e47f06,2023-04,Surrey Police,Surrey Police,-0.502093,51.326564,On or near Pyrford Road,E01030997,Woking 006D,Investigation complete; no suspect identified
87b929ff2daea6dd48be2135f9601554d4d1915afa40392f390a40d1664d2ab6,2023-04,Surrey Police,Surrey Police,-0.452643,51.429415,On or near Elm Tree Close,E01030701,Spelthorne 005A,Investigation complete; no suspect identified
87d979ffb5e4f20278107147e4713d0af237a7dd25d228333f9c76b193551cbf,2023-04,Surrey Police,Surrey Police,-0.456687,51.437453,On or near Anglesey Close,E01030703,Spelthorne 005C,Unable to prosecute suspect
a1c7a38234126770aa8bc483f2d4c3765c7d4bdf7b2cca7a4b3db386fe82b374,2023-04,Surrey Police,Surrey Police,-0.609359,51.186652,On or near Bridge Street,E01030916,Waverley 007A,Investigation complete; no suspect identified
432f190b4d2e6a5accfa963b58fe16c912bcd60523a6c919b9e6b4f8d4e8445a,2023-04,Surrey Police,Surrey Police,-0.173343,51.251944,On or near Northmead,E01030619,Reigate and Banstead 010E,Investigation complete; no suspect identified
db47c22f0d7239465163770aded1ee60fc21f53c0f476b0e63edaf7d1896c919,2023-04,Surrey Police,Surrey Police,-0.558376,51.318593,On or near Chapel Street,E01030954,Woking 008A,Investigation complete; no suspect identified
43dbb7519c33408a0858ee5d0d55f0d53020b17cfabe6ed658d8494c9805e3df,2023-04,Surrey Police,Surrey Police,-0.416335,51.404444,On or near Farrier Close,E01030720,Spelthorne 011D,Unable to prosecute suspect
f8025409aaf6bf3424249ffd097c233274f8e4c999803a81a16bba7ee74813f8,2023-04,Surrey Police,Surrey Police,-0.258723,51.362946,On or near Ewell Court Avenue,E01030395,Epsom and Ewell 004A,Unable to prosecute suspect
fe618c2218741bb204e0a06ebdb8c9bc5682f9eb44908b41cdf08bdd6437afc7,2023-04,Surrey Police,Surrey Police,-0.409493,51.328923,On or near Parking Area,E01030302,Elmbridge 017C,Further investigation is not in the public interest
e3680efa645888a9a0ac33e17b2b2a590e367b117f29337385bdbc650e636385,2023-04,Surrey Police,Surrey Police,-0.202354,51.231188,On or near Lymden Gardens,E01030594,Reigate and Banstead 013A,Investigation complete; no suspect identified
30da410e502df400e5416e611589660f9aa85a89bfd30919418cc49919177078,2023-04,Surrey Police,Surrey Police,-0.145100,51.260447,On or near Portland Drive,E01030599,Reigate and Banstead 008A,Investigation complete; no suspect identified
14403f4f7d8a4161c0f7d5d76ed0e374b974dd2c7969bd5e3ae81ef13aa15111,2023-04,Surrey Police,Surrey Police,-0.641895,51.157053,On or near Park/Open Space,E01030942,Waverley 012D,Investigation complete; no suspect identified
93997d59f67cbd72470794689e9b222487117e9ec27d1956f976354da9353427,2023-04,Surrey Police,Surrey Police,-0.744652,51.338164,On or near Nightclub,E01030800,Surrey Heath 005E,Investigation complete; no suspect identified
4b42a07722d1a2b7feaaa80e1c9f8f449d632995efeb340d01ba667fe7527866,2023-04,Surrey Police,Surrey Police,-0.744624,51.337085,On or near Parking Area,E01030800,Surrey Heath 005E,Investigation complete; no suspect identified
e4b79a0cc608f83e06c02ae7632fb235cf85c14faae636d4b230c42a5754e8e0,2023-04,Surrey Police,Surrey Police,-0.509038,51.387234,On or near Parking Area,E01030657,Runnymede 006D,Unable to prosecute suspect
8fb76e5b2d4261985c518aa4955fea55fead4a8b63a4d2c1317af04d44425f79,2023-04,Surrey Police,Surrey Police,-0.615590,51.315291,On or near Alexandra Gardens,E01030979,Woking 007E,Further investigation is not in the public interest
5c9d849c993b8556f819ad5c2187e791effd1b629106ea4895eea2890fa3cd94,2023-04,Surrey Police,Surrey Police,-0.413966,51.418898,On or near Priory Close,E01030755,Spelthorne 010C,Unable to prosecute suspect
ecffc3554acc6f74d9daca719320c084623b52e8ba2ae378349619fa4f1e6b3d,2023-04,Surrey Police,Surrey Police,-0.342801,51.301964,On or near Randalls Road,E01030548,Mole Valley 003A,Investigation complete; no suspect identified
ea51b0917d3a5c589465982ca1ca848ab6e10df4a447f25367d50fda95e1fb9e,2023-04,Surrey Police,Surrey Police,-0.235742,51.294438,On or near Ashurst Road,E01030638,Reigate and Banstead 006D,Investigation complete; no suspect identified
f25d1da2b143b740d6c35796293e9831405d4dbf43777d5c7e463d963b06866e,2023-04,Surrey Police,Surrey Police,-0.548155,51.401861,On or near Parking Area,E01030685,Runnymede 004C,Unable to prosecute suspect
6cc4869376a6428e88096aa32578506c039fe87e25e69c7f9f05d72d67a788d9,2023-04,Surrey Police,Surrey Police,-0.586832,51.264428,On or near Burden Way,E01030488,Guildford 006C,Investigation complete; no suspect identified
903b0999c3780919a9d3525f9e66fb1ff1901bc00c300353e463b77479beeb4d,2023-04,Surrey Police,Surrey Police,-0.548333,51.429389,On or near Parking Area,E01030667,Runnymede 001A,Investigation complete; no suspect identified
975d16aed4f42dbd7c53631f92a0a24a58ac79ab2aa14bc1134b271e17a8506f,2023-04,Surrey Police,Surrey Police,,,No location,,,Unable to prosecute suspect
effa17a58a5d60bed0b555a56a25ae74ee2f1a2ff66478396c9f12bcfa897afd,2023-04,Surrey Police,Surrey Police,-0.167776,51.240930,On or near Theatre/Concert Hall,E01035358,Reigate and Banstead 011I,Investigation complete; no suspect identified
851262249f6448c505c0d2d99eae3665b5e92758b5cc78fe24e6c51be13a922e,2023-04,Surrey Police,Surrey Police,-0.211664,51.270755,On or near Petrol Station,E01030590,Reigate and Banstead 007B,Unable to prosecute suspect
21012ebea76f532ac406f1612bf8c3a1c5a95d671b31a29df6a54acd13442056,2023-04,Surrey Police,Surrey Police,-0.672861,51.345988,On or near The Orchard,E01030778,Surrey Heath 003A,Unable to prosecute suspect
baae0e2716ec33921d3e5b62c9df6c959cfec1ab83a98cbeca1439976c15e260,2023-04,Surrey Police,Surrey Police,-0.538053,51.339914,On or near Martyrs Lane,E01030965,Woking 003C,Investigation complete; no suspect identified
1dca077e449f760cca00bfd5e893210842816fff57ebf5ed88d0b2665b19fa26,2023-04,Surrey Police,Surrey Police,-0.169798,51.240530,On or near Supermarket,E01030615,Reigate and Banstead 010A,Investigation complete; no suspect identified
876e08b0d70d0734ea8fc354d1d32f9d3c8b356413b5d0451b564cee5c56ff9f,2023-04,Surrey Police,Surrey Police,-0.434509,51.365229,On or near Netherby Park,E01030349,Elmbridge 016D,Unable to prosecute suspect
45cb27353ae1bd3bc5bb503fb38c08c29d73d0a38080e203c915881747ee6958,2023-04,Surrey Police,Surrey Police,-0.687377,51.360080,On or near Heath Road,E01030759,Surrey Heath 002C,Formal action is not in the public interest
c84bb608757b3efd67cd4063f670291593475e634877922e69897a22104dd0ae,2023-04,Surrey Police,Surrey Police,-0.556120,51.319159,On or near The Broadway,E01030954,Woking 008A,Unable to prosecute suspect
f7fab5eec3451b289f18a37e239ba55d0410d7c3fbd457eb4669e575bf8ceed7,2023-04,Surrey Police,Surrey Police,-0.424872,51.417085,On or near Supermarket,E01030752,Spelthorne 008E,Investigation complete; no suspect identified
98eb094b2ab1c6ece73899cb5ebc49c2ef70fd136f19bdcd16459d9a3777fe13,2023-04,Surrey Police,Surrey Police,-0.267261,51.332342,On or near Shopping Area,E01034289,Epsom and Ewell 008E,Unable to prosecute suspect
2d5c5a9b85aff9e1901afdf003eb7e3e685527e5af07545aa4c6dbe26c94bd46,2023-04,Surrey Police,Surrey Police,-0.475101,51.337223,On or near Mowbray Avenue,E01030948,Woking 001C,Investigation complete; no suspect identified
4af5f4e886e81986b53e9cd7e3037d803e164e9599ec739de10919fdd3932b68,2023-04,Surrey Police,Surrey Police,-0.496746,51.347430,On or near Pinewood Grove,E01030694,Runnymede 010E,Investigation complete; no suspect identified
760163da74a4aff03517aed5729622d075689f579ab3546a5eecd4a033782a2e,2023-04,Surrey Police,Surrey Police,-0.301734,51.306511,On or near Parker's Hill,E01030509,Mole Valley 001C,Investigation complete; no suspect identified
937e09d1ea5161cf3e90ad9a87e115b662f990ba6f57cee789702d5ecbf874dc,2023-04,Surrey Police,Surrey Police,-0.348860,51.394898,On or near Hampton Court Avenue,E01030328,Elmbridge 002C,Investigation complete; no suspect identified
695ee62ff5a4b208303ca86b3832b17ba5f8820a7b945372f51b46fc9d511d3a,2023-04,Surrey Police,Surrey Police,-0.580818,51.235373,On or near Parking Area,E01030452,Guildford 015A,Investigation complete; no suspect identified
6247691710c5d0061a45885e39ad8e1ef9edbf399cff308d942839816201637c,2023-04,Surrey Police,Surrey Police,-0.395040,51.338743,On or near Queensgate,E01030306,Elmbridge 017F,Investigation complete; no suspect identified
5890b0727b2e0f6bff4fbd8b602ff1bcf48a6cfa6a87e64348a6142a0f14b54a,2023-04,Surrey Police,Surrey Police,-0.324146,51.390311,On or near Petrol Station,E01030322,Elmbridge 006A,Investigation complete; no suspect identified
3ab64fd7bcc06ce0b369402abd8053aea72354628b4f6e585ef7e6f63df2fe53,2023-04,Surrey Police,Surrey Police,-0.498450,51.348010,On or near Eden Close,E01030694,Runnymede 010E,Investigation complete; no suspect identified
d4f2ba615f48d37257c0b6e6a873d0e47a4b1088e96780a64dadd77a84abf08c,2023-04,Surrey Police,Surrey Police,-0.326906,51.295264,On or near Elm Road,E01030552,Mole Valley 004B,Investigation complete; no suspect identified
e3b449e6dc3dd9c3a3096128758093443014b2f4ce2a9175bb7a020e27b26393,2023-04,Surrey Police,Surrey Police,-0.284895,51.254809,On or near Ashurst Drive,E01030524,Mole Valley 008A,Investigation complete; no suspect identified
f225c8847193b7239f4cb99bec2419d751678fe7989c23349dc2916fc408ed6b,2023-04,Surrey Police,Surrey Police,-0.272618,51.214530,On or near Gadbrook Road,E01030527,Mole Valley 008D,Investigation complete; no suspect identified
4c667637ac4739c6e04a3ea35448cf562f8c0ac5f2edcadc5b652c0de0b6c510,2023-04,Surrey Police,Surrey Police,-0.434849,51.379271,On or near Berkeley Court,E01030339,Elmbridge 011B,Investigation complete; no suspect identified
f6804fe56893a79a1e56cf4eef43876445acaebf705f0a20dc4caea729c099c1,2023-04,Surrey Police,Surrey Police,-0.570308,51.260181,On or near Woodlands Road,E01030482,Guildford 007B,Investigation complete; no suspect identified
de0d5e980f5eb870dcfc6913622de0f2a04d625c37495eef99d0211f86fdab06,2023-04,Surrey Police,Surrey Police,-0.161491,51.169635,On or near Supermarket,E01035362,Reigate and Banstead 018G,Investigation complete; no suspect identified
70e787bdc15d479a983e87b3d71a4073be4bb95ed64969ac71177d4eb7f6fc66,2023-04,Surrey Police,Surrey Police,-0.626869,51.318139,On or near Limecroft Road,E01030978,Woking 012C,Unable to prosecute suspect
a94f3d8efeadf2d5a7374c154454f17a0757e9561b49675fd578b8ca8a9e8cab,2023-04,Surrey Police,Surrey Police,-0.282765,51.346161,On or near Pelman Way,E01034287,Epsom and Ewell 005E,Investigation complete; no suspect identified
1996e1a78f1aa5a2679ac15569526823b33db827031c117f537fb37f48753f1d,2023-04,Surrey Police,Surrey Police,-0.435289,51.422422,On or near Squires Walk,E01030700,Spelthorne 006D,Local resolution
1eab9d76727cfa9b8e16f04496dbed1faaccd8715fca945500a97184e0582070,2023-04,Surrey Police,Surrey Police,-0.253571,51.342798,On or near Hessle Grove,E01030391,Epsom and Ewell 007B,Unable to prosecute suspect
7fe4350b64f91cc43666321896fb8b758e5b65bfb9ef3f8fc6fb973e0344797b,2023-04,Surrey Police,Surrey Police,-0.334251,51.387902,On or near Linden Close,E01030352,Elmbridge 005C,Further investigation is not in the public interest
1079b7839aa02c91d27613842c74924e2db357f430a9ff286d06e9ff977f1d8b,2023-04,Surrey Police,Surrey Police,-0.499505,51.375522,On or near Oaklands Court,E01030650,Runnymede 007D,Unable to prosecute suspect
415989331c5027ff05c4683c626334dcdfc5649021b93ac522b8350e3dc78719,2023-04,Surrey Police,Surrey Police,-0.611822,51.308906,On or near Larchwood Road,E01030961,Woking 009B,Unable to prosecute suspect
5216093fe624188fb03c7b1ed010ff21e308b4a8814ca55ecd817ffab5e99857,2023-04,Surrey Police,Surrey Police,-0.433040,51.402798,On or near Annett Close,E01030719,Spelthorne 011C,Investigation complete; no suspect identified
2a2461f6121b9626bb88447ec2e7cb607f50e262235269a0aab95c4738ddb368,2023-04,Surrey Police,Surrey Police,-0.411590,51.374552,On or near Park/Open Space,E01030366,Elmbridge 010C,Unable to prosecute suspect
56dbb592ddb65f4ae262a4ddf30f83a7f6c48dace04eae8031381b2f27ceef38,2023-04,Surrey Police,Surrey Police,-0.208104,51.236923,On or near Supermarket,E01030620,Reigate and Banstead 012D,Unable to prosecute suspect
99ae2d96c6221650bfc0d17a04f95c5f25080cb9cb1c1859831ca20a34c2f01f,2023-04,Surrey Police,Surrey Police,-0.664074,51.227084,On or near Parking Area,E01030471,Guildford 017A,Investigation complete; no suspect identified
d3e80d6a678e4f8ef8f873e7234b6f6cc74ffc558ea5be2e58f8b11e415de5ef,2023-04,Surrey Police,Surrey Police,-0.574853,51.234185,On or near Millbrook,E01030455,Guildford 013E,Unable to prosecute suspect
88da57077448818d24be9fc36d7059c1ecd68e8e0242cc3a9ccd5dd30ed809e8,2023-04,Surrey Police,Surrey Police,-0.553385,51.413787,On or near Luddington Avenue,E01030690,Runnymede 005B,Suspect charged
49b6833d2175a81d9d1de140fbedc70f6a45c53028045fb98817b878ab4a55ce,2023-04,Surrey Police,Surrey Police,-0.505587,51.436693,On or near Fairfield Avenue,E01034292,Spelthorne 004G,Suspect charged
78e51707093754cd8f1bbe457ad6229d448cbeb3b599e6e8e7460816ab7dd9b0,2023-04,Surrey Police,Surrey Police,-0.593428,51.317859,On or near Hamble Close,E01030959,Woking 005G,Unable to prosecute suspect
29b92ea20f1dccb22a06807f28c3da219f1fb8affc24479bd999aa50cc5f14e1,2023-04,Surrey Police,Surrey Police,-0.268742,51.334193,On or near Parking Area,E01034289,Epsom and Ewell 008E,Investigation complete; no suspect identified
23614a01b0c43e233e76fedc5da7a6de94f917d3fdadd3fa29d8fc644dfa5664,2023-04,Surrey Police,Surrey Police,-0.013185,51.264982,On or near Central Way,E01030837,Tandridge 006D,Unable to prosecute suspect
bb3d878623e7315b4287018e7cffa69e6a27e0c51c5c53d81aca45d14710d3c3,2023-04,Surrey Police,Surrey Police,-0.457358,51.373104,On or near High Street,E01030374,Elmbridge 012D,Investigation complete; no suspect identified
198fdee496877551c96317f929814381c5113e2f5ff5c334ff64c283c2201a3d,2023-04,Surrey Police,Surrey Police,-0.477258,51.338411,On or near Parking Area,E01030948,Woking 001C,Investigation complete; no suspect identified
439ce1b0bcc5f9ed1226e58cd9f858d482e2561acbfcbd001d74295b203afbcd,2023-04,Surrey Police,Surrey Police,-0.247691,51.329078,On or near Kilcorral Close,E01030382,Epsom and Ewell 010A,Investigation complete; no suspect identified
d3849421d78fc790ae2c1ed594cdb344cbae8b01108fa86d0440b69b224fbf50,2023-04,Surrey Police,Surrey Police,-0.161811,51.181376,On or near Ladbroke Road,E01030576,Reigate and Banstead 018B,Unable to prosecute suspect
2fb2e967caa589d18971e31a82d90c443004c267c9116b246984b78ed1fc955e,2023-04,Surrey Police,Surrey Police,-0.249056,51.345617,On or near Persfield Close,E01030392,Epsom and Ewell 010C,Investigation complete; no suspect identified
d7dff10ba49ffe21eee8327982e37319128a1619d9255a38f0c5888dd51b7c97,2023-04,Surrey Police,Surrey Police,-0.408389,51.375318,On or near Hersham Road,E01030366,Elmbridge 010C,Unable to prosecute suspect
92da9ac99512ff298db483bbad418808d9cbcec6816ce7d59bc0d1a327d0dac6,2023-04,Surrey Police,Surrey Police,-0.430592,51.281421,On or near Parkside Place,E01030443,Guildford 003C,Further investigation is not in the public interest
4959640776fdb014e011bb29fdd809f209714a397cd879aed7cf12f1dc1a19f9,2023-04,Surrey Police,Surrey Police,-0.017686,51.146620,On or near Charters Village Drive,E01030822,Tandridge 010B,Investigation complete; no suspect identified
bf1c4f7b319b7821f6c0fe035067d0a2857b665568127fa7669d4836c5c0ba1a,2023-04,Surrey Police,Surrey Police,-0.337746,51.391413,On or near St Nicholas Road,E01030352,Elmbridge 005C,Investigation complete; no suspect identified
8c2a3888df94819d3c78ed355102a6bde2876ee8c7cf0443b2057080e29118fa,2023-04,Surrey Police,Surrey Police,-0.241755,51.296246,On or near Downs View,E01030637,Reigate and Banstead 006C,Investigation complete; no suspect identified
79b38bf85e0683a9a1a3d27e73a01af1f675c753a8ea6212fdf7e9ae99e97b3d,2023-04,Surrey Police,Surrey Police,-0.423996,51.390690,On or near Felix Lane,E01030357,Elmbridge 007A,Investigation complete; no suspect identified
4bbe12aa39834a1079ff911705da89260c8b06f917e35eba07d6f0dc6221a339,2023-04,Surrey Police,Surrey Police,-0.723783,51.260399,On or near Oaklea,E01030426,Guildford 004A,Investigation complete; no suspect identified
957a359ce0b01c938f86c096abe3dcf8925d12964d18dbf0bddca72e2636c8da,2023-04,Surrey Police,Surrey Police,-0.192104,51.294969,On or near Outwood Lane,E01030589,Reigate and Banstead 007A,Investigation complete; no suspect identified
9179d4f033b99b0f1505579ac40a2d45ef3931c89760039653d2a8e073b7bf3f,2023-04,Surrey Police,Surrey Police,-0.501712,51.431545,On or near Cotswold Close,E01030737,Spelthorne 004D,Local resolution
2cb55ed2dd934ee98f5c474659cca170162469b7d470a5d4eafe1ffa46c71b76,2023-04,Surrey Police,Surrey Police,-0.572090,51.428683,On or near Englefield Close,E01030671,Runnymede 002A,Investigation complete; no suspect identified
91e6676e06c020f010f677cea66fedc2a670bf8f970495937b812a0f5d1d6ae5,2023-04,Surrey Police,Surrey Police,-0.627282,51.310087,On or near Raynes Close,E01030944,Woking 012A,Investigation complete; no suspect identified
cc5976dd4f4358ed4a57e48d833acb93f66a2772d7b413886e2589386003ab2d,2023-04,Surrey Police,Surrey Police,-0.406051,51.383046,On or near Marston Court,E01030354,Elmbridge 008A,Unable to prosecute suspect
7ca3ff6bf4fb18dd29e5b5d12c17f8361dad19bb0ac46cee66df7644430c5470,2023-04,Surrey Police,Surrey Police,-0.573939,51.238309,On or near Supermarket,E01030451,Guildford 013C,Investigation complete; no suspect identified
33dc3417e1ed444f9f379621432f039a6153e2aed197ecffa7c8a8dfb29bb18a,2023-04,Surrey Police,Surrey Police,-0.719240,51.252121,On or near Murrell Road,E01030432,Guildford 010C,Investigation complete; no suspect identified
753d248fe30a638f3adf231bbc485ddb483399ea0f6381b61c1ce693a03fa58b,2023-04,Surrey Police,Surrey Police,-0.648338,51.169969,On or near Church Close,E01030937,Waverley 011C,Investigation complete; no suspect identified
938cfd515b46100d1580b66dd5dffa26b1e9378671204f4912a0dfa91dea875e,2023-04,Surrey Police,Surrey Police,-0.584088,51.236186,On or near Genyn Road,E01030452,Guildford 015A,Further investigation is not in the public interest
aff1950e62f4ff50991c7fc415a1dc59d574479e1addfea0bbc78f99c6303a73,2023-04,Surrey Police,Surrey Police,-0.508179,51.344699,On or near Orchard Avenue,E01030693,Runnymede 010D,Suspect charged
2cc4ce1aa9b98874b6033976acadabb0c0a785bf9ddb93cba3dc9e26b183b000,2023-04,Surrey Police,Surrey Police,-0.367511,51.294479,On or near Revell Close,E01030543,Mole Valley 005E,Investigation complete; no suspect identified
03f9cfa4de514daf6ae8115629ac240648e12096d368498cc167457e5b5da164,2023-04,Surrey Police,Surrey Police,-0.233068,51.287518,On or near Tower Road,E01030639,Reigate and Banstead 006E,Investigation complete; no suspect identified
5785f84f23133ec272a2949b72fab2745f5fdbb5c29e11e1854eb1e43c6fc583,2023-04,Surrey Police,Surrey Police,-0.585472,51.324571,On or near Kestrel Way,E01030967,Woking 003E,Investigation complete; no suspect identified
a45b8f52d8fa535216a74aeec475135b6c6b2013cff355df7692ca3dbe004ac9,2023-04,Surrey Police,Surrey Police,-0.779656,51.221671,On or near Farnham Mill Lane,E01030893,Waverley 003D,Unable to prosecute suspect
49bf4a77ae3edf9f2188ded02d5cebf70f1c1302d8bf66b1cef0806046fba93b,2023-04,Surrey Police,Surrey Police,-0.719680,51.257431,On or near Supermarket,E01030430,Guildford 004E,Investigation complete; no suspect identified
b1bd68c9c69a7ba8faeeba00458a093cff44a401e8002161d664360f69d5b7e4,2023-04,Surrey Police,Surrey Police,-0.578867,51.248496,On or near Europa Park Road,E01030450,Guildford 013B,Investigation complete; no suspect identified
e4bc11e1160e821ca5a8c71c079dedc8d80bb2ada18fe0cb8cbfe56034b12a5c,2023-04,Surrey Police,Surrey Police,-0.166670,51.240769,On or near Bus/Coach Station,E01035358,Reigate and Banstead 011I,Further investigation is not in the public interest
00780d869b6676ab18c31a12bf794ba51ab7b6574132fe310d4d598f8771039c,2023-04,Surrey Police,Surrey Police,-0.450350,51.371285,On or near Petrol Station,E01030375,Elmbridge 012E,Investigation complete; no suspect identified
0071d44d38ea02ed51ee04de781d92e5d31ad6a9746bc6ee7c5ed3740bd63f43,2023-04,Surrey Police,Surrey Police,-0.208104,51.236923,On or near Supermarket,E01030620,Reigate and Banstead 012D,Investigation complete; no suspect identified
58dfac8c9e088735841ef568ba03a7a2cb9fa806326dcedf8eabec418ba1b76d,2023-04,Surrey Police,Surrey Police,-0.074498,51.309775,On or near Court Farm Road,E01035364,Tandridge 002F,Unable to prosecute suspect
9ad1c49dbfc038f83754be115d2f111af1a2ef250fc2f7c8f6d609300aa228ec,2023-04,Surrey Police,Surrey Police,-0.781680,51.168826,On or near Priory Lane,E01030908,Waverley 018A,Investigation complete; no suspect identified
34dec77d9af781585970e06b41526e9c70424f1832b3dd907ee4be0e34f7f540,2023-04,Surrey Police,Surrey Police,,,No location,,,Investigation complete; no suspect identified
28d906b0800ccad1bc38919764bd2c987991cd1e04b3666885c31b353b4cee86,2023-04,Surrey Police,Surrey Police,-0.558682,51.235075,On or near St Thomas's Mews,E01030454,Guildford 016C,Unable to prosecute suspect
3fc3e5913357ed0af8760ebaba32795e80bff0cb2c3c76a6c25a810fa859ddd4,2023-04,Surrey Police,Surrey Police,-0.369594,51.402013,On or near Dunvegan Close,E01030337,Elmbridge 003D,Unable to prosecute suspect
d43068c0f4606f1b84d1d85171ab7ba89e3d0f50475929cbf28367ef14714fc5,2023-04,Surrey Police,Surrey Police,-0.748178,51.337321,On or near St Mary's Road,E01030795,Surrey Heath 008C,Unable to prosecute suspect
52a7a94828fd1e55e6d63cdee912e67c1f081c551aa5aaba9eeb89d99576a066,2023-04,Surrey Police,Surrey Police,-0.422252,51.418830,On or near Crossways,E01030752,Spelthorne 008E,Investigation complete; no suspect identified
6bc49a34559ca94729d13dd2413db96ff49d315583433d0ac7851229fdc8105a,2023-04,Surrey Police,Surrey Police,-0.170918,51.238291,On or near Lower Bridge Road,E01030615,Reigate and Banstead 010A,Investigation complete; no suspect identified
d31a90df62210ffc53c1d409021e9d9b682a6561e38dedb09a32eb5510a9a839,2023-04,Surrey Police,Surrey Police,,,No location,,,Unable to prosecute suspect
bb4e36e502e949cd1b3e869c4a5520019d2986924931f11c78e326298b792769,2023-04,Surrey Police,Surrey Police,-0.360504,51.398910,On or near Seymour Road,E01030327,Elmbridge 002B,Investigation complete; no suspect identified
378becb200488d8aacb3ab9937b90dd3a2709b59b59f5087491b46e38f74f3c5,2023-04,Surrey Police,Surrey Police,-0.353083,51.399804,On or near Sandra Close,E01030327,Elmbridge 002B,Investigation complete; no suspect identified
806aad406d424f12b6de0d38139cb21e7c260cb6038bfde5fc7ee0ac7c4df670,2023-04,Surrey Police,Surrey Police,-0.600503,51.196061,On or near Pondfield Road,E01030921,Waverley 005E,Unable to prosecute suspect
9f42c194864cfb70c8594327825f4926c55bde901d2fc1ec8f7ebc6d5b4fabc5,2023-04,Surrey Police,Surrey Police,-0.331825,51.387049,On or near White Gates,E01030353,Elmbridge 005D,Investigation complete; no suspect identified
620ac3a9a78bacd25550503cfc8c4b0141d809dc5a793716b4cd97b9c3295812,2023-04,Surrey Police,Surrey Police,-0.510118,51.338483,On or near Hollies Avenue,E01031004,Woking 002E,Investigation complete; no suspect identified
f6e9c91dbc6353d3a7504653cab3d9bde9c33a7f3ad117a4f95fee7cde2b1bcf,2023-04,Surrey Police,Surrey Police,-0.210323,51.238423,On or near Slipshoe Street,E01030620,Reigate and Banstead 012D,Investigation complete; no suspect identified
21e6ff798429d60cb1776d12971224049fb98df4b36aa2d86d616d36e66304f8,2023-04,Surrey Police,Surrey Police,-0.410510,51.328154,On or near High Street,E01030302,Elmbridge 017C,Unable to prosecute suspect
80ddc36146c9a78616d6a4e9004b8867c6c33cadee8eed8f1a6e4d2e2a154bae,2023-04,Surrey Police,Surrey Police,-0.705359,51.339193,On or near Stonegate,E01030792,Surrey Heath 009D,Unable to prosecute suspect
58f1c33999fc113b5cbfba9b5599f591387ed1934b7d2536ffe5ff44dfd112c4,2023-04,Surrey Police,Surrey Police,-0.163007,51.218949,On or near Hospital,E01030572,Reigate and Banstead 014C,Unable to prosecute suspect
5cc060f666ee05385cb2c084890b8df2c5b56a85cc6c00bf5d7a0e0bb1bb9fdf,2023-04,Surrey Police,Surrey Police,-0.555867,51.299336,On or near Meadow View,E01034297,Woking 011G,Unable to prosecute suspect
796c41df02d9ab42c79841b9f1df76bfa22f0cc166ec14e1f9e1b98440704a2c,2023-04,Surrey Police,Surrey Police,-0.334312,51.303058,On or near Gaveston Road,E01030549,Mole Valley 003B,Further investigation is not in the public interest
742eab30bed82c0e5859181dbc8961d5b434d83a5e28abcaeb87c8c95c1b22fc,2023-04,Surrey Police,Surrey Police,-0.545712,51.431797,On or near Supermarket,E01030668,Runnymede 001B,Unable to prosecute suspect
18333149f4e00f02ab8a8cc944467586bdcdace0962b8a8e0968aa3a74879cdd,2023-04,Surrey Police,Surrey Police,-0.327863,51.295376,On or near High Street,E01030550,Mole Valley 003C,Investigation complete; no suspect identified
ab696b034309e780a6f3fe0a3f98ffd9b66549b0a908d89c5ba4470a828cb2b5,2023-04,Surrey Police,Surrey Police,-0.443954,51.365877,On or near St George's Close,E01030348,Elmbridge 016C,Unable to prosecute suspect
b158ef70beeba828ee7ba32ed4fe3b5544d62a7fdaf20359536cf6adeac56da1,2023-04,Surrey Police,Surrey Police,-0.065826,51.244362,On or near Hickmans Close,E01030825,Tandridge 009B,Investigation complete; no suspect identified
621ca7e1ceecd8b4f417876436cbb45e374e989f9c0359939ef257676ca9234c,2023-04,Surrey Police,Surrey Police,-0.481688,51.374213,On or near Garden Close,E01030646,Runnymede 009B,Investigation complete; no suspect identified
f834931451031e46362f5eb8b2c0f422f7fe782ddf42b8807e2dcf9a950be4e1,2023-04,Surrey Police,Surrey Police,-0.408766,51.417875,On or near A308,E01030755,Spelthorne 010C,Investigation complete; no suspect identified
4ffc6784a87334b5fbaafdc0891097467d95239f5ef0fc1f515cac52dcadfe89,2023-04,Surrey Police,Surrey Police,-0.413232,51.267132,On or near Chester Road,E01030446,Guildford 003F,Unable to prosecute suspect
47b73b8fa186e8eecfc07ac07c16324137e5097e80239975460907e74cf81deb,2023-04,Surrey Police,Surrey Police,-0.259503,51.334406,On or near Parking Area,E01030412,Epsom and Ewell 008C,Unable to prosecute suspect
2587d475b8fa3ea42f04499005bc1c1f294ec262b14eca80e2c7e8690d873d3a,2023-04,Surrey Police,Surrey Police,-0.586415,51.249037,On or near Woodbridge Hill,E01030487,Guildford 006B,Unable to prosecute suspect
e8a5ac94693c71a7f4ada9f6bd8977b0bd5c91b663c971a432464d9390a7a56d,2023-04,Surrey Police,Surrey Police,-0.618328,51.316321,On or near Parking Area,E01030976,Woking 007C,Further investigation is not in the public interest
e15c8830d27b64857d62bee069ba25f889195ba30319acbe85d92c4fd725f307,2023-04,Surrey Police,Surrey Police,-0.657016,51.158307,On or near Cramhurst Lane,E01030939,Waverley 011E,Investigation complete; no suspect identified
1995ac30976d52a326330aa2ad47bbf12955dbb81c34dfeac9b64747b9a4d075,2023-04,Surrey Police,Surrey Police,-0.233132,51.303430,On or near Sports/Recreation Area,E01030609,Reigate and Banstead 005B,Investigation complete; no suspect identified
db28e52065b53bab9dcc1267d77b292fae7530a5188cda4ec7c2bde20259b2d8,2023-04,Surrey Police,Surrey Police,-0.742587,51.343349,On or near Barossa Road,E01030801,Surrey Heath 004D,Investigation complete; no suspect identified
891c06db8b37776b0d25fd48a16342b5ec310d161fff5798d47279df1322b966,2023-04,Surrey Police,Surrey Police,-0.607337,51.192986,On or near Marshall Road,E01030918,Waverley 007C,Further investigation is not in the public interest
e74957588870f027d9b3ffb562b0f03c8f8a2e838b163d82460778b8ea51c66f,2023-04,Surrey Police,Surrey Police,-0.573993,51.235110,On or near The Shambles,E01030455,Guildford 013E,Investigation complete; no suspect identified
3dc556b5c052f6e160e15c51710ebc5a863a15b71bed0e86a0510bcbb8859bd6,2023-04,Surrey Police,Surrey Police,-0.599955,51.245297,On or near Roundhill Way,E01030497,Guildford 012D,Investigation complete; no suspect identified
2243977623d860e78c718f0ba33ec033d564524b90d343e27fc3c4aa265f673c,2023-04,Surrey Police,Surrey Police,-0.463026,51.346714,On or near Petrol Station,E01030347,Elmbridge 016B,Local resolution
7096ec18bee0248c6df845c8d956a316bc6b58585176bfd19e558e7e7c3009bc,2023-04,Surrey Police,Surrey Police,-0.335364,51.313630,On or near Oxshott Road,E01030548,Mole Valley 003A,Investigation complete; no suspect identified
324334bd88e4e92f17d76b0896541926bc62d4cd1832b3eece8ae41660ec36fa,2023-04,Surrey Police,Surrey Police,0.015178,51.238651,On or near Red Lane,E01030832,Tandridge 006B,Investigation complete; no suspect identified
6dff8b1a73514f6e32b62b94ca7350e12764d6aca0db37ae6883abed9ebd57c2,2023-04,Surrey Police,Surrey Police,-0.176079,51.304819,On or near Outwood Lane,E01030567,Reigate and Banstead 004C,Investigation complete; no suspect identified
3a883b7e6c140a1b579b111b985fa36f9301501f9cfb4bc1ad2ca6102ad5e435,2023-04,Surrey Police,Surrey Police,-0.324619,51.237507,On or near Petrol Station,E01030533,Mole Valley 009B,Further investigation is not in the public interest
24fb3babb880a11847c1b8063569210bffeb080352a82c3585743f5adc823773,2023-04,Surrey Police,Surrey Police,-0.266067,51.333173,On or near Nightclub,E01034290,Epsom and Ewell 008F,Investigation complete; no suspect identified
6771e1402d9f4f53cb0b769752a26f11ef110a4f207a22070fa4b5f5aa9deb5f,2023-04,Surrey Police,Surrey Police,-0.548653,51.426992,On or near Braywood Avenue,E01030670,Runnymede 001D,Investigation complete; no suspect identified
3af34904cb7dba7053d0c39c883e04d1d0a9e09e22ce8d8385a4dd2051569429,2023-04,Surrey Police,Surrey Police,-0.560088,51.319855,On or near Parking Area,E01030954,Woking 008A,Investigation complete; no suspect identified
0183f059e6dd09a00d5f8e8baa099d863f880a88f1f4ff85e145d66956aee88e,2023-04,Surrey Police,Surrey Police,-0.279725,51.227854,On or near Wheelers Lane,E01030525,Mole Valley 008B,Unable to prosecute suspect
5c3a4058bba16d4e8ed9a956e5f119001486edba712770aeb66996f91702a7fa,2023-04,Surrey Police,Surrey Police,-0.510032,51.396006,On or near Cowper Close,E01030656,Runnymede 004A,Investigation complete; no suspect identified
6ababf05556ec46c65b9f207185f03149ac1c9767b68b4fb0ce928c2decfe5e2,2023-04,Surrey Police,Surrey Police,-0.526886,51.376993,On or near Hospital,E01030677,Runnymede 008A,Unable to prosecute suspect
3a167ef283270e5e0e046f6cbe618d4912cf292b574b652c50e4d5c2221d9580,2023-04,Surrey Police,Surrey Police,-0.204107,51.236197,On or near Roebuck Close,E01030620,Reigate and Banstead 012D,Unable to prosecute suspect
36c427fee4c0435906da4dcdeb8ed4fda95cdf5294dadd5d49f34a518971b6c5,2023-04,Surrey Police,Surrey Police,-0.607391,51.237370,On or near Sports/Recreation Area,E01030470,Guildford 012A,Investigation complete; no suspect identified
82cdc78f58e63b5887c0cce03d8d8587a3b1aeef37064dc8ffd632dcca3ace50,2023-04,Surrey Police,Surrey Police,-0.576662,51.236833,On or near Shopping Area,E01030452,Guildford 015A,Investigation complete; no suspect identified
ab985bddca28d94f92d1539a248b3d03403dff8e1129f33b4b64ba88279337ab,2023-04,Surrey Police,Surrey Police,-0.744652,51.338164,On or near Nightclub,E01030800,Surrey Heath 005E,Unable to prosecute suspect
71abc268af59a5edeebced5a7e10236f98c1962d1392ef4cea6c6f84f94e95aa,2023-04,Surrey Police,Surrey Police,-0.575928,51.237390,On or near Guildford Friary Bus Station,E01030452,Guildford 015A,Investigation complete; no suspect identified
79ee8d60045227f3af7aff0a99fff51c735b2be8f910d2528030b397d406a901,2023-04,Surrey Police,Surrey Police,-0.519978,51.440140,On or near Annie Brookes Close,E01030735,Spelthorne 004B,Unable to prosecute suspect
dff9839ff113e7170a39adab97cb5414e535254d8b4b54b52988f84a675293b3,2023-04,Surrey Police,Surrey Police,-0.582017,51.242959,On or near Kernal Court,E01030452,Guildford 015A,Unable to prosecute suspect
023c97dc0a77aa175e65a0fe521397385ed045e707b5b882b9247bbb6ce0fbba,2023-04,Surrey Police,Surrey Police,-0.753993,51.318230,On or near Newlands Road,E01030805,Surrey Heath 008F,Unable to prosecute suspect
8b8d016983396e2c255aeaa566060e3196ded999e1ec4e099cea324024f14733,2023-04,Surrey Police,Surrey Police,-0.207975,51.237668,On or near High Street,E01030620,Reigate and Banstead 012D,Investigation complete; no suspect identified
42cca451ae50129fe4735460404492ba8e6f5b01957fe8f9b333fab622a99a93,2023-04,Surrey Police,Surrey Police,-0.267345,51.333560,On or near Nightclub,E01034289,Epsom and Ewell 008E,Investigation complete; no suspect identified
ae46f4ecb2ed61961c3303869980564ee93c6d81bcd20e48bae573e20fd3a764,2023-04,Surrey Police,Surrey Police,-0.795739,51.206766,On or near Searle Road,E01030889,Waverley 006C,Further investigation is not in the public interest
7f8443a991413fd160ababc2224e9f0cbdb4052b590ec80a8823485027389c73,2023-04,Surrey Police,Surrey Police,-0.210314,51.315050,On or near The Fieldings,E01030562,Reigate and Banstead 002D,Unable to prosecute suspect
33b6a62e1476f6a5bd678436e84616ba4d1dcf36fc486bc8594ce18d2854e007,2023-04,Surrey Police,Surrey Police,-0.334210,51.230558,On or near Victoria Terrace,E01030538,Mole Valley 010D,Investigation complete; no suspect identified
610de18f2dff52a94605a30ebf5ff6cc27516c5d484899e34461998caeba390e,2023-04,Surrey Police,Surrey Police,-0.531191,51.422944,On or near Ayebridges Avenue,E01030688,Runnymede 003F,Investigation complete; no suspect identified
8d64679630d2b9d9b9c8f063681ea2eec949f2529bd483026ea28bcf20f5d91c,2023-04,Surrey Police,Surrey Police,-0.513141,51.429586,On or near Coopers Close,E01030666,Runnymede 003D,Unable to prosecute suspect
02877c254ad08c81eb67720d3f18b96389698965907170e64d71e607a44ebba4,2023-04,Surrey Police,Surrey Police,-0.745774,51.336504,On or near Pembroke Broadway,E01030800,Surrey Heath 005E,Investigation complete; no suspect identified
4b4f3a1d8f4e4fca937c05da91de90130d0a9dbe69a0a55b0ed156a6c6053469,2023-04,Surrey Police,Surrey Police,-0.786480,51.233891,On or near East Avenue,E01030892,Waverley 002B,Investigation complete; no suspect identified
dd499abf2c46609b467d613f1e67e243598032e46a8fe39df3f64206424b9efb,2023-04,Surrey Police,Surrey Police,-0.503760,51.142356,On or near Maple Road,E01030875,Waverley 013F,Unable to prosecute suspect
71ec4fca6f0ee99c893ea6e17f0195e51957dbf61ceca722fac05ae53d16ce4e,2023-04,Surrey Police,Surrey Police,-0.727537,51.302731,On or near Petrol Station,E01030773,Surrey Heath 011D,Investigation complete; no suspect identified
886ef37e50a625de56119815ce330f208ad572e3c349e1d84eb58b4c34ebf3a6,2023-04,Surrey Police,Surrey Police,-0.410494,51.387954,On or near Egmont Road,E01030358,Elmbridge 007B,Investigation complete; no suspect identified
a784b5b073e25c018379abc6ac0e8e759c4accd4bae4e544e057945d2a861175,2023-04,Surrey Police,Surrey Police,-0.237132,51.298605,On or near Cheam Close,E01030608,Reigate and Banstead 005A,Investigation complete; no suspect identified
b4a8114447dae6fa344528c3f37c2a73eeafb3fda5d860368df47d12867fceda,2023-04,Surrey Police,Surrey Police,-0.258088,51.364402,On or near Petrol Station,E01030377,Epsom and Ewell 003A,Investigation complete; no suspect identified
49dc9479fd27ab0648db1195780d7a2c77c648667a671ab1e69ccffe2302a605,2023-04,Surrey Police,Surrey Police,-0.216663,51.281919,On or near Birch Grove,E01030591,Reigate and Banstead 007C,Investigation complete; no suspect identified
6ef08c691c1afcc72bda9942d432e0e2f6cc703a907b16060a800494b917b24f,2023-04,Surrey Police,Surrey Police,-0.579448,51.225896,On or near The Valley,E01030449,Guildford 016B,Investigation complete; no suspect identified
9599b076b6580f4151cd2297be2bdbfb14415ab4492d5723cc2a0d8969e3f84b,2023-04,Surrey Police,Surrey Police,-0.393043,51.136498,On or near Trap Lane,E01030557,Mole Valley 012C,Investigation complete; no suspect identified
b6220c61ff6750bbcf0dc0819e820c755fccf549f8b15aaa3021af96a03c0e98,2023-04,Surrey Police,Surrey Police,-0.570634,51.237659,On or near Chertsey Street,E01030451,Guildford 013C,Unable to prosecute suspect
0a7a3f3d84ec6b70c45b47b4226220e5bf0dd04b1ec9f56b4d91ac31767bd581,2023-04,Surrey Police,Surrey Police,-0.555910,51.318527,On or near Parking Area,E01030988,Woking 006A,Unable to prosecute suspect
c2c545bda1897eadcc0f0f852b0df842f6417e6d119df2a789c2a5f1a77262d7,2023-04,Surrey Police,Surrey Police,-0.356129,51.400656,On or near Walton Road,E01030327,Elmbridge 002B,Investigation complete; no suspect identified
cdea492efd3918fbbf530410efb02a9afc83895e6b140ad95d320912419b51b6,2023-04,Surrey Police,Surrey Police,-0.238371,51.291708,On or near The Avenue,E01030637,Reigate and Banstead 006C,Unable to prosecute suspect
b22e673c7b3789df3aee19947b32b0c43665ddfefdaa09d4b9a94e63e6699ebb,2023-04,Surrey Police,Surrey Police,-0.615586,51.190872,On or near Borough Road,E01030918,Waverley 007C,Investigation complete; no suspect identified
d25912c340432b5cb159ca5e4bd60f29e8eeaa9f28207009b0e66a339acebe81,2023-04,Surrey Police,Surrey Police,-0.251409,51.349438,On or near Garbrand Walk,E01030390,Epsom and Ewell 010B,Investigation complete; no suspect identified
1c8ef9cffbde420ec6780aa465b7cfea7bcd9a0f75b92fcb5df04f9d13bd1e39,2023-04,Surrey Police,Surrey Police,-0.418777,51.386995,On or near Church Street,E01034285,Elmbridge 007E,Investigation complete; no suspect identified
cddc2bfb6a247eadea8dcda883aeefdf03e06865800ac2a4f8d435a7c533b672,2023-04,Surrey Police,Surrey Police,-0.267727,51.334070,On or near Supermarket,E01034289,Epsom and Ewell 008E,Investigation complete; no suspect identified
9a58745385613b9976e45c386c062919a252b992d45ce1d39e123fe3c4110206,2023-04,Surrey Police,Surrey Police,-0.369237,51.274908,On or near Dorking Road,E01030520,Mole Valley 007A,Investigation complete; no suspect identified
33f79d69ed512245232c6556aeb4798140914cf07037e0921dd5d465ae7cfa50,2023-04,Surrey Police,Surrey Police,-0.538053,51.339914,On or near Martyrs Lane,E01030965,Woking 003C,Investigation complete; no suspect identified
177f4264f2b024d82b5208e68da5f867721de4e8e4ea4e55e53f410a25259201,2023-04,Surrey Police,Surrey Police,-0.211186,51.316242,On or near The Gables,E01030562,Reigate and Banstead 002D,Unable to prosecute suspect
ab830bbfc53f4d1ad415633dc00e04ff8d3f04ea9b3df43348a201f170feb5c4,2023-04,Surrey Police,Surrey Police,-0.078704,51.306652,On or near Godstone Road,E01030859,Tandridge 002C,Investigation complete; no suspect identified
e5f681cd3aeec99ad7f32f5fcb8dacebc1950e0e680c716711f04a5befc99aa1,2023-04,Surrey Police,Surrey Police,-0.575785,51.433844,On or near The Green,E01030673,Runnymede 002C,Investigation complete; no suspect identified
964b56ab706d4b87c2f0070abec45e037a2e5805b2df24a754a5fbde5dcb7b40,2023-04,Surrey Police,Surrey Police,-0.613109,51.186130,On or near Market Mews,E01030916,Waverley 007A,Unable to prosecute suspect
7367fe5a740bb96ff75bb64d7c7b675f632bf459d695ed4975170f7add45cbad,2023-04,Surrey Police,Surrey Police,-0.079749,51.278162,On or near Fern Towers,E01030829,Tandridge 004B,Investigation complete; no suspect identified
18c49921c131c5f53d5d6fec5a4279e15d124653849fc7f075b5fb04650747b8,2023-04,Surrey Police,Surrey Police,-0.509308,51.336449,On or near Brantwood Drive,E01031002,Woking 002C,Unable to prosecute suspect
f4c25cdf32776b0c2052811d9186f4e4f45e04d4adb91c3a962685a21753f065,2023-04,Surrey Police,Surrey Police,-0.179327,51.188214,On or near Meath Green Lane,E01035359,Reigate and Banstead 016F,Investigation complete; no suspect identified
13e84169adfdfaa734f04eff958bb135e044670c0643e89094f285ebcb2e54dd,2023-04,Surrey Police,Surrey Police,-0.186974,51.168018,On or near Mistley Gardens,E01030531,Mole Valley 013D,Investigation complete; no suspect identified
5adfde727aa4c624bb26c28907a970ad7d1bcfca2b391c334ccd94200a249e1e,2023-04,Surrey Police,Surrey Police,-0.238378,51.162868,On or near Beggarshouse Lane,E01030531,Mole Valley 013D,Investigation complete; no suspect identified
dfb0e902c086fecd33307752f44776eca3727b3967e0079aaf3d3c2071521e46,2023-04,Surrey Police,Surrey Police,-0.795873,51.214816,On or near Parking Area,E01030885,Waverley 003B,Investigation complete; no suspect identified
9cbae845f5d9ed511d4ae78681f665a5e68f7d6cb59999b7af86d86a0d14981b,2023-04,Surrey Police,Surrey Police,-0.512547,51.435019,On or near Parking Area,E01034291,Spelthorne 004F,Investigation complete; no suspect identified
ca0ec82c500c489da41cb178f3ef7ce98c9b5fdcfb01a9d1982132566d08e4b4,2023-04,Surrey Police,Surrey Police,-0.596783,51.201187,On or near Brookfield,E01030920,Waverley 005D,Unable to prosecute suspect
ed333e3a0f6798b4f81577f3cbc13663fa4f758bc88e7a7c4d41435e99226f40,2023-04,Surrey Police,Surrey Police,-0.511330,51.435714,On or near Shopping Area,E01034291,Spelthorne 004F,Local resolution
924eae27c34ee61de8b8aa28ffccbb124f495236e0d18dc5c9f490762e4502eb,2023-04,Surrey Police,Surrey Police,-0.763868,51.334169,On or near Bracebridge,E01030793,Surrey Heath 008A,Unable to prosecute suspect
4f0be0c2f0193d75a57ca6b024febedce46a4883ad490811fa1474ed3d3f73f7,2023-04,Surrey Police,Surrey Police,-0.404365,51.379453,On or near Rydens Avenue,E01030368,Elmbridge 008E,Investigation complete; no suspect identified
ef545ac19ed2f96738dcddf2a1c7440ac30d59672db736e7be2799416934ed6f,2023-04,Surrey Police,Surrey Police,-0.186974,51.168018,On or near Mistley Gardens,E01030531,Mole Valley 013D,Investigation complete; no suspect identified
6b8f7ba5275749ce63b0e3423021542b758355728ed0017b869f27339a7e81ba,2023-04,Surrey Police,Surrey Police,-0.573311,51.211784,On or near Broadford Road,E01030480,Guildford 017E,Unable to prosecute suspect
3a96e26257a0e8c73a014f61850b794f103f70a20ba4e3587574d0a722cda10e,2023-04,Surrey Police,Surrey Police,-0.080664,51.285110,On or near Stafford Close,E01030850,Tandridge 004D,Unable to prosecute suspect
4921480432b8d0fff1cf2b63ee8bd77af4ad5fa0a3ba881f31bf0a3beb0a5438,2023-04,Surrey Police,Surrey Police,-0.541793,51.306212,On or near Selwood Road,E01030994,Woking 011D,Investigation complete; no suspect identified
e416da2b3e391bda9331068cafa63f7af91bc7b7b2417e0593661b8542354147,2023-04,Surrey Police,Surrey Police,-0.559871,51.298801,On or near Willow Bank,E01034296,Woking 011F,Further investigation is not in the public interest
3f9f8322097ef11180b36195a9c3613e2bdfb87fa3c157c777e6820530f7ba6b,2023-04,Surrey Police,Surrey Police,-0.055436,51.312671,On or near Church Lane,E01030854,Tandridge 012C,Investigation complete; no suspect identified
fe909a52e722f65d1c2ff72824bdf20b35097bd1e730d3bed74fe77c18469e27,2023-04,Surrey Police,Surrey Police,-0.454914,51.373584,On or near Parking Area,E01030373,Elmbridge 012C,Unable to prosecute suspect
1e3d7055413f5d90b52016dac862d6a353242bb0a06daae86b4ac3ff620cd4e7,2023-04,Surrey Police,Surrey Police,-0.366809,51.368388,On or near Dawes Court,E01030308,Elmbridge 013B,Investigation complete; no suspect identified
aee0e9ed221dcf8132c0022464bd3b0927736d7f329c3633f6c92d9dbbff244a,2023-04,Surrey Police,Surrey Police,-0.395131,51.373554,On or near Sports/Recreation Area,E01030312,Elmbridge 014B,Investigation complete; no suspect identified
758162b99b275ae52b658947b49046b6da13a06f2f841f2b5394a12c9c851260,2023-04,Surrey Police,Surrey Police,-0.408328,51.374166,On or near Cleveland Close,E01030366,Elmbridge 010C,Unable to prosecute suspect
e1cee09fe711040c3aca9acbbbccdcc20d55cbe10d5bff7d7aead24384fffb9d,2023-04,Surrey Police,Surrey Police,-0.562499,51.372625,On or near Accommodation Road,E01030679,Runnymede 008C,Investigation complete; no suspect identified
822b1a9be8b6ab012b395a3fd353c5817720f1868826bf05d938bc2aa370f87a,2023-04,Surrey Police,Surrey Police,-0.573939,51.238309,On or near Supermarket,E01030451,Guildford 013C,Investigation complete; no suspect identified
5e700bfc90a0e2114eaf6a45471f757657ba5f3cefbf8ed32fd6055dfd90945c,2023-04,Surrey Police,Surrey Police,-0.431871,51.388628,On or near Swan Walk,E01030732,Spelthorne 013C,Investigation complete; no suspect identified
6efa3a6d046a907063effde71bdad7a9d60b4ffee02aa0127f1bb878ca91fc74,2023-04,Surrey Police,Surrey Police,-0.581732,51.322538,On or near Tracious Close,E01030952,Woking 005B,Unable to prosecute suspect
8e30333eca3b28b3698ac7f0eef3f65ebd111014d1bae723d05901e8ff5c1918,2023-04,Surrey Police,Surrey Police,-0.614159,51.185486,On or near High Street,E01030916,Waverley 007A,Investigation complete; no suspect identified
937053083bd4d8473ea3a46f965934e6b734d8017d3cf9249237fba1d4e9381a,2023-04,Surrey Police,Surrey Police,-0.400824,51.369316,On or near Sports/Recreation Area,E01030313,Elmbridge 010A,Investigation complete; no suspect identified
7fa151ab2bdbc80913272ee442b3f96912b9eb3557b54e9e595b7dcd523ac63a,2023-04,Surrey Police,Surrey Police,-0.589889,51.320020,On or near Bainton Mead,E01030951,Woking 005A,Unable to prosecute suspect
d4c4c92bec5c091cac5c6fba564cfe8980293329cc20d4b606754c3faa36a49d,2023-04,Surrey Police,Surrey Police,-0.724804,51.287189,On or near Ambleside Close,E01030783,Surrey Heath 012B,Investigation complete; no suspect identified
d616064e25497557a2218e6c2c5a8aeadae87b9895f8afd3d1450a003144c460,2023-04,Surrey Police,Surrey Police,-0.608548,51.239716,On or near Gill Avenue,E01030470,Guildford 012A,Unable to prosecute suspect
bb8fb3a6622c8afa52b6556d313a214be43bf987c95832942d40967ef0fd1e95,2023-04,Surrey Police,Surrey Police,-0.288268,51.342600,On or near Ripley Way,E01030402,Epsom and Ewell 005D,Investigation complete; no suspect identified
843dbbd924d139a1d66557e174e7abedd9b03309d6446d79b3aea2e428ed86f0,2023-04,Surrey Police,Surrey Police,-0.556304,51.315132,On or near Hospital,E01034295,Woking 008G,Investigation complete; no suspect identified
2d9dbc21d5ac48a61bcc7e6c8f0c1eb4b460c99cd7b16f94b40d4609e18fc4be,2023-04,Surrey Police,Surrey Police,-0.744624,51.337085,On or near Parking Area,E01030800,Surrey Heath 005E,Investigation complete; no suspect identified
6eb7590869f9a0480107308e9060ea3c6404cbccf9390292af30ebdd6caf18c2,2023-04,Surrey Police,Surrey Police,-0.329335,51.294732,On or near Supermarket,E01030552,Mole Valley 004B,Unable to prosecute suspect
1aaf532a7d647efbf33d695d3228b4cc9b4b7b2ba227b73b004bff46e76f8c81,2023-04,Surrey Police,Surrey Police,-0.497213,51.428826,On or near Knowle Park Avenue,E01030742,Spelthorne 009D,Unable to prosecute suspect
62e4219dd8e3df807f89dbbdff06ec6b0507f5a416a7e0b3b06bcd83311e253d,2023-04,Surrey Police,Surrey Police,-0.509189,51.435642,On or near Mill Mead,E01034291,Spelthorne 004F,Investigation complete; no suspect identified
c88ef9a201e9a5c959d0047f509568f3b722add19d6fde32866e0cd46c187225,2023-04,Surrey Police,Surrey Police,-0.431910,51.400948,On or near Home Farm Close,E01030719,Spelthorne 011C,Investigation complete; no suspect identified
9f87511fbde9df590360f32b32e0f11e9137001b7d5a717f96c7cead38ef37e2,2023-04,Surrey Police,Surrey Police,-0.784917,51.237777,On or near Upper Weybourne Lane,E01030890,Waverley 001A,Suspect charged
56d9e9f12226ab4d606fff5e5b3a170edb41bef735fc8eacb10a5b525fbe7455,2023-04,Surrey Police,Surrey Police,-0.369536,51.402435,On or near Cannon Way,E01030337,Elmbridge 003D,Unable to prosecute suspect
40abd5f785f80e53df66031c2b22fa26459e7d7a1d04a90c63ef4c5ec0356aab,2023-04,Surrey Police,Surrey Police,-0.438334,51.424234,On or near Tudor Road,E01030698,Spelthorne 006B,Unable to prosecute suspect
0aa2a4245e83b1450f1fbc1271137aa79725542acf51c22af53e8336a2097fd7,2023-04,Surrey Police,Surrey Police,-0.611060,51.241446,On or near Stirling Road,E01030470,Guildford 012A,Unable to prosecute suspect
1e238e3d1b0ca56e117a945de63269da8ebd9ff54bfb91e6834872ed91220303,2023-04,Surrey Police,Surrey Police,-0.515965,51.103204,On or near Chilton Close,E01030862,Waverley 015A,Unable to prosecute suspect
14406f144ac3b357305d380821e6eec2141fcd62b992b8c8e8d8f867593e29b1,2023-04,Surrey Police,Surrey Police,-0.393491,51.343227,On or near Waterford Close,E01030306,Elmbridge 017F,Further action is not in the public interest
09d045008b2064eafb456e4fa768dea5d663618a01d90a6eaa0d0053b1131eb7,2023-04,Surrey Police,Surrey Police,-0.552029,51.428949,On or near North Street,E01030669,Runnymede 001C,Investigation complete; no suspect identified
d148b2f5cc32270bd9d31145f6500deeda6b6a99412dcbdfaed99f779b00b696,2023-04,Surrey Police,Surrey Police,-0.514218,51.337761,On or near Thistledene,E01031002,Woking 002C,Investigation complete; no suspect identified
3f9c212ed8eda067286887699c6724cb7cf295048f1480dffe5167e6e9769ec4,2023-04,Surrey Police,Surrey Police,-0.598770,51.316799,On or near Friary Court,E01030962,Woking 009C,Investigation complete; no suspect identified
1e350e291f0fb97bc15b234dd42c759bd0d5f0ac41176990433d2e05fc34a350,2023-04,Surrey Police,Surrey Police,-0.500058,51.373523,On or near Weston Avenue,E01030650,Runnymede 007D,Investigation complete; no suspect identified
4443fe23b53ac84aec3945909249147b703c841ca1941f15bc5427aaac88b7f0,2023-04,Surrey Police,Surrey Police,-0.367968,51.408106,On or near Supermarket,E01030330,Elmbridge 001A,Investigation complete; no suspect identified
c0d2b499480cbc6cd9e062275353460c4d106d0a99ec1c0f7c08cbf08c2fdc87,2023-04,Surrey Police,Surrey Police,-0.483913,51.375150,On or near Sopwith Way,E01030649,Runnymede 007C,Investigation complete; no suspect identified
e4508cd421b35897d5951768a17ea5c547e9a4d6363019d043ef83bfed26bf9f,2023-04,Surrey Police,Surrey Police,-0.199604,51.326532,On or near Daniel Way,E01030564,Reigate and Banstead 002F,Investigation complete; no suspect identified
c31dd034f969429a4021f44ba7c7a0a71eab7619d5f5e9ff39398336dcef2f12,2023-04,Surrey Police,Surrey Police,-0.353195,51.296545,On or near Pound Crescent,E01030539,Mole Valley 005A,Unable to prosecute suspect
ce2a8198e1851e60eccad122ed1ae88106087cbc27b59b688aacb3c03944d072,2023-04,Surrey Police,Surrey Police,-0.266449,51.367953,On or near Egmont Mews,E01030393,Epsom and Ewell 001E,Investigation complete; no suspect identified
6ee2ddc8561e8f8c8a56665cc46e80e76baf2ee2bafd6605d2b71e6b3ed63fda,2023-04,Surrey Police,Surrey Police,-0.330373,51.211097,On or near Parklands,E01030544,Mole Valley 011A,Unable to prosecute suspect
4efa306748802de715071678c375671479b4a27236f1d250f7d51fd96891942f,2023-04,Surrey Police,Surrey Police,-0.403170,51.407197,On or near Parking Area,E01030753,Spelthorne 010A,Investigation complete; no suspect identified
8c2ea787b231c5ac24b6cfd840d3cb30a946945364ef8619a8dab3836fd4f35d,2023-04,Surrey Police,Surrey Police,-0.365421,51.368225,On or near Parking Area,E01030308,Elmbridge 013B,Investigation complete; no suspect identified
faf3e1bfb52b7feb6b1644cfe43543871e894036ade6a0fe1c92dfa8b48add1c,2023-04,Surrey Police,Surrey Police,-0.317920,51.236566,On or near Reigate Road,E01030537,Mole Valley 010C,Investigation complete; no suspect identified
f028e15b31940edbd69626e07d0dba98ff8fd8e9ac193467d2fee1e18b69ecfc,2023-04,Surrey Police,Surrey Police,-0.425489,51.420052,On or near Staines Road West,E01030752,Spelthorne 008E,Investigation complete; no suspect identified
96ae58392b88ee5cbed729e97dcc8b26de50c2086585923d0336f0fa9619ddae,2023-04,Surrey Police,Surrey Police,-0.235063,51.312153,On or near Shawley Way,E01030642,Reigate and Banstead 003C,Investigation complete; no suspect identified
bf80fe295313a98c42f0a82178ed8568274156a24cfcead027a6175b725e45d2,2023-04,Surrey Police,Surrey Police,-0.742700,51.335527,On or near Heathcote Road,E01030800,Surrey Heath 005E,Unable to prosecute suspect
ef6f85f13856f6c932a33cda6dae178737479fab095c0905f66b527d46629bbc,2023-04,Surrey Police,Surrey Police,-0.576662,51.236833,On or near Shopping Area,E01030452,Guildford 015A,Investigation complete; no suspect identified
b53d9232fb1957546056950a02f555e5501a3c81af734d0e2befb2b0e88c1aef,2023-04,Surrey Police,Surrey Police,-0.744145,51.227914,On or near Tongham Road,E01030423,Guildford 014C,Further investigation is not in the public interest
df6add286c239b6a7d9e530e3612a738fde422be1772d58057cdad9828d41c7a,2023-04,Surrey Police,Surrey Police,-0.573939,51.238309,On or near Supermarket,E01030451,Guildford 013C,Investigation complete; no suspect identified
e4cd94bd9a71f638fb6c37a30d6d56baaf22b0a10b15fe13f6e22fcb2563722e,2023-04,Surrey Police,Surrey Police,-0.600503,51.196061,On or near Pondfield Road,E01030921,Waverley 005E,Unable to prosecute suspect
16a56a8a4a5e78f4dc810493b85ac3c348f6a463adb77a7bd0f47ae7492ff1f0,2023-04,Surrey Police,Surrey Police,-0.491555,51.272834,On or near The Spinney,E01030459,Guildford 001C,Unable to prosecute suspect
a7b4b72875ddcab34e2d2066b2a1abfc7f60dafe613e3abf22a3e3a7a72b66ba,2023-04,Surrey Police,Surrey Police,-0.453027,51.257251,On or near Jefferies Road,E01030441,Guildford 003A,Unable to prosecute suspect
044b7ca48701df029d9dbde1fb26399570d8c83da6db146f58ce4eddbf532246,2023-04,Surrey Police,Surrey Police,-0.553385,51.413787,On or near Luddington Avenue,E01030690,Runnymede 005B,Unable to prosecute suspect
e1d630290175d90a7ef4d0e8443141e5ef4360cf8863623e03b58d00bf94f858,2023-04,Surrey Police,Surrey Police,-0.688438,51.359642,On or near Hamilton Close,E01030759,Surrey Heath 002C,Offender given a caution
4a809f8d126b8bb445bbd10514869b7a6a06171b8a379c79fba102fb7b810bb5,2023-04,Surrey Police,Surrey Police,-0.401895,51.384366,On or near Swansmere Close,E01030354,Elmbridge 008A,Formal action is not in the public interest
46344b85259665764144ab592f412d18b4746929e43ae5c8c378ccb6fbfb807b,2023-04,Surrey Police,Surrey Police,-0.502026,51.428123,On or near Duncan Gardens,E01030738,Spelthorne 004E,Investigation complete; no suspect identified
48f43357f08c667f12feb38a9d7960f27dd06beef97951be6ebc5623f80b1bdd,2023-04,Surrey Police,Surrey Police,-0.453694,51.435016,On or near Sports/Recreation Area,E01030703,Spelthorne 005C,Investigation complete; no suspect identified
a8bda4850f9ee5d385e8850f3e9ec5d10b2280ec3b9d6bcfb7913e824c7f9e94,2023-04,Surrey Police,Surrey Police,-0.573939,51.238309,On or near Supermarket,E01030451,Guildford 013C,Investigation complete; no suspect identified
1036ef27387273b86949b8891b7de9fd128955445468c73a0ff0eeb5923dfbdd,2023-04,Surrey Police,Surrey Police,-0.595197,51.321486,On or near Bitterne Drive,E01030958,Woking 005F,Investigation complete; no suspect identified
2b29503a7abbac900a56fbea41c338afd169b4852084465748fbd1329e96f984,2023-04,Surrey Police,Surrey Police,-0.569482,51.246628,On or near Lido Road,E01030438,Guildford 013A,Formal action is not in the public interest
92005a4aa4e82b850d73dac13e618bd0aa86ebc779318a76a133aca28d20567e,2023-04,Surrey Police,Surrey Police,-0.746890,51.336633,On or near Albert Road,E01030800,Surrey Heath 005E,Further investigation is not in the public interest
f30b10ad69457aabedd8bee8ab9b188b47f7076b18c3d8e2e2bb6c384f9c25a5,2023-04,Surrey Police,Surrey Police,-0.710137,51.096389,On or near Parsons Green,E01030933,Waverley 016D,Unable to prosecute suspect
9e137caca7d3068d81c83895cde95a307b0716818915dd84d81c9079810562c1,2023-04,Surrey Police,Surrey Police,-0.613021,51.205751,On or near Squirrels Close,E01030912,Waverley 005B,Unable to prosecute suspect
0ea984cd0836c31004b4ce37b54dc6d78b973fe0f7897f450740f538ae67161b,2023-04,Surrey Police,Surrey Police,-0.267818,51.332039,On or near Shopping Area,E01034289,Epsom and Ewell 008E,Investigation complete; no suspect identified
b77db6406f3e8309db05deb856a37986407f38835d1720a777afd33bc21239f6,2023-04,Surrey Police,Surrey Police,-0.244685,51.342565,On or near Further/Higher Educational Building,E01030396,Epsom and Ewell 010D,Investigation complete; no suspect identified
84625ec00798b02256ff93835afdbbc93eb5e29e529a8f1edae6c9dc0276d727,2023-04,Surrey Police,Surrey Police,-0.607463,51.241016,On or near Hospital,E01030470,Guildford 012A,Unable to prosecute suspect
ba8fc49afce80bf9a2be419bc761f87af3b1e753ffc087f9789d2d394ce2c807,2023-04,Surrey Police,Surrey Police,-0.476844,51.451295,On or near Argosy Lane,E01030745,Spelthorne 001C,Investigation complete; no suspect identified
5a32e81acbdfbdcfd207cb78c289c58c1cf2678fdd74f482351222555b2e849a,2023-04,Surrey Police,Surrey Police,-0.576662,51.236833,On or near Shopping Area,E01030452,Guildford 015A,Investigation complete; no suspect identified
21b885e55d0ef11ff134d1b7d897e0ce6eff8f029e2f4ca86ebe8a914b22265d,2023-04,Surrey Police,Surrey Police,-0.476392,51.441092,On or near Ashcombe Close,E01030707,Spelthorne 003A,Unable to prosecute suspect
b1445e767d5fd7192d05754a7acd65e271abd0f2b5bdd68027d07a71893125df,2023-04,Surrey Police,Surrey Police,-0.168169,51.170063,On or near Massetts Road,E01030579,Reigate and Banstead 018E,Further investigation is not in the public interest
8e22166d6b81b7769b77691eff0fb0f9d1e0acc2d7fcf589882cb3a4bccc124d,2023-04,Surrey Police,Surrey Police,-0.578134,51.294637,On or near Sports/Recreation Area,E01030987,Woking 012E,Unable to prosecute suspect
46a43c40cedbf1be065ce87dc3867f7e0577eb1fbb2663fe94aa829adfb61349,2023-04,Surrey Police,Surrey Police,-0.499497,51.422318,On or near Grosvenor Road,E01030726,Spelthorne 009A,Investigation complete; no suspect identified
8986b6ac0c0da5d74819d5b53b4ececaa28e2cb168959511bf03f94c6ab055c9,2023-04,Surrey Police,Surrey Police,-0.573993,51.235110,On or near The Shambles,E01030455,Guildford 013E,Investigation complete; no suspect identified
1061db02574753b015145a3e5433a72fdc33fea02ae4107a5e11f5a73a54a429,2023-04,Surrey Police,Surrey Police,-0.333365,51.303863,On or near Randalls Park Avenue,E01030549,Mole Valley 003B,Unable to prosecute suspect
63dfbdd21627fbefdaf77a2d65539e7e94046e20be7bdd447d28bd5417467395,2023-04,Surrey Police,Surrey Police,-0.206775,51.222092,On or near Sandcross Lane,E01030630,Reigate and Banstead 013C,Investigation complete; no suspect identified
5ef87083b22db59d18329cf492065b8f242e2e16915a6193dd1fe381999e9fd4,2023-04,Surrey Police,Surrey Police,-0.702701,51.337752,On or near The Spinney,E01030792,Surrey Heath 009D,Investigation complete; no suspect identified
68efd28417a3f4c1b8c655ce9f4201f5314a75b3668bd2e45f14a6a31d9c0a13,2023-04,Surrey Police,Surrey Police,-0.442363,51.434323,On or near Anderson Drive,E01030706,Spelthorne 005F,Unable to prosecute suspect
6ac6b4cd97964d65b720d7c1051eff363973a8bfa41150dd7fa4c2c978465bbb,2023-04,Surrey Police,Surrey Police,-0.303511,51.316680,On or near Rutland Close,E01030514,Mole Valley 001E,Investigation complete; no suspect identified
0323d564f504a791df13624646e1f3ab3f2b0d6b25a5eb4da577dc145de030af,2023-04,Surrey Police,Surrey Police,-0.774745,51.181190,On or near The Reeds Road,E01030908,Waverley 018A,Investigation complete; no suspect identified
cfcb29057e744a742c69cff3922221a97c615013c2f4f8fdb2a52037e42205fc,2023-04,Surrey Police,Surrey Police,-0.573595,51.242892,On or near Nettles Terrace,E01030450,Guildford 013B,Investigation complete; no suspect identified
170fe892a1892fe89cea96242d6908421bdd3c37de5203963a610dd40d57f00e,2023-04,Surrey Police,Surrey Police,-0.543694,51.241121,On or near Urnfield Close,E01030437,Guildford 011B,Action to be taken by another organisation
aec669b5a4378663e8a28529552cec614a35e663527d0a34109f6a6a5d14e8a8,2023-04,Surrey Police,Surrey Police,0.001108,51.171247,On or near St Pier's Lane,E01030821,Tandridge 010A,Investigation complete; no suspect identified
df3632f0abca8366d81d6c03793e5148fdf5913b053b5b7b9c64431406b9558b,2023-04,Surrey Police,Surrey Police,-0.324619,51.237507,On or near Petrol Station,E01030533,Mole Valley 009B,Unable to prosecute suspect
edeefab47158fe3ff3ff4d2dd24152ce23e7696d8f14ddd3d44db03637e07f14,2023-04,Surrey Police,Surrey Police,-0.472907,51.336700,On or near Brewery Lane,E01030948,Woking 001C,Investigation complete; no suspect identified
9cc143cfe3565a7912b4c4082df0a3c2d4976425733a1a00d6beaf4bebcb07e9,2023-04,Surrey Police,Surrey Police,-0.251535,51.323497,On or near Carter's Road,E01030380,Epsom and Ewell 009B,Investigation complete; no suspect identified
4d5ee1396cdc1349a24774f4a09c7d40bb1fc006046f2e8f820392f8a03c630a,2023-04,Surrey Police,Surrey Police,-0.512615,51.407665,On or near Park/Open Space,E01030685,Runnymede 004C,Investigation complete; no suspect identified
7cbc48b91b0e10cbbf8c8994eae4b4ac40be7594f53831d2c34aa9169b1958eb,2023-04,Surrey Police,Surrey Police,-0.615590,51.315291,On or near Alexandra Gardens,E01030979,Woking 007E,Unable to prosecute suspect
58c7e705717b33d381bcf507a34c80dfbf6bbeb05344ea993806e07865f0ee8b,2023-04,Surrey Police,Surrey Police,-0.607625,51.316187,On or near Supermarket,E01030974,Woking 007A,Investigation complete; no suspect identified
9e2589759c47c1be00b3751c120f04d41466f6d06361ac06345a37c40a80cea2,2023-04,Surrey Police,Surrey Police,-0.558135,51.317124,On or near Station Approach,E01034294,Woking 008F,Investigation complete; no suspect identified
277d374b733ae75383da8f98aecd77ecae3627449f13bd3b23e7bbc68dc21900,2023-04,Surrey Police,Surrey Police,-0.657000,51.158855,On or near Cramhurst Lane,E01030939,Waverley 011E,Unable to prosecute suspect
9a5e30686261accd60bf58c790b2eb5d97c2330ef52d884b0c1d7014e4f2ea7d,2023-04,Surrey Police,Surrey Police,-0.491123,51.373481,On or near Princess Mary's Road,E01030649,Runnymede 007C,Investigation complete; no suspect identified
9e1a0ad7e0b5898f63772b148257b9c970827867deeb56bfafcccd1e22d155c0,2023-04,Surrey Police,Surrey Police,-0.791021,51.231699,On or near Brookside,E01030891,Waverley 002A,Investigation complete; no suspect identified
d8663f87bb001fcf349d8c4f85ab5107cc5d09d52386aa73c7a26627e4b8af72,2023-04,Surrey Police,Surrey Police,-0.124628,51.175992,On or near Charlotte Grove,E01030817,Tandridge 011B,Unable to prosecute suspect
397df8678311a8e891694c193be4c4fc0ceef1b1cd200c699161a04ea8b036fe,2023-04,Surrey Police,Surrey Police,-0.581392,51.261871,On or near Yew Tree Drive,E01030481,Guildford 007A,Investigation complete; no suspect identified
58de796337f2709d1279858af2b31cbf3488ea88266c59027bea43fc80625655,2023-04,Surrey Police,Surrey Police,-0.434525,51.403942,On or near Cherry Way,E01030719,Spelthorne 011C,Unable to prosecute suspect
7a7cc15dbd57321d7fdc0407158fa2602afc8d59c29539c66654fe0b65143ed2,2023-04,Surrey Police,Surrey Police,-0.720054,51.088422,On or near Parking Area,E01030931,Waverley 016B,Action to be taken by another organisation
1bee043c705223d215e1eeef04ed8aa396a68ffbf371eb9857f4dcf74ff25dd3,2023-04,Surrey Police,Surrey Police,-0.503357,51.391317,On or near Petrol Station,E01030653,Runnymede 006B,Investigation complete; no suspect identified
bde9870ced9d5e5aa9cb27c6640c92accd2fd9a18807bf6b3fe6691b5fd583d5,2023-04,Surrey Police,Surrey Police,-0.204080,51.320710,On or near B2219,E01030560,Reigate and Banstead 002B,Investigation complete; no suspect identified
98670707e747b51befeedb285e417f80add931c5b9b575304415cec624fd64de,2023-04,Surrey Police,Surrey Police,-0.194558,51.227992,On or near Juniper Close,E01030594,Reigate and Banstead 013A,Unable to prosecute suspect
38a06d2f24ea71abc17aab0764f1c6433f350af332f8f96e110790f065eb0636,2023-04,Surrey Police,Surrey Police,-0.357218,51.361015,On or near Arbrook Chase,E01030307,Elmbridge 013A,Investigation complete; no suspect identified
07825b202781787178d77926982f188081827f83f2056cc1c0305463f05dfdf5,2023-04,Surrey Police,Surrey Police,-0.605644,51.248090,On or near Waggon Close,E01030496,Guildford 012C,Unable to prosecute suspect
93bf195fe77885cfaee117ac263cca0b095edd4f5b7b7b06c2d92ebd09c6c968,2023-04,Surrey Police,Surrey Police,-0.730637,51.259754,On or near Wellington Place,E01030426,Guildford 004A,Unable to prosecute suspect
e1baded578650302ecf2a23abe1d57062e964f4fa78e05330e82dd420cdf70a4,2023-04,Surrey Police,Surrey Police,-0.561736,51.312582,On or near Guildford Road,E01030991,Woking 008D,Unable to prosecute suspect
a4928717522978552da24967f199fc3c94e4cab5d2d60fbd4ebff8b354d2b6d2,2023-04,Surrey Police,Surrey Police,-0.257782,51.333985,On or near Pikes Hill,E01030412,Epsom and Ewell 008C,Investigation complete; no suspect identified
e830a4debf7722d73c5c8b5cfbb3def4a55b284dc7106af927fef619dc2772df,2023-04,Surrey Police,Surrey Police,-0.712805,51.250135,On or near Chester Close,E01030432,Guildford 010C,Investigation complete; no suspect identified
dd0b3479d2bbba427cdd9dd5b82306c3e0792467407a41865df41365c47ce888,2023-04,Surrey Police,Surrey Police,-0.477361,51.440089,On or near Avondale Road,E01030707,Spelthorne 003A,Further investigation is not in the public interest
ff6cf6bae470d6b25d380f9943815c1e0a09c7c612b1b6c84ac397d44a251319,2023-04,Surrey Police,Surrey Police,-0.328167,51.355694,On or near Tower Gardens,E01030296,Elmbridge 015A,Investigation complete; no suspect identified
d3f0296f13b4f0524e8a313d9310b8f59bec8e61106ba5bad71dfe90ec5e5ff6,2023-04,Surrey Police,Surrey Police,-0.760285,51.231143,On or near Low Lane,E01030903,Waverley 001C,Investigation complete; no suspect identified
7780d2425a7e048805ec417ea4a17975068e2926736a0962abb87d61b46dcf7a,2023-04,Surrey Police,Surrey Police,-0.601485,51.318567,On or near Robin Hood Road,E01030962,Woking 009C,Unable to prosecute suspect
1a367563ab0f8c96a260854ce957b03ab45b9549002849471a33aaa437181313,2023-04,Surrey Police,Surrey Police,-0.559739,51.319068,On or near Supermarket,E01030954,Woking 008A,Investigation complete; no suspect identified
88876de6b338908833c3496ad59cc9b93be709cdeba0b4545644ccd8d58dedf5,2023-04,Surrey Police,Surrey Police,-0.573311,51.211784,On or near Broadford Road,E01030480,Guildford 017E,Unable to prosecute suspect
1a631e38b357ee3ac0b3f965e6b57f5d20967d73c2aaa6ab4838cec57d0fa643,2023-04,Surrey Police,Surrey Police,-0.573414,51.252449,On or near Parking Area,E01030484,Guildford 007D,Investigation complete; no suspect identified
a2a65710fcc996f9574dbbb72dc8c9ab0e9fe37d75294467c14880fc4cdd897b,2023-04,Surrey Police,Surrey Police,-0.704314,51.185647,On or near Farnham Road,E01030877,Waverley 011A,Further investigation is not in the public interest
fcafe10342a00bb906b2fd9e317d70c1213bc1430ad4ebafc3b1c4847db46f98,2023-04,Surrey Police,Surrey Police,-0.327863,51.295376,On or near High Street,E01030550,Mole Valley 003C,Investigation complete; no suspect identified
aa144ffdc455c7952a36bc7a4b204e7265f00e16560d18c3b994f5986be8b4b9,2023-04,Surrey Police,Surrey Police,-0.417367,51.422856,On or near Windsor Road,E01030748,Spelthorne 008A,Investigation complete; no suspect identified
a33af2dbe061f76a5fa3c1576b26ec241960d01aa44db9aff53992d500fc14de,2023-04,Surrey Police,Surrey Police,-0.271639,51.359460,On or near Gadesden Road,E01030414,Epsom and Ewell 002D,Investigation complete; no suspect identified
53ddae544c4c4b54e3b2457c16f902d4bdfe4146e4c0cafa9cf25dc9d86bd4ea,2023-04,Surrey Police,Surrey Police,-0.790538,51.209680,On or near St George's Road,E01030888,Waverley 004C,Unable to prosecute suspect
efaa539de2ff417f9e5f1c4ec285c176112e81fc1420e871b545d236ed6715dd,2023-04,Surrey Police,Surrey Police,-0.622881,51.175598,On or near Fox Dene,E01030925,Waverley 010E,Investigation complete; no suspect identified
4bcc7d0ad2af5658622b6c4a18b2852a77c42e0f8e78122cd96120b19fcf9a8f,2023-04,Surrey Police,Surrey Police,-0.559739,51.319068,On or near Supermarket,E01030954,Woking 008A,Unable to prosecute suspect
c4f677eb8f2ddfc4de821226a66d1c6e6e7940b91444d309ba8d2b7737211a35,2023-04,Surrey Police,Surrey Police,-0.267261,51.332342,On or near Shopping Area,E01034289,Epsom and Ewell 008E,Further investigation is not in the public interest
5d78e69d9fcd7c65ca84030b1dea6ac0ded066f8505e3a20a0018a589e2922c0,2023-04,Surrey Police,Surrey Police,-0.690864,51.360695,On or near Waverley Road,E01030759,Surrey Heath 002C,Investigation complete; no suspect identified
6a1002e73bf320b568bbccd5bda062fc19a46b612b365dac8ea630e73f0c30c8,2023-04,Surrey Police,Surrey Police,-0.239779,51.294661,On or near Kingswood Road,E01030637,Reigate and Banstead 006C,Investigation complete; no suspect identified
59034d9f18221d68487c0703253ea1287b9430a5e4f5520586412b0d3c942ee9,2023-04,Surrey Police,Surrey Police,-0.130605,51.222042,On or near Kings Cross Lane,E01030814,Tandridge 008C,Suspect charged
baaa1cef05a7016e82fc9adf53dffd8f5b48ad6c583fb43e4cb7aa39833830aa,2023-04,Surrey Police,Surrey Police,-0.552547,51.303657,On or near Rosebery Crescent,E01030972,Woking 011B,Investigation complete; no suspect identified
cba91a6be561a1219398cf83b299f05ec29607f7de44e5946aab3bdf293dce34,2023-04,Surrey Police,Surrey Police,-0.727314,51.291865,On or near Potteries Lane,E01030782,Surrey Heath 012A,Investigation complete; no suspect identified
264feaf9a7a79143bb088326db06bb8f4ac7472612818a4ecb52237ef1a9843a,2023-04,Surrey Police,Surrey Police,-0.707253,51.331580,On or near Langdon Close,E01030777,Surrey Heath 007D,Unable to prosecute suspect
c796fc5e8e781f8b6e31ac5ad8d995e67ed6440baa8a802abb9d6b7234496522,2023-04,Surrey Police,Surrey Police,-0.266075,51.306321,On or near Grosvenor Mews,E01030418,Epsom and Ewell 009E,Investigation complete; no suspect identified
25c248bddd35acc32fc0a5ed8450144e0e6ce816b749e6af5bd725a46cb8d7c3,2023-04,Surrey Police,Surrey Police,-0.549712,51.409434,On or near Hurst Lane,E01030690,Runnymede 005B,Unable to prosecute suspect
d09a4a7418bea7bb9747969a04551ebc826dffe9eb46066088a612e085906529,2023-04,Surrey Police,Surrey Police,-0.729656,51.240742,On or near Manor Road,E01030425,Guildford 014D,Investigation complete; no suspect identified
5363a4f81f45617e07f0f95bee717d4363a1072fb4e27e8e70f825a4782618eb,2023-04,Surrey Police,Surrey Police,-0.500319,51.429297,On or near Knowle Green,E01030738,Spelthorne 004E,Investigation complete; no suspect identified
9a2f207c1e47e99059219bd451e94fb5c25a28fea184aa75c037111ec6b9ba25,2023-04,Surrey Police,Surrey Police,-0.260995,51.347711,On or near Dee Way,E01030413,Epsom and Ewell 004B,Action to be taken by another organisation
62ae89a8b286df9d8f5436e83227e686064f8cdbdc35513d9ce4fcf126560e66,2023-04,Surrey Police,Surrey Police,-0.584088,51.236186,On or near Genyn Road,E01030452,Guildford 015A,Unable to prosecute suspect
04657c07bda6ac841531d2d3143abfe5d90a293e2a47e72b3b893ba6eb3c4fdf,2023-04,Surrey Police,Surrey Police,-0.184650,51.183486,On or near Harp Road,E01035360,Reigate and Banstead 016G,Investigation complete; no suspect identified
3953da3f6e25bc1511ad170debec0717fefb972bdec28573c0b00a9066517d19,2023-04,Surrey Police,Surrey Police,-0.797375,51.213770,On or near Victoria Road,E01030885,Waverley 003B,Unable to prosecute suspect
131be6250f76275f66e911f90188005bd6f1731ae4cdf8713787f9e22237cefa,2023-04,Surrey Police,Surrey Police,-0.744093,51.337628,On or near High Street,E01030800,Surrey Heath 005E,Unable to prosecute suspect
e93bf4ad222d2db55808bbd556100a2f00186279214beb775c736b189592d0d4,2023-04,Surrey Police,Surrey Police,-0.585830,51.296123,On or near Goose Lane,E01030987,Woking 012E,Investigation complete; no suspect identified
493d655b4511b4b5e9e8f99cbc4f072864da9639373b0d220bbda170b33f82ea,2023-04,Surrey Police,Surrey Police,-0.474120,51.447969,On or near Nares Close,E01030711,Spelthorne 002C,Investigation complete; no suspect identified
bdf889acded4550af441b31fbee540c35cb09ce3c78eb9e79814f89a94a8b74b,2023-04,Surrey Police,Surrey Police,-0.450403,51.432254,On or near St Margarets Avenue,E01030703,Spelthorne 005C,Investigation complete; no suspect identified
a9cec99d1cedfd22f5d4c84b6e05c12ad5e532050c5c7e89847acae472145064,2023-04,Surrey Police,Surrey Police,-0.278063,51.291525,On or near Race Track,E01030524,Mole Valley 008A,Investigation complete; no suspect identified
b85e0cd24ef573b5648fe7f45b7a474398ec30faf4f7ba2c4d145dfeb740ede9,2023-04,Surrey Police,Surrey Police,-0.354236,51.401718,On or near Manor Road,E01030327,Elmbridge 002B,Unable to prosecute suspect
6b1af8737f58b24d05b15e1eef4398facd4987f559986638a0d74295aefa1fa8,2023-04,Surrey Police,Surrey Police,-0.538053,51.339914,On or near Martyrs Lane,E01030965,Woking 003C,Investigation complete; no suspect identified
b45bde58754d51f0e5b668b5ae0c5700cb37749b457ddff8a6ab6e4935cff0d8,2023-04,Surrey Police,Surrey Police,-0.568191,51.406604,On or near Gorse Hill Road,E01030692,Runnymede 005D,Investigation complete; no suspect identified
91362af67347f98b07d1f74bfcc3c2a9443d4ab90ca703e39d61dcb984644032,2023-04,Surrey Police,Surrey Police,-0.220317,51.313530,On or near Parking Area,E01030644,Reigate and Banstead 003D,Further investigation is not in the public interest
72d1b9bfc7c3f3a42d5ebce38419c473314c54ba4e4c323948253a019f3ba993,2023-04,Surrey Police,Surrey Police,-0.802276,51.205314,On or near Ryle Road,E01030889,Waverley 006C,Offender given a caution
218b6149cee267ee956884ab846e80e07ee5b6987cba4f68a9f2a3d07231a06a,2023-04,Surrey Police,Surrey Police,-0.401196,51.408968,On or near The Pennards,E01030756,Spelthorne 010D,Investigation complete; no suspect identified
e67ad1df7c787c453841226986b91c6387e57b89c2a77fd5d4d5d8ef1ac49244,2023-04,Surrey Police,Surrey Police,-0.546971,51.431953,On or near High Street,E01030668,Runnymede 001B,Investigation complete; no suspect identified
61882e04c99e0888302a63ba8e08796ba2364d77b9822d4df6684c55aeed3f1d,2023-04,Surrey Police,Surrey Police,-0.267133,51.354034,On or near Fulford Road,E01030416,Epsom and Ewell 004D,Investigation complete; no suspect identified
2ef71e179fc158c45d8b888776aaf9e50db173aaa0d4cdd374794938b8000f45,2023-04,Surrey Police,Surrey Police,-0.743407,51.338034,On or near Balfour Court,E01030800,Surrey Heath 005E,Investigation complete; no suspect identified
4540a71ebacc74f2bad8ba2be4b97d90d0e5d089b02abed3760d8f3268c09e1b,2023-04,Surrey Police,Surrey Police,-0.724189,51.344049,On or near Devonshire Drive,E01030797,Surrey Heath 005B,Unable to prosecute suspect
1e87b44bc70e2df7727c7130e535f5697760a81fd49eefdba434afbb64522451,2023-04,Surrey Police,Surrey Police,-0.510239,51.434333,On or near High Street,E01034291,Spelthorne 004F,Unable to prosecute suspect
6a8b83e3fc16cadf4bcdae0c41a6fedd4d185d87153a0d13b3649601c43d9b67,2023-04,Surrey Police,Surrey Police,-0.246315,51.345199,On or near Clarence Place,E01030396,Epsom and Ewell 010D,Investigation complete; no suspect identified
1f8c567a6e93b8da29d32ca72dd3281744ae2d2f828f75514b90721947617760,2023-04,Surrey Police,Surrey Police,-0.325417,51.386993,On or near Thorkhill Road,E01030350,Elmbridge 005A,Unable to prosecute suspect
e0ca0200a8472ef19eb94a0c3d53e8a7b88e76f72d0c6f590e35ecda4bd0cf10,2023-04,Surrey Police,Surrey Police,-0.616071,51.244877,On or near Blackwell Avenue,E01030494,Guildford 012B,Investigation complete; no suspect identified
a196d0f5f37a3cd22db528f4d5d9a42308c71d865b63d3b42464d6a33ddd04dd,2023-04,Surrey Police,Surrey Police,-0.405668,51.334914,On or near Lockhart Road,E01030300,Elmbridge 017A,Unable to prosecute suspect
fa17c415ecf330a6d02c325e1ca7a9a609dffcde876e0a500d409482589cc3de,2023-04,Surrey Police,Surrey Police,-0.797423,51.236126,On or near Alma Lane,E01030901,Waverley 002E,Further investigation is not in the public interest
2fa10f968b06f63914d0db9d94bb978d28bddd950c996a55facc696e2629dd9c,2023-04,Surrey Police,Surrey Police,-0.330829,51.306129,On or near Buffers Lane,E01030549,Mole Valley 003B,Investigation complete; no suspect identified
0d51171b2fb0e9e0c94cfc7ac68bf0ff2fa18eb93e68a30d524fb3b9bfaec6b9,2023-04,Surrey Police,Surrey Police,-0.556574,51.425318,On or near Lynwood Avenue,E01030670,Runnymede 001D,Unable to prosecute suspect
81a47dc75b4c1bc04800360725ef36910e909c6ea4a1e5e4abcf1903a1d08872,2023-04,Surrey Police,Surrey Police,-0.265361,51.333750,On or near Theatre/Concert Hall,E01034290,Epsom and Ewell 008F,Investigation complete; no suspect identified
2cd813fa09e10208020d5cf37c54e0c7337bc76bff9c5cf55359d979e8f17baa,2023-04,Surrey Police,Surrey Police,-0.419013,51.387655,On or near Parking Area,E01034285,Elmbridge 007E,Investigation complete; no suspect identified
865d5cf4264e6d777bfc945c55b7899acda7a97f374b718dbe85da4f26ab6105,2023-04,Surrey Police,Surrey Police,-0.698755,51.322476,On or near Myers Way,E01030774,Surrey Heath 007A,Investigation complete; no suspect identified
70b426a053ca2da9715e01b0917ba6350e3e4ae1ed6b1b461237d615915351af,2023-04,Surrey Police,Surrey Police,-0.274536,51.368360,On or near Watersedge,E01030400,Epsom and Ewell 002C,Investigation complete; no suspect identified
58c8b5670d9fc90812912b24be3ab723dfa3b04fb621bfc120d14aa41116b9d5,2023-04,Surrey Police,Surrey Police,-0.816216,51.204844,On or near Kingfisher Road,E01030905,Waverley 009B,Investigation complete; no suspect identified
901e8e99744da2dc380650a0701e2c5aad093df36c9446778193b3b48d4de306,2023-04,Surrey Police,Surrey Police,-0.485502,51.372284,On or near Station Road,E01030649,Runnymede 007C,Investigation complete; no suspect identified
509c444e52bbb75e2141054e0f875e43221c0f5281fe091b01efb527fd4e81c4,2023-04,Surrey Police,Surrey Police,-0.462731,51.144099,On or near Fern Mead,E01030871,Waverley 013B,Unable to prosecute suspect
f559f0ab06d4e23633e35c5159c1e842b6205791ab7aa52dafe4ea6cccd915f4,2023-04,Surrey Police,Surrey Police,-0.444937,51.410204,On or near Almond Close,E01030722,Spelthorne 012B,Investigation complete; no suspect identified
d007d6a009b3b47d771e9f545030da9e7727cbcaeb45a71474c2f93b00ae68a9,2023-04,Surrey Police,Surrey Police,-0.193509,51.237212,On or near Church Walk,E01030621,Reigate and Banstead 012E,Investigation complete; no suspect identified
665a5886bda418068db4208dec5f1ed7c92bd118947e560206895e4d354698c5,2023-04,Surrey Police,Surrey Police,-0.584660,51.238989,On or near Guildford Park Avenue,E01030468,Guildford 015C,Unable to prosecute suspect
3b7774e7c64a574a91d2c08c6cd15b7dc711e129cf32681f8525de163ef64435,2023-04,Surrey Police,Surrey Police,-0.145777,51.260350,On or near Supermarket,E01030599,Reigate and Banstead 008A,Investigation complete; no suspect identified
90ef6fce733f8dcf866084ac2ae5358ba12543587c60230847a15fa304aac018,2023-04,Surrey Police,Surrey Police,-0.557702,51.281068,On or near Sutton Green Road,E01030987,Woking 012E,Investigation complete; no suspect identified
8ab855987c8829b4245d521078fcfa057978b8b235e8382c2c5b7d0a12dd1eb8,2023-04,Surrey Police,Surrey Police,-0.566360,51.238372,On or near Sports/Recreation Area,E01030457,Guildford 013F,Investigation complete; no suspect identified
0d8c42261501c8e75a579c0d8a563a707c9e452089a380bad8e740f754d72b2d,2023-04,Surrey Police,Surrey Police,-0.684002,51.186409,On or near Water Meadow Close,E01030878,Waverley 011B,Investigation complete; no suspect identified
1557fef21694dc76a9a5fcc4c53cd4b61d8592c8c5f42b77f29e40dbf707fc0f,2023-04,Surrey Police,Surrey Police,-0.256281,51.320195,On or near Downs Way,E01030380,Epsom and Ewell 009B,Unable to prosecute suspect
b8d29a0a6e4ceed1da5c9535f6e7b8a33a9408305f57675fff9076228fb893e1,2023-04,Surrey Police,Surrey Police,-0.727744,51.264857,On or near Beaufort Road,E01030427,Guildford 004B,Unable to prosecute suspect
10dc754dd4ba461ad7163a33a7edb514f8b1dbe913255479a682201b4d1539f3,2023-04,Surrey Police,Surrey Police,-0.094899,51.287654,On or near Westway,E01030848,Tandridge 005C,Investigation complete; no suspect identified
a16babc4eadd36412aa70e2e896a9e802c8bbf4c923ffb65b5bf76097dc1e5a4,2023-04,Surrey Police,Surrey Police,-0.097736,51.289121,On or near William Road,E01030858,Tandridge 003E,Unable to prosecute suspect
b13f8cafc81e6e9923df548bbe0ced7bf2c95d1a64e9a98ae92421c06fd8a578,2023-04,Surrey Police,Surrey Police,-0.543364,51.328173,On or near Parking Area,E01030964,Woking 003B,Investigation complete; no suspect identified
7dca2ce922f3ec11f5ca67057aecbfc4399156dd0dcfe1a96a74115f48c7877c,2023-04,Surrey Police,Surrey Police,-0.385069,51.388784,On or near Latton Close,E01030362,Elmbridge 004B,Unable to prosecute suspect
c1f0610a12b334b2dbc0ae5ad4a6e936f03392c54dc23bf89f1a150394b3f749,2023-04,Surrey Police,Surrey Police,-0.630583,51.248780,On or near Baird Drive,E01030503,Guildford 005E,Unable to prosecute suspect
06fef839efa27b4027c08c34209183b408d3fb37bcff9b144b8c886cfcf1c4f1,2023-04,Surrey Police,Surrey Police,-0.322737,51.219135,On or near Trasher Mead,E01030546,Mole Valley 011C,Investigation complete; no suspect identified
dfba43f2c1f96108031af3b5c1660e3f0b0fc44ef001873e3f41a25bf4c4d7c2,2023-04,Surrey Police,Surrey Police,-0.677369,51.352477,On or near Stonehill Road,E01030781,Surrey Heath 003D,Investigation complete; no suspect identified
1b0fdbaa8ef3a3a208594708084b05a17b4b2836d3f9894d7e4aba868d97450b,2023-04,Surrey Police,Surrey Police,-0.406051,51.383046,On or near Marston Court,E01030354,Elmbridge 008A,Investigation complete; no suspect identified
3c9013cfe53ae0fe92c6cb31af7f9a710982884750c262620ff82eccb2092585,2023-04,Surrey Police,Surrey Police,-0.489728,51.370900,On or near Parking Area,E01030646,Runnymede 009B,Unable to prosecute suspect
d313a0d7c38a93f9da2e2c6235752d4b0cabbda79cc8fc12054d1a1635e5463e,2023-04,Surrey Police,Surrey Police,-0.420891,51.386520,On or near Shopping Area,E01030357,Elmbridge 007A,Local resolution
6bd370557ccfc26cba31a9a6cded420bc4bc628b42fc640d24e04739a18da2e0,2023-04,Surrey Police,Surrey Police,-0.584088,51.236186,On or near Genyn Road,E01030452,Guildford 015A,Further investigation is not in the public interest
bcf47591fa7a3c0e2ce357927eb3a7260b69fbd8a2cf86616728431fc8bcaeab,2023-04,Surrey Police,Surrey Police,-0.640613,51.172461,On or near Meadow Close,E01030938,Waverley 011D,Investigation complete; no suspect identified
a096e35bcef8b8f50f2a770d7e38a56bfe1819831ad98b31ab7ee1c6a252464f,2023-04,Surrey Police,Surrey Police,-0.247941,51.363919,On or near Stoneleigh,E01030406,Epsom and Ewell 003C,Further investigation is not in the public interest
1c43aa2a075b2c4cc089f203f2d902660a8cc5f7387f9b38689c8681188a5320,2023-04,Surrey Police,Surrey Police,-0.538053,51.339914,On or near Martyrs Lane,E01030965,Woking 003C,Investigation complete; no suspect identified
d32e5207b0d07171aa42f8f7e4386b98706c3554a750719a268d7d26fabc7cb7,2023-04,Surrey Police,Surrey Police,-0.576937,51.237646,On or near Onslow Street,E01030452,Guildford 015A,Investigation complete; no suspect identified
941646695c494b767ac425153f0007a411a2323d7547acc40fa9baea3418b5bc,2023-04,Surrey Police,Surrey Police,-0.405940,51.388305,On or near Crown Close,E01030361,Elmbridge 004A,Investigation complete; no suspect identified
293a040ea1be63689c4be00bb86aa02f3c2630736bc2aaf56ab69613783b26b4,2023-04,Surrey Police,Surrey Police,-0.207447,51.322704,On or near The Horseshoe,E01030560,Reigate and Banstead 002B,Further investigation is not in the public interest
6fd02b11e79fceaae9ae4dc260e204b531e51d0a9ca6016f7a9b17dc6fba4fa1,2023-04,Surrey Police,Surrey Police,-0.017524,51.252753,On or near Brook Hill,E01030839,Tandridge 006F,Unable to prosecute suspect
b861830f006c36e83753cc0753e51c7af43120eb998020a3a7e69b485b233b00,2023-04,Surrey Police,Surrey Police,-0.573939,51.238309,On or near Supermarket,E01030451,Guildford 013C,Investigation complete; no suspect identified
7965d73e7d22f95c46d561750474e55519c15f7c881a5679347d5ac10379da7b,2023-04,Surrey Police,Surrey Police,,,No location,,,Investigation complete; no suspect identified
81761b76256942ab1624ad986312567644b6cafa4ac4366c1a133cd0c478129b,2023-04,Surrey Police,Surrey Police,-0.395769,51.367619,On or near Supermarket,E01030317,Elmbridge 014E,Investigation complete; no suspect identified
5a1c6b5b734244ee5f0fc232d712dac0b42cf5fc10c4221d628a5c871a7dec7c,2023-04,Surrey Police,Surrey Police,-0.643181,51.297845,On or near The Gardens,E01030473,Guildford 002C,Unable to prosecute suspect
e890aa78786a38a76550809722888184fe0e2f540e0d2c68aa2b8872f09cc2d2,2023-04,Surrey Police,Surrey Police,-0.332053,51.380775,On or near Dene Gardens,E01030325,Elmbridge 006D,Investigation complete; no suspect identified
86435088714ef778a9c694dbe9ec9a632625ee8fdef8e3b70505bc0f53447b37,2023-04,Surrey Police,Surrey Police,-0.765309,51.142333,On or near Crabtree Lane,E01030910,Waverley 018C,Investigation complete; no suspect identified
638365266270acaf7b2a2654392e18245b99109437603e8b8e138b9ba6c81cbb,2023-04,Surrey Police,Surrey Police,-0.562570,51.318024,On or near Church Street West,E01030954,Woking 008A,Further investigation is not in the public interest
61ff662589793118e5a93b0af8a1d428de061598797d7cf990422d515cf0cb85,2023-04,Surrey Police,Surrey Police,-0.165514,51.182171,On or near Benhams Drive,E01030576,Reigate and Banstead 018B,Unable to prosecute suspect
73549442e16566a0751e98a9a4d16467661923b8815453cf24b7f1d31623952e,2023-04,Surrey Police,Surrey Police,-0.429420,51.420761,On or near A244,E01030700,Spelthorne 006D,Unable to prosecute suspect
6fc1ffef6b94d7e594a78bda17be27100bb5cc823fc415e6f2e1bc7bf4ff858a,2023-04,Surrey Police,Surrey Police,-0.217137,51.306719,On or near Duncan Road,E01030592,Reigate and Banstead 007D,Unable to prosecute suspect
f37734b5a1a5abf745a29a53655d4f14c00b399ef43398f817357f287d30809a,2023-04,Surrey Police,Surrey Police,-0.571474,51.320102,On or near Waldens Road,E01030969,Woking 008B,Unable to prosecute suspect
a90a0a8a7a3f5e64393b00d6583a86b14c327dba326058c8be506e515ece2904,2023-04,Surrey Police,Surrey Police,-0.764633,51.228168,On or near Beech Tree Drive,E01030903,Waverley 001C,Investigation complete; no suspect identified
21af604e43a075c3d6a099f9a4db5eb647f2a3944fd105f9c0382592b2daa7f8,2023-04,Surrey Police,Surrey Police,-0.694615,51.361114,On or near London Road,E01030759,Surrey Heath 002C,Investigation complete; no suspect identified
7bed629df2c1d46249738b244ac8600d7f6ad123015e8d165d60525a502e3642,2023-04,Surrey Police,Surrey Police,-0.416335,51.404444,On or near Farrier Close,E01030720,Spelthorne 011D,Investigation complete; no suspect identified
55ce2c3e96618e31008f748b67addfe2d66f20e053eb00457a67fccdb127f26d,2023-04,Surrey Police,Surrey Police,-0.499382,51.297943,On or near Haynes Close,E01030459,Guildford 001C,Unable to prosecute suspect
3373fd576231c5127f1e8eeb749e4c9d3f8561c572ae1417d763a4d39909100f,2023-04,Surrey Police,Surrey Police,-0.506199,51.359205,On or near Strawberry Fields,E01030660,Runnymede 009C,Investigation complete; no suspect identified
a2b62c8d23a75e9666cd91ac21e4b1bca0441ad3bdfe9c111b26b2fd6deb390e,2023-04,Surrey Police,Surrey Police,-0.729674,51.089067,On or near Weysprings,E01030928,Waverley 017C,Investigation complete; no suspect identified
f6af014a665583a172f6ed186e0f776fa05f9cb467596691ba9bd21dd5877550,2023-04,Surrey Police,Surrey Police,-0.267818,51.332039,On or near Shopping Area,E01034289,Epsom and Ewell 008E,Investigation complete; no suspect identified
cd5ec4fe0816c2e6e65868b6437f84abdbfb9297f32c628ccc51c54558e34485,2023-04,Surrey Police,Surrey Police,-0.329253,51.225829,On or near Harrowlands Park,E01030536,Mole Valley 010B,Unable to prosecute suspect
0731cbe23bd8471cbd368e63164fa3a2999c2d768ab89996b3368492cd8f2412,2023-04,Surrey Police,Surrey Police,-0.324870,51.289326,On or near St Marys Road,E01030554,Mole Valley 004D,Investigation complete; no suspect identified
177b3a7630a29248fbb12c899ac11f6fce956388f32a8db43bd0e2be00f1ada9,2023-04,Surrey Police,Surrey Police,-0.748598,51.336660,On or near Parking Area,E01030795,Surrey Heath 008C,Unable to prosecute suspect
e5450c7e2ea8839e6ef6a10e413414962ebf013f7c43782b6ade5954f02054f6,2023-04,Surrey Police,Surrey Police,-0.707253,51.331580,On or near Langdon Close,E01030777,Surrey Heath 007D,Suspect charged
1dd5dbf889a09bd1456926077d85c178e0d6e43d2f0078bb0c78189a6231c880,2023-04,Surrey Police,Surrey Police,-0.705416,51.342764,On or near Heathside Park,E01030792,Surrey Heath 009D,Investigation complete; no suspect identified
aba9cc3a3457eba4787937ae8779c3fa332f19db400a4a77b9c96a2c317aa1bc,2023-04,Surrey Police,Surrey Police,-0.351738,51.390665,On or near Sports/Recreation Area,E01030370,Elmbridge 009E,Investigation complete; no suspect identified
16c8b39b18179264df9bb2c4a5ec614ed8d5f0309f52c0a34371ae0895e6e2d0,2023-04,Surrey Police,Surrey Police,-0.164292,51.172602,On or near Consort Way,E01035361,Reigate and Banstead 018F,Unable to prosecute suspect
a23115931e98a43abb7b8c7c896b8992bd13abfe577275646edafff02cd2d831,2023-04,Surrey Police,Surrey Police,-0.722477,51.248038,On or near Deedman Close,E01030433,Guildford 010D,Further investigation is not in the public interest
53245180602b7d1c62b6206d254248b122ea87660d6c4b95b64a9877f1e7484e,2023-04,Surrey Police,Surrey Police,-0.163007,51.218949,On or near Hospital,E01030572,Reigate and Banstead 014C,Unable to prosecute suspect
5480c9fa14d2fb01e002be605e5e53f5151f8cfd9d9d3b20e510707da7171ba0,2023-04,Surrey Police,Surrey Police,-0.586897,51.226759,On or near Woodcote,E01030448,Guildford 016A,Investigation complete; no suspect identified
368e0d0c68c09a9a84d0add4eed386b46b8d7845c45e24f56ddac229b387021b,2023-04,Surrey Police,Surrey Police,-0.235742,51.294438,On or near Ashurst Road,E01030638,Reigate and Banstead 006D,Investigation complete; no suspect identified
3d7d82cff047d355b093845dd7ee6447393aa10bc8be0503f082cbb21866d97f,2023-04,Surrey Police,Surrey Police,-0.369896,51.228336,On or near Meadow Close,E01030558,Mole Valley 012D,Unable to prosecute suspect
80cab4d301665e7363d81b38a4d0841e47fcbd1961fe36425d971103d0f552b2,2023-04,Surrey Police,Surrey Police,-0.485889,51.390589,On or near Thames Side,E01030730,Spelthorne 013A,Investigation complete; no suspect identified
aec1100d2a3548df07bd6009e2274f7aaf28d30ab0fb977fae3c194bfd302a28,2023-04,Surrey Police,Surrey Police,-0.637425,51.264560,On or near Burton Drive,E01030502,Guildford 005D,Unable to prosecute suspect
a9b96323139e9deaaa30d3f3ebfb8300e86c87e670d8323e3b3fd4b7eb022f7f,2023-04,Surrey Police,Surrey Police,-0.642779,51.323630,On or near Mainstone Road,E01030761,Surrey Heath 006A,Unable to prosecute suspect
83a9530edd94e16d7330892df7e27a9402efa70ddbbed1c5f27db4ff83cdac7a,2023-04,Surrey Police,Surrey Police,-0.546971,51.431953,On or near High Street,E01030668,Runnymede 001B,Investigation complete; no suspect identified
42cb54c1c490d2831e61b35275498bc8ad20cc617e5b0382536a4eacf6684fe8,2023-04,Surrey Police,Surrey Police,-0.506392,51.335970,On or near Petrol Station,E01031003,Woking 002D,Investigation complete; no suspect identified
b32e2628db455e012cc0e3ac012f8590d9d7b10b6fffdab2a58bc49d36f530e7,2023-04,Surrey Police,Surrey Police,-0.272428,51.325129,On or near Hospital,E01030419,Epsom and Ewell 008D,Investigation complete; no suspect identified
8637223b569a3a106b174ee7953b7dae8c1cef2f6b396d77b2c7859520dd1141,2023-04,Surrey Police,Surrey Police,-0.533758,51.428128,On or near Osier Place,E01030664,Runnymede 003B,Investigation complete; no suspect identified
bb50b48158dd9f6b39719f0f2d3e81a8886604f6ca906edf2e6d92150945e82f,2023-04,Surrey Police,Surrey Police,-0.174042,51.245866,On or near Buckhurst Close,E01030617,Reigate and Banstead 010C,Investigation complete; no suspect identified
0a332b7b5c60e2d2f0894e5bbe08aa4784bc856b56fef1ceb673212139db9913,2023-04,Surrey Police,Surrey Police,-0.795690,51.214131,On or near South Street,E01030885,Waverley 003B,Investigation complete; no suspect identified
fd8600bb530899dc7ed95acc0c6a9407bf3469366721d7028b5cd10b2545f534,2023-04,Surrey Police,Surrey Police,-0.612325,51.247018,On or near Coppice Close,E01030494,Guildford 012B,Investigation complete; no suspect identified
a73442ef8b55911a3ae7a10069a1a033d08978d957e3d5e7f5fff790849a996f,2023-04,Surrey Police,Surrey Police,-0.331439,51.305922,On or near Kingston Road,E01030549,Mole Valley 003B,Unable to prosecute suspect
a1f490856a49c098074d046474eb761a0062a189a4a1b1c7193e22ca329ae864,2023-04,Surrey Police,Surrey Police,-0.263341,51.334284,On or near Supermarket,E01034290,Epsom and Ewell 008F,Investigation complete; no suspect identified
beb4510a64b99b59ab52f239440458c700d5b113c35f832e5b941b8d75c8363d,2023-04,Surrey Police,Surrey Police,-0.267133,51.354034,On or near Fulford Road,E01030416,Epsom and Ewell 004D,Further investigation is not in the public interest
49dbf0329751c5421cdbf8eaaf749fdefee0357a0bae2b88642162fe3fad2ed0,2023-04,Surrey Police,Surrey Police,-0.238371,51.291708,On or near The Avenue,E01030637,Reigate and Banstead 006C,Investigation complete; no suspect identified
a2db2c0ce37e3d6fa2d0e23f19864efe1ca486e8d304a60789a531344787cd23,2023-04,Surrey Police,Surrey Police,-0.605144,51.244738,On or near Chapelhouse Close,E01030496,Guildford 012C,Further investigation is not in the public interest
82ead45417bf839055a0760a8ba29d81cd9788aa8764b1eb281da9dbddcd906a,2023-04,Surrey Police,Surrey Police,-0.681671,51.359719,On or near Swift Lane,E01030757,Surrey Heath 002A,Investigation complete; no suspect identified
d4524f0ef5daa620415e14f0eb0b15bdad93bd178ccce1db1dc3f4a9b8a75341,2023-04,Surrey Police,Surrey Police,-0.166781,51.314215,On or near Water Mead,E01030568,Reigate and Banstead 004D,Investigation complete; no suspect identified
2e395a0aa7526505e66a8f50e3eacc4a01c0f9e05a711f05781c7cc06544e48f,2023-04,Surrey Police,Surrey Police,-0.751189,51.330051,On or near Chillingham Way,E01030804,Surrey Heath 008E,Unable to prosecute suspect
3f2ab2f4792ecfc0fc481a3ad91c25d44136d64849a7a6d1d01e77858a1a0f43,2023-04,Surrey Police,Surrey Police,-0.441516,51.397902,On or near Fairwater Drive,E01030731,Spelthorne 013B,Unable to prosecute suspect
e171f579f4d318a4af362f0162ac5e2ad8edc1ddb33f257c66eb4bc1fb37889a,2023-04,Surrey Police,Surrey Police,-0.420558,51.376588,On or near B365,E01030366,Elmbridge 010C,Investigation complete; no suspect identified
67b2483664a8cad36744f8d9e374c50e086a1621597a319363602626b1c81619,2023-04,Surrey Police,Surrey Police,-0.502409,51.365344,On or near M25,E01030660,Runnymede 009C,Investigation complete; no suspect identified
31389186a741ee3b6a11f66da3d06349d36655fec3e94462dae0248cf64e836b,2023-04,Surrey Police,Surrey Police,-0.586715,51.251424,On or near Ardmore Avenue,E01030485,Guildford 006A,Investigation complete; no suspect identified
f1c45b23e5414ffec8ae542e6d0c68441e49b6ebe3b9536165e14ed4b4cdaa29,2023-04,Surrey Police,Surrey Police,-0.176506,51.175203,On or near Rutherwick Close,E01030588,Reigate and Banstead 016E,Investigation complete; no suspect identified
4c90e9ad7b4a5f93254fed13fe432637a5781df3eed0d1f912d4401aea5abe49,2023-04,Surrey Police,Surrey Police,-0.164833,51.253690,On or near Petrol Station,E01030618,Reigate and Banstead 010D,Investigation complete; no suspect identified
75e1a01de4e272831f3ab5f1f689d20c32d184cff1838b520aeba4b3cd06fbfd,2023-04,Surrey Police,Surrey Police,-0.067220,51.245635,On or near Bell Meadow,E01030825,Tandridge 009B,Unable to prosecute suspect
c0294458d2ab94ae038b3ac7dddbf4fb0e6e8f56acdecc95b044aeaa39bfc4aa,2023-04,Surrey Police,Surrey Police,-0.329299,51.229301,On or near Beresford Road,E01030538,Mole Valley 010D,Investigation complete; no suspect identified
9565ec3c5e3d6f41865693ee6c839923440bb4ce6594b85c25237cc633660794,2023-04,Surrey Police,Surrey Police,-0.262263,51.351407,On or near First Avenue,E01030413,Epsom and Ewell 004B,Investigation complete; no suspect identified
b7f1f6182f661dde9a574e70eb31113acf8b4065b140c9c5b5855ac550b1bc81,2023-04,Surrey Police,Surrey Police,-0.499382,51.297943,On or near Haynes Close,E01030459,Guildford 001C,Unable to prosecute suspect
67777267897d5187cbbdef99503dd698633fdee8267547100c1e5575198fb755,2023-04,Surrey Police,Surrey Police,-0.244720,51.366658,On or near Rosedale Road,E01030408,Epsom and Ewell 003E,Investigation complete; no suspect identified
495bdca3769f5ebd4127f78c519ef32762f8fb259a1d23ee71bd906d5fc40cd3,2023-04,Surrey Police,Surrey Police,-0.324146,51.390311,On or near Petrol Station,E01030322,Elmbridge 006A,Investigation complete; no suspect identified
661ec41a7c5184069acd17a9f77e30754e0f0b878cc8dae9e84056a3f74bdc82,2023-04,Surrey Police,Surrey Police,-0.572324,51.237221,On or near Ward Street,E01030451,Guildford 013C,Investigation complete; no suspect identified
964767343a009a30bd95159b3a93742eb4542260a1a9ae5a98b297ffd69d9ef7,2023-04,Surrey Police,Surrey Police,-0.573538,51.235014,On or near Chapel Street,E01030455,Guildford 013E,Investigation complete; no suspect identified
c2e654cb770afa2a41eb23bef2a66fe703166e810fd48e87f4a3cc20f5b9e517,2023-04,Surrey Police,Surrey Police,-0.606901,51.185607,On or near Victoria Road,E01030916,Waverley 007A,Unable to prosecute suspect
c440a06ebc34044a96c0677a345babbaf52bac8a9fd53b61bf93f43d56bdab30,2023-04,Surrey Police,Surrey Police,-0.416497,51.411829,On or near Griffin Way,E01030754,Spelthorne 010B,Investigation complete; no suspect identified
8a9bc8e118dc54a330ab58dad68702f9e5d489f397cc7f2c70e8d6823c1c9027,2023-04,Surrey Police,Surrey Police,-0.090747,51.287838,On or near Parking Area,E01030848,Tandridge 005C,Investigation complete; no suspect identified
257f14a92cbf19fc0c5ce4509abb4de06ec9abea94acd49382e4466b252f56c1,2023-04,Surrey Police,Surrey Police,-0.528713,51.379165,On or near B386,E01030677,Runnymede 008A,Investigation complete; no suspect identified
12ceeee8ddc87ca94d0b0445b0db8917803e2a7ba98a42eb52b7479af163adec,2023-04,Surrey Police,Surrey Police,-0.260858,51.331612,On or near Church Street,E01034290,Epsom and Ewell 008F,Action to be taken by another organisation
1a5995fce380b728831f3c34b0cd76319ee10b7ebd55424711748753c6cac928,2023-04,Surrey Police,Surrey Police,-0.604377,51.195729,On or near Supermarket,E01030920,Waverley 005D,Unable to prosecute suspect
cf0c051965152e9c2faefb5917637044d98bc95dce33065f44ba56505edaf0c8,2023-04,Surrey Police,Surrey Police,,,No location,,,Unable to prosecute suspect
b8ea59e128c577f0ce7f8a4b28e44a8ce8de059d988a813c6b3d15c84d90a1e8,2023-04,Surrey Police,Surrey Police,-0.643083,51.343012,On or near Church Road,E01030807,Surrey Heath 006D,Investigation complete; no suspect identified
a3d0a2f0f2b7e2c15d89e887ae923b9b9a4e068d1939717fa9f96bc17f8bc57a,2023-04,Surrey Police,Surrey Police,-0.404365,51.379453,On or near Rydens Avenue,E01030368,Elmbridge 008E,Investigation complete; no suspect identified
22b5da0bb3044c2e92e700dc594d53389938d2b2493b00d1b872c0d00df8996a,2023-04,Surrey Police,Surrey Police,-0.415562,51.405575,On or near Anvil Road,E01030720,Spelthorne 011D,Unable to prosecute suspect
ab452dcf5504aff87bd9933a29d3df5d0a2687408b251c0c43d7a878153689db,2023-04,Surrey Police,Surrey Police,-0.453621,51.433249,On or near Chestnut Road,E01030703,Spelthorne 005C,Investigation complete; no suspect identified
7075cced7ef4848826de7863d5250f5c9ca23cf635ec3ebba2dd3882576f9eee,2023-04,Surrey Police,Surrey Police,-0.588842,51.250757,On or near Ardmore Way,E01030487,Guildford 006B,Investigation complete; no suspect identified
fabdcbd86c0355c599de72e94ebf8503a89f1ebb27b09c26a899b2a5992bb659,2023-04,Surrey Police,Surrey Police,-0.497379,51.348706,On or near Inglehurst,E01030694,Runnymede 010E,Investigation complete; no suspect identified
8815532ec46ad69a4210b070c1137660671af3ad7337da465503017eb1e17975,2023-04,Surrey Police,Surrey Police,-0.451069,51.396806,On or near Laleham Road,E01030730,Spelthorne 013A,Investigation complete; no suspect identified
43b3906aae198687812521c555591f00c084e733945f8f29277b02bbbb361e93,2023-04,Surrey Police,Surrey Police,-0.325274,51.219837,On or near Stubs Close,E01030547,Mole Valley 011D,Investigation complete; no suspect identified
9b21c5ce09b9bee20aada8961744eefc9e70e5e39cbbb191e9e1aaecae750e6e,2023-04,Surrey Police,Surrey Police,-0.465543,51.434674,On or near Church Road,E01030712,Spelthorne 003C,Investigation complete; no suspect identified
331d5c8aef01a6799caac39c116315ce95d4f5f532e79ab2e48937b222fe2cde,2023-04,Surrey Police,Surrey Police,-0.706057,51.340397,On or near Copped Hall Drive,E01030792,Surrey Heath 009D,Suspect charged
5b73d20b9c4b135992a479c5352b65b589a3da69dcf1b48898853227526e7724,2023-04,Surrey Police,Surrey Police,-0.552547,51.303657,On or near Rosebery Crescent,E01030972,Woking 011B,Investigation complete; no suspect identified
c6248727ab539b47af827ec45ce531af5f3e4971243cf616ee9ce86f25796974,2023-04,Surrey Police,Surrey Police,-0.489886,51.293127,On or near Petrol Station,E01030458,Guildford 001B,Investigation complete; no suspect identified
efc88df183af641e5b884a94d245e9ae7af578db06387f480836ab38f45c93af,2023-04,Surrey Police,Surrey Police,-0.415562,51.405575,On or near Anvil Road,E01030720,Spelthorne 011D,Unable to prosecute suspect
a1d1b9959102e023ca3ae0bdaa3276ed28fdd4628fadf3c9f9d0e716014cfb49,2023-04,Surrey Police,Surrey Police,-0.574926,51.234600,On or near Mill Lane,E01030455,Guildford 013E,Investigation complete; no suspect identified
b1d6e483c80b8b15d197b6a8eabd80843123c8a2c6a12b001f44e0fb41d9dba9,2023-04,Surrey Police,Surrey Police,-0.509073,51.436998,On or near Swallow Close,E01034291,Spelthorne 004F,Investigation complete; no suspect identified
5932e2401fcad088d5dcd46184c4fde375d1b859b6a1c945a9bb6da9c5b07e8e,2023-04,Surrey Police,Surrey Police,-0.401895,51.384366,On or near Swansmere Close,E01030354,Elmbridge 008A,Unable to prosecute suspect
71e2e276f7b8f47f7704dfea1e198d9ae2494f12f4d93fa985722b0d161f3726,2023-04,Surrey Police,Surrey Police,-0.619498,51.183508,On or near Petrol Station,E01030914,Waverley 010A,Investigation complete; no suspect identified
3e19dddf0643402569af44a656a99ae415074e7eb8c50c91a17f0645814eea90,2023-04,Surrey Police,Surrey Police,-0.206775,51.222092,On or near Sandcross Lane,E01030630,Reigate and Banstead 013C,Further investigation is not in the public interest
11b56dccb707ff4f265fc4556658b99aea7da9bb6631de99b1658bb3ce62749b,2023-04,Surrey Police,Surrey Police,-0.477815,51.457153,On or near Dutch Barn Close,E01030744,Spelthorne 001B,Investigation complete; no suspect identified
a4490a3cd0149b7cc13b1a432e0a02dda230888910bfad843cb3c489e3a15a64,2023-04,Surrey Police,Surrey Police,-0.587165,51.249343,On or near Supermarket,E01030487,Guildford 006B,Investigation complete; no suspect identified
4175e3adf1934e2f21b34fc2dfdc2fa780517829545cbb3410af083c45951813,2023-04,Surrey Police,Surrey Police,-0.617308,51.318287,On or near Petrol Station,E01030977,Woking 007D,Investigation complete; no suspect identified
9d137417acf7727a5701374e4c28400af5d6903faf97d2d0c246248c5a0826ed,2023-04,Surrey Police,Surrey Police,-0.567873,51.257372,On or near Marigold Court,E01030482,Guildford 007B,Investigation complete; no suspect identified
45a4abd4b659df4e17b8973d4f8c8350d25bf41e23c700962cc76aa8c97012c5,2023-04,Surrey Police,Surrey Police,-0.642480,51.136620,On or near Petworth Road,E01030941,Waverley 012C,Further action is not in the public interest
80ecb08a439919035036bd19e580b6fd7ede76ea82ad8c15aabc9c775575724c,2023-04,Surrey Police,Surrey Police,-0.525931,51.431771,On or near Wendover Place,E01030666,Runnymede 003D,Investigation complete; no suspect identified
cc027fb489360d93d69f7abb339521318e858ae4d8b3fa3b8fb78f3c9da03280,2023-04,Surrey Police,Surrey Police,-0.157899,51.246477,On or near Reynolds Avenue,E01035357,Reigate and Banstead 011H,Investigation complete; no suspect identified
c706f236f7a5b9fbe3bb90b4ac35efd3ca200d4957f47c873de7daafe77fde5a,2023-04,Surrey Police,Surrey Police,-0.416718,51.386275,On or near Churchfield Road,E01030358,Elmbridge 007B,Investigation complete; no suspect identified
eed2f6dd68bfcd3f148ef458dea94ec0b83fe94e969e04e5535b6228b7e7b708,2023-04,Surrey Police,Surrey Police,-0.252935,51.360657,On or near Stoneleigh Park Road,E01030378,Epsom and Ewell 003B,Investigation complete; no suspect identified
ea819ae77f5f822b5a13ed2b4c2b0ab68e3911694fe4ad31a76840042b9f9003,2023-04,Surrey Police,Surrey Police,-0.327776,51.375885,On or near Poplar Road,E01030319,Elmbridge 009A,Unable to prosecute suspect
1a2bf84e9b2f440ebcf0d9075e5e647ec4426f3f879cb035b5da290cd5e97771,2023-04,Surrey Police,Surrey Police,-0.786480,51.233891,On or near East Avenue,E01030892,Waverley 002B,Investigation complete; no suspect identified
3af4f917666230640cecfbdb78ae2959ce31e9ef4e2bc5dca95d8ed27cfabd72,2023-04,Surrey Police,Surrey Police,-0.732401,51.114177,On or near Hunters Place,E01032626,Waverley 018F,Investigation complete; no suspect identified
992fa53cc4f88c560931b495aa06c264ab1912a0911fb8d6bb62f07bd97125cf,2023-04,Surrey Police,Surrey Police,-0.269907,51.333383,On or near Parking Area,E01034289,Epsom and Ewell 008E,Investigation complete; no suspect identified
d6e9c0029160512d1a91c8fb31d2ed025ff273aee4725dec7d0faf70f100ae7b,2023-04,Surrey Police,Surrey Police,-0.626869,51.318139,On or near Limecroft Road,E01030978,Woking 012C,Unable to prosecute suspect
dcb93bb80132f88cdcfd6abcd88006f6bb64c6bdc5cbb7eab6b44d84cb15cea3,2023-04,Surrey Police,Surrey Police,-0.066435,51.157715,On or near Fareview,E01030816,Tandridge 011A,Unable to prosecute suspect
720abc9639a8344141cba835c0a88e905f96f8db2a5c78dac93d3d51545ec5e5,2023-04,Surrey Police,Surrey Police,-0.404870,51.337232,On or near Petrol Station,E01030300,Elmbridge 017A,Investigation complete; no suspect identified
9acd8687ce8543e5b519eaaa2e7a226a393dd9b5273a430934e12ede07038474,2023-04,Surrey Police,Surrey Police,-0.716063,51.164455,On or near Thursley Road,E01030877,Waverley 011A,Investigation complete; no suspect identified
80f1c4f71d3c55a457a2a5827deb98976af6cc807693b3405ffdf33ad26280c5,2023-04,Surrey Police,Surrey Police,-0.540464,51.306474,On or near Winston Way,E01030994,Woking 011D,Investigation complete; no suspect identified
522ac62bb8d1f3e7c045163a7b4dbb8a4022484a18e958703f9072ff88f1f842,2023-04,Surrey Police,Surrey Police,-0.409493,51.328923,On or near Parking Area,E01030302,Elmbridge 017C,Further investigation is not in the public interest
09afad56c80a72ee3dad7939e5cfc7c20435e283c2c77621665d843bf8e4a515,2023-04,Surrey Police,Surrey Police,-0.741130,51.315817,On or near The Cloisters,E01030766,Surrey Heath 010A,Investigation complete; no suspect identified
3a3ea37ef39eb0c8d92ac6e3ae052f59758b329e3871a7ee8ab89214032bd8c9,2023-04,Surrey Police,Surrey Police,-0.263341,51.334284,On or near Supermarket,E01034290,Epsom and Ewell 008F,Investigation complete; no suspect identified
59f28b1e5d0aea5aa5911f4dcf9a5fa8189a4d8634f145683488bb5a8e94b642,2023-04,Surrey Police,Surrey Police,-0.784994,51.222338,On or near Haven Way,E01030893,Waverley 003D,Investigation complete; no suspect identified
c19f34a284b9590b4fd1f7925ef34bc89f613acd708a20c0f566125fbcdd3c6f,2023-04,Surrey Police,Surrey Police,-0.744652,51.338164,On or near Nightclub,E01030800,Surrey Heath 005E,Unable to prosecute suspect
0b5675b87eb46cb58166e80717e1ddff74dc020e7a1448e465d8b511c37f8be3,2023-04,Surrey Police,Surrey Police,-0.546230,51.427663,On or near Manorcrofts Road,E01030670,Runnymede 001D,Unable to prosecute suspect
783e45e333ff1631a5036e94f791d486408181f9313adcc667c67cc1e0f1eecd,2023-04,Surrey Police,Surrey Police,-0.604377,51.195729,On or near Supermarket,E01030920,Waverley 005D,Unable to prosecute suspect
c1f579d9347936e6ba5e7cd2290b9229e44b023e4ebf471a4f3936511d5a015a,2023-04,Surrey Police,Surrey Police,-0.004341,51.256046,On or near Supermarket,E01030836,Tandridge 006C,Investigation complete; no suspect identified
5e3546127761d79bbf942eb842bc0d73001a7e4bf52857a41c2d0dea82ef9401,2023-04,Surrey Police,Surrey Police,-0.245247,51.344212,On or near Buchanan Place,E01030396,Epsom and Ewell 010D,Investigation complete; no suspect identified
a4b70b68d70c7af454c530827bf3e0b0e80273d642b4126ee1e217adff3f68da,2023-04,Surrey Police,Surrey Police,-0.559101,51.303252,On or near Granville Road,E01030971,Woking 011A,Investigation complete; no suspect identified
40e6bbc26338fe31f3478a796cff75767c36f49218c5f11bff05d2a271043e89,2023-04,Surrey Police,Surrey Police,-0.741659,51.314807,On or near Church Road,E01030766,Surrey Heath 010A,Investigation complete; no suspect identified
624da73152d83964f58bd60d962aaa92cb9456890963a833a7806efea928d9b6,2023-04,Surrey Police,Surrey Police,-0.326127,51.302105,On or near Copthorne Road,E01030550,Mole Valley 003C,Further investigation is not in the public interest
53fa71778fe7c1be0af9c859d0ed68fbaf06f0916c44b08b5628294501493300,2023-04,Surrey Police,Surrey Police,-0.245720,51.343850,On or near Swallow Place,E01030396,Epsom and Ewell 010D,Unable to prosecute suspect
92869f920e849b985554ca3f01548de5edc1cd5d8569021db1e3fef195ca8c5b,2023-04,Surrey Police,Surrey Police,-0.719110,51.092621,On or near Weydown Road,E01030931,Waverley 016B,Unable to prosecute suspect
8d5d48c7e937c562d8f4b005c4c1c74c45c3ac26fe155303d23a754d20fc6fe9,2023-04,Surrey Police,Surrey Police,-0.326491,51.306678,On or near Challenge Court,E01030549,Mole Valley 003B,Unable to prosecute suspect
6cf1f86e2cce301584efa2717855fe9c87efd4a72230e7929e232e35c30822da,2023-04,Surrey Police,Surrey Police,-0.338604,51.350654,On or near New Road,E01030299,Elmbridge 015D,Investigation complete; no suspect identified
136f9e1f318397bf523205ae991272cf5757cc59785e9dd18d2ae5c669fc8470,2023-04,Surrey Police,Surrey Police,-0.167229,51.298296,On or near High Road,E01030567,Reigate and Banstead 004C,Unable to prosecute suspect
a43d3cd1d5dbdfe90d7f558492a65899020ba4328d60d64636990892250709de,2023-04,Surrey Police,Surrey Police,-0.571478,51.235843,On or near Supermarket,E01030455,Guildford 013E,Investigation complete; no suspect identified
8ab8e309b2565f8ca66db19c6adc4e17ab755924df716cda4b73e32542c55b07,2023-04,Surrey Police,Surrey Police,-0.357380,51.374542,On or near Little Orchard Place,E01030310,Elmbridge 013D,Investigation complete; no suspect identified
4aa8539f9990fa981ff30db6f2d2efdd0af3d35cf1c452d7ee69536c02611a09,2023-04,Surrey Police,Surrey Police,-0.573939,51.238309,On or near Supermarket,E01030451,Guildford 013C,Investigation complete; no suspect identified
a4cb6ebf1b67f6582002d0602d5aa91c9ac91a1cdaefb5046efd4729cb9f8df4,2023-04,Surrey Police,Surrey Police,-0.592545,51.239750,On or near Old Court Road,E01030469,Guildford 015D,Investigation complete; no suspect identified
8f482968e4e81ce4d76940358de590ea8095429d115759718e5c6a6f9df99953,2023-04,Surrey Police,Surrey Police,-0.054915,51.310063,On or near Glebe Road,E01030853,Tandridge 012B,Investigation complete; no suspect identified
e49bc613187be0000779678de88135bddd930d762d88bab503060b051875058d,2023-04,Surrey Police,Surrey Police,-0.392242,51.276710,On or near Water Lane,E01030519,Mole Valley 006D,Investigation complete; no suspect identified
e5203f703bc0a8cb86e92bfab66397ff0c086e4635fbc417183d80473cbc5795,2023-04,Surrey Police,Surrey Police,-0.573311,51.211784,On or near Broadford Road,E01030480,Guildford 017E,Unable to prosecute suspect
7226f8437f14624a0909ac9c41bf8f120af736970a94c93cfd82f03d452fc360,2023-04,Surrey Police,Surrey Police,-0.154057,51.182791,On or near Brookfield Drive,E01030580,Reigate and Banstead 017A,Investigation complete; no suspect identified
6c46c608cf13b69ca12e74898828923909b18a15f360e7b2df6cdd04c0b38c14,2023-04,Surrey Police,Surrey Police,-0.488582,51.407457,On or near Shepperton Road,E01030721,Spelthorne 012A,Investigation complete; no suspect identified
357e40ca71f2283ddc4e60b0b2f595a15e42c9a186e7dd9497d5b5ae15c68cff,2023-04,Surrey Police,Surrey Police,-0.472216,51.447674,On or near Holywell Close,E01030710,Spelthorne 002B,Investigation complete; no suspect identified
f1586f0b927541c86d7a281510315b78db6c872715980797da9cfdae27e631da,2023-04,Surrey Police,Surrey Police,-0.222553,51.308753,On or near Petrol Station,E01030644,Reigate and Banstead 003D,Investigation complete; no suspect identified
4c66daf8fb40b1b0180b2cf849ba17aec37061c514d223c745a40999bb600f34,2023-04,Surrey Police,Surrey Police,-0.238371,51.291708,On or near The Avenue,E01030637,Reigate and Banstead 006C,Unable to prosecute suspect
aae84fb9158e8563036d997c4c1d62bc5f119aadcdbcf7729a6291a4f88b41ca,2023-04,Surrey Police,Surrey Police,-0.631264,51.248068,On or near Pound Lane,E01030503,Guildford 005E,Investigation complete; no suspect identified
64678642ed96b1aafd92abcf995bb2e19b685a99ab9bc9586d605378cdb42f5e,2023-04,Surrey Police,Surrey Police,-0.245805,51.341252,On or near Reigate Road,E01030396,Epsom and Ewell 010D,Unable to prosecute suspect
07628d1c0711caa88c6db0c0e554d214f5899f93e9cd484e175a999563bc450a,2023-04,Surrey Police,Surrey Police,-0.162014,51.187286,On or near Sports/Recreation Area,E01030629,Reigate and Banstead 015B,Unable to prosecute suspect
577b64422b869409299811da7950c4508bd3ddf00873a52dfbaada051c849e7b,2023-04,Surrey Police,Surrey Police,-0.582472,51.236094,On or near Upperton Road,E01030452,Guildford 015A,Action to be taken by another organisation
599fd68e3d62e680f5b8220a7d56fa2c16ee02c08ff15fefe5cacb372fc17bbd,2023-04,Surrey Police,Surrey Police,-0.251658,51.207690,On or near The Glebe,E01030530,Mole Valley 013C,Unable to prosecute suspect
b8fe91416184b8dbdff66e5d0d0b721045e6b84a69f11f6c07e3ba9471ee5bd6,2023-04,Surrey Police,Surrey Police,-0.249370,51.279679,On or near Chequers Close,E01030635,Reigate and Banstead 006A,Investigation complete; no suspect identified
8f474baf8a5cb396c98e9dba393315093dc114c2e69990955f54d2b075646519,2023-04,Surrey Police,Surrey Police,-0.598658,51.192720,On or near Catteshall Hatch,E01030921,Waverley 005E,Investigation complete; no suspect identified
204e10c56a512bdb72d9505fb38ee2264148fed7b0b4cd40bbbfce0e309afd66,2023-04,Surrey Police,Surrey Police,-0.497952,51.433043,On or near Leacroft,E01030737,Spelthorne 004D,Suspect charged
cce112d0260a45380aa424a42bea53c690d5b02d1f5ddd15ab135d40df88b854,2023-04,Surrey Police,Surrey Police,-0.172641,51.237463,On or near Grovehill Road,E01030613,Reigate and Banstead 011D,Investigation complete; no suspect identified
389b126a8e11087bd7393a6d8b4c8569a51da0952ec1fc4f3208213d2ef2f137,2023-04,Surrey Police,Surrey Police,-0.373895,51.279406,On or near Lower Road,E01030516,Mole Valley 006A,Investigation complete; no suspect identified
6a40c945ecbf6999a04d8b281b78d2c5a0e9318b170f0efd2c0845cd8a493324,2023-04,Surrey Police,Surrey Police,-0.174942,51.239055,On or near Baxter Avenue,E01030615,Reigate and Banstead 010A,Unable to prosecute suspect
aafaafb005f9ab72f668869e2f0b4eb215b71fb5d0f67e2eeacd3117048ce662,2023-04,Surrey Police,Surrey Police,-0.652306,51.160960,On or near Woodpeckers,E01030939,Waverley 011E,Unable to prosecute suspect
59fd7cb53828faca8f509a714b41c05f3335a66a9766c8531582aa749c266bb1,2023-04,Surrey Police,Surrey Police,-0.424496,51.425929,On or near Cavendish Court,E01030750,Spelthorne 008C,Unable to prosecute suspect
83cd331128d0eb473e40b3c83a95ea0541e68e43080ccfde3fb726fc1c16911c,2023-04,Surrey Police,Surrey Police,-0.505587,51.436693,On or near Fairfield Avenue,E01034292,Spelthorne 004G,Suspect charged
06bc416abed685676daf82f472376fab6c575bc11842c469f28cf070eb5b67f1,2023-04,Surrey Police,Surrey Police,-0.493396,51.428956,On or near Rookery Road,E01030737,Spelthorne 004D,Investigation complete; no suspect identified
0e538b80725f9d0d71e5614289091e141d80963205e871977e798808927548a1,2023-04,Surrey Police,Surrey Police,-0.252109,51.271375,On or near Sturt's Lane,E01030639,Reigate and Banstead 006E,Unable to prosecute suspect
210f588ccfbedeb2e2847836390a44d2d9fc5f11ccfd259017fd6b4f39e9856c,2023-04,Surrey Police,Surrey Police,-0.515887,51.429612,On or near Farm Close,E01030663,Runnymede 003A,Unable to prosecute suspect
6b7528ef8940c5c991856eda41827ebd4932d3f0c73591c0199f9bd4cf8c9663,2023-04,Surrey Police,Surrey Police,-0.353378,51.385969,On or near Imber Grove,E01030369,Elmbridge 009D,Unable to prosecute suspect
9d82e61be88f32a735bf364415daf71e46fa6b542b0749f8e0fbd3ff9ef3164b,2023-04,Surrey Police,Surrey Police,-0.744652,51.338164,On or near Nightclub,E01030800,Surrey Heath 005E,Local resolution
4b62b0d0c6d17e1fef4107c6e7516cfff1caa343a980f632f56d59b66bf9f378,2023-04,Surrey Police,Surrey Police,-0.653138,51.367317,On or near School Lane,E01030811,Surrey Heath 001F,Investigation complete; no suspect identified
01f9ffa5450fb3bcd9459e6c07bb2969b85220ba6dd88a0965c30b75f0f06c79,2023-04,Surrey Police,Surrey Police,-0.195548,51.326748,On or near Flint Close,E01030561,Reigate and Banstead 002C,Investigation complete; no suspect identified
8b923e5503c858f4b9cf64936bf20d11f1d43d77829e21c68d591167170393d2,2023-04,Surrey Police,Surrey Police,-0.568037,51.316643,On or near Kingsway Avenue,E01030954,Woking 008A,Investigation complete; no suspect identified
cdd2c33f424f4caf7ab4b35ae27e9e77375e2c6a0c3e1a4473aad67446b60154,2023-04,Surrey Police,Surrey Police,-0.194029,51.322309,On or near Rosehill Farm Meadow,E01030561,Reigate and Banstead 002C,Investigation complete; no suspect identified
db12d734d6c162412b3ab899dcf6d6db1421094c66d7c5f5173fa010fc3db8ba,2023-04,Surrey Police,Surrey Police,-0.411288,51.397692,On or near Sports/Recreation Area,E01030361,Elmbridge 004A,Investigation complete; no suspect identified
7ad2fda7fc5f40ec128ef92f5df3008ae5e9b220904c249fb3f7ff77e018a578,2023-04,Surrey Police,Surrey Police,-0.500697,51.405877,On or near Burway Crescent,E01030658,Runnymede 004B,Investigation complete; no suspect identified
1e09a5d1f457c2edfdc44e658ad45b3f6f444c60fe2f1cd770d5acf0410480b3,2023-04,Surrey Police,Surrey Police,-0.554010,51.306849,On or near Kingfield Gardens,E01030972,Woking 011B,Unable to prosecute suspect
73567b673aaaf9f154895767e5904c93b499c0477f7784051e8de719fe9ed157,2023-04,Surrey Police,Surrey Police,-0.499032,51.389535,On or near Pound Road,E01030652,Runnymede 006A,Investigation complete; no suspect identified
26a1fed0dbb9e397c6efde8615eb8dee78f242c211fbe9b3fae33467e50a4d79,2023-04,Surrey Police,Surrey Police,-0.162303,51.215053,On or near Foxley Close,E01030572,Reigate and Banstead 014C,Investigation complete; no suspect identified
cb996a8486d68de6ee4cd646d12547199cd86521f0028e26b1e3a363c8bd0199,2023-04,Surrey Police,Surrey Police,-0.728392,51.310446,On or near Chilham Close,E01030772,Surrey Heath 011C,Investigation complete; no suspect identified
23f551c6471384072f82270203490564a0478ea8274002f1e2acaccbcc481c7d,2023-04,Surrey Police,Surrey Police,-0.233068,51.287518,On or near Tower Road,E01030639,Reigate and Banstead 006E,Unable to prosecute suspect
d2949d4f56bb099c9f91bb258635cc5ed713ce2077fe16a77b51c91a1ad6cce5,2023-04,Surrey Police,Surrey Police,-0.545712,51.431797,On or near Supermarket,E01030668,Runnymede 001B,Investigation complete; no suspect identified
61e7dd59155812b3b25cfdb2b8451a1bb994e4ff06dc08dd80cd7191790fb3e0,2023-04,Surrey Police,Surrey Police,-0.573538,51.235014,On or near Chapel Street,E01030455,Guildford 013E,Investigation complete; no suspect identified
b202d96a348e8c24f62ce81aab20d7edd09dc30a01de2eb695d02761f6f517f4,2023-04,Surrey Police,Surrey Police,-0.605208,51.184337,On or near South Hill,E01030916,Waverley 007A,Investigation complete; no suspect identified
99ed5cb5df6ffaec215721e05bf7af773e30707c73bca0edba8912afad7c1282,2023-04,Surrey Police,Surrey Police,-0.327863,51.295376,On or near High Street,E01030550,Mole Valley 003C,Investigation complete; no suspect identified
866426b7bdf6a7af6382882d4a9704c66f3495f780473456cdac884a1af90395,2023-04,Surrey Police,Surrey Police,-0.266447,51.363070,On or near Pams Way,E01030394,Epsom and Ewell 002A,Investigation complete; no suspect identified
89e6e0bae8b912510fbf3b45285c652d2b52d7af802cc62c3c93055a34c8dbeb,2023-04,Surrey Police,Surrey Police,-0.403958,51.333712,On or near Ross Road,E01030301,Elmbridge 017B,Unable to prosecute suspect
16237afdda990c226f0d006069c84583ef9f47954d17a4224b7b903725cce662,2023-04,Surrey Police,Surrey Police,-0.474100,51.456781,On or near Bristol Close,E01030744,Spelthorne 001B,Unable to prosecute suspect
56260baa81d4162283e6bc74aa1e5adac3f5142313e598b01f9bc35886df1d70,2023-04,Surrey Police,Surrey Police,-0.441555,51.427640,On or near Montrose Close,E01030699,Spelthorne 006C,Unable to prosecute suspect
44d93914610f4d81d81cdb231de4f22e9a7018d9cdb2a81e062219605dd0dacd,2023-04,Surrey Police,Surrey Police,-0.574926,51.234600,On or near Mill Lane,E01030455,Guildford 013E,Investigation complete; no suspect identified
ba93ba7821161e7b8564893900e06370244a3d7a750d1f6a7dcdcdc8eeb6bb9a,2023-04,Surrey Police,Surrey Police,-0.472832,51.445596,On or near Supermarket,E01030711,Spelthorne 002C,Unable to prosecute suspect
b08e13a2652ed43fe1baf24f8017177d572da0964eafd6a1c10d368a27501658,2023-04,Surrey Police,Surrey Police,-0.463026,51.346714,On or near Petrol Station,E01030347,Elmbridge 016B,Investigation complete; no suspect identified
49304e9ac76ddcd1ad35e8685a3518b5ed9fdeb05eec715090297de11e118afa,2023-04,Surrey Police,Surrey Police,-0.312207,51.314729,On or near Read Road,E01030507,Mole Valley 002B,Unable to prosecute suspect
6b2873b7fdad1599f70b065e6aae012aec9d45c4e2166402280104f41e4615d9,2023-04,Surrey Police,Surrey Police,-0.189819,51.173170,On or near Mill Lane,E01030531,Mole Valley 013D,Unable to prosecute suspect
f86ff26ada051870add6b45219f5d1adb4b9100a90c39547cdb01d24a784f07e,2023-04,Surrey Police,Surrey Police,-0.454914,51.373584,On or near Parking Area,E01030373,Elmbridge 012C,Further investigation is not in the public interest
334aaa2c7a7e71cc245348492c5c4f00b55e9aa0e3d502b52de67e4572e1f9c0,2023-04,Surrey Police,Surrey Police,-0.569741,51.426972,On or near South Road,E01030671,Runnymede 002A,Investigation complete; no suspect identified
90c7a718339b1a1e2ec6737a18f726d327266957fce4b851802b54118c605e7d,2023-04,Surrey Police,Surrey Police,-0.597875,51.247268,On or near Vernon Way,E01030493,Guildford 009B,Investigation complete; no suspect identified
57c5a5e436a20813bfbde06dcd0094968c38308ef4e3157d22af2022f2d9d0e2,2023-04,Surrey Police,Surrey Police,-0.411900,51.391345,On or near Supermarket,E01030363,Elmbridge 004C,Investigation complete; no suspect identified
0a4da436817404d44e0056e973a9506640226c1e9176c31e185684418bdbf991,2023-04,Surrey Police,Surrey Police,-0.722421,51.259368,On or near Napier Lane,E01030430,Guildford 004E,Unable to prosecute suspect
36bb5d77cf09ab798e8d7b7f5c81afc3f8f87eddb1abdd8537d1dadc2d674b03,2023-04,Surrey Police,Surrey Police,-0.598147,51.234538,On or near Bannister's Road,E01030467,Guildford 015B,Action to be taken by another organisation
2cce5a8cf93d57d2b8cfe3cee6d36b8be6b74fba59d48d1ba72b0f10670bbc25,2023-04,Surrey Police,Surrey Police,-0.514905,51.433745,On or near Clarence Street,E01034291,Spelthorne 004F,Investigation complete; no suspect identified
7b5232ab61487e74f52d91e903956464547047a2fc86765cc57ae9940c8a680f,2023-04,Surrey Police,Surrey Police,-0.727537,51.302731,On or near Petrol Station,E01030773,Surrey Heath 011D,Unable to prosecute suspect
1e1c8f14d8ed6a39b3c0e2f802d7dc819fa2e3764f27f1b3f253145313fc7518,2023-04,Surrey Police,Surrey Police,-0.266565,51.351948,On or near Richards Field,E01030416,Epsom and Ewell 004D,Unable to prosecute suspect
e84c6deb54dee2bbad793fda213a2275cf8cfc18dd5e6272bff603c4ca83c63c,2023-04,Surrey Police,Surrey Police,-0.793274,51.203063,On or near A287,E01030883,Waverley 004B,Investigation complete; no suspect identified
37b4b12c4a62abaf252b38e4b34cfb43e2f6b5122d8bec25290c7592fa03cd26,2023-04,Surrey Police,Surrey Police,-0.391863,51.372088,On or near Molesey Close,E01030312,Elmbridge 014B,Investigation complete; no suspect identified
0a31251a10a958f24d642b1773fe523075d344ff1371bed3148abd1c4d6f568b,2023-04,Surrey Police,Surrey Police,-0.163007,51.218949,On or near Hospital,E01030572,Reigate and Banstead 014C,Investigation complete; no suspect identified
6526b0d9a576e3245ce84f808ab7c1773d38e5770f665869176b443f7757329e,2023-04,Surrey Police,Surrey Police,-0.512638,51.428663,On or near Timsway,E01030686,Runnymede 004D,Investigation complete; no suspect identified
11484244af328add72146c390826f145aa4561acb78a43ae67d3a1723bd8b990,2023-04,Surrey Police,Surrey Police,-0.081446,51.309368,On or near Parking Area,E01035363,Tandridge 002E,Further investigation is not in the public interest
d39f42ec0a9a247b3dceabd855e496f16deb7c92aabc0564c45563600f524ad7,2023-04,Surrey Police,Surrey Police,-0.244685,51.342565,On or near Further/Higher Educational Building,E01030396,Epsom and Ewell 010D,Investigation complete; no suspect identified
5600a1df08b4eceabe155df0391b28ae2df9584267830c7dc22e12e3166aca48,2023-04,Surrey Police,Surrey Police,-0.366120,51.369979,On or near Church Street,E01030307,Elmbridge 013A,Investigation complete; no suspect identified
b8157c94d8afd9bc814b12194883d7e023ebbd911c44762625ffabb2b7d20730,2023-04,Surrey Police,Surrey Police,-0.486603,51.371579,On or near Gleeson Mews,E01030646,Runnymede 009B,Investigation complete; no suspect identified
b7d19a79ef1a0c3dbd3d0626914c649bfd6b9ad23549d96925730a579744d740,2023-04,Surrey Police,Surrey Police,-0.418292,51.417734,On or near Downside,E01030755,Spelthorne 010C,Investigation complete; no suspect identified
e4f6657b9b7dc36ee03b18ef135f53897c57872c3a3b0ae390340cbb1f9b7827,2023-04,Surrey Police,Surrey Police,-0.586415,51.249037,On or near Woodbridge Hill,E01030487,Guildford 006B,Unable to prosecute suspect
805f06a0b05d725f66423e168064c11c9161483cda9dec034b1cb2698a034d40,2023-04,Surrey Police,Surrey Police,-0.455977,51.371000,On or near St James Mews,E01030374,Elmbridge 012D,Investigation complete; no suspect identified
f513b4e120708db656ab7371076348dd7ba7316860c306f7d6fccfeb9b9f7c7c,2023-04,Surrey Police,Surrey Police,-0.506095,51.435216,On or near A308,E01034291,Spelthorne 004F,Offender given a caution
37323209c8d5eb603b809acddc2f7ce201892830b92f327f571c6bc1123bbcbf,2023-04,Surrey Police,Surrey Police,-0.601216,51.185755,On or near Scizdons Climb,E01030916,Waverley 007A,Investigation complete; no suspect identified
272b728df99117b88f8fca9a368d860e040c6703807c9369aa5c6bb6465c5841,2023-04,Surrey Police,Surrey Police,-0.265771,51.339131,On or near Miles Road,E01030410,Epsom and Ewell 007F,Investigation complete; no suspect identified
a69bb5251a509e267558515a05d8adc73ff00492803e77b2aade47d0fa31fccc,2023-04,Surrey Police,Surrey Police,-0.420891,51.386520,On or near Shopping Area,E01030357,Elmbridge 007A,Unable to prosecute suspect
07218220e2921f922522481a7bc371889fb9c2f88082476a0aabddea22302042,2023-04,Surrey Police,Surrey Police,-0.403908,51.383925,On or near Langport Court,E01030354,Elmbridge 008A,Unable to prosecute suspect
1a9d8b64e02f7f5d6ba8f7c4f3fb32f936ae0dd79db36f96db4a3e67ae3bd64a,2023-04,Surrey Police,Surrey Police,-0.573016,51.239929,On or near Theatre/Concert Hall,E01030451,Guildford 013C,Investigation complete; no suspect identified
a75913c5bf95e8d67fd1cb86b22b86ffbfd016acc7cbc1a702472dd0ddbedf61,2023-04,Surrey Police,Surrey Police,-0.596993,51.257392,On or near Belmont Avenue,E01030486,Guildford 009A,Investigation complete; no suspect identified
fbe138cd00c065acf5f10d536d73204a1c51db6e3bc8fdae99286db70150deaa,2023-04,Surrey Police,Surrey Police,-0.348981,51.399126,On or near Kings Court Mews,E01030326,Elmbridge 002A,Investigation complete; no suspect identified
e48fb143a04d559e6415450d34bb0a5f1f9be3d1b087ddf9afc40e38fdb0b730,2023-04,Surrey Police,Surrey Police,-0.186974,51.168018,On or near Mistley Gardens,E01030531,Mole Valley 013D,Investigation complete; no suspect identified
9646fb823a606cf35d42eb5b747efee0608faf12d7ff4a5d72723b8e4e6c1eea,2023-04,Surrey Police,Surrey Police,-0.327863,51.295376,On or near High Street,E01030550,Mole Valley 003C,Investigation complete; no suspect identified
6676a0d0d45125954ebc47d0c6923ef9de03717f3191fe24fca0cb2d22269acb,2023-04,Surrey Police,Surrey Police,-0.238371,51.291708,On or near The Avenue,E01030637,Reigate and Banstead 006C,Unable to prosecute suspect
9fdeebc4ed190699dd5e075ec72f0a9fa6b827e5cab27bd3f9f842231141fb07,2023-04,Surrey Police,Surrey Police,-0.479809,51.439176,On or near Hengrove Crescent,E01030708,Spelthorne 003B,Formal action is not in the public interest
3ecd5093cb951b9dc1403f8e7730cdf89f56b873f5fcba9cb89ac9672355835e,2023-04,Surrey Police,Surrey Police,-0.578416,51.238482,On or near Bedford Road,E01030452,Guildford 015A,Investigation complete; no suspect identified
ccea4a8a4c922243812be1d2f529bce5e24beb2d57e3895885d486a0bd76d8d2,2023-04,Surrey Police,Surrey Police,-0.280920,51.331386,On or near Eastdean Avenue,E01030404,Epsom and Ewell 007D,Investigation complete; no suspect identified
3c5e890f7039f9630cf8d8d72b00800894186a801436aaf6a20f5c6a2bb70686,2023-04,Surrey Police,Surrey Police,-0.115269,51.243037,On or near Big Common Lane,E01030815,Tandridge 008D,Investigation complete; no suspect identified
9ac65e73feb453518b09454d9e42311d9346cd81286d9b078b6c4c5eec8ac32b,2023-04,Surrey Police,Surrey Police,-0.434991,51.335507,On or near A245,E01030346,Elmbridge 016A,Investigation complete; no suspect identified
338e433fa6ea5c6161d3b0c8122969834631f143ef23b4a006d30efa1ba194b7,2023-04,Surrey Police,Surrey Police,-0.416718,51.386275,On or near Churchfield Road,E01030358,Elmbridge 007B,Investigation complete; no suspect identified
0a3c8c70ac8279f19be62c8ad9d2ae5499ecb7a0eea2ab22682572446c07dfef,2023-04,Surrey Police,Surrey Police,-0.535186,51.438802,On or near Bus/Coach Station,E01016576,Windsor and Maidenhead 016B,Investigation complete; no suspect identified
791bfb1beac45728e2c8176fe61a64e0c31883832de2c772aa8aad62c2d015d8,2023-04,Surrey Police,Surrey Police,-0.549370,51.304301,On or near Shackleford Road,E01030995,Woking 011E,Further investigation is not in the public interest
24e43c60e6c8869e1ed635277ed124a6507262b59d47072a9b46f9d99e6cc3dc,2023-04,Surrey Police,Surrey Police,-0.612935,51.236747,On or near Ernst Chain Road,E01030470,Guildford 012A,Further action is not in the public interest
445aed1eb7229bd7fc7a1541d6938dce84a5c683c845d8fca45aca128ce08e3d,2023-04,Surrey Police,Surrey Police,-0.262882,51.335032,On or near Clayton Road,E01034290,Epsom and Ewell 008F,Local resolution
6ffc085aecb28cf17fbaa5a5008e55a6e4459d73a270502744e96982140bea4b,2023-04,Surrey Police,Surrey Police,-0.363897,51.371090,On or near Warren Close,E01030307,Elmbridge 013A,Investigation complete; no suspect identified
302813fde8ea60680da8b3547e5a61a00453ece43bf88e324bb8189a7dc694b1,2023-04,Surrey Police,Surrey Police,-0.550679,51.425713,On or near Manor Way,E01030670,Runnymede 001D,Investigation complete; no suspect identified
ef56c7042f24d6f8d4e912c34c3600579a533569047bddea06e02a445357d5fe,2023-04,Surrey Police,Surrey Police,-0.405236,51.380436,On or near Newhall Gardens,E01030368,Elmbridge 008E,Formal action is not in the public interest
f1f342356a9fbd9457dd6fc09525c99df38c0a26c6758e73240eaac679285c3d,2023-04,Surrey Police,Surrey Police,-0.062465,51.255134,On or near Ockleys Mead,E01030824,Tandridge 009A,Investigation complete; no suspect identified
7f505ce2d3e50b3cb2a66f2bbb1e66543cd962f1f1864a53b463bb5dda6a1ef1,2023-04,Surrey Police,Surrey Police,-0.555910,51.318527,On or near Parking Area,E01030988,Woking 006A,Investigation complete; no suspect identified
8a3a283e53e0cea492891f7460d86a07f3db7584f3d267bb54d0891a45225919,2023-04,Surrey Police,Surrey Police,-0.629934,51.313526,On or near Rapsley Lane,E01030978,Woking 012C,Unable to prosecute suspect
f34fa146cf159bf691b8e7da67c84a0950fbc3657f2562273594be55d4448286,2023-04,Surrey Police,Surrey Police,-0.412513,51.193526,On or near Horsham Road,E01030492,Guildford 018C,Unable to prosecute suspect
460b6775fbc3f05da6cc8da4024081c049acf1ab3403e7b15611e3a8b401feed,2023-04,Surrey Police,Surrey Police,-0.577670,51.237270,On or near Nightclub,E01030452,Guildford 015A,Unable to prosecute suspect
4a7412801a349f8090c3f6214b7312afad1df716e447736bbdfeebc32e671eb1,2023-04,Surrey Police,Surrey Police,-0.145777,51.260350,On or near Supermarket,E01030599,Reigate and Banstead 008A,Investigation complete; no suspect identified
9f7cff19579a16acc0a7ff5fcff36f2e90d4419445735222e4d49b58e5d2e65f,2023-04,Surrey Police,Surrey Police,-0.448152,51.395077,On or near Supermarket,E01030733,Spelthorne 013D,Investigation complete; no suspect identified
84d58c681aa3c84f983e0c39ff703693ec0bfa98f1cf858952039de12f0abc15,2023-04,Surrey Police,Surrey Police,-0.545362,51.249550,On or near Merrow Woods,E01030460,Guildford 011D,Unable to prosecute suspect
a898b0f1a732d71728bce6f407000b39d987ec5609e597871c9b1c83f7a7a830,2023-04,Surrey Police,Surrey Police,-0.434509,51.365229,On or near Netherby Park,E01030349,Elmbridge 016D,Unable to prosecute suspect
211251858a4bab9adcf6a20b24f1054e9cc85fbd07a100ac3fb6f7dbb9dd15b8,2023-04,Surrey Police,Surrey Police,-0.573939,51.238309,On or near Supermarket,E01030451,Guildford 013C,Further investigation is not in the public interest
fa45165c87334f1426bf4207f95d353c4934dc9b1e6c546de19d70efb1c0c312,2023-04,Surrey Police,Surrey Police,-0.546220,51.179599,On or near Birtley Road,E01030864,Waverley 012A,Further investigation is not in the public interest
23ac642d746adbd9ee585f65e3bad4fb3d4925d351d0a1dd1b284e9c9494b8b6,2023-04,Surrey Police,Surrey Police,-0.586319,51.251698,On or near Manor Road,E01030485,Guildford 006A,Investigation complete; no suspect identified
daf2bbda6e7522e0d2fd9e6a63e16547c5e04d1abbb108e24c7b41cdce2c4232,2023-04,Surrey Police,Surrey Police,-0.792482,51.212551,On or near Petrol Station,E01030888,Waverley 004C,Unable to prosecute suspect
643a45c8d583eb1fac9f060d773aa69aca4c42dcf086d83d9be127aa38049cb3,2023-04,Surrey Police,Surrey Police,-0.695552,51.184812,On or near Hazlewood,E01030877,Waverley 011A,Unable to prosecute suspect
c6798513554662691800830036139739d32bcc2bbe4e58e2ade2ef09f5eb75ef,2023-04,Surrey Police,Surrey Police,-0.391362,51.376137,On or near Greenwood Place,E01030312,Elmbridge 014B,Investigation complete; no suspect identified
d1f9bd66c5a01671b5f6ffab3ba9fcb556b4b734e5b34addfb2b741bb0724bb9,2023-04,Surrey Police,Surrey Police,-0.363013,51.368892,On or near St Georges Place,E01030308,Elmbridge 013B,Unable to prosecute suspect
15a17b4f1c4129cf4a4030a5ffcfd69a0aa385753761c0079d2bab3102599960,2023-04,Surrey Police,Surrey Police,-0.567811,51.237678,On or near Parking Area,E01030455,Guildford 013E,Unable to prosecute suspect
d00bb4e80a5cc79db1063d128de25108d967e744ce02ba83a5e8cd6a6a82e764,2023-04,Surrey Police,Surrey Police,-0.563792,51.402450,On or near Station Parade,E01030689,Runnymede 005A,Investigation complete; no suspect identified
646c4f4824e21a4f0cf14ff109ebc4a56b08807d18805973779dc9da098ff95d,2023-04,Surrey Police,Surrey Police,-0.755054,51.321955,On or near James Way,E01030805,Surrey Heath 008F,Investigation complete; no suspect identified
9c79156eaa486eaa43a02198978d4466cd5a0a6fc593898ca75e1367db4599db,2023-04,Surrey Police,Surrey Police,-0.270781,51.343341,On or near Tomlin Close,E01030385,Epsom and Ewell 007A,Unable to prosecute suspect
81f2fa906e10e62a66157ea54a21fa8696f17eeddb154b2b185343d32aa935d1,2023-04,Surrey Police,Surrey Police,-0.744531,51.314217,On or near Hale Way,E01030766,Surrey Heath 010A,Further investigation is not in the public interest
dfb024bf7d40789373c604d6e0da163880d1ad677bd42d5d940d65de885353c3,2023-04,Surrey Police,Surrey Police,-0.255526,51.340471,On or near Fairview Road,E01030391,Epsom and Ewell 007B,Investigation complete; no suspect identified
23346153f27e9de3f257469ad047b59a2912204a392e2a4e9b7e0be532cb1a22,2023-04,Surrey Police,Surrey Police,-0.576662,51.236833,On or near Shopping Area,E01030452,Guildford 015A,Investigation complete; no suspect identified
cf4e282b1ba31e4c745349b451b2492f4482e9223da5b762340699897fc9cc9d,2023-04,Surrey Police,Surrey Police,0.001971,51.241342,On or near Mill Shaw,E01030843,Tandridge 007D,Investigation complete; no suspect identified
efddf2be63bdaf5fd5aba075c3277911b92763150bcd7f8ce428b17138b43ad1,2023-04,Surrey Police,Surrey Police,-0.418179,51.384748,On or near High Street,E01034286,Elmbridge 007F,Unable to prosecute suspect
4de883464087a84366edd103fcf67e86c1b549b76f9376e2d6f5d732d7b4695f,2023-04,Surrey Police,Surrey Police,-0.604992,51.316963,On or near Bloomfield Close,E01030960,Woking 009A,Investigation complete; no suspect identified
879db756bcecf280c5d1926f823fe212e46f751284c790423449eceff396a97b,2023-04,Surrey Police,Surrey Police,0.037031,51.271844,On or near Petrol Station,E01032571,Tandridge 012D,Investigation complete; no suspect identified
ea9c1748fe463cd6e9447fca7d2ae5c846c552abcc3a1771aa800a7e8072dcf5,2023-04,Surrey Police,Surrey Police,-0.641895,51.157053,On or near Park/Open Space,E01030942,Waverley 012D,Investigation complete; no suspect identified
b6d7d66ed1bda68f423dde130dfe452a6a6df348bb1922abbf722bd459275986,2023-04,Surrey Police,Surrey Police,-0.145777,51.260350,On or near Supermarket,E01030599,Reigate and Banstead 008A,Investigation complete; no suspect identified
1221479177aa7deeebacc8d1973fc3947e201d0984d3485e7e97a7ba586fc929,2023-04,Surrey Police,Surrey Police,-0.564833,51.240402,On or near Parking Area,E01030455,Guildford 013E,Investigation complete; no suspect identified
fd0131342f0e1bc039650231aad59c26bb786331d04e1fe68183820887ebc7d1,2023-04,Surrey Police,Surrey Police,-0.269907,51.333383,On or near Parking Area,E01034289,Epsom and Ewell 008E,Unable to prosecute suspect
81546c582be2fadefb5b35bf565f0c748b7d314d95dc7d276c1e890b917ebcfa,2023-04,Surrey Police,Surrey Police,-0.614159,51.185486,On or near High Street,E01030916,Waverley 007A,Investigation complete; no suspect identified
6443df2a0bad48bbb4d14a8b77e3a45d217e2c5b502ce7d043d5d132f0777ee0,2023-04,Surrey Police,Surrey Police,-0.317432,51.385647,On or near Fleece Road,E01030323,Elmbridge 006B,Investigation complete; no suspect identified
07efe3058a3974ca0cc8cc1ad186642f5ab5ee8511ed3d3a025f98f651989c31,2023-04,Surrey Police,Surrey Police,-0.228436,51.312106,On or near Shawley Crescent,E01030642,Reigate and Banstead 003C,Investigation complete; no suspect identified
c58a34f2b556cf0e3daa368e4b74939130a5cf3fff287274733f7bb473ac2b61,2023-04,Surrey Police,Surrey Police,0.037031,51.271844,On or near Petrol Station,E01032571,Tandridge 012D,Investigation complete; no suspect identified
a4c40d3b46b5d28ccd5c40b3c107cdf2f7a3ce2ceb2ecec8ae77a2cf580ed783,2023-04,Surrey Police,Surrey Police,-0.773301,51.218322,On or near Moor Park Lane,E01030894,Waverley 004D,Unable to prosecute suspect
2f01d85c0596492e9d6670808386cb41d69ad20989f297b7be4b8116611565a4,2023-04,Surrey Police,Surrey Police,-0.473741,51.339255,On or near Supermarket,E01030950,Woking 001E,Investigation complete; no suspect identified
13602e73da26e1b27e6131cba8213cfed457e203b0996e685216984a5a9ab101,2023-04,Surrey Police,Surrey Police,-0.420394,51.385093,On or near Shopping Area,E01034285,Elmbridge 007E,Investigation complete; no suspect identified
1cd3db0f597f839cb0ab8f03acbe5d7bdf664c7a0433c4057f68a33acaeb8fe6,2023-04,Surrey Police,Surrey Police,-0.572324,51.237221,On or near Ward Street,E01030451,Guildford 013C,Investigation complete; no suspect identified
753e0671d077410745e667c7592ae05ae1783630dac1a861393c7215cd6ab895,2023-04,Surrey Police,Surrey Police,-0.441555,51.427640,On or near Montrose Close,E01030699,Spelthorne 006C,Investigation complete; no suspect identified
5d4c4695b4b52d0d07e8d1d2f582187e52cc0f47f4821d438702add7fee69658,2023-04,Surrey Police,Surrey Police,-0.810459,51.227177,On or near Old Park Lane,E01030900,Waverley 002D,Investigation complete; no suspect identified
c7d8672a4fec340ad89ed64e214633ead4db19a8afa333aea7261963de6acc31,2023-04,Surrey Police,Surrey Police,-0.573993,51.235110,On or near The Shambles,E01030455,Guildford 013E,Investigation complete; no suspect identified
da1f2102a3da81addcf5b3e3138d94357261f48368949eaa56483655816b07f9,2023-04,Surrey Police,Surrey Police,-0.595593,51.217746,On or near Littleton Lane,E01030478,Guildford 017C,Investigation complete; no suspect identified
acf32934a48aa8d3b7d719e0e806734d28f3c61ba6fd2f26ca5d8f56423d86a7,2023-04,Surrey Police,Surrey Police,-0.414373,51.427896,On or near Kenyngton Drive,E01030749,Spelthorne 008B,Unable to prosecute suspect
706a6116b0a7af04f4e10f7be004006e8c456e7e4b145d2617d126073c1ccd68,2023-04,Surrey Police,Surrey Police,-0.371487,51.401734,On or near Yeend Close,E01030337,Elmbridge 003D,Unable to prosecute suspect
4d3526a374ed8775c0d9f98619f5c4ba4848db8ff39388abd01d31af7b92bfce,2023-04,Surrey Police,Surrey Police,-0.559309,51.316752,On or near Victoria Road,E01034294,Woking 008F,Investigation complete; no suspect identified
c93c9882ec4130f56432f5ceef9c18c8ef4d17dfe88fb292937fcf0d89ef04e4,2023-04,Surrey Police,Surrey Police,-0.166670,51.240769,On or near Bus/Coach Station,E01035358,Reigate and Banstead 011I,Investigation complete; no suspect identified
0d9fd3263ba851212b5c60e2b0925bf05b9216f610eccbcf925fe104667892b0,2023-04,Surrey Police,Surrey Police,-0.556767,51.320030,On or near Commercial Way,E01030954,Woking 008A,Unable to prosecute suspect
02ce2a58dd106c5f11aa5f277d56e551cb2dfc232b03beb17e8cc7629ff1da96,2023-04,Surrey Police,Surrey Police,-0.618328,51.316321,On or near Parking Area,E01030976,Woking 007C,Investigation complete; no suspect identified
6fc4485053ba908afc15624ad19737e50a44dad71c3f88c46b0a7899e004d593,2023-04,Surrey Police,Surrey Police,-0.204501,51.281976,On or near Chipstead Lane,E01030590,Reigate and Banstead 007B,Investigation complete; no suspect identified
5656b2b7bf388f496933aa733fa9a0e3ea690fe1d383a7d0e32e32db9223a213,2023-04,Surrey Police,Surrey Police,-0.242798,51.147791,On or near Russ Hill,E01030531,Mole Valley 013D,Investigation complete; no suspect identified
4e3926451aa21cdb61df5f5c149873b2d3e833f959515826bb0b71df2766bb65,2023-04,Surrey Police,Surrey Police,-0.577656,51.236171,On or near Theatre/Concert Hall,E01030455,Guildford 013E,Further investigation is not in the public interest
deb06db379f498159a9e7ffdf2c6330f6ff76de5923b9992379231758986763f,2023-04,Surrey Police,Surrey Police,-0.274352,51.349194,On or near St Ebbas Way,E01034287,Epsom and Ewell 005E,Investigation complete; no suspect identified
ef3e19b03aa7076776e5de216b38174697b5fe3946bbcf193fafbceb15ee1e89,2023-04,Surrey Police,Surrey Police,-0.412566,51.375428,On or near Trafalgar Drive,E01030366,Elmbridge 010C,Investigation complete; no suspect identified
68938e97ab9519b36f3699fc73adf5403c33a3581f3061db4a51e8c65679e661,2023-04,Surrey Police,Surrey Police,-0.215822,51.326933,On or near Nork Gardens,E01030604,Reigate and Banstead 001B,Investigation complete; no suspect identified
6d3e1f70e2bf59f9b5f8cc24c79f1f554fbead343e18eb35c5dbed2601d256af,2023-04,Surrey Police,Surrey Police,-0.575928,51.237390,On or near Guildford Friary Bus Station,E01030452,Guildford 015A,Investigation complete; no suspect identified
6d63c08d9f189a46c1c0349bb93db0ae904c27bb6db72e0a245356c2e4056f6a,2023-04,Surrey Police,Surrey Police,-0.205545,51.286093,On or near Sandy Lane,E01030589,Reigate and Banstead 007A,Local resolution
85f7547f1c7fb7dbafa6f3efd91492dad0e904dec9b753538b0fd494a7ae8701,2023-04,Surrey Police,Surrey Police,-0.163220,51.240220,On or near Noke Drive,E01035358,Reigate and Banstead 011I,Investigation complete; no suspect identified
7de11155e033294a50d717131cf40a20316918931b4e4e095fb577993b2aa709,2023-04,Surrey Police,Surrey Police,-0.406520,51.374501,On or near Noble Street,E01030366,Elmbridge 010C,Investigation complete; no suspect identified
5a59e2c96384d8370658955482529d80936c3622479795e1d5b98bdbc53f9f20,2023-04,Surrey Police,Surrey Police,-0.405024,51.331128,On or near Paddocks Close,E01030301,Elmbridge 017B,Formal action is not in the public interest
c0f131ac8f23bedcbafc6ebcf85f701cc10d4e2eb97318218d62f042652342ef,2023-04,Surrey Police,Surrey Police,-0.237276,51.304578,On or near Headley Drive,E01030640,Reigate and Banstead 005C,Unable to prosecute suspect
f0f68a42a814528faf989216dfb637d548585e6f0b23e5b2bc3cb2291fba193c,2023-04,Surrey Police,Surrey Police,-0.434991,51.335507,On or near A245,E01030346,Elmbridge 016A,Unable to prosecute suspect
90812418d7914b1a755b6b8930abd7be58953ee7bc79ed76d584e3f76d63fd08,2023-04,Surrey Police,Surrey Police,-0.124628,51.175992,On or near Charlotte Grove,E01030817,Tandridge 011B,Unable to prosecute suspect
5fed80a2280de18c1cd74a5eb3900a69fa234957b0f8cdaf038b0d2ef2c631bc,2023-04,Surrey Police,Surrey Police,-0.646324,51.386005,On or near Elm Park,E01016604,Windsor and Maidenhead 018B,Investigation complete; no suspect identified
5437c751c0a415f748cfe82dcf922eed4578bf5a0ddc57e33a5b7e500b164a54,2023-04,Surrey Police,Surrey Police,-0.730556,51.233549,On or near St Pauls Close,E01030423,Guildford 014C,Unable to prosecute suspect
38068341c81f350c4dda53e10f77dd310fb9588dc2a407d2e8f1e0e1df8648c8,2023-04,Surrey Police,Surrey Police,-0.414373,51.427896,On or near Kenyngton Drive,E01030749,Spelthorne 008B,Unable to prosecute suspect
46b30c82c77fe21640dc896d225d33e878d50f814bb32dccddd39afd4841e5ba,2023-04,Surrey Police,Surrey Police,-0.152630,51.168740,On or near Balcombe Gardens,E01030583,Reigate and Banstead 017D,Investigation complete; no suspect identified
6ebfb86be081b4797e51f04960627b947bfb89688f90b4273deb3938b9a4beae,2023-04,Surrey Police,Surrey Police,-0.167776,51.240930,On or near Theatre/Concert Hall,E01035358,Reigate and Banstead 011I,Investigation complete; no suspect identified
4378221c1cd224097968b972a251a429b410acd2e47ece3139d08f0138ca46c9,2023-04,Surrey Police,Surrey Police,-0.506095,51.435216,On or near A308,E01034291,Spelthorne 004F,Local resolution
693c19d6ca11202d635f37947c23da86486d8fb6fec5350fd4b352b01a5fc002,2023-04,Surrey Police,Surrey Police,-0.317972,51.379549,On or near Woodstock Lane North,E01030325,Elmbridge 006D,Investigation complete; no suspect identified
10bbf599346e5251b413476c0bdd13b7edc8a7c97f06d1023260678e3114c173,2023-04,Surrey Police,Surrey Police,-0.652689,51.155640,On or near Sunny Hill,E01030943,Waverley 012E,Unable to prosecute suspect
38a0a6bf30f9b27556cfb26d229ee269f999cc83e2aa0f905f4092b3b85472a9,2023-04,Surrey Police,Surrey Police,-0.570634,51.237659,On or near Chertsey Street,E01030451,Guildford 013C,Unable to prosecute suspect
907eba62f2940cc2f922eca4cedcbe17ea0740e7bcce76e75f170eab14c9d99a,2023-04,Surrey Police,Surrey Police,-0.412407,51.389571,On or near Kingsbridge Road,E01030358,Elmbridge 007B,Unable to prosecute suspect
da42a397e30add5cb14334ffc289263da31db458b270691bc790e4cd70cd7afd,2023-04,Surrey Police,Surrey Police,-0.259845,51.335617,On or near Delaporte Close,E01030412,Epsom and Ewell 008C,Investigation complete; no suspect identified
df6fdbb8fc55d68019ac0c933a98342e0bcfad9ebe540304ea3e006faac09304,2023-04,Surrey Police,Surrey Police,-0.745222,51.123442,On or near Wood Road,E01030934,Waverley 018D,Unable to prosecute suspect
688f52f50d32e378ccc347facc95746d0a2ed1b6b409c77d0065f09283457b13,2023-04,Surrey Police,Surrey Police,-0.600503,51.196061,On or near Pondfield Road,E01030921,Waverley 005E,Unable to prosecute suspect
3bb12252589a0ff7529614c857ff0868e76eb38e3a080e81d2bcd6ca8b15c3f2,2023-04,Surrey Police,Surrey Police,-0.513141,51.429586,On or near Coopers Close,E01030666,Runnymede 003D,Further investigation is not in the public interest
a0add6e6d80caf32f5123f1cf3b8fb2c46215d38495dc94cd13401018d852fdd,2023-04,Surrey Police,Surrey Police,-0.516658,51.428012,On or near Cornwall Way,E01030663,Runnymede 003A,Investigation complete; no suspect identified
c036852e5bb53f2ba332e59c8ee0a334b563ea1f08bc9c89ebec380bc13e0096,2023-04,Surrey Police,Surrey Police,-0.265646,51.329507,On or near Malvern Court,E01030419,Epsom and Ewell 008D,Investigation complete; no suspect identified
7f3cc1c7e7df76fd30c04c6129963cdfadb3062e0171528cfb62c4a650c41b1e,2023-04,Surrey Police,Surrey Police,-0.738471,51.138891,On or near Hyde Lane,E01030908,Waverley 018A,Investigation complete; no suspect identified
6b7596e7dd9d080f303f9939f681d72aed3e093ebd8621c5394d2bd228eba87b,2023-04,Surrey Police,Surrey Police,-0.167548,51.227932,On or near Trentham Road,E01030574,Reigate and Banstead 014E,Investigation complete; no suspect identified
98194f5ad5016c120a48ebeb69a0d12246ebdc3bd27e4ae5011502592c08f4d6,2023-04,Surrey Police,Surrey Police,-0.571478,51.235843,On or near Supermarket,E01030455,Guildford 013E,Further investigation is not in the public interest
3ded950942175e4784ea2ef712ada5a0fbcc6f4d30a3ac3ad6726b133438676a,2023-04,Surrey Police,Surrey Police,-0.492589,51.376548,On or near Petrol Station,E01030649,Runnymede 007C,Unable to prosecute suspect
922babd823279259bae4aacdff7af9bee5c3783c719468f2742d8ef3147e7ca0,2023-04,Surrey Police,Surrey Police,-0.164833,51.253690,On or near Petrol Station,E01030618,Reigate and Banstead 010D,Local resolution
311442c0b329dc2274ab8ede7d0a65b8e8b67215cb823f4941078ffb9c5ea07a,2023-04,Surrey Police,Surrey Police,-0.470137,51.409097,On or near Astleham Road,E01030721,Spelthorne 012A,Unable to prosecute suspect
2324ed184a14a6b7c40ca542ca91663c9e760ac3b78a6a4a2944c42e2f32cc99,2023-04,Surrey Police,Surrey Police,-0.404365,51.379453,On or near Rydens Avenue,E01030368,Elmbridge 008E,Investigation complete; no suspect identified
30a997686db82fe0171b6dd11299eb1c3f3f291311b22bd61153bfd424aabdc1,2023-04,Surrey Police,Surrey Police,-0.556120,51.319159,On or near The Broadway,E01030954,Woking 008A,Investigation complete; no suspect identified
5ca5b685e2e25553cac1bb4c4892e5e54547207ef75fea1395e98acafe759257,2023-04,Surrey Police,Surrey Police,-0.752429,51.324049,On or near Farrell Close,E01030805,Surrey Heath 008F,Unable to prosecute suspect
616fea292514808aaf239bbc18725dbe1236b9b33a2ceda9af01e6c564087d46,2023-04,Surrey Police,Surrey Police,-0.573939,51.238309,On or near Supermarket,E01030451,Guildford 013C,Investigation complete; no suspect identified
79caf79219f6b9a992c92b9fe15ef2ff981d5e5f474d387e9478a65643e41615,2023-04,Surrey Police,Surrey Police,-0.162297,51.217733,On or near Canada Drive,E01030572,Reigate and Banstead 014C,Unable to prosecute suspect
0b67888d19d65cf209f4f8370f60a8b8b3c093ccffb0c2c7ce12fe49ebf9297e,2023-04,Surrey Police,Surrey Police,-0.442427,51.420611,On or near Thorne Close,E01030725,Spelthorne 006E,Unable to prosecute suspect
27cab15a4a883abf5667f451dff2523abaab6e029ffb3200fa8f0ad4512f662d,2023-04,Surrey Police,Surrey Police,-0.513346,51.404644,On or near Theme/Adventure Park,E01030685,Runnymede 004C,Local resolution
d8c30fcdc7ccd79020f1fb3edc56a67b22d00cb91afb2915e6fcd87c924e609b,2023-04,Surrey Police,Surrey Police,-0.538147,51.429892,On or near Orchard Close,E01030687,Runnymede 003E,Investigation complete; no suspect identified
c12ba7c0308af245e667d133d5e338556b9dddb0afc6b7108463fd0a4e46733e,2023-04,Surrey Police,Surrey Police,-0.334941,51.231728,On or near West Street,E01030534,Mole Valley 009C,Suspect charged
ee60dfa3afed5cb82e9a29aa56a000505f3b00ccf17164a493b465a978ab1ec7,2023-04,Surrey Police,Surrey Police,-0.555818,51.316898,On or near Heathside Crescent,E01034294,Woking 008F,Unable to prosecute suspect
2afd66814886b23a5d807ebcf5aacfb9de481b807207a44952ad62492672d7b5,2023-04,Surrey Police,Surrey Police,-0.023625,51.176622,On or near Bay Trees,E01030833,Tandridge 010C,Investigation complete; no suspect identified
b691e3f64213f3385939d910849523564dde4fa63dc9fac6198eb7d3401d0246,2023-04,Surrey Police,Surrey Police,-0.151341,51.180932,On or near Langshott,E01030581,Reigate and Banstead 017B,Unable to prosecute suspect
b2bfcaaac0e434982485038c45ae0c5b48e812c6308cfb0af38f449942f583b4,2023-04,Surrey Police,Surrey Police,-0.140396,51.200102,On or near St George's Road,E01030629,Reigate and Banstead 015B,Unable to prosecute suspect
5217d00e4de6e4045602ac86842cb5dfd8fac31f4c28515475e5fc8a3957fe29,2023-04,Surrey Police,Surrey Police,-0.404050,51.389772,On or near Paxton Close,E01030364,Elmbridge 004D,Unable to prosecute suspect
21e47c5677382939aac4c4ec69ea2e1150ae250b51b23916c71774fa502aee2b,2023-04,Surrey Police,Surrey Police,-0.159640,51.243420,On or near Wordsworth Mead,E01035357,Reigate and Banstead 011H,Unable to prosecute suspect
4cb542c7660d8af47e93d44dcff1871385f2cfda603b4d14e874af79b4b0621a,2023-04,Surrey Police,Surrey Police,-0.697867,51.183372,On or near Springfield Way,E01030877,Waverley 011A,Unable to prosecute suspect
4cea14f345624eaf05fc87856b0d40b6cbdf329d6ad72d658c5876b642ea57a8,2023-04,Surrey Police,Surrey Police,-0.101233,51.290522,On or near Supermarket,E01030857,Tandridge 003D,Investigation complete; no suspect identified
c0c12b6551326e3ecfc6095b0a86d48e923b08433c5283155850083836f714c2,2023-04,Surrey Police,Surrey Police,-0.552547,51.303657,On or near Rosebery Crescent,E01030972,Woking 011B,Investigation complete; no suspect identified
d988c76cff7831ad510495e44a58807e5fa3bb78f35b7d91e9fe70a6dc867acd,2023-04,Surrey Police,Surrey Police,-0.564457,51.206433,On or near Summersbury Drive,E01030480,Guildford 017E,Investigation complete; no suspect identified
d1c5bfa6c421dc16f3726d9085775b902600dc67dfcc6fd26a13c47eb79d360c,2023-04,Surrey Police,Surrey Police,-0.219926,51.306413,On or near Petrol Station,E01030592,Reigate and Banstead 007D,Investigation complete; no suspect identified
2267364b59e1f1d731519752bdf1eeffd19b90fd80ce3ca3f0d2f6d3264d906b,2023-04,Surrey Police,Surrey Police,-0.561387,51.319161,On or near Parking Area,E01030954,Woking 008A,Unable to prosecute suspect
16e55dba8be4cddc6ebd01464730d19060d2f273efecfe25097b1d422aee7165,2023-04,Surrey Police,Surrey Police,-0.264727,51.334835,On or near Adelphi Road,E01034290,Epsom and Ewell 008F,Investigation complete; no suspect identified
de05fb1c2b48914d87569b539f3f6f1af284165441c47be3bdc3218bb9361f2a,2023-04,Surrey Police,Surrey Police,-0.162425,51.172428,On or near High Street,E01035362,Reigate and Banstead 018G,Investigation complete; no suspect identified
ec324fa6001a69399fa8677d3779ce7370f069482979f031aa40798e3e8b40ba,2023-04,Surrey Police,Surrey Police,-0.368229,51.397552,On or near Ray Road,E01030335,Elmbridge 003B,Investigation complete; no suspect identified
ed6210c0cf57eeeb3ed6f0ac3d12b141b1c877aec5cebec7e959d00d57a2e574,2023-04,Surrey Police,Surrey Police,-0.401196,51.408968,On or near The Pennards,E01030756,Spelthorne 010D,Investigation complete; no suspect identified
ddd967d6c5317c621a36b0a3a4b2d643a860c082ac2c733c8565b6146a731f5c,2023-04,Surrey Police,Surrey Police,-0.506760,51.143302,On or near Lashmere,E01030875,Waverley 013F,Unable to prosecute suspect
42bb937d71c0d84a48f284fdc7ea1a493843482d601e610825051d87ea9b4e79,2023-04,Surrey Police,Surrey Police,-0.214802,51.278878,On or near Beechen Lane,E01030591,Reigate and Banstead 007C,Investigation complete; no suspect identified
e415bbcd0b7866cb6a55b3fa2bd87241e164780400def78bcd38cac03135a16b,2023-04,Surrey Police,Surrey Police,-0.195516,51.234626,On or near Penfold Close,E01030620,Reigate and Banstead 012D,Unable to prosecute suspect
54b193c530a74b05145b019fe3bfe41d06142ee35b7dfbc40a58f9192256a7c0,2023-04,Surrey Police,Surrey Police,-0.570384,51.324252,On or near Pares Close,E01030968,Woking 003F,Investigation complete; no suspect identified
d5d119acda8a92354749db4ec834b45f34680d4e58077b0eacc6701981d24d6f,2023-04,Surrey Police,Surrey Police,-0.263341,51.334284,On or near Supermarket,E01034290,Epsom and Ewell 008F,Investigation complete; no suspect identified
1e59ea31c5f702553bdf29aff8bf99204799bbdfb5f7bc0a169f23b2e388c14c,2023-04,Surrey Police,Surrey Police,-0.433025,51.262578,On or near Parking Area,E01030445,Guildford 003E,Unable to prosecute suspect
453a9ee0db1c7e0adbab9a48bf7964e5559cb53717da5e424cd3a478afe5bdf3,2023-04,Surrey Police,Surrey Police,-0.563452,51.313692,On or near Lampeter Close,E01030991,Woking 008D,Investigation complete; no suspect identified
ee151403cf7d09b805c4ec4b4bb7d16abd0e7d36cf912528d56f705f613a0b50,2023-04,Surrey Police,Surrey Police,-0.176186,51.170620,On or near Church View Close,E01030588,Reigate and Banstead 016E,Investigation complete; no suspect identified
e194141e1fb10957e1fa2931a5227b700aefae7efe34beac8d1e0a58446b7313,2023-04,Surrey Police,Surrey Police,-0.416335,51.404444,On or near Farrier Close,E01030720,Spelthorne 011D,Unable to prosecute suspect
e1f28c29a4857688c5501b761cd687a68f4594e076561532e1747dc5ee0c78c5,2023-04,Surrey Police,Surrey Police,-0.624507,51.316502,On or near Trinity Road,E01030979,Woking 007E,Investigation complete; no suspect identified
64debab4bdd6e90b06e5632b6b83371ab6edb834979dbcd459bb2f4411880b40,2023-04,Surrey Police,Surrey Police,0.010631,51.236886,On or near Tippett Lane,E01030842,Tandridge 007C,Unable to prosecute suspect
b96cfcbb2d65d01e70e64b0ec44377cc9763a28f2650a3e3af564497fa08d41b,2023-04,Surrey Police,Surrey Police,-0.481171,51.434985,On or near Rowan Close,E01030714,Spelthorne 003E,Unable to prosecute suspect
21229ba9a5a0e47208b2e0ea0c17d42f595e0923166627ec7890f60b7ab1d76e,2023-04,Surrey Police,Surrey Police,-0.613587,51.319358,On or near Hillside Close,E01030976,Woking 007C,Unable to prosecute suspect
4c33938265e1d572bfece7a6611d460480d667d3bcd7495454c2684379369e07,2023-04,Surrey Police,Surrey Police,-0.160731,51.214614,On or near Yeoman Way,E01030572,Reigate and Banstead 014C,Investigation complete; no suspect identified
d78b17b9801fd9d5111c00dc136a32c33ab3b1c7b8b4854a1ef3953c3e8ef95d,2023-04,Surrey Police,Surrey Police,-0.479602,51.448444,On or near Town Lane,E01030745,Spelthorne 001C,Unable to prosecute suspect
1d9d797a596c583189c86bfe906d4bb5d13e43d8e851c83963c1effb246d3cf9,2023-04,Surrey Police,Surrey Police,-0.269981,51.341702,On or near Hurst Road,E01030385,Epsom and Ewell 007A,Unable to prosecute suspect
a7b418fd7ba64bf3b45df3b36a3a3e6099f09c374f1f25de714b1a41b43812a5,2023-04,Surrey Police,Surrey Police,-0.576697,51.283495,On or near Parking Area,E01030987,Woking 012E,Unable to prosecute suspect
a65eaf99050fcf9d23a5884a06a510e36a40b0b3bcde9ebd8ce22d8ee603718e,2023-04,Surrey Police,Surrey Police,-0.567233,51.332784,On or near Common Close,E01030965,Woking 003C,Investigation complete; no suspect identified
5b3494d29e33f1332306a2c3334bfc831d308d48727b6a75ae7f3d04725337a5,2023-04,Surrey Police,Surrey Police,-0.642480,51.136620,On or near Petworth Road,E01030941,Waverley 012C,Further action is not in the public interest
84f5c1287688fe9b570a547cd4085e6a8c87f2d3a717b77378afb6ed169fb731,2023-04,Surrey Police,Surrey Police,-0.615590,51.315291,On or near Alexandra Gardens,E01030979,Woking 007E,Unable to prosecute suspect
9d3c88fbc95c56da4512e580a38bf55ca450d0512f56311e1c1efe87d355d87d,2023-04,Surrey Police,Surrey Police,-0.280572,51.344133,On or near Tobin Close,E01030384,Epsom and Ewell 005B,Unable to prosecute suspect
cc4486a74b4e364c3580c9fe6ae3c30426c636c9274dca35d653e89f5b774939,2023-04,Surrey Police,Surrey Police,-0.483096,51.456781,On or near Stanhope Heath,E01030743,Spelthorne 001A,Unable to prosecute suspect
d8e3c2509e77187540799937185f7ca1c752e66376f7c24efa64a20fadec76b7,2023-04,Surrey Police,Surrey Police,-0.404222,51.381520,On or near Rodney Road,E01030354,Elmbridge 008A,Unable to prosecute suspect
e330d7e98438af3972551ae0a24ceee7a74e9902a0dcb2fe0786a2c65b2a751e,2023-04,Surrey Police,Surrey Police,-0.116585,51.173956,On or near The Woodlands,E01030818,Tandridge 011C,Unable to prosecute suspect
251c09d41a026fc98c4fe252e6d5e88e91ff329b339b6726ba6d9d923bd01d2d,2023-04,Surrey Police,Surrey Police,-0.464598,51.371832,On or near Old Wharf Way,E01030374,Elmbridge 012D,Unable to prosecute suspect
b1516107cfdb46e79747aeefe3cb199360aa49bdd50b3b62672080027649e96d,2023-04,Surrey Police,Surrey Police,-0.239999,51.303522,On or near Mallow Close,E01030643,Reigate and Banstead 005D,Unable to prosecute suspect
f115c9f63f6960f0c30bfcc3894479765e55b32b56416e5d23322823575a7a3e,2023-04,Surrey Police,Surrey Police,-0.546114,51.257500,On or near Bartoon Place,E01030436,Guildford 011A,Investigation complete; no suspect identified
29aa77d773980ebdd86df97ab8614bd63439ce461c440076a3a972b0fba9003a,2023-04,Surrey Police,Surrey Police,-0.555812,51.312959,On or near Ockenden Gardens,E01030991,Woking 008D,Investigation complete; no suspect identified
8c4dba37b090c244b67acfea2e9935d4729a7f584d032147a590f2f930350ee5,2023-04,Surrey Police,Surrey Police,-0.571686,51.432859,On or near Bulkeley Close,E01030672,Runnymede 002B,Further investigation is not in the public interest
b13bdfc768ef47a6c302868641ce60cc214286310aab4b4a109c2fb6395471cb,2023-04,Surrey Police,Surrey Police,-0.453148,51.431912,On or near Oakfield Road,E01030703,Spelthorne 005C,Investigation complete; no suspect identified
ee6f9b20c23e20ba9f16d5e33e7de278aa1c88796bc4fa772d0cd3df171d2926,2023-04,Surrey Police,Surrey Police,-0.343629,51.401236,On or near Petrol Station,E01030326,Elmbridge 002A,Investigation complete; no suspect identified
734d41767f935d652e33a1d91af410e96d194ff16d7e80e16c6c311742e60849,2023-04,Surrey Police,Surrey Police,-0.104553,51.292478,On or near Alexander Crescent,E01030857,Tandridge 003D,Unable to prosecute suspect
d6afbe0ca60b815e1022826359494bbaafe7d580ee56fa97538b8112d02bcc65,2023-04,Surrey Police,Surrey Police,-0.576622,51.239503,On or near Police Station,E01030451,Guildford 013C,Suspect charged
401967feb31572b9976a0be4296e499b138b6ec7fba7e0cbf7961288777b6601,2023-04,Surrey Police,Surrey Police,-0.590007,51.383057,On or near Firefly Road,E01030692,Runnymede 005D,Investigation complete; no suspect identified
7ddce2b8f9618ffd0a13c4fbbf716f879d0cb19038bcfadba6a538a356b4d316,2023-04,Surrey Police,Surrey Police,-0.569482,51.246628,On or near Lido Road,E01030438,Guildford 013A,Unable to prosecute suspect
b04b5220941eeaff406b9e3ec6be7dae58e6e48a4fee0fb7a76328eb97c12b68,2023-04,Surrey Police,Surrey Police,-0.095510,51.237519,On or near Cleves Way,E01030812,Tandridge 008A,Unable to prosecute suspect
b3e64f4a8757c46550385904186d3a2539701e901a46c773e5d68ff85292a828,2023-04,Surrey Police,Surrey Police,-0.301734,51.306511,On or near Parker's Hill,E01030509,Mole Valley 001C,Further investigation is not in the public interest
1dafc35443e385ed094b8db3e812f4e46f4d2b5a5ac812fda9a5ad6f39ad707d,2023-04,Surrey Police,Surrey Police,-0.617308,51.318287,On or near Petrol Station,E01030977,Woking 007D,Investigation complete; no suspect identified
a9da8e68a68c3fb993ca3c49c8616a4f5f05f4e176e7dc32892926b1f150cdbe,2023-04,Surrey Police,Surrey Police,-0.343643,51.403232,On or near Riverbank,E01030326,Elmbridge 002A,Investigation complete; no suspect identified
2f9cf224f68436fd9ef1ea1371a1e9c7b34a16c64add24860e93311f7b4c77d5,2023-04,Surrey Police,Surrey Police,-0.571478,51.235843,On or near Supermarket,E01030455,Guildford 013E,Investigation complete; no suspect identified
fbe5a8ad1f15a3962b5ae0dc67abece9c66dafe8da75e44fde292cbe1ba54512,2023-04,Surrey Police,Surrey Police,-0.077375,51.304103,On or near Petrol Station,E01030859,Tandridge 002C,Investigation complete; no suspect identified
f28e41823bc1af59cd50452c1f7d2a437591222f257fc920e0bc27fb0a7e2a25,2023-04,Surrey Police,Surrey Police,-0.705148,51.184991,On or near Hope Street,E01030877,Waverley 011A,Investigation complete; no suspect identified
eb88e88a02d16d6428ccb7ab38d55e182e9e9b9965e95ce6017595d3ceac6dfb,2023-04,Surrey Police,Surrey Police,-0.479207,51.131688,On or near Farrier Lane,E01030876,Waverley 013G,Unable to prosecute suspect
ae0c12d16dad7b2d12aa3e27691cab7eb366464a6bc066cee33d1c4c14f2d3d7,2023-04,Surrey Police,Surrey Police,-0.566671,51.240731,On or near Victoria Road,E01030457,Guildford 013F,Further investigation is not in the public interest
5b6698925e270e9a866079a18057607278e16cbc831383dcb7f0739856d6d4a4,2023-04,Surrey Police,Surrey Police,-0.766892,51.334885,On or near The Terrace,E01030793,Surrey Heath 008A,Investigation complete; no suspect identified
c82fc700c5285a77e0b6d92ffb5f6e2613a83893f345bed3404d1db42e9586c2,2023-04,Surrey Police,Surrey Police,-0.546535,51.242811,On or near Green Lane,E01030437,Guildford 011B,Local resolution
cae339c8b61272d54024b42bd44f820202610cfa19f05ffc33fcbf5c8bff3d37,2023-04,Surrey Police,Surrey Police,-0.417589,51.385181,On or near Church Walk,E01034286,Elmbridge 007F,Investigation complete; no suspect identified
d80ac58391fe4494d36773c19cce2c5057d47084c2e7603e5f5187b19078c3f7,2023-04,Surrey Police,Surrey Police,-0.331227,51.392814,On or near Ferry Terminal,E01030350,Elmbridge 005A,Unable to prosecute suspect
a32786ba79ada77399bce677482a4480f8b8746ca5d9d343bbcf6d7601557cf0,2023-04,Surrey Police,Surrey Police,-0.263341,51.334284,On or near Supermarket,E01034290,Epsom and Ewell 008F,Investigation complete; no suspect identified
f9b936fc1ca4c01c2865bfab47d1541414b33040e1726ac668add4cae3ef7170,2023-04,Surrey Police,Surrey Police,-0.689962,51.353041,On or near Victoria Court,E01030757,Surrey Heath 002A,Investigation complete; no suspect identified
daf255be16059a02fac46758695731173cea4d4d29149e1e3a4769bffb911bbd,2023-04,Surrey Police,Surrey Police,-0.239022,51.294209,On or near Holsart Close,E01030637,Reigate and Banstead 006C,Investigation complete; no suspect identified
0508d64e2f132a2528a7011507626d0d53cd3fa9582d02d67350983dbd6fd323,2023-04,Surrey Police,Surrey Police,-0.089449,51.288015,On or near Supermarket,E01030847,Tandridge 005B,Further investigation is not in the public interest
307e8e41a927d2d45002f09f29dac86f7b37ae58c3d1758b8265e02e573fafdb,2023-04,Surrey Police,Surrey Police,-0.578141,51.239486,On or near Mary Road,E01030451,Guildford 013C,Suspect charged
e8ea5174fb56d787c896725e615fbf479d9af0499fbd85616df685edc271a595,2023-04,Surrey Police,Surrey Police,-0.262185,51.334851,On or near Prospect Place,E01030412,Epsom and Ewell 008C,Formal action is not in the public interest
d831fd26d310142c999d4143de2e850a29c0783725afe438ff93531ac891f07c,2023-04,Surrey Police,Surrey Police,-0.168115,51.248274,On or near Lowermead,E01030618,Reigate and Banstead 010D,Local resolution
09919eb47ba2bea9a46d72562d0b2317994b7d79b454a982273232c6f23bf5c1,2023-04,Surrey Police,Surrey Police,-0.611697,51.276910,On or near Norton Close,E01030501,Guildford 005C,Investigation complete; no suspect identified
d0acea0f814a8b9d6d60685255bc1c81263e49212bfa59163234c5bc136c80ac,2023-04,Surrey Police,Surrey Police,-0.753943,51.337005,On or near Appley Court,E01030795,Surrey Heath 008C,Unable to prosecute suspect
95c4da681020d496b8f815085315b45014be778f8a82081294eb0eac0dd8a5c5,2023-04,Surrey Police,Surrey Police,-0.244803,51.345302,On or near Halliday Close,E01030396,Epsom and Ewell 010D,Investigation complete; no suspect identified
1c9679285ee690587e8efe48ab57d26485333be2592d4dcf78e419ada6d0a9f8,2023-04,Surrey Police,Surrey Police,-0.787360,51.218415,On or near Kimbers Lane,E01030895,Waverley 003E,Investigation complete; no suspect identified
4877dfc8c32ff91c581e6526125a32f03ae92c9a278e0b6624b81ecc16bdf851,2023-04,Surrey Police,Surrey Police,-0.502933,51.430742,On or near Broadacre,E01030738,Spelthorne 004E,Investigation complete; no suspect identified
edf94faf042c89449c1ca89ea9b41c488361953a34d3181c6e4892f43418898b,2023-04,Surrey Police,Surrey Police,-0.531462,51.365567,On or near Parking Area,E01030678,Runnymede 008B,Action to be taken by another organisation
7793311b719a22430f111ddf9d992992f1708b0cf473f52a7da03efc62b01778,2023-04,Surrey Police,Surrey Police,-0.414973,51.372295,On or near Mayfield Road,E01030314,Elmbridge 010B,Unable to prosecute suspect
3b14981939ec22e51d3e6ff492f0a1f70f6dc57a317688b3a2e13adc5e225423,2023-04,Surrey Police,Surrey Police,-0.511947,51.434004,On or near Tilly's Lane,E01034291,Spelthorne 004F,Investigation complete; no suspect identified
dd70d914e32a8ec4b4bed7ec05b00b36d898214d3e8439ec9a4014adfc551174,2023-04,Surrey Police,Surrey Police,,,No location,,,Action to be taken by another organisation
b1df51ebe5c6e5294da36f5e6519152d6669e9d79c0b77b70e024ed4b10a3c69,2023-04,Surrey Police,Surrey Police,-0.568037,51.316643,On or near Kingsway Avenue,E01030954,Woking 008A,Investigation complete; no suspect identified
1e2bb62f91590a4cb2530ab136ef0b8f8dc9511dc38ed801263fada3438f4413,2023-04,Surrey Police,Surrey Police,-0.540434,51.322795,On or near Petrol Station,E01034293,Woking 004G,Investigation complete; no suspect identified
1cf0c42cac625f29bdcfba5e1fb73448332b62b5022bea1f045d691e0725381e,2023-04,Surrey Police,Surrey Police,-0.705416,51.342764,On or near Heathside Park,E01030792,Surrey Heath 009D,Investigation complete; no suspect identified
51d296510c6e8d9340225cf8bb84336ab594eedf3ee5b2ddaa40c06fd3471d5e,2023-04,Surrey Police,Surrey Police,-0.152481,51.251868,On or near Canalside,E01035355,Reigate and Banstead 011F,Investigation complete; no suspect identified
45c8621280043f6c95a86c703b142cfb09558a7a1e272243ac5369db17336e36,2023-04,Surrey Police,Surrey Police,-0.248106,51.349074,On or near Parking Area,E01030392,Epsom and Ewell 010C,Investigation complete; no suspect identified
7a466bcba42e5f136a8607b55622862ffde13586252df7e1a900c52b18433bc1,2023-04,Surrey Police,Surrey Police,-0.799850,51.216044,On or near Castle Street,E01030885,Waverley 003B,Investigation complete; no suspect identified
3662cb9260daa90e00ecdf2937f9b6e4f997b7a0b97e1bf4d439a07085368555,2023-04,Surrey Police,Surrey Police,0.037031,51.271844,On or near Petrol Station,E01032571,Tandridge 012D,Investigation complete; no suspect identified
a93e6075c3fb8a300e3da777f8e3cc50c82283decfc87650367fd158ce2a6d29,2023-04,Surrey Police,Surrey Police,-0.403129,51.363349,On or near Police Station Road,E01030315,Elmbridge 014C,Further investigation is not in the public interest
db1247887eaa860efc5ae2926908c9155ba7258d048050f3c0334f9d180b070b,2023-04,Surrey Police,Surrey Police,-0.573939,51.238309,On or near Supermarket,E01030451,Guildford 013C,Investigation complete; no suspect identified
5fbc6bc923f01298bf3ea83833daa39b5562160381fc19e481d89bef3c987ddf,2023-04,Surrey Police,Surrey Police,-0.724348,51.241026,On or near Hop Garden Way,E01030425,Guildford 014D,Investigation complete; no suspect identified
3fef3faee724ba2b7c33e74c530f15def9ee26d981928a463f101a27c6e7b581,2023-04,Surrey Police,Surrey Police,-0.772783,51.329299,On or near Admiralty Way,E01022847,Hart 003B,Investigation complete; no suspect identified
5954d4a190cef692691b581bd9cf8db1e59d1528ef25f0c11e40a2bbc9b42b43,2023-04,Surrey Police,Surrey Police,-0.712560,51.337367,On or near Fairway Heights,E01030792,Surrey Heath 009D,Unable to prosecute suspect
74a19c734d19dd35d21fa371a99160fe45f6f3201d1be16ef124698ed9b38750,2023-04,Surrey Police,Surrey Police,-0.418968,51.384768,On or near Accommodation Road,E01034286,Elmbridge 007F,Unable to prosecute suspect
cbec682c53be6a76ce80cebd5f3bd2df9c113548553033f324feb510288f0751,2023-04,Surrey Police,Surrey Police,-0.006633,51.326266,On or near Featherbed Lane,E01030852,Tandridge 012A,Investigation complete; no suspect identified
1bc515f933f65278908d22614c0d6dc71388c3567c111fc224983a4e39ed2857,2023-04,Surrey Police,Surrey Police,-0.361783,51.404962,On or near Merton Way,E01030332,Elmbridge 001C,Local resolution
cc81381c5c3db364e8589cedba787a6ef44971fd409a878eb99845bd256bf4d7,2023-04,Surrey Police,Surrey Police,-0.249180,51.205836,On or near Clayhill Close,E01030530,Mole Valley 013C,Investigation complete; no suspect identified
fc36d8cbc762627a50711f9959b5b582d92c53eafae3cd2b8e979406a4059882,2023-04,Surrey Police,Surrey Police,-0.330373,51.211097,On or near Parklands,E01030544,Mole Valley 011A,Unable to prosecute suspect
63025a5a4af199c656a5c2f215328becf2a9a056c7c2e97be5fa4eff67f12233,2023-04,Surrey Police,Surrey Police,-0.239779,51.294661,On or near Kingswood Road,E01030637,Reigate and Banstead 006C,Investigation complete; no suspect identified
f84481f4bca8e9a568b7d45309181bb227639222cf02e0ba7e9473dde23ced3e,2023-04,Surrey Police,Surrey Police,-0.162297,51.217733,On or near Canada Drive,E01030572,Reigate and Banstead 014C,Unable to prosecute suspect
541d80b5615cc733f9313e75b57688f0f1a6ca52df073e4ae95ec672803462de,2023-04,Surrey Police,Surrey Police,-0.591138,51.253914,On or near Martin Road,E01030487,Guildford 006B,Investigation complete; no suspect identified
42799afa6448d76ae9b51fd0d87431fd3510f34a35016e35544460830580a306,2023-04,Surrey Police,Surrey Police,-0.482372,51.440855,On or near London Road,E01030708,Spelthorne 003B,Unable to prosecute suspect
368633a2e6fc78110b96c79cf6456231883c0ea11ce6934c2adfbd815a9dbf35,2023-04,Surrey Police,Surrey Police,-0.461244,51.432001,On or near Elmcroft Drive,E01030704,Spelthorne 005D,Investigation complete; no suspect identified
7e82b6f0bdbed95f197a22f6c61f25fb8a50aec29c499460c09c5909ea4f7fb3,2023-04,Surrey Police,Surrey Police,-0.420082,51.388326,On or near Harvey Road,E01030357,Elmbridge 007A,Investigation complete; no suspect identified
af494fa8857edcc2cd58e22eab03a80f204620c3e25c2c38c66321d2d8c17da1,2023-04,Surrey Police,Surrey Police,-0.257684,51.341511,On or near Supermarket,E01030410,Epsom and Ewell 007F,Investigation complete; no suspect identified
4cd66bbca18fe9a0334fe7a5e6b4f14ad955c93fef84e3666ccba64c90d0f542,2023-04,Surrey Police,Surrey Police,-0.187135,51.167193,On or near Brickfield Lane,E01030531,Mole Valley 013D,Investigation complete; no suspect identified
244e927cf288d69fcf6cafffe1b61dc5d875e74e352914b2114d4cc674f88b98,2023-04,Surrey Police,Surrey Police,-0.463013,51.432896,On or near Supermarket,E01030712,Spelthorne 003C,Local resolution
385f98a7ed62f9c885c2737dd6ef23afe1366192082dccf20cc19cf415c2533f,2023-04,Surrey Police,Surrey Police,-0.667697,51.109204,On or near Prestwick Lane,E01030869,Waverley 015D,Investigation complete; no suspect identified
323aad7ffd7ec244abfed62b3ba4ab2109d01f583ea65255832cee24650c0a21,2023-04,Surrey Police,Surrey Police,-0.232667,51.306928,On or near Elm Gardens,E01030640,Reigate and Banstead 005C,Investigation complete; no suspect identified
dda39ba6ec1515ef5d5ef92ccf69868f03f2445483698d9b09a96eaa18c4578b,2023-04,Surrey Police,Surrey Police,-0.114135,51.271113,On or near Pilgrims Lane,E01030820,Tandridge 005A,Investigation complete; no suspect identified
876d6e3c06b92eb47ffb530f18f2d20910abe57536dbc060e8cd1a4025770e4d,2023-04,Surrey Police,Surrey Police,-0.375214,51.259911,On or near Parking Area,E01030521,Mole Valley 007B,Investigation complete; no suspect identified
2ee65812a0e34cb3af901865eee28cf00831f0e7cf6304cd4a118d5bef312657,2023-04,Surrey Police,Surrey Police,-0.405173,51.383493,On or near Preston Court,E01030354,Elmbridge 008A,Investigation complete; no suspect identified
75f053e2ae2641f93cea4426c0a526beec714ddfba0ecb83d09127a13d4beabc,2023-04,Surrey Police,Surrey Police,-0.375033,51.370642,On or near Pelhams Walk,E01030308,Elmbridge 013B,Local resolution
e6bf4d7668c659d9010590f139fd485209d885b45f808dafef52db9ae27c51b7,2023-04,Surrey Police,Surrey Police,-0.244685,51.342565,On or near Further/Higher Educational Building,E01030396,Epsom and Ewell 010D,Investigation complete; no suspect identified
904600b3d7cb08ee1f96049c1f23c79c5ad8ec49da6820f426c63bf1dbfd5ed0,2023-04,Surrey Police,Surrey Police,-0.262339,51.338765,On or near Winter Close,E01030410,Epsom and Ewell 007F,Local resolution
640a7308b14e0a715d0422e332472914758abd3bf7eab3d786b5954a581377ad,2023-04,Surrey Police,Surrey Police,-0.272385,51.328554,On or near St Margaret Drive,E01030419,Epsom and Ewell 008D,Investigation complete; no suspect identified
ef2990e705ee071d191214ccad8f57b25c14ef780f5c43978612aa404241eefe,2023-04,Surrey Police,Surrey Police,-0.066435,51.157715,On or near Fareview,E01030816,Tandridge 011A,Unable to prosecute suspect
7c80ca33167c369ab4a3fbc1dcf5d90f2ad7c9f580d9f0f7a00407b89fb345a3,2023-04,Surrey Police,Surrey Police,-0.100405,51.148874,On or near Effingham Road,E01030819,Tandridge 011D,Investigation complete; no suspect identified
8dba9d0f0b510a2d95389c69eed0f1da2b79d6bc7e97b84750127f45418aec41,2023-04,Surrey Police,Surrey Police,-0.170220,51.239629,On or near Parking Area,E01030615,Reigate and Banstead 010A,Investigation complete; no suspect identified
61a29651cdcdf675b0b92844ba551a8246184cb0d27f3d43c5bfec4ec7159571,2023-04,Surrey Police,Surrey Police,-0.488178,51.138396,On or near Snoxhall Field,E01030876,Waverley 013G,Further investigation is not in the public interest
92887bacfab6bd66c6996222818f313b3aa2eab3f2babb6b398641586b6e65bb,2023-04,Surrey Police,Surrey Police,0.001971,51.241342,On or near Mill Shaw,E01030843,Tandridge 007D,Investigation complete; no suspect identified
7af67b8a57f1ee20999aeaea54ff0305e861f3f58a5b470d49af21c5df6a856e,2023-04,Surrey Police,Surrey Police,-0.124628,51.175992,On or near Charlotte Grove,E01030817,Tandridge 011B,Unable to prosecute suspect
a698769bf1fb65a660cd6d1e9da16c2b882cb9bce0e88b785c8ec66677928457,2023-04,Surrey Police,Surrey Police,-0.227296,51.288798,On or near Stokes Ridings,E01030638,Reigate and Banstead 006D,Unable to prosecute suspect
a433523069a02151c2533c7bf82d3e78c12970124c019d6b076b7f510da9d1c3,2023-04,Surrey Police,Surrey Police,-0.805345,51.212305,On or near Mead Lane,E01030884,Waverley 003A,Investigation complete; no suspect identified
53af4cb75b688775caf506632c8361855f242acdb2b1120725d7d27c1af9b4ba,2023-04,Surrey Police,Surrey Police,-0.074167,51.292935,On or near Sports/Recreation Area,E01030851,Tandridge 004E,Unable to prosecute suspect
489ac48e585a3f1b2dd412fac354f9b782cd1a6ed897bbe9e4835f22c0d63946,2023-04,Surrey Police,Surrey Police,-0.246225,51.362211,On or near Dell Lane,E01030406,Epsom and Ewell 003C,Investigation complete; no suspect identified
0ecfb087da482d0ee404c71b96fe0d0ff1a3a275828c64c0b3ed35241290b8b6,2023-04,Surrey Police,Surrey Police,-0.450671,51.372422,On or near Castleview Road,E01030371,Elmbridge 012A,Investigation complete; no suspect identified
f6e6806410e7cfe7cf77a57133d16b9a4739f41b3cf729fc2c05de28e6d07c64,2023-04,Surrey Police,Surrey Police,-0.406520,51.374501,On or near Noble Street,E01030366,Elmbridge 010C,Investigation complete; no suspect identified
b0871ac3293c23beb3b55b32e2554e9f88190e9d7a241dac00e8b09ce546a424,2023-04,Surrey Police,Surrey Police,-0.526886,51.376993,On or near Hospital,E01030677,Runnymede 008A,Unable to prosecute suspect
4aff1abd4fca96eceb2af12ac11771666cfb70f7f935ce34c8bca84af60ba41f,2023-04,Surrey Police,Surrey Police,-0.644859,51.171539,On or near The Lawns,E01030937,Waverley 011C,Unable to prosecute suspect
c3873f7f3d175335e5db7a8231459e52531144aaecf02768eb8ad2fdb5ef6644,2023-04,Surrey Police,Surrey Police,-0.138330,51.250636,On or near Parking Area,E01030813,Tandridge 008B,Investigation complete; no suspect identified
046522030c375ce5e222cf2d16f2cf0b11c0cb1104cb8cb443f65d1ddb8214df,2023-04,Surrey Police,Surrey Police,-0.462488,51.400958,On or near Laleham Road,E01030723,Spelthorne 012C,Investigation complete; no suspect identified
f89d3ede48aca32139d4de50a4c68fdc09573cded89712a30a4cbfcfeb1eca41,2023-04,Surrey Police,Surrey Police,-0.542102,51.322708,On or near Little Riding,E01030988,Woking 006A,Unable to prosecute suspect
6244fcfc80a0e88332e45394532d6e400d9170bd4d5925b9723a12d0628218c5,2023-04,Surrey Police,Surrey Police,-0.505257,51.434468,On or near Matthews Lane,E01034292,Spelthorne 004G,Local resolution
f482b272f578241737c0a8f3af9a9ef31f86d74538c3423e627492ce51fca6be,2023-04,Surrey Police,Surrey Police,-0.409493,51.328923,On or near Parking Area,E01030302,Elmbridge 017C,Further investigation is not in the public interest
5b8dde5c1884474122ff4a7ab7fb8c421dc6788b2da7ee1ffc62ae4106c6bf28,2023-04,Surrey Police,Surrey Police,-0.577656,51.236171,On or near Theatre/Concert Hall,E01030455,Guildford 013E,Investigation complete; no suspect identified
11dfb4d94e64471b905ccbe17e68d6681dc39738b1bb1e9dd534909edc1ca5af,2023-04,Surrey Police,Surrey Police,-0.333284,51.309248,On or near Oak Road,E01030548,Mole Valley 003A,Investigation complete; no suspect identified
3ac0514c4a00697fd3e9f2371d1447febc18a52ded8339ee8866012915f0f1d9,2023-04,Surrey Police,Surrey Police,-0.328167,51.355694,On or near Tower Gardens,E01030296,Elmbridge 015A,Investigation complete; no suspect identified
cd3c74dd49132bd6da2c5b93387a05e98996a1b18914ba4c6915908b7f9c739a,2023-04,Surrey Police,Surrey Police,-0.580187,51.244708,On or near Parking Area,E01030450,Guildford 013B,Unable to prosecute suspect
5d845cb9efd7d7067d790311c7a018ab92f57c9a32bd426b7f9fc8aca40ef875,2023-04,Surrey Police,Surrey Police,,,No location,,,Unable to prosecute suspect
6a6fe971e8a9ab4eb78717fa1d99c21d02619de2f1e147ee934f202e1b726e05,2023-04,Surrey Police,Surrey Police,-0.414290,51.417005,On or near Pine Wood,E01030754,Spelthorne 010B,Unable to prosecute suspect
dae7cc17dbc4d1f8bf630ff7575ef922cd96ecf8e847f5100eec9cc9fde1be21,2023-04,Surrey Police,Surrey Police,-0.476523,51.425061,On or near York Close,E01030739,Spelthorne 007B,Unable to prosecute suspect
79ca7b41f727300c46bdd50272ca9b271286020c19422ee6742d8f06481d4c67,2023-04,Surrey Police,Surrey Police,-0.572324,51.237221,On or near Ward Street,E01030451,Guildford 013C,Investigation complete; no suspect identified
e08ebbcb32ec3731e835380434c59e7ba7cfe67bea2f05d1406747cfe35016f1,2023-04,Surrey Police,Surrey Police,-0.446664,51.427546,On or near Feltham Hill Road,E01030701,Spelthorne 005A,Investigation complete; no suspect identified
14c6c880e6d5d448a94cc6c1b25b3e1694723a55d52d7ca043828c7f5257ae81,2023-04,Surrey Police,Surrey Police,-0.527204,51.423056,On or near Oak Avenue,E01030688,Runnymede 003F,Investigation complete; no suspect identified
d195076230a720e5565abe30b45d00d29f1cf729263d233ad4db766e4d7b239f,2023-04,Surrey Police,Surrey Police,-0.311886,51.378202,On or near Love Lane,E01030325,Elmbridge 006D,Investigation complete; no suspect identified
4f79faf33c1d442b7810fdce7cd43b3688cc0b36b025a6eb015209368ffd7ac3,2023-04,Surrey Police,Surrey Police,-0.332133,51.306192,On or near Dilston Road,E01030548,Mole Valley 003A,Unable to prosecute suspect
74b2125a3e8e91a0fed70186c724c1ee49fc7544fcecb6afcd806f6e8018dfca,2023-04,Surrey Police,Surrey Police,-0.383075,51.387453,On or near Oakbank Avenue,E01030362,Elmbridge 004B,Unable to prosecute suspect
ffccaaaf682a75d84c0485147faf8d45a6d9f089475f091e27974dcd550709ed,2023-04,Surrey Police,Surrey Police,-0.399714,51.366953,On or near Claremont Close,E01030317,Elmbridge 014E,Investigation complete; no suspect identified
598bd927902c7091e97d5f66b33ffc93bee2c19850f5d0bd2cd18ff778da96bc,2023-04,Surrey Police,Surrey Police,-0.523032,51.433335,On or near Blenheim Court,E01030666,Runnymede 003D,Investigation complete; no suspect identified
6a42af4c1aaa5ee851f7e1e6611952601f849c444ad458d455f0e5fe1f092161,2023-04,Surrey Police,Surrey Police,-0.537157,51.130953,On or near Stovolds Hill,E01030862,Waverley 015A,Investigation complete; no suspect identified
3867c0d387f4325604f9f5184dbe301fb45a936bb0bcae83eecc981d3eb34a9d,2023-04,Surrey Police,Surrey Police,-0.607463,51.241016,On or near Hospital,E01030470,Guildford 012A,Unable to prosecute suspect
c6abcf5e081fdb02f4ca33c63b68e779dd67b175f4cc0ed22de4a8e942d6a599,2023-04,Surrey Police,Surrey Police,-0.429578,51.419513,On or near Mill Farm Avenue,E01030752,Spelthorne 008E,Investigation complete; no suspect identified
3d708f9693d780ed23c17a87a5152a9f7e1aaaf3f087fa29653d80b4c44cd1e5,2023-04,Surrey Police,Surrey Police,-0.743447,51.342333,On or near Cromwell Road,E01030801,Surrey Heath 004D,Investigation complete; no suspect identified
899a86af39c75aa184f8062a366407af6bcfbbdf366c03c5eb8c6717cd329cc7,2023-04,Surrey Police,Surrey Police,-0.446846,51.396723,On or near Parking Area,E01030731,Spelthorne 013B,Investigation complete; no suspect identified
c98976b15ac61f75f52d22a37674c8fec268eb5cf51ac65d4e9e4d37dfe35260,2023-04,Surrey Police,Surrey Police,-0.691097,51.362586,On or near Bridge Road,E01030759,Surrey Heath 002C,Investigation complete; no suspect identified
0c3f1a11d19b4a221408096a11a72e3669e5628e7ebd7957572ee8d4bf681117,2023-04,Surrey Police,Surrey Police,-0.546971,51.431953,On or near High Street,E01030668,Runnymede 001B,Investigation complete; no suspect identified
7383c8a51ff8689eef4960974eb307a9efcf24a9508122d9c336d74f2e0453cb,2023-04,Surrey Police,Surrey Police,-0.079151,51.308997,On or near West View Avenue,E01035364,Tandridge 002F,Investigation complete; no suspect identified
5766516abb090893ec1f91b067f21b15b33f1a2750171212a44de53d6859000d,2023-04,Surrey Police,Surrey Police,-0.480091,51.455366,On or near Hadfield Road,E01030744,Spelthorne 001B,Unable to prosecute suspect
82f86a37a960428847e19bef3564fa142f5169dbc76df25a51ec67cd112a4592,2023-04,Surrey Police,Surrey Police,-0.408766,51.417875,On or near A308,E01030755,Spelthorne 010C,Unable to prosecute suspect
8f19cf8b6f63bf522c5e32dcc85c5d14cf1c0b05796efeb96e32e126809ed048,2023-04,Surrey Police,Surrey Police,-0.744624,51.337085,On or near Parking Area,E01030800,Surrey Heath 005E,Investigation complete; no suspect identified
e3d735aa32f957e1282f11353b72c53f64ec39aa0f3b52f7f39688792af478d9,2023-04,Surrey Police,Surrey Police,-0.567017,51.259097,On or near Woodlands Close,E01030484,Guildford 007D,Investigation complete; no suspect identified
ef6244b315a4ce0e748d5b3c6066dc1685de4892a41f5add758117dae98f0a5c,2023-04,Surrey Police,Surrey Police,-0.073553,51.296037,On or near Burntwood Close,E01030851,Tandridge 004E,Investigation complete; no suspect identified
bfa768acf246bb02414c8233dec10b6ae9faca225ffacc17e3cc39654aa79f97,2023-04,Surrey Police,Surrey Police,-0.714709,51.244527,On or near Willow Fields,E01030421,Guildford 014A,Investigation complete; no suspect identified
23514ce1bc2a4543fff8886589dadc066057eef80a361e17d4997d6ab76c55d7,2023-04,Surrey Police,Surrey Police,-0.233655,51.298750,On or near Bidhams Crescent,E01030608,Reigate and Banstead 005A,Offender given a caution
bea80b682390c41629286a769a281b7887db33f3564a56a50466d4972e6f8092,2023-04,Surrey Police,Surrey Police,-0.166670,51.240769,On or near Bus/Coach Station,E01035358,Reigate and Banstead 011I,Investigation complete; no suspect identified
0f3809ebf683083590c164b4065a5c58ff5791c1bbf2cce4b6ce15be9a9a9992,2023-04,Surrey Police,Surrey Police,-0.480332,51.449425,On or near Buttercup Square,E01030745,Spelthorne 001C,Local resolution
100384b691e918141135d210f774a0e3947b192f6ec9a1189e7dd8121770e110,2023-04,Surrey Police,Surrey Police,-0.630380,51.305303,On or near Lockswood,E01030944,Woking 012A,Investigation complete; no suspect identified
24082b66ba7d3a5c69d6d0703f1e1deb87b3f97509e64ed97cb275b1b2262150,2023-04,Surrey Police,Surrey Police,-0.168147,51.200936,On or near White Lodge Gardens,E01030628,Reigate and Banstead 015A,Unable to prosecute suspect
bf6b8bbf9f834fa7beb682658b72aca79bb7d613bae0166ca9d81b5f024cf38d,2023-04,Surrey Police,Surrey Police,-0.676923,51.345548,On or near Briar Avenue,E01030780,Surrey Heath 003C,Unable to prosecute suspect
c3d99299b200291b322d4a180dfbfbb4a90654b201db7bbd3dca9b768fbbb34a,2023-04,Surrey Police,Surrey Police,-0.555406,51.428613,On or near Spring Avenue,E01030669,Runnymede 001C,Unable to prosecute suspect
6a9cb0baf3ee76d55265bb44ddba7afc7aa350da8960cda5b8af35140fdf3fac,2023-04,Surrey Police,Surrey Police,-0.795739,51.206766,On or near Searle Road,E01030889,Waverley 006C,Further investigation is not in the public interest
6d315d93eaf261e52de0a11e73b82f84109754fe999195a24df81794fc3c5c4e,2023-04,Surrey Police,Surrey Police,-0.398191,51.364496,On or near Parking Area,E01030317,Elmbridge 014E,Unable to prosecute suspect
43c8fda34b9a838a17cc49c588b173569efbaed600c7b306187f7dd0117f8e3c,2023-04,Surrey Police,Surrey Police,-0.573897,51.260926,On or near Petrol Station,E01030481,Guildford 007A,Investigation complete; no suspect identified
721370a441cd6c6ecd8bccc485aa44e5223103fe9ae9c18e22cf54adb9e99cc8,2023-04,Surrey Police,Surrey Police,-0.478998,51.457959,On or near Pinewood Mews,E01030743,Spelthorne 001A,Investigation complete; no suspect identified
643f137c20a4e79611339da68b9024f5af96cf5c6ee4a6fc3fa54e1cb5284bc3,2023-04,Surrey Police,Surrey Police,-0.653849,51.305800,On or near Brunswick Drive,E01030474,Guildford 002D,Investigation complete; no suspect identified
9f33ca7173b2799f59637b4a0297bcd82cd80bc8855427bcd5fa50c725dcc031,2023-04,Surrey Police,Surrey Police,-0.272573,51.271589,On or near Sports/Recreation Area,E01030524,Mole Valley 008A,Unable to prosecute suspect
c70b672d8eb8591588cf7385d44ee7254587595bf4a540899ebd2b60f00a51bc,2023-04,Surrey Police,Surrey Police,-0.568037,51.316643,On or near Kingsway Avenue,E01030954,Woking 008A,Investigation complete; no suspect identified
19f5747c5c2384ea94dd0cdc33cc8018cc74ad6d17453e295edc08402d9b2a42,2023-04,Surrey Police,Surrey Police,-0.588595,51.248964,On or near Deerbarn Road,E01030495,Guildford 009C,Unable to prosecute suspect
9c37ff3d7217c56ae2c4adca71a3c982fe8b60407b8f7d5af56c5606da855965,2023-04,Surrey Police,Surrey Police,-0.168830,51.240020,On or near Shopping Area,E01030615,Reigate and Banstead 010A,Investigation complete; no suspect identified
fa155640b963113446202d7a6ea449af7a9e18b7e4d9a2d5b1fbd90fbfcb83e1,2023-04,Surrey Police,Surrey Police,-0.521333,51.426237,On or near Hythefield Avenue,E01030663,Runnymede 003A,Unable to prosecute suspect
43f14d9cbd71cb21040850583574d6bbb40801ef1af43022f9715759e0d67391,2023-04,Surrey Police,Surrey Police,-0.631802,51.182097,On or near Franklyn Road,E01030915,Waverley 010B,Investigation complete; no suspect identified
ecc72ae6da43391117fb76a3dea8a44c12e477a4d5f7014dedbf72b1fc565a8e,2023-04,Surrey Police,Surrey Police,-0.584088,51.236186,On or near Genyn Road,E01030452,Guildford 015A,Unable to prosecute suspect
3f853c6a4c71ceee2c8c6af26756f5af3f0eb0100d4ecbcf8d1fea4f4c64f167,2023-04,Surrey Police,Surrey Police,-0.619498,51.183508,On or near Petrol Station,E01030914,Waverley 010A,Investigation complete; no suspect identified
ac88541622b88e2300e601c16507fb8aa0244118f8362ead7b0273e65405896b,2023-04,Surrey Police,Surrey Police,-0.608074,51.251625,On or near Barnwood Close,E01030503,Guildford 005E,Investigation complete; no suspect identified
1cdda2f3650de8481240ed87e13fe7968aef06636c367f006574c864bc343605,2023-04,Surrey Police,Surrey Police,-0.389886,51.379714,On or near Maitland Close,E01030365,Elmbridge 008D,Unable to prosecute suspect
ebd46d105b813e0c774be1a93a93151a07dae8ee7fc53af6771d8daa2454f181,2023-04,Surrey Police,Surrey Police,-0.610395,51.186458,On or near Wiggins Yard,E01030916,Waverley 007A,Investigation complete; no suspect identified
11b9fa14acd4a647d063e5406dda7f4c9cf4d9c193bd2d58e18e72bdd44d8314,2023-04,Surrey Police,Surrey Police,-0.503473,51.389969,On or near Parking Area,E01030653,Runnymede 006B,Investigation complete; no suspect identified
35363f738b38304ed2bf8402b7a881b655d1b532e9d88a63f4a20ff6acdb8ced,2023-04,Surrey Police,Surrey Police,-0.004341,51.256046,On or near Supermarket,E01030836,Tandridge 006C,Investigation complete; no suspect identified
c9fb7fff350e6684c22d5b99691da5bb6aaa6fe8c6c58d96732f207d7dc8e361,2023-04,Surrey Police,Surrey Police,-0.188417,51.281126,On or near Southerns Lane,E01030567,Reigate and Banstead 004C,Investigation complete; no suspect identified
6e9ac70a02d0108f635ee08abf49e8ccd5bedbe89353a89788993efb01881024,2023-04,Surrey Police,Surrey Police,-0.314145,51.385141,On or near St Mary's Road,E01030323,Elmbridge 006B,Unable to prosecute suspect
fad6c2bc5397705c188c2201433b693b366a31c5e4638dd1cda9b60502dfc8b9,2023-04,Surrey Police,Surrey Police,-0.168925,51.223898,On or near Asylum Arch Road,E01030574,Reigate and Banstead 014E,Unable to prosecute suspect
0b75c9b6ae8f75802930719472b3cf4c2e2217b1fc8fc9a42ed315798c0e493f,2023-04,Surrey Police,Surrey Police,-0.042837,51.307614,On or near Supermarket,E01030854,Tandridge 012C,Investigation complete; no suspect identified
29ff999e876926526a153f26ef27357088ff9abcc52c649a680a22c4f2e5d574,2023-04,Surrey Police,Surrey Police,-0.414482,51.391092,On or near Thamesmead,E01030363,Elmbridge 004C,Investigation complete; no suspect identified
a2951bbb08fdebc005c676b47d0eb143d0b59d8cf6347d3714a7f6b50c124dc1,2023-04,Surrey Police,Surrey Police,-0.201908,51.323393,On or near Garden Close,E01030564,Reigate and Banstead 002F,Further investigation is not in the public interest
99c9a5f3d8f81b46f6a4a28a3341c478315d1eeb1ebe5dcdd6f94a501a471473,2023-04,Surrey Police,Surrey Police,,,No location,,,Investigation complete; no suspect identified
a72163ff59e3ee05344be46f6343cd01c3e739a057c68280ebe23dd605ffb761,2023-04,Surrey Police,Surrey Police,-0.573517,51.250967,On or near Riverside,E01030484,Guildford 007D,Investigation complete; no suspect identified
cab5dba935fc81d201841455ccd48e2b16548083b788f3399f9237b8b98d88c7,2023-04,Surrey Police,Surrey Police,-0.267727,51.334070,On or near Supermarket,E01034289,Epsom and Ewell 008E,Investigation complete; no suspect identified
3981192cba486701bbd30c48a53ce10fff263c83593cef3bea0716147702dffe,2023-04,Surrey Police,Surrey Police,-0.167110,51.242044,On or near Bus/Coach Station,E01035358,Reigate and Banstead 011I,Investigation complete; no suspect identified
d2e410be4cba0c78caec09a92040e25371cc3f4c0323839339de67fda7845d49,2023-04,Surrey Police,Surrey Police,-0.582865,51.424461,On or near Copper Beech Mews,E01030676,Runnymede 002F,Unable to prosecute suspect
2aae3c6c07b6f0a8dad4cf148d80fe0aa7929776d110500ab3b67d314fe397c8,2023-04,Surrey Police,Surrey Police,-0.335593,51.300954,On or near Randalls Way,E01030549,Mole Valley 003B,Investigation complete; no suspect identified
85a664678b131d0325666f17706053e549f6345d6ba5894f408832f41c501856,2023-04,Surrey Police,Surrey Police,-0.164336,51.252504,On or near Holcon Court,E01030610,Reigate and Banstead 011A,Investigation complete; no suspect identified
8c436d5bd2e82a7518822f07ebad958c33c72ee1c64113523ae7ac7c0bf2b4ce,2023-04,Surrey Police,Surrey Police,-0.423304,51.415005,On or near Beverley Road,E01030718,Spelthorne 011B,Investigation complete; no suspect identified
80d33e04bee996bd36d85c3cd700f55a5240b7fdebda1268b817e4ffeefd6579,2023-04,Surrey Police,Surrey Police,-0.238371,51.291708,On or near The Avenue,E01030637,Reigate and Banstead 006C,Unable to prosecute suspect
eb4b0b5a51f05e2126a47e5e1d873e1740a8190d17ed5b5a88ae2ca08ddc25c2,2023-04,Surrey Police,Surrey Police,-0.705416,51.342764,On or near Heathside Park,E01030792,Surrey Heath 009D,Unable to prosecute suspect
d99024b4c2ffbd65b198218c416d9ed90d9bf07f7af5e01f0c8bd8b5183f4889,2023-04,Surrey Police,Surrey Police,-0.353378,51.385969,On or near Imber Grove,E01030369,Elmbridge 009D,Investigation complete; no suspect identified
7602239905701e24c40d98a1df08198f716de74dd24094e4eb1abc5a8287d758,2023-04,Surrey Police,Surrey Police,-0.177637,51.239744,On or near Linkfield Corner,E01030616,Reigate and Banstead 010B,Unable to prosecute suspect
1ddbbecca67da6229fbe309146aac6d69fe90cfbc25f425b5f647002b1562152,2023-04,Surrey Police,Surrey Police,-0.528889,51.433265,On or near New Road,E01030665,Runnymede 003C,Investigation complete; no suspect identified
e81c3c81bfd5f16fbcde2fb0339ce4c317b074dc6978af241669224a90af50fb,2023-04,Surrey Police,Surrey Police,-0.629839,51.109270,On or near St Marys Mill,E01030869,Waverley 015D,Further investigation is not in the public interest
87c0c629d3439fc02b797f4d69a2b90b42d30044901b026bcdbddc454267ae17,2023-04,Surrey Police,Surrey Police,-0.613093,51.317680,On or near Lauriston Close,E01030976,Woking 007C,Investigation complete; no suspect identified
a4605a64a6221ece5af3f8f37d0ac19bc8191981aa5d68a7a3603eec573e9ca3,2023-04,Surrey Police,Surrey Police,-0.486351,51.140495,On or near Hospital,E01030876,Waverley 013G,Unable to prosecute suspect
7a515c0906dd01ebaaca6238ba24d07cef4040978e3417d594258f93d98a88a5,2023-04,Surrey Police,Surrey Police,-0.210323,51.238423,On or near Slipshoe Street,E01030620,Reigate and Banstead 012D,Investigation complete; no suspect identified
695d6e78744866022435aed85271bab930d2b109cf81e55731373d6adc577354,2023-04,Surrey Police,Surrey Police,-0.329781,51.389493,On or near St Leonard's Road,E01030350,Elmbridge 005A,Investigation complete; no suspect identified
789fc09ae043916b58f0c8be5ba538b5ac0052fac1c6492b4ef59ce5d8df04c8,2023-04,Surrey Police,Surrey Police,-0.373302,51.278337,On or near High Street,E01030521,Mole Valley 007B,Investigation complete; no suspect identified
b2e8e78bc3e44de445421809e86b12a43fa5afefdd577b0c997f6af7200fb979,2023-04,Surrey Police,Surrey Police,-0.473810,51.133704,On or near Grove Road,E01030870,Waverley 013A,Investigation complete; no suspect identified
e9831783a20c95d660f9fa97ce0b59185ae309fe654f350d2366fbf7e8a79525,2023-04,Surrey Police,Surrey Police,-0.416875,51.410863,On or near Green Street,E01030753,Spelthorne 010A,Unable to prosecute suspect
7cfa4b62650e09085270ad326a2d1d88e0de1e116873dcc5afaf7c0baecea9aa,2023-04,Surrey Police,Surrey Police,-0.549500,51.238271,On or near Tangier Road,E01030437,Guildford 011B,Investigation complete; no suspect identified
1b91776c0f4ca0156ae80a541113a86a4961c65569eaac65c49bbd7d60e8f28f,2023-04,Surrey Police,Surrey Police,-0.384762,51.288055,On or near Bookham Court,E01030517,Mole Valley 006B,Investigation complete; no suspect identified
3afddd630880819e81e289f5f59e1f5a6c5cc9d58ae1434f9cb562932363aab5,2023-04,Surrey Police,Surrey Police,-0.264016,51.346434,On or near Bishopsmead Close,E01030385,Epsom and Ewell 007A,Investigation complete; no suspect identified
0c5f26f79773998d1b9b1e653cb4f3e91bee96a3509efb16a47e21790cda422f,2023-04,Surrey Police,Surrey Police,-0.164292,51.172602,On or near Consort Way,E01035361,Reigate and Banstead 018F,Investigation complete; no suspect identified
9500c92bc8edd85656a8a3defb49cf6d2723c25e0c322b7916d95fd8cc2f7c92,2023-04,Surrey Police,Surrey Police,-0.546971,51.431953,On or near High Street,E01030668,Runnymede 001B,Unable to prosecute suspect
dd20cd636d5bbcffca5db5d11a16769e0b1c955ac2b62481be7f4a2fcd351670,2023-04,Surrey Police,Surrey Police,-0.167243,51.184033,On or near The Spinney,E01030585,Reigate and Banstead 016B,Unable to prosecute suspect
5892bec9ce25023bc4f4758d2599117a6c6e9582dcdff9923630f6f4f0aa08fa,2023-04,Surrey Police,Surrey Police,-0.196527,51.221575,On or near Potters Way,E01030633,Reigate and Banstead 015D,Further investigation is not in the public interest
ebaf762e0465ab31f869a51eaabb867cbee27401929988f3e2a4103efe7ae2a4,2023-04,Surrey Police,Surrey Police,-0.664253,51.379305,On or near London Road,E01030810,Surrey Heath 001E,Investigation complete; no suspect identified
96bde8e10f87293159e8ab270c985625fa1732ddba34e541d48877261dacbdb9,2023-04,Surrey Police,Surrey Police,-0.160525,51.171265,On or near Station Approach,E01035362,Reigate and Banstead 018G,Investigation complete; no suspect identified
e95564f8f91e199f69b346cf90fc3479d20fa8e2cabd241aed65d0a2c153a6ab,2023-04,Surrey Police,Surrey Police,-0.301109,51.309083,On or near Petrol Station,E01030512,Mole Valley 002D,Investigation complete; no suspect identified
e02b587a20b0f57a652a2f1de0c19545498a16bd7073ea5eb894bf4ae201ae1e,2023-04,Surrey Police,Surrey Police,-0.450403,51.432254,On or near St Margarets Avenue,E01030703,Spelthorne 005C,Action to be taken by another organisation
15da9e2b01b52285b894425b361194f9cb8e9c72a69ebaf452a25fd903f46341,2023-04,Surrey Police,Surrey Police,-0.177637,51.239744,On or near Linkfield Corner,E01030616,Reigate and Banstead 010B,Unable to prosecute suspect
5bff3912628322b28943a9623a1943101699e684afc17e30f6f7101bfc131c3f,2023-04,Surrey Police,Surrey Police,-0.539497,51.200819,On or near Barnett Close,E01030863,Waverley 008A,Investigation complete; no suspect identified
1d9f19ecd41999df845725c25eaf6cdb5591b21989764b9bc0cbfc54cf200f96,2023-04,Surrey Police,Surrey Police,-0.474100,51.456781,On or near Bristol Close,E01030744,Spelthorne 001B,Investigation complete; no suspect identified
b6d2cbe861bd3104af79c04df2e4460b9ea02437c52d635bad8ee4d1fa222a2d,2023-04,Surrey Police,Surrey Police,-0.427065,51.412672,On or near Parking Area,E01030717,Spelthorne 011A,Investigation complete; no suspect identified
1d8a28aad41a8643bbfc3a55eede9096588b0dfbc750a2c26f6da71ccf7e45d8,2023-04,Surrey Police,Surrey Police,-0.558389,51.298513,On or near Balfour Avenue,E01034296,Woking 011F,Investigation complete; no suspect identified
7f0778ba291c945b80f78132a42c5da1b1c689bc8bd733bba47d5bc8920be26b,2023-04,Surrey Police,Surrey Police,-0.186974,51.168018,On or near Mistley Gardens,E01030531,Mole Valley 013D,Investigation complete; no suspect identified
ab46ab2a806732a93e51e4274ff3feda09801725657c563e2117143ae4291b21,2023-04,Surrey Police,Surrey Police,-0.120287,51.174735,On or near Raleigh Drive,E01030818,Tandridge 011C,Investigation complete; no suspect identified
9ad3670f31dcfd0579eb50d89e6782317e1872264ee3847005ea621eda9a6c41,2023-04,Surrey Police,Surrey Police,-0.519578,51.432491,On or near Supermarket,E01030666,Runnymede 003D,Investigation complete; no suspect identified
a1ce38a99efd56ea2e75baad1fee7dc51b309f7bef3d436ed8ad1cd031738fad,2023-04,Surrey Police,Surrey Police,-0.552694,51.321311,On or near Grove Road,E01030983,Woking 004D,Unable to prosecute suspect
68fb7b9872e301cd506119d996ed36008ad8657b9567c8e98ea6541ba2844b46,2023-04,Surrey Police,Surrey Police,-0.714639,51.249598,On or near Britten Close,E01030421,Guildford 014A,Investigation complete; no suspect identified
53811cfc2e3252774fcf320f00997021eaf9ffbbf18089d70571abab0b10eaab,2023-04,Surrey Police,Surrey Police,-0.573993,51.235110,On or near The Shambles,E01030455,Guildford 013E,Investigation complete; no suspect identified
05e51a60d1fce6060082ba379778c68c99c8ed625084a198bc702a936a2d57ae,2023-04,Surrey Police,Surrey Police,-0.435217,51.421981,On or near Napier Walk,E01030700,Spelthorne 006D,Investigation complete; no suspect identified
581ae750dcb39a4ecea04da35b9219492554b4dc261c821b80411bb33a09af5e,2023-04,Surrey Police,Surrey Police,0.036700,51.249439,On or near Ridlands Rise,E01030831,Tandridge 006A,Action to be taken by another organisation
b4132f798825ced84b37243f864dc279f1e74319e5a1b9925f9079e545dec76a,2023-04,Surrey Police,Surrey Police,-0.616071,51.244877,On or near Blackwell Avenue,E01030494,Guildford 012B,Unable to prosecute suspect
57b89f8293043b5dae95a1939f20628a31d9ed7e2c66d3c5a71375571d4dc0b1,2023-04,Surrey Police,Surrey Police,-0.334210,51.230558,On or near Victoria Terrace,E01030538,Mole Valley 010D,Investigation complete; no suspect identified
540fd61a85771ee8a88ef5813f3514a811e97fe0ed949b4dcdda4c453325ada4,2023-04,Surrey Police,Surrey Police,-0.503265,51.258363,On or near The Street,E01030440,Guildford 001A,Investigation complete; no suspect identified
6f0af5b3e290db0617537cfb8e84c58887e9ceb097dced7dd4513239b1f46a9c,2023-04,Surrey Police,Surrey Police,-0.511330,51.435714,On or near Shopping Area,E01034291,Spelthorne 004F,Local resolution
435919975f6345942a68408907e2f2e98d6d72aae602eded3365057d607aba92,2023-04,Surrey Police,Surrey Police,-0.405504,51.392589,On or near Sandy Lane,E01030364,Elmbridge 004D,Local resolution
423704cb23b1c5162a008ddffe00417ab86aca0c11bbc007e9cdb814d13ae338,2023-04,Surrey Police,Surrey Police,-0.081576,51.313471,On or near Petrol Station,E01035363,Tandridge 002E,Local resolution
3df6d48416ba6deb175e310cab015cc5629a5c068fd522e176bc39f20f163175,2023-04,Surrey Police,Surrey Police,-0.593355,51.196254,On or near Guildford Road,E01030920,Waverley 005D,Investigation complete; no suspect identified
2414834c251f76e94dd926010d2891528ff6cd4c64fbf68346c489f5e8262edd,2023-04,Surrey Police,Surrey Police,-0.723691,51.352667,On or near Parking Area,E01030788,Surrey Heath 004C,Investigation complete; no suspect identified
ecf21438d7e7e58d68e9c2eda300ea4ce6a383da90c55c69ce4c25b7e336ba1e,2023-04,Surrey Police,Surrey Police,-0.272298,51.349955,On or near Acer Close,E01034287,Epsom and Ewell 005E,Investigation complete; no suspect identified
816cf46893347948988f88289236444b24772f552e980ec4c0e226744d75a359,2023-04,Surrey Police,Surrey Police,-0.734897,51.113781,On or near Royal Huts Avenue,E01032626,Waverley 018F,Investigation complete; no suspect identified
f316e824b762724b62dab6365d2f2073c9b240dc71545d9ff608bc0911d2a89f,2023-04,Surrey Police,Surrey Police,-0.228545,51.321200,On or near Park Wood View,E01030605,Reigate and Banstead 001C,Investigation complete; no suspect identified
d7fe4b7f16cf1fc2caa4ac9359e91c88b0c115f313312ba4500c1c72a03d7fbb,2023-04,Surrey Police,Surrey Police,-0.165514,51.182171,On or near Benhams Drive,E01030576,Reigate and Banstead 018B,Further investigation is not in the public interest
acf2f10a952151f898e7f715d160699ff2442ff42d37417cf4b5195221de693d,2023-04,Surrey Police,Surrey Police,-0.337671,51.353806,On or near Foxwarren,E01030299,Elmbridge 015D,Unable to prosecute suspect
ecb56cb650530cced26f97d7417b32b40f69ec2db7ea2f731ac85d474ce8c00e,2023-04,Surrey Police,Surrey Police,-0.595851,51.189000,On or near Grange Close,E01030922,Waverley 007E,Unable to prosecute suspect
2d787c876205b7332e9cf7e5d556ed399810f824306ff1d7a35e42d95e0ce8af,2023-04,Surrey Police,Surrey Police,-0.591138,51.253914,On or near Martin Road,E01030487,Guildford 006B,Investigation complete; no suspect identified
273071e4b611bc482ddfddca69473ace6bf7ceb703400d0da357cf31d08d556a,2023-04,Surrey Police,Surrey Police,-0.311886,51.378202,On or near Love Lane,E01030325,Elmbridge 006D,Investigation complete; no suspect identified
d217ac19a0a9ca41f094aec21f4c858a8c51ae5b6c7619e79cfcd7b13accd278,2023-04,Surrey Police,Surrey Police,-0.607463,51.241016,On or near Hospital,E01030470,Guildford 012A,Unable to prosecute suspect
4849ddcd9fd9d77ed5b50ceaf75a42eaf676c869aa489d7becd92f07b6c77d3f,2023-04,Surrey Police,Surrey Police,-0.044811,51.219264,On or near Easter Way,E01030826,Tandridge 009C,Unable to prosecute suspect
d837082b28e78ee8a0317303b766f13ae0700f02b83368444dbf9177519fb099,2023-04,Surrey Police,Surrey Police,-0.599062,51.193553,On or near Parking Area,E01030921,Waverley 005E,Investigation complete; no suspect identified
02cb3df11d1c08d74eb9ca7f238cb6c0d3cd8e60ac51c981746a6319c3b18ea3,2023-04,Surrey Police,Surrey Police,-0.773301,51.218322,On or near Moor Park Lane,E01030894,Waverley 004D,Unable to prosecute suspect
e568978e4d15c54228000483473acee2ad8f2f45c99e2d5ffc02f02802ef14d8,2023-04,Surrey Police,Surrey Police,-0.329253,51.225829,On or near Harrowlands Park,E01030536,Mole Valley 010B,Unable to prosecute suspect
d43452f5ad92e5b92b5ca62a283a9b4f2a5baf9dd0610a84bab8e20f530b0e72,2023-04,Surrey Police,Surrey Police,-0.495135,51.368569,On or near Addlestone Park,E01030645,Runnymede 009A,Unable to prosecute suspect
5ce6fb95747d64a739486b0b30e08c8e1714115cbf7898b1a3ce0d3db554dfa8,2023-04,Surrey Police,Surrey Police,-0.263341,51.334284,On or near Supermarket,E01034290,Epsom and Ewell 008F,Investigation complete; no suspect identified
0265458254410f09499c54edd755a46468c9578f4a5c0329aba8ef8c78e22381,2023-04,Surrey Police,Surrey Police,-0.453394,51.373043,On or near Arlington Lodge,E01030371,Elmbridge 012A,Unable to prosecute suspect
aef87a4457f1112fa638db6007b245a0eb7afe524a2e633c820e354c102cba8e,2023-04,Surrey Police,Surrey Police,-0.572923,51.244251,On or near Acacia Road,E01030450,Guildford 013B,Unable to prosecute suspect
920801f5006eca7524ee803b02871a1c68e0f30c3de0e6849ea90e31fe54cde8,2023-04,Surrey Police,Surrey Police,-0.538053,51.339914,On or near Martyrs Lane,E01030965,Woking 003C,Investigation complete; no suspect identified
87125d07fe9d89af22be359276e4359439aa684c51203e719c1775cec9825a24,2023-04,Surrey Police,Surrey Police,-0.498942,51.438371,On or near Bremer Road,E01030734,Spelthorne 004A,Investigation complete; no suspect identified
a958087e05d4e56905719603a473c2d4f6ff94e73c54fe222106fd7ebcea4f57,2023-04,Surrey Police,Surrey Police,-0.480258,51.339295,On or near Derisley Close,E01030946,Woking 001A,Unable to prosecute suspect
9163a054a184514d5de8d50757c594aa7729e5b57770cfcb93b4640d620c1190,2023-04,Surrey Police,Surrey Police,-0.141525,51.288728,On or near Sports/Recreation Area,E01030569,Reigate and Banstead 004E,Investigation complete; no suspect identified
84d29f6b5f9f34a9fe566333ac32973970bfb2981a77d890c396f8974d7c2a6b,2023-04,Surrey Police,Surrey Police,-0.456114,51.431403,On or near Town Tree Road,E01030702,Spelthorne 005B,Unable to prosecute suspect
9ffa6eb1fa8adafa4375cfbb86f130a7ed12e5125b0dfe5e10b70330ea6cf1a2,2023-04,Surrey Police,Surrey Police,-0.556134,51.426509,On or near Ripley Avenue,E01030669,Runnymede 001C,Unable to prosecute suspect
2b0ee0da37a47f6899c799fc97b7618de78af558be60358a552fef95923e45b0,2023-04,Surrey Police,Surrey Police,-0.534256,51.366232,On or near Brunner Court,E01030678,Runnymede 008B,Investigation complete; no suspect identified
56cb5d1302584b36b53f67d3a2d918cb95a1fd105a40bbc66aef0c292659e9da,2023-04,Surrey Police,Surrey Police,-0.762734,51.332557,On or near Queen Mary Avenue,E01030793,Surrey Heath 008A,Unable to prosecute suspect
6120fb0e238a6c34c04610e170a1737f13b30beaa1ad11b82dde0282cf4df37b,2023-04,Surrey Police,Surrey Police,-0.146112,51.257406,On or near Sports/Recreation Area,E01030600,Reigate and Banstead 008B,Unable to prosecute suspect
c4c042ce67216d7dbcb3f468ba5ab50cb156ad017cac5af52069cd5be1f314d3,2023-04,Surrey Police,Surrey Police,-0.604217,51.350531,On or near The Grange,E01030764,Surrey Heath 001B,Local resolution
9779b40af9a28c2df2d91e4eec56e54aadebfb019f2a60316fe119fbb8661de3,2023-04,Surrey Police,Surrey Police,-0.387535,51.323497,On or near Knowle Park,E01030343,Elmbridge 018C,Unable to prosecute suspect
d9f374419e5e1471a18874fd0f414701eeb97e6467b25270418e8889ceaa4390,2023-04,Surrey Police,Surrey Police,-0.382144,51.404076,On or near Hollingworth Close,E01030331,Elmbridge 001B,Investigation complete; no suspect identified
ee351f55bee09929246a9f3d8511354c55b1bd59b34f31f0a2bb4e885bbacd24,2023-04,Surrey Police,Surrey Police,-0.803266,51.214613,On or near Parking Area,E01030885,Waverley 003B,Investigation complete; no suspect identified
ada72c68a2375ecaa44a5178ed8252843bcb4317428af928dc680103e5895aae,2023-04,Surrey Police,Surrey Police,-0.222599,51.327980,On or near Sycamore Rise,E01030603,Reigate and Banstead 001A,Investigation complete; no suspect identified
359bc50d6c6cbc01a5c99a1fd799ed4097c765c8c3faf9289a782d7d876c9c4a,2023-04,Surrey Police,Surrey Police,0.013853,51.258828,On or near High Street,E01030831,Tandridge 006A,Investigation complete; no suspect identified
2f38dbabae60caeda90a6eb1ea4bcc68f9e18747fe6477b978ee1f99568a3703,2023-04,Surrey Police,Surrey Police,-0.536693,51.331237,On or near Blackmore Crescent,E01034293,Woking 004G,Unable to prosecute suspect
5e3126d859c216177f4e1eb6c424cca550eff90b18a3f6734cd729a7047a16fa,2023-04,Surrey Police,Surrey Police,-0.411900,51.391345,On or near Supermarket,E01030363,Elmbridge 004C,Investigation complete; no suspect identified
454838cbedc8186217fe9b779526477b5eaa62eb68253f332651eecd31493dd9,2023-04,Surrey Police,Surrey Police,-0.257684,51.341511,On or near Supermarket,E01030410,Epsom and Ewell 007F,Investigation complete; no suspect identified
c51a5f1c61da9843e627425d8b1962bf919cb973e211b44c6576657a0c3c4d3e,2023-04,Surrey Police,Surrey Police,-0.420891,51.386520,On or near Shopping Area,E01030357,Elmbridge 007A,Investigation complete; no suspect identified
05a61cb58445da43cd028c8dcc7f027d424dbca370e7ff36ad24709358468152,2023-04,Surrey Police,Surrey Police,-0.168147,51.200936,On or near White Lodge Gardens,E01030628,Reigate and Banstead 015A,Local resolution
c11c920ce2dcce24d56a5dd4fb0904bc6c8df1bcc6bc4ff71ccae0a46a6ffa8b,2023-04,Surrey Police,Surrey Police,0.006496,51.158915,On or near Dorman's Close,E01030821,Tandridge 010A,Investigation complete; no suspect identified
cd656feed671cc29b6c933c11d43f9b8b2c5e8934343ad9e30ea3f9d1d8dde6f,2023-04,Surrey Police,Surrey Police,-0.761863,51.323313,On or near Supermarket,E01030803,Surrey Heath 008D,Investigation complete; no suspect identified
a5ae1ddcd5753bc940883684f85da1b2156d94e5e1c4e626f941ea1f992812ac,2023-04,Surrey Police,Surrey Police,-0.707253,51.331580,On or near Langdon Close,E01030777,Surrey Heath 007D,Suspect charged
25c8ad94ba901fc58cc8a83096825d24fc46577b08974623b7a397baa1562916,2023-04,Surrey Police,Surrey Police,-0.548500,51.431846,On or near Wetton Place,E01030669,Runnymede 001C,Investigation complete; no suspect identified
39b65df18426889cb79180d006bac15ee86c95bc71186de85fa36381e52e042d,2023-04,Surrey Police,Surrey Police,-0.269907,51.333383,On or near Parking Area,E01034289,Epsom and Ewell 008E,Investigation complete; no suspect identified
8f4babaeb7361eeb7133314cc4a2db54da9ed60a2163fda74838073f9f87e076,2023-04,Surrey Police,Surrey Police,-0.728897,51.243845,On or near Merryworth Close,E01030425,Guildford 014D,Further investigation is not in the public interest
87621818adadabf7378c1ddb531adef338046d7e87fcc0475912ebc9103d35d4,2023-04,Surrey Police,Surrey Police,-0.420891,51.386520,On or near Shopping Area,E01030357,Elmbridge 007A,Unable to prosecute suspect
f34602e080fa681d6c39b7898c021053f0e1bfe045adcd1c54a6aaacbe8c60a7,2023-04,Surrey Police,Surrey Police,-0.724856,51.285328,On or near The Glade,E01030785,Surrey Heath 012D,Investigation complete; no suspect identified
bfe7147bb35a5bedf764e55c8af327b0be839cded271923cf9e683dcf82a12c6,2023-04,Surrey Police,Surrey Police,-0.441009,51.424657,On or near Elgin Avenue,E01030698,Spelthorne 006B,Investigation complete; no suspect identified
bebcbd99fe0c28b3610ff27da36084df1434a34d9a366b0b79f08d8527106987,2023-04,Surrey Police,Surrey Police,-0.514513,51.104858,On or near Clappers Meadow,E01030862,Waverley 015A,Investigation complete; no suspect identified
282df378a97abe408df478d5af24bcf55859f84a4d0cc678122b4789c48faf68,2023-04,Surrey Police,Surrey Police,-0.412186,51.421698,On or near A316,E01030755,Spelthorne 010C,Investigation complete; no suspect identified
467e288bec58e4ab7a5a8b3252c387af688cd73278b33cb1700a8e8e71cc44a5,2023-04,Surrey Police,Surrey Police,-0.590807,51.257696,On or near Fairborne Way,E01030489,Guildford 006D,Action to be taken by another organisation
a9841ab2e66b1e633081ea59f7ef16ec3e44b6cbe4b72c0dae54f9024ccb3bb6,2023-04,Surrey Police,Surrey Police,-0.530066,51.333762,On or near Spencer Close,E01034293,Woking 004G,Investigation complete; no suspect identified
59b0472de9ce862960da403a5c1cef2d50adf21670726591600013cb10e6ab0f,2023-04,Surrey Police,Surrey Police,-0.571697,51.240333,On or near Stoke Mews,E01030451,Guildford 013C,Unable to prosecute suspect
0f1ce2533fb094288f4d292b4364dd9c5b332fed9a8ec6aee153500f0563dd8b,2023-04,Surrey Police,Surrey Police,-0.553933,51.321173,On or near Stanley Road,E01030954,Woking 008A,Investigation complete; no suspect identified
ec94e04f20ab006bfc14372e56a9d6382cdb06a31b1af6d308f5fd83953c7a37,2023-04,Surrey Police,Surrey Police,-0.168757,51.244723,On or near Nash Gardens,E01030617,Reigate and Banstead 010C,Unable to prosecute suspect
41054fdfe69c06382dbbe25722383680f93c73e5e0e8529cb3eadb9a231e02da,2023-04,Surrey Police,Surrey Police,0.005648,51.167410,On or near Racecourse Road,E01030821,Tandridge 010A,Unable to prosecute suspect
bf436ead2ed2ce1ce583f2463602027f5aaa12cf5e10d98b7cc56f33ca170da8,2023-04,Surrey Police,Surrey Police,-0.795726,51.214428,On or near Brightwells Road,E01030885,Waverley 003B,Investigation complete; no suspect identified
4fb9b51adc9d59b8804dda69a81864547f0480ebc3bd9261543a85d1194b6938,2023-04,Surrey Police,Surrey Police,-0.456687,51.437453,On or near Anglesey Close,E01030703,Spelthorne 005C,Unable to prosecute suspect
41bf11087630c3e85cae663e9a816b28671dbc811ef09f3659b362ca7b9ede58,2023-04,Surrey Police,Surrey Police,-0.155797,51.294690,On or near Rowan Grove,E01030569,Reigate and Banstead 004E,Investigation complete; no suspect identified
e93522e65c5e907e230c4b8237221be40109a3488b261b3b3ec8524ef4aebc1f,2023-04,Surrey Police,Surrey Police,-0.247467,51.343220,On or near Beech Walk,E01030392,Epsom and Ewell 010C,Unable to prosecute suspect
1a4fe1f9855229da5f0ce34f50cc15d3c55519681a42059d0577175474793064,2023-04,Surrey Police,Surrey Police,-0.345756,51.315531,On or near Oaklawn Road,E01030548,Mole Valley 003A,Investigation complete; no suspect identified
be807551b09662d40e88ef9c174f093578bc66a15307aaab9056e5f7430b8225,2023-04,Surrey Police,Surrey Police,-0.265771,51.339131,On or near Miles Road,E01030410,Epsom and Ewell 007F,Investigation complete; no suspect identified
c2787bd6153eed02d703dd7ad2a8df86f32c8526e2ced206c4d2d54b0e375a3e,2023-04,Surrey Police,Surrey Police,-0.161491,51.169635,On or near Supermarket,E01035362,Reigate and Banstead 018G,Investigation complete; no suspect identified
7bba87357207c559de8e798e06d217c7fabb6fad2508b36d6d1185fc3878de3e,2023-04,Surrey Police,Surrey Police,-0.205378,51.242334,On or near Supermarket,E01030627,Reigate and Banstead 009F,Unable to prosecute suspect
14cad0b334cc23b9c031e86b0e026c31a7020b62cd69c02c00ebec879f59738b,2023-04,Surrey Police,Surrey Police,-0.197529,51.256042,On or near Fort Lane,E01030625,Reigate and Banstead 009D,Investigation complete; no suspect identified
60e183f201b795e1ed9ea5e7b7c5f5898b76471c6c60f3657f926c129ad2ede9,2023-04,Surrey Police,Surrey Police,-0.253869,51.358774,On or near The Drive,E01030395,Epsom and Ewell 004A,Investigation complete; no suspect identified
24424114dd356462da46d2d846ccfba03568bb4addde467cba2421be5547175b,2023-04,Surrey Police,Surrey Police,-0.705506,51.331938,On or near Norton Road,E01030777,Surrey Heath 007D,Unable to prosecute suspect
0e1a4ae8c64722fa4d28135b1b451f59f4d342709ec5f1dfe78868ea9f65aa12,2023-04,Surrey Police,Surrey Police,-0.007390,51.258786,On or near St Mary's Close,E01030839,Tandridge 006F,Investigation complete; no suspect identified
6a27c081063b2d3851260cace0d0c7e00da5ffc90c1f449bf845e6b79b834158,2023-04,Surrey Police,Surrey Police,-0.496959,51.390956,On or near Rosemead,E01030658,Runnymede 004B,Investigation complete; no suspect identified
d5d1c5c7bbd7e9fa84380b71f524b7df5d806f34fcf1dc9a70b217b2bb201b19,2023-04,Surrey Police,Surrey Police,-0.387921,51.216625,On or near William Evelyn Court,E01030555,Mole Valley 012B,Local resolution
d35bbc7af94a107e921ffbf0b203b677051fd2e7ac466b64a4a9bd57cf8fbf7c,2023-04,Surrey Police,Surrey Police,-0.251119,51.369506,On or near Vale Road,E01030378,Epsom and Ewell 003B,Investigation complete; no suspect identified
793ad1a224754f18944da51aa9f7bdb3e727caf103d36cf01c874cc0f522ad46,2023-04,Surrey Police,Surrey Police,-0.652306,51.160960,On or near Woodpeckers,E01030939,Waverley 011E,Unable to prosecute suspect
c0de6e93219b51ccae86e254d0d2a30db4bd67ffc241e4e6f211228d6a912f45,2023-04,Surrey Police,Surrey Police,-0.566671,51.240731,On or near Victoria Road,E01030457,Guildford 013F,Investigation complete; no suspect identified
c8912490b0445d28eb7341e9d4211b9c8ddc794bffeff94e83986c2fc101d14a,2023-04,Surrey Police,Surrey Police,-0.431183,51.213526,On or near Felday Road,E01030555,Mole Valley 012B,Unable to prosecute suspect
9ae8729a18dba9a4482051d951486d553bd66b3712cb8b250445ceb06f626383,2023-04,Surrey Police,Surrey Police,-0.570486,51.303886,On or near Lilac Avenue,E01030971,Woking 011A,Unable to prosecute suspect
e2f605b41678485eb1eac6eeb36501facffeec1f11bdd300ba93746ba59e5bc9,2023-04,Surrey Police,Surrey Police,-0.558810,51.316035,On or near Police Station,E01034294,Woking 008F,Unable to prosecute suspect
456a6380da8d2f348a46b59f7093a31a9fc13b98757430f498586dc9856aee9f,2023-04,Surrey Police,Surrey Police,-0.270763,51.322820,On or near Chantry Hurst,E01030417,Epsom and Ewell 009D,Investigation complete; no suspect identified
cac72af68ff0d6f49e1769bc51c8c3ab183237d08dea6cdd9954207768722fd3,2023-04,Surrey Police,Surrey Police,-0.509348,51.421922,On or near Riverside Road,E01030727,Spelthorne 009B,Investigation complete; no suspect identified
a9301c345426af6573ae89cca043dd51e8222211d8d195ef308b9d2101ceb39a,2023-04,Surrey Police,Surrey Police,-0.161491,51.169635,On or near Supermarket,E01035362,Reigate and Banstead 018G,Investigation complete; no suspect identified
d76c0f8b5fa56e8321315fb193baf5876b591aff2f1fe7719735f38e7dcf2124,2023-04,Surrey Police,Surrey Police,-0.556299,51.308883,On or near Sports/Recreation Area,E01030972,Woking 011B,Investigation complete; no suspect identified
f81496e7bca6a76a68a5763145c4e8e8703134f49b52aec33aa8f663c5f2c771,2023-04,Surrey Police,Surrey Police,-0.151714,51.253142,On or near Reeds Meadow,E01030610,Reigate and Banstead 011A,Investigation complete; no suspect identified
c2007cdedcadce8b6ec3cda862174371f492efb043e9e948ce2fd3e71f060024,2023-04,Surrey Police,Surrey Police,-0.333928,51.234501,On or near Sports/Recreation Area,E01030532,Mole Valley 009A,Unable to prosecute suspect
afe9d62cde9fdf7b91399386e8841923daadf1d18bce14bfd021806417595a34,2023-04,Surrey Police,Surrey Police,-0.453122,51.387939,On or near Ferry Square,E01030730,Spelthorne 013A,Investigation complete; no suspect identified
7815084c82a117cfa03ebfbb665d1d3ca759041a446426d4eeb08bbbfc43432d,2023-04,Surrey Police,Surrey Police,-0.799336,51.213790,On or near Downing Street,E01030885,Waverley 003B,Investigation complete; no suspect identified
67d615f20664283e34fa2897dd256472a7382f7d008d909b89f472a1eb3fa2af,2023-04,Surrey Police,Surrey Police,-0.167110,51.242044,On or near Bus/Coach Station,E01035358,Reigate and Banstead 011I,Unable to prosecute suspect
d1a687d2cc058bcd5a1ebcbeb4ac70ef51f13901332ff15ebba4071cbb7f2751,2023-04,Surrey Police,Surrey Police,-0.243755,51.358065,On or near Park Avenue East,E01030407,Epsom and Ewell 003D,Investigation complete; no suspect identified
f52bb37313c54980c4f17ef7d4ab83eaf1989f55d20537b96c46c6dbc2d1fed1,2023-04,Surrey Police,Surrey Police,-0.552547,51.303657,On or near Rosebery Crescent,E01030972,Woking 011B,Investigation complete; no suspect identified
38a636aef3090a7f9da951010aa5932cd2033b5e14401126d848842c8a2b47f7,2023-04,Surrey Police,Surrey Police,-0.555397,51.320714,On or near Duke Street,E01030954,Woking 008A,Investigation complete; no suspect identified
451ffff6cc0ef71a081df0ec3ea48cb4b14b1cd083e12ccc1eb82747d4f3b667,2023-04,Surrey Police,Surrey Police,-0.694615,51.361114,On or near London Road,E01030759,Surrey Heath 002C,Investigation complete; no suspect identified
3a05ae9ae76c3eeec8a15817cfaa827da4c713d171a106e3ff19112ad0f1a32c,2023-04,Surrey Police,Surrey Police,-0.457358,51.373104,On or near High Street,E01030374,Elmbridge 012D,Unable to prosecute suspect
b84bb6fe2546dde1783e6aad5633671e66546a640dcce0f5ead41bc39b9976c9,2023-04,Surrey Police,Surrey Police,-0.429420,51.420761,On or near A244,E01030700,Spelthorne 006D,Unable to prosecute suspect
2c4b375c28f33c4b6335516459010d58a1b6a55d3ea28b70554c4ae4857d67cf,2023-04,Surrey Police,Surrey Police,-0.179904,51.174653,On or near Hardy Close,E01030586,Reigate and Banstead 016C,Unable to prosecute suspect
3b4824687c5312ec408adcd07acfc87e9d917ad978485c7e3cd81a3bb2b477f4,2023-04,Surrey Police,Surrey Police,-0.417746,51.394373,On or near The Halliards,E01030363,Elmbridge 004C,Unable to prosecute suspect
f6df53334a7b0da18e88f8039725af52f57e2bde911e4cf991787f8c588c42bf,2023-04,Surrey Police,Surrey Police,-0.345368,51.403247,On or near Hardys Mews,E01030326,Elmbridge 002A,Unable to prosecute suspect
2df51af32b4e2467512e2a4a84882f7b09af4e2a50ddddc32295951931a71f77,2023-04,Surrey Police,Surrey Police,-0.805992,51.213859,On or near Potters Gate,E01030885,Waverley 003B,Unable to prosecute suspect
741f022f455225bf556d1ceaefcd397422f6acef60f8e4c9f6a4088b84d55026,2023-04,Surrey Police,Surrey Police,-0.244685,51.342565,On or near Further/Higher Educational Building,E01030396,Epsom and Ewell 010D,Investigation complete; no suspect identified
31cba6e90233b517b71a6fa3a450c62c2b6fbc9a1f2388855ebe80fe545095ff,2023-04,Surrey Police,Surrey Police,-0.041685,51.281101,On or near Church Road,E01030861,Tandridge 004F,Investigation complete; no suspect identified
01563cfb850653166b738599ee6fbce4c34f42cb9e8a68807151390198a92117,2023-04,Surrey Police,Surrey Police,-0.512019,51.424258,On or near Mayfield Gardens,E01030686,Runnymede 004D,Investigation complete; no suspect identified
64146ee065968c188ff4146d10446a5ad71fec2b454cb5bf0e493339074f9af1,2023-04,Surrey Police,Surrey Police,-0.572297,51.253820,On or near School Close,E01030484,Guildford 007D,Investigation complete; no suspect identified
cab614b3e2ee846a687f51bb570a0ff8b647b3bf50c033d917ba0b4e7eb15e0a,2023-04,Surrey Police,Surrey Police,,,No location,,,Investigation complete; no suspect identified
213f45ae7eec1dcb90b6a48dbb80e6cc9564ca9908f524e4002d49f0b294f221,2023-04,Surrey Police,Surrey Police,-0.325980,51.293911,On or near Church Road,E01030552,Mole Valley 004B,Investigation complete; no suspect identified
d77e511dd76508cbbf5920fdab29ce30e96f0db8be4ea94c6ea2cd8d1883a907,2023-04,Surrey Police,Surrey Police,-0.417241,51.428151,On or near Parking Area,E01030749,Spelthorne 008B,Unable to prosecute suspect
7694d19d77b4c3e5c6e8c1164886a0cf62813d73d7bb094a9c775e8d38d8d800,2023-04,Surrey Police,Surrey Police,-0.328422,51.295789,On or near Shopping Area,E01030550,Mole Valley 003C,Investigation complete; no suspect identified
642b01f54d4f8e3e7b90d7cd28ed69c196d99b0cd8a090f0951260d1c1df1d4a,2023-04,Surrey Police,Surrey Police,-0.763868,51.334169,On or near Bracebridge,E01030793,Surrey Heath 008A,Unable to prosecute suspect
bb4ebc3d1ee3df49d614de4ba9551f2dfa2973bd476cfdf2750488e2d2ddf201,2023-04,Surrey Police,Surrey Police,-0.530279,51.248939,On or near Merrow Street,E01030462,Guildford 008C,Unable to prosecute suspect
362434a7fe41bbc0434146a3733c2368b1d5263e59d08ef54f6706a4adc0df46,2023-04,Surrey Police,Surrey Police,-0.745774,51.336504,On or near Pembroke Broadway,E01030800,Surrey Heath 005E,Unable to prosecute suspect
1e2dccb6009891813b9cd48c9947ec80a6ab329f4684aa9d4a7fd9bf66da2d4a,2023-04,Surrey Police,Surrey Police,-0.573939,51.238309,On or near Supermarket,E01030451,Guildford 013C,Investigation complete; no suspect identified
4691c7a399e50d0f45a6824cf28e1210165d1de48cd07196e0b58e9c9330a56a,2023-04,Surrey Police,Surrey Police,-0.259503,51.334406,On or near Parking Area,E01030412,Epsom and Ewell 008C,Further investigation is not in the public interest
f24e6c2d31d7be13aa4f6ace04e662a868ef003c32eb6bd941ed0c65d98560d8,2023-04,Surrey Police,Surrey Police,-0.094709,51.282552,On or near Wood Lane,E01030848,Tandridge 005C,Investigation complete; no suspect identified
8b43a1cc5b1052793fa1eb57d3559240762cb362718bb3c350f01711feb38063,2023-04,Surrey Police,Surrey Police,-0.572427,51.242662,On or near Old School Close,E01030450,Guildford 013B,Investigation complete; no suspect identified
64083325617debb1aa1553122ba0e184895a0cf0d7275bf9db610cb8a4cab0e7,2023-04,Surrey Police,Surrey Police,-0.065926,51.255982,On or near Bakers Mead,E01030824,Tandridge 009A,Investigation complete; no suspect identified
a0b7ebbb9e8c58830b0961abeab85175cdb39ead679245bc072d6cf68ecacf14,2023-04,Surrey Police,Surrey Police,-0.506392,51.335970,On or near Petrol Station,E01031003,Woking 002D,Investigation complete; no suspect identified
86107ab8e25e3e1f72abe6d3063b979fe737e1af4240f82b4e0acd5d013ebff5,2023-04,Surrey Police,Surrey Police,,,No location,,,Unable to prosecute suspect
73a1dc1bbd6ece5eedf2065fb976f7431a2086f67d45fc391bfcbab14cdcd53b,2023-04,Surrey Police,Surrey Police,-0.347906,51.383869,On or near Alma Road,E01030369,Elmbridge 009D,Suspect charged
ccc816ca6a8f1e0a38b8e45923e1f0f8fb197a7146a63f27fdaaa7b709072f97,2023-04,Surrey Police,Surrey Police,-0.265361,51.333750,On or near Theatre/Concert Hall,E01034290,Epsom and Ewell 008F,Formal action is not in the public interest
7dc6ab168bf45662194985238e2f292775ac0d43a376578057152ffc51401c7e,2023-04,Surrey Police,Surrey Police,-0.448133,51.361661,On or near Granville Close,E01030348,Elmbridge 016C,Unable to prosecute suspect
c97c97e8c29336d33bf2431d93489bb215872f28b8994f343319f1c2c6a4cb0d,2023-04,Surrey Police,Surrey Police,-0.425489,51.420052,On or near Staines Road West,E01030752,Spelthorne 008E,Investigation complete; no suspect identified
45cd9b79a2c4e31bda8f912b4019a05448838546377326f4775d8d42996e9c00,2023-04,Surrey Police,Surrey Police,-0.727056,51.320880,On or near Dell Grove,E01030769,Surrey Heath 010D,Investigation complete; no suspect identified
3af4d6578171941d17416811899006522c9a30d36527acdb462a17f7d81a5340,2023-04,Surrey Police,Surrey Police,-0.607463,51.241016,On or near Hospital,E01030470,Guildford 012A,Unable to prosecute suspect
44156f24a0ecfd1499b45fed7d37811a06b1bd6dd0d5087afb8f8ead09437172,2023-04,Surrey Police,Surrey Police,-0.262908,51.332811,On or near Parking Area,E01034290,Epsom and Ewell 008F,Unable to prosecute suspect
4d79d43271207b9283a1a791fd7ea44e416b71c647d2293a33d32cfe2268722b,2023-04,Surrey Police,Surrey Police,-0.744264,51.339230,On or near St George's Road,E01030800,Surrey Heath 005E,Unable to prosecute suspect
6da082dd29cf39cf6ab57f9fd7aca976fab3c83bba679349f31ac66f29fd22cd,2023-04,Surrey Police,Surrey Police,-0.048141,51.159471,On or near Wire Mill Lane,E01030823,Tandridge 011E,Investigation complete; no suspect identified
c2098b400322deca2a2abcb0b85c1eed2cde575ca152971f3a6396506e7c2e37,2023-04,Surrey Police,Surrey Police,-0.754988,51.327043,On or near B3411,E01030803,Surrey Heath 008D,Investigation complete; no suspect identified
0e1b77e86ce1cf66a638551a4a22b03df558f1dab9829836f9bf3b990436aa20,2023-04,Surrey Police,Surrey Police,-0.738055,51.190296,On or near Whitmead Lane,E01030908,Waverley 018A,Investigation complete; no suspect identified
d3142fdd792de108bb35463a7e6fd397fa75aad05ec1a8a70080fff7b2f9291e,2023-04,Surrey Police,Surrey Police,-0.570686,51.336006,On or near Park/Open Space,E01030963,Woking 003A,Investigation complete; no suspect identified
95d3d16ec0bf31c8df21618d8d45172168c4c1e72534adbe61bd256b55235d60,2023-04,Surrey Police,Surrey Police,-0.257417,51.331111,On or near Wimborne Close,E01030412,Epsom and Ewell 008C,Investigation complete; no suspect identified
b0459ae9d2728fa2ab934d002a05ba78b918193bfceed2f9d488cde38fc544e9,2023-04,Surrey Police,Surrey Police,-0.330147,51.301992,On or near Petrol Station,E01030550,Mole Valley 003C,Investigation complete; no suspect identified
1ef923060b8a0ca28260fe415aeccd3f9fa6eb7d0400b14fe0dffd6609d1590a,2023-04,Surrey Police,Surrey Police,-0.326856,51.233888,On or near Brunswick Walk,E01030538,Mole Valley 010D,Suspect charged
c03e3e3810576aeca1a9d9ca4e65e51471fe4b5684c7b1067d78f3d43e86a62c,2023-04,Surrey Police,Surrey Police,-0.414482,51.391092,On or near Thamesmead,E01030363,Elmbridge 004C,Investigation complete; no suspect identified
002af4f05dc34560aab100db82d1566cf6075e23855b1116798ff194bd57670e,2023-04,Surrey Police,Surrey Police,-0.560040,51.300305,On or near Cricketer Close,E01034296,Woking 011F,Investigation complete; no suspect identified
38bc7bb17a74a603b67945087a442f929195c60959112b7e3ed2d7f4e5957fb1,2023-04,Surrey Police,Surrey Police,-0.253869,51.358774,On or near The Drive,E01030395,Epsom and Ewell 004A,Investigation complete; no suspect identified
fc121563e03b1609047f83ddbbf8921deb982b004709ccc6eb827daab4834b04,2023-04,Surrey Police,Surrey Police,-0.630786,51.220249,On or near Down Lane,E01030478,Guildford 017C,Suspect charged
d6c3f761614058b2a9ed4938864597d026612d41c645ad11c1ab851786e6aa0c,2023-04,Surrey Police,Surrey Police,-0.458016,51.445843,On or near Harrow Road,E01030709,Spelthorne 002A,Unable to prosecute suspect
ded41aa5fcff1ac09eb23213f72371a28da3294ff023840b01d547e30b9a4468,2023-04,Surrey Police,Surrey Police,-0.028105,51.215107,On or near Tandridge Lane,E01030838,Tandridge 006E,Investigation complete; no suspect identified
a4c432d0910fe80c624e15317aeb0bbc898d03154aaf1618b85c88fc1a692ec7,2023-04,Surrey Police,Surrey Police,-0.577213,51.249627,On or near A3,E01030450,Guildford 013B,Investigation complete; no suspect identified
a379b32f7180f554112e5ee1feb1baffb02c5e8fbe937e3242ca6dd48adcba66,2023-04,Surrey Police,Surrey Police,-0.048280,51.141262,On or near Springfield Gardens,E01030823,Tandridge 011E,Investigation complete; no suspect identified
c971e9ac77a7f8b21390bedf4c1e951836227094a89cef08299c23388f7ee6f2,2023-04,Surrey Police,Surrey Police,-0.190626,51.227446,On or near Larch Close,E01030594,Reigate and Banstead 013A,Further investigation is not in the public interest
6ebe0afd59d4099a2c85fbd66f46cea4ef4990c6b5972052459397b469335fcb,2023-04,Surrey Police,Surrey Police,-0.268511,51.322040,On or near Berkeley Place,E01030417,Epsom and Ewell 009D,Investigation complete; no suspect identified
a482dac729ff0808bc1db605f772768ebacc0a2b90dccb569da0e5f35d66e304,2023-04,Surrey Police,Surrey Police,-0.415756,51.400389,On or near Willow Way,E01030720,Spelthorne 011D,Unable to prosecute suspect
83829f879c00a7b7d6b97d73e2a96081d8b514002466f428a88ec895fc9f30b3,2023-04,Surrey Police,Surrey Police,-0.187820,51.238724,On or near The Cedars,E01030621,Reigate and Banstead 012E,Unable to prosecute suspect
dcc496dbb9788cdbef494d35a9af415b9a65a86fb3d5041af7d75392cdc4bb32,2023-04,Surrey Police,Surrey Police,-0.808478,51.235681,On or near Upper Hale Road,E01030900,Waverley 002D,Further investigation is not in the public interest
c85eec123a8fefc75059db16e32c36aed9838a12d4d9746c342fb5dc99737969,2023-04,Surrey Police,Surrey Police,-0.463026,51.346714,On or near Petrol Station,E01030347,Elmbridge 016B,Investigation complete; no suspect identified
e32bf1cb91b1d22776bb060aeecac782c21a8a0447c45df05dac3802dcb358e4,2023-04,Surrey Police,Surrey Police,-0.197529,51.256042,On or near Fort Lane,E01030625,Reigate and Banstead 009D,Unable to prosecute suspect
8147d197db08057fa4452964083e63b83cf52d47fb4180cb92a7ab24bb864db5,2023-04,Surrey Police,Surrey Police,-0.023119,51.250941,On or near Godstone Road,E01030837,Tandridge 006D,Investigation complete; no suspect identified
ae61d40fe35c952b73fd6276259bbc1798118afb5b85482040c1d38defb8fe76,2023-04,Surrey Police,Surrey Police,-0.084460,51.277286,On or near Priory Mews,E01030828,Tandridge 004A,Local resolution
1dcba271af0fe99f70cb947c7cac58a136fa7948bae1680cde13865e66c8f164,2023-04,Surrey Police,Surrey Police,-0.172089,51.241276,On or near Dome Way,E01030615,Reigate and Banstead 010A,Investigation complete; no suspect identified
6462f5e416aa410da3dbbf02c8cbdf99faabe03d163460ef6356ac0316605669,2023-04,Surrey Police,Surrey Police,-0.472886,51.443106,On or near A30,E01030707,Spelthorne 003A,Local resolution
3a965ca9629e52c81b35525d26d9321cd39b23ec5ecba5a67965b31ea7674d4a,2023-04,Surrey Police,Surrey Police,-0.480332,51.449425,On or near Buttercup Square,E01030745,Spelthorne 001C,Local resolution
dd5c72333f327fbbf051945e023a25f12b84a2734a8d848806b43532e26c0382,2023-04,Surrey Police,Surrey Police,-0.163645,51.212997,On or near Greenwood Drive,E01030571,Reigate and Banstead 014B,Investigation complete; no suspect identified
cad8cfdc9abee899943eb97151e452d4018780081fc544d06fcb858f5940a70e,2023-04,Surrey Police,Surrey Police,-0.374174,51.402581,On or near Walton Road,E01030336,Elmbridge 003C,Investigation complete; no suspect identified
7528e6daf70af99e2f138874fbf242ea5fa73df974252f2ea96abf1aaca1ed0a,2023-04,Surrey Police,Surrey Police,-0.171653,51.171305,On or near Church Road,E01030588,Reigate and Banstead 016E,Investigation complete; no suspect identified
03685864fdd0998b76b5203a7c33f6f2b6e61563112b348b91e763a771a54cf9,2023-04,Surrey Police,Surrey Police,-0.505257,51.434468,On or near Matthews Lane,E01034292,Spelthorne 004G,Local resolution
0f90440435a8f6948e8edd59e3a7455d255458d78a66dea5218c3caf9ef307c4,2023-04,Surrey Police,Surrey Police,-0.394400,51.342268,On or near Nightingale Close,E01030306,Elmbridge 017F,Investigation complete; no suspect identified
1d30e69a1ad9e3bdc106eed2f5d7258fb06abd2a3b3cde927bc4019ed74607da,2023-04,Surrey Police,Surrey Police,-0.168673,51.318948,On or near Prestbury Crescent,E01030566,Reigate and Banstead 004B,Unable to prosecute suspect
8cf738176e36cb0c849dc79c7c019b625e61989cdfb0c6de73e77485d038fb74,2023-04,Surrey Police,Surrey Police,,,No location,,,Offender given a caution
ca6a9e7906bf948ef5af8024e5018530742baa55473fabd4c0b0f9e66951941b,2023-04,Surrey Police,Surrey Police,-0.080300,51.308971,On or near St Luke's Road,E01035363,Tandridge 002E,Further investigation is not in the public interest
2f2b7110fdc062476b3848a77bd0b676bfefb22901e39345c270901a90badb32,2023-04,Surrey Police,Surrey Police,-0.238655,51.332629,On or near Reigate Road,E01030396,Epsom and Ewell 010D,Investigation complete; no suspect identified
2f3c389233aa28acea7f4807617d1348236905904b4a5fc8ff4d74fdc04ff375,2023-04,Surrey Police,Surrey Police,-0.719265,51.345578,On or near Gibbet Lane,E01030797,Surrey Heath 005B,Investigation complete; no suspect identified
ec91ebfacdd17312c6d042f3a82ae7ec2cc22daee3a28b898ef512852f3a9f74,2023-04,Surrey Police,Surrey Police,-0.443267,51.426782,On or near Woodlands Parade,E01030698,Spelthorne 006B,Unable to prosecute suspect
352f39810c2bb37f869407f5e2c5d83a59ee263b5d554277b1d06f335f86a113,2023-04,Surrey Police,Surrey Police,0.012129,51.237076,On or near Four Oaks,E01030842,Tandridge 007C,Local resolution
bbf90dd33e2117c5d5b8cd29e43f327521966cf5785353adb097d17fafdc5b1c,2023-04,Surrey Police,Surrey Police,-0.723470,51.251007,On or near Ashdene Road,E01030431,Guildford 010B,Local resolution
d8d3782378b65ebfbedb6debe3bea89418be6c39ed1b122aefce3e4115818269,2023-04,Surrey Police,Surrey Police,,,No location,,,Local resolution
f51ea5b3be1fb1b75d902186e2e3a95ef593218250ccdfd7f7fd8ce60c847841,2023-04,Surrey Police,Surrey Police,-0.002861,51.258439,On or near Amy Road,E01030836,Tandridge 006C,Investigation complete; no suspect identified
325e5578f1f23ce58afd43cb93a894593271b2e2e33e459ab2dfb729cdbe026d,2023-04,Surrey Police,Surrey Police,-0.263341,51.334284,On or near Supermarket,E01034290,Epsom and Ewell 008F,Investigation complete; no suspect identified
51c9fa27a0859676faf691d347349fe6b3fbac978c27cee8c3f390c424907cac,2023-04,Surrey Police,Surrey Police,-0.441516,51.397902,On or near Fairwater Drive,E01030731,Spelthorne 013B,Unable to prosecute suspect
78dc056a46693ed2aa9b48cf0a5367dccdc73c4ca56cb1fba0c083dc8f2dfd51,2023-04,Surrey Police,Surrey Police,-0.360959,51.280296,On or near Smith Grove,E01030522,Mole Valley 007C,Unable to prosecute suspect
456f2e9eb3b93f6c3ab33652cb5bb7a6f95c2f8b5265e33a1c035cfdaf66d286,2023-04,Surrey Police,Surrey Police,-0.415790,51.418536,On or near Station Approach,E01030755,Spelthorne 010C,Unable to prosecute suspect
49a427b7edbe36c4f78439ef39c2d01227a3923cf34042d05e246890dcff9562,2023-04,Surrey Police,Surrey Police,-0.367722,51.228224,On or near Springfield Road,E01030558,Mole Valley 012D,Unable to prosecute suspect
9d3d726c1e596f4ad8bb7bf4a2ac1a49b970f908b100d3e867165361d5c7cc9a,2023-04,Surrey Police,Surrey Police,-0.535186,51.438802,On or near Bus/Coach Station,E01016576,Windsor and Maidenhead 016B,Investigation complete; no suspect identified
242eb09a199b541b45fde4c2696f58cb93dad60b892ba31bea10e3f7afd083d8,2023-04,Surrey Police,Surrey Police,-0.287126,51.345893,On or near Parking Area,E01030401,Epsom and Ewell 005C,Investigation complete; no suspect identified
cab001111285f8e246968b1c9fcc29d482b1612d5ff2cbc843b34d2653e6d9a9,2023-04,Surrey Police,Surrey Police,-0.222233,51.356005,On or near Roberts Close,E01004112,Sutton 016C,Investigation complete; no suspect identified
751fc711e89363182c9066a7ec2a892db8e376bb97a95da91bd40ab5d8e228a4,2023-04,Surrey Police,Surrey Police,-0.671737,51.243723,On or near Szabo Crescent,E01030466,Guildford 002B,Further investigation is not in the public interest
91a442538136f22a3892612d02cab12817a8098c74234fba7836a0877a48ecf0,2023-04,Surrey Police,Surrey Police,-0.744652,51.338164,On or near Nightclub,E01030800,Surrey Heath 005E,Investigation complete; no suspect identified
b927d2d3a6fa876afb074a021a2299a6180b2f9d65a36600bdd425d23219fd1e,2023-04,Surrey Police,Surrey Police,-0.327423,51.290910,On or near Gimcrack Hill,E01030553,Mole Valley 004C,Unable to prosecute suspect
15a80efb42a800d861f0c1a5d6e01ac85257127acf6353265e8da623df0d0da7,2023-04,Surrey Police,Surrey Police,-0.794097,51.207181,On or near Fairholme Gardens,E01030888,Waverley 004C,Investigation complete; no suspect identified
84cd71a8848157275a7896d68b43220425a6c5cf380ab2a761328cacdcc63c59,2023-04,Surrey Police,Surrey Police,-0.070630,51.315107,On or near Tithepit Shaw Lane,E01030856,Tandridge 002B,Suspect charged
e1816d0700d9fce1971ad193bfffb42f73b04302949e7a2fa3bb857fef7bb96c,2023-04,Surrey Police,Surrey Police,-0.594278,51.397514,On or near Portnall Rise,E01030692,Runnymede 005D,Investigation complete; no suspect identified
0b25d8df0d554f4b3b06b3f02f8e4f0cfc67570a5a81bf8ce667e8c409136778,2023-04,Surrey Police,Surrey Police,-0.519978,51.440140,On or near Annie Brookes Close,E01030735,Spelthorne 004B,Further investigation is not in the public interest
fc824b03edb23c9f8c9044f2837e5caadcefefd9d770b2d7d78b6beb1ad94e27,2023-04,Surrey Police,Surrey Police,-0.356129,51.400656,On or near Walton Road,E01030327,Elmbridge 002B,Investigation complete; no suspect identified
9421e7157baa7748e242c7de8cd6240341ba11f99776b7a5dc6cee932269febe,2023-04,Surrey Police,Surrey Police,-0.606901,51.185607,On or near Victoria Road,E01030916,Waverley 007A,Investigation complete; no suspect identified
3b941542c050ab141a26942ab7ea80577b33e6ad856d181b2556cded2f7fab39,2023-04,Surrey Police,Surrey Police,-0.607463,51.241016,On or near Hospital,E01030470,Guildford 012A,Unable to prosecute suspect
3da48187f4123b8988bc579fa35eaac6ce0cc79137c810d3abffa55098defe40,2023-04,Surrey Police,Surrey Police,-0.106845,51.280698,On or near Linden Drive,E01030820,Tandridge 005A,Unable to prosecute suspect
b76ba2c85597bb5863e2c2fdff76b1b0ba5658ddc81941536d54de9f8ae82615,2023-04,Surrey Police,Surrey Police,-0.344049,51.402348,On or near Creek Road,E01030326,Elmbridge 002A,Investigation complete; no suspect identified
eaad790f32e79ccef8282ff1187abcca5e26228e26a2909500b5359ad8821d8a,2023-04,Surrey Police,Surrey Police,-0.272800,51.321699,On or near Cedar Hill,E01030417,Epsom and Ewell 009D,Unable to prosecute suspect
d5cd3789ae133f7ed719ba2562132ff3acf3c2093adc13245de3c7d0559c856c,2023-04,Surrey Police,Surrey Police,-0.645024,51.129779,On or near Coppice Place,E01030868,Waverley 015C,Investigation complete; no suspect identified
37527835dc2c14af8e1884af7a01f47001d7e5ad79b103a3d8b4d091b258df87,2023-04,Surrey Police,Surrey Police,-0.337662,51.231335,On or near Howard Road,E01030538,Mole Valley 010D,Suspect charged
8fb559faeef4c4a8c8d36c52877caa69113cd635e9ad8e8cc8bce3e31154883f,2023-04,Surrey Police,Surrey Police,-0.593899,51.250782,On or near Pickering Place,E01030495,Guildford 009C,Unable to prosecute suspect
a4035918642f25f7f9fc72ad61d71b59e84f6305961d652f6d9d6b8610c68ee8,2023-04,Surrey Police,Surrey Police,-0.564370,51.350446,On or near Youngstroat Lane,E01030763,Surrey Heath 001A,Investigation complete; no suspect identified
819a2cb3e0506372f8c6f21b64483248a4497a18b184ea7966d015cfd80c3e05,2023-04,Surrey Police,Surrey Police,-0.196527,51.221575,On or near Potters Way,E01030633,Reigate and Banstead 015D,Unable to prosecute suspect
9328b5cf671242583b026ac58f743e6a09839457d0de08df7ff8d14704ff9c83,2023-04,Surrey Police,Surrey Police,-0.246315,51.345199,On or near Clarence Place,E01030396,Epsom and Ewell 010D,Investigation complete; no suspect identified
444508043a526ed2cdef23ec6192665d068a82dee5e3063aece4c84926fb9be6,2023-04,Surrey Police,Surrey Police,-0.244685,51.342565,On or near Further/Higher Educational Building,E01030396,Epsom and Ewell 010D,Investigation complete; no suspect identified
96ad8e0e11eff3b8eb5192572b9db57392943391779265c1aa44d1f726e0d153,2023-04,Surrey Police,Surrey Police,-0.426858,51.386861,On or near Ridgeway,E01030360,Elmbridge 007D,Investigation complete; no suspect identified
400d1ea73af450ddf5c3399a1b4396495c8ea97070f02d7be649fec377436128,2023-04,Surrey Police,Surrey Police,-0.075278,51.302459,On or near Parking Area,E01030859,Tandridge 002C,Investigation complete; no suspect identified
421753d73d2042e8f15bcbadb32dcf691943d419f19983af675415272c5b3e89,2023-04,Surrey Police,Surrey Police,0.037031,51.271844,On or near Petrol Station,E01032571,Tandridge 012D,Investigation complete; no suspect identified
02aea6c83d6f056f76a83d605e3f9b778cfae42c191f7b9a96a016d24f8e28d3,2023-04,Surrey Police,Surrey Police,-0.267345,51.333560,On or near Nightclub,E01034289,Epsom and Ewell 008E,Investigation complete; no suspect identified
b1a803106645904701cc0bf5484c9e66d8033f769893c15b11114f3ce9df3aa9,2023-04,Surrey Police,Surrey Police,-0.373546,51.275490,On or near New Cottages,E01030520,Mole Valley 007A,Investigation complete; no suspect identified
cb97e2263c2bd1a6975cdc07dba43bcb0d736d0e520c0940afd26106757002d1,2023-04,Surrey Police,Surrey Police,-0.384357,51.319181,On or near Stoke Road,E01030343,Elmbridge 018C,Unable to prosecute suspect
4f0bfb9a6065ef467cd7fa22ae8a4c99fa49ff3b21027becc83addf10ea06797,2023-04,Surrey Police,Surrey Police,-0.284258,51.343494,On or near Burnhams Grove,E01030384,Epsom and Ewell 005B,Unable to prosecute suspect
677278f319045474706ca6aa793f559d105083a656da9712e2438e991ca57686,2023-04,Surrey Police,Surrey Police,-0.042837,51.307614,On or near Supermarket,E01030854,Tandridge 012C,Investigation complete; no suspect identified
f65063200690acf256490d8368213ad2f258b3233f2929829830e6f094bd00a5,2023-04,Surrey Police,Surrey Police,-0.528432,51.246659,On or near Sadlers Close,E01030462,Guildford 008C,Unable to prosecute suspect
2af12c5a4b1301c01e593bdd2b0c5ca66c371c41e7b258acf27abe3493ab294b,2023-04,Surrey Police,Surrey Police,-0.574926,51.234600,On or near Mill Lane,E01030455,Guildford 013E,Investigation complete; no suspect identified
c8bc3938f2d9bdd102d55c4c4113342c618e5f4978e44ba94f7d0664fa460f5f,2023-04,Surrey Police,Surrey Police,-0.747368,51.335954,On or near Park Street,E01030800,Surrey Heath 005E,Unable to prosecute suspect
0f88a548f3a01a69b2acd7e1ef6c497088949e71b334f5ebb39e618a1cdc534a,2023-04,Surrey Police,Surrey Police,-0.211105,51.317194,On or near Petrol Station,E01030562,Reigate and Banstead 002D,Unable to prosecute suspect
5e77101d9580810a57ef208c8d74677a2124c9982c6c67e3de6c8e391cb2921d,2023-04,Surrey Police,Surrey Police,-0.281012,51.360785,On or near Petrol Station,E01030401,Epsom and Ewell 005C,Investigation complete; no suspect identified
970251d7ddf66d998e27861714c2e6f11294661a10bd3fa7b5320db8aacf48e2,2023-04,Surrey Police,Surrey Police,-0.513346,51.404644,On or near Theme/Adventure Park,E01030685,Runnymede 004C,Investigation complete; no suspect identified
fa4f190df7ea03acc8ee3f95f0836bac519dc745e854aa8b1c334ac9913fa42b,2023-04,Surrey Police,Surrey Police,-0.459572,51.400884,On or near Ford Close,E01030723,Spelthorne 012C,Unable to prosecute suspect
5561e9c6ce378133d6ef1dcd4f9ed3b808f400dc2ffc5ff7f9383b1ef8929b6d,2023-04,Surrey Police,Surrey Police,-0.152850,51.287009,On or near Dean Lane,E01030569,Reigate and Banstead 004E,Investigation complete; no suspect identified
339198697874160661afa32b0658d416fd7e2a854f3eff1f9ca0013f8998674a,2023-04,Surrey Police,Surrey Police,-0.420645,51.414555,On or near Ravenscourt,E01030718,Spelthorne 011B,Action to be taken by another organisation
ccca4d15b3af576c3d33f0a8c5268fdfbd5d960e4afd76e9c60f278b6b644492,2023-04,Surrey Police,Surrey Police,-0.538053,51.339914,On or near Martyrs Lane,E01030965,Woking 003C,Investigation complete; no suspect identified
36b983a0af4b9b08b53a0bec331d618961ea9025525f82d97769536c6aa4495d,2023-04,Surrey Police,Surrey Police,-0.779656,51.221671,On or near Farnham Mill Lane,E01030893,Waverley 003D,Further investigation is not in the public interest
ea627b9506ceda45b1316697cceffe97808cb1460b98f9b529fdd21f572fc914,2023-04,Surrey Police,Surrey Police,-0.322950,51.178167,On or near Oak End,E01030515,Mole Valley 013A,Action to be taken by another organisation
3a046b3d1f5ea871467d9ca79dbeed33ec863d09587e30a1de5b19f710ceda7d,2023-04,Surrey Police,Surrey Police,-0.418968,51.384768,On or near Accommodation Road,E01034286,Elmbridge 007F,Unable to prosecute suspect
b663e8da0fdd7c37b10aa0fa628f910fd58f28fd725c14cd08fcfdc2f5cfc2bd,2023-04,Surrey Police,Surrey Police,-0.611545,51.320000,On or near St Hilda's Close,E01030974,Woking 007A,Unable to prosecute suspect
e2f34b3f665b09582d015b4deccb0042bed4fc67fb447887e63b4c7478cded1d,2023-04,Surrey Police,Surrey Police,-0.114057,51.171047,On or near Kings Mead,E01030816,Tandridge 011A,Investigation complete; no suspect identified
50bba45ef9ba7fc510bebea20599fe85b9af841b43ac36e780948a6f14c1a20c,2023-04,Surrey Police,Surrey Police,-0.542469,51.325149,On or near Monument Mews,E01030980,Woking 004A,Investigation complete; no suspect identified
d57051d55410aab482c84449ceb433f2bc9c4e8364687f06b0e61700c457bca9,2023-04,Surrey Police,Surrey Police,-0.490251,51.368991,On or near Bush Close,E01030645,Runnymede 009A,Investigation complete; no suspect identified
72f84603144d6e057c2410d4b1dd748abcbe7ce7773e8fca8a145d64e60decb6,2023-04,Surrey Police,Surrey Police,-0.004341,51.256046,On or near Supermarket,E01030836,Tandridge 006C,Investigation complete; no suspect identified
f9af89eb0ca48ee79be43ed6173a5228a6be4a939e3cd5ccb98b051a12610303,2023-04,Surrey Police,Surrey Police,-0.017524,51.252753,On or near Brook Hill,E01030839,Tandridge 006F,Unable to prosecute suspect
440f7e538559ff1f3204b6ea2780c70d1b42857831917a55ab26011ca729718a,2023-04,Surrey Police,Surrey Police,-0.573350,51.254984,On or near Woking Road,E01030484,Guildford 007D,Investigation complete; no suspect identified
00f8217499dc82e7bdfd9b4594d4ee2c7ba915db7a6e01939a4304d1931bcaec,2023-04,Surrey Police,Surrey Police,-0.577379,51.240502,On or near Leas Road,E01030451,Guildford 013C,Investigation complete; no suspect identified
7a33551b2f77fa430f5d36969027e75e741b6a29a9ad38118fa3a30dfb74b3b3,2023-04,Surrey Police,Surrey Police,-0.193015,51.222402,On or near Atherfield Road,E01030634,Reigate and Banstead 015E,Investigation complete; no suspect identified
3ddf77940d5feab3afa8605547585ad49a7e78fefdc95736a19c712a8cd28a88,2023-04,Surrey Police,Surrey Police,-0.719680,51.257431,On or near Supermarket,E01030430,Guildford 004E,Investigation complete; no suspect identified
bd484b78e13a7572ed5a673cde02da2c0dfaf6f88981f17b93b241b02aacd8ad,2023-04,Surrey Police,Surrey Police,-0.270781,51.343341,On or near Tomlin Close,E01030385,Epsom and Ewell 007A,Unable to prosecute suspect
8d853d42df6375ed9daff3e18965c90f9eed3ed98b244b35a4a00d66219b15ca,2023-04,Surrey Police,Surrey Police,-0.298451,51.310193,On or near Shopping Area,E01030514,Mole Valley 001E,Investigation complete; no suspect identified
c4b8e8ead15693a8218dcfc97a11bee174e55799179fee2a04711c10a04bdbfa,2023-04,Surrey Police,Surrey Police,-0.274219,51.320991,On or near Woodcote Hurst,E01030417,Epsom and Ewell 009D,Investigation complete; no suspect identified
5258151ef44d1ce7e8bd0bcf774fcbef77ec876bdcbdf3999705531b02e49d1e,2023-04,Surrey Police,Surrey Police,-0.421916,51.418556,On or near Parking Area,E01030752,Spelthorne 008E,Local resolution
09d0a9c929efa1f0220f1134d8ec92aa68e88cb0258e8d3ea4ebeb6f52c5bc8f,2023-04,Surrey Police,Surrey Police,-0.023119,51.250941,On or near Godstone Road,E01030837,Tandridge 006D,Investigation complete; no suspect identified
389846376638e940ac4fbedae81539feedab905585a4be9af73340f7d7df0102,2023-04,Surrey Police,Surrey Police,-0.321022,51.300080,On or near St John's Close,E01030550,Mole Valley 003C,Investigation complete; no suspect identified
9ae821c86a02abb57902f9c2a24a15eaeed1e9021b80debdf9e9f944b2a7355b,2023-04,Surrey Police,Surrey Police,-0.110031,51.242197,On or near Barfields,E01030815,Tandridge 008D,Investigation complete; no suspect identified
0c9e55522507ca88b6b862584d4500ba798fc89f5c17cd982aaa46afa906fa1b,2023-04,Surrey Police,Surrey Police,-0.575928,51.237390,On or near Guildford Friary Bus Station,E01030452,Guildford 015A,Investigation complete; no suspect identified
f2ede8e6e8790d012505ad5ccc77604c776d6621c34e03e5ce97dbaea4d0f0e3,2023-04,Surrey Police,Surrey Police,-0.476392,51.441092,On or near Ashcombe Close,E01030707,Spelthorne 003A,Formal action is not in the public interest
e071e48e87f35f72708e620a67e2398e4c11b998eff6530b4b715de623038174,2023-04,Surrey Police,Surrey Police,-0.328422,51.295789,On or near Shopping Area,E01030550,Mole Valley 003C,Local resolution
e0da5dc0144c95de07cc89ac98cee85488029e0e9636d6806567a12a8c62377c,2023-04,Surrey Police,Surrey Police,-0.095246,51.283082,On or near Birch Avenue,E01030848,Tandridge 005C,Unable to prosecute suspect
5012915aa3961f7fb4042b2a8c341ac9d8703b4a825ebae68513d91e03093ef7,2023-04,Surrey Police,Surrey Police,-0.577379,51.240502,On or near Leas Road,E01030451,Guildford 013C,Investigation complete; no suspect identified
6fb952d1a394fd2db77b26f7227f5d706d00f8fe92f9dbf7c75da7e13d8a0032,2023-04,Surrey Police,Surrey Police,-0.502933,51.430742,On or near Broadacre,E01030738,Spelthorne 004E,Investigation complete; no suspect identified
62c0f2a53d77c2d9ff8bc0f99b911b12c34ea0ce00fddde43764d43e5f401889,2023-04,Surrey Police,Surrey Police,-0.279171,51.127045,On or near Newdigate Road,E01035330,Horsham 001E,Investigation complete; no suspect identified
3046db27b53af4bc66a1a0022f09680a053a7bda9f0711f289dea75f32b5dc37,2023-04,Surrey Police,Surrey Police,-0.743407,51.338034,On or near Balfour Court,E01030800,Surrey Heath 005E,Further investigation is not in the public interest
aabf397f0ebd79b952fa1c9aea56d9c832955276f49aa5fa5ef99775a3f8387e,2023-04,Surrey Police,Surrey Police,-0.018062,51.173210,On or near East Grinstead Road,E01030833,Tandridge 010C,Investigation complete; no suspect identified
a52edb240e736349e7ee4f5f33736318209d6dc8715e5a2be95b79199e8acac0,2023-04,Surrey Police,Surrey Police,-0.241502,51.310001,On or near Petrol Station,E01030417,Epsom and Ewell 009D,Unable to prosecute suspect
67633462cf0ebb72c16a6d0e868ba2972e285692c94d70973744822712f939a2,2023-04,Surrey Police,Surrey Police,-0.443737,51.412095,On or near Charlton Road,E01030722,Spelthorne 012B,Investigation complete; no suspect identified
cde8c4a1a96c132f73b92e1dfe2b27691597d8e17fe64fb1379166dd71a3f6df,2023-04,Surrey Police,Surrey Police,-0.528483,51.363938,On or near Cheshire Close,E01030678,Runnymede 008B,Investigation complete; no suspect identified
11aa0be8b7bb76cc8555eefc9892376ae88d65f6c78ab346de930cd63cc46a60,2023-04,Surrey Police,Surrey Police,-0.380466,51.279291,On or near Middlemead Close,E01030519,Mole Valley 006D,Unable to prosecute suspect
ce338c94010f7f165e9d7fca3eb2efaecdb04d30609bd5fcc8e25c484f3297b9,2023-04,Surrey Police,Surrey Police,-0.577949,51.235509,On or near Friary Bridge,E01030449,Guildford 016B,Investigation complete; no suspect identified
a0dc13a5e57a2e2a255211abcd7ee2eabdc20bfb665b0c06cf0e4168dcd0bb75,2023-04,Surrey Police,Surrey Police,-0.423996,51.390690,On or near Felix Lane,E01030357,Elmbridge 007A,Investigation complete; no suspect identified
3b024569ee83d911f76337c9e6e2740293664ff99f36fe9d1a36bf85f602fbcf,2023-04,Surrey Police,Surrey Police,-0.235063,51.312153,On or near Shawley Way,E01030642,Reigate and Banstead 003C,Investigation complete; no suspect identified
d31bd1a80da7c15fc2143da41d0e168d827472602b8396b1799e9c2156a708e6,2023-04,Surrey Police,Surrey Police,-0.572151,51.240950,On or near Stoke Fields,E01030451,Guildford 013C,Investigation complete; no suspect identified
d39cc226a9e8d492c79c5969e0cd6c848ea326bcae44dee42c877c8fe5347c11,2023-04,Surrey Police,Surrey Police,-0.600585,51.314186,On or near Iveagh Road,E01030962,Woking 009C,Unable to prosecute suspect
883045d4aad3c09e66616abb237f7f484408e6a53adb42ec52eab9e76b9b8500,2023-04,Surrey Police,Surrey Police,-0.558135,51.317124,On or near Station Approach,E01034294,Woking 008F,Unable to prosecute suspect
141cf33a5e602cba15295f48979247bf65acf29f1e37264413e498e241d1299f,2023-04,Surrey Police,Surrey Police,-0.571883,51.235273,On or near Tunsgate,E01030455,Guildford 013E,Unable to prosecute suspect
c7688723828562ff96ec60b86f5877198b3ad265bef07a79205166999b7f7f8d,2023-04,Surrey Police,Surrey Police,-0.089449,51.288015,On or near Supermarket,E01030847,Tandridge 005B,Investigation complete; no suspect identified
d4fe8036c6ff13869268a7aef61169ef507d87baf423f1aed45145a72d688cb8,2023-04,Surrey Police,Surrey Police,-0.454581,51.388588,On or near Cemetery Lane,E01030730,Spelthorne 013A,Investigation complete; no suspect identified
07dfb4e1ed1c0f2833e3aa3d61d873b04ff281cafd2e8faa1aab2a01fe85b191,2023-04,Surrey Police,Surrey Police,-0.228436,51.312106,On or near Shawley Crescent,E01030642,Reigate and Banstead 003C,Unable to prosecute suspect
9e7e1630fe8a0dcb023466bbbddebae18724ed810471d61c236cb6db2045be7f,2023-04,Surrey Police,Surrey Police,-0.269907,51.333383,On or near Parking Area,E01034289,Epsom and Ewell 008E,Investigation complete; no suspect identified
30f25e376ada7103166154ab0583579199ec615b7d5e81cc367571374d84e3f3,2023-04,Surrey Police,Surrey Police,-0.511819,51.385256,On or near Pannells Close,E01030655,Runnymede 007F,Investigation complete; no suspect identified
08a07de0e7777b4e2d16e0047908c7e26a4253ee5769244f7454014df959e5e9,2023-04,Surrey Police,Surrey Police,-0.506392,51.335970,On or near Petrol Station,E01031003,Woking 002D,Investigation complete; no suspect identified
7fa2ffdc1cd4172f7d0dd2ed732d2839756969a69f4da4332480535b6e3e3874,2023-04,Surrey Police,Surrey Police,-0.166182,51.208234,On or near Copsleigh Avenue,E01030571,Reigate and Banstead 014B,Unable to prosecute suspect
f7d8f61cf9bccdaef75a8e686c114b6b7a0c4778fdef1fa7d3d86238633baeda,2023-04,Surrey Police,Surrey Police,-0.438678,51.396803,On or near Duppas Close,E01030731,Spelthorne 013B,Unable to prosecute suspect
c22a19e5beb78f9c3f7d8f5d8ccdf0eb2d581bab2479754efea1ffde6a876bf4,2023-04,Surrey Police,Surrey Police,-0.556120,51.319159,On or near The Broadway,E01030954,Woking 008A,Investigation complete; no suspect identified
15f4cfed1415cc0249f99e486dce9944a8aaf265a7ae8ff83c563c07656ca506,2023-04,Surrey Police,Surrey Police,-0.201908,51.323393,On or near Garden Close,E01030564,Reigate and Banstead 002F,Local resolution
981e9027b772e600d8213c67c895a4dea7f0b2d06c1ccf824037ccfc58e50ade,2023-04,Surrey Police,Surrey Police,-0.461321,51.433162,On or near Brownrigg Road,E01030712,Spelthorne 003C,Investigation complete; no suspect identified
48603b538573cae2b529f7ac11222c2f4076301feef3b87a119577cee93d2608,2023-04,Surrey Police,Surrey Police,-0.397645,51.331989,On or near Fairfield Park,E01030301,Elmbridge 017B,Unable to prosecute suspect
f2ace9ce009d7dc90884c70824db4f9e73451017fc52bbde098e21555de684ea,2023-04,Surrey Police,Surrey Police,-0.462731,51.144099,On or near Fern Mead,E01030871,Waverley 013B,Unable to prosecute suspect
7882cbe28ecd5f6bf925a260aa7b68861beef30678830baa28cf4fee4d515e29,2023-04,Surrey Police,Surrey Police,-0.328773,51.214563,On or near Bentsbrook Close,E01030545,Mole Valley 011B,Investigation complete; no suspect identified
21bf16ad92bef7fadf8bab909359fe3a9b9c74eb1e7d5d5d66f68a55d3cd2a99,2023-04,Surrey Police,Surrey Police,-0.434966,51.396079,On or near Gaston Bridge Road,E01030731,Spelthorne 013B,Investigation complete; no suspect identified
52f1719061a451970ebdeaf42709bd434234a809ca5a957ac2da55229e03592f,2023-04,Surrey Police,Surrey Police,-0.475344,51.344650,On or near Shopping Area,E01030347,Elmbridge 016B,Investigation complete; no suspect identified
e9148bb2928a01f4ef0f3758f65476f189b9602161fe98bb3df909978a8b309b,2023-04,Surrey Police,Surrey Police,-0.464908,51.437732,On or near Park/Open Space,E01030707,Spelthorne 003A,Investigation complete; no suspect identified
eed66ccd4dce59d195c88e770be8239d5526aa7afd09ccfd6df1a1157e0fafe5,2023-04,Surrey Police,Surrey Police,-0.244958,51.311933,On or near Parking Area,E01030380,Epsom and Ewell 009B,Unable to prosecute suspect
92ec0328a4b45972de8868c810db6c68905c4057a52f12972ccbd060d74e2252,2023-04,Surrey Police,Surrey Police,-0.642779,51.323630,On or near Mainstone Road,E01030761,Surrey Heath 006A,Investigation complete; no suspect identified
feaeee9224d1bbee1887274f3370f05b9d7b3ce35e2af5f01d7b2f74ce000ec2,2023-04,Surrey Police,Surrey Police,-0.722421,51.259368,On or near Napier Lane,E01030430,Guildford 004E,Unable to prosecute suspect
bea2d6dba9651e9eff2e4d6b2e829d8f60290e0ebd55c304d44c146bf9005988,2023-04,Surrey Police,Surrey Police,-0.469832,51.448812,On or near Longford Avenue,E01030710,Spelthorne 002B,Unable to prosecute suspect
26230cd66b7deea2795545c0d3db8850dc27e58c6ffe018987070594fae48137,2023-04,Surrey Police,Surrey Police,-0.569482,51.246628,On or near Lido Road,E01030438,Guildford 013A,Investigation complete; no suspect identified
ef87d5a385d47ad80fefff954722c1b449b7d728e35fe4487afa2a3fc16aeca8,2023-04,Surrey Police,Surrey Police,-0.108833,51.152221,On or near Effingham Road,E01030819,Tandridge 011D,Investigation complete; no suspect identified
f0037cad2c8817a4e17977c50eaf631fb274954997b0b691162a2a8c6278dafa,2023-04,Surrey Police,Surrey Police,-0.112079,51.144153,On or near Copthorne Bank,E01030819,Tandridge 011D,Unable to prosecute suspect
926d236e3778a9cf0d407da292476b80a413c969801381308b16c2723c0927e3,2023-04,Surrey Police,Surrey Police,-0.555818,51.316898,On or near Heathside Crescent,E01034294,Woking 008F,Investigation complete; no suspect identified
90abc31d4f36af858301f8e77f5fd6e08a166a8711a635eccff159e22a491402,2023-04,Surrey Police,Surrey Police,-0.540689,51.323356,On or near Bower Court,E01034293,Woking 004G,Investigation complete; no suspect identified
9bb34fc50ba86d1a1c0d3bdbee8a505e2bbe965acb9ddf872ff263a9b9ffb46b,2023-04,Surrey Police,Surrey Police,-0.569641,51.278895,On or near Whitmoor Lane,E01030987,Woking 012E,Unable to prosecute suspect
960c218cf6c803c85b2866399c4734714da41606ed2e7e02892d76cf9805d93d,2023-04,Surrey Police,Surrey Police,-0.510239,51.434333,On or near High Street,E01034291,Spelthorne 004F,Investigation complete; no suspect identified
87ca9943b9026fe2ffa72dbed7dc2f6243e93c3194cd11aef7f86210d4c0a5fb,2023-04,Surrey Police,Surrey Police,-0.552547,51.303657,On or near Rosebery Crescent,E01030972,Woking 011B,Investigation complete; no suspect identified
9bdf78868a889eef6e8f813cfc02b094c40f97ab1c5f50a4bce6de9842056a84,2023-04,Surrey Police,Surrey Police,0.037031,51.271844,On or near Petrol Station,E01032571,Tandridge 012D,Investigation complete; no suspect identified
4f2a34f0a2b75ebe7bfb959cb104310b2fa8eb16e72b065e76b12183308d6155,2023-04,Surrey Police,Surrey Police,-0.441555,51.427640,On or near Montrose Close,E01030699,Spelthorne 006C,Unable to prosecute suspect
7199789d200d1538f0da0159f554aa091e73147a15ecab3bc20a8167fefe3e6d,2023-04,Surrey Police,Surrey Police,-0.475984,51.455088,On or near Everest Road,E01030746,Spelthorne 002D,Investigation complete; no suspect identified
68c32b9cf6d882f394a81d3e1f61735333733f0e65664e2792a48babc495a573,2023-04,Surrey Police,Surrey Police,-0.513346,51.404644,On or near Theme/Adventure Park,E01030685,Runnymede 004C,Investigation complete; no suspect identified
9d05b3f656bc24747346eb4650823df8636074702911e354d7b2c25aba913b90,2023-04,Surrey Police,Surrey Police,-0.586107,51.263286,On or near Hallowes Close,E01030489,Guildford 006D,Unable to prosecute suspect
3815602e2e592f7896784bb462e57989267fed2ecd27ce1a85aa78a56972521d,2023-04,Surrey Police,Surrey Police,-0.589589,51.160679,On or near South Munstead Lane,E01030864,Waverley 012A,Unable to prosecute suspect
c5fe56c6e9638e19301d771722652be846aa677f8a29bcc27953ededbdeeba34,2023-04,Surrey Police,Surrey Police,-0.326856,51.233888,On or near Brunswick Walk,E01030538,Mole Valley 010D,Suspect charged
a7904d05d2a4cbd50bd6e93b580264ba271d966823d1811c376273a0bf2da5d9,2023-04,Surrey Police,Surrey Police,-0.488125,51.358955,On or near Meadway Drive,E01030683,Runnymede 010C,Investigation complete; no suspect identified
69a61f5bc6b2322b1f0734318a6006d7fed097008b37bc1b48fa14dedfe84aca,2023-04,Surrey Police,Surrey Police,-0.587410,51.303525,On or near Penwood End,E01030999,Woking 010C,Unable to prosecute suspect
1fe4244d49afc1dd375123192c9b4232118135edfcff6a34d185e9ef5239195a,2023-04,Surrey Police,Surrey Police,-0.252234,51.349280,On or near Lyncroft Gardens,E01030390,Epsom and Ewell 010B,Investigation complete; no suspect identified
bf22e5de0e3c23610c3099232681f7a4cf3fc8afca0bc89f57629a633f2fabb5,2023-04,Surrey Police,Surrey Police,-0.078155,51.282002,On or near Station Avenue,E01030850,Tandridge 004D,Investigation complete; no suspect identified
168ecdfc68d647dba1933c27963b4e865eb7c98add32356c29b14f395b0ff755,2023-04,Surrey Police,Surrey Police,-0.203325,51.218028,On or near Castle Close,E01030633,Reigate and Banstead 015D,Unable to prosecute suspect
b0934e871beedc781c615eb27c1dc62f22fca7036b4bfaf5f6bf02fc84bb7aa4,2023-04,Surrey Police,Surrey Police,-0.007951,51.263697,On or near Field Court,E01030837,Tandridge 006D,Suspect charged
bfbab5b4904dee6f295cbf67d7bb568318b43376f95ad639c661f76d395985aa,2023-04,Surrey Police,Surrey Police,-0.722048,51.270235,On or near Kestrel Close,E01030428,Guildford 004C,Investigation complete; no suspect identified
71474c75d120cc1e9080f0841c6de4118120ae7a12fa2126084317fa455a9a53,2023-04,Surrey Police,Surrey Police,-0.767643,51.228613,On or near Crown Lane,E01030903,Waverley 001C,Further investigation is not in the public interest
4f0003bbdbf5d3029ab4d55b52f34eec28a9640010ec72617107835f8812e2f0,2023-04,Surrey Police,Surrey Police,-0.309760,51.311816,On or near Glebe Road,E01030512,Mole Valley 002D,Unable to prosecute suspect
796fbe53ab68ed677a99eb2ad529600229b35f86e1dd1b28b318869695c5a95c,2023-04,Surrey Police,Surrey Police,-0.748178,51.337321,On or near St Mary's Road,E01030795,Surrey Heath 008C,Further investigation is not in the public interest
62e9a167ab01ba72e9156f633bb25422db7474a3dfae500947885c2c057065d5,2023-04,Surrey Police,Surrey Police,-0.626869,51.318139,On or near Limecroft Road,E01030978,Woking 012C,Unable to prosecute suspect
6bff817e1500ffe27c30793f0016aa80eb2fe8d5d9d175e077bd0f881455138c,2023-04,Surrey Police,Surrey Police,-0.577670,51.237270,On or near Nightclub,E01030452,Guildford 015A,Investigation complete; no suspect identified
3c5ce269a321f25370c3ff8eea446bd72e0e75b787dc3f187fa2cae1b2ced828,2023-04,Surrey Police,Surrey Police,-0.339583,51.385531,On or near Longmead Road,E01030352,Elmbridge 005C,Unable to prosecute suspect
b7ac4e045dc3abd7c02b5ff831aadfdddd17d5e345fef5d43592c7f3f79d3d24,2023-04,Surrey Police,Surrey Police,-0.724395,51.272473,On or near Alder Close,E01030429,Guildford 004D,Investigation complete; no suspect identified
2cc3376376d92a06ef3e8cd88ff0cabd3762993c62b5a052b710ff6fd0df7f58,2023-04,Surrey Police,Surrey Police,-0.486969,51.387500,On or near Bridge Wharf,E01030658,Runnymede 004B,Investigation complete; no suspect identified
5a26b05b7f96b295c7c49e372df30f341c9cc0c1323cd44b84edb8234946aa83,2023-04,Surrey Police,Surrey Police,-0.403170,51.407197,On or near Parking Area,E01030753,Spelthorne 010A,Investigation complete; no suspect identified
ce3cdd16cfa6b3515da7e996b3da2ac48754a4c109c08ca4ae3a40a2f2216138,2023-04,Surrey Police,Surrey Police,-0.425489,51.420052,On or near Staines Road West,E01030752,Spelthorne 008E,Investigation complete; no suspect identified
cb31177543e516796ee4d99ec8ba90f9d7ecc8da6fff2a28310f8dbaed206dd5,2023-04,Surrey Police,Surrey Police,-0.472832,51.445596,On or near Supermarket,E01030711,Spelthorne 002C,Investigation complete; no suspect identified
e4e53722a6e328cb2f27c83014c6d6135418c614d14d672b82758a4619214870,2023-04,Surrey Police,Surrey Police,-0.607391,51.237370,On or near Sports/Recreation Area,E01030470,Guildford 012A,Investigation complete; no suspect identified
5b8fa6c079197b9787dfdeb83556caa112d26a9beb6ff2ec020d766a8356ce12,2023-04,Surrey Police,Surrey Police,-0.486995,51.358049,On or near Supermarket,E01030683,Runnymede 010C,Investigation complete; no suspect identified
55b46a8b01c1b8cda0134203c82b9f52405c30e0da6b1efe3ff04d1a4bac638d,2023-04,Surrey Police,Surrey Police,-0.727364,51.286434,On or near Park/Open Space,E01030783,Surrey Heath 012B,Further investigation is not in the public interest
a54b12642d0a0c527ef667cd361517498f389c66636322e7304635a46929a27b,2023-04,Surrey Police,Surrey Police,-0.459289,51.363948,On or near Heath Road,E01030376,Elmbridge 012F,Unable to prosecute suspect
b8475345555ac1bafc09827ca34444d963a55d28d8e941b3cbed05838ad8f065,2023-04,Surrey Police,Surrey Police,-0.719594,51.223403,On or near Seale Lane,E01030471,Guildford 017A,Investigation complete; no suspect identified
44e9548e0abee0297077369a2aa5fe66f12f5b65c8dee64b0527270aba90ab3c,2023-04,Surrey Police,Surrey Police,-0.745774,51.336504,On or near Pembroke Broadway,E01030800,Surrey Heath 005E,Investigation complete; no suspect identified
4db5629627113b8b5e7638170c646876914df9ca526e7e2722e258813887be3b,2023-04,Surrey Police,Surrey Police,-0.571261,51.226192,On or near Shalford Road,E01030456,Guildford 016D,Investigation complete; no suspect identified
073a86301d7cd877acc3eaaadca1696eb95e25b683574ee17f9b34d3a08d7f87,2023-04,Surrey Police,Surrey Police,-0.195623,51.239214,On or near Deerings Road,E01030621,Reigate and Banstead 012E,Investigation complete; no suspect identified
e827d3094cebebef72d554e7ec49b7c26f6f2373a78df5a78162d62d5b918564,2023-04,Surrey Police,Surrey Police,-0.096673,51.264877,On or near War Coppice Road,E01030828,Tandridge 004A,Unable to prosecute suspect
4df758556b08724ab4b5d8584bce6a08933c8fae5cf9f6fd67c1735388b0bc08,2023-04,Surrey Police,Surrey Police,-0.363897,51.371090,On or near Warren Close,E01030307,Elmbridge 013A,Further investigation is not in the public interest
4365d48add143bac988d77d9fb1255abf1a992235d566f082dfdbfa5e69ec785,2023-04,Surrey Police,Surrey Police,-0.785414,51.234671,On or near Supermarket,E01030891,Waverley 002A,Investigation complete; no suspect identified
b69cced279590e4fceb0902dd7fb9545ececd60de958fca2b6a9bb937dccf460,2023-04,Surrey Police,Surrey Police,-0.260211,51.349839,On or near Supermarket,E01030413,Epsom and Ewell 004B,Investigation complete; no suspect identified
90f1674075350bf785700a96b873555e1f41575b0ac96f7be84f6cbacb3874c5,2023-04,Surrey Police,Surrey Police,-0.588154,51.255892,On or near North Road,E01030485,Guildford 006A,Investigation complete; no suspect identified
13843cb7ef60377eea887d22793ab1a808e203083199978cc9415c4c1ed84b10,2023-04,Surrey Police,Surrey Police,-0.205545,51.286093,On or near Sandy Lane,E01030589,Reigate and Banstead 007A,Investigation complete; no suspect identified
dc23e26ee0a6c47301dd22d4610aa337f6b101dee395610959111df4b59599db,2023-04,Surrey Police,Surrey Police,-0.725948,51.272814,On or near Cypress Grove,E01030429,Guildford 004D,Investigation complete; no suspect identified
c4a184c61d74ec3bf2cd33c0c80e6779ec0415475cf816def9ef6ce806a7afd9,2023-04,Surrey Police,Surrey Police,-0.613361,51.231132,On or near Beechcroft Drive,E01030467,Guildford 015B,Unable to prosecute suspect
444d16497c6caf8cfe74037bdfb79516a33a72730ceb31d4f65cf8eb14efaa2c,2023-04,Surrey Police,Surrey Police,-0.581982,51.262742,On or near Lilac Close,E01030481,Guildford 007A,Unable to prosecute suspect
56d0afc33014df03c03c50ff92c1cee43acb1d53ad5420682a674905335da06b,2023-04,Surrey Police,Surrey Police,-0.545129,51.300058,On or near Gresham Park Road,E01034297,Woking 011G,Further investigation is not in the public interest
7240f02c86fb95600fe230120740ddcfd70548983e4baf2239d19575ca8f138a,2023-04,Surrey Police,Surrey Police,-0.731244,51.321510,On or near Farm Road,E01030791,Surrey Heath 009C,Unable to prosecute suspect
69f1886d97bfaecf5b4e4a2d96aee2b6103771ff84cf210dbba7f1cdc241b670,2023-04,Surrey Police,Surrey Police,-0.331669,51.233094,On or near Shopping Area,E01030534,Mole Valley 009C,Investigation complete; no suspect identified
8726fa692da59627486d0f227486eef94cd9a2994435876b7feca9e3cbf323ca,2023-04,Surrey Police,Surrey Police,-0.807138,51.211065,On or near Babbs Mead,E01030884,Waverley 003A,Investigation complete; no suspect identified
fba5eb37e1d23cebf6d64857343e69cbe931eff5f3315f58f527b18d7bba6449,2023-04,Surrey Police,Surrey Police,-0.476800,51.369946,On or near Sports/Recreation Area,E01030647,Runnymede 007A,Investigation complete; no suspect identified
5deab9b38c80a4811db1cf9e6f7713dd07b0d3926ed17ec81f15e589d805d12d,2023-04,Surrey Police,Surrey Police,-0.536160,51.329945,On or near Bentham Avenue,E01034293,Woking 004G,Unable to prosecute suspect
303ca79edb462fee4250d5e228815c7f27efcd0370d410c507439a138c06cd1c,2023-04,Surrey Police,Surrey Police,-0.266565,51.351948,On or near Richards Field,E01030416,Epsom and Ewell 004D,Unable to prosecute suspect
7ca09575ddb9cba35659a440237fee958596da5b78fb892b5ecdc3cd7f94701b,2023-04,Surrey Police,Surrey Police,-0.626725,51.312391,On or near A322,E01030978,Woking 012C,Further investigation is not in the public interest
1a2f8c991648d8f4d352c773f169f8125636a92336fbec4e1d668751535f23b2,2023-04,Surrey Police,Surrey Police,-0.227431,51.303548,On or near Merefield Gardens,E01030609,Reigate and Banstead 005B,Suspect charged
3b607c2148da29c19a983442db2350a8f9229ef7683a80826a4cd8a6dbc33f03,2023-04,Surrey Police,Surrey Police,-0.412261,51.329823,On or near Supermarket,E01030300,Elmbridge 017A,Investigation complete; no suspect identified
7c6c59a4c9796675eeacbbf536d97f2ec0f4e10f3811b9b899098e89fd3cc157,2023-04,Surrey Police,Surrey Police,-0.568037,51.316643,On or near Kingsway Avenue,E01030954,Woking 008A,Investigation complete; no suspect identified
56d9b2ab6d78228d456c62fbf510edf65e88a8d132dc1312ea4213b7f2e1a937,2023-04,Surrey Police,Surrey Police,-0.762734,51.332557,On or near Queen Mary Avenue,E01030793,Surrey Heath 008A,Unable to prosecute suspect
d72f42809a2925c44e2245c42d9cd4c8c809916bc1afa46c6b195f9f60224296,2023-04,Surrey Police,Surrey Police,-0.279348,51.209548,On or near Leigh Road,E01030527,Mole Valley 008D,Investigation complete; no suspect identified
ea81fa214b618fc14770f5d7f7bcad31649d41e1ebd1e17a8b7e569fae98d633,2023-04,Surrey Police,Surrey Police,-0.412186,51.421698,On or near A316,E01030755,Spelthorne 010C,Investigation complete; no suspect identified
a020e7eb18a65ba0097d8665824ed5333eccf2579836a9aa054c6b19a50bdcc6,2023-04,Surrey Police,Surrey Police,-0.559507,51.319137,On or near Parking Area,E01030954,Woking 008A,Unable to prosecute suspect
2b1fdc5e2c2be57b7dc8211f36abfb63ef7e8053d74e6b45355aa920ee4fd06b,2023-04,Surrey Police,Surrey Police,-0.264953,51.349757,On or near Hyperion Place,E01034288,Epsom and Ewell 005F,Unable to prosecute suspect
7210098c10b7dd18592d901f8bd1ea16bc39e840d3a9eb4d77c27a69de0d48a1,2023-04,Surrey Police,Surrey Police,-0.061342,51.316905,On or near Trenham Drive,E01030853,Tandridge 012B,Investigation complete; no suspect identified
52d366e8e8802f4fa3eb74f331fde36cad8022a5a0cbcd0d7bdee663f179b4c3,2023-04,Surrey Police,Surrey Police,-0.732392,51.337655,On or near Branksome Park Road,E01030798,Surrey Heath 005C,Unable to prosecute suspect
21b2ac578c2092b4857716fb44f45d80e1d87f56424b3ef8493070dfbc099438,2023-04,Surrey Police,Surrey Police,-0.157638,51.293487,On or near Star Lane,E01030569,Reigate and Banstead 004E,Further investigation is not in the public interest
3fd1ec07f63e51dee77f252b17c4ce9f492c14fb91fb41554230e517a2df59b3,2023-04,Surrey Police,Surrey Police,-0.600724,51.186855,On or near Langham Close,E01030916,Waverley 007A,Investigation complete; no suspect identified
23b46d542f4e175d45d044b810b1c66ec3da5ca75c4bf2fdfd69e619dfcd1f6f,2023-04,Surrey Police,Surrey Police,-0.475407,51.322380,On or near Deers Farm Close,E01030458,Guildford 001B,Investigation complete; no suspect identified
61f68c5d0926697aec641c9c16c772d7aeba8369cd5c32fd41fc13abcf220793,2023-04,Surrey Police,Surrey Police,-0.560855,51.322832,On or near Broomhall Road,E01030968,Woking 003F,Unable to prosecute suspect
2670dd3cc0a3b4f60de9defb7e561c691e0b625a53f2a4fab5d61f3759dc539a,2023-04,Surrey Police,Surrey Police,-0.572324,51.237221,On or near Ward Street,E01030451,Guildford 013C,Investigation complete; no suspect identified
dfac26c834f7823ed90976ccd4b13c7d093b3dd218e52f877749620f45c6894e,2023-04,Surrey Police,Surrey Police,-0.079151,51.308997,On or near West View Avenue,E01035364,Tandridge 002F,Investigation complete; no suspect identified
9de8104d03414711b5f400d1dd1e20dc2fad3045a88b4abe08865d6eed3dc029,2023-04,Surrey Police,Surrey Police,-0.465356,51.449266,On or near Masefield Way,E01030709,Spelthorne 002A,Unable to prosecute suspect
46d6e8a586afbe0ad5b48c352aaa329b168fb866a94e1e73bc8519129e0989ee,2023-04,Surrey Police,Surrey Police,-0.598473,51.244542,On or near Eastway,E01030497,Guildford 012D,Investigation complete; no suspect identified
5f8ad025fbfe3c6250535efc72377daca9edb2bd1ef02ccd3c3783f9214bfdce,2023-04,Surrey Police,Surrey Police,-0.530422,51.106741,On or near Sachel Court Road,E01030862,Waverley 015A,Investigation complete; no suspect identified
d10bb1c4af2c2fe601c59ff4e792ed55d4a22915304f0da69e58ce4b666a8fd0,2023-04,Surrey Police,Surrey Police,-0.511437,51.433314,On or near Parking Area,E01034291,Spelthorne 004F,Investigation complete; no suspect identified
1fb9bee8204422a646a099b5d78dbc21bdeec673ccb4890385cf54f6cf267c28,2023-04,Surrey Police,Surrey Police,0.012015,51.237734,On or near Four Oaks,E01030842,Tandridge 007C,Investigation complete; no suspect identified
49a72dfe751c95e158fa42bb3d4f0482710cc072097e8b7459e290b187168632,2023-04,Surrey Police,Surrey Police,-0.503357,51.391317,On or near Petrol Station,E01030653,Runnymede 006B,Investigation complete; no suspect identified
39b83f71ae93f16302549f50c40902fe47f1106beb166dfc4f582dd4ff263a5b,2023-04,Surrey Police,Surrey Police,-0.330147,51.301992,On or near Petrol Station,E01030550,Mole Valley 003C,Investigation complete; no suspect identified
d22f04c0b7b3832c83f5ac06e0a9bbeaab91a30d489d0524d8cdb59f1fa4754f,2023-04,Surrey Police,Surrey Police,-0.734069,51.292379,On or near Coleford Bridge Road,E01030782,Surrey Heath 012A,Unable to prosecute suspect
7f9fba34c7962c7c2ce190b085286a87e0762f6729831ae0dc17182c5ae28aee,2023-04,Surrey Police,Surrey Police,-0.573016,51.239929,On or near Theatre/Concert Hall,E01030451,Guildford 013C,Investigation complete; no suspect identified
1064a239b63852ebd928eaf16b6dae124c357ea7145e23d64dad4ceed4d0a33d,2023-04,Surrey Police,Surrey Police,-0.542008,51.293059,On or near Worsfold Close,E01030477,Guildford 001F,Investigation complete; no suspect identified
db723c82fb85b029f0a33fb87acc3cb4373699194d94981fda066ef44be83d2a,2023-04,Surrey Police,Surrey Police,-0.580187,51.244708,On or near Parking Area,E01030450,Guildford 013B,Unable to prosecute suspect
a28ef8f0e893d2e22401d702a3a61292064e38e2bd7afddc40f5439d9e8658dd,2023-04,Surrey Police,Surrey Police,-0.792960,51.212331,On or near Station Hill,E01030888,Waverley 004C,Unable to prosecute suspect
1b94b353a954aa4e7f5b8a8025b2209e23ca9f24bec6a226202dfde831608902,2023-04,Surrey Police,Surrey Police,-0.712560,51.337367,On or near Fairway Heights,E01030792,Surrey Heath 009D,Suspect charged
8c27fe40cc9339a5b55bafd6fd25e022a1fb3cf30dcfb4141e10c9a9cf2de984,2023-04,Surrey Police,Surrey Police,-0.482688,51.347438,On or near Dorset Way,E01030949,Woking 001D,Investigation complete; no suspect identified
99906621be9e4bf9b25d59017077d22751f311d72f1f7a0cf70b0a4506977c06,2023-04,Surrey Police,Surrey Police,-0.635740,51.116983,On or near Hartsgrove,E01030868,Waverley 015C,Unable to prosecute suspect
4b537d007ea78172bc0fb07ffca0fd12698a260067b58bd8ea05d8881767c648,2023-04,Surrey Police,Surrey Police,-0.723691,51.352667,On or near Parking Area,E01030788,Surrey Heath 004C,Unable to prosecute suspect
6971dcedcf5412ba17a278c7b9dbfeab592aaa046ebef3b90fa53628a4566775,2023-04,Surrey Police,Surrey Police,-0.497251,51.299948,On or near Dorton Way,E01030459,Guildford 001C,Investigation complete; no suspect identified
0019fd307b87b15819321a997c5460d770d24a3515240ffa0cd43d17ab20304c,2023-04,Surrey Police,Surrey Police,-0.231466,51.301226,On or near Broadfield Close,E01030608,Reigate and Banstead 005A,Investigation complete; no suspect identified
b44c3c78524a325a877dbe7b261d675481527dd6fdb42b0136c6a602559843bf,2023-04,Surrey Police,Surrey Police,-0.452972,51.217449,On or near Gravel Pits Lane,E01030491,Guildford 018B,Unable to prosecute suspect
0dcc27a277ca88c433cba6ed60cc89749e5365757ded570aa7d86118ec12f074,2023-04,Surrey Police,Surrey Police,-0.576517,51.306927,On or near Court Green Heights,E01030999,Woking 010C,Unable to prosecute suspect
af3e0d30548fc0aa62d9b1f2b1d3dda81187735e5e0c7f473c5151d0851dbac6,2023-04,Surrey Police,Surrey Police,-0.396804,51.378730,On or near Severn Drive,E01030365,Elmbridge 008D,Further investigation is not in the public interest
7fa1b870928860f0b919c7fa50e6dae6751cc629f638524b2d09a627e352b458,2023-04,Surrey Police,Surrey Police,-0.559475,51.312384,On or near Woodlands,E01030991,Woking 008D,Investigation complete; no suspect identified
8788bfcbc9be33468d70af4282b8395bde6df318d28919b09d78de800021be66,2023-04,Surrey Police,Surrey Police,-0.573939,51.238309,On or near Supermarket,E01030451,Guildford 013C,Unable to prosecute suspect
76d6a55d54992ae43659676e9750c8b89dd734299cd5b8cc48e4ed7a6d31ab75,2023-04,Surrey Police,Surrey Police,-0.334775,51.224829,On or near Hampstead Road,E01030535,Mole Valley 010A,Unable to prosecute suspect
732afdb92f1a0639969a8090c922318e51fc4f90b882cdfc816c675a69adb805,2023-04,Surrey Police,Surrey Police,-0.395769,51.367619,On or near Supermarket,E01030317,Elmbridge 014E,Investigation complete; no suspect identified
2c1c31dd3c5a285481dfc2439432751fce933c836f48670296d8df511ce2476a,2023-04,Surrey Police,Surrey Police,-0.795873,51.214816,On or near Parking Area,E01030885,Waverley 003B,Investigation complete; no suspect identified
aad29620163013294f6705e28d752186048dbf6f792a11fc55d6b03a018615c9,2023-04,Surrey Police,Surrey Police,-0.355906,51.299343,On or near River Lane,E01030543,Mole Valley 005E,Unable to prosecute suspect
e33e64184e3b14874cc7509eebee5a5786d406d8ad6f9d2887c6274528415c65,2023-04,Surrey Police,Surrey Police,-0.504332,51.390511,On or near Beomonds Row,E01030653,Runnymede 006B,Investigation complete; no suspect identified
94d124cf8edbed3a5e512a1b6dc3de43886e6015f388a9d0b4eb253f015223cd,2023-04,Surrey Police,Surrey Police,0.007120,51.247387,On or near Wolf's Hill,E01030841,Tandridge 007B,Investigation complete; no suspect identified
d1a23688409ec461f4ae75727b55367351b927f55df2c6b1e2b652bb8a8efe1a,2023-04,Surrey Police,Surrey Police,-0.291942,51.318311,On or near Devitt Close,E01030513,Mole Valley 001D,Investigation complete; no suspect identified
ca8e8094cdd8b5a96e623577ea66a21accb2902b103dc4d6fba2064eccfaf1f9,2023-04,Surrey Police,Surrey Police,-0.755054,51.321955,On or near James Way,E01030805,Surrey Heath 008F,Unable to prosecute suspect
98f7ba21f66a3b194e301cc7a649a73ecaa0ed570cdf546f74e4dfac74985394,2023-04,Surrey Police,Surrey Police,-0.242798,51.147791,On or near Russ Hill,E01030531,Mole Valley 013D,Unable to prosecute suspect
a550492f108371255c393d4e56046271a92b4270644b0001ce10c77c7c0e2c07,2023-04,Surrey Police,Surrey Police,-0.141221,51.261393,On or near Mansfield Drive,E01030601,Reigate and Banstead 008C,Unable to prosecute suspect
2e507de9fbcec2ebc2010c0e0d10bc1c51be7efd70ffce9365050ffa4bee23d1,2023-04,Surrey Police,Surrey Police,-0.410448,51.305042,On or near Petrol Station,E01030302,Elmbridge 017C,Investigation complete; no suspect identified
3948698314f8907b1a2247b4c03b09b083372a043b1953676e801f1cdf6f5063,2023-04,Surrey Police,Surrey Police,-0.573939,51.238309,On or near Supermarket,E01030451,Guildford 013C,Investigation complete; no suspect identified
657edf741f7fcae9968acea7705e6118ae9bbe35a0247c9fe4b81c8716b30894,2023-04,Surrey Police,Surrey Police,-0.306462,51.314092,On or near Sports/Recreation Area,E01030512,Mole Valley 002D,Unable to prosecute suspect
d727d97a536ddf64282168e8e225a38ccbe938c05f98fe092462d9abbfcbcc3d,2023-04,Surrey Police,Surrey Police,0.021565,51.245790,On or near Pains Hill,E01030832,Tandridge 006B,Investigation complete; no suspect identified
c377cb552fc5f6ec99d42b1cd9531bccf682a4921868cb92acbc9ce5bd69e6e4,2023-04,Surrey Police,Surrey Police,-0.792162,51.211657,On or near Parking Area,E01030888,Waverley 004C,Investigation complete; no suspect identified
793be8ae66bc452c4755c3b1b656ed9f511dc14f716c0d4f0d24c3b4f42fd49a,2023-04,Surrey Police,Surrey Police,-0.074940,51.154384,On or near West Park Road,E01030816,Tandridge 011A,Investigation complete; no suspect identified
0c74c8b566ee0112e8ded562a69334ab69f78a3b87b34edfa8781f6d1fdf309f,2023-04,Surrey Police,Surrey Police,-0.222233,51.356005,On or near Roberts Close,E01004112,Sutton 016C,Investigation complete; no suspect identified
3c98f7c26d90b0cce41de71d1aa2467cfe13f71e19fb72e255b0620ed25a4130,2023-04,Surrey Police,Surrey Police,-0.418587,51.420418,On or near The Haven,E01030751,Spelthorne 008D,Investigation complete; no suspect identified
35c430501f230a5bdf11cc60a71bf90f41d17e42878c813d15c5ee06c9d53350,2023-04,Surrey Police,Surrey Police,-0.323105,51.255876,On or near Parking Area,E01030556,Mole Valley 009D,Unable to prosecute suspect
b0dd37f0306f03c2dde6948160d22408bece72b2db5c47cbe96a9882b37620cb,2023-04,Surrey Police,Surrey Police,-0.593988,51.253040,On or near Fentum Road,E01030495,Guildford 009C,Investigation complete; no suspect identified
ea1e4c8a9653f7310a8e79ecbd94e2e980c2926375942ca84480c89150229bb1,2023-04,Surrey Police,Surrey Police,-0.154369,51.290954,On or near Petrol Station,E01030569,Reigate and Banstead 004E,Unable to prosecute suspect
69c2080e095560b4a2b347f5de29597c4a5517fc1ec56b926eff93891097b0bc,2023-04,Surrey Police,Surrey Police,-0.398855,51.385412,On or near Regency Gardens,E01030355,Elmbridge 008B,Investigation complete; no suspect identified
dea3b04e326ac9f7f9be23c6b2d6496723359da1de0f7ac45a98f3dc67766b27,2023-04,Surrey Police,Surrey Police,-0.787360,51.218415,On or near Kimbers Lane,E01030895,Waverley 003E,Investigation complete; no suspect identified
944c08de3bf1bc2e43b52b9700b454386d1d22c3450caf56b93b5c908939dd11,2023-04,Surrey Police,Surrey Police,-0.498929,51.348303,On or near Holmefield Place,E01030694,Runnymede 010E,Investigation complete; no suspect identified
55318f9221f45ca0dab86c2083e4369e68eb020c14105acb5b242f3190a8d4cd,2023-04,Surrey Police,Surrey Police,-0.162297,51.217733,On or near Canada Drive,E01030572,Reigate and Banstead 014C,Unable to prosecute suspect
736ddac9e53c8dbfa0f4d42c9353406d1927fe43131d18b9fcf4e5003c13460e,2023-04,Surrey Police,Surrey Police,-0.237132,51.298605,On or near Cheam Close,E01030608,Reigate and Banstead 005A,Investigation complete; no suspect identified
dbfb7a95e7879ac1de89cfa728974010bec6b08523faf4803474e22758c70a23,2023-04,Surrey Police,Surrey Police,-0.276792,51.341937,On or near Horton Gardens,E01030384,Epsom and Ewell 005B,Investigation complete; no suspect identified
8084f3f71ef73efbc47bc0a78cad3de495425ec67dc21eab46e96363b0709053,2023-04,Surrey Police,Surrey Police,-0.402649,51.372623,On or near Bell Farm Way,E01030313,Elmbridge 010A,Unable to prosecute suspect
38e0468857906ef9f27aea62850641ec7ba831d72316325f13ece364441a3d7f,2023-04,Surrey Police,Surrey Police,-0.183672,51.233111,On or near Oak Way,E01030596,Reigate and Banstead 012B,Investigation complete; no suspect identified
c8758709ab0aebb2ed4169ac8647108c10405d7213856189f96d2e6b62605081,2023-04,Surrey Police,Surrey Police,-0.571697,51.240333,On or near Stoke Mews,E01030451,Guildford 013C,Unable to prosecute suspect
ba16028a85b4bc54affd64f518b384f30cd89723e385f21bb20ad77134f55eb8,2023-04,Surrey Police,Surrey Police,-0.227783,51.148616,On or near Ifield Road,E01030531,Mole Valley 013D,Suspect charged
84555c10a770a303fe292acc8ce86436a3c18926b65736897ba7c2fb787eec61,2023-04,Surrey Police,Surrey Police,-0.265361,51.333750,On or near Theatre/Concert Hall,E01034290,Epsom and Ewell 008F,Unable to prosecute suspect
e98125bdd180b58ee323d04667ec9cc33f9b0cc9165f86046050c073c553814f,2023-04,Surrey Police,Surrey Police,-0.390171,51.317895,On or near Cobham and Stoke D'Abernon,E01030343,Elmbridge 018C,Unable to prosecute suspect
8512c8ecbd9baa55232047edfda752624e734f0f1110df042e6c7ca69a16c527,2023-04,Surrey Police,Surrey Police,-0.570634,51.237659,On or near Chertsey Street,E01030451,Guildford 013C,Unable to prosecute suspect
4364bd70289b29d65b90deedbe029232651582cdc2b7e0bbb5db90d50c826e91,2023-04,Surrey Police,Surrey Police,-0.607391,51.237370,On or near Sports/Recreation Area,E01030470,Guildford 012A,Further investigation is not in the public interest
6d166588f3bf440c0545625f731a7ecec592c4395da0a0fd6a4993c72238dc8f,2023-04,Surrey Police,Surrey Police,-0.573939,51.238309,On or near Supermarket,E01030451,Guildford 013C,Investigation complete; no suspect identified
87a8347671f7223348ef3e90a5ec7267d285e777d2f7851eba8e3b36a6bddb6d,2023-04,Surrey Police,Surrey Police,-0.501087,51.391314,On or near London Street,E01030659,Runnymede 006E,Investigation complete; no suspect identified
8dc2a71f5a535e8906c2b4a9f8db850f205a15f3f7c968d1676b263360c74156,2023-04,Surrey Police,Surrey Police,-0.477839,51.343841,On or near Oyster Lane,E01030949,Woking 001D,Investigation complete; no suspect identified
349cfc8613e347b42c1edb4b0fc71c3dc7befe05c051456571ce4bbc50dfdd16,2023-04,Surrey Police,Surrey Police,-0.577670,51.237270,On or near Nightclub,E01030452,Guildford 015A,Investigation complete; no suspect identified
532cf4aa944a3adaaf1d25d9afc7473e1db9214e6f28e141c747e40bb8737656,2023-04,Surrey Police,Surrey Police,-0.334251,51.387902,On or near Linden Close,E01030352,Elmbridge 005C,Investigation complete; no suspect identified
e2e03f46a365d145c3292140ab8be44b3aa7df29f3c523b94e07615e4fb16239,2023-04,Surrey Police,Surrey Police,-0.436846,51.369172,On or near Brockley Combe,E01030340,Elmbridge 011C,Investigation complete; no suspect identified
517a7d1fefab40718aad333c219a415c60b755b9582af8270d7905f708710f05,2023-04,Surrey Police,Surrey Police,-0.570257,51.252582,On or near Swan Court,E01030484,Guildford 007D,Investigation complete; no suspect identified
0d422456f585ccc85cf8e5a2fd0081fa3cf3bc73a925449d1933e4bfd755236b,2023-04,Surrey Police,Surrey Police,-0.137783,51.259207,On or near Bletchingley Road,E01030601,Reigate and Banstead 008C,Investigation complete; no suspect identified
c1c1f55091cc442ddbf2ad60bc8b3dc2915af11517e0c30e98ee4bd2d81bb5d2,2023-04,Surrey Police,Surrey Police,-0.743407,51.338034,On or near Balfour Court,E01030800,Surrey Heath 005E,Investigation complete; no suspect identified
6c2e974faf1542466be3f9b4004caae3976a48d40a6636653358baefdf5d2de3,2023-04,Surrey Police,Surrey Police,-0.413322,51.388882,On or near Montague Close,E01030358,Elmbridge 007B,Investigation complete; no suspect identified
d44d55e2d0253c0edf6d78c66e26de219bd1d853d4d425f5e7979af9fe6fe686,2023-04,Surrey Police,Surrey Police,-0.265361,51.333750,On or near Theatre/Concert Hall,E01034290,Epsom and Ewell 008F,Investigation complete; no suspect identified
f0f854568016a9a6bf7f340ef2521c37efe57b9b741e1733b3cb5bae03d79619,2023-04,Surrey Police,Surrey Police,-0.572324,51.237221,On or near Ward Street,E01030451,Guildford 013C,Unable to prosecute suspect
31cdc0c6d90e20471953a681ed0791ad1f55df0f70fc62bf74e37e20e55ffeca,2023-04,Surrey Police,Surrey Police,-0.508163,51.388941,On or near Abbots Way,E01030657,Runnymede 006D,Investigation complete; no suspect identified
bfd45063b3eb120538cb10a4baff79acea9e459025179b3f181c66adf18948c9,2023-04,Surrey Police,Surrey Police,-0.566596,51.313173,On or near York Road,E01030992,Woking 010B,Investigation complete; no suspect identified
47efed8e9dbde3cb27fb8b4f4630cb70a45991b7d7b455fa9adfcb5c7ac1fc09,2023-04,Surrey Police,Surrey Police,-0.444106,51.422396,On or near Staines Road West,E01030725,Spelthorne 006E,Suspect charged
2267cef039fe04abe60e4cf3b9c38ef2c45d4b9650ad5edf9f6448a458303553,2023-04,Surrey Police,Surrey Police,-0.818666,51.200283,On or near Dale Close,E01030905,Waverley 009B,Investigation complete; no suspect identified
20b5ecfc67bdedccf1429eea9b6d6511427c25c62d687acb084c248154d69e12,2023-04,Surrey Police,Surrey Police,-0.290124,51.324768,On or near Marneys Close,E01030405,Epsom and Ewell 009C,Further investigation is not in the public interest
91f5cae184bda36413a8c10c956dc608d040ce7795bfdc2cda37b502ff3c3854,2023-04,Surrey Police,Surrey Police,-0.335640,51.225066,On or near Pledges Yard,E01030535,Mole Valley 010A,Unable to prosecute suspect
84fdc4829ae4dfe7cdde96cb3a2c930c30db9256cf44d949ede6ab089a4fca2b,2023-04,Surrey Police,Surrey Police,-0.240488,51.281740,On or near Chuck's Lane,E01030639,Reigate and Banstead 006E,Investigation complete; no suspect identified
4b4ee2ea3f12fbfbf959e59835864de3a111bda3408e2b6786f72a805ae8633f,2023-04,Surrey Police,Surrey Police,-0.424872,51.417085,On or near Supermarket,E01030752,Spelthorne 008E,Investigation complete; no suspect identified
043ae45e08ec9bc9d31c8e5ecd93b0d9ff4138ec0ef43ffffc56fdbc9d8e88e3,2023-04,Surrey Police,Surrey Police,-0.366120,51.369979,On or near Church Street,E01030307,Elmbridge 013A,Unable to prosecute suspect
2f20008095f99fb9ffd83e158a91f5a4cafe3fbb4ea286eefcc93f3a8672b925,2023-04,Surrey Police,Surrey Police,-0.329335,51.294732,On or near Supermarket,E01030552,Mole Valley 004B,Investigation complete; no suspect identified
31d6eb0cf68e18acf991b658db9a401b4fe581cd53ffc0bcb19e54fb54ad9606,2023-04,Surrey Police,Surrey Police,-0.504646,51.391899,On or near Foundry Court,E01030659,Runnymede 006E,Investigation complete; no suspect identified
ebc7d0baa8de764e97f0982eb694bb0fdfd655660bcc2c1f1cba7670da84864e,2023-04,Surrey Police,Surrey Police,-0.002861,51.258439,On or near Amy Road,E01030836,Tandridge 006C,Investigation complete; no suspect identified
bb27faa0b6e41936423b8cf9c4aae44acdea3710a9f43ca23817b148cfebc0b4,2023-04,Surrey Police,Surrey Police,-0.270239,51.366129,On or near Bridle Close,E01030394,Epsom and Ewell 002A,Investigation complete; no suspect identified
c02997cc4c2f5eee8453fe43d3cb70861d68bf69996869d6196d267f24fc6131,2023-04,Surrey Police,Surrey Police,-0.538147,51.429892,On or near Orchard Close,E01030687,Runnymede 003E,Investigation complete; no suspect identified
297f3da6c56915337c005a05bc1aa0b7734de6608760107b3eea03a0e05e9f56,2023-04,Surrey Police,Surrey Police,-0.461005,51.372729,On or near Minorca Road,E01030372,Elmbridge 012B,Investigation complete; no suspect identified
1258f152572ad9231f9960a0551c8fe5d4a9f823c483ee121a631f0e299010e9,2023-04,Surrey Police,Surrey Police,-0.168968,51.230041,On or near Earlsbrook Road,E01030574,Reigate and Banstead 014E,Unable to prosecute suspect
cf0c29839b99fa32de3873e21488bf496e2a3dcfb37bb26c3f1e07c19423bcc2,2023-04,Surrey Police,Surrey Police,-0.425489,51.420052,On or near Staines Road West,E01030752,Spelthorne 008E,Investigation complete; no suspect identified
8a3b07c2b49ab804272a5b6366a540675e47a773b1d351e19fa8dc1862c93525,2023-04,Surrey Police,Surrey Police,-0.564684,51.428169,On or near Chestnut Drive,E01030672,Runnymede 002B,Unable to prosecute suspect
ceaf655a519d0a4009764c57796299ef98e9552cd8f20e5667935184bc04c693,2023-04,Surrey Police,Surrey Police,-0.163007,51.218949,On or near Hospital,E01030572,Reigate and Banstead 014C,Unable to prosecute suspect
cc980d52a69673021c8824d2000ef08615ec7b0d83e08256e2fc77da4d5248af,2023-04,Surrey Police,Surrey Police,-0.552442,51.238550,On or near St Omer Road,E01030437,Guildford 011B,Unable to prosecute suspect
a9db96fbe63ed798724da375ef888e83d08e5e3520865d93eb74eb68603dc184,2023-04,Surrey Police,Surrey Police,-0.269105,51.333694,On or near Parking Area,E01034289,Epsom and Ewell 008E,Investigation complete; no suspect identified
abe903e6965ce5793c4c7cc527ddc4222e32c1a2d51652707ef2c072b536a48a,2023-04,Surrey Police,Surrey Police,-0.800522,51.214414,On or near A325,E01030885,Waverley 003B,Investigation complete; no suspect identified
b5ab8918797ba36beb5457febd4ba8fe47dcba5ca5ebb370e72e96c60f8b379f,2023-04,Surrey Police,Surrey Police,-0.232050,51.288258,On or near High Street,E01030639,Reigate and Banstead 006E,Investigation complete; no suspect identified
26975f47ebc8f83211a19e9e56bbc5e069856e1e6aab0db56aa3624965505681,2023-04,Surrey Police,Surrey Police,-0.631260,51.182019,On or near Seymour Road,E01030915,Waverley 010B,Investigation complete; no suspect identified
4202836f0010b1868aa9b2048fc7c16064a0c148132833d2f761a52026ad7103,2023-04,Surrey Police,Surrey Police,-0.346486,51.364254,On or near Simmil Road,E01030297,Elmbridge 015B,Further action is not in the public interest
31f64c800c1dbf103b6cf30c50a93f3c4fb4b26e6d7ffc1ac1c333e8d2cb0e0e,2023-04,Surrey Police,Surrey Police,-0.226655,51.302466,On or near Hatch Gardens,E01030609,Reigate and Banstead 005B,Investigation complete; no suspect identified
bc22ffc16abf1fb952656f81657e650391cf6e8d39976bbef71e079c6e953b48,2023-04,Surrey Police,Surrey Police,-0.717278,51.252109,On or near Beeching Close,E01030432,Guildford 010C,Investigation complete; no suspect identified
cb8218c3a57c4da90e8b0055a5c77cb3fd2206b9712c68e1549186b5a7b3aa8c,2023-04,Surrey Police,Surrey Police,-0.567218,51.425325,On or near Further/Higher Educational Building,E01030671,Runnymede 002A,Unable to prosecute suspect
6b0f40063811004a17a53336b200a7a8d374992b65dbfd2aedb70ec8fc57cc9f,2023-04,Surrey Police,Surrey Police,-0.475613,51.346878,On or near Vickers Drive South,E01030347,Elmbridge 016B,Investigation complete; no suspect identified
be76d0eef52910fe1991c36ebca6dc08d714e7721a5ded0473f3db26433b91b4,2023-04,Surrey Police,Surrey Police,-0.754857,51.122241,On or near Woodland Gardens,E01030935,Waverley 018E,Investigation complete; no suspect identified
5d9f11967725bb232e06d51fd0d9dc086a12ef75748f65f9f327edb3c969b6b1,2023-04,Surrey Police,Surrey Police,-0.412261,51.329823,On or near Supermarket,E01030300,Elmbridge 017A,Investigation complete; no suspect identified
fcf4151216265b6ec4304f1077e7fe7c34882025c9b952e12f651c7bc179838a,2023-04,Surrey Police,Surrey Police,-0.265707,51.355658,On or near Church Road,E01030416,Epsom and Ewell 004D,Unable to prosecute suspect
3ec8196f3623294c75856a5a05d66ff1c7ee9869614c68eee59d53a20b4a7e36,2023-04,Surrey Police,Surrey Police,-0.430592,51.281421,On or near Parkside Place,E01030443,Guildford 003C,Unable to prosecute suspect
6c4c54abdd7a2b754e797db86aa61006e4892bcfcbb6a1cf03295f16626b468f,2023-04,Surrey Police,Surrey Police,-0.255163,51.336428,On or near Mill Road,E01030382,Epsom and Ewell 010A,Investigation complete; no suspect identified
eea7c24398bc2cd3f0723cdd85354e3aa45549f5da3ed6e24b543ba27e2be71f,2023-04,Surrey Police,Surrey Police,-0.577702,51.238419,On or near Parking Area,E01030451,Guildford 013C,Investigation complete; no suspect identified
ebca67a06c2964675763288510a64f7a21b17288b7ec8788084d8db4a780e35b,2023-04,Surrey Police,Surrey Police,-0.372213,51.379659,On or near Mill Road,E01030310,Elmbridge 013D,Investigation complete; no suspect identified
e7489c6d64c13d1431b19a982f95f93bf03adb837c0fa1d1fed171c8a2314763,2023-04,Surrey Police,Surrey Police,-0.512547,51.435019,On or near Parking Area,E01034291,Spelthorne 004F,Investigation complete; no suspect identified
258e78ad95cc28b53e9e64ee7fa9bfe3d52c9a9b2eec7c74d76198b3f199ca13,2023-04,Surrey Police,Surrey Police,-0.779656,51.221671,On or near Farnham Mill Lane,E01030893,Waverley 003D,Investigation complete; no suspect identified
4d99c26221d238d042b5963fca629fa23b4fc0edaf4329a7a9f229835ffa7d59,2023-04,Surrey Police,Surrey Police,-0.694876,51.358500,On or near Chantry Road,E01030760,Surrey Heath 002D,Investigation complete; no suspect identified
904b0588b50a5e7ed7f8050d93974cbdbbb014ee915e1d8b67ac7d185790368f,2023-04,Surrey Police,Surrey Police,-0.555922,51.196023,On or near Station Road,E01030865,Waverley 008B,Investigation complete; no suspect identified
ec6b6a21f99f1215c7eefc6acc06be627058c6549b8139f49d41f664134bef2b,2023-04,Surrey Police,Surrey Police,-0.530066,51.333762,On or near Spencer Close,E01034293,Woking 004G,Unable to prosecute suspect
4f54060db83104a50b4516ee555b177d6b192b0aa9fe16e7d1fecbe1dcf3c13a,2023-04,Surrey Police,Surrey Police,-0.509590,51.433489,On or near Shopping Area,E01034291,Spelthorne 004F,Investigation complete; no suspect identified
8c4ef1a4e922f79c527ab1542232173db396baa5a31df1be0585f4eea6457497,2023-04,Surrey Police,Surrey Police,-0.546971,51.431953,On or near High Street,E01030668,Runnymede 001B,Investigation complete; no suspect identified
04aa03ce8c6d09970c04ac5bdd1085f9a10701b05f1ad1108ee14606d7a40690,2023-04,Surrey Police,Surrey Police,-0.468788,51.449491,On or near Ravensbourne Avenue,E01030710,Spelthorne 002B,Unable to prosecute suspect
ca65d3c3f104e827fc527a50705b8d668259b219f60f6544508d38211516187c,2023-04,Surrey Police,Surrey Police,-0.320800,51.310473,On or near Caen Wood Road,E01030505,Mole Valley 002A,Further investigation is not in the public interest
06432182cfa825cc0312eedd41b38fa737b812c9243658553e9e42e7bd1f536e,2023-04,Surrey Police,Surrey Police,-0.599685,51.251831,On or near Aldershot Road,E01030498,Guildford 009D,Unable to prosecute suspect
27efe2e0dcb11539324fab49e38971313291c0d40221f010c77ee1f3a94462c6,2023-04,Surrey Police,Surrey Police,-0.728392,51.310446,On or near Chilham Close,E01030772,Surrey Heath 011C,Investigation complete; no suspect identified
53ab0987c38e5439ce13dddaa299a8bd72aaa98b24384b114e45040331e81337,2023-04,Surrey Police,Surrey Police,-0.243751,51.328506,On or near Link's Road,E01030396,Epsom and Ewell 010D,Investigation complete; no suspect identified
22f3a6ccc594c636b82fc4a6e75a6587c9bf85134030daaa4bd0c7453ba680a3,2023-04,Surrey Police,Surrey Police,-0.449904,51.326048,On or near Park/Open Space,E01030458,Guildford 001B,Unable to prosecute suspect
3a190f426ed0107f8733d58a35aeaacd5a2ee21dbf29c039f1c373c36405b6c7,2023-04,Surrey Police,Surrey Police,-0.458016,51.445843,On or near Harrow Road,E01030709,Spelthorne 002A,Unable to prosecute suspect
2332ff665deb28b56918c1d88e66ddb250bdbbb1a14d7e8b0c0a0d235389a1d7,2023-04,Surrey Police,Surrey Police,-0.444276,51.428827,On or near Laurel Gardens,E01030697,Spelthorne 006A,Action to be taken by another organisation
eef42ec61eb1f1f15ab6e97a3552da59e984dbbcd44a0f549054cdd43513e62a,2023-04,Surrey Police,Surrey Police,-0.422119,51.385089,On or near Parking Area,E01030360,Elmbridge 007D,Investigation complete; no suspect identified
100566551fe6fb5a3bc649f96c3843a6a2b8f1a88c111f64f3463da4777c23bd,2023-04,Surrey Police,Surrey Police,-0.503357,51.391317,On or near Petrol Station,E01030653,Runnymede 006B,Investigation complete; no suspect identified
4e05e9e843f2c952f7af88f69ae32bdfa3b109d799000ea65ea3abdd8aad108e,2023-04,Surrey Police,Surrey Police,-0.422938,51.423552,On or near Green Leas Close,E01030750,Spelthorne 008C,Unable to prosecute suspect
97439011395b1a51de1b358531b472fe4952844a69828ea6401245639fd4cfb9,2023-04,Surrey Police,Surrey Police,-0.414961,51.374732,On or near Wynton Grove,E01030366,Elmbridge 010C,Investigation complete; no suspect identified
00101343b419f2343e38a1afc71194d89c4572bb70c23ea9c710197544618e76,2023-04,Surrey Police,Surrey Police,-0.423996,51.390690,On or near Felix Lane,E01030357,Elmbridge 007A,Investigation complete; no suspect identified
ff3e0028599e8723e62a1b774c9dc897523cda94e5e9aff20b861b7aeeb1817e,2023-04,Surrey Police,Surrey Police,-0.329955,51.387885,On or near Portsmouth Avenue,E01030350,Elmbridge 005A,Investigation complete; no suspect identified
07daa2ca603aa4d6aac22115db333414cccb9f075393f67447e179b33b8e2a1f,2023-04,Surrey Police,Surrey Police,-0.159221,51.170606,On or near Aurum Close,E01030577,Reigate and Banstead 018C,Investigation complete; no suspect identified
2d798c33496f46c8fd650395e157442cc97ec5dab70c6aab003f199d92d92099,2023-04,Surrey Police,Surrey Police,-0.457818,51.432504,On or near Muncaster Close,E01030704,Spelthorne 005D,Investigation complete; no suspect identified
59632beb02546431855bce106228ee8d7bbd17ae3fdcbf1c67501ab587c051a6,2023-04,Surrey Police,Surrey Police,-0.587165,51.249343,On or near Supermarket,E01030487,Guildford 006B,Unable to prosecute suspect
b3759b7b0ad64f1e927ce3b8a4327eea882d1c84ce8e0738f734c06eec3b32ab,2023-04,Surrey Police,Surrey Police,-0.604138,51.195106,On or near St John's Street,E01030921,Waverley 005E,Unable to prosecute suspect
d54b6e79b334f942cc6d6303756179e0d29bea573b9dd471983408c762fbea62,2023-04,Surrey Police,Surrey Police,-0.002222,51.256990,On or near Parking Area,E01030836,Tandridge 006C,Unable to prosecute suspect
369cf28a4845cb98b62abf2c7676d98df1b76e3b465afa645983838accba6bfa,2023-04,Surrey Police,Surrey Police,-0.417625,51.392723,On or near Sports/Recreation Area,E01030363,Elmbridge 004C,Investigation complete; no suspect identified
1d591851bc62a09ecaa0f6a4c8655e9af67b107fa0676e511e440088b11d729a,2023-04,Surrey Police,Surrey Police,-0.245230,51.345785,On or near Constable Close,E01030396,Epsom and Ewell 010D,Investigation complete; no suspect identified
3ae02f984fa46e974f9b7daba00a970a480a8027a39d8b735201f1f2fd79d73a,2023-04,Surrey Police,Surrey Police,-0.469692,51.439656,On or near Further/Higher Educational Building,E01030707,Spelthorne 003A,Action to be taken by another organisation
83bd8a68b7c8be1d462cb3e7e752cc15dbc47dcf79bfa0cd837fc74be558cb76,2023-04,Surrey Police,Surrey Police,-0.158014,51.178294,On or near Fieldview,E01030580,Reigate and Banstead 017A,Investigation complete; no suspect identified
ab462ea9c749c874dd03164e92a01c8fe8d5434837e2463669b044c1541b7eb8,2023-04,Surrey Police,Surrey Police,-0.543593,51.434123,On or near Denham Road,E01030668,Runnymede 001B,Investigation complete; no suspect identified
5af8a69779cf80ddf3a8d52bd4ae495ec8c2559ebc97bec080c8f9bbd14461a3,2023-04,Surrey Police,Surrey Police,-0.347544,51.358010,On or near Gordon Road,E01030297,Elmbridge 015B,Investigation complete; no suspect identified
588bfa169c64b6c05ff463a34a0e7ff7005bcaed2ba7c504769cb50ca58c86f2,2023-04,Surrey Police,Surrey Police,-0.233795,51.311180,On or near Upland Way,E01030642,Reigate and Banstead 003C,Unable to prosecute suspect
d3e948baaff96f735826201e3153d64e63234a74e259ee227379a6d2ae7812ce,2023-04,Surrey Police,Surrey Police,-0.473945,51.341326,On or near Barnato Close,E01030950,Woking 001E,Unable to prosecute suspect
aa088812d0f452441a1771e8f398e70fc0166d724c36b176e4e60edbe8a6095c,2023-04,Surrey Police,Surrey Police,-0.646498,51.172259,On or near Flitwick Grange,E01030937,Waverley 011C,Unable to prosecute suspect
1c901758e902f62fc701f940539c20a24c50913a4cfdc1d060d54fbc0293cfc3,2023-04,Surrey Police,Surrey Police,-0.527577,51.333056,On or near St Michael's Road,E01030984,Woking 004E,Investigation complete; no suspect identified
b7d70f4895c013d635376a78a09efc0246e9c0273ef22457836ce4d453258baa,2023-04,Surrey Police,Surrey Police,-0.640887,51.338104,On or near Petrol Station,E01030807,Surrey Heath 006D,Investigation complete; no suspect identified
2ca1cd329d0252af1d4abce6d58ca3abeafa4ed0adcf6e15303f8cb1b8e47758,2023-04,Surrey Police,Surrey Police,-0.731247,51.316699,On or near Yew Tree Walk,E01030768,Surrey Heath 010C,Investigation complete; no suspect identified
488d77313e4e07a2c228fad123fb0a0efc68b642456fd7dd9e48a3e71165f405,2023-04,Surrey Police,Surrey Police,-0.099132,51.290393,On or near St Michaels Road,E01030858,Tandridge 003E,Unable to prosecute suspect
57ea57a4a3762e800cf694e58e3613ef449b6f60fb45c544650b891802af438d,2023-04,Surrey Police,Surrey Police,-0.357592,51.324834,On or near Burn Close,E01030345,Elmbridge 018E,Investigation complete; no suspect identified
3ed52f05c600af3155b529af39a9f8f7bb76c720b4c9f46443572af5040b07ee,2023-04,Surrey Police,Surrey Police,-0.381590,51.363557,On or near Nightingale Road,E01030309,Elmbridge 013C,Investigation complete; no suspect identified
c2d8e45b6fa112a946fbadad65ba2441f02b1cb21570fadbd21bde597f0de84f,2023-04,Surrey Police,Surrey Police,-0.362978,51.402892,On or near Molesham Way,E01030332,Elmbridge 001C,Investigation complete; no suspect identified
4c2c69f390e1cd1feeee35cdc5b0aeec81813379042456d58201eb544d0cf958,2023-04,Surrey Police,Surrey Police,-0.497952,51.433043,On or near Leacroft,E01030737,Spelthorne 004D,Suspect charged
0d5682b78f43eff26769e0b7df0fd20432d7ab1a06fe991ce203f7da408f4b4a,2023-04,Surrey Police,Surrey Police,-0.545184,51.439763,On or near Yard Mead,E01030668,Runnymede 001B,Unable to prosecute suspect
6ce278ea14b6405d149c088bde9950e885afe0c4ded02eeab299600e0bc7b294,2023-04,Surrey Police,Surrey Police,-0.152630,51.168740,On or near Balcombe Gardens,E01030583,Reigate and Banstead 017D,Investigation complete; no suspect identified
b2b29c3eec78827c9d253752e780293dd16d31393214cd88ce759f78faa12a16,2023-04,Surrey Police,Surrey Police,-0.264974,51.346915,On or near Sefton Road,E01030385,Epsom and Ewell 007A,Further investigation is not in the public interest
6a2c0116cde28fa36cc09aff1e0909ce6e8bcbfa11b1a557012a868a2fae02db,2023-04,Surrey Police,Surrey Police,-0.574329,51.315047,On or near Brambledene Close,E01030955,Woking 010A,Investigation complete; no suspect identified
e2feb1af51b6947f538c0e40c0b6d0bc489df00ac39a486ea60d373c3e86fdfa,2023-04,Surrey Police,Surrey Police,-0.210235,51.237388,On or near Pilgrim Mews,E01030620,Reigate and Banstead 012D,Investigation complete; no suspect identified
07cd2dcdbf0f2b46a51f119814790f7f55730b0aed8ca2a7eff214bc9b0f2a6f,2023-04,Surrey Police,Surrey Police,-0.074859,51.278531,On or near Godstone Road,E01030830,Tandridge 004C,Investigation complete; no suspect identified
a50585ecfb7e27e76aac5f87aa963f88efa5bb1dc88a95a6deea9b9df8c3546c,2023-04,Surrey Police,Surrey Police,-0.324146,51.390311,On or near Petrol Station,E01030322,Elmbridge 006A,Investigation complete; no suspect identified
70a686416e9c8acd4c05ce6ae714f3a01d4611433bb74cd9cdf89d053664f40e,2023-04,Surrey Police,Surrey Police,-0.552045,51.319603,On or near Oriental Close,E01030988,Woking 006A,Investigation complete; no suspect identified
7819634b2be6d94711ecd593651796bb21648e3b04bb1577bf045747c19ddf21,2023-04,Surrey Police,Surrey Police,-0.576622,51.239503,On or near Police Station,E01030451,Guildford 013C,Suspect charged
e7af490b13d444b8b6e3ca9c2bb0615a341bb1288be785397eef85eb2cbdf6ba,2023-04,Surrey Police,Surrey Police,-0.567218,51.425325,On or near Further/Higher Educational Building,E01030671,Runnymede 002A,Unable to prosecute suspect
19fe14c0aab1946f6c369cf4e059de7353c979347523367b1988e3a7ebc2915e,2023-04,Surrey Police,Surrey Police,-0.574713,51.256790,On or near Fir Tree Road,E01030482,Guildford 007B,Unable to prosecute suspect
475c32c65bf66e5bab130a0b3f2b72ee7724438bc36b66dfbef7393dbcab0dae,2023-04,Surrey Police,Surrey Police,-0.473932,51.457921,On or near Westland Close,E01030744,Spelthorne 001B,Unable to prosecute suspect
f1aea33f265b0634a1dd988cd936fd59a9ec33cf396eb4a30bad962cd2ec6ae9,2023-04,Surrey Police,Surrey Police,-0.816705,51.199175,On or near Church Lane,E01030905,Waverley 009B,Investigation complete; no suspect identified
1a170e2a6d8f718933de4d04653364c097210cb4bb09f65a4096d4b8294b79b3,2023-04,Surrey Police,Surrey Police,-0.295701,51.285425,On or near Parking Area,E01030554,Mole Valley 004D,Investigation complete; no suspect identified
3dcadfa88e23b235398cd283bc970f3d4e45a81f16dd785780fbd87921093795,2023-04,Surrey Police,Surrey Police,-0.273533,51.328184,On or near St Elizabeth Drive,E01030419,Epsom and Ewell 008D,Investigation complete; no suspect identified
3fce3c349fdbecb94b20f49f2d768de3ac5f51194eca5d19dddd56db991ed72e,2023-04,Surrey Police,Surrey Police,-0.719827,51.287233,On or near Mytchett Heath,E01030783,Surrey Heath 012B,Investigation complete; no suspect identified
e63892788ff3666855de317bb069f50e08c73e46dc35b46bf020d779de8d98f7,2023-04,Surrey Police,Surrey Police,-0.567873,51.257372,On or near Marigold Court,E01030482,Guildford 007B,Investigation complete; no suspect identified
321df9d10d3f96ae87c46100d365aeb4a7e5c246bf57d1b0e96b896d01b7a042,2023-04,Surrey Police,Surrey Police,-0.584417,51.255316,On or near Heron Close,E01030485,Guildford 006A,Investigation complete; no suspect identified
e77a6ee3e40c0abd2ac86d61bda8e46e58a70a7ea728be5be6b4943b66b215bc,2023-04,Surrey Police,Surrey Police,-0.167229,51.298296,On or near High Road,E01030567,Reigate and Banstead 004C,Unable to prosecute suspect
528a9fa09984c18c68e32eb75d0798f9330c8d8ea19d77f68fd8fae4d2143506,2023-04,Surrey Police,Surrey Police,-0.371942,51.380410,On or near Joseph Locke Way,E01030310,Elmbridge 013D,Unable to prosecute suspect
e73e2ac675a710f5571060a90aa71ca7ff426db8d10631111269370ef27bf450,2023-04,Surrey Police,Surrey Police,-0.401895,51.384366,On or near Swansmere Close,E01030354,Elmbridge 008A,Further investigation is not in the public interest
936ffb7246596b034d018467ee617e32f3fc4adaa7e0379deffdda3e8bfd1362,2023-04,Surrey Police,Surrey Police,-0.563184,51.402137,On or near Parking Area,E01030689,Runnymede 005A,Local resolution
fce83e83762261b898a34144cc8aff650060ed39b514be54f0a45e7802ba929f,2023-04,Surrey Police,Surrey Police,-0.585910,51.249624,On or near Heather Close,E01030487,Guildford 006B,Investigation complete; no suspect identified
59c8fcf3f41d1d6642b50f75b0b7a127bd9935790a3290fcd81e36c644fa3620,2023-04,Surrey Police,Surrey Police,-0.756420,51.318696,On or near Greenlands Road,E01030805,Surrey Heath 008F,Unable to prosecute suspect
88272d7dacb5b0b18f64371efb923712c5242affb22593a58c28450d6da0bef7,2023-04,Surrey Police,Surrey Police,-0.587940,51.242570,On or near Further/Higher Educational Building,E01030468,Guildford 015C,Investigation complete; no suspect identified
18d27b14d1065899b03e030e9519ed6020edfeafa0fa7ab1e3f3bdcbd9a63a1e,2023-04,Surrey Police,Surrey Police,-0.007747,51.264449,On or near Downs Way,E01030837,Tandridge 006D,Investigation complete; no suspect identified
0027f74de9679e6677854d52b90d7c383beaf8d93863df9f10ea2f19619ff631,2023-04,Surrey Police,Surrey Police,-0.650727,51.148415,On or near Churchfields,E01030941,Waverley 012C,Investigation complete; no suspect identified
17f55889f4335eba309cee235b4a5ab4a7d5c5c635ad0a90d3e7df9e107c2399,2023-04,Surrey Police,Surrey Police,-0.263610,51.362120,On or near Willow Way,E01030394,Epsom and Ewell 002A,Unable to prosecute suspect
0c0eb5e0783f4e045861ba85c84ce18d348fdac6d7b968be9a8e755827179a38,2023-04,Surrey Police,Surrey Police,-0.377019,51.399392,On or near Eastcote Avenue,E01030336,Elmbridge 003C,Investigation complete; no suspect identified
3381a9ca6f9db8ed5c870ac84b76febd20d07113081dbf1477647059b8061f82,2023-04,Surrey Police,Surrey Police,-0.427065,51.412672,On or near Parking Area,E01030717,Spelthorne 011A,Unable to prosecute suspect
a8c93ec6bdf852aca013c191785a12b9c6e97e7e300e91fa25c73164581b2ca4,2023-04,Surrey Police,Surrey Police,-0.578867,51.248496,On or near Europa Park Road,E01030450,Guildford 013B,Investigation complete; no suspect identified
80b0a446d44a6a5b4139c3ac63c1807833a30a54aa45e971f35df9ec8000e5ee,2023-04,Surrey Police,Surrey Police,-0.435217,51.421981,On or near Napier Walk,E01030700,Spelthorne 006D,Investigation complete; no suspect identified
43c307d95a4827f68fe654702e1c89cc41a04fe9230ce782634fb315451aff69,2023-04,Surrey Police,Surrey Police,-0.570425,51.240723,On or near Eagle Road,E01030457,Guildford 013F,Investigation complete; no suspect identified
6057309828c1080d0adb22fa0dff0e6ea1f707a263d2de4015105a0147e3803a,2023-04,Surrey Police,Surrey Police,-0.186974,51.168018,On or near Mistley Gardens,E01030531,Mole Valley 013D,Investigation complete; no suspect identified
df1e0b9f9e791431f14fd98cb848c3dd45023c77b69d11eb9d930520c8268bf6,2023-04,Surrey Police,Surrey Police,0.037031,51.271844,On or near Petrol Station,E01032571,Tandridge 012D,Investigation complete; no suspect identified
f065334f1869153f058bdfb25344173ee5fe601f7cc254746e761ec5c534003e,2023-04,Surrey Police,Surrey Police,-0.168799,51.238617,On or near High Street,E01030615,Reigate and Banstead 010A,Investigation complete; no suspect identified
2dba672fe11175a66a2f3808701a41455d6972b3655c2dade9516edf220e4e0b,2023-04,Surrey Police,Surrey Police,-0.465695,51.435710,On or near Knapp Road,E01030712,Spelthorne 003C,Investigation complete; no suspect identified
19407670f438c2537f9cd65d029c6dd83fc4897abf27b221c8a4148a2b01e944,2023-04,Surrey Police,Surrey Police,-0.576622,51.239503,On or near Police Station,E01030451,Guildford 013C,Unable to prosecute suspect
faaaeda2682dafff670319f7de09a9a4aea14765206ed924310391373349ebfe,2023-04,Surrey Police,Surrey Police,-0.570895,51.235243,On or near Parking Area,E01030455,Guildford 013E,Investigation complete; no suspect identified
ada387fcdcbfaef5f20470e1a9059bc0b9e5e3b0b9ccd0b68c06671fe72293f1,2023-04,Surrey Police,Surrey Police,-0.084460,51.277286,On or near Priory Mews,E01030828,Tandridge 004A,Local resolution
16f1a1ae99a8b680a2ca2ca1d5c937d7e398801157dae61ca18d43584e4c1aaa,2023-04,Surrey Police,Surrey Police,-0.501712,51.431545,On or near Cotswold Close,E01030737,Spelthorne 004D,Unable to prosecute suspect
64102c5487f6fbc8be0e74740a5f729361cab8ccb8f23df96eb01a4573ca7a62,2023-04,Surrey Police,Surrey Police,-0.375251,51.404259,On or near Rosemary Avenue,E01030330,Elmbridge 001A,Investigation complete; no suspect identified
61477e489ebefeba58e177ebf114e11a264ee099a9e70fee2bf18f8b266fb848,2023-04,Surrey Police,Surrey Police,-0.258399,51.315056,On or near Derby Stables Road,E01030380,Epsom and Ewell 009B,Further investigation is not in the public interest
d4db49d7cf906baaff4afe02b905636ff62802279b5de2217c914ce1d46e8670,2023-04,Surrey Police,Surrey Police,-0.604377,51.195729,On or near Supermarket,E01030920,Waverley 005D,Investigation complete; no suspect identified
6af9f7b8677ce21c856171dd5a051ed71051df0f7a70bb541e434cb8768caef8,2023-04,Surrey Police,Surrey Police,-0.163007,51.218949,On or near Hospital,E01030572,Reigate and Banstead 014C,Unable to prosecute suspect
c74f5271d43786291edb7962c224574f618cee590edf8448030fd6326aa43716,2023-04,Surrey Police,Surrey Police,-0.516144,51.431459,On or near Boleyn Close,E01030666,Runnymede 003D,Investigation complete; no suspect identified
e5699fd15b7389202630cf45c989ad933b4c7f9376e2d8732025e6b3ee5b17c2,2023-04,Surrey Police,Surrey Police,-0.420394,51.385093,On or near Shopping Area,E01034285,Elmbridge 007E,Investigation complete; no suspect identified
4bc24c40d78937981e63ccbae7115c7b77096f27beb838e3437bd31a69d316df,2023-04,Surrey Police,Surrey Police,-0.744264,51.339230,On or near St George's Road,E01030800,Surrey Heath 005E,Investigation complete; no suspect identified
f72eb8ecc6058fb53cf94f0d09d31c829ae6c5e2eb00b8014c8e9e65963460c2,2023-04,Surrey Police,Surrey Police,-0.514518,51.435476,On or near Hale Street,E01030735,Spelthorne 004B,Investigation complete; no suspect identified
134e81cb17c6322ec381e1c436ca5a86374f3c5abebc174397aa7fdc2ae8ff56,2023-04,Surrey Police,Surrey Police,-0.604938,51.231634,On or near Manor Way,E01030467,Guildford 015B,Investigation complete; no suspect identified
27970b78cf7e8aef72cbdf7da843aa3c05708a7b181ab2091a53836391dde705,2023-04,Surrey Police,Surrey Police,-0.279688,51.345523,On or near Chantilly Way,E01034287,Epsom and Ewell 005E,Investigation complete; no suspect identified
883fa2aa1b0f228f9bab25086b64a5e88c5895a3fe4bdb0a5023b688b8c6192d,2023-04,Surrey Police,Surrey Police,-0.617397,51.195398,On or near Charterhouse Road,E01030917,Waverley 007B,Investigation complete; no suspect identified
c20ca6a49642f664592ae18dbfd21fd14acc294a6e9c86397e4a1300748ecf9a,2023-04,Surrey Police,Surrey Police,-0.694615,51.361114,On or near London Road,E01030759,Surrey Heath 002C,Investigation complete; no suspect identified
66f5b06fe424374290acb60efd91d9c52f9bc4a54139295985210f7442d23486,2023-04,Surrey Police,Surrey Police,-0.690864,51.360695,On or near Waverley Road,E01030759,Surrey Heath 002C,Investigation complete; no suspect identified
e13ea4a5c296ac0a4309030ad2701132b99fa8f5f2e6e6e7615bd837361a46ae,2023-04,Surrey Police,Surrey Police,-0.545712,51.431797,On or near Supermarket,E01030668,Runnymede 001B,Investigation complete; no suspect identified
287bdfbe34169cd5aed40dab4566475ce498db262a1fa36aa4b4f11938485443,2023-04,Surrey Police,Surrey Police,-0.561387,51.319161,On or near Parking Area,E01030954,Woking 008A,Investigation complete; no suspect identified
5a1873e2b6ab775f45dde5cff13dde580eb81aa97830d7f9c4aa66b9a29525b2,2023-04,Surrey Police,Surrey Police,-0.420244,51.391116,On or near Sullivans Reach,E01030357,Elmbridge 007A,Unable to prosecute suspect
fe49c8e68ca1667b888db5d0ed046a669af99dce3f2dc543f17da62c15c1ae1d,2023-04,Surrey Police,Surrey Police,-0.588224,51.265317,On or near Escombe Drive,E01030488,Guildford 006C,Investigation complete; no suspect identified
90d8faeb3f851f1f2359075f681ee052d466b5e431786034d74b7386ecf27eec,2023-04,Surrey Police,Surrey Police,-0.537445,51.325635,On or near Alpha Road,E01034293,Woking 004G,Investigation complete; no suspect identified
63ed09fc153b167b76eb656364b8e8ba934e8c799cfb4658aae6d8584d332b7c,2023-04,Surrey Police,Surrey Police,-0.584088,51.236186,On or near Genyn Road,E01030452,Guildford 015A,Investigation complete; no suspect identified
e869d77a9585040303680b09d1d2058f9daaab6071c865e181733d94017b51ca,2023-04,Surrey Police,Surrey Police,-0.019511,51.174799,On or near Plaistow Street,E01030833,Tandridge 010C,Unable to prosecute suspect
b395d32dbd1a7bdc962eda69e07790b1dfb7d04230335a5689446ab50ec1c032,2023-04,Surrey Police,Surrey Police,-0.226016,51.303788,On or near De Burgh Gardens,E01030609,Reigate and Banstead 005B,Investigation complete; no suspect identified
da9ee29aded482edf1b0b561133f77e9a5f39527f3319025b4dc16bca660f4ec,2023-04,Surrey Police,Surrey Police,-0.519578,51.432491,On or near Supermarket,E01030666,Runnymede 003D,Investigation complete; no suspect identified
dd77760815fb07c6fb56d0eebd8ef10d70b1d4703e898bc56a398bc5f5ee7029,2023-04,Surrey Police,Surrey Police,-0.691841,51.362198,On or near Half Moon Street,E01030759,Surrey Heath 002C,Investigation complete; no suspect identified
a780ad822aec9a305bfe9175910be724ac538ac10606366ce2b20b31512ddf67,2023-04,Surrey Police,Surrey Police,-0.610319,51.229899,On or near Farnham Road,E01030467,Guildford 015B,Unable to prosecute suspect
4a5a91c03f1bfa9dcaf5696e64fdb5116f9599cd119310651bbe0f24e361fe20,2023-04,Surrey Police,Surrey Police,-0.457358,51.373104,On or near High Street,E01030374,Elmbridge 012D,Investigation complete; no suspect identified
b46b26ec56188934253b2f35034561b1e36f3d493ee056f39bd57eae5ba58a26,2023-04,Surrey Police,Surrey Police,-0.576662,51.236833,On or near Shopping Area,E01030452,Guildford 015A,Investigation complete; no suspect identified
df83b3fd0410756d7864aa3572955cbeb7149d07ae1561a170a41e3d358fb95e,2023-04,Surrey Police,Surrey Police,-0.204314,51.315453,On or near Chalk Pit Road,E01030562,Reigate and Banstead 002D,Investigation complete; no suspect identified
510b9820a815f138c89bb24d8ee5f85cc24e5397fa44c14af099988e9e19a573,2023-04,Surrey Police,Surrey Police,-0.463026,51.346714,On or near Petrol Station,E01030347,Elmbridge 016B,Investigation complete; no suspect identified
e481d2e80a5e362c2df722db7c1a614a8261b819e5db7ffaa91a71d806c6fd67,2023-04,Surrey Police,Surrey Police,-0.167110,51.242044,On or near Bus/Coach Station,E01035358,Reigate and Banstead 011I,Investigation complete; no suspect identified
26848a4c3493bdaae05869154e8eeb19fc206fd998be45976acf4b7d5a23ddfc,2023-04,Surrey Police,Surrey Police,-0.751189,51.330051,On or near Chillingham Way,E01030804,Surrey Heath 008E,Further investigation is not in the public interest
d4a9746df5468b98bb3027d969dc9a6f4b7bd5d09fabe559da02cf58ae5282c3,2023-04,Surrey Police,Surrey Police,-0.498037,51.351880,On or near Selbourne Close,E01030682,Runnymede 010B,Unable to prosecute suspect
1028d2500f8b188648eb4c75c992bbac5f672179a99b7d1b6540f7993d1c97f2,2023-04,Surrey Police,Surrey Police,-0.791975,51.217159,On or near Parking Area,E01030895,Waverley 003E,Investigation complete; no suspect identified
8294bcf003a8d68dd817bfcd6e185db285298970c0c75fabffa83580f493ccdd,2023-04,Surrey Police,Surrey Police,-0.571478,51.235843,On or near Supermarket,E01030455,Guildford 013E,Investigation complete; no suspect identified
117836405ccac509e1d519911c9444b9163ae4e1b554b229305a5858dbed5599,2023-04,Surrey Police,Surrey Police,-0.352896,51.407817,On or near Sports/Recreation Area,E01030333,Elmbridge 001D,Investigation complete; no suspect identified
783f46974e7b193bbba48f9347951242f17c252d4fc39b89ad4ed2a030eb5566,2023-04,Surrey Police,Surrey Police,-0.721853,51.288640,On or near Nightingale Drive,E01030783,Surrey Heath 012B,Investigation complete; no suspect identified
c96eca4b687d0cf8852c79fe2532d50c0265f326487707c6f6313f487a238207,2023-04,Surrey Police,Surrey Police,-0.556299,51.308883,On or near Sports/Recreation Area,E01030972,Woking 011B,Investigation complete; no suspect identified
7bd8a28399d1ed9e6ac2c879fc1ad5c5ca8a2a87577204f9f493bfc0412f128a,2023-04,Surrey Police,Surrey Police,-0.411212,51.392531,On or near Cambridge Road,E01030363,Elmbridge 004C,Investigation complete; no suspect identified
86e621162cea2d790e55b866a95fed774aa934d2b6336c830e6ea0736ba2a139,2023-04,Surrey Police,Surrey Police,-0.564810,51.301425,On or near Bonsey Close,E01030971,Woking 011A,Investigation complete; no suspect identified
ca993e83b6946f6f379aa0535d205842527098c497153b54f73c34e433af9e1f,2023-04,Surrey Police,Surrey Police,-0.448152,51.395077,On or near Supermarket,E01030733,Spelthorne 013D,Investigation complete; no suspect identified
d92b670a61e44eed65c895bc5d8ef8d4ea5c97d272f896c1d251b6c92321e802,2023-04,Surrey Police,Surrey Police,-0.474472,51.446058,On or near Viola Avenue,E01030711,Spelthorne 002C,Unable to prosecute suspect
5b599d555d228db8870387a53a830dca7683979efcfaa8b687f58d55f12e3328,2023-04,Surrey Police,Surrey Police,-0.257755,51.373687,On or near Grafton Close,E01030386,Epsom and Ewell 001A,Unable to prosecute suspect
e63d71daa0615414fde1c863a89319057cb21232454a29e5644da734b38f89bd,2023-04,Surrey Police,Surrey Police,-0.573993,51.235110,On or near The Shambles,E01030455,Guildford 013E,Investigation complete; no suspect identified
3933d13ad2485aabfe7f3f74d5dd7030ee52eeff4f1910786aec9575bc855694,2023-04,Surrey Police,Surrey Police,-0.218190,51.318803,On or near Tumblewood Road,E01030607,Reigate and Banstead 001D,Investigation complete; no suspect identified
e367f4637374360f3dee32df845df00d84206ecb0aa2248c19fd2ef48413269f,2023-04,Surrey Police,Surrey Police,-0.282765,51.346161,On or near Pelman Way,E01034287,Epsom and Ewell 005E,Investigation complete; no suspect identified
e023f84770f5791f53f5e1369a83ec12dfb203bf023e68b3ab51e8a54c441bd7,2023-04,Surrey Police,Surrey Police,-0.228950,51.298760,On or near Fleetwood Close,E01030636,Reigate and Banstead 006B,Investigation complete; no suspect identified
fb2537cea91a5dd0c7113dd74dfb785b18c5fb30b67056224e897f18af01b654,2023-04,Surrey Police,Surrey Police,-0.526886,51.376993,On or near Hospital,E01030677,Runnymede 008A,Unable to prosecute suspect
f77c74c25c506149c31e2ebfb7172c82dd680553a8132459c9f4a4748e2a2c3e,2023-04,Surrey Police,Surrey Police,-0.506392,51.335970,On or near Petrol Station,E01031003,Woking 002D,Investigation complete; no suspect identified
5710df4cd2adfa71e303b15a2ec5e6cc959e7fd96266286d76880ede04039b91,2023-04,Surrey Police,Surrey Police,-0.600696,51.257697,On or near Clayton Drive,E01030486,Guildford 009A,Unable to prosecute suspect
14fa1dabebfe410404eb7c0670f469a66fcd442f49d57af1ecad72b5f7dabf72,2023-04,Surrey Police,Surrey Police,-0.266005,51.370959,On or near The Grange,E01030393,Epsom and Ewell 001E,Investigation complete; no suspect identified
12a40c3b61f31e66c8e3c990f79a1808fac5ead5da7f494610ae46752451e6d1,2023-04,Surrey Police,Surrey Police,-0.461632,51.371595,On or near Church Lane,E01030374,Elmbridge 012D,Unable to prosecute suspect
fb038ef9ca03102185eb0846914d13c289d80bd819f58c8fe8aa222b07092d34,2023-04,Surrey Police,Surrey Police,-0.577656,51.236171,On or near Theatre/Concert Hall,E01030455,Guildford 013E,Investigation complete; no suspect identified
ece58b3b911d39aac3e0c0edfc5316fa31b9e82c765a50ef059b88233428597e,2023-04,Surrey Police,Surrey Police,-0.473741,51.339255,On or near Supermarket,E01030950,Woking 001E,Investigation complete; no suspect identified
bb60fb681d304d98ce4fc94b96fa0988a497d0a647dfb9faf9c5d27c3345a91c,2023-04,Surrey Police,Surrey Police,-0.344548,51.359460,On or near Firs Close,E01030298,Elmbridge 015C,Unable to prosecute suspect
c1d00d93fd1837361150aa8cb37c743715b91d408d6c8aabe5c2047c59fe69be,2023-04,Surrey Police,Surrey Police,-0.167776,51.240930,On or near Theatre/Concert Hall,E01035358,Reigate and Banstead 011I,Further investigation is not in the public interest
e8eeb04eac8c0b2d15150007bd5e0b3562765792d8e8a2789357a3a957e75c4a,2023-04,Surrey Police,Surrey Police,-0.604734,51.242198,On or near Supermarket,E01030470,Guildford 012A,Investigation complete; no suspect identified
29f0e3e7a136ba76522113c2dc8190cb267ed20abf794d66a329f66a9b7d1ddb,2023-04,Surrey Police,Surrey Police,-0.642779,51.323630,On or near Mainstone Road,E01030761,Surrey Heath 006A,Unable to prosecute suspect
7f6700a983d97dbddf8344c963e3d43b260b329060d6919ed0c23d46d33c5a6a,2023-04,Surrey Police,Surrey Police,-0.593899,51.250782,On or near Pickering Place,E01030495,Guildford 009C,Unable to prosecute suspect
c5fbb73471d82e5a112dce37be7f2148d44db2cf069158076e971e8e1e6a5984,2023-04,Surrey Police,Surrey Police,-0.577656,51.236171,On or near Theatre/Concert Hall,E01030455,Guildford 013E,Investigation complete; no suspect identified
2951e6ae3993a6e0f56fc2e075101c9b5c0f2dc5b31475e9971e2cfef5ef73f0,2023-04,Surrey Police,Surrey Police,-0.347424,51.392468,On or near Southfields,E01030328,Elmbridge 002C,Investigation complete; no suspect identified
7b7c3009aca50ad046732425d31da7a41ca62bc03038de8e9c0de8a43d42a5bd,2023-04,Surrey Police,Surrey Police,-0.600932,51.323075,On or near Jasmine Close,E01030956,Woking 005D,Action to be taken by another organisation
b0580ae83c5079e261002dbd08d0609d77d9083f25587d0326b3418700674b63,2023-04,Surrey Police,Surrey Police,-0.509380,51.430213,On or near Prospect Place,E01034291,Spelthorne 004F,Unable to prosecute suspect
feec7132703bc6a0d669bda0d9906128a106a2171fd94a551e4fbdfda9bc73ec,2023-04,Surrey Police,Surrey Police,-0.147290,51.181344,On or near Whittaker Drive,E01030581,Reigate and Banstead 017B,Investigation complete; no suspect identified
36adafad4c2c5d8001e19dd8e708e3486d7a0f37d80e50ff5331ad65eb4ee543,2023-04,Surrey Police,Surrey Police,-0.170848,51.173586,On or near Brighton Road,E01030588,Reigate and Banstead 016E,Suspect charged
60553dfa122e1bc775ec89b05f3ea89345d0c7f35c7128e135a11840ee805bf5,2023-04,Surrey Police,Surrey Police,-0.461321,51.433162,On or near Brownrigg Road,E01030712,Spelthorne 003C,Investigation complete; no suspect identified
19b9664085abe0ead2ca3e457f1b9572a4f6e0a4b16540311c491a7504284381,2023-04,Surrey Police,Surrey Police,-0.163007,51.218949,On or near Hospital,E01030572,Reigate and Banstead 014C,Investigation complete; no suspect identified
ca0748e632c3614c6cd5debdd1372f93251e9bdb53366251fa5a9c3bc2cdf6bc,2023-04,Surrey Police,Surrey Police,-0.544269,51.325415,On or near Kerry Terrace,E01030980,Woking 004A,Further investigation is not in the public interest
cc9ab741994a216b07da61b8a8183f0346ba2bda175a84ef7ccffae0bd29d827,2023-04,Surrey Police,Surrey Police,-0.416183,51.374299,On or near Priory Close,E01030366,Elmbridge 010C,Investigation complete; no suspect identified
bf1f78239c8a6b26fc8ba3520e821b4a9a8b7376552ac65934b0b27d96e4b845,2023-04,Surrey Police,Surrey Police,-0.571478,51.235843,On or near Supermarket,E01030455,Guildford 013E,Investigation complete; no suspect identified
273b7b85bcfdb210259f6254b0a81a25ea5b2a566e7053fa2566e889d5418f07,2023-04,Surrey Police,Surrey Police,-0.070035,51.298856,On or near Succomb's Hill,E01030859,Tandridge 002C,Investigation complete; no suspect identified
4497c4af6c6ffd22218f639813d53c40e8d7de735b2d459b6c705275ef7b84dc,2023-04,Surrey Police,Surrey Police,-0.746362,51.319164,On or near Gilbert Road,E01030768,Surrey Heath 010C,Further investigation is not in the public interest
9544a684fc604823057693edfbea07eada5886f72f07b7e6f453a2e4f33fa572,2023-04,Surrey Police,Surrey Police,-0.508971,51.433957,On or near Shopping Area,E01034291,Spelthorne 004F,Local resolution
81e113c4be1e93b2f8dc65205d64d01a50df308190523bd81eb3657f893af86b,2023-04,Surrey Police,Surrey Police,-0.260778,51.333346,On or near Parking Area,E01030412,Epsom and Ewell 008C,Local resolution
917caf24e88b05e5a683bcd7ed4af349301b82ae34af9669985d97430f8fad3d,2023-04,Surrey Police,Surrey Police,-0.199604,51.326532,On or near Daniel Way,E01030564,Reigate and Banstead 002F,Unable to prosecute suspect
febec24fff9bfef712b8acd3b995f1230cbf0a160ab9db90fd8b99aae16d8566,2023-04,Surrey Police,Surrey Police,-0.261417,51.355541,On or near Northcroft Road,E01030415,Epsom and Ewell 004C,Investigation complete; no suspect identified
efc06636cd787c5208980ddf470b314b870a0142751ba06ec6b5bd85342034f2,2023-04,Surrey Police,Surrey Police,-0.607463,51.241016,On or near Hospital,E01030470,Guildford 012A,Further investigation is not in the public interest
200de7f6d5a9e7c4f08e0d5ca87efd562cc77b660f7af355d3571c77efd32caa,2023-04,Surrey Police,Surrey Police,-0.741095,51.091780,On or near Hindhead Road,E01030926,Waverley 017A,Investigation complete; no suspect identified
529d67b16cfe56778f6ecdd82a57510af0c8bef7efc3cc278d92fe90498afa6e,2023-04,Surrey Police,Surrey Police,-0.000760,51.256668,On or near Shopping Area,E01030831,Tandridge 006A,Investigation complete; no suspect identified
00e0b2c5bc37c8cc1a088c00ee9b4e3e4819cc810a4d186946ee65c668c351e8,2023-04,Surrey Police,Surrey Police,-0.167110,51.242044,On or near Bus/Coach Station,E01035358,Reigate and Banstead 011I,Investigation complete; no suspect identified
c54195cb4a6610a82d0b7c72a830632919ec9c363e3913c59a6da7d437dbf378,2023-04,Surrey Police,Surrey Police,-0.408328,51.374166,On or near Cleveland Close,E01030366,Elmbridge 010C,Unable to prosecute suspect
cc64885b0d035486d689e5a67cc9663fbb1f92aa97a10fa184b1bccc899cc7a8,2023-04,Surrey Police,Surrey Police,-0.443267,51.426782,On or near Woodlands Parade,E01030698,Spelthorne 006B,Investigation complete; no suspect identified
b565f9759ef2c27a9c8422bc83b9da7a3e90b4b8b569e06fd928a52d8433b5ec,2023-04,Surrey Police,Surrey Police,-0.575113,51.243379,On or near Gardner Road,E01030450,Guildford 013B,Investigation complete; no suspect identified
565ccf06e6ebd1a69f6729b3265ab9a548e0b18837213369dc8d56a2a98f41b0,2023-04,Surrey Police,Surrey Police,-0.427935,51.374736,On or near Sycamore Court,E01030341,Elmbridge 011D,Investigation complete; no suspect identified
cc1b01fb076b1af76244fe3c6292c9cdf78df70ca3b673238b583283ce6dcd32,2023-04,Surrey Police,Surrey Police,-0.160525,51.171265,On or near Station Approach,E01035362,Reigate and Banstead 018G,Investigation complete; no suspect identified
765dede9bcceacef27ae97521abbbc2db8f569e325dba46c3fc97cf8f4db2107,2023-04,Surrey Police,Surrey Police,0.037031,51.271844,On or near Petrol Station,E01032571,Tandridge 012D,Investigation complete; no suspect identified
c841c4cc08804f6b70c0f4cb1c2a914260e1aa355fadba2929004fc687fddb07,2023-04,Surrey Police,Surrey Police,-0.065926,51.255982,On or near Bakers Mead,E01030824,Tandridge 009A,Unable to prosecute suspect
893803cb6789f1b4af4d1bd099ee43bc0abff531e1d073d1f965de99d946634d,2023-04,Surrey Police,Surrey Police,-0.199720,51.224160,On or near Supermarket,E01030633,Reigate and Banstead 015D,Unable to prosecute suspect
b74fb17fa54bbda429889fd7e23777ddf540ece201249230d9944ee1f1343f7d,2023-04,Surrey Police,Surrey Police,-0.267818,51.332039,On or near Shopping Area,E01034289,Epsom and Ewell 008E,Investigation complete; no suspect identified
0f71435e3d1e1f9dc4d2aadba4d8acd1f5b1fce4cb33271f93589441cc9a1e50,2023-04,Surrey Police,Surrey Police,-0.267818,51.332039,On or near Shopping Area,E01034289,Epsom and Ewell 008E,Investigation complete; no suspect identified
a5a5bf564a3061f4707287cef074cf615d3529c6d832b9e52ab0a8afe35804df,2023-04,Surrey Police,Surrey Police,-0.342353,51.402342,On or near Hampton Court,E01030326,Elmbridge 002A,Investigation complete; no suspect identified
62a73f61122ec54c1084331a3561e3c940f88dc7239f6ec9743774499287e6a3,2023-04,Surrey Police,Surrey Police,-0.559434,51.311394,On or near Green View,E01030991,Woking 008D,Investigation complete; no suspect identified
45a123aeb7418c0f68c42bb001beed80933c71d9ed645ab79809a331d6a1f054,2023-04,Surrey Police,Surrey Police,-0.803734,51.236883,On or near Eton Place,E01030901,Waverley 002E,Investigation complete; no suspect identified
a3070a0d6e4e01420d0aef06bf9a6244e83d01342057b6dc9da8ba57eb7d2102,2023-04,Surrey Police,Surrey Police,-0.162479,51.192286,On or near Empire Villas,E01030629,Reigate and Banstead 015B,Investigation complete; no suspect identified
f92025888727837b1fc03c7dc1541f15d70e945102b3c156ac9ec20de767c8c6,2023-04,Surrey Police,Surrey Police,-0.589589,51.160679,On or near South Munstead Lane,E01030864,Waverley 012A,Unable to prosecute suspect
cf341ce00015b0ca7a9cac3bcfae1e0d601ab4d949a18053675607b4ce5c5472,2023-04,Surrey Police,Surrey Police,-0.749395,51.349051,On or near Epsom Close,E01030801,Surrey Heath 004D,Unable to prosecute suspect
80bd1a36bbdaddfed3b79885e57cb948bd0a8139af8386a12b9aa1d9f1f4c9c5,2023-04,Surrey Police,Surrey Police,-0.541626,51.434458,On or near Runnymede Court,E01030668,Runnymede 001B,Investigation complete; no suspect identified
1e07c58861c6e2b38da7ea7c8e77548688232e5e0cb758256efb5cd91fcf30d8,2023-04,Surrey Police,Surrey Police,-0.092590,51.289388,On or near Oak Road,E01030848,Tandridge 005C,Investigation complete; no suspect identified
403bd602bd1051551c58c22164a91ed9cd996c3108e511ecfc02b273803cad22,2023-04,Surrey Police,Surrey Police,-0.577656,51.236171,On or near Theatre/Concert Hall,E01030455,Guildford 013E,Investigation complete; no suspect identified
ea90d59e3d54f659b46a3156af511cb34ec2b05524557f4c3d12c4f1c9ef8b09,2023-04,Surrey Police,Surrey Police,-0.417589,51.385181,On or near Church Walk,E01034286,Elmbridge 007F,Investigation complete; no suspect identified
9e46bcb36cdb2a4ef23a11c174feabecf009ddcd529f80948f47a8924fdf4547,2023-04,Surrey Police,Surrey Police,-0.130944,51.175853,On or near Park/Open Space,E01030814,Tandridge 008C,Unable to prosecute suspect
1138ff1ffce2d00822cb4798af33c5cec31f53d19b7cfd65cc05eb6b7201869d,2023-04,Surrey Police,Surrey Police,-0.325417,51.386993,On or near Thorkhill Road,E01030350,Elmbridge 005A,Investigation complete; no suspect identified
48bcfe80a60cedc808df2b58c3b2312e1bb262752bea6f1d8df542203267d693,2023-04,Surrey Police,Surrey Police,-0.477443,51.459684,On or near Lindsay Close,E01030743,Spelthorne 001A,Unable to prosecute suspect
8c2d69c66a1bd42494a4fc32df52c95ee5e95b5ad1cebd6c28d364a24fa627e9,2023-04,Surrey Police,Surrey Police,-0.081576,51.313471,On or near Petrol Station,E01035363,Tandridge 002E,Investigation complete; no suspect identified
c893ab615bac1853ca8a69aaa81a24fa29f26e3184e7614f78ccbb494c0af5e7,2023-04,Surrey Police,Surrey Police,-0.077509,51.294375,On or near Portley Wood Road,E01030851,Tandridge 004E,Unable to prosecute suspect
0c9c87be612633729c949ba97567ffbd0ea16d5bbb425576b3eb08f27aa3661c,2023-04,Surrey Police,Surrey Police,-0.514475,51.355570,On or near Brox Lane,E01030661,Runnymede 009D,Investigation complete; no suspect identified
3730a600df84cdca74706e74652ef4807a6810607a76c9bf6f6d98f84d149242,2023-04,Surrey Police,Surrey Police,,,No location,,,Unable to prosecute suspect
ddd3da20299ae3bc8dea7937703215e1977df6957254ed74f68c7caa40591a28,2023-04,Surrey Police,Surrey Police,-0.259503,51.334406,On or near Parking Area,E01030412,Epsom and Ewell 008C,Investigation complete; no suspect identified
91f6c5e0258497c8c11a44c12ed0e80e6ed1871e2fddf5474a039445af5e4f0e,2023-04,Surrey Police,Surrey Police,-0.365222,51.370587,On or near A3009,E01030307,Elmbridge 013A,Investigation complete; no suspect identified
07d69589f64ec74c7b1389060ac031e96e12433ab94f8f69c103220cd353bbc4,2023-04,Surrey Police,Surrey Police,-0.311106,51.310342,On or near The Byways,E01030512,Mole Valley 002D,Investigation complete; no suspect identified
7517802fb6b423aeb64b7af66806965d94de5053c986770c64aa9ee1d5e6b1bc,2023-04,Surrey Police,Surrey Police,-0.404365,51.379453,On or near Rydens Avenue,E01030368,Elmbridge 008E,Investigation complete; no suspect identified
ff4459c0c038549abcb8b65ce271aa2feb7691d078e224ac5f54e60df87411ae,2023-04,Surrey Police,Surrey Police,-0.547186,51.320766,On or near Onslow Close,E01030988,Woking 006A,Investigation complete; no suspect identified
e86d8c1653f9ce9a31ff93aeea13ef84b4bb06b805a664e72346d497ee4f32ca,2023-04,Surrey Police,Surrey Police,-0.565346,51.308158,On or near Turnoak Lane,E01030992,Woking 010B,Investigation complete; no suspect identified
9e6255167e6dbdd3e2b5352f341bc6408ba3c05a015109657aa4624ecb1122a3,2023-04,Surrey Police,Surrey Police,-0.445644,51.373237,On or near Churchill Drive,E01030338,Elmbridge 011A,Offender given a caution
ef6a4eb866bee7fe3d171db08b69b67082723698fa99c8a85a2800171b3219c2,2023-04,Surrey Police,Surrey Police,-0.580991,51.264186,On or near Juniper Close,E01030481,Guildford 007A,Unable to prosecute suspect
6c94a10f29fe0e6a9a386c81f3812ba2f360c4dc9e789aa2f3ff1823d223089e,2023-04,Surrey Police,Surrey Police,-0.075997,51.282516,On or near Police Station,E01030830,Tandridge 004C,Local resolution
9c54328914b7a54d07d31bbe828ec02afb96e2731e8b425dcd7f8bc5cc66bcea,2023-04,Surrey Police,Surrey Police,-0.186974,51.168018,On or near Mistley Gardens,E01030531,Mole Valley 013D,Investigation complete; no suspect identified
6e114bad40cbd90fea4dc9fc125e631d37012144c6b71d246ce5f808360106ed,2023-04,Surrey Police,Surrey Police,-0.327863,51.295376,On or near High Street,E01030550,Mole Valley 003C,Investigation complete; no suspect identified
9643deb5c670aada09637eac75f6a814c5f08ca19cea975d6782acae6ed98b2e,2023-04,Surrey Police,Surrey Police,-0.013185,51.264982,On or near Central Way,E01030837,Tandridge 006D,Unable to prosecute suspect
bd6e0603e85a7ed8c1909ab27566c313953b0cc28530212342d7411452f1eb25,2023-04,Surrey Police,Surrey Police,-0.582017,51.242959,On or near Kernal Court,E01030452,Guildford 015A,Unable to prosecute suspect
ffa9a981bc3818257aac9288f2d78165c84693f307f5f7793b2781b61088d237,2023-04,Surrey Police,Surrey Police,-0.735846,51.230234,On or near Grange Road,E01030423,Guildford 014C,Investigation complete; no suspect identified
de36636d98fca15600b5f2afd15ddc189a21d2a58fd8f0d13d5e6b6e09044392,2023-04,Surrey Police,Surrey Police,-0.420394,51.385093,On or near Shopping Area,E01034285,Elmbridge 007E,Investigation complete; no suspect identified
d407513f3079d3aa6a11b7ebbfee5a26c63a0485c83926f14e254189d7ab223d,2023-04,Surrey Police,Surrey Police,-0.741174,51.318911,On or near Hospital,E01030768,Surrey Heath 010C,Unable to prosecute suspect
7bb5b2b07f77ff645fe12ca2a0ae7c69d1f2992b7071924753318da7e9902a78,2023-04,Surrey Police,Surrey Police,0.001108,51.171247,On or near St Pier's Lane,E01030821,Tandridge 010A,Investigation complete; no suspect identified
f03003a8d9037e9a062470dd2c7ea29dfaf45cf31c06dff09cdf87432b496fec,2023-04,Surrey Police,Surrey Police,-0.326906,51.295264,On or near Elm Road,E01030552,Mole Valley 004B,Investigation complete; no suspect identified
7993d3d20208635fc4ce550ba2a1a082a35c9c688a1732a59b65d0c6ecc443ff,2023-04,Surrey Police,Surrey Police,-0.570825,51.247679,On or near Parking Area,E01030438,Guildford 013A,Investigation complete; no suspect identified
d9e4028d2b42a965ca032c8a32be557ed4e3b1c9148ea6720eb6f82f7be0befc,2023-04,Surrey Police,Surrey Police,-0.443832,51.369058,On or near High Pine Close,E01030338,Elmbridge 011A,Local resolution
008e8b8f0da8b01ce23085ab0487b736f14ad21f3197c91edf2d8e69b1b808a8,2023-04,Surrey Police,Surrey Police,-0.548500,51.431846,On or near Wetton Place,E01030669,Runnymede 001C,Investigation complete; no suspect identified
6968508ddc199fffb1b6db32bdaa7dc4a2674d7cf80c416d664f508288f3d205,2023-04,Surrey Police,Surrey Police,-0.615590,51.315291,On or near Alexandra Gardens,E01030979,Woking 007E,Unable to prosecute suspect
5239cd3d36171042e494dfb7597148241a9dfef0348d5e47659cbb396baecc2b,2023-04,Surrey Police,Surrey Police,-0.228436,51.312106,On or near Shawley Crescent,E01030642,Reigate and Banstead 003C,Unable to prosecute suspect
b96b7e28a351c9808d595088ef0cb754032a1ee53e011f8ab65e849b390849d2,2023-04,Surrey Police,Surrey Police,-0.595063,51.248305,On or near Beckingham Road,E01030495,Guildford 009C,Investigation complete; no suspect identified
