Crime ID,Month,Reported by,Falls within,Longitude,Latitude,Location,LSOA code,LSOA name,Outcome type
4fb747f92bb45a216b5eb3d48b1061f2e633840e66987f9e7f397e3fce197f17,2023-04,Bedfordshire Police,Bedfordshire Police,,,No location,,,Investigation complete; no suspect identified
ed654594b04eda9df112c7a352ebd47fb21f652b35b0c1dc000b6cbab84506b9,2023-04,Bedfordshire Police,Bedfordshire Police,,,No location,,,Investigation complete; no suspect identified
d15c31f18642e32ea24a7fec0b392ed7578f5e12b15114b9cd2fcd932b418794,2023-04,Bedfordshire Police,Bedfordshire Police,,,No location,,,Investigation complete; no suspect identified
795328ec7e7a06c0a82015c7315b999225d0b5d0656b63cac5da3c4bdda64aea,2023-04,Bedfordshire Police,Bedfordshire Police,,,No location,,,Action to be taken by another organisation
ce10769809b856c3d8e117fd62565fbe33a42dafa47747b389118665732586c4,2023-04,Bedfordshire Police,Bedfordshire Police,,,No location,,,Investigation complete; no suspect identified
96607df6149efc005227f41c5b2feca0eec27b6ce5231ef69a26e8aa0a9d4223,2023-04,Bedfordshire Police,Bedfordshire Police,,,No location,,,Investigation complete; no suspect identified
72225e03fe39cdf67fb8155c5a699735f0c61de09faa24775176762289244fa2,2023-04,Bedfordshire Police,Bedfordshire Police,,,No location,,,Unable to prosecute suspect
f4035d4aee9e70851f5be4fb62d61763e5ed357eb6db5113f1a38b5c8145c09f,2023-04,Bedfordshire Police,Bedfordshire Police,,,No location,,,Investigation complete; no suspect identified
043a29676038d3cf9c7da69babc8783f2b3e11c056e3b42e1a472ac82abeb0d9,2023-04,Bedfordshire Police,Bedfordshire Police,,,No location,,,Investigation complete; no suspect identified
4673d8318f0c1895c00f5e2bb8a29e3368023c87670ddc2e38e3722cf9fcb3a5,2023-04,Bedfordshire Police,Bedfordshire Police,,,No location,,,Investigation complete; no suspect identified
7ce9089cf7af7e171bde8cde14557b20ca3ef6d555fd9621adee5acb1f759642,2023-04,Bedfordshire Police,Bedfordshire Police,,,No location,,,Unable to prosecute suspect
b3885f9d32e44ec3963e0183e891cc5b764eb681cf47c7257a01c6dea9fb91c0,2023-04,Bedfordshire Police,Bedfordshire Police,,,No location,,,Investigation complete; no suspect identified
748f97114cdada8843f7997b350eb332ada7960dc7873dd1663e214ed7cdc558,2023-04,Bedfordshire Police,Bedfordshire Police,,,No location,,,Unable to prosecute suspect
17f0682acd935d683c020c03b7ea0c88516f5386265958787fdee72c0b80b22f,2023-04,Bedfordshire Police,Bedfordshire Police,,,No location,,,Unable to prosecute suspect
386b2239d4c0ed10778645bf6cd3fbe92ce7e3d100c4f4f7341e7e5222b18f2e,2023-04,Bedfordshire Police,Bedfordshire Police,,,No location,,,Investigation complete; no suspect identified
31f020ef36ae115664a33b924fd8416ecd8e09de6150f376a6f866bee65d9acf,2023-04,Bedfordshire Police,Bedfordshire Police,,,No location,,,Investigation complete; no suspect identified
79173c4fb0ce3b94128d332d1acd3e3e023d83ef7e4c29f0d4312c38d437e0f7,2023-04,Bedfordshire Police,Bedfordshire Police,,,No location,,,Investigation complete; no suspect identified
aaebad3b5a1adfea227e8eec37bd3f118741914dea8e3d932c6d2e71b58b0bcc,2023-04,Bedfordshire Police,Bedfordshire Police,,,No location,,,Unable to prosecute suspect
e9fcfb88d3b96ecf1624dff2d297b25bb67f63cac85d9fcf5726b55006fecab7,2023-04,Bedfordshire Police,Bedfordshire Police,,,No location,,,Investigation complete; no suspect identified
fee73e1ea50ae671036e9172227a488dc9125998d308c943d2d3b6d892b9e571,2023-04,Bedfordshire Police,Bedfordshire Police,,,No location,,,Investigation complete; no suspect identified
5e755fbdb8f322b54dbe73e637dceaa3908bdf5723ee7c66583faa13fae06c5c,2023-04,Bedfordshire Police,Bedfordshire Police,,,No location,,,Investigation complete; no suspect identified
7b72668caf902be6a25f71e20a0394c162438ddf6c9da94626b79aee516533c0,2023-04,Bedfordshire Police,Bedfordshire Police,,,No location,,,Investigation complete; no suspect identified
c2c58e12b9d0d25aea69058414b05270003773f8d063eefb613278c470f57297,2023-04,Bedfordshire Police,Bedfordshire Police,,,No location,,,Investigation complete; no suspect identified
4729f8225417f7e494a26776c19fc2c37146a7510733cdced393243d49c7f6d4,2023-04,Bedfordshire Police,Bedfordshire Police,,,No location,,,Investigation complete; no suspect identified
11faad927cd5d8825e2e5eb7947d871d6107d3192a75994534c447e385d2da69,2023-04,Bedfordshire Police,Bedfordshire Police,,,No location,,,Investigation complete; no suspect identified
89e5a8a5b6e1cfe1bb5203ef4b94e2186d75dc1d061c4d4b29421568f695f533,2023-04,Bedfordshire Police,Bedfordshire Police,,,No location,,,Investigation complete; no suspect identified
31755b042d91d24b2993f4f2c7481a8d530331c3d0ca6b0a0a3d620c6356f43d,2023-04,Bedfordshire Police,Bedfordshire Police,,,No location,,,Investigation complete; no suspect identified
d214da6c84d34da8cd8e5f05fc31d25dc440a703094333723fb9ae534b4ba9ae,2023-04,Bedfordshire Police,Bedfordshire Police,,,No location,,,Investigation complete; no suspect identified
b2d1394a42bbadacf80d48c74718879b6b61c4c31730caee7b2549216a0eb933,2023-04,Bedfordshire Police,Bedfordshire Police,,,No location,,,Investigation complete; no suspect identified
586f0651985f2fc492b7a339d88276e893636c7cd197deb2fe59d1f0515dc0e5,2023-04,Bedfordshire Police,Bedfordshire Police,,,No location,,,Investigation complete; no suspect identified
581ef0e9e421283768035e94914f20228ab842044b1a8654eb6e89a7677306c4,2023-04,Bedfordshire Police,Bedfordshire Police,,,No location,,,Unable to prosecute suspect
3d3a78644dd667f643b511d718430c729cd1216a6205e11a24aa712bb6f1e59e,2023-04,Bedfordshire Police,Bedfordshire Police,,,No location,,,Investigation complete; no suspect identified
05049da8fc3dd890999763706acb90ebdac5d7b66485b7cf44cfd4a88df0af5a,2023-04,Bedfordshire Police,Bedfordshire Police,,,No location,,,Unable to prosecute suspect
af1993cf9588f108dc5db4cc8f9f3bf34ed5a374992e27e85e3e77ff12cbee70,2023-04,Bedfordshire Police,Bedfordshire Police,,,No location,,,Unable to prosecute suspect
3ecab9f0623bc88c660b2b490c3010b2be102d4ab1088fd16d4cf1ce2eb7b7b5,2023-04,Bedfordshire Police,Bedfordshire Police,,,No location,,,Unable to prosecute suspect
288d4eba479d9f8e7760925e405302a32f8674a302042acf1d4dd80619b8842a,2023-04,Bedfordshire Police,Bedfordshire Police,,,No location,,,Unable to prosecute suspect
79714e8e34da82b10718f97f2321c6efa69088fe539d9ba4df64b7e2bd52f8e0,2023-04,Bedfordshire Police,Bedfordshire Police,,,No location,,,Unable to prosecute suspect
c5236754c88a335c75c453585b9e9ae1cd7de3f144cf6d6608e0f340ddb2e3d7,2023-04,Bedfordshire Police,Bedfordshire Police,,,No location,,,Unable to prosecute suspect
10bbde94a1c70146db412e1513e260074e163a1cd00f2509dfc32e3449c03bc9,2023-04,Bedfordshire Police,Bedfordshire Police,,,No location,,,Unable to prosecute suspect
2557cc9c7d852052e97aaca2c8f14948af4ef138be568f5a8f72b65cf14945a7,2023-04,Bedfordshire Police,Bedfordshire Police,,,No location,,,Unable to prosecute suspect
ceb63e0fd79812a390e185837140b6d1efcde76b551cde9fd9d5d7971c62d422,2023-04,Bedfordshire Police,Bedfordshire Police,,,No location,,,Unable to prosecute suspect
8014abdb35cd2bfbb90b4ceae7912ead6d9a82640e26f4e10e82b571d2dd54f8,2023-04,Bedfordshire Police,Bedfordshire Police,,,No location,,,Investigation complete; no suspect identified
45eee82769038a164f3300272fe4ff234bf19150d39da7126f4f4c59e78f1acf,2023-04,Bedfordshire Police,Bedfordshire Police,,,No location,,,Unable to prosecute suspect
4fb3af45216762e7119057722ba7665aa564f077490a7ce8b7db7036cee79503,2023-04,Bedfordshire Police,Bedfordshire Police,,,No location,,,Unable to prosecute suspect
7a67f47e0738ab83e06ef1e8a505a7a1910e3518516ec6fef415337046c095d2,2023-04,Bedfordshire Police,Bedfordshire Police,-0.419316,51.880612,On or near Alma Street,E01033803,Luton 023A,Unable to prosecute suspect
ebb5a7d5f4bcc7f219e6ff31c5260f15e7887bd7caae769f387ae555c8fa4467,2023-04,Bedfordshire Police,Bedfordshire Police,-0.422755,51.892770,On or near Primrose Close,E01015700,Luton 010A,Investigation complete; no suspect identified
369277487a9471c3146467187aecfa40b18a577fe635a7c5eeed3718e23a10c5,2023-04,Bedfordshire Police,Bedfordshire Police,-0.414165,51.879571,On or near Parking Area,E01033805,Luton 023C,Investigation complete; no suspect identified
5229d87a4d601e6f71cc8617e19f1271f32ce18267616fc8638ea410ceac344c,2023-04,Bedfordshire Police,Bedfordshire Police,-0.428976,51.906475,On or near Rackham Drive,E01015745,Luton 007F,Action to be taken by another organisation
6f04ef1786edd104b34561ad6d98a6e4f7fb305d3689ab0aef6f53b53ab0e6a3,2023-04,Bedfordshire Police,Bedfordshire Police,-0.403808,51.899213,On or near Mixes Hill Road,E01015796,Luton 012F,Unable to prosecute suspect
8e65850be6a97a506ecdee7f2e4a00a1ca00e74de19993c211e3254306c1b7a7,2023-04,Bedfordshire Police,Bedfordshire Police,-0.403808,51.899213,On or near Mixes Hill Road,E01015796,Luton 012F,Unable to prosecute suspect
f8db00363a2b7117b0397bbc490dffe5d94f5f1b650f504211097578a3d9159a,2023-04,Bedfordshire Police,Bedfordshire Police,-0.484412,51.862739,On or near Parking Area,E01017561,Central Bedfordshire 033A,Unable to prosecute suspect
d76be02f82ac2f48f0811e63dfda8f602985b7e272d08543b63f1d9e0e6cfa62,2023-04,Bedfordshire Police,Bedfordshire Police,-0.270402,52.063387,On or near Langford Road,E01017414,Central Bedfordshire 010E,Unable to prosecute suspect
08fef1f61fb14fdb23cd417f454cf08e3a6d390606035f3bd6f6bc09d93cead4,2023-04,Bedfordshire Police,Bedfordshire Police,-0.649486,51.906047,On or near Bunting Drive,E01033192,Central Bedfordshire 024F,Unable to prosecute suspect
20b5908e02b7392def5a81f6650c60cb7e1905b84e27c22770496e1bfb02be55,2023-04,Bedfordshire Police,Bedfordshire Police,-0.604478,52.203366,On or near Meadway,E01017504,Bedford 002D,Investigation complete; no suspect identified
3cee6688753cde1a5aab56ed43e8f60ad38cc6ca0e8785237bcb3bd0dd1dc051,2023-04,Bedfordshire Police,Bedfordshire Police,-0.469228,52.135343,On or near Horne Lane,E01017466,Bedford 012A,Unable to prosecute suspect
5da325437c1015fc1dbde715b089f218d409f269e084d6afb35b45b93e6f2850,2023-04,Bedfordshire Police,Bedfordshire Police,-0.656432,51.915864,On or near Albany Road,E01017555,Central Bedfordshire 021A,Investigation complete; no suspect identified
b09d8152df14d66980d9e1d9b73d1644f30d36ea75d842ec0c6cdb2bb0c75630,2023-04,Bedfordshire Police,Bedfordshire Police,-0.376845,51.883100,On or near Prince Way,E01015811,Luton 014G,Local resolution
e8b38601d5e8826041373f3e12e51b02d847c6a161d5d215aa8220a362f5de5c,2023-04,Bedfordshire Police,Bedfordshire Police,-0.465794,52.133653,On or near Parking Area,E01017522,Bedford 014E,Unable to prosecute suspect
d228ef678b5f0f003c31d249f4f73f3729ff17bb884d89128b82faa994856017,2023-04,Bedfordshire Police,Bedfordshire Police,-0.354321,52.028272,On or near Brookside,E01017441,Central Bedfordshire 011E,Investigation complete; no suspect identified
0b9b965c1bae5de05d158b80677d0b4196b32a06dba6b6c301140fc4277adff5,2023-04,Bedfordshire Police,Bedfordshire Police,-0.289893,52.135891,On or near College Road,E01017433,Central Bedfordshire 001A,Suspect charged
bb02bae09a035f3fe24903a9150e1286318d6de3458464f9f40e6dff534a4339,2023-04,Bedfordshire Police,Bedfordshire Police,-0.474714,51.899920,On or near Copperfields,E01015718,Luton 013C,Unable to prosecute suspect
6dadbea0ea3cb53b9ef61b5586f20001a9cb1c7293180be54077d58361bc2538,2023-04,Bedfordshire Police,Bedfordshire Police,-0.285745,52.129384,On or near Cambridge Road,E01017435,Central Bedfordshire 002D,Investigation complete; no suspect identified
96e9272c86d7f2d35990c5eecd5698036880da0c3390a638440ca2e601350b6d,2023-04,Bedfordshire Police,Bedfordshire Police,-0.398598,51.872428,On or near Gipsy Lane,E01015790,Luton 021B,Unable to prosecute suspect
abad748d2cb8fdca1f8a435d6d8fd7d283ccb13a430757d3f2d050c6d6135260,2023-04,Bedfordshire Police,Bedfordshire Police,-0.474714,51.899920,On or near Copperfields,E01015718,Luton 013C,Unable to prosecute suspect
bef4ce2629a90d7dcaaed9422d8414354c7828a91f6f14c6febec941d569c5aa,2023-04,Bedfordshire Police,Bedfordshire Police,-0.445106,52.143291,On or near Brixham Close,E01017483,Bedford 009B,Offender given a caution
70aa5a57b8019675a46566124d3cae37d170aa73ca585cdc4b238a784f6acff4,2023-04,Bedfordshire Police,Bedfordshire Police,-0.383587,51.905384,On or near Crowland Road,E01015799,Luton 008C,Action to be taken by another organisation
106ce9d2ebaab03b6739eec1937d525cf4b3b80ce9e7cae0c4869828bfcca727,2023-04,Bedfordshire Police,Bedfordshire Police,-0.658662,51.936174,On or near Carlton Grove,E01017606,Central Bedfordshire 020D,Action to be taken by another organisation
acc580fec48a8bcdeee9747760dfba3e4cba481eee862babefa495451094cd52,2023-04,Bedfordshire Police,Bedfordshire Police,-0.428887,51.888608,On or near Dorrington Close,E01015702,Luton 017C,Unable to prosecute suspect
7fe6a956d2e742e327c4ffcb7cffc304b1d479c82af0145082b01308b05af83a,2023-04,Bedfordshire Police,Bedfordshire Police,-0.407199,51.883065,On or near Crescent Rise,E01015743,Luton 022E,Unable to prosecute suspect
a5e19b6d6691ee47c933db57c5e39c66014a80a25fed4c3f543acb26b2746ff6,2023-04,Bedfordshire Police,Bedfordshire Police,-0.517634,51.880543,On or near Hawthorn Close,E01017623,Central Bedfordshire 031A,Unable to prosecute suspect
7709d0da76ac0cba5bba5b19367025cb5b88a4253f1323067db77fb0285bc7f9,2023-04,Bedfordshire Police,Bedfordshire Police,-0.517634,51.880543,On or near Hawthorn Close,E01017623,Central Bedfordshire 031A,Unable to prosecute suspect
e2692afa50a701bb23b172b887d0e4946303ee897d5c3c21ccbb8a74e4359faa,2023-04,Bedfordshire Police,Bedfordshire Police,-0.505393,52.167600,On or near Birbeck Close,E01017480,Bedford 003C,Local resolution
78436c9eab049e931e3a3a78e3e1a3ee7b176389331decbef7a7f638580515b3,2023-04,Bedfordshire Police,Bedfordshire Police,-0.659400,51.902123,On or near Moneta Rise,E01033828,Central Bedfordshire 024H,Unable to prosecute suspect
7e451539d4cce9cb7f27d234b3f8c8bf7637ab1f3f439f67bbebc33bdc7ba9ef,2023-04,Bedfordshire Police,Bedfordshire Police,-0.294133,52.130863,On or near Banks Drive,E01017434,Central Bedfordshire 001B,Unable to prosecute suspect
f07924530ade237e284bc6b26d1d3b054c08fa1a8c119a677f0704aefd5463c8,2023-04,Bedfordshire Police,Bedfordshire Police,-0.465958,52.138663,On or near Supermarket,E01034419,Bedford 012H,Unable to prosecute suspect
5759fc237b91346fe79cfe8efeb80c55a9507e9a27d56dd098ba11e9c1ab0ff8,2023-04,Bedfordshire Police,Bedfordshire Police,-0.430608,51.886778,On or near Parking Area,E01015705,Luton 017D,Unable to prosecute suspect
c7b79c891d76842fd5b37d4f8ed556d55dd876d33a6c92af24723c35fabb27ce,2023-04,Bedfordshire Police,Bedfordshire Police,-0.383587,51.905384,On or near Crowland Road,E01015799,Luton 008C,Action to be taken by another organisation
5fabeddba5e533f6545155a3a7641c0a79191d64eb724b279ec0f7b32806e563,2023-04,Bedfordshire Police,Bedfordshire Police,-0.383587,51.905384,On or near Crowland Road,E01015799,Luton 008C,Action to be taken by another organisation
7e68bcf141037494a06aaf1990934172628dd67bb005cb7530dd4296f4346dfc,2023-04,Bedfordshire Police,Bedfordshire Police,-0.383587,51.905384,On or near Crowland Road,E01015799,Luton 008C,Action to be taken by another organisation
6aad775ea7c93390bae02c1a7af07344ba8a748ebcfad195842ff455d7b4f299,2023-04,Bedfordshire Police,Bedfordshire Police,-0.247106,51.998123,On or near Nightingale Way,E01033189,Central Bedfordshire 014F,Local resolution
ec091b4f567c09c8956df1348a37523b765b379f9aa11431624c6eb23c925bc3,2023-04,Bedfordshire Police,Bedfordshire Police,-0.383587,51.905384,On or near Crowland Road,E01015799,Luton 008C,Action to be taken by another organisation
323b1075f7d340764c50bc35f5d7e068b57b6764aa1d6f654cd2d1deaad1aafb,2023-04,Bedfordshire Police,Bedfordshire Police,-0.383587,51.905384,On or near Crowland Road,E01015799,Luton 008C,Action to be taken by another organisation
99b5f1e0437fb0bcb06eebcb6538c3e1591646e7ab7ebe3666f790d8a9c484d4,2023-04,Bedfordshire Police,Bedfordshire Police,-0.383587,51.905384,On or near Crowland Road,E01015799,Luton 008C,Action to be taken by another organisation
96cfd7a6c6ff633229884eb544fa344f3bf8d75375fd53286a384320c5e27f6c,2023-04,Bedfordshire Police,Bedfordshire Police,-0.383587,51.905384,On or near Crowland Road,E01015799,Luton 008C,Action to be taken by another organisation
5aa98c1f85d5a651003c1b2e4a90be87fa026cc343b6929c66bd12343a0efc50,2023-04,Bedfordshire Police,Bedfordshire Police,-0.383587,51.905384,On or near Crowland Road,E01015799,Luton 008C,Action to be taken by another organisation
4154db368f89af8266f8ecb33fb6d3bb58567a4fe426f52e2b40aac9d70b38b9,2023-04,Bedfordshire Police,Bedfordshire Police,-0.267737,51.996890,On or near Ramerick Gardens,E01017376,Central Bedfordshire 010A,Unable to prosecute suspect
41f9878103af4d61bdbeec9ed5fba80df5429d55106778e8af1dbefce6bfdfde,2023-04,Bedfordshire Police,Bedfordshire Police,-0.455550,51.920899,On or near Denham Close,E01015773,Luton 003D,Unable to prosecute suspect
2372a6b737c76da869d9995b090ad72ffe881227984f8c3c63243b5c4dd068a4,2023-04,Bedfordshire Police,Bedfordshire Police,-0.425069,51.884340,On or near Moor Street,E01015699,Luton 017B,Unable to prosecute suspect
648905451c32fcb2a6b0ff4ca5b2fe60f96a7a3fafe2ecb57c9b86da7e142dc2,2023-04,Bedfordshire Police,Bedfordshire Police,-0.412775,51.879454,On or near Shopping Area,E01033805,Luton 023C,Unable to prosecute suspect
8018ceaf3432810ad69392b78c7e894bc057fe98655a5d6858976a95536ea7b0,2023-04,Bedfordshire Police,Bedfordshire Police,-0.423236,51.882741,On or near Supermarket,E01015699,Luton 017B,Investigation complete; no suspect identified
09d2d903fa15d4351133eadd22eb96c4f1f9ab225633fb52927293d10db08940,2023-04,Bedfordshire Police,Bedfordshire Police,-0.571186,51.983296,On or near Sports/Recreation Area,E01017451,Central Bedfordshire 009D,Unable to prosecute suspect
042bf3837938c05d6742dcdafbf3760a51d2363a883a883a899001b0f0442871,2023-04,Bedfordshire Police,Bedfordshire Police,-0.490564,52.130062,On or near Paddlers Court,E01017537,Bedford 013C,Local resolution
e0d14cfbc752d2245df8891d1f7d94f96ce4777e4e58942f73d2394eeb89f2d9,2023-04,Bedfordshire Police,Bedfordshire Police,-0.290505,52.130217,On or near Greens Close,E01017435,Central Bedfordshire 002D,Investigation complete; no suspect identified
4f50ff07de4486dbae98c13af47d38d5800e4a58c9ec6b7087caf7596648c4db,2023-04,Bedfordshire Police,Bedfordshire Police,-0.249964,52.094349,On or near Boddington Gardens,E01033811,Central Bedfordshire 006H,Unable to prosecute suspect
5932f17b1372a1fac8e9fcee4d79e1500e7bf682ff6254f72af7313a3a7e3dec,2023-04,Bedfordshire Police,Bedfordshire Police,-0.472430,52.134450,On or near Commercial Road,E01017466,Bedford 012A,Local resolution
e1bd4cc3cc909f16351814302f399bab51e9b6c6ddc236ff79e980e6c8929c36,2023-04,Bedfordshire Police,Bedfordshire Police,-0.470685,52.141009,On or near Boswell Place,E01017502,Bedford 010F,Suspect charged
078bb2c13395af351120fd71d39401078a30f46f71290086f8e58d436639c00f,2023-04,Bedfordshire Police,Bedfordshire Police,-0.456432,52.125106,On or near Paradine Road,E01017523,Bedford 014F,Local resolution
284d889d9b444d1fa6ae620c4a21f2b6d9b42c1c61df623bafe8e18521c3f25f,2023-04,Bedfordshire Police,Bedfordshire Police,-0.414165,51.879571,On or near Parking Area,E01033805,Luton 023C,Investigation complete; no suspect identified
ad67a19847ae5dc1e3a3c7656d2af7ed11f2942039d23ac53fe1519cd336a169,2023-04,Bedfordshire Police,Bedfordshire Police,-0.335593,52.037998,On or near High Street,E01017437,Central Bedfordshire 011A,Investigation complete; no suspect identified
3dc2dc912d529259745f4c9a2725cfffa829c765d37f3dca0e749bd73806efc4,2023-04,Bedfordshire Police,Bedfordshire Police,-0.466657,52.136614,On or near High Street,E01034419,Bedford 012H,Investigation complete; no suspect identified
91cc01d9800d9793eccd8dfac9721e2bceedf1ab9d6af487f5c07f995a7b061a,2023-04,Bedfordshire Police,Bedfordshire Police,-0.669344,51.918304,On or near Supermarket,E01017557,Central Bedfordshire 021C,Investigation complete; no suspect identified
5a568f4512374098d85f2c329efb6d5eafa20a06579d83ea7c5de6627d9a27ad,2023-04,Bedfordshire Police,Bedfordshire Police,-0.367270,51.875839,On or near Airport/Airfield,E01015808,Luton 014D,Unable to prosecute suspect
f113e1a9217878669a640818d516daf9be90e663b1f9ba18edf5cae39f99547e,2023-04,Bedfordshire Police,Bedfordshire Police,-0.396498,51.874297,On or near Kimpton Road,E01015719,Luton 016A,Investigation complete; no suspect identified
ebc956b4a275425fc3276eee8b665875e240bb24a4f980532a24d2814949b8cc,2023-04,Bedfordshire Police,Bedfordshire Police,-0.417792,51.873937,On or near Parking Area,E01015738,Luton 021A,Suspect charged
f5e9d2f3051c4aca6c21d8900f3dd79795009011700e74d62e3445855089a4f5,2023-04,Bedfordshire Police,Bedfordshire Police,-0.367270,51.875839,On or near Airport/Airfield,E01015808,Luton 014D,Local resolution
19caa4de9026533f5c0154db3a3458d9a4b138778a7a5d4b074d941c6f576620,2023-04,Bedfordshire Police,Bedfordshire Police,-0.231130,52.009834,On or near Speedwell Way,E01033189,Central Bedfordshire 014F,Unable to prosecute suspect
d7edda5ad5182affbe695ad4be8d20676a4ad176ac2314425bf23c4459b10be4,2023-04,Bedfordshire Police,Bedfordshire Police,-0.376845,51.883100,On or near Prince Way,E01015811,Luton 014G,Unable to prosecute suspect
6c4955c6337b4c924a302fbb07ea6ff0688c250937456f8e6134fe54cfa88923,2023-04,Bedfordshire Police,Bedfordshire Police,-0.241783,52.092276,On or near Sullivan Court,E01033811,Central Bedfordshire 006H,Unable to prosecute suspect
6f3b031e681ce879b55fdb344d70b9fae714fe4ccdd351e56d2ac678924e8a72,2023-04,Bedfordshire Police,Bedfordshire Police,-0.509124,51.909838,On or near Chelsea Gardens,E01017602,Central Bedfordshire 025C,Unable to prosecute suspect
7aa6c024df6b780716b0bb641dd8e1521add9ec7dc3f88c72143c7a66cc721d0,2023-04,Bedfordshire Police,Bedfordshire Police,-0.365304,51.890835,On or near Cutlers Green,E01015810,Luton 014F,Unable to prosecute suspect
ac644c90ab342bc26ced8ea3c6e34c3f3f0c0d50f945b2daf98872b8e39a723b,2023-04,Bedfordshire Police,Bedfordshire Police,-0.365304,51.890835,On or near Cutlers Green,E01015810,Luton 014F,Unable to prosecute suspect
b8febd50fb6f672b1f96597af310833a92109d31ad2807fee36d3ad8e4ad4695,2023-04,Bedfordshire Police,Bedfordshire Police,-0.381860,51.894777,On or near Wigmore Lane,E01015813,Luton 008F,Investigation complete; no suspect identified
ad313783d40a243c70d4c648e23b74a13253542ccf9ca299c47d23e799b1e45e,2023-04,Bedfordshire Police,Bedfordshire Police,-0.417565,52.153408,On or near Poppyfields,E01017493,Bedford 007F,Unable to prosecute suspect
5a338c7696e5b40c415a142e00c821d980a476c0f26ab00ca6eb76d16455e033,2023-04,Bedfordshire Police,Bedfordshire Police,-0.482156,52.141040,On or near Milton Road,E01017499,Bedford 010C,Unable to prosecute suspect
72864c2117db5864af6f7c71a0babb04090936481aeb853ee643df737786ed8f,2023-04,Bedfordshire Police,Bedfordshire Police,-0.546625,52.065705,On or near Shopping Area,E01017418,Central Bedfordshire 009C,Local resolution
05f5a8faabbb8d6c304b17352047a445ac5b3312cb388fbabb660d8c62423bbc,2023-04,Bedfordshire Police,Bedfordshire Police,-0.632517,52.251455,On or near Further/Higher Educational Building,E01017503,Bedford 002C,Unable to prosecute suspect
77bf7f726491b39bc7da19d5f770831b9d3f79e09db01fd93060b339643854c7,2023-04,Bedfordshire Police,Bedfordshire Police,-0.605335,52.008834,On or near Turnpike Road,E01017379,Central Bedfordshire 007A,Investigation complete; no suspect identified
b185de729f0451a7e81a215b752c9b641b7ef93d39ebee1726ef22c139ddf458,2023-04,Bedfordshire Police,Bedfordshire Police,-0.239217,52.019504,On or near Arlesry Road,E01033188,Central Bedfordshire 014E,Investigation complete; no suspect identified
cd6d5ba63530b5589462f072492efabaf6829bc3be108720527c84fd2b492255,2023-04,Bedfordshire Police,Bedfordshire Police,-0.416615,51.884289,On or near Plait Court,E01033801,Luton 022C,Suspect charged
057950dad42cb7314c524f6317062925e332cf21b196c209003f617a625d7297,2023-04,Bedfordshire Police,Bedfordshire Police,-0.418312,51.878998,On or near Peel Street,E01033803,Luton 023A,Offender given a caution
2105c5d1471063f2da462568710e0160192c13d151e490c00abb03593524ecdc,2023-04,Bedfordshire Police,Bedfordshire Police,-0.480361,52.125921,On or near Bedford Road,E01017506,Bedford 017B,Investigation complete; no suspect identified
2eee9ab835dd782cc678012350e412b897a7663356d9b119c52fb0fc370bba88,2023-04,Bedfordshire Police,Bedfordshire Police,-0.426331,52.141091,On or near Heather Gardens,E01017527,Bedford 011D,Investigation complete; no suspect identified
b1b0516ebd65332c16a20f43b5d7cba7fb9cc7c8ab21a963f1b814132194e38d,2023-04,Bedfordshire Police,Bedfordshire Police,-0.384146,51.908017,On or near Jaywood,E01015797,Luton 008A,Suspect charged as part of another case
0635c6b0a8a67786b75764ad7588c803d249f68561cae12356b06615751eaad3,2023-04,Bedfordshire Police,Bedfordshire Police,-0.391397,51.883704,On or near Buchanan Drive,E01015723,Luton 016C,Suspect charged
b7d0299a7951071e38e4dadc6f7b36451234e20a9bf3ee3a4cf19981460a81c2,2023-04,Bedfordshire Police,Bedfordshire Police,-0.389191,51.907205,On or near Swifts Green Road,E01015797,Luton 008A,Suspect charged as part of another case
5128847744de9c376c3c20bb32f856cc3324f2b2531f961ddaab06fdb9393ff9,2023-04,Bedfordshire Police,Bedfordshire Police,-0.383587,51.905384,On or near Crowland Road,E01015799,Luton 008C,Action to be taken by another organisation
a95acb54d5f5862a261c1b4245c83d021a41002e17c45940c976481f48ff0d79,2023-04,Bedfordshire Police,Bedfordshire Police,-0.383587,51.905384,On or near Crowland Road,E01015799,Luton 008C,Action to be taken by another organisation
b29a809bf460e77ad96dfd75f112ee0b987f47096298ed4d840ca3718e945998,2023-04,Bedfordshire Police,Bedfordshire Police,-0.383587,51.905384,On or near Crowland Road,E01015799,Luton 008C,Action to be taken by another organisation
2bc50a85bd45621d922721e85f91b87ffd7ccc1230a7f05f3b8466a228eb6cb9,2023-04,Bedfordshire Police,Bedfordshire Police,-0.383587,51.905384,On or near Crowland Road,E01015799,Luton 008C,Action to be taken by another organisation
435343c91bab650d58a3dd0f2c2137abc372294fc8ae6b674f9962241bec65b9,2023-04,Bedfordshire Police,Bedfordshire Police,-0.383587,51.905384,On or near Crowland Road,E01015799,Luton 008C,Action to be taken by another organisation
1ee481e445800ab81740e6335b2834beab760a7f3a3275d1ea8cc7e1ee0f1b2a,2023-04,Bedfordshire Police,Bedfordshire Police,-0.523791,51.887283,On or near Manchester Place,E01017568,Central Bedfordshire 029C,Investigation complete; no suspect identified
dfa8d3a53283e1652fdc487e3b1364d94639419fc767e918278bee25caac2bd8,2023-04,Bedfordshire Police,Bedfordshire Police,-0.493797,52.161123,On or near The Close,E01017479,Bedford 003B,Investigation complete; no suspect identified
a197d6e2893cf786c51fed447cd04191b36eb0b313896e427b1940f48c4cafd7,2023-04,Bedfordshire Police,Bedfordshire Police,-0.477384,51.899190,On or near Holgate Drive,E01015718,Luton 013C,Unable to prosecute suspect
6804fd0f580987d681971cff90e1e8ac220b1c1bc07b6644dd3daef1f7830480,2023-04,Bedfordshire Police,Bedfordshire Police,-0.291437,52.072236,On or near Birch Close,E01017412,Central Bedfordshire 004A,Unable to prosecute suspect
c7d3c35bc9e050ab9f3d4dcc009b9867ce7782f2e671d69aeeee33cd8db96b78,2023-04,Bedfordshire Police,Bedfordshire Police,-0.444439,51.946163,On or near St Margarets Close,E01017616,Central Bedfordshire 018D,Local resolution
9b07378c724bb16728bbe006cc9ebf3d9f7003c698ee20d79ef29ac53aeb5315,2023-04,Bedfordshire Police,Bedfordshire Police,-0.463812,51.906755,On or near Onslow Road,E01015755,Luton 005F,Unable to prosecute suspect
be7f0742ba24893788a99c06ea105710a4c29e4134da7891e1215c02821f4e6c,2023-04,Bedfordshire Police,Bedfordshire Police,-0.479670,52.207156,On or near Old Milton Road,E01017478,Bedford 003A,Unable to prosecute suspect
96c7de9981e325446139d20ae7a6b2b2940c456c8fa6b37414385994645592fa,2023-04,Bedfordshire Police,Bedfordshire Police,-0.527013,51.889184,On or near Sandland Close,E01017568,Central Bedfordshire 029C,Suspect charged
96c7de9981e325446139d20ae7a6b2b2940c456c8fa6b37414385994645592fa,2023-04,Bedfordshire Police,Bedfordshire Police,-0.527013,51.889184,On or near Sandland Close,E01017568,Central Bedfordshire 029C,Suspect charged
450ee0bd47710a244c64b58a094220addd2e848bab9609593c525bac6705e27f,2023-04,Bedfordshire Police,Bedfordshire Police,-0.531029,51.810090,On or near Hemel Hempstead Road,E01017587,Central Bedfordshire 032D,Unable to prosecute suspect
48bed2b03607103ffa6fd89c0ef379abbfd951775fa6e46734efacddb1cfdd6b,2023-04,Bedfordshire Police,Bedfordshire Police,-0.417974,51.880756,On or near Manchester Street,E01033803,Luton 023A,Unable to prosecute suspect
86e0925150128391186ec29d79070266210ff6e8840b14acb6fdb5a2b47916b1,2023-04,Bedfordshire Police,Bedfordshire Police,-0.511393,52.069249,On or near Stewartby Way,E01017552,Bedford 020B,Local resolution
e652a12ea8671ffa99ab80019a2bde42fdcf261d536f8506e01f20ddff0eb4c3,2023-04,Bedfordshire Police,Bedfordshire Police,-0.512264,51.881680,On or near Park Road,E01017592,Central Bedfordshire 030A,Unable to prosecute suspect
7ad385125fcf411c75553867b28579161775097ba9ef0725375e63b00a341891,2023-04,Bedfordshire Police,Bedfordshire Police,-0.512191,51.912502,On or near Sycamore Road,E01017619,Central Bedfordshire 025E,Unable to prosecute suspect
a1f37b06911b2cc6f8cff68cb868f65b50e5fde0a2b378eb9e3d9402c7e571cb,2023-04,Bedfordshire Police,Bedfordshire Police,-0.421844,51.880178,On or near Further/Higher Educational Building,E01033803,Luton 023A,Unable to prosecute suspect
31f3cd1e1311bec3b181b54413b0242ab3bb783dab521458fdb590f49032db86,2023-04,Bedfordshire Police,Bedfordshire Police,-0.507221,52.105530,On or near Fletcher Road,E01034424,Bedford 018H,Investigation complete; no suspect identified
e5bb385720f657226487523ec49ff35ed55c43e6923121194e60a8b9a86eb55c,2023-04,Bedfordshire Police,Bedfordshire Police,-0.478673,52.136904,On or near Ashburnham Road,E01017471,Bedford 012F,Investigation complete; no suspect identified
b333c8a56f026bbe61faacace68882a50200cd83324712e2ca302bd0de678ca9,2023-04,Bedfordshire Police,Bedfordshire Police,-0.450943,51.915300,On or near Pottery Close,E01015769,Luton 003A,Unable to prosecute suspect
8f91b1862880fadf1f73c341abb33fc7b0bc119dc033d2f4739f69e636ea081f,2023-04,Bedfordshire Police,Bedfordshire Police,-0.507567,52.127527,On or near Wortham Close,E01034417,Bedford 008I,Investigation complete; no suspect identified
e0599d880fdad1ce293956a54035f3dd675e33773aa5be140b09e227dac986c2,2023-04,Bedfordshire Police,Bedfordshire Police,-0.536365,51.910386,On or near Harebell Gardens,E01017579,Central Bedfordshire 026B,Local resolution
2a32f7b698ecad049ab499e3eebfe4e57d99ad649495627ae27fcdf7cb5fec17,2023-04,Bedfordshire Police,Bedfordshire Police,-0.407526,51.886981,On or near Jubilee Street,E01015742,Luton 022B,Unable to prosecute suspect
9b5849ecfeb2379db7a38ef7e78ad99490834f21561286ff1b39d541a9bfb919,2023-04,Bedfordshire Police,Bedfordshire Police,-0.551304,52.059091,On or near Brook Road,E01017418,Central Bedfordshire 009C,Unable to prosecute suspect
5212ce3c7659333fcd4ad5455c792c322c826617c3ea18f5182ead9da72fe278,2023-04,Bedfordshire Police,Bedfordshire Police,-0.415729,51.884673,On or near Dudley Street,E01033801,Luton 022C,Unable to prosecute suspect
9fe6639805208cb667512544a5aa1c3e73659b7dae56d122e6bad3cee0c06641,2023-04,Bedfordshire Police,Bedfordshire Police,-0.534591,51.885368,On or near Hambling Place,E01017596,Central Bedfordshire 028C,Unable to prosecute suspect
d162f6b486367c2885112d457237157155dc5450ee0707f23633ec4362effb3b,2023-04,Bedfordshire Police,Bedfordshire Police,-0.550960,52.063852,On or near Beancroft Road,E01017418,Central Bedfordshire 009C,Investigation complete; no suspect identified
3d82897168f7bdbd1273c9f6d5bbddde1aeda83a238e67367a396761f0577248,2023-04,Bedfordshire Police,Bedfordshire Police,-0.404584,51.882247,On or near Hart Hill Lane,E01015743,Luton 022E,Local resolution
6c617976cebac180d368d4ca8584021e265e68c8857e3452d5c3fa5b093fcbda,2023-04,Bedfordshire Police,Bedfordshire Police,-0.500756,52.131549,On or near Sauton Close,E01034415,Bedford 008G,Unable to prosecute suspect
e2458506e6c8f49faccbe7f81ace0cac9d8dc88fd6cd9438c19a3b80ae1f4418,2023-04,Bedfordshire Police,Bedfordshire Police,-0.602853,52.270078,On or near Manor Lane,E01017503,Bedford 002C,Unable to prosecute suspect
e8d64d731d3a464c7e104917003ec483bff812a9d9c45a529f8b5e0c180e53f2,2023-04,Bedfordshire Police,Bedfordshire Police,-0.499560,52.123640,On or near Emmerton Road,E01017509,Bedford 016A,Unable to prosecute suspect
09996bf447e5f82bd5b17d64d3e823ee603ba4a84063d4b00af931a9e7808f47,2023-04,Bedfordshire Police,Bedfordshire Police,-0.430608,51.886778,On or near Parking Area,E01015705,Luton 017D,Investigation complete; no suspect identified
6932db7e59080c781bb5f79ab699d0b25cda5a6e9675c91ec27e6cc15de39837,2023-04,Bedfordshire Police,Bedfordshire Police,-0.383587,51.905384,On or near Crowland Road,E01015799,Luton 008C,Action to be taken by another organisation
02f74eb661a36560cb957a1a7e5d91afd647c80f2e3103ff6641c00d2143b058,2023-04,Bedfordshire Police,Bedfordshire Police,-0.580397,52.014201,On or near High Street,E01017451,Central Bedfordshire 009D,Unable to prosecute suspect
9d9f9e116a6610339e36f7bf88f0cb141a71422d54f14887313a54688df310ec,2023-04,Bedfordshire Police,Bedfordshire Police,-0.466075,52.138251,On or near Nightclub,E01034419,Bedford 012H,Unable to prosecute suspect
62509cadc88581992d6be03326d4dde5e6d728d4c2dfbf77fb04ed8ad9309ff8,2023-04,Bedfordshire Police,Bedfordshire Police,-0.248725,51.999559,On or near Kipling Crescent,E01033190,Central Bedfordshire 014G,Action to be taken by another organisation
afc6274fa81d77efaf447e5a1ce925c6f27ac7d55e2d6ee641d46e5c8e03003a,2023-04,Bedfordshire Police,Bedfordshire Police,-0.414207,51.875490,On or near Union Street,E01033806,Luton 021G,Action to be taken by another organisation
2736bc63f2d186ce099b389f86e165b265a6690274d2c72d4f2c3000184e0ca1,2023-04,Bedfordshire Police,Bedfordshire Police,-0.399977,51.873274,On or near B653,E01015790,Luton 021B,Unable to prosecute suspect
250c2ab1cca2ca531220019707b5055788fc333c7b5551b08238eb8927e29405,2023-04,Bedfordshire Police,Bedfordshire Police,-0.507350,51.912926,On or near Brentwood Close,E01017601,Central Bedfordshire 025B,Unable to prosecute suspect
16e41a97db91b7b5713dc68ed508f71ffca89176194f6f5f0aabb0b3441d2831,2023-04,Bedfordshire Police,Bedfordshire Police,-0.595060,52.074987,On or near Bedford Road,E01017394,Central Bedfordshire 007C,Local resolution
56705ab998b4b65c92d2e9e31f1e150e8e83131da2e3a19a2d8179700bacdd5f,2023-04,Bedfordshire Police,Bedfordshire Police,-0.267737,51.996890,On or near Ramerick Gardens,E01017376,Central Bedfordshire 010A,Unable to prosecute suspect
5580220cf6fb71afc24201823ecab6a07b32479d43059a6680d0913c356d08dd,2023-04,Bedfordshire Police,Bedfordshire Police,-0.414222,52.130660,On or near Meadow Lane,E01017520,Bedford 014C,Investigation complete; no suspect identified
bd046a6f2e69414f54e9c9d37083bfd2b7efd5cb549e4c820577f95ed2dc15da,2023-04,Bedfordshire Police,Bedfordshire Police,-0.653008,51.902491,On or near Messor Gardens,E01033832,Central Bedfordshire 024L,Unable to prosecute suspect
543da75f627bf0515968d196ec29674c40f7e8869e367cf450f5b1f575f588c9,2023-04,Bedfordshire Police,Bedfordshire Police,-0.285745,52.129384,On or near Cambridge Road,E01017435,Central Bedfordshire 002D,Unable to prosecute suspect
e10f9d9e3f6e5cbe171a3ebe5dac4e2491c979d726fa96459f276f6fa4b9aeec,2023-04,Bedfordshire Police,Bedfordshire Police,-0.422665,51.876664,On or near Salisbury Road,E01015735,Luton 020D,Unable to prosecute suspect
2ea6aa92bacad692042a0e4473ed9692a44280e0a31401ab6bc217556100a208,2023-04,Bedfordshire Police,Bedfordshire Police,-0.426602,51.885403,On or near Bury Park Road,E01015698,Luton 017A,Unable to prosecute suspect
ed2d46be0cc628560222adc996f56d201ff2c31423c72e22e490b4b7f719c503,2023-04,Bedfordshire Police,Bedfordshire Police,-0.479757,52.126947,On or near Whitbread Avenue,E01017512,Bedford 016D,Unable to prosecute suspect
a0de867e5f83638a32ac6512ee705c834cf0b842820ad124bed21b9eb530b40c,2023-04,Bedfordshire Police,Bedfordshire Police,-0.429549,51.924655,On or near Barton Road,E01015708,Luton 001C,Unable to prosecute suspect
68ba03d53eeaf3567dc791422f9ec3b3340710a77c7ea9baceaa14ebc6dbd26c,2023-04,Bedfordshire Police,Bedfordshire Police,-0.438533,51.886191,On or near Chatsworth Road,E01015726,Luton 015B,Unable to prosecute suspect
6fda83360d237b890fb1999b78b35389fec5530ed1bb02d31e11158a3da86631,2023-04,Bedfordshire Police,Bedfordshire Police,-0.438533,51.886191,On or near Chatsworth Road,E01015726,Luton 015B,Unable to prosecute suspect
067c291147707ac555f91e02eb0984cb235d27f46705c19daadec13ea1b7bbd0,2023-04,Bedfordshire Police,Bedfordshire Police,-0.416120,51.878932,On or near George Street,E01033803,Luton 023A,Unable to prosecute suspect
743ed122ef0dafb9caa4b1ef9430d4f755ef0d02f9a8c8a29e54825d52af2c79,2023-04,Bedfordshire Police,Bedfordshire Police,-0.500367,51.947518,On or near Toddington Service Area,E01017620,Central Bedfordshire 019C,Investigation complete; no suspect identified
cd8e1ee2aa336df4a7a99101e4cbdc87b6540786f1871db231e52b6e5719750e,2023-04,Bedfordshire Police,Bedfordshire Police,-0.499282,51.911565,On or near Houghton Park Road,E01017600,Central Bedfordshire 025A,Unable to prosecute suspect
4e994d4b5d470c732ed644bb822cb0b79267726d6887ac138c8ed5f5864c4beb,2023-04,Bedfordshire Police,Bedfordshire Police,-0.499282,51.911565,On or near Houghton Park Road,E01017600,Central Bedfordshire 025A,Unable to prosecute suspect
4d1feca7d030ab45232a968d43adc1acd62a296d5a541f6c129493d03f977906,2023-04,Bedfordshire Police,Bedfordshire Police,-0.409241,51.873364,On or near Kingsland Road,E01015789,Luton 023D,Unable to prosecute suspect
8a19b40c656699fe0f96f97344ebc7f140d88be29cf3c4e5fd8fbdfee058bf43,2023-04,Bedfordshire Police,Bedfordshire Police,-0.414822,51.864609,On or near Ludlow Avenue,E01015793,Luton 021E,Suspect charged
14872b5a853b3b1f7054031f62c52ecad56fd77961b7101cac616cd527603d49,2023-04,Bedfordshire Police,Bedfordshire Police,-0.451880,51.904640,On or near Supermarket,E01015765,Luton 006B,Investigation complete; no suspect identified
5de74d11551e0301d46499f06863275a97e4db73728366a8ea5362cc1d0e2bca,2023-04,Bedfordshire Police,Bedfordshire Police,-0.460940,52.168080,On or near Tydeman Close,E01033431,Bedford 004F,Unable to prosecute suspect
f3638cedfa5f2b34202d8e1334660f5e933ea7dcdbcbd410325028567b831ac1,2023-04,Bedfordshire Police,Bedfordshire Police,-0.414822,51.864609,On or near Ludlow Avenue,E01015793,Luton 021E,Suspect charged
b78792d3cec3b19a2eae8b067cf5b1199dacc50b72f59efc030c81a936ca5264,2023-04,Bedfordshire Police,Bedfordshire Police,-0.427626,51.878520,On or near Downs Road,E01015795,Luton 021F,Investigation complete; no suspect identified
c3e8235c9c3aeae20ff7dd37b321b1cba23c493ba3d0b79440fa2fbc30796efa,2023-04,Bedfordshire Police,Bedfordshire Police,-0.483981,52.083384,On or near Meadow Road,E01033818,Central Bedfordshire 008G,Unable to prosecute suspect
073bf85908f0da5f726d90245b4d35e1abf256056afc45c259107e8019b291ea,2023-04,Bedfordshire Police,Bedfordshire Police,-0.488357,52.007382,On or near St Pauls Close,E01017400,Central Bedfordshire 015B,Unable to prosecute suspect
4a3387533198ab15a57006d9001a2c162ebc523795acb779a8fdf5ab7c287374,2023-04,Bedfordshire Police,Bedfordshire Police,-0.416134,51.876478,On or near Victoria Street,E01033806,Luton 021G,Investigation complete; no suspect identified
2023de04bea7f691eb25ab147fbbb2f5760ea82e946d8e3bbfb25aee8dc26ee7,2023-04,Bedfordshire Police,Bedfordshire Police,-0.523143,52.174711,On or near Chapel Pound,E01017528,Bedford 003E,Local resolution
2f4299f5457a032cba530ea7d40dd416ab0977ce46833f87a8077e3926d9981d,2023-04,Bedfordshire Police,Bedfordshire Police,-0.529080,51.892636,On or near Tavistock Street,E01017568,Central Bedfordshire 029C,Suspect charged
3ae1f3ae9aa6851584cc6d51b06871fb360fd0f99767e31addce8618a824e37c,2023-04,Bedfordshire Police,Bedfordshire Police,-0.383587,51.905384,On or near Crowland Road,E01015799,Luton 008C,Investigation complete; no suspect identified
fe8d3cf8fe4b6d49a4fabd063336e7529b7ae1577f98c96e7b6fc66a8d42ca45,2023-04,Bedfordshire Police,Bedfordshire Police,-0.496536,51.980693,On or near The Pyghtle,E01017450,Central Bedfordshire 017E,Investigation complete; no suspect identified
079fd1c83299220dffa36302486c8c9c16153654bbb632951c1768088c000495,2023-04,Bedfordshire Police,Bedfordshire Police,-0.427400,52.152641,On or near Supermarket,E01017492,Bedford 007E,Investigation complete; no suspect identified
7085ee267611907617b67bdaad01fd254a112a3eec96c35c01db08eac2963c0f,2023-04,Bedfordshire Police,Bedfordshire Police,-0.484412,51.862739,On or near Parking Area,E01017561,Central Bedfordshire 033A,Unable to prosecute suspect
ba6d889dbf290c90dee971361166844ef4f508382bbf995c96e642176ecafdce,2023-04,Bedfordshire Police,Bedfordshire Police,-0.465958,52.138663,On or near Supermarket,E01034419,Bedford 012H,Local resolution
6589825b453394f7f5cabe7bd5c137bdbf85f41020247580f804e3ddb3b6fbdc,2023-04,Bedfordshire Police,Bedfordshire Police,-0.454110,51.904380,On or near Mostyn Road,E01015765,Luton 006B,Investigation complete; no suspect identified
ceab26db44c09f881e67d3ec219054bf33a7a3b5befacf13702f2a1d8f7b6b70,2023-04,Bedfordshire Police,Bedfordshire Police,-0.414909,51.886514,On or near William Street,E01015739,Luton 022A,Investigation complete; no suspect identified
aed0e7552e5c6a9ea32e0b8842dc86b16f118f3a2e1281882209a771b77a52d5,2023-04,Bedfordshire Police,Bedfordshire Police,-0.407982,52.150780,On or near Thor Drive,E01017493,Bedford 007F,Unable to prosecute suspect
8bc11e9c5354db40056f5a6c6a6635f1ccdcc6cdecde08c9a88aea432699e7dd,2023-04,Bedfordshire Police,Bedfordshire Police,-0.594097,51.878703,On or near Park Lane,E01017571,Central Bedfordshire 032A,Investigation complete; no suspect identified
402074801ab1e54b057fe97c59b5a5333348a15e34f7181ce57c3cdbd760d253,2023-04,Bedfordshire Police,Bedfordshire Police,-0.634597,51.914733,On or near Theatre/Concert Hall,E01033831,Central Bedfordshire 024K,Investigation complete; no suspect identified
f4c9ae789c326662fc7b57335e51f0b498678ab6bb80d757c404e9da252db1ac,2023-04,Bedfordshire Police,Bedfordshire Police,-0.440504,51.906494,On or near Mallard Gardens,E01015766,Luton 006C,Unable to prosecute suspect
26abfa300e0ca73cd99d0090da179987e2275df57de62c78bfec8f72eb5f6af5,2023-04,Bedfordshire Police,Bedfordshire Police,-0.539120,51.945092,On or near Frenchmans Close,E01017621,Central Bedfordshire 019D,Unable to prosecute suspect
3b0cb76b34d9fb3c14e93e2d3b89991d492f674d010471f7a6f2f3b0fd3d1732,2023-04,Bedfordshire Police,Bedfordshire Police,-0.510926,51.921823,On or near Parking Area,E01017619,Central Bedfordshire 025E,Investigation complete; no suspect identified
4f264536b290a1270dda293489bf00843c3aa839051df71b13f43bad210ecc99,2023-04,Bedfordshire Police,Bedfordshire Police,-0.398702,51.872815,On or near Shopping Area,E01015790,Luton 021B,Suspect charged
71169ff3af22883ed604aca6615115f5a1779f8cc0a11031f1d75550b0ec9265,2023-04,Bedfordshire Police,Bedfordshire Police,-0.529479,51.941816,On or near Bradford Road,E01017622,Central Bedfordshire 019E,Investigation complete; no suspect identified
9628de33e468c059c5b737fa4d69279af6504c705032201436fca9f412d110cb,2023-04,Bedfordshire Police,Bedfordshire Police,-0.505436,52.169812,On or near Milton Road,E01017480,Bedford 003C,Investigation complete; no suspect identified
74279be17bd755b254a076d0a1f0918f36df2c18ba2765c73f477530a63ff46b,2023-04,Bedfordshire Police,Bedfordshire Police,-0.455077,51.900338,On or near Wickstead Avenue,E01015750,Luton 011F,Unable to prosecute suspect
28b1723f269a592ba3db255144b8e284c7c4c2efe9115fbfde51a7ca36bccf90,2023-04,Bedfordshire Police,Bedfordshire Police,-0.293719,52.135578,On or near Kingsley Court,E01017433,Central Bedfordshire 001A,Investigation complete; no suspect identified
f92fe0d047983dea51c91274b7eca1fc1060014f2cefd4e4b7bd2f0a7b9ee7e2,2023-04,Bedfordshire Police,Bedfordshire Police,-0.632518,51.919554,On or near Lister Corner,E01033826,Central Bedfordshire 019F,Investigation complete; no suspect identified
abe4d5dab293a6c467733378c89fccb016540d337134d35eed55cc74a514be41,2023-04,Bedfordshire Police,Bedfordshire Police,-0.471169,52.139675,On or near Adelaide Square,E01017502,Bedford 010F,Action to be taken by another organisation
516b0ddbd729672590692095eab3d2a89bd1816cb47a33c8f89b48692b73c5cc,2023-04,Bedfordshire Police,Bedfordshire Police,-0.401225,51.888874,On or near Cherry Tree Close,E01015780,Luton 016E,Investigation complete; no suspect identified
68f6eddb2444da0b4689af86018dec0d173bda4e6b7ba82d678e75e92e241750,2023-04,Bedfordshire Police,Bedfordshire Police,-0.465958,52.138663,On or near Supermarket,E01034419,Bedford 012H,Unable to prosecute suspect
5a78bbdc0523aab2b7a044920227076fcdf1cf2b39f39b2eb31115b535a1f78f,2023-04,Bedfordshire Police,Bedfordshire Police,-0.526176,52.393239,On or near Blackbird Close,E01035408,North Northamptonshire 011F,Unable to prosecute suspect
27f9bc284b39ea8a88859e9df3eebba30fad0efa54a7e1f3056ec3a267668855,2023-04,Bedfordshire Police,Bedfordshire Police,-0.424632,51.879397,On or near Kingswood Court,E01033804,Luton 023B,Unable to prosecute suspect
bf9b3704f851d394f8ad879726426e14b0f81c42a9b803cbd1c21e865070f28b,2023-04,Bedfordshire Police,Bedfordshire Police,-0.496363,52.160922,On or near High Street,E01017479,Bedford 003B,Unable to prosecute suspect
cc5ebedb29c0c0ada6cf62f1b3a26bd6d0521ce381c24ce78b42b30a1d4825b2,2023-04,Bedfordshire Police,Bedfordshire Police,-0.501120,52.112421,On or near Huntingdon Road,E01017514,Bedford 018B,Action to be taken by another organisation
b53b7a591e13822f949165101cddbe7c46aeca2393bcd27b9a267d3e7c570067,2023-04,Bedfordshire Police,Bedfordshire Police,-0.500417,51.900628,On or near Regis Road,E01015757,Luton 009B,Unable to prosecute suspect
fcc7297d26bb41ec9dfa24f3e4978ee601946d2831877c64abfc52267df34f88,2023-04,Bedfordshire Police,Bedfordshire Police,-0.460897,52.128929,On or near Shopping Area,E01017522,Bedford 014E,Investigation complete; no suspect identified
a535f0352f0f4cb450a89e94ced1ec0be8f2c8e944600a3bcc3dadee43517766,2023-04,Bedfordshire Police,Bedfordshire Police,-0.436495,51.889222,On or near Mansfield Road,E01015703,Luton 015A,Unable to prosecute suspect
2cf980e2e053f6666cd9df3c44881ba772d147c88bdce77c03d23e75b73ac2ce,2023-04,Bedfordshire Police,Bedfordshire Police,-0.474209,52.140955,On or near Tavistock Place,E01017501,Bedford 010E,Unable to prosecute suspect
4d85409e126da3166db85ca99b6445e403c1fd385562886b2604c4d11d31f010,2023-04,Bedfordshire Police,Bedfordshire Police,-0.474433,51.894144,On or near Hospital,E01015713,Luton 013A,Unable to prosecute suspect
4b45e78c1cecff4b66b42b6cf728055fcd3a773cc7ff56ae65eae08147f518ae,2023-04,Bedfordshire Police,Bedfordshire Police,-0.505806,52.114665,On or near Bartrum Close,E01017515,Bedford 018C,Unable to prosecute suspect
115011896ae4bda8207ec0533feda17fc462049bdef3fc6bdd48cc9495acd4c1,2023-04,Bedfordshire Police,Bedfordshire Police,-0.489986,52.120811,On or near Bedford Road,E01017508,Bedford 017D,Investigation complete; no suspect identified
af4bbed7ceac7f8aa0ab6325a2e0633340c7e7dc887ea605cce3ebcbd865a5d6,2023-04,Bedfordshire Police,Bedfordshire Police,-0.645588,51.923994,On or near Greenlands,E01017603,Central Bedfordshire 020A,Investigation complete; no suspect identified
85d27ccffad600e5e058fd9a1a961b279d64b6689e7f1eaa0ff54b17dbda448d,2023-04,Bedfordshire Police,Bedfordshire Police,-0.467947,52.136909,On or near Silver Street,E01034419,Bedford 012H,Unable to prosecute suspect
4c44a1394481ecb0006d5eb2200c869d31c3c45af8219f83a286d9be4adb9f2f,2023-04,Bedfordshire Police,Bedfordshire Police,-0.285745,52.129384,On or near Cambridge Road,E01017435,Central Bedfordshire 002D,Investigation complete; no suspect identified
8d510d3bc8969824843eb8c03f090aecf148228cfd6a89f182e50fe9e9762eb6,2023-04,Bedfordshire Police,Bedfordshire Police,-0.467306,52.135165,On or near St Paul's Square,E01017466,Bedford 012A,Investigation complete; no suspect identified
2bf1cc5cc01d5891bae10567ad04a736db66792e9d3f1bc631381c7189193d34,2023-04,Bedfordshire Police,Bedfordshire Police,-0.398174,51.886386,On or near Abbey Drive,E01015781,Luton 016F,Unable to prosecute suspect
aaee3a8b327849b518d1915388ee351b2e3b849e72e3330faddab6f2d6e2e1f5,2023-04,Bedfordshire Police,Bedfordshire Police,-0.426311,51.885399,On or near Waldeck Road,E01015698,Luton 017A,Unable to prosecute suspect
aa51d5458dd46060d2881479d0d5fafe389db2baf4d690ed21e9ff7c52cee4b2,2023-04,Bedfordshire Police,Bedfordshire Police,-0.250675,52.095960,On or near Williams Court,E01033811,Central Bedfordshire 006H,Local resolution
4278614a75f7f2010d49f8ca14f8b2f7e0e61531a7e2313d3817e692486e4238,2023-04,Bedfordshire Police,Bedfordshire Police,-0.484986,51.890539,On or near Petrol Station,E01017583,Central Bedfordshire 027B,Investigation complete; no suspect identified
48dfad2722957453e0d8873012cc86e91d7bf68a93130892c206cc2c8c4e7669,2023-04,Bedfordshire Police,Bedfordshire Police,-0.417974,51.880756,On or near Manchester Street,E01033803,Luton 023A,Unable to prosecute suspect
1cff42d2cbf5570f00b75b38a8fc40e16bc30fda91d270a458f9b46443e9652d,2023-04,Bedfordshire Police,Bedfordshire Police,-0.469606,51.915490,On or near The Parade,E01015804,Luton 002C,Investigation complete; no suspect identified
2b0add9d236a0d30b386041ecac72f8749b6eeb1d7c3063761b3a75b08871f2a,2023-04,Bedfordshire Police,Bedfordshire Police,-0.471617,52.032163,On or near Becketts Close,E01017420,Central Bedfordshire 008D,Unable to prosecute suspect
05b2a0e0caedf873096705f587a3fb5bb4bd6176a5792a0339ec1641e6304ad1,2023-04,Bedfordshire Police,Bedfordshire Police,-0.628667,52.248047,On or near Hinwick Road,E01017503,Bedford 002C,Investigation complete; no suspect identified
a3836b637d7b4305d1bf087d595c2c0c608965898ae01f5271f6c98f8403b857,2023-04,Bedfordshire Police,Bedfordshire Police,-0.498594,52.121533,On or near Penwright Close,E01017510,Bedford 016B,Investigation complete; no suspect identified
b02dde706b06ee3b2c0bd58a9c81cb3114e96029ce93c47113b673daa761902a,2023-04,Bedfordshire Police,Bedfordshire Police,-0.421193,51.880943,On or near Cardigan Street,E01033803,Luton 023A,Unable to prosecute suspect
a066c601ead85391ab5f72513fcde3ffbee81bbab65619c62f70d3249a5b4a49,2023-04,Bedfordshire Police,Bedfordshire Police,-0.474844,52.128789,On or near Moulder Close,E01034421,Bedford 015H,Unable to prosecute suspect
21d15108c6f151e259e2103a2d4d49deddd593c83d1bb3dee8dbab9ff4c7bc0f,2023-04,Bedfordshire Police,Bedfordshire Police,-0.261996,52.023646,On or near Chase Close,E01017377,Central Bedfordshire 010B,Unable to prosecute suspect
6fffbf00f8d0b1663359e514a86860c467d3ba9df88d262db970f1c41df2aab3,2023-04,Bedfordshire Police,Bedfordshire Police,-0.450456,51.883418,On or near Kent Road,E01015728,Luton 019B,Local resolution
7f015db2f6cd0a41bd0e9f47db98ea20f03b0a3b0847ed01b23b7bbc7b4c079b,2023-04,Bedfordshire Police,Bedfordshire Police,-0.450456,51.883418,On or near Kent Road,E01015728,Luton 019B,Local resolution
eaa0e5784057aa3903b733bd0ed6768cfd126dac1b8a71890cdbf5af104eef57,2023-04,Bedfordshire Police,Bedfordshire Police,-0.519113,51.906718,On or near Camp Drive,E01017617,Central Bedfordshire 026E,Unable to prosecute suspect
8d7a1fcd39afec9e11891aff4f59c6f266a0df965f6159fbd44a824f668b2e8c,2023-04,Bedfordshire Police,Bedfordshire Police,-0.423126,52.026093,On or near Old Silsoe Road,E01033824,Central Bedfordshire 017F,Investigation complete; no suspect identified
6302a9d009b5ecc4efbdb49a9bcf99740e1447e53ea52f585d1853846576658d,2023-04,Bedfordshire Police,Bedfordshire Police,-0.399597,51.902375,On or near Tancred Road,E01015796,Luton 012F,Action to be taken by another organisation
5af3bef5e383cfe5bbfb215a1e6b4095c14c226420fb4ab8057b0f047a59fcd1,2023-04,Bedfordshire Police,Bedfordshire Police,-0.515287,51.911642,On or near Recreation Road,E01017618,Central Bedfordshire 025D,Unable to prosecute suspect
4095c12451f7f9cdac8e0c1b50cfca60950c81c2d46f4fea01451161e102a056,2023-04,Bedfordshire Police,Bedfordshire Police,-0.380717,52.009755,On or near Orchard Close,E01017441,Central Bedfordshire 011E,Unable to prosecute suspect
792b17e3133c1b3678e19d70d9ac3151f49fe8ae7e301282056931e75a0db36b,2023-04,Bedfordshire Police,Bedfordshire Police,-0.415876,51.878609,On or near Shopping Area,E01033806,Luton 021G,Unable to prosecute suspect
a0ea797ca8e5a4ed00c511befc7bc42eb08f1df746c02482acc2488331c88be1,2023-04,Bedfordshire Police,Bedfordshire Police,-0.422533,51.914877,On or near Binham Close,E01015747,Luton 004C,Unable to prosecute suspect
93853eee0403b6c309cfc74fa235dbce90b21dc6bf5ad9bb46cb01bd72938a81,2023-04,Bedfordshire Police,Bedfordshire Police,-0.524605,52.035329,On or near Sandhill Close,E01017373,Central Bedfordshire 012C,Unable to prosecute suspect
4dbb73c9ab3e8e847b8fd747b833e6cee22e7510e22776d55343c5e80a228314,2023-04,Bedfordshire Police,Bedfordshire Police,-0.514150,52.110113,On or near Bird Grove,E01034424,Bedford 018H,Unable to prosecute suspect
ffe3e97754b8aafbe1aafcc973acf6c9a7649a51ed5852f60e76f31caba49de3,2023-04,Bedfordshire Police,Bedfordshire Police,-0.460828,51.919628,On or near Copenhagen Close,E01015774,Luton 003E,Unable to prosecute suspect
ad5f3727cc2b9e05949d8d3dbb61f4da7ef3ab34be41860129eaca1b58dbe140,2023-04,Bedfordshire Police,Bedfordshire Police,-0.401584,51.885695,On or near Hart Lane,E01015720,Luton 016B,Unable to prosecute suspect
b07090f4ec90fbf8af655941b3284793998f383c31bd60a51cf687ec956115da,2023-04,Bedfordshire Police,Bedfordshire Police,-0.434742,51.886141,On or near Hampton Road,E01015725,Luton 017E,Action to be taken by another organisation
ce85f4674445ade1c772f2116197fc96a1de9c4eaa95837005feca965b210ce8,2023-04,Bedfordshire Police,Bedfordshire Police,-0.479102,52.127738,On or near Riverside Close,E01017512,Bedford 016D,Unable to prosecute suspect
72658c086f5306816e5eed2553f64b9df50d9cdbde9296f6fd5419cbb9ba1fe6,2023-04,Bedfordshire Police,Bedfordshire Police,-0.660097,51.945623,On or near Thrift Road,E01017577,Central Bedfordshire 019A,Investigation complete; no suspect identified
99cd8852a4f4b7199df646dcd02a01e738282384910f4047bb50b66a06bed577,2023-04,Bedfordshire Police,Bedfordshire Police,-0.464136,52.135133,On or near Parking Area,E01034419,Bedford 012H,Local resolution
a750f65ada3912bc0253d5be435425b30351c18cb8db3b49de16ee17a2a96aec,2023-04,Bedfordshire Police,Bedfordshire Police,-0.264289,52.085992,On or near Bonds Lane,E01017385,Central Bedfordshire 005C,Unable to prosecute suspect
de3f3171166c6918bf05f06d05291c2394c498c09fdabe61c07a4633e5f36ac9,2023-04,Bedfordshire Police,Bedfordshire Police,-0.461529,52.135756,On or near Albany Road,E01034419,Bedford 012H,Unable to prosecute suspect
a448a762a90100e021401e4bf39c85c8cd753444eeceb43a5df108400e2da8b0,2023-04,Bedfordshire Police,Bedfordshire Police,-0.524683,51.903161,On or near Petrol Station,E01017578,Central Bedfordshire 026A,Investigation complete; no suspect identified
ecb2cd5ab5108dc1ffa13e799a131e82ef5cc6cbdefa606e67996331ed80efae,2023-04,Bedfordshire Police,Bedfordshire Police,-0.593635,52.077622,On or near Hotch Croft,E01017394,Central Bedfordshire 007C,Unable to prosecute suspect
32515dbee71c48b101f45a5e7a7ce2d0ccf1370e57b9a51882d3497d8e13b115,2023-04,Bedfordshire Police,Bedfordshire Police,-0.430975,52.112470,On or near Horace Close,E01034427,Bedford 021A,Unable to prosecute suspect
9f273dcb0011267f479d3140dab57c48d5f197cf7a1119451900b6ea2339882f,2023-04,Bedfordshire Police,Bedfordshire Police,-0.500068,52.108964,On or near Abbott Crescent,E01017514,Bedford 018B,Investigation complete; no suspect identified
f9c3b8a9e191b8e24affab2fca34b852318e0cbe38ff3b3374bd326805f8ae78,2023-04,Bedfordshire Police,Bedfordshire Police,-0.428440,51.892261,On or near Argyll Avenue,E01015702,Luton 017C,Unable to prosecute suspect
c915246a1100440012b5c48dd522ed1f289350d32b01a2093e6c8bcc7ad96abb,2023-04,Bedfordshire Police,Bedfordshire Police,-0.428440,51.892261,On or near Argyll Avenue,E01015702,Luton 017C,Unable to prosecute suspect
2cdeeb6ab57018be15974e0aab636009e447c30885c41b4590809daa1a9eb8e8,2023-04,Bedfordshire Police,Bedfordshire Police,-0.624843,51.893282,On or near Stanbridge Road,E01033827,Central Bedfordshire 019G,Unable to prosecute suspect
013e30a1ab1c97a6c71aea8913f1bf876350f89e2c11b6abf427dabaf96dfab5,2023-04,Bedfordshire Police,Bedfordshire Police,-0.449903,51.899488,On or near Bodmin Road,E01015717,Luton 011E,Unable to prosecute suspect
abc89692f543e8b9c581ea467651867f988271924c1e22468988c739a071f2cb,2023-04,Bedfordshire Police,Bedfordshire Police,-0.644871,51.907217,On or near Turnham Drive,E01033192,Central Bedfordshire 024F,Unable to prosecute suspect
1747e973b20c4bd747bdd6bcf852e7a443be92588f03dbd0fcc3f8a35da84772,2023-04,Bedfordshire Police,Bedfordshire Police,-0.529017,51.879418,On or near Canesworde Road,E01017565,Central Bedfordshire 029A,Action to be taken by another organisation
8f5dce2c32ae5fc4a3922293bff38fca61a7cdc425f3dc3742721aac07193f6a,2023-04,Bedfordshire Police,Bedfordshire Police,-0.378957,51.895879,On or near Lancing Road,E01015812,Luton 008E,Investigation complete; no suspect identified
37039f0eeea48eb4c0e98b50b4835e1c0fbd8038c69d243e622aaf937527bca5,2023-04,Bedfordshire Police,Bedfordshire Police,-0.526491,51.890922,On or near George Street,E01017568,Central Bedfordshire 029C,Investigation complete; no suspect identified
5d8e1a7552f659b6026c7cd143baa59a87a292743d6f9cfd520a13d65048bbea,2023-04,Bedfordshire Police,Bedfordshire Police,-0.484921,52.119847,On or near Birchdale Avenue,E01017507,Bedford 017C,Unable to prosecute suspect
46b66730abfa87e0a94584789fa34619e30f8f34338e554f5f48bab6d857b4d1,2023-04,Bedfordshire Police,Bedfordshire Police,-0.529532,52.147260,On or near Randalls Close,E01017463,Bedford 008E,Unable to prosecute suspect
dee0665bddd0d553d96d0df4ef92b1150cff1b2b95d54c5117353d22102d0bf8,2023-04,Bedfordshire Police,Bedfordshire Police,-0.484921,52.119847,On or near Birchdale Avenue,E01017507,Bedford 017C,Unable to prosecute suspect
d8f8dc7a8e96d92f4a9aef449d3a418c032722e52b3ad1ac735bdf3f6dc5befb,2023-04,Bedfordshire Police,Bedfordshire Police,-0.520266,51.887086,On or near Shopping Area,E01017568,Central Bedfordshire 029C,Unable to prosecute suspect
e01abddc77e9dd5f3b3d8df5bdf41359322341c9b8070f2a75da36d2c9316313,2023-04,Bedfordshire Police,Bedfordshire Police,-0.499560,52.123640,On or near Emmerton Road,E01017509,Bedford 016A,Unable to prosecute suspect
113f2a72dd4303fc6be492829996ad04756a1bad821fd0f9b64eb829b8043bf7,2023-04,Bedfordshire Police,Bedfordshire Police,-0.462185,51.891403,On or near Weatherby Road,E01015712,Luton 011B,Unable to prosecute suspect
532a73f4a8b6432e1f21418158630c80eeaa244b247a4316c75301485e919ba3,2023-04,Bedfordshire Police,Bedfordshire Police,-0.444017,51.903267,On or near Garden Court,E01015767,Luton 006D,Investigation complete; no suspect identified
649886f5e2c29e940ceb61f8df2b7cbe28f18879cc9a901c38443b2d6ea34ddc,2023-04,Bedfordshire Police,Bedfordshire Police,-0.506283,51.996282,On or near Balmoral Close,E01017404,Central Bedfordshire 016B,Investigation complete; no suspect identified
fa41073141cb50eecdcc13890e43a8d3d868a62e7c5b18a198019f464c76d9d5,2023-04,Bedfordshire Police,Bedfordshire Police,-0.414871,51.877270,On or near Flowers Way,E01033806,Luton 021G,Unable to prosecute suspect
5098a0edad79069dab96f27414a2b650a52829d0fcdb05ddb3184a225be57c52,2023-04,Bedfordshire Police,Bedfordshire Police,-0.455622,51.888793,On or near Shopping Area,E01015731,Luton 015C,Unable to prosecute suspect
1e8f05ee5adc6f6d17966e752e38120ae6de3da8ae5bb1facc50af199e1975d8,2023-04,Bedfordshire Police,Bedfordshire Police,-0.432113,51.892382,On or near Norman Road,E01015701,Luton 010B,Unable to prosecute suspect
20652369f3927e75fb25ee7ffb8b20502e93c567db935a3a2c81edc23dc11ac3,2023-04,Bedfordshire Police,Bedfordshire Police,-0.391678,51.904722,On or near Greenways,E01015798,Luton 008B,Unable to prosecute suspect
85e0cd59b276bcd226fb1ee68318fea7962327878200656aae18b51797012b9b,2023-04,Bedfordshire Police,Bedfordshire Police,-0.474433,51.894144,On or near Hospital,E01015713,Luton 013A,Unable to prosecute suspect
2a9c5bcd1ec0f81391f2292a13ef2accf8a7ef9c5fc1d40707ea4a8b40b6f322,2023-04,Bedfordshire Police,Bedfordshire Police,-0.493533,52.131286,On or near Ormesby Way,E01017537,Bedford 013C,Investigation complete; no suspect identified
ef4b0b3a5aced97cea047abbdabecf396ae05b6e982821b57569244b997704d0,2023-04,Bedfordshire Police,Bedfordshire Police,-0.462347,51.905819,On or near The Avenue,E01015755,Luton 005F,Unable to prosecute suspect
4adb78c0d6bea5b8f6b2e9fc760b82df9402b7d460fa462f2c13c4223fe1a500,2023-04,Bedfordshire Police,Bedfordshire Police,-0.416082,51.880388,On or near Shopping Area,E01033805,Luton 023C,Investigation complete; no suspect identified
2c7fea97a528abde71fe676e507f97626546830668c5554e70768727adcc5d7b,2023-04,Bedfordshire Police,Bedfordshire Police,-0.527778,52.145493,On or near Bucks Close,E01017462,Bedford 008D,Investigation complete; no suspect identified
c47a00033339b4adc26522020c3a538fbe8ff8e7dbd120dba0a953e74f97b609,2023-04,Bedfordshire Police,Bedfordshire Police,-0.460644,51.899916,On or near Hutton Close,E01015750,Luton 011F,Investigation complete; no suspect identified
62004557d259732085af7f443d53c2a8a2cc7286efccf6de2e6fa84fe7e74114,2023-04,Bedfordshire Police,Bedfordshire Police,-0.250712,52.085701,On or near Eagle Farm Road,E01033813,Central Bedfordshire 006J,Further investigation is not in the public interest
84978c44f49b3beb2e61555dddc6115d21e13021f2a86e3ac470fe0d703ff078,2023-04,Bedfordshire Police,Bedfordshire Police,-0.426744,52.148019,On or near Elliot Crescent,E01017490,Bedford 007C,Unable to prosecute suspect
95c450b062c0261581d566e67d46c9b802e899e7927a748251c6462ffed97c67,2023-04,Bedfordshire Police,Bedfordshire Police,-0.436495,51.889222,On or near Mansfield Road,E01015703,Luton 015A,Investigation complete; no suspect identified
2460c6cc6434a7835af5d6b9fb4e2bfdd1a9eb8802cc77582421ee3228b793e4,2023-04,Bedfordshire Police,Bedfordshire Police,-0.468048,51.913860,On or near Selina Close,E01015801,Luton 002A,Unable to prosecute suspect
bdeaf0f6583a4a8c7591c44323eaff71705daf6bcd9e50324db8455c4f04dbbc,2023-04,Bedfordshire Police,Bedfordshire Police,-0.416403,52.156486,On or near Lamb Close,E01034412,Bedford 004H,Unable to prosecute suspect
7e3c756a94a242dc5014c5f48c8f5f06fbd214de6811ded7d9f19225ed5102e3,2023-04,Bedfordshire Police,Bedfordshire Police,-0.426331,52.141091,On or near Heather Gardens,E01017527,Bedford 011D,Investigation complete; no suspect identified
769701fa01d80433728560649a987691e4a3a3432996083d42fe13e7480a0f71,2023-04,Bedfordshire Police,Bedfordshire Police,-0.258910,52.084321,On or near Tennyson Avenue,E01017383,Central Bedfordshire 005A,Unable to prosecute suspect
863430f24aa6804288d452a44c28b087d167b70a86d3b4543a9d8653f1f4cbbf,2023-04,Bedfordshire Police,Bedfordshire Police,-0.436956,51.852883,On or near Markyate Road,E01017561,Central Bedfordshire 033A,Unable to prosecute suspect
e1e7792f57925daa580ad3669123b55292cfaf302f4fbcbb02bf148b1b9596ed,2023-04,Bedfordshire Police,Bedfordshire Police,-0.274333,52.057924,On or near Old Mill Close,E01017414,Central Bedfordshire 010E,Unable to prosecute suspect
04566999373c616eb7d9600907774d627fc98a1b03bb9350c4d8d803cda22a8a,2023-04,Bedfordshire Police,Bedfordshire Police,-0.274333,52.057924,On or near Old Mill Close,E01017414,Central Bedfordshire 010E,Unable to prosecute suspect
cbe277bbb3dd0397d03e3adaa914a173093f7ca1632831e7c9d2afcf6ac3e54b,2023-04,Bedfordshire Police,Bedfordshire Police,-0.469961,52.126748,On or near Millbrook Road,E01017474,Bedford 015C,Unable to prosecute suspect
a42ffed66594561f1c5db64027ddfc7c871e282989ffe96b465cb8a2be511973,2023-04,Bedfordshire Police,Bedfordshire Police,-0.490701,52.028677,On or near Chiltern Close,E01017372,Central Bedfordshire 012B,Unable to prosecute suspect
661a15a7418c5c45675513a97f50425a2c2c6c477f1606e486d3395e9d95e75f,2023-04,Bedfordshire Police,Bedfordshire Police,-0.490701,52.028677,On or near Chiltern Close,E01017372,Central Bedfordshire 012B,Unable to prosecute suspect
953bdf9b5127a06ba14db4f913f2e2c17fb1c9e65e10745f153e9835d412e0f5,2023-04,Bedfordshire Police,Bedfordshire Police,-0.472014,52.143175,On or near Roff Avenue,E01017497,Bedford 010A,Investigation complete; no suspect identified
3c5585216ecbddb5ad74f7fe638f4e718838a62eac1421b6c7ad60a70c4bbb91,2023-04,Bedfordshire Police,Bedfordshire Police,-0.529017,51.879418,On or near Canesworde Road,E01017565,Central Bedfordshire 029A,Action to be taken by another organisation
a2efcae17a5b4dc6ae19e038e07ec80329ed9eb111624cea719b2c91818228c1,2023-04,Bedfordshire Police,Bedfordshire Police,-0.524538,51.842262,On or near Dunstable Road,E01017587,Central Bedfordshire 032D,Unable to prosecute suspect
87748ef3f6affd1ce20e81dcddf505b9ccc71f766cabfed72d19602c96613339,2023-04,Bedfordshire Police,Bedfordshire Police,-0.433748,52.147528,On or near Downside,E01017489,Bedford 007B,Unable to prosecute suspect
93eb00ab62a0f4709b29eaf554cb79ff6978a38575de9bdbc531a43c2e0a3224,2023-04,Bedfordshire Police,Bedfordshire Police,-0.469961,52.126748,On or near Millbrook Road,E01017474,Bedford 015C,Unable to prosecute suspect
ae249b5e880059da574ece6c00e56bd25a17ab53f3d2b6077031f2d6ad3e37bd,2023-04,Bedfordshire Police,Bedfordshire Police,-0.376845,51.883100,On or near Prince Way,E01015811,Luton 014G,Unable to prosecute suspect
965be4340355712bb69595116a081599036594f8ea0857d2b13665bc2267a2cc,2023-04,Bedfordshire Police,Bedfordshire Police,-0.492232,52.120912,On or near Halsey Road,E01017512,Bedford 016D,Investigation complete; no suspect identified
7715d54c1b94b2b36a91798756bf0e12cfe7ad2c3301fbd70d337a09c9891953,2023-04,Bedfordshire Police,Bedfordshire Police,-0.453612,51.918050,On or near Purway Close,E01015771,Luton 003B,Unable to prosecute suspect
7d3209064e73ea4c6294dde5a4136a5bdadfe6818fa54b2bdf1e65f9513519e1,2023-04,Bedfordshire Police,Bedfordshire Police,-0.471329,52.121794,On or near Southville Road,E01017475,Bedford 015D,Unable to prosecute suspect
88e9aad9b0b44947f5c06e1b282cd7ba9a4171073b0f7cdf250e6f4c78149015,2023-04,Bedfordshire Police,Bedfordshire Police,-0.461239,52.122517,On or near Newton Road,E01017472,Bedford 015A,Investigation complete; no suspect identified
3e549790ba5028ecdb64c27aac13446207024e732e8468c17e2f145b3b2b92af,2023-04,Bedfordshire Police,Bedfordshire Police,-0.430378,51.885454,On or near Beech Road,E01015725,Luton 017E,Unable to prosecute suspect
171bf590309a15068eacd3eb9f3bb1c5de1630b59fbb8a7fc3ba2c797c85e4fa,2023-04,Bedfordshire Police,Bedfordshire Police,-0.260201,52.094635,On or near Northfields,E01017387,Central Bedfordshire 005E,Unable to prosecute suspect
0d557689f0d2b15d4c4269930f8162b47b1beafbb6f3d48e007f358a84961e4f,2023-04,Bedfordshire Police,Bedfordshire Police,-0.501256,51.927397,On or near Luton Road,E01017620,Central Bedfordshire 019C,Unable to prosecute suspect
3b40aceea496c2196e890098d9f86833a3620a4507d5632478c30cc62f14a079,2023-04,Bedfordshire Police,Bedfordshire Police,-0.507266,52.106816,On or near Hilton Close,E01034424,Bedford 018H,Unable to prosecute suspect
66eded6f8da4445f187df45d06305da67cbab8c70e5f1e7f9eb98ea975920d77,2023-04,Bedfordshire Police,Bedfordshire Police,-0.457187,52.123129,On or near Brook Street,E01017518,Bedford 014A,Unable to prosecute suspect
fc3ebf8e462195c3af541fd024eb8135c7cbb64f87e16e30c0fb01b3c636b65e,2023-04,Bedfordshire Police,Bedfordshire Police,-0.450566,51.894164,On or near Larkspur Gardens,E01015787,Luton 015D,Unable to prosecute suspect
c2875c6bd5f33566cd9f6ccab48e9e6863d70c4451e35a46bad5c672ef4aa51d,2023-04,Bedfordshire Police,Bedfordshire Police,-0.301275,52.032518,On or near Haycock Gardens,E01017391,Central Bedfordshire 013A,Unable to prosecute suspect
18af89bed2cbb8e22e4e34998df4608df7a188ed8f7fffe5f4c47c9acbb0d52c,2023-04,Bedfordshire Police,Bedfordshire Police,-0.436594,51.870862,On or near Rotheram Avenue,E01015736,Luton 020E,Action to be taken by another organisation
ed80553ac1fc471d7b103cc1bfbfa29501d4cf4d9e07a66dad90458f90bcd8e7,2023-04,Bedfordshire Police,Bedfordshire Police,-0.460894,52.093542,On or near Bluebird Gardens,E01034433,Bedford 022C,Unable to prosecute suspect
7870e932398164b324517a5cafc3120580d6454378062a1c606539d4a90c0d72,2023-04,Bedfordshire Police,Bedfordshire Police,-0.422186,51.921032,On or near Parking Area,E01017616,Central Bedfordshire 018D,Unable to prosecute suspect
b55751de599250faeb023648d38fb108ce1e2a3f6f47d85af43df3b12054e95e,2023-04,Bedfordshire Police,Bedfordshire Police,-0.460435,51.917951,On or near Bramhanger Acre,E01015802,Luton 003F,Investigation complete; no suspect identified
2d033bf6c96c6cafbe3343d5fe6c815773bc91d8258ae6130f068c309ff5366a,2023-04,Bedfordshire Police,Bedfordshire Police,-0.431963,51.910049,On or near Muswell Close,E01015744,Luton 004A,Investigation complete; no suspect identified
b81958aa9fb3ccca7bb30daf17dffc627c82c246d9ac2282d1cda77c6ff7268f,2023-04,Bedfordshire Police,Bedfordshire Police,-0.399501,51.892402,On or near Moreton Road South,E01015777,Luton 012D,Unable to prosecute suspect
ddd4c9af4d7d793d15af6f340ef6ae5e170558ac66c354a4cb1e0fb31f3e99c7,2023-04,Bedfordshire Police,Bedfordshire Police,-0.418312,51.878998,On or near Peel Street,E01033803,Luton 023A,Unable to prosecute suspect
345525fc751d0441b867c1fddfbde68fb244889343d4018fbe0b01ae8f65f8b4,2023-04,Bedfordshire Police,Bedfordshire Police,-0.485944,51.903985,On or near Linnet Close,E01015756,Luton 009A,Unable to prosecute suspect
e48d90deeff7af123b98f993e4ca469cb0dbfd0c332cfa3d7efd7c9e7ae51b61,2023-04,Bedfordshire Police,Bedfordshire Police,-0.233917,52.015657,On or near St Olives,E01017446,Central Bedfordshire 014A,Investigation complete; no suspect identified
42060bbb4f6c4630229b56fce6bd4f14dbd9928e62105650741df5edf1aa6bb9,2023-04,Bedfordshire Police,Bedfordshire Police,-0.396498,51.874297,On or near Kimpton Road,E01015719,Luton 016A,Unable to prosecute suspect
e81f06cb6309c1bcb616c4e7636daf9e9c223042cbd9a787762d51d70578d700,2023-04,Bedfordshire Police,Bedfordshire Police,-0.419150,51.875394,On or near Elizabeth Street,E01033806,Luton 021G,Investigation complete; no suspect identified
d0906ccde75e023c0fa3f5b2f84495168d723035a359974325c32056bf9690c0,2023-04,Bedfordshire Police,Bedfordshire Police,-0.510470,52.192471,On or near Bedford Road,E01017478,Bedford 003A,Investigation complete; no suspect identified
b66ad46632803f7e41f91ee90b38c83a5d507cf7b2d597c9bb640109acd1027e,2023-04,Bedfordshire Police,Bedfordshire Police,-0.429730,52.004835,On or near Osier Walk,E01033824,Central Bedfordshire 017F,Unable to prosecute suspect
250d90d29d16ddaf1471b2acf8f55de423573e6ec08cc2ed8e49fd07fcd1e2fd,2023-04,Bedfordshire Police,Bedfordshire Police,-0.433748,52.147528,On or near Downside,E01017489,Bedford 007B,Unable to prosecute suspect
c17336662e76bc1c0f8ab2c6f814ee859e2a46bdd7bd9edd073a3da15cdbe5bb,2023-04,Bedfordshire Police,Bedfordshire Police,-0.462009,52.081913,On or near Peregrine Way,E01034434,Bedford 022D,Unable to prosecute suspect
ba775295abeb1d6a91839a48ed906895a4b930aa8e7a8af6db346ad6c6663229,2023-04,Bedfordshire Police,Bedfordshire Police,-0.239217,52.019504,On or near Arlesry Road,E01033188,Central Bedfordshire 014E,Investigation complete; no suspect identified
681a4ca60fd15b133e9c2475a2415de5d55fabcc370958805f0c33ca93637a43,2023-04,Bedfordshire Police,Bedfordshire Police,-0.426652,52.152721,On or near Carrick Road,E01017492,Bedford 007E,Unable to prosecute suspect
4030230a8d5b507cd5e5f0167ba435dd24bfdad22d5b2df6e9525d84b7a6ddce,2023-04,Bedfordshire Police,Bedfordshire Police,-0.470994,52.125611,On or near St Leonards Court,E01017474,Bedford 015C,Investigation complete; no suspect identified
72e2ecd92a735ab36f0974e88f669054327f58bb316e8c662f226a5799b8cc17,2023-04,Bedfordshire Police,Bedfordshire Police,-0.283862,52.127441,On or near Cherrycroft,E01017435,Central Bedfordshire 002D,Unable to prosecute suspect
8744f008d1cb586fc457c6dc12eb6df94f577f6ab4036532f8515a37da9fc32b,2023-04,Bedfordshire Police,Bedfordshire Police,-0.447460,52.154588,On or near Aspen Avenue,E01017532,Bedford 006D,Unable to prosecute suspect
851e37af83e4f0f8ecb1a9613806f0cdcdce3631d18e7565fc02708a5cfac403,2023-04,Bedfordshire Police,Bedfordshire Police,-0.530358,52.094617,On or near School Lane,E01017554,Bedford 020D,Unable to prosecute suspect
9f54c1ac93d62e1d2d5f7a63319d88e965c6d12bb58f7f8905b1355886501792,2023-04,Bedfordshire Police,Bedfordshire Police,-0.413713,52.093141,On or near Bunkers Drive,E01034429,Bedford 021D,Investigation complete; no suspect identified
09c82e6a092a28fb415a6f2655b0483054767658b96b2ee91b9ece52f1c5a723,2023-04,Bedfordshire Police,Bedfordshire Police,-0.537794,52.083300,On or near Cranfield Road,E01034425,Bedford 020E,Investigation complete; no suspect identified
876b93e0757fd74feaf9b520a146d97abc126ec137270764860b915d44bcdd95,2023-04,Bedfordshire Police,Bedfordshire Police,-0.380755,51.884673,On or near Chertsey Close,E01015721,Luton 014A,Investigation complete; no suspect identified
afcb17488272ae27b1466062275958d7132e688f5143e89f5ac8a3fd97e8ac3b,2023-04,Bedfordshire Police,Bedfordshire Police,-0.427256,51.916101,On or near Petrol Station,E01015748,Luton 004D,Unable to prosecute suspect
5eeb789149e5b6741b0812598ba7c6150abe25a4fc40e669b6c568303e2b1b8b,2023-04,Bedfordshire Police,Bedfordshire Police,-0.488648,51.966313,On or near Daubeney Close,E01017409,Central Bedfordshire 017C,Action to be taken by another organisation
c16c7583b9d2385c6c80e48665c7c6776a9978828cd719c1964d0c217a7dde42,2023-04,Bedfordshire Police,Bedfordshire Police,-0.416615,51.884289,On or near Plait Court,E01033801,Luton 022C,Unable to prosecute suspect
0f1295508ce5014d4764c27413697bb1f8683af27872ca12764fe12b90a3d1ba,2023-04,Bedfordshire Police,Bedfordshire Police,-0.507047,52.168430,On or near Fox Close,E01017480,Bedford 003C,Unable to prosecute suspect
83bd61018d857d9f3e81f980bfa8cf4ef20525bd802d938f4c584587bf3ef1bb,2023-04,Bedfordshire Police,Bedfordshire Police,-0.415876,51.878609,On or near Shopping Area,E01033806,Luton 021G,Unable to prosecute suspect
0dcc2ec02dd402290d1ac5e1e6ab9acead02dd4a72cbc79cc53b390de11d61c7,2023-04,Bedfordshire Police,Bedfordshire Police,-0.461975,51.889890,On or near Challney Gardens,E01015715,Luton 011C,Unable to prosecute suspect
d1bbc89fc7b4ff117bccbc002842dded6b181a4d8b1e03c55219a37aabd821a7,2023-04,Bedfordshire Police,Bedfordshire Police,-0.517395,51.897075,On or near Foster Avenue,E01017581,Central Bedfordshire 026D,Investigation complete; no suspect identified
cc90a0efc2eff8fefe73862b93c2428ebd23bccf5bd063acce39f8c040221c50,2023-04,Bedfordshire Police,Bedfordshire Police,-0.434585,51.922447,On or near Dexter Close,E01015707,Luton 001B,Unable to prosecute suspect
d5a4da621be8e58cd5d9d84ceef767f55fa6bce1c3e21fea518a7969751a326c,2023-04,Bedfordshire Police,Bedfordshire Police,-0.540328,52.081227,On or near Hoo Lane,E01033820,Central Bedfordshire 009G,Investigation complete; no suspect identified
281969e5ca71821579ffc12482948834583de6c69a55ba85b6b3b6063c88793c,2023-04,Bedfordshire Police,Bedfordshire Police,-0.473864,51.905268,On or near Thorntondale,E01015749,Luton 005A,Action to be taken by another organisation
b3429c0190a73e45fa19b3a4b6eb4cc1e6f58c62a4e82c259db89548cacbbfff,2023-04,Bedfordshire Police,Bedfordshire Police,-0.288161,52.074724,On or near High Road,E01017412,Central Bedfordshire 004A,Unable to prosecute suspect
0a46edc829b54458fcd17a295547df14d400b5f7c54630a7d54f5b84c6118134,2023-04,Bedfordshire Police,Bedfordshire Police,-0.520672,52.168521,On or near Flax Close,E01017528,Bedford 003E,Unable to prosecute suspect
776b1bd3eeae32dc49afa36acd4d222c1417ec1092d2a16eba5ecde1996a10c5,2023-04,Bedfordshire Police,Bedfordshire Police,-0.524605,52.035329,On or near Sandhill Close,E01017373,Central Bedfordshire 012C,Investigation complete; no suspect identified
69cb388e2b2b80682a2848687dfea0be71d3ab251b0d0326668fbde97afd427f,2023-04,Bedfordshire Police,Bedfordshire Police,-0.524605,52.035329,On or near Sandhill Close,E01017373,Central Bedfordshire 012C,Investigation complete; no suspect identified
72b7cd4553ced038c34c90624dadef89249851672ab50a53a57aa167161e7e90,2023-04,Bedfordshire Police,Bedfordshire Police,-0.638778,51.917396,On or near Sports/Recreation Area,E01033831,Central Bedfordshire 024K,Unable to prosecute suspect
08282fdf10c186f9a3fc416306fc0b756ad6ada5124b3deda56300e6df467de5,2023-04,Bedfordshire Police,Bedfordshire Police,-0.412002,51.885297,On or near Stable Mews,E01033802,Luton 022D,Unable to prosecute suspect
1242002abd7d75393636ca8eac1ee63acce5b23a149504cf5b4da507372210ad,2023-04,Bedfordshire Police,Bedfordshire Police,-0.465245,52.131362,On or near St John's Street,E01034420,Bedford 015G,Investigation complete; no suspect identified
16bac4778a038814e1a8e6a29ba0ec9572716190003bdbf423d31da8d38b3c15,2023-04,Bedfordshire Police,Bedfordshire Police,-0.479670,52.207156,On or near Old Milton Road,E01017478,Bedford 003A,Unable to prosecute suspect
a14425336fb50e402477218206b9c4a8a9b585431cdd803b62a0e2bd48867fd0,2023-04,Bedfordshire Police,Bedfordshire Police,-0.465821,52.124101,On or near Petrol Station,E01017472,Bedford 015A,Unable to prosecute suspect
49e7cd52c49c101433fba21e826a0ddfcb6317b41667be4ed4d1144c0ace11dd,2023-04,Bedfordshire Police,Bedfordshire Police,-0.644288,51.908235,On or near Kingfisher Drive,E01033192,Central Bedfordshire 024F,Suspect charged
f5e0863fe8a71ada8706fd5747c9957f29085204d5776c89fc352b20c38fe4b7,2023-04,Bedfordshire Police,Bedfordshire Police,-0.518277,51.877763,On or near Brampton Rise,E01017625,Central Bedfordshire 031C,Unable to prosecute suspect
620f0bacf0d5e61930991450496d38a004f3e8974b299b91ff97d3e6400849f1,2023-04,Bedfordshire Police,Bedfordshire Police,-0.482917,52.080323,On or near Beehive Lane,E01033818,Central Bedfordshire 008G,Unable to prosecute suspect
97ee51cad683316f82e51108774f3d218e0eef19fc7fd6457bcb36f7f9200066,2023-04,Bedfordshire Police,Bedfordshire Police,-0.417798,51.877085,On or near Regent Street,E01015795,Luton 021F,Unable to prosecute suspect
ac35dc90ac3db896d5ae8944439c59e0714564e9a81d831d79a1f60a8589c291,2023-04,Bedfordshire Police,Bedfordshire Police,-0.458422,51.906226,On or near Petrol Station,E01015765,Luton 006B,Unable to prosecute suspect
a1c68d258e7640ed1349fc0b8b0d5d9d6c7fc6fa71e3d1d0d6e745fb805a9246,2023-04,Bedfordshire Police,Bedfordshire Police,-0.668714,52.048122,On or near Parking Area,E01034451,Milton Keynes 024E,Unable to prosecute suspect
bf5bbc67088b7da9dddaede5388064ae0cd158630268464d69929e3255fc40d5,2023-04,Bedfordshire Police,Bedfordshire Police,-0.403808,51.899213,On or near Mixes Hill Road,E01015796,Luton 012F,Unable to prosecute suspect
4f370d4457af9ae2d35807bc132a44d169ba3df51fb7b9f949c767c06b0d0486,2023-04,Bedfordshire Police,Bedfordshire Police,-0.414054,51.880262,On or near Cheapside,E01033805,Luton 023C,Suspect charged
192930cbf9ebc57bc443d11d1ad28f6b736f552953a4185cf78588f2c9d1b22b,2023-04,Bedfordshire Police,Bedfordshire Police,-0.466657,52.136614,On or near High Street,E01034419,Bedford 012H,Investigation complete; no suspect identified
ab0d40fc1f648bc1418afd1c0263217b98a43a4aac1aac55c7c5e0e61853872b,2023-04,Bedfordshire Police,Bedfordshire Police,-0.404584,51.882247,On or near Hart Hill Lane,E01015743,Luton 022E,Suspect charged
b7b369dc3c2362ae8b3e5080a07085ad9c255a53e8ecfa91f143f6737224f9f4,2023-04,Bedfordshire Police,Bedfordshire Police,-0.404584,51.882247,On or near Hart Hill Lane,E01015743,Luton 022E,Suspect charged
67aced0d8815e61091c1854113223be18798697bff01aca8cacc4023666bdfee,2023-04,Bedfordshire Police,Bedfordshire Police,-0.449903,51.899488,On or near Bodmin Road,E01015717,Luton 011E,Unable to prosecute suspect
f3c8d66c8a5a8a4552825933e5f8e080b40eda40167e333ec0cb53eb660835d4,2023-04,Bedfordshire Police,Bedfordshire Police,-0.352289,52.156803,On or near Pyms Close,E01017495,Bedford 004B,Suspect charged
e5f5a9235a7cafc75fd5b808658314263d106a381e3801011cc6978cf3fa165b,2023-04,Bedfordshire Police,Bedfordshire Police,-0.474433,51.894144,On or near Hospital,E01015713,Luton 013A,Suspect charged
b40059709bb7222b46eb7dc3908375f4d159b8db47f534230396f159944b934b,2023-04,Bedfordshire Police,Bedfordshire Police,-0.396498,51.874297,On or near Kimpton Road,E01015719,Luton 016A,Unable to prosecute suspect
ceb8c916e0847b7f13e2e2013c94cdc2b297f28d0dd9a18291e935837ce4f72e,2023-04,Bedfordshire Police,Bedfordshire Police,-0.471106,52.135556,On or near River Street,E01017466,Bedford 012A,Investigation complete; no suspect identified
20286bf4f6570d15a93c2e69dbe0bff473733bad52d9821c95f455ad3d6a131a,2023-04,Bedfordshire Police,Bedfordshire Police,-0.335593,52.037998,On or near High Street,E01017437,Central Bedfordshire 011A,Unable to prosecute suspect
d8884d78a74e7052644d8d92061341f8849de90aad731d329b18c67795034518,2023-04,Bedfordshire Police,Bedfordshire Police,-0.461629,52.165905,On or near The Wear,E01017453,Bedford 005A,Unable to prosecute suspect
607a013a291282954a980b1022a59626ed68bfd03d4f3789f2bf218c360107f4,2023-04,Bedfordshire Police,Bedfordshire Police,-0.409961,51.908153,On or near Prestwick Close,E01015697,Luton 007E,Unable to prosecute suspect
d92fbda7f0fa53b7c9a19a7f8893df89d95a10d2c36dc29ed4b4a7934c8936b8,2023-04,Bedfordshire Police,Bedfordshire Police,-0.524683,51.903161,On or near Petrol Station,E01017578,Central Bedfordshire 026A,Investigation complete; no suspect identified
6c9b9ed3446b81d5948b7f5c23d5ff3199ddd5bec1913262c8fd4a3bd1388c85,2023-04,Bedfordshire Police,Bedfordshire Police,-0.264289,52.085992,On or near Bonds Lane,E01017385,Central Bedfordshire 005C,Investigation complete; no suspect identified
8cd749eb282c2c663b9aa027c724cfdf955e0467daf4adaa95a8294530bd9395,2023-04,Bedfordshire Police,Bedfordshire Police,-0.492122,52.131970,On or near Old Ford End Road,E01017537,Bedford 013C,Unable to prosecute suspect
0943538afde65a793d032dbd4f4f31b7266ecac104dab3ac89a28886812333b6,2023-04,Bedfordshire Police,Bedfordshire Police,-0.419936,51.877410,On or near Wellington Street,E01015795,Luton 021F,Suspect charged
0d8ce2ff6f816cb99b9fb73e062e864947fba94d6ddb21d0218c640f18d5bd67,2023-04,Bedfordshire Police,Bedfordshire Police,-0.259781,52.089693,On or near Shuttleworth Court,E01017384,Central Bedfordshire 005B,Investigation complete; no suspect identified
d5fb3319e531d19d1ce4e781dfe19fdb3eec683d6f8815719780a09856804169,2023-04,Bedfordshire Police,Bedfordshire Police,-0.459238,52.139466,On or near Sports/Recreation Area,E01034418,Bedford 012G,Investigation complete; no suspect identified
ae0fc2d1a2fce84accad3a6df179d5fc0590f9c0e52616319f078686678c87ee,2023-04,Bedfordshire Police,Bedfordshire Police,-0.266216,52.086353,On or near Parking Area,E01017385,Central Bedfordshire 005C,Investigation complete; no suspect identified
36140db6a17797e6489229d208bcddde90cde04b6b161023f3ebacec946f42c3,2023-04,Bedfordshire Police,Bedfordshire Police,,,No location,,,Investigation complete; no suspect identified
15187cd318c18795b37f43294d4c726cc11e852e9ffd6476775e24b0ade56f5b,2023-04,Bedfordshire Police,Bedfordshire Police,-0.500367,51.947518,On or near Toddington Service Area,E01017620,Central Bedfordshire 019C,Investigation complete; no suspect identified
b5f4baeddcc83b91ab7f26d9bba2dc59bb0960d3d42fb60ada7aa84f25b2367e,2023-04,Bedfordshire Police,Bedfordshire Police,,,No location,,,Investigation complete; no suspect identified
8641bc3902ef047c0219f9921c95b7d02cb52bd668658b2b8567338dfe9ea931,2023-04,Bedfordshire Police,Bedfordshire Police,-0.522705,52.176899,On or near The Furlong,E01017528,Bedford 003E,Unable to prosecute suspect
84147609dbe8cebff5c7f1bc82cebcfddc11fcaec405ecd2860bc8f08f954233,2023-04,Bedfordshire Police,Bedfordshire Police,-0.489916,51.898236,On or near Guernsey Close,E01015760,Luton 009E,Investigation complete; no suspect identified
b5c83b4070a85d5dc431949ad5014c3573c18b86b5aee6061ad59ff0b3196fea,2023-04,Bedfordshire Police,Bedfordshire Police,-0.406260,51.881263,On or near Crescent Road,E01015743,Luton 022E,Investigation complete; no suspect identified
90320c486502d8d58c648c3a78e46949bae9a5621a9bb9a017fd2498ca331a50,2023-04,Bedfordshire Police,Bedfordshire Police,-0.661006,51.925852,On or near Badgers Brook,E01017607,Central Bedfordshire 020E,Investigation complete; no suspect identified
22cc38ed554bfc7b9383989e43da77f8a4914bab6e9060d684c0fdcdb76c8099,2023-04,Bedfordshire Police,Bedfordshire Police,,,No location,,,Investigation complete; no suspect identified
01f5ca96a09fabe9017e375544f8c56892e3e13ebb5cd87c1c434514ffc65b91,2023-04,Bedfordshire Police,Bedfordshire Police,-0.497485,52.002392,On or near Coniston Road,E01017405,Central Bedfordshire 016C,Investigation complete; no suspect identified
028da64a5cc83fdbe0b5a5927bb809a41e94abd999c65039dacd88755b51968b,2023-04,Bedfordshire Police,Bedfordshire Police,-0.484986,51.890539,On or near Petrol Station,E01017583,Central Bedfordshire 027B,Investigation complete; no suspect identified
9791031af0b491799b7a6f9fc51c0f49e5f3471151dbc72d7ee901bfc8bdbd42,2023-04,Bedfordshire Police,Bedfordshire Police,-0.388202,51.895853,On or near Long Close,E01015807,Luton 016G,Unable to prosecute suspect
a51369a345f921d81b5f8eb6cfdf7ad894b2f680ccd606ef7b3d241993a7250e,2023-04,Bedfordshire Police,Bedfordshire Police,-0.397329,51.887679,On or near Exton Avenue,E01015781,Luton 016F,Investigation complete; no suspect identified
8929064f042994ac8f90e97daf1fa3e8328a34a2c26265c071a54ef184dad43e,2023-04,Bedfordshire Police,Bedfordshire Police,-0.435443,51.920777,On or near Supermarket,E01015706,Luton 001A,Unable to prosecute suspect
6f1a34d9915877ddac19fb1dac22c7c9c4af38c2cd8d050d5513fb7d96f910e9,2023-04,Bedfordshire Police,Bedfordshire Police,-0.460085,52.122520,On or near Essex Gardens,E01017472,Bedford 015A,Unable to prosecute suspect
7e09fa033f0367104119c0bf7021c21af27b9ce6c919f69e26fd2952db3ddb79,2023-04,Bedfordshire Police,Bedfordshire Police,-0.489418,52.125497,On or near Prentice Gardens,E01017512,Bedford 016D,Unable to prosecute suspect
597d98f11e3b812b18c67644e3f1ac994b6e75f10e73192a0830f66ea1c434c6,2023-04,Bedfordshire Police,Bedfordshire Police,-0.226832,52.013584,On or near Supermarket,E01017447,Central Bedfordshire 014B,Suspect charged
e7eea63484f2bb7acf55c81053d0d3ca365ac1197fe90a76e0af31ccaae30bcb,2023-04,Bedfordshire Police,Bedfordshire Police,-0.642114,51.835667,On or near Newells Hedge,E01017701,Buckinghamshire 008E,Unable to prosecute suspect
55205e3ef3a09a1e74b15b40164a9547ea596639b651629e917304998d85f1e0,2023-04,Bedfordshire Police,Bedfordshire Police,-0.226832,52.013584,On or near Supermarket,E01017447,Central Bedfordshire 014B,Suspect charged
11cb01f99afb4de322128cb7d9da887ce69d14eeaf90e88e12399689052e9123,2023-04,Bedfordshire Police,Bedfordshire Police,-0.475501,52.135631,On or near Rutland Road,E01017466,Bedford 012A,Unable to prosecute suspect
bd8cd027b9018ca14e5248cfb73819c470f52be278ce9c402e052a5b64e96655,2023-04,Bedfordshire Police,Bedfordshire Police,-0.364129,51.989565,On or near High Road,E01017444,Central Bedfordshire 011F,Investigation complete; no suspect identified
89d8f89333f9c275822a2e3b56239a2b8e1b031607e444af89d61ef8f926627d,2023-04,Bedfordshire Police,Bedfordshire Police,-0.460897,52.128929,On or near Shopping Area,E01017522,Bedford 014E,Suspect charged
89d8f89333f9c275822a2e3b56239a2b8e1b031607e444af89d61ef8f926627d,2023-04,Bedfordshire Police,Bedfordshire Police,-0.460897,52.128929,On or near Shopping Area,E01017522,Bedford 014E,Suspect charged
fc631ce1ecf4b5d3c8b91969a3436a37912f44efc408a43f66a764854fd4c666,2023-04,Bedfordshire Police,Bedfordshire Police,-0.460897,52.128929,On or near Shopping Area,E01017522,Bedford 014E,Suspect charged
114e0a87fa040c5069e77e3cfddc31c92cf5101a8f13979d11473104ec5a1d67,2023-04,Bedfordshire Police,Bedfordshire Police,-0.484981,51.901905,On or near Roydon Close,E01015760,Luton 009E,Investigation complete; no suspect identified
f48d15577f25ace86d0e8f4c4d7f56564d30fa902c9c6831b62b7accf4ab33d9,2023-04,Bedfordshire Police,Bedfordshire Police,-0.466657,52.136614,On or near High Street,E01034419,Bedford 012H,Unable to prosecute suspect
7e8e3ae5c069b40ef1a4fbbf0c3fec3eeb8e4151ea4ddf5d33bf6fae6a7df371,2023-04,Bedfordshire Police,Bedfordshire Police,-0.437291,51.889736,On or near Lincoln Road,E01015703,Luton 015A,Unable to prosecute suspect
560f571ab44a8f2c2a14b28e8a86659ad200a72b6f510b098fd870663d0348b2,2023-04,Bedfordshire Police,Bedfordshire Police,-0.491222,52.117950,On or near Farrer Street,E01017505,Bedford 017A,Investigation complete; no suspect identified
27bf46c4321c049e122e594b80fe455376fefec54f444a0063d57334886a33b8,2023-04,Bedfordshire Police,Bedfordshire Police,-0.266216,52.086353,On or near Parking Area,E01017385,Central Bedfordshire 005C,Suspect charged
27bf46c4321c049e122e594b80fe455376fefec54f444a0063d57334886a33b8,2023-04,Bedfordshire Police,Bedfordshire Police,-0.266216,52.086353,On or near Parking Area,E01017385,Central Bedfordshire 005C,Suspect charged
dbcd112376ac7be981f80a0fe54010d933cb3078700740b64d91550f2cfef93f,2023-04,Bedfordshire Police,Bedfordshire Police,-0.532580,51.893512,On or near Further/Higher Educational Building,E01033834,Central Bedfordshire 028G,Investigation complete; no suspect identified
6cf81f4b3a11b419a9b42e92826c5644d437e989fb406345916903e84ba16b97,2023-04,Bedfordshire Police,Bedfordshire Police,-0.422759,52.154907,On or near Parish Close,E01034412,Bedford 004H,Unable to prosecute suspect
d90826188511cf3714f24c40f1e7b15d84bc5c2d866444e761487793ad570c32,2023-04,Bedfordshire Police,Bedfordshire Police,-0.472728,52.141970,On or near Chandos Street,E01017502,Bedford 010F,Unable to prosecute suspect
a837a91095417287bcd3ab83abb874eea545339d897b8b71bbdfeb6f72dd933c,2023-04,Bedfordshire Police,Bedfordshire Police,-0.468392,51.856300,On or near Cotswold Business Park,E01017561,Central Bedfordshire 033A,Suspect charged
2fb972016911403d4f2193fedd8260fe6b4bd84eec37011f53df26f3a953ae9b,2023-04,Bedfordshire Police,Bedfordshire Police,-0.469961,52.126748,On or near Millbrook Road,E01017474,Bedford 015C,Unable to prosecute suspect
9db28814ff60dec8c1b5f0e8c3921dc7e9e664d310ed3e8c95bbec6be0d03f6f,2023-04,Bedfordshire Police,Bedfordshire Police,-0.469961,52.126748,On or near Millbrook Road,E01017474,Bedford 015C,Unable to prosecute suspect
a6b1c84b536f1d5c924d62c1c1059f19409bcaf3ae969468f4fcfc0fd533f75f,2023-04,Bedfordshire Police,Bedfordshire Police,-0.432004,51.891733,On or near Dane Road,E01015704,Luton 010C,Unable to prosecute suspect
d5417cc904ad066edb60f4a63e8bb872fecbd32ac7e0648e212c4a997caba490,2023-04,Bedfordshire Police,Bedfordshire Police,-0.432004,51.891733,On or near Dane Road,E01015704,Luton 010C,Unable to prosecute suspect
2bf193e1adc9f2d23ba35145a9651d32cdd143e806836d528c920f83bd8fe72e,2023-04,Bedfordshire Police,Bedfordshire Police,-0.421820,51.962964,On or near Hexton Road,E01017559,Central Bedfordshire 018B,Unable to prosecute suspect
a868e0dcde52fafcd715de36ea3fe19049ec07fa3636fd4b39798a55136562d4,2023-04,Bedfordshire Police,Bedfordshire Police,-0.431423,51.881295,On or near Newcombe Road,E01015729,Luton 019C,Investigation complete; no suspect identified
6be7f18d341a8e5d3b13e6cd3dd495d4c6cdf92d6fbc4f8a4a8bca4676afe072,2023-04,Bedfordshire Police,Bedfordshire Police,-0.235305,52.013209,On or near Sports/Recreation Area,E01033188,Central Bedfordshire 014E,Unable to prosecute suspect
6481c182a4f0ad921abfbd1aa8ccbf73b78806444d0257d29e2adfc0e69df9c6,2023-04,Bedfordshire Police,Bedfordshire Police,-0.235305,52.013209,On or near Sports/Recreation Area,E01033188,Central Bedfordshire 014E,Unable to prosecute suspect
1e5e64dd7416d9c9f9cd04070e35f25aa108cc38226239b3112b8a39f2e87269,2023-04,Bedfordshire Police,Bedfordshire Police,-0.482665,52.132073,On or near Lawrence Street,E01017538,Bedford 013D,Investigation complete; no suspect identified
841fafdb1d47a8b38b4387668ab6cc8f89542c0fb45ef69db8224fb4e0a98a5c,2023-04,Bedfordshire Police,Bedfordshire Police,-0.530358,52.094617,On or near School Lane,E01017554,Bedford 020D,Unable to prosecute suspect
1969e17e0ce548f38e166842ccdb9821559badcc572ab43e8b30e070b99925bd,2023-04,Bedfordshire Police,Bedfordshire Police,-0.471345,52.126002,On or near A5141,E01017474,Bedford 015C,Unable to prosecute suspect
241cf7c46e7a9d4d37e0905a130ea69ea36c50276e5b83d52509434d4a73e874,2023-04,Bedfordshire Police,Bedfordshire Police,-0.656950,51.934545,On or near Heathwood Close,E01017606,Central Bedfordshire 020D,Unable to prosecute suspect
f753cc268f5d0d77df2914baa55c96238b58d80fa3d9d40435bb1df8d7fce8ed,2023-04,Bedfordshire Police,Bedfordshire Police,-0.414332,51.903725,On or near Further/Higher Educational Building,E01015693,Luton 007A,Investigation complete; no suspect identified
abe59cedad51dce202a63fc9ae1a42c936a33f0b9c973463a3134f88a5274489,2023-04,Bedfordshire Police,Bedfordshire Police,-0.434610,51.910839,On or near East Hill,E01015748,Luton 004D,Investigation complete; no suspect identified
f28614fc0c9fa8b5df9f80f6722094b52c664e87c38b86a1de527a0aeb8d4ac4,2023-04,Bedfordshire Police,Bedfordshire Police,-0.459300,51.913278,On or near Honiton Mews,E01015802,Luton 003F,Unable to prosecute suspect
7bd9eb7e9cb5acc09902e016f5e19d57877d6a2b691106ce13dece7ed1450a3d,2023-04,Bedfordshire Police,Bedfordshire Police,-0.448149,52.149903,On or near Stancliffe Road,E01017534,Bedford 006F,Unable to prosecute suspect
0da5521b3bf2852c2009d49c4aafed49b27e9ac90d98b24247d20ab1cb8dc4d3,2023-04,Bedfordshire Police,Bedfordshire Police,-0.495255,51.895904,On or near Poynters Road,E01015761,Luton 009F,Unable to prosecute suspect
c50065c0c5b24caf894cb208d54b6bb2a5300e1de7992a4b90dd86f182d774e1,2023-04,Bedfordshire Police,Bedfordshire Police,-0.447917,52.125489,On or near Alamein Avenue,E01017521,Bedford 014D,Action to be taken by another organisation
350f7fa143f84389e60c8f2c832c222667965714fb07f58a4874f4ab4c930daf,2023-04,Bedfordshire Police,Bedfordshire Police,-0.415900,51.897605,On or near Old Bedford Road,E01015693,Luton 007A,Action to be taken by another organisation
af2263e571f4c44acaf9cfb3831710bbeb16588111a672f3882fb3ed4e51c5e6,2023-04,Bedfordshire Police,Bedfordshire Police,-0.505990,51.881178,On or near Apollo Close,E01017593,Central Bedfordshire 030B,Investigation complete; no suspect identified
68dd092aa3b5bb9a09b56ddd4b9bb37b82e03f7444c8aa089b79dcd56a7d679d,2023-04,Bedfordshire Police,Bedfordshire Police,-0.415729,51.884673,On or near Dudley Street,E01033801,Luton 022C,Investigation complete; no suspect identified
33852e2c94c0f84fa11fb61daad6b307ffcc054d989e49c68b7ed58875338def,2023-04,Bedfordshire Police,Bedfordshire Police,-0.654902,51.927176,On or near Drakes Avenue,E01017609,Central Bedfordshire 021E,Unable to prosecute suspect
d793628ec6e5bda1f03ca8003a1fbf60be55d0d3ab2754ace326848e78b34cbe,2023-04,Bedfordshire Police,Bedfordshire Police,-0.403589,51.873413,On or near Osborne Road,E01015789,Luton 023D,Investigation complete; no suspect identified
ca4bade9796a0b95111eb2c0a3079e818bf815d06cc20ba87c5095acd0014080,2023-04,Bedfordshire Police,Bedfordshire Police,-0.367270,51.875839,On or near Airport/Airfield,E01015808,Luton 014D,Investigation complete; no suspect identified
4cc1060d2acb236c21d09b2b677e3401365996f8a9f710678378a3e260a68e1f,2023-04,Bedfordshire Police,Bedfordshire Police,-0.274443,52.094422,On or near Parking Area,E01017424,Central Bedfordshire 004D,Investigation complete; no suspect identified
8425d08a807c28c3778415a761757ff4115eccf6d2f0f2cccc9bb0b2cab8649f,2023-04,Bedfordshire Police,Bedfordshire Police,-0.478636,51.890511,On or near Hayhurst Road,E01015714,Luton 013B,Investigation complete; no suspect identified
31717493884af20812a05f0a7011cdbe99e24f9151698873eb529814451abbc9,2023-04,Bedfordshire Police,Bedfordshire Police,-0.493218,52.119985,On or near Police Station,E01017509,Bedford 016A,Unable to prosecute suspect
0aa8a3ff98cecdf54b03595b18f7c940b9368dc153ecaf97f332a6db57651013,2023-04,Bedfordshire Police,Bedfordshire Police,-0.376845,51.883100,On or near Prince Way,E01015811,Luton 014G,Investigation complete; no suspect identified
5322b59f1c02ee0c0666b96a70489412ef6b30d74be0b0f606b5666c7dd4ef39,2023-04,Bedfordshire Police,Bedfordshire Police,-0.398702,51.872815,On or near Shopping Area,E01015790,Luton 021B,Unable to prosecute suspect
d9c0b69c64386f2f3a054cca10dfc6938dc4b62a0634799dc9907397e8422093,2023-04,Bedfordshire Police,Bedfordshire Police,-0.474433,51.894144,On or near Hospital,E01015713,Luton 013A,Unable to prosecute suspect
8034270ea0994097bd591b7a869504ff6e70cd1a660833d9a1f2aeb9712bb465,2023-04,Bedfordshire Police,Bedfordshire Police,-0.527304,52.130176,On or near Box End Road,E01017547,Bedford 002F,Unable to prosecute suspect
f0bc0ab54f1e503e4016e6cb5046f15d71ef538a73596eb6d4fa7aee50138222,2023-04,Bedfordshire Police,Bedfordshire Police,-0.527304,52.130176,On or near Box End Road,E01017547,Bedford 002F,Unable to prosecute suspect
c8c0ca9db56485a0751ead8f79b542891a26c83bd89682849339d80e1fcb1020,2023-04,Bedfordshire Police,Bedfordshire Police,-0.464136,52.135133,On or near Parking Area,E01034419,Bedford 012H,Investigation complete; no suspect identified
a1539f6528bba63c88fa36b16d1d17d701eb39669dc2a9b05e2c4c3f09f228a8,2023-04,Bedfordshire Police,Bedfordshire Police,-0.418008,51.876476,On or near New Street,E01015795,Luton 021F,Unable to prosecute suspect
0487886ff267f6f20a7243d33dcaf5c469fd2aa563e854d9424d905c179c83f3,2023-04,Bedfordshire Police,Bedfordshire Police,-0.381860,51.894777,On or near Wigmore Lane,E01015813,Luton 008F,Local resolution
c92094483f4ce227116b7599cceef2ee55291f8329fec4619eb55e54b482d72d,2023-04,Bedfordshire Police,Bedfordshire Police,-0.521489,51.887470,On or near Shopping Area,E01017568,Central Bedfordshire 029C,Suspect charged
82498f71f0480861c50ee793703055a8c7c527c690899a1dffaf869e1f10937f,2023-04,Bedfordshire Police,Bedfordshire Police,-0.367270,51.875839,On or near Airport/Airfield,E01015808,Luton 014D,Formal action is not in the public interest
fd745e5a2802adb82ac1fb000b967a0a5ff457f3a0e3d3854eca5e9e88dac52b,2023-04,Bedfordshire Police,Bedfordshire Police,-0.455049,51.887605,On or near A5065,E01015728,Luton 019B,Unable to prosecute suspect
97b30f9a050c9b47e473bb71ad02e0d92cd46086bbb1d40d7f6f4f52bf4c9665,2023-04,Bedfordshire Police,Bedfordshire Police,-0.419073,51.885464,On or near Moorland Gardens,E01015739,Luton 022A,Unable to prosecute suspect
0a272eb24ce8af8bd09bc63daa6853b091b53bfb99b9d5475ee66e1570058523,2023-04,Bedfordshire Police,Bedfordshire Police,-0.532580,51.893512,On or near Further/Higher Educational Building,E01033834,Central Bedfordshire 028G,Unable to prosecute suspect
d31d38ccae48ba913f06cbe4944de0a3a3c4926979d5dd037d6ae056d08c680f,2023-04,Bedfordshire Police,Bedfordshire Police,-0.415222,51.882984,On or near Parking Area,E01033802,Luton 022D,Investigation complete; no suspect identified
8e803fefe2197da0ca66c3656ceb35a3dfbf49459cca12f577cdcc767cfd8f8f,2023-04,Bedfordshire Police,Bedfordshire Police,-0.471169,52.139675,On or near Adelaide Square,E01017502,Bedford 010F,Unable to prosecute suspect
a8de3327b447199ec50198faede73b338c28bb499206ad97728e7d290ecc84ea,2023-04,Bedfordshire Police,Bedfordshire Police,-0.252565,52.096168,On or near Rowletts View,E01017388,Central Bedfordshire 005F,Unable to prosecute suspect
6d96abe73cef8c446770bfc86d1a464522b249eae71a9c56e2688abcd11b3094,2023-04,Bedfordshire Police,Bedfordshire Police,-0.591328,51.909645,On or near Kings Way,E01033827,Central Bedfordshire 019G,Investigation complete; no suspect identified
b0dc46bc0c2c1d3c9582d9e0b0f6f8e4d2004420dde2fb235474ae85355ebe76,2023-04,Bedfordshire Police,Bedfordshire Police,-0.325505,52.145960,On or near Armistice Croft,E01017423,Central Bedfordshire 004C,Unable to prosecute suspect
45089bf089796681bfdffa56dc1e2b8cfee435c625f488b0a6554f7d49a1df84,2023-04,Bedfordshire Police,Bedfordshire Police,-0.426311,51.885399,On or near Waldeck Road,E01015698,Luton 017A,Unable to prosecute suspect
645ff1d04a11d954796659d40d13184291009e19ef68894d072523f6fff9d204,2023-04,Bedfordshire Police,Bedfordshire Police,-0.429401,51.889712,On or near Milliners Way,E01015705,Luton 017D,Unable to prosecute suspect
6cce4b9b641cfca76f0a89a857f75357cbdc59248d319d889a30c9c1266296cd,2023-04,Bedfordshire Police,Bedfordshire Police,-0.668101,51.916581,On or near Town Bridge Mill,E01017557,Central Bedfordshire 021C,Investigation complete; no suspect identified
6cae58c257e03d4e0b05cbcc4953f03c5e63a8d1d3ed9b6eb15ac8388e0752e4,2023-04,Bedfordshire Police,Bedfordshire Police,-0.396689,51.901985,On or near Supermarket,E01015796,Luton 012F,Unable to prosecute suspect
3d543f4e6b7479a4c65b944139001681075261dcb59c765720a746f70dd96a0b,2023-04,Bedfordshire Police,Bedfordshire Police,-0.513022,51.877634,On or near Turnpike Close,E01017624,Central Bedfordshire 031B,Unable to prosecute suspect
ddec5bacd9a32f9bc42eda548184cc2056b0042613a76e0aa5f5110759b34894,2023-04,Bedfordshire Police,Bedfordshire Police,-0.266627,52.088921,On or near Elphick Court,E01017385,Central Bedfordshire 005C,Unable to prosecute suspect
342e2f50c1af56e0b5ed13d6584aff3ee6cf7a7aae8933d50135f44d16a38685,2023-04,Bedfordshire Police,Bedfordshire Police,-0.675099,51.908505,On or near Mentmore Road,E01017591,Central Bedfordshire 022C,Unable to prosecute suspect
84f315811d8f56fb60a536366fc79f2c310358aea2e279f4d89d154fa0f5e9f5,2023-04,Bedfordshire Police,Bedfordshire Police,-0.444017,51.903267,On or near Garden Court,E01015767,Luton 006D,Unable to prosecute suspect
b15d8c14590fce34e3e3773621ca4a31ff9bb29d7454cfc7aab1b5323f53ec23,2023-04,Bedfordshire Police,Bedfordshire Police,-0.413019,51.882829,On or near Midland Road,E01033802,Luton 022D,Investigation complete; no suspect identified
050a65caa9988b65926424244bb68ee4ef369fc9ebc1a56ca8eedbc9539d0292,2023-04,Bedfordshire Police,Bedfordshire Police,-0.666210,51.917081,On or near Water Lane,E01017557,Central Bedfordshire 021C,Unable to prosecute suspect
b6957fa40614441a8ba782645c32ede2451f8734ef2136da68ff6b18b62236ae,2023-04,Bedfordshire Police,Bedfordshire Police,-0.376845,51.883100,On or near Prince Way,E01015811,Luton 014G,Unable to prosecute suspect
eaef92b20b5dbc2cb6c6dba86d5a59bc759acc1aaf6172e671bfbd25f33c6e9a,2023-04,Bedfordshire Police,Bedfordshire Police,-0.493297,52.124846,On or near Westminster Gardens,E01017512,Bedford 016D,Investigation complete; no suspect identified
25352f92e9d8d52957baa27c687aa681a1c0426055ea25fa2642f8eee8880bea,2023-04,Bedfordshire Police,Bedfordshire Police,-0.469089,52.137284,On or near Paradine Court,E01017466,Bedford 012A,Unable to prosecute suspect
e52a88bcd8190b9ac63be1e7b7c43df21f3e6824b14bff8dac2e8935b0fd63d8,2023-04,Bedfordshire Police,Bedfordshire Police,-0.467864,52.138050,On or near Lime Street,E01034419,Bedford 012H,Unable to prosecute suspect
f0d83c0fe75648ab00b6d1256ebdb085cc932608a014c1ae627d5f65991ef0b9,2023-04,Bedfordshire Police,Bedfordshire Police,-0.446779,51.884709,On or near Finway,E01015724,Luton 019A,Formal action is not in the public interest
ca671a18ad3caf9a79ca8806e80b1520fb7602b3792c1115d23a4da5d6699363,2023-04,Bedfordshire Police,Bedfordshire Police,-0.424445,51.900130,On or near Graham Gardens,E01015695,Luton 007C,Unable to prosecute suspect
edd5a2e92bea230cab236b6528bc17d11f4a41aaac407ca7f4e38f8d2ba8bbbb,2023-04,Bedfordshire Police,Bedfordshire Police,-0.424445,51.900130,On or near Graham Gardens,E01015695,Luton 007C,Unable to prosecute suspect
4f8e29e9adf388d6e7e97f5e3714cfd346da10c395c89ee24bf5fb0da2fc285a,2023-04,Bedfordshire Police,Bedfordshire Police,-0.469228,52.135343,On or near Horne Lane,E01017466,Bedford 012A,Suspect charged
3a9e1e1b8faf5f88726347f2324ec2e2ab0e7cd2845ebd052e26fb9c991bfe0c,2023-04,Bedfordshire Police,Bedfordshire Police,-0.469228,52.135343,On or near Horne Lane,E01017466,Bedford 012A,Unable to prosecute suspect
0e5329b6e60a8a57b76f70abbb90d89eaf3541b549add63a3aba517b397b2878,2023-04,Bedfordshire Police,Bedfordshire Police,-0.458365,52.127937,On or near Christie Road,E01017523,Bedford 014F,Unable to prosecute suspect
36fa5302c96968674a4a951bf83d51f3b3b7c2798d39d5cce21c9348d1fa007b,2023-04,Bedfordshire Police,Bedfordshire Police,-0.458134,51.921850,On or near Stockholm Way,E01015773,Luton 003D,Unable to prosecute suspect
f7bb7207a0c6e10c63acb771546540cbcb99103b84ddd685d058288d01c18058,2023-04,Bedfordshire Police,Bedfordshire Police,-0.415645,51.873009,On or near Arthur Street,E01033807,Luton 021H,Investigation complete; no suspect identified
d4dd3722b47b26352884e24ffbae0a22abc4dda6688c5e746e1cac065e6734cd,2023-04,Bedfordshire Police,Bedfordshire Police,-0.477369,52.106578,On or near Petrol Station,E01034432,Bedford 022B,Unable to prosecute suspect
0ed39a49fdde0f169ce969219d33e81e2ea7e03ce0bac60527288a2c583bcbb9,2023-04,Bedfordshire Police,Bedfordshire Police,-0.473584,52.134860,On or near Western Street,E01017466,Bedford 012A,Unable to prosecute suspect
5bca9fdbcbdadb0a9830ac245e0f658df2559c9ec5ac7930097bc45a45cc8166,2023-04,Bedfordshire Police,Bedfordshire Police,-0.417059,51.881571,On or near Bridge Street,E01033803,Luton 023A,Suspect charged
c8a4ce4d027efbe5f217066cc115dc0df1cd9cb11285a47bf6960b0c7ac66df8,2023-04,Bedfordshire Police,Bedfordshire Police,-0.472899,52.133125,On or near Prebend Street,E01017466,Bedford 012A,Unable to prosecute suspect
a9de617bd94b048f9f3bc3ea16b22061a8ff5cc0bee6e921fbaf08183a36b623,2023-04,Bedfordshire Police,Bedfordshire Police,-0.458422,51.906226,On or near Petrol Station,E01015765,Luton 006B,Unable to prosecute suspect
8e42cc37f27645284616afc7b7fc1baf593730eac00720a582c418f1a438f118,2023-04,Bedfordshire Police,Bedfordshire Police,-0.420066,52.154188,On or near Norse Road,E01017492,Bedford 007E,Unable to prosecute suspect
9f935c4359ae53fc3582cfbe3e985b6386559aadc9df77985e1811d3bd3ee5f4,2023-04,Bedfordshire Police,Bedfordshire Police,-0.499846,52.110786,On or near Harter Road,E01017514,Bedford 018B,Unable to prosecute suspect
fd533112f03289bac62ea714bfec42a0aa6ee51d442ad81ca55c0038774891bd,2023-04,Bedfordshire Police,Bedfordshire Police,-0.535619,51.895325,On or near Morris Road,E01033834,Central Bedfordshire 028G,Unable to prosecute suspect
4923686930e57fe012e1668dc32823d2b1a9f904609d5cf1159e098b2e2f5c25,2023-04,Bedfordshire Police,Bedfordshire Police,-0.471169,52.139675,On or near Adelaide Square,E01017502,Bedford 010F,Suspect charged
5e8cb78f24a671388cc7de3d07f1bc568cd80ee0dd71f614b4888e712d487c8c,2023-04,Bedfordshire Police,Bedfordshire Police,-0.443899,52.137655,On or near Priory Mews,E01017524,Bedford 011A,Local resolution
f135a3aae4bd45f0ca995cbe8e04aecfb661a49b4447a8a6f9ee14f5067a75d9,2023-04,Bedfordshire Police,Bedfordshire Police,-0.416120,51.878932,On or near George Street,E01033803,Luton 023A,Investigation complete; no suspect identified
4c15c965ea7a5fe7e7261f15032d4929a7f9f557581ad2397837876b469403b7,2023-04,Bedfordshire Police,Bedfordshire Police,-0.479670,52.207156,On or near Old Milton Road,E01017478,Bedford 003A,Unable to prosecute suspect
486b4ed26547ea0384a8531595627f0c341cfd50fdc3ab7feaddfefbc217eb33,2023-04,Bedfordshire Police,Bedfordshire Police,-0.424371,51.879789,On or near Grove Road,E01033804,Luton 023B,Suspect charged
386b32824b3ebbdcdc60257b60b0450f28a1947df213e011dc5e02052fc6b2ce,2023-04,Bedfordshire Police,Bedfordshire Police,-0.661247,51.915308,On or near Parking Area,E01017555,Central Bedfordshire 021A,Investigation complete; no suspect identified
1767071a54f2e42a9ba0f384427fe1673141d6799349ff4f1c6552e528e1f4ef,2023-04,Bedfordshire Police,Bedfordshire Police,-0.465365,51.898728,On or near St Vincent Gardens,E01015716,Luton 011D,Unable to prosecute suspect
8e5461099dbcbe6a5c5209beb0915443ad52cf124e2cb9969d4fe81e3c15d6d8,2023-04,Bedfordshire Police,Bedfordshire Police,-0.474433,51.894144,On or near Hospital,E01015713,Luton 013A,Unable to prosecute suspect
80c42607395842ce4e587e9923ac7d44681693d7d5d59fa1f0ec83864ed95121,2023-04,Bedfordshire Police,Bedfordshire Police,-0.414332,51.903725,On or near Further/Higher Educational Building,E01015693,Luton 007A,Investigation complete; no suspect identified
bea8ca0d40005aa1aa7b47292d7e4dda4f5d604c9c467fbf9fecaa211e5a459e,2023-04,Bedfordshire Police,Bedfordshire Police,-0.421559,51.914451,On or near Thornage Close,E01015747,Luton 004C,Investigation complete; no suspect identified
bd125c4ca60fe3120fe89ab9ea7eea73967556707dabee0ab3ff915035749e1a,2023-04,Bedfordshire Police,Bedfordshire Police,-0.465411,52.133738,On or near Duck Mill Lane,E01017522,Bedford 014E,Unable to prosecute suspect
7eabbd9ff09ecb5a7818f12ebb329191992dfb3eb139e72010d4e3ee5967c5a4,2023-04,Bedfordshire Police,Bedfordshire Police,-0.512636,52.294502,On or near Park/Open Space,E01017545,Bedford 001D,Unable to prosecute suspect
31edc1c530f9d43a7e746b16f76f0394471c453de5e1489f4fa284c34aa1e2fa,2023-04,Bedfordshire Police,Bedfordshire Police,-0.297741,52.010429,On or near Tedder Avenue,E01017443,Central Bedfordshire 013E,Unable to prosecute suspect
e0dddaa9e7c44b2661a69d2df87659df85c6a700a908169b6345f0d43d8bab74,2023-04,Bedfordshire Police,Bedfordshire Police,-0.657536,51.918835,On or near Lammas Walk,E01017555,Central Bedfordshire 021A,Investigation complete; no suspect identified
2825a37474921c2c8cf92a989b67478e60283e259193948de71450436e9c2ae6,2023-04,Bedfordshire Police,Bedfordshire Police,-0.297741,52.010429,On or near Tedder Avenue,E01017443,Central Bedfordshire 013E,Unable to prosecute suspect
03b464925195948a3793474ef0c422d7a6fc016d17e094c1a3d9bd170823ac02,2023-04,Bedfordshire Police,Bedfordshire Police,-0.297741,52.010429,On or near Tedder Avenue,E01017443,Central Bedfordshire 013E,Unable to prosecute suspect
4dc4f205e79b920874ac740871812051d03b0e5ad8a3364cb1213c9a78b28a9d,2023-04,Bedfordshire Police,Bedfordshire Police,-0.528509,51.891415,On or near High Street North,E01033834,Central Bedfordshire 028G,Unable to prosecute suspect
81df185dbb353809134c17f2687dd4f7e92ef0f2ab62e53f3ef36d0b3f114b91,2023-04,Bedfordshire Police,Bedfordshire Police,-0.465411,52.133738,On or near Duck Mill Lane,E01017522,Bedford 014E,Unable to prosecute suspect
21f07ae3e849d7d880864b2424bda32c55e7f1d9f2a5d90b28ddea0ea32ae2a0,2023-04,Bedfordshire Police,Bedfordshire Police,-0.297741,52.010429,On or near Tedder Avenue,E01017443,Central Bedfordshire 013E,Unable to prosecute suspect
8c47b25148ba77d59ee75c1db985d79e6d7528f814337b72a10546c11fd34a5b,2023-04,Bedfordshire Police,Bedfordshire Police,-0.418125,51.882664,On or near Mill Street,E01033803,Luton 023A,Unable to prosecute suspect
108dd98c9b0b4dc02f69444e5db9fa55fbdc1066ee873f83f6e9857df2c8c0ff,2023-04,Bedfordshire Police,Bedfordshire Police,-0.463363,51.897344,On or near Parking Area,E01015716,Luton 011D,Unable to prosecute suspect
e0dc15d2a295d5f87660cdf154d05b6d5614ba0e891504660f511292fc74fc23,2023-04,Bedfordshire Police,Bedfordshire Police,-0.529017,51.879418,On or near Canesworde Road,E01017565,Central Bedfordshire 029A,Investigation complete; no suspect identified
d614dd9e31778a93a923c28db8b4f3acb09302fd3c5dce02bfd672b935c2459f,2023-04,Bedfordshire Police,Bedfordshire Police,-0.412002,51.885297,On or near Stable Mews,E01033802,Luton 022D,Investigation complete; no suspect identified
b4e308c713e41b26fe9df346d326b9d562e23454027f0226a6e2721bb8477715,2023-04,Bedfordshire Police,Bedfordshire Police,-0.331211,52.037046,On or near Ivel Close,E01017438,Central Bedfordshire 011B,Unable to prosecute suspect
0fc22de6ad64597600116016760a7b09ff5e5c004c1a1cc44d1d15a625e17a35,2023-04,Bedfordshire Police,Bedfordshire Police,-0.423351,51.883606,On or near Supermarket,E01015699,Luton 017B,Unable to prosecute suspect
8b4aa4ad91c2e199fc74ab89b69d7edeb54ea7b5414991f9ccef134c831ddaf7,2023-04,Bedfordshire Police,Bedfordshire Police,-0.367270,51.875839,On or near Airport/Airfield,E01015808,Luton 014D,Unable to prosecute suspect
33cc41b090524c13b7884c98c14f44103a9b443c497f36cd5d30301c8b27eb15,2023-04,Bedfordshire Police,Bedfordshire Police,-0.656411,51.920468,On or near Adaern Close,E01017608,Central Bedfordshire 021D,Unable to prosecute suspect
5b6ea85d645781d81c6851498b85dd831040e83f8541f01fdae955a3aa8d5731,2023-04,Bedfordshire Police,Bedfordshire Police,-0.474433,51.894144,On or near Hospital,E01015713,Luton 013A,Unable to prosecute suspect
85c36f5284562adac4130faedaa03f2aa6a5ee9de8f087ee820e0c6464b37b53,2023-04,Bedfordshire Police,Bedfordshire Police,-0.406634,51.888371,On or near Ridgway Road,E01015742,Luton 022B,Unable to prosecute suspect
31a92efa8f2ba99dd870ddc9abe78d52995171d3171e71f031f4d7e0a1cd9fcc,2023-04,Bedfordshire Police,Bedfordshire Police,-0.496679,52.006023,On or near A5120,E01017401,Central Bedfordshire 015C,Unable to prosecute suspect
113621e6f653110732f2c2dcdbd3c534f7702bebd2495850eee90aaad77ee579,2023-04,Bedfordshire Police,Bedfordshire Police,-0.422542,51.893459,On or near Foxglove Way,E01015700,Luton 010A,Unable to prosecute suspect
3457f7319a3c2913838255f2c1c3eb6a65e9353f5e05e9f93595ed66a476162a,2023-04,Bedfordshire Police,Bedfordshire Police,-0.422542,51.893459,On or near Foxglove Way,E01015700,Luton 010A,Unable to prosecute suspect
796461c4a88129b22bf7cc5db676f0a4c952a33f0838e841150b996d401b7282,2023-04,Bedfordshire Police,Bedfordshire Police,-0.447341,51.903383,On or near Quilter Close,E01015785,Luton 006G,Unable to prosecute suspect
0f8623cfda283714a708f86eca0f4534063853b1044600688d87579182b6c3a3,2023-04,Bedfordshire Police,Bedfordshire Police,-0.438845,51.903594,On or near Trinity Road,E01015783,Luton 006F,Unable to prosecute suspect
df385a18cfd8833e7d99ef06944e21fa2c2be6d92ea7f191dc0f0c3f9fa548ce,2023-04,Bedfordshire Police,Bedfordshire Police,-0.381860,51.894777,On or near Wigmore Lane,E01015813,Luton 008F,Local resolution
2a5cb588d1b902d054942958e5ca74adc971c2d5e9d1f64496783a22f7d591ab,2023-04,Bedfordshire Police,Bedfordshire Police,-0.367270,51.875839,On or near Airport/Airfield,E01015808,Luton 014D,Local resolution
1c2c1e6456c42e6146f359365fc8ca66285ee394beb310037a60e4652fe737d5,2023-04,Bedfordshire Police,Bedfordshire Police,-0.264645,52.088171,On or near Supermarket,E01017385,Central Bedfordshire 005C,Unable to prosecute suspect
5a1ecd67244644ce6873b8816d36490c71e330dacd8612c47996644b3039ae14,2023-04,Bedfordshire Police,Bedfordshire Police,-0.510964,51.910895,On or near Westminster Gardens,E01017602,Central Bedfordshire 025C,Unable to prosecute suspect
d77480129e584aba31ce2059d3261a74e7301466afb72f86a178c9cba780c419,2023-04,Bedfordshire Police,Bedfordshire Police,-0.464894,52.138155,On or near Lurke Street,E01034419,Bedford 012H,Unable to prosecute suspect
2afe5c00f4102314eeb0ae014a58ac93491184f43d8597d176a49f2970ce245a,2023-04,Bedfordshire Police,Bedfordshire Police,-0.464894,52.138155,On or near Lurke Street,E01034419,Bedford 012H,Unable to prosecute suspect
09d3338130ca656c0bcd9a847b1fd0fb9d1515fa4c68f18042608814954d9fbd,2023-04,Bedfordshire Police,Bedfordshire Police,-0.446511,52.134408,On or near Beresford Road,E01017524,Bedford 011A,Unable to prosecute suspect
4781155b250fb1026bd5e02d7c19b0d7c4d9db36fb46005e8e6e94c39ad69f3a,2023-04,Bedfordshire Police,Bedfordshire Police,-0.416565,51.887777,On or near Clarendon Road,E01015739,Luton 022A,Unable to prosecute suspect
fab70d868df1c5f3a1b0b07193d4fb3af1a1a9f62dfd849696555d199b2755c9,2023-04,Bedfordshire Police,Bedfordshire Police,-0.504560,51.873894,On or near Lockhart Close,E01017624,Central Bedfordshire 031B,Unable to prosecute suspect
8971e6def909b20ed3ca16e188f06065c43eff87e20568e14cf7996992c9228e,2023-04,Bedfordshire Police,Bedfordshire Police,-0.462707,52.083684,On or near Roe Deer Place,E01034434,Bedford 022D,Unable to prosecute suspect
7565a0f2510460c1656ea6a7d7f27d6e19fb90a272d74a6f3e404ec62600e1e9,2023-04,Bedfordshire Police,Bedfordshire Police,-0.241312,52.091640,On or near Somerville Croft,E01033809,Central Bedfordshire 006F,Unable to prosecute suspect
d8a07be6226c6643ac629ef76d097770b46690f458d656923a4729fee0aa57d4,2023-04,Bedfordshire Police,Bedfordshire Police,-0.472301,51.919193,On or near Rockfield Drive,E01015803,Luton 002B,Unable to prosecute suspect
e4db541390b132b84b1bf628e5c7cff52abb8909754e44fafd8f02459c621c6a,2023-04,Bedfordshire Police,Bedfordshire Police,-0.421247,51.882706,On or near Parking Area,E01015699,Luton 017B,Local resolution
1c863806527ff6c1280587457af9086e56c57393af2e4f091bf06801135a4813,2023-04,Bedfordshire Police,Bedfordshire Police,-0.266627,52.088921,On or near Elphick Court,E01017385,Central Bedfordshire 005C,Unable to prosecute suspect
12ae43c7a32a6315c690a9e76be049bb5da4a72005901b56edde4805b6aa851a,2023-04,Bedfordshire Police,Bedfordshire Police,-0.659741,51.912951,On or near Sports/Recreation Area,E01017555,Central Bedfordshire 021A,Unable to prosecute suspect
d2067b4ade265022bdab292abc0d2618254cc1adc5dff3ad9855bce5f7ee9192,2023-04,Bedfordshire Police,Bedfordshire Police,-0.456971,51.918885,On or near Waleys Close,E01015771,Luton 003B,Unable to prosecute suspect
20f52559de6f7f1e8705e747974ed1c9c3d1b26cf38571160e7e32217e88d664,2023-04,Bedfordshire Police,Bedfordshire Police,-0.691158,51.922181,On or near Cotswold Drive,E01017611,Central Bedfordshire 023A,Unable to prosecute suspect
5a321bb5156cf64bfe5c7610d9763b0dc8c9225fb127e8b085acb2c2c0a59bb6,2023-04,Bedfordshire Police,Bedfordshire Police,-0.396919,51.885326,On or near Cowridge Crescent,E01015781,Luton 016F,Unable to prosecute suspect
2a5241274955ce1060eea6ce38c52aef78bf8b66aafc3e6f8e869205fe12797c,2023-04,Bedfordshire Police,Bedfordshire Police,-0.403589,51.873413,On or near Osborne Road,E01015789,Luton 023D,Unable to prosecute suspect
5b68a73529a49354c66412dc44ad0f3307ac43edafc877d5ff6810eeeccb90cc,2023-04,Bedfordshire Police,Bedfordshire Police,-0.500367,51.947518,On or near Toddington Service Area,E01017620,Central Bedfordshire 019C,Unable to prosecute suspect
ed7124c46742aa8792e8060c265cc7a7741602dd2664e7e5a52fe4581648f5f2,2023-04,Bedfordshire Police,Bedfordshire Police,-0.507206,52.144021,On or near Otter Mews,E01034414,Bedford 008F,Unable to prosecute suspect
9087ab06c92d1e36f2741cf1e3fd0f02c42ffe8a4d5cc674c7993fcabdc477cf,2023-04,Bedfordshire Police,Bedfordshire Police,-0.415876,51.878609,On or near Shopping Area,E01033806,Luton 021G,Formal action is not in the public interest
cfff68e9f6b8935c070d8028dadb66731a6233e7f6bc734d1f11738a41217eb8,2023-04,Bedfordshire Police,Bedfordshire Police,-0.434380,52.111580,On or near Bell's Close,E01017487,Bedford 021B,Unable to prosecute suspect
2be93c4bd752bcd9d8a8f97f80a3ca91f9a7a38d806f4ed0670f8161678711ad,2023-04,Bedfordshire Police,Bedfordshire Police,-0.401790,51.880708,On or near Farnley Grove,E01015743,Luton 022E,Investigation complete; no suspect identified
3a0685faaa653c27e55f5f71d366d7a04aca17ddf89fc241d272fbd1064ff5d4,2023-04,Bedfordshire Police,Bedfordshire Police,-0.510083,52.112103,On or near Deacon Avenue,E01017515,Bedford 018C,Unable to prosecute suspect
4d8399ade98b3f08c74381f32f84eb814bb655fb42bf756a7e2102bbaa1ec523,2023-04,Bedfordshire Police,Bedfordshire Police,-0.421595,51.969785,On or near Dane Road,E01017560,Central Bedfordshire 018C,Investigation complete; no suspect identified
bb1fcc4743cb9fa4f8b5d602430b40003466bda63f7d4ee6a672c83be56c064e,2023-04,Bedfordshire Police,Bedfordshire Police,-0.418312,51.878998,On or near Peel Street,E01033803,Luton 023A,Unable to prosecute suspect
bf87a9a938f5c727b29716f969493b042b28aa5fbfd90f0ca26e54256ee4d003,2023-04,Bedfordshire Police,Bedfordshire Police,-0.512264,51.881680,On or near Park Road,E01017592,Central Bedfordshire 030A,Unable to prosecute suspect
2d4de7f609ba42377314c37b99f6608b1b2ab08807e706dcc8cf5f0ae6dddc20,2023-04,Bedfordshire Police,Bedfordshire Police,-0.426078,51.882932,On or near Petrol Station,E01015729,Luton 019C,Unable to prosecute suspect
8db87d61861571139f2201c18324700b6f9e5fab68362653e9ee5e0c66dd2e4f,2023-04,Bedfordshire Police,Bedfordshire Police,-0.263127,52.012135,On or near Cluny Way,E01017378,Central Bedfordshire 010C,Unable to prosecute suspect
5d894462d0252eb33356d5e908dee966493b30b93621fdffe0dddafe42ae676e,2023-04,Bedfordshire Police,Bedfordshire Police,-0.460082,52.165839,On or near Hodder Road,E01017453,Bedford 005A,Unable to prosecute suspect
35e0991f8aa7920651c06fab62b45530f4b96079e451f6657d599fb8487d4efa,2023-04,Bedfordshire Police,Bedfordshire Police,-0.300933,52.134163,On or near Nursery Drive,E01017430,Central Bedfordshire 002A,Unable to prosecute suspect
fcba5f557dfd47252f5002c422c552d7a90259234b2e20342c417a075b4608a2,2023-04,Bedfordshire Police,Bedfordshire Police,-0.515171,51.886050,On or near Priory Road,E01033837,Central Bedfordshire 029G,Unable to prosecute suspect
a24e0f10ff24af07407416c4d91030a0591fba3b6dfb9fd8b0e7e9b32a975d77,2023-04,Bedfordshire Police,Bedfordshire Police,-0.515171,51.886050,On or near Priory Road,E01033837,Central Bedfordshire 029G,Investigation complete; no suspect identified
9822066d8cb968449efcb8d1d773b92fd647b30c0a039d0ad3fbfcaee0bcc868,2023-04,Bedfordshire Police,Bedfordshire Police,-0.437291,51.889736,On or near Lincoln Road,E01015703,Luton 015A,Unable to prosecute suspect
b27ea3af604933fbb26e305d3435de7310257fb6b36dff2d9af2220af00f8de9,2023-04,Bedfordshire Police,Bedfordshire Police,-0.481972,52.133548,On or near Fairfax Road,E01017536,Bedford 013B,Investigation complete; no suspect identified
4fa5e4daf21860dcb3b4c892fae5967b563866909908c690a515728a8d008da9,2023-04,Bedfordshire Police,Bedfordshire Police,-0.428260,51.880354,On or near Lyndhurst Road,E01015729,Luton 019C,Investigation complete; no suspect identified
1e2ff094272cb0b2a170fff78dff0ba6ece99ca75a319a307312db6ef9e39e46,2023-04,Bedfordshire Police,Bedfordshire Police,-0.482386,52.122224,On or near Normandy Close,E01017507,Bedford 017C,Unable to prosecute suspect
1e721c4b5a4b1ab1c9e2cb69d9fdfbbd286f4cdbfbbdb933f505f03cf844418c,2023-04,Bedfordshire Police,Bedfordshire Police,-0.348151,52.160783,On or near Nightingale Road,E01017495,Bedford 004B,Unable to prosecute suspect
d0f2a601e0764f235a46eda4a06359c45ed7babb526929fd840d812cd1303bdc,2023-04,Bedfordshire Police,Bedfordshire Police,-0.501383,51.925762,On or near The Lane,E01017620,Central Bedfordshire 019C,Unable to prosecute suspect
22c2e40f2d9f544a3298b6c39dcd5658708bef740652994169b48bd0cc98bbe8,2023-04,Bedfordshire Police,Bedfordshire Police,-0.352289,52.156803,On or near Pyms Close,E01017495,Bedford 004B,Unable to prosecute suspect
02ca24e35efee3dc4586d2eb07180f3490026c3c8cb49c704ea71b2ae38a3f10,2023-04,Bedfordshire Police,Bedfordshire Police,-0.468532,51.906053,On or near Barley Lane,E01015751,Luton 005B,Unable to prosecute suspect
557dbf7c3b5957b2e78341c3e8e73a0eeb7a12d84f8bb5cce51b722dff8488f8,2023-04,Bedfordshire Police,Bedfordshire Police,-0.468392,51.856300,On or near Cotswold Business Park,E01017561,Central Bedfordshire 033A,Suspect charged
ba1ecd499fe4a2f11e1dc09f322a053e6ab3b0e5137a87e1b19662925b8b772d,2023-04,Bedfordshire Police,Bedfordshire Police,-0.520046,51.891156,On or near Parking Area,E01033836,Central Bedfordshire 029F,Investigation complete; no suspect identified
60c99d2e6d7669a87c11d7bd2c5d6d7f4397ebd2758db9f2ddfc20b2303ac662,2023-04,Bedfordshire Police,Bedfordshire Police,-0.422234,51.908453,On or near Sherborne Avenue,E01015745,Luton 007F,Investigation complete; no suspect identified
a36bf51d14a557cc4b67270e97cd9aa330f1335e471eeeb76ee60cf6b5acb2da,2023-04,Bedfordshire Police,Bedfordshire Police,-0.459500,51.898957,On or near Morgan Close,E01015750,Luton 011F,Investigation complete; no suspect identified
3f1e061b047ac9ee775d638ebbdf3db092e26640a4659aff077a72b3e7ffa6e4,2023-04,Bedfordshire Police,Bedfordshire Police,-0.420940,51.881937,On or near Collingdon Street,E01033803,Luton 023A,Unable to prosecute suspect
ba30e747e603f8ce715bc12b43cf7429abfb5d690b63d416a171ee0d12688b34,2023-04,Bedfordshire Police,Bedfordshire Police,-0.426652,52.152721,On or near Carrick Road,E01017492,Bedford 007E,Unable to prosecute suspect
21abf960a6f919f9e62a5adbeafddc0727cc59a31b53a637dd8578a5b0a27bb9,2023-04,Bedfordshire Police,Bedfordshire Police,-0.473056,52.130232,On or near Usher Close,E01034421,Bedford 015H,Investigation complete; no suspect identified
cd685436c8f18a1fc5432fb98d567ae286222344ebcdf689d61a7425b48d824d,2023-04,Bedfordshire Police,Bedfordshire Police,-0.458340,51.923930,On or near Hampshire Way,E01015774,Luton 003E,Unable to prosecute suspect
923d19c9dfb666eaa39ca15273de21224b947b090a9fecff44923017f712d45b,2023-04,Bedfordshire Police,Bedfordshire Police,-0.509124,51.909838,On or near Chelsea Gardens,E01017602,Central Bedfordshire 025C,Investigation complete; no suspect identified
3657970ba49bcde110e94aa7f8284bedb6b5f2a68ac7394dd6414d6aa896067a,2023-04,Bedfordshire Police,Bedfordshire Police,-0.487203,52.023894,On or near Spring Close,E01017372,Central Bedfordshire 012B,Unable to prosecute suspect
b421511beede68426c827d3c002bff61333f12f1ed6e5f4d1a3d221b82b6162d,2023-04,Bedfordshire Police,Bedfordshire Police,-0.471646,52.136858,On or near Saffron Close,E01017466,Bedford 012A,Suspect charged
cc3c7748a86e3d7cf7506e8e7339a2680165132a5a08e4e93b56f09358787076,2023-04,Bedfordshire Police,Bedfordshire Police,-0.469563,52.137937,On or near Dane Street,E01017466,Bedford 012A,Suspect charged
e474fbb5dcbaa56ac36185e9dc4594c31482c33a36de9212b1fca9eb33668eeb,2023-04,Bedfordshire Police,Bedfordshire Police,-0.415036,51.882901,On or near Hucklesby Way,E01033802,Luton 022D,Investigation complete; no suspect identified
02aede146f0c3e3313dd3bad4bd9fa8feed6a7229c0ed16771c1f51c099744de,2023-04,Bedfordshire Police,Bedfordshire Police,-0.471840,52.127330,On or near Ombersley Road,E01034420,Bedford 015G,Unable to prosecute suspect
0887179503ae12e31e42f08e7ed2c9ee1bc5d5724b2ae601e2ef03caeacd9824,2023-04,Bedfordshire Police,Bedfordshire Police,-0.472952,52.127299,On or near Endsleigh Road,E01034420,Bedford 015G,Unable to prosecute suspect
121d8c8580df95d28cf63fcc0bcc7a145485aeb31099fd45ae2b66935fa03946,2023-04,Bedfordshire Police,Bedfordshire Police,-0.472940,52.137046,On or near Police Station,E01017471,Bedford 012F,Suspect charged
f2a341bd1ca8d64704cf86ad8174300cb9895cdef029330f417522bd9cc0366a,2023-04,Bedfordshire Police,Bedfordshire Police,-0.247026,52.079937,On or near Magnolia Place,E01033810,Central Bedfordshire 006G,Suspect charged
44c190dfae45396d46971ba0e85053fab7e91067da66c07de493f9187d735f13,2023-04,Bedfordshire Police,Bedfordshire Police,-0.644871,51.907217,On or near Turnham Drive,E01033192,Central Bedfordshire 024F,Unable to prosecute suspect
d31dbd79bb80278b3c648a93c0954ca37d2afc36596c1535f214539280abe8e0,2023-04,Bedfordshire Police,Bedfordshire Police,-0.518440,51.884734,On or near Wood Street,E01033837,Central Bedfordshire 029G,Unable to prosecute suspect
1713e3c4dc4326abf63711f080e46f1b39134ce4f8227cf543c981a828eeb050,2023-04,Bedfordshire Police,Bedfordshire Police,-0.439579,52.122466,On or near Eastcotts Road,E01017520,Bedford 014C,Unable to prosecute suspect
1beed81bcb7a093588285f40458df90b19b50272fdfef88f4655b1912d9563d2,2023-04,Bedfordshire Police,Bedfordshire Police,-0.253090,52.095798,On or near Nursery Close,E01017388,Central Bedfordshire 005F,Unable to prosecute suspect
564a380dcad3eac323d367775db3842e53d73edef77dd124d4133a7abb929b4e,2023-04,Bedfordshire Police,Bedfordshire Police,-0.455500,52.150800,On or near Kingfisher Close,E01017456,Bedford 005D,Investigation complete; no suspect identified
2c9a34908415a07ab7e6aceb6d31e82e381a9913175b3f30c02479a0a94444f9,2023-04,Bedfordshire Police,Bedfordshire Police,-0.460897,52.128929,On or near Shopping Area,E01017522,Bedford 014E,Unable to prosecute suspect
fe176ac902793f4a1ef450370f65e428698a1b968cb16a47712b72cf495611f7,2023-04,Bedfordshire Police,Bedfordshire Police,-0.482975,52.136717,On or near Hurst Grove,E01017539,Bedford 013E,Investigation complete; no suspect identified
aff30b562282d48afe904a035e80d79b9b7e3b933505f0e30534141f55ba0b17,2023-04,Bedfordshire Police,Bedfordshire Police,-0.370668,51.986760,On or near Sandy Heath Close,E01017444,Central Bedfordshire 011F,Unable to prosecute suspect
8fd6c21f836fb764a5c7cf04ba5d2cca492b010e161dd0cc6fa6e3cd07507ceb,2023-04,Bedfordshire Police,Bedfordshire Police,-0.418008,51.876476,On or near New Street,E01015795,Luton 021F,Unable to prosecute suspect
6267ce7ad32b5726b314a0d9948dc43359c7d242f7af88c35d2a678ed8532bf8,2023-04,Bedfordshire Police,Bedfordshire Police,-0.468792,52.143385,On or near Foster Hill Road,E01017497,Bedford 010A,Unable to prosecute suspect
cc95f8f8ab80c1d966d7cdd33375258a51864946e0afcb8b9220ff3ecc04c429,2023-04,Bedfordshire Police,Bedfordshire Police,-0.550040,52.208797,On or near The High Road,E01017464,Bedford 002A,Unable to prosecute suspect
b05663f2aab2da9c2ca55a5af87dc3186b8a4bc0bc33f98e18f8589e94b4edc9,2023-04,Bedfordshire Police,Bedfordshire Police,-0.461193,52.131067,On or near Kingsbrook Road,E01017522,Bedford 014E,Suspect charged
8ee2c2476d6c2d37cc0e4945a66edf865cb9122a000eb5931cb867e060fee8de,2023-04,Bedfordshire Police,Bedfordshire Police,-0.266226,52.003198,On or near Prince Of Wales,E01017376,Central Bedfordshire 010A,Investigation complete; no suspect identified
4ff43ead79caf4bbc40e78099d99f1404bb4c48993d56135b28db9d986791520,2023-04,Bedfordshire Police,Bedfordshire Police,-0.365304,51.890835,On or near Cutlers Green,E01015810,Luton 014F,Local resolution
7024d667f91f0a260720d0bd594377e10d019a08416f52c387c14ff8bf651451,2023-04,Bedfordshire Police,Bedfordshire Police,-0.474433,51.894144,On or near Hospital,E01015713,Luton 013A,Unable to prosecute suspect
a77f1a98f055cc54e3f6ba158799f75725e15ce90edb112c4e2bc0ba5e25f8b5,2023-04,Bedfordshire Police,Bedfordshire Police,-0.417059,51.881571,On or near Bridge Street,E01033803,Luton 023A,Unable to prosecute suspect
639e4bd167ce3cdd675c8c669c3fd8d4dbea5369c7d902cbd809868d55eda90f,2023-04,Bedfordshire Police,Bedfordshire Police,-0.520461,51.889120,On or near Supermarket,E01033837,Central Bedfordshire 029G,Unable to prosecute suspect
135256969ddc08ab93256ae5651ceeccbc157c4c963f896c3d9e8474e5f8c25e,2023-04,Bedfordshire Police,Bedfordshire Police,-0.484986,51.890539,On or near Petrol Station,E01017583,Central Bedfordshire 027B,Investigation complete; no suspect identified
e90068a40f3d12388f73ebecb44b662310a6c43daecb4cc86fb448e7ea19adb4,2023-04,Bedfordshire Police,Bedfordshire Police,-0.267990,52.092547,On or near Royal Oak Close,E01017387,Central Bedfordshire 005E,Local resolution
43ba1b89c82acedaabd0318e0bc10d823e638dbef9d8414cab8355d4b179a1db,2023-04,Bedfordshire Police,Bedfordshire Police,-0.447269,51.896638,On or near Covent Garden Close,E01015787,Luton 015D,Investigation complete; no suspect identified
81d2fd795dcc84d382d92ea4ce0bb5f4ae239004bdf0358f599760db36fddde1,2023-04,Bedfordshire Police,Bedfordshire Police,-0.299690,52.131114,On or near Sandford Rise,E01017430,Central Bedfordshire 002A,Suspect charged
e57f28175e7d57045754282e67fee49e71ac9358345083c7dffa0855dea591e0,2023-04,Bedfordshire Police,Bedfordshire Police,-0.415876,51.878609,On or near Shopping Area,E01033806,Luton 021G,Suspect charged
448856687ee92549ad7ae306ab68193d9513c676cae2f8303703ff711724dcaf,2023-04,Bedfordshire Police,Bedfordshire Police,-0.493142,52.162355,On or near The Slade,E01017479,Bedford 003B,Unable to prosecute suspect
6338d9d4fa92232f3799428a02760782d7ed6d21467fae60f211feddb5a803b4,2023-04,Bedfordshire Police,Bedfordshire Police,-0.367270,51.875839,On or near Airport/Airfield,E01015808,Luton 014D,Unable to prosecute suspect
f57084bc1321310658d8caef5a6f89af67bb120a8ec80a6dccec3c91500f6a4a,2023-04,Bedfordshire Police,Bedfordshire Police,-0.264603,52.087309,On or near Church Street,E01017385,Central Bedfordshire 005C,Investigation complete; no suspect identified
a3b5f4762a7fbfbce1a347619cf0def1ee617c3f0d656108034a742eeba6b1ce,2023-04,Bedfordshire Police,Bedfordshire Police,-0.474963,52.143707,On or near Clarendon Street,E01017500,Bedford 010D,Investigation complete; no suspect identified
e7edbf74d6701d89574b4dbf42a29cb4fe09c8c666c0e0e9dfea494ab2e46b05,2023-04,Bedfordshire Police,Bedfordshire Police,-0.392282,51.887412,On or near Highover Close,E01015780,Luton 016E,Local resolution
4f828f529049e9ff348a0ac2897d0492b5e4369d68b59cb1af00b57834b1c6ec,2023-04,Bedfordshire Police,Bedfordshire Police,-0.455156,52.146381,On or near Balmoral Avenue,E01017482,Bedford 009A,Unable to prosecute suspect
85dde4f55ef8df0936efce59cc1389cc9bd0f16efeba6891b6e53185ab46a701,2023-04,Bedfordshire Police,Bedfordshire Police,,,No location,,,Unable to prosecute suspect
98ecc94ed515cc95c7bcbcaa3ad68a071036df9dd92cf1a510100dbcb5d7aa36,2023-04,Bedfordshire Police,Bedfordshire Police,-0.288976,52.130861,On or near Windsor Way,E01017435,Central Bedfordshire 002D,Further action is not in the public interest
c91ee9084c20dab6734116b5229eaec6cbf17236dc4befd2b8fcb7ad5fc14d56,2023-04,Bedfordshire Police,Bedfordshire Police,-0.408854,52.151745,On or near Odin Close,E01017493,Bedford 007F,Unable to prosecute suspect
98fd078ce7f8986d49c724efb927699e75494d3776c38f5a2586043e1bc2e496,2023-04,Bedfordshire Police,Bedfordshire Police,-0.408854,52.151745,On or near Odin Close,E01017493,Bedford 007F,Unable to prosecute suspect
411a44ba268e13a8e659087068d410749e835b5b60a56c864ac9b35a4509ee2a,2023-04,Bedfordshire Police,Bedfordshire Police,,,No location,,,Unable to prosecute suspect
786e1bfa372aafe86146fed868b32ee03a77d1f98a7ec66fcb0ad770a9fc5668,2023-04,Bedfordshire Police,Bedfordshire Police,,,No location,,,Unable to prosecute suspect
8cb6dc6f4016b2f2c1521feed32dff89beb8da5c59f5267daeed1665da738884,2023-04,Bedfordshire Police,Bedfordshire Police,,,No location,,,Unable to prosecute suspect
3dee086c7e49a51dca2760ea8acfaea50131aa94bf8cf53cdb5ad617037612d9,2023-04,Bedfordshire Police,Bedfordshire Police,,,No location,,,Unable to prosecute suspect
d2d678bc0b285b0109907ee3dc3cd91a107f56b55a2465be5451bab3912c8060,2023-04,Bedfordshire Police,Bedfordshire Police,-0.508507,52.141826,On or near Fleming Close,E01034414,Bedford 008F,Unable to prosecute suspect
51e239b4dcccdb38e5cca26a5d4fbe48663413eee7b3213c052626b40d9a4f8d,2023-04,Bedfordshire Police,Bedfordshire Police,-0.470381,51.899971,On or near Manor Farm Close,E01015751,Luton 005B,Investigation complete; no suspect identified
339a1ec6ab91215be4e8ed7014021833a99c79d2726d451cdf05e2fd213b42c6,2023-04,Bedfordshire Police,Bedfordshire Police,,,No location,,,Unable to prosecute suspect
b9139fac24d235f330c5ec773c27327e12d9677e5cff9551bf421656ef72d08c,2023-04,Bedfordshire Police,Bedfordshire Police,-0.601082,52.269068,On or near Parking Area,E01017503,Bedford 002C,Unable to prosecute suspect
8b8dbd34ea521d3158f63a16e0da21b0113e303a42dbb189081137c5b475a785,2023-04,Bedfordshire Police,Bedfordshire Police,-0.434350,52.148696,On or near Dale Close,E01017489,Bedford 007B,Unable to prosecute suspect
6733dd48b6992186d395e9b2abea867829f085671b83aaf2d383d9a673ef07d0,2023-04,Bedfordshire Police,Bedfordshire Police,-0.513611,51.887991,On or near Dukeminster Road,E01033836,Central Bedfordshire 029F,Unable to prosecute suspect
d502ae82c986fa993b6cbe56958691edd4918bec9b6b4c34c77ebc0a0f6f7452,2023-04,Bedfordshire Police,Bedfordshire Police,-0.376845,51.883100,On or near Prince Way,E01015811,Luton 014G,Investigation complete; no suspect identified
5f46c77a1b0edc859bcb39e1d0fbc27974d3b1807d194be22b68db2daaff0a43,2023-04,Bedfordshire Police,Bedfordshire Police,-0.466098,52.135878,On or near Shopping Area,E01034419,Bedford 012H,Unable to prosecute suspect
ba8c6ff82271155ac0101ef34bdea9645d61a8ef9a4834f42f3377d7e4185ae9,2023-04,Bedfordshire Police,Bedfordshire Police,-0.510416,51.906374,On or near Parkside Close,E01017581,Central Bedfordshire 026D,Unable to prosecute suspect
85f9bf2cfb8db2771f14d0350ceb236c3b37ceab8e41d3584e59905aa0a97a6f,2023-04,Bedfordshire Police,Bedfordshire Police,-0.414871,51.877270,On or near Flowers Way,E01033806,Luton 021G,Unable to prosecute suspect
eadf683cc44b168fffb75941822b6c33c1962ae990b1a49fa343123ea9215ece,2023-04,Bedfordshire Police,Bedfordshire Police,-0.508365,52.126386,On or near Edgar Green,E01034417,Bedford 008I,Unable to prosecute suspect
9f6b0fc0bc2ca868ec649a9d5e26b93309fad483d398912fb2e92895f8d9917d,2023-04,Bedfordshire Police,Bedfordshire Police,-0.466657,52.136614,On or near High Street,E01034419,Bedford 012H,Unable to prosecute suspect
e0a950c94e8257f50f01082fef65ecc05cf9714c1e41f1eb923588b76d699109,2023-04,Bedfordshire Police,Bedfordshire Police,-0.430853,52.108881,On or near Blackburn Close,E01017487,Bedford 021B,Investigation complete; no suspect identified
3da512c0f6f18a7584344f4694ab72fca456507d63a97252206ac83a5f5b7dcf,2023-04,Bedfordshire Police,Bedfordshire Police,-0.376845,51.883100,On or near Prince Way,E01015811,Luton 014G,Investigation complete; no suspect identified
a434299dd4b29e5557da7febd6b037268c1504974f2e531cc0947c26c5f3d495,2023-04,Bedfordshire Police,Bedfordshire Police,-0.520854,52.092880,On or near Fields Road,E01034426,Bedford 020F,Investigation complete; no suspect identified
a260b779a98ca9767b1c82661ef779193f45068b650db5ee31ca9744073d2434,2023-04,Bedfordshire Police,Bedfordshire Police,-0.436949,52.146698,On or near The Croft,E01017491,Bedford 007D,Unable to prosecute suspect
6834becb7c201704de174d0d8a261b426d08bf73d62f0d499cb64f2b62831438,2023-04,Bedfordshire Police,Bedfordshire Police,-0.484037,52.132127,On or near Nelson Street,E01017538,Bedford 013D,Unable to prosecute suspect
183c57c88f8e914055bf7ed2ca6d2f57a95525ffea624ce4c717c1fce9ff6b4a,2023-04,Bedfordshire Police,Bedfordshire Police,-0.527229,52.151493,On or near Arundel Gardens,E01017460,Bedford 008B,Unable to prosecute suspect
bbae6a6b5f24e177696c0d7fe6c50f8a1cf5db9b7e3560dec2798ba162be45ab,2023-04,Bedfordshire Police,Bedfordshire Police,-0.659741,51.912951,On or near Sports/Recreation Area,E01017555,Central Bedfordshire 021A,Investigation complete; no suspect identified
b4d0649d52fa5102ca85dd81f87b131d3d05b53d47af5f49088124b8f0e29124,2023-04,Bedfordshire Police,Bedfordshire Police,-0.368669,51.881800,On or near Parking Area,E01015811,Luton 014G,Investigation complete; no suspect identified
1b3c5958043036af821e0011b3b714a6d531b9585aba92eafca6072e9fc1c26b,2023-04,Bedfordshire Police,Bedfordshire Police,-0.335593,52.037998,On or near High Street,E01017437,Central Bedfordshire 011A,Investigation complete; no suspect identified
ec6851c9c71ba3825422892a40b0445ef71a4d793cccfe0cea65b622363da353,2023-04,Bedfordshire Police,Bedfordshire Police,-0.513611,51.887991,On or near Dukeminster Road,E01033836,Central Bedfordshire 029F,Unable to prosecute suspect
c09d743dc4f896d35a9827f3f62d41b8d2ff090223d2582fb6f6158939950cb1,2023-04,Bedfordshire Police,Bedfordshire Police,-0.423499,51.903048,On or near Bideford Gardens,E01015694,Luton 007B,Unable to prosecute suspect
e8c7b31dedc878e535363b0a81cf1dfa2fe203775eb19d855dc2299736b7174e,2023-04,Bedfordshire Police,Bedfordshire Police,-0.297183,52.038942,On or near Stockbridge Road,E01017391,Central Bedfordshire 013A,Unable to prosecute suspect
87d346c0c0a39a888031ba4394b05328f3ef23d175d96d11c803b0de25998441,2023-04,Bedfordshire Police,Bedfordshire Police,-0.429013,51.874151,On or near Hillary Crescent,E01015734,Luton 020C,Unable to prosecute suspect
74e1171dc35dfd70b88c7f6d6bfec9b9a324205e1c5e3c6636dbd9fddc456cb2,2023-04,Bedfordshire Police,Bedfordshire Police,-0.475501,52.135631,On or near Rutland Road,E01017466,Bedford 012A,Investigation complete; no suspect identified
ff554face91818bf737381102145740b606b86d676f4539b46dad399e0bff2ee,2023-04,Bedfordshire Police,Bedfordshire Police,-0.466657,52.136614,On or near High Street,E01034419,Bedford 012H,Unable to prosecute suspect
444135fe4041d49fc6f66950ce1afda5f54be990e304ed693c7e8af887577b9b,2023-04,Bedfordshire Police,Bedfordshire Police,-0.506736,52.011132,On or near Fry Grove,E01017406,Central Bedfordshire 016D,Unable to prosecute suspect
9acd677b5c38f9c5e10a431fd3c54957bf1a3622fcf67711eb0a521480f4ba13,2023-04,Bedfordshire Police,Bedfordshire Police,,,No location,,,Local resolution
6e1f9100baa2b6a68ddfbac97792e90c3f6a9fc5e0cc65566ff7fe9c3d40f6be,2023-04,Bedfordshire Police,Bedfordshire Police,-0.281895,52.122378,On or near Supermarket,E01017431,Central Bedfordshire 002B,Suspect charged
a43519e5cbc143528f98f2a1cc83bbdacf217f6efb645eafcf415c4b3573178a,2023-04,Bedfordshire Police,Bedfordshire Police,-0.298376,52.128398,On or near McMurdo Court,E01017431,Central Bedfordshire 002B,Unable to prosecute suspect
8ccbe904a50878f00bf4af7fca93c4b7b47b34500bd05c9807b885b917bf74d0,2023-04,Bedfordshire Police,Bedfordshire Police,-0.298376,52.128398,On or near McMurdo Court,E01017431,Central Bedfordshire 002B,Unable to prosecute suspect
730ea69e41550a06a78457c1b8f4f2df04acb4c60c34ad1389eb5305161857ea,2023-04,Bedfordshire Police,Bedfordshire Police,-0.298376,52.128398,On or near McMurdo Court,E01017431,Central Bedfordshire 002B,Unable to prosecute suspect
c5631f144d462ae02bb2d483ed07899d6eff9d793b722790aa817f204f861f36,2023-04,Bedfordshire Police,Bedfordshire Police,-0.635974,51.919729,On or near Rye Close,E01017605,Central Bedfordshire 020C,Investigation complete; no suspect identified
c24731915690326234881eb462582354a6ee39c7978da96ce92837f5cba1cf00,2023-04,Bedfordshire Police,Bedfordshire Police,-0.413437,51.876729,On or near Burrs Place,E01033806,Luton 021G,Unable to prosecute suspect
dee70ffce355f878b67ead7c71c54dc4c53da5725a99329dd296af68bb9d9230,2023-04,Bedfordshire Police,Bedfordshire Police,-0.367270,51.875839,On or near Airport/Airfield,E01015808,Luton 014D,Formal action is not in the public interest
fb5d4ba49e2efe301c29cbacd3a0ee18a33696720c6885b370aedb0fabf1931c,2023-04,Bedfordshire Police,Bedfordshire Police,-0.264645,52.088171,On or near Supermarket,E01017385,Central Bedfordshire 005C,Suspect charged
fb5d4ba49e2efe301c29cbacd3a0ee18a33696720c6885b370aedb0fabf1931c,2023-04,Bedfordshire Police,Bedfordshire Police,-0.264645,52.088171,On or near Supermarket,E01017385,Central Bedfordshire 005C,Suspect charged
439f1b906618c953b991d37c5a4f2e5df7ec10a5e004c4f0a8ebe7b17ef203ad,2023-04,Bedfordshire Police,Bedfordshire Police,-0.367270,51.875839,On or near Airport/Airfield,E01015808,Luton 014D,Investigation complete; no suspect identified
9132048109c5df22465fd8376c09506936de32ec2b40a092953604a9c6a9f71e,2023-04,Bedfordshire Police,Bedfordshire Police,,,No location,,,Investigation complete; no suspect identified
45b7660a5f795159f11be3f177a4fa29dbeaf4526c03ed5456472b3d4ab2492d,2023-04,Bedfordshire Police,Bedfordshire Police,,,No location,,,Investigation complete; no suspect identified
6a03455cb86889fd810ce527fe6404c0092567c2543381aca39eb5ce74479847,2023-04,Bedfordshire Police,Bedfordshire Police,-0.459300,51.913278,On or near Honiton Mews,E01015802,Luton 003F,Suspect charged
6698f879129f95a4d4e5e8aa098de64fb5ddcadc45734dc1b82fb42ca8b37bf7,2023-04,Bedfordshire Police,Bedfordshire Police,-0.459300,51.913278,On or near Honiton Mews,E01015802,Luton 003F,Suspect charged
41a488bc264cfb8e2a81219d93d8c72092dc73b78bde26ce331777b523029d84,2023-04,Bedfordshire Police,Bedfordshire Police,-0.431545,52.156967,On or near Newark Avenue,E01017531,Bedford 006C,Local resolution
b21554727457d843a0ff0088e29a95316f62a3c475eb7e4e189617d6e24e7b2d,2023-04,Bedfordshire Police,Bedfordshire Police,-0.455465,51.895407,On or near Chester Avenue,E01015711,Luton 011A,Unable to prosecute suspect
289b62053e119b42c9d946102e81ab7a9f24227f34c72cb187cf8c70007e7b06,2023-04,Bedfordshire Police,Bedfordshire Police,-0.411539,51.878250,On or near Further/Higher Educational Building,E01015789,Luton 023D,Unable to prosecute suspect
f2e309915fd6b0db3a20eb3a024eb836bc948ece4d7853544d4b41938e34984d,2023-04,Bedfordshire Police,Bedfordshire Police,-0.465245,52.131362,On or near St John's Street,E01034420,Bedford 015G,Suspect charged
a2e20662d08cbdf26e4d273551dd50de32cdb62207270230d59f9169d190ccb3,2023-04,Bedfordshire Police,Bedfordshire Police,-0.660931,51.916635,On or near Market Square,E01017555,Central Bedfordshire 021A,Unable to prosecute suspect
3b8fc17b5207fa9f321982d1785415493af0f1f0c6298d8cdd4ec54e2299485d,2023-04,Bedfordshire Police,Bedfordshire Police,-0.470200,52.131301,On or near Cauldwell Place,E01034420,Bedford 015G,Suspect charged
fb4c2b21c919ac2c9603e22fb08f61e4f46727e82d787f56fa7bd6a298c4cb7c,2023-04,Bedfordshire Police,Bedfordshire Police,-0.406270,51.881812,On or near Moulton Rise,E01015743,Luton 022E,Unable to prosecute suspect
1d4197ae57d0b5a235a04b1eea42ff3b2f791013437e1bf6da72d2eda1c4cdf6,2023-04,Bedfordshire Police,Bedfordshire Police,-0.497485,52.002392,On or near Coniston Road,E01017405,Central Bedfordshire 016C,Investigation complete; no suspect identified
20bd0f658c93a6f1b0079e36d8ca89dff8166f92050cbb96972026dd86e63326,2023-04,Bedfordshire Police,Bedfordshire Police,-0.427101,52.142476,On or near Chapel Close,E01017527,Bedford 011D,Investigation complete; no suspect identified
ba8347c70b4605d292db3468e3f6f60949439d5e14bee5a9f3abca640477b8a7,2023-04,Bedfordshire Police,Bedfordshire Police,-0.445170,51.897663,On or near Petrol Station,E01015787,Luton 015D,Suspect charged
d5f41f7dae601d00b9d2917db12de01efb0230b465ce9c0eafceff869987adf1,2023-04,Bedfordshire Police,Bedfordshire Police,-0.500068,52.108964,On or near Abbott Crescent,E01017514,Bedford 018B,Suspect charged
f37295b3f7599abe4354822f980554affba1acf4e5e4ae174e8b39ce83a8816a,2023-04,Bedfordshire Police,Bedfordshire Police,-0.430378,51.885454,On or near Beech Road,E01015725,Luton 017E,Suspect charged
927edb89ca515b6164d38b30ebe62b8fcc7f36b762ef20187e7e1ee26acbf973,2023-04,Bedfordshire Police,Bedfordshire Police,-0.288496,52.128885,On or near Supermarket,E01017431,Central Bedfordshire 002B,Investigation complete; no suspect identified
3ab4b34cd5e62061cabe69e97ec19940216e92fa2a7bec785f1b5b2d4096839c,2023-04,Bedfordshire Police,Bedfordshire Police,-0.656432,51.915864,On or near Albany Road,E01017555,Central Bedfordshire 021A,Investigation complete; no suspect identified
33373cc4380c56ed1ccdf819b6f26e3a3d9b0d5f90198fb003a0b5df264238e4,2023-04,Bedfordshire Police,Bedfordshire Police,-0.415876,51.878609,On or near Shopping Area,E01033806,Luton 021G,Investigation complete; no suspect identified
1627a4f67d45cac096a3252e1eb895c3dffc876c6357c3f2cc0c4119ee1467a8,2023-04,Bedfordshire Police,Bedfordshire Police,-0.365304,51.890835,On or near Cutlers Green,E01015810,Luton 014F,Suspect charged
a5338d76fd790409a8d19c1e02d9650b44a41a6454e3180e690270571e21658e,2023-04,Bedfordshire Police,Bedfordshire Police,-0.365304,51.890835,On or near Cutlers Green,E01015810,Luton 014F,Suspect charged
41c6b3a16ba347b02372cbf0e8447c1332d1ca25fa5861f0e6d7403bde73a83a,2023-04,Bedfordshire Police,Bedfordshire Police,-0.365304,51.890835,On or near Cutlers Green,E01015810,Luton 014F,Suspect charged
f64d3bf610b5a4107d822ccc2c05a2aad7057def50498379da9276f22fe51c46,2023-04,Bedfordshire Police,Bedfordshire Police,,,No location,,,Investigation complete; no suspect identified
054c5420fb18585b64456778338cbef1ad0a57a107edfb53b493f98851312f75,2023-04,Bedfordshire Police,Bedfordshire Police,-0.458714,51.867539,On or near Winchfield,E01017563,Central Bedfordshire 033C,Investigation complete; no suspect identified
bfe63f52d387fa87b54432510b78c04868642b0b955606b415cca9cfbaf02c2e,2023-04,Bedfordshire Police,Bedfordshire Police,-0.398598,51.872428,On or near Gipsy Lane,E01015790,Luton 021B,Investigation complete; no suspect identified
f932022ebbf6cd6766a9f709d93496fd4c1675fa68711d68f99c7cc61ee53a8e,2023-04,Bedfordshire Police,Bedfordshire Police,-0.398598,51.872428,On or near Gipsy Lane,E01015790,Luton 021B,Investigation complete; no suspect identified
474a1c966f13dcf3eb0cc961d398373dd342fe5ce7b53fd898e48fa6ab1ead8c,2023-04,Bedfordshire Police,Bedfordshire Police,-0.398598,51.872428,On or near Gipsy Lane,E01015790,Luton 021B,Investigation complete; no suspect identified
bb17941a304b4e42851928da69083b11c41ea4bf911126b26b2da569df92e00c,2023-04,Bedfordshire Police,Bedfordshire Police,-0.495187,52.113829,On or near The Planes,E01017513,Bedford 018A,Investigation complete; no suspect identified
c92afa4191abd59abbc860b6363fd9b249ed6a093b269cd36defde200e23bcb9,2023-04,Bedfordshire Police,Bedfordshire Police,-0.506572,51.911397,On or near Parkside Drive,E01017601,Central Bedfordshire 025B,Unable to prosecute suspect
9627a5b86a6dc453059272eccd0f4c1d385733ba01fc49278f5dd709eb7f828e,2023-04,Bedfordshire Police,Bedfordshire Police,-0.361020,51.888374,On or near Malthouse Green,E01015810,Luton 014F,Investigation complete; no suspect identified
61f1511d3523dd6f8a8af063f52ade74e07e1749d6d3507d312707241d2132ac,2023-04,Bedfordshire Police,Bedfordshire Police,-0.473584,52.134860,On or near Western Street,E01017466,Bedford 012A,Unable to prosecute suspect
82d7ecec146c9129f3be706b1aef738c5dcb4c10cf6ea5e2f088d52e02d9cfde,2023-04,Bedfordshire Police,Bedfordshire Police,-0.404081,51.869453,On or near Sports/Recreation Area,E01015790,Luton 021B,Investigation complete; no suspect identified
95bc2ed35c7547e2586bd395832a56eb5bc128af527d17a86a3650efec084ddc,2023-04,Bedfordshire Police,Bedfordshire Police,-0.398702,51.872815,On or near Shopping Area,E01015790,Luton 021B,Investigation complete; no suspect identified
c497de00d78321477520d93884581352ef40c298f0715da01b3acc402aeece52,2023-04,Bedfordshire Police,Bedfordshire Police,-0.638778,51.917396,On or near Sports/Recreation Area,E01033831,Central Bedfordshire 024K,Unable to prosecute suspect
925e6892907d3042b8bc7e4d0c14f0f093620214563610a74be8a9ab19156d42,2023-04,Bedfordshire Police,Bedfordshire Police,-0.417907,51.883911,On or near Villa Road,E01033801,Luton 022C,Investigation complete; no suspect identified
9ac92487da1737d27df48e37e29d5969fae3699a9bed2f0eccff8d6866e356ae,2023-04,Bedfordshire Police,Bedfordshire Police,-0.451718,51.897416,On or near Seaton Road,E01015717,Luton 011E,Unable to prosecute suspect
0828fb3231f754f198dd114a92d2cecc7e0ceba43f7d15a38e3b5d2a3fc75efb,2023-04,Bedfordshire Police,Bedfordshire Police,-0.470992,51.890970,On or near Eldon Road,E01015714,Luton 013B,Investigation complete; no suspect identified
55ecb3b565147284736b44b5e0430d0212bd11294d149083f1612185d7c12f32,2023-04,Bedfordshire Police,Bedfordshire Police,-0.558414,52.062065,On or near Ellis Green,E01033822,Central Bedfordshire 009I,Unable to prosecute suspect
8d25d47f768e0995c4f6643efe5300769f8cbf01b311df83ad97c7565cd35d9a,2023-04,Bedfordshire Police,Bedfordshire Police,-0.414213,51.885237,On or near Boyle Close,E01033801,Luton 022C,Unable to prosecute suspect
1f583928954d9a8b21999cfbfdc41308ace4d40832f5606fc4b4b149602ab7d8,2023-04,Bedfordshire Police,Bedfordshire Police,,,No location,,,Unable to prosecute suspect
e4c6a9a3c8e44329d680bd109d994e2de57c31257dcae5c1606b261b0a7ef6f3,2023-04,Bedfordshire Police,Bedfordshire Police,,,No location,,,Unable to prosecute suspect
0c97315c36343698c0207658053203a83887040b925eb2fd1778d4f6c994bd98,2023-04,Bedfordshire Police,Bedfordshire Police,-0.500092,51.876355,On or near Morcom Road,E01017594,Central Bedfordshire 030C,Unable to prosecute suspect
c5fff66af6bc7d6ef03f7db17ffd3105333cbda5fe98867f2a9b899f01660594,2023-04,Bedfordshire Police,Bedfordshire Police,-0.660479,51.914238,On or near Grove Place,E01017555,Central Bedfordshire 021A,Unable to prosecute suspect
b39db2a968b902195bdee824e37cb188d8b3fac74f774059767afd2223eb0152,2023-04,Bedfordshire Police,Bedfordshire Police,,,No location,,,Unable to prosecute suspect
f1014c1be5a85888f2478f3b7fff5319d72475f86cfe55beba93e604b791dc5d,2023-04,Bedfordshire Police,Bedfordshire Police,-0.499560,52.123640,On or near Emmerton Road,E01017509,Bedford 016A,Investigation complete; no suspect identified
27dc679836ffd0ed9a74a983276f2c5171a105c74f28f710304927f7cd88ab94,2023-04,Bedfordshire Police,Bedfordshire Police,-0.507502,51.915787,On or near Yew Street,E01017619,Central Bedfordshire 025E,Unable to prosecute suspect
29dff29c5c726c939b35788b35e54a7b047a9584240a5608f3572eece308b3b0,2023-04,Bedfordshire Police,Bedfordshire Police,-0.425746,51.874530,On or near Bonnick Close,E01015735,Luton 020D,Unable to prosecute suspect
5069857ddca86c7ef8781ca56fec8fe25c4b0cc88e576139154ccb59ff5024ff,2023-04,Bedfordshire Police,Bedfordshire Police,-0.532082,51.894598,On or near Houghton Parade,E01033834,Central Bedfordshire 028G,Unable to prosecute suspect
c5498ad3472b3e62080efa0e8621d4737ab64e48ffeaf37dc2088a74cd55d00c,2023-04,Bedfordshire Police,Bedfordshire Police,-0.472014,52.143175,On or near Roff Avenue,E01017497,Bedford 010A,Unable to prosecute suspect
7ee485a9b102c52ab8de75223d3b3312fef147ff2f655a347c546d768cc23084,2023-04,Bedfordshire Police,Bedfordshire Police,,,No location,,,Unable to prosecute suspect
582ab7cc9f976e6faa388d8edee30258ef1288df824d097afff29dd13ad70325,2023-04,Bedfordshire Police,Bedfordshire Police,-0.260018,52.092960,On or near Winston Crescent,E01017388,Central Bedfordshire 005F,Unable to prosecute suspect
a96297a2130fca5d4f0dd5342b422825f9434a4c9e0880fb7f1e636f44b1265b,2023-04,Bedfordshire Police,Bedfordshire Police,-0.492620,51.962030,On or near Hillside Close,E01017408,Central Bedfordshire 017B,Investigation complete; no suspect identified
7c83e923876d3134848db0710a2646f8c0a78220c46c8d16bae1fe995ecd284d,2023-04,Bedfordshire Police,Bedfordshire Police,-0.642364,51.906963,On or near Cormorant Way,E01033192,Central Bedfordshire 024F,Unable to prosecute suspect
ffce32dfc3dbb40c95a34fbe91901a3025c05f159edcebb680d1cb9c7dbe4304,2023-04,Bedfordshire Police,Bedfordshire Police,-0.415025,51.880320,On or near Parking Area,E01033805,Luton 023C,Investigation complete; no suspect identified
1b6f8d62eb9d07b49da1b0f2c175cb6129eab16d5e3de02e0c31419eb0f9420b,2023-04,Bedfordshire Police,Bedfordshire Police,-0.333522,52.037421,On or near Supermarket,E01017437,Central Bedfordshire 011A,Unable to prosecute suspect
98d0e79cb6ea61dd56e3a48a3d8eacb55430d779e9fb9d37983bfd57738d3197,2023-04,Bedfordshire Police,Bedfordshire Police,-0.436949,52.146698,On or near The Croft,E01017491,Bedford 007D,Unable to prosecute suspect
c86b6d904cb7a1f130ae887772a7bd938221c9917dd9d609538acbeaa3355bdf,2023-04,Bedfordshire Police,Bedfordshire Police,-0.503496,51.878817,On or near Oakwood Avenue,E01017593,Central Bedfordshire 030B,Unable to prosecute suspect
85e4207431d8f38f94417bb5858f3d6eabd21dcde8461238b861a5037c00cf54,2023-04,Bedfordshire Police,Bedfordshire Police,-0.335127,52.036409,On or near Old Bridge Way,E01017440,Central Bedfordshire 011D,Unable to prosecute suspect
e0bfcb4b0fe585c74b7b9131e8af995bcde78a5e692e2ced8b5f7e207a5416af,2023-04,Bedfordshire Police,Bedfordshire Police,-0.401888,51.898450,On or near Lynwood Avenue,E01015796,Luton 012F,Unable to prosecute suspect
da0daf27fca99554d4559e5851d4c7be35b5716a6e5a9bdb3553d8ab6e83f258,2023-04,Bedfordshire Police,Bedfordshire Police,-0.436495,51.889222,On or near Mansfield Road,E01015703,Luton 015A,Unable to prosecute suspect
4f2739ffa53c07aadf4d143d9dae1e37103950af7536b0403c6b895e3728392c,2023-04,Bedfordshire Police,Bedfordshire Police,-0.471169,52.139675,On or near Adelaide Square,E01017502,Bedford 010F,Unable to prosecute suspect
fe561b41d51d467e948fa23e947dbe8eef7c5754f49eedb59eccbe1e7fcbb1de,2023-04,Bedfordshire Police,Bedfordshire Police,-0.471169,52.139675,On or near Adelaide Square,E01017502,Bedford 010F,Unable to prosecute suspect
b38ee00a4b10cd3984df7fce8cc875377b21e54e029d2c5b505e26f1b74f8c18,2023-04,Bedfordshire Police,Bedfordshire Police,-0.416120,51.878932,On or near George Street,E01033803,Luton 023A,Investigation complete; no suspect identified
d923f2e971f140293481978c246f1d135b826fe24ceeb6350c6dc7c0ef2981e0,2023-04,Bedfordshire Police,Bedfordshire Police,-0.412740,51.885801,On or near St Matthews Close,E01033801,Luton 022C,Unable to prosecute suspect
7ef3f6c3b278ef6074c6fa25bc50fe20a0d5ac59ef7b6f0e0ad1280fde39e559,2023-04,Bedfordshire Police,Bedfordshire Police,-0.398254,51.876389,On or near Armstrong Road,E01015719,Luton 016A,Unable to prosecute suspect
61fa58c93e90f87c5412c43048406516e482351f6b2a3beaa67d4a9cd61115bb,2023-04,Bedfordshire Police,Bedfordshire Police,-0.602853,52.270078,On or near Manor Lane,E01017503,Bedford 002C,Local resolution
2694c48e14b89fa902986f93e8b23c485f0411431fa3857dc53378c181a74152,2023-04,Bedfordshire Police,Bedfordshire Police,-0.531518,51.887389,On or near Chiltern Road,E01017596,Central Bedfordshire 028C,Unable to prosecute suspect
e6abb926969fd655238d395cc3436ef54699dee4ed66090af443515a9794d4cd,2023-04,Bedfordshire Police,Bedfordshire Police,-0.290352,52.208722,On or near Supermarket,E01018177,Huntingdonshire 022A,Investigation complete; no suspect identified
b2d2fb0dd911ff98a8d5b8c4ca95a3ce24b907171792c20ed187aa8b0bdce326,2023-04,Bedfordshire Police,Bedfordshire Police,-0.458422,51.906226,On or near Petrol Station,E01015765,Luton 006B,Investigation complete; no suspect identified
f7d1bf0bb0da66bb84e72e0c9c810ec430fd9f2192f8eecac0ac87d38a14101b,2023-04,Bedfordshire Police,Bedfordshire Police,,,No location,,,Investigation complete; no suspect identified
8853785156e6f7d8aa19811c8594737a649ea627fdf26e7bc34304ee2bf1095c,2023-04,Bedfordshire Police,Bedfordshire Police,-0.288496,52.128885,On or near Supermarket,E01017431,Central Bedfordshire 002B,Investigation complete; no suspect identified
10adc4440ba644c1de87212f253fc19e94d5c5d25b3477d2f2cc4de3bb00ddd0,2023-04,Bedfordshire Police,Bedfordshire Police,-0.431272,51.918600,On or near Indigo Gardens,E01015746,Luton 004B,Investigation complete; no suspect identified
dc68d487dfefaf3a303b0b388531ebcbf99faedf9791592bf415a623a141d4f2,2023-04,Bedfordshire Police,Bedfordshire Police,-0.502670,52.140241,On or near Day's Lane,E01017460,Bedford 008B,Unable to prosecute suspect
d800d57edac8d66cf3d2853cdf71100eb8e2dc99abfe499cae6e7545fad5944a,2023-04,Bedfordshire Police,Bedfordshire Police,-0.290352,52.208722,On or near Supermarket,E01018177,Huntingdonshire 022A,Investigation complete; no suspect identified
ad03539bc5a582a90aa9f1159a38cbedf075ec744e0931f0dd53613066700a02,2023-04,Bedfordshire Police,Bedfordshire Police,-0.423236,51.882741,On or near Supermarket,E01015699,Luton 017B,Investigation complete; no suspect identified
0b809fe6aedfaf0b1322f51a6bced60f92c1a03f6e1a1c0bc31418c9b9d978ae,2023-04,Bedfordshire Police,Bedfordshire Police,-0.502015,51.887988,On or near Parrott Close,E01017584,Central Bedfordshire 027C,Unable to prosecute suspect
7798e062add0841e2cccdb723a06a1ee1ed2af3d3dc6c4b14c3160d05cc6ba93,2023-04,Bedfordshire Police,Bedfordshire Police,-0.437829,51.895174,On or near Rondini Avenue,E01015786,Luton 010F,Investigation complete; no suspect identified
c9f2e231f3b92d87d36b4a04364690b82e87a64e3ebefc16c5d18b5b382ba252,2023-04,Bedfordshire Police,Bedfordshire Police,-0.496702,52.113938,On or near Petrol Station,E01017514,Bedford 018B,Investigation complete; no suspect identified
1cb8e0f74ba92eb17f206a394d2669aa098596cf257edcd4cb286667ea136131,2023-04,Bedfordshire Police,Bedfordshire Police,-0.253856,52.096016,On or near Chew Meadow,E01017388,Central Bedfordshire 005F,Unable to prosecute suspect
4452640fd7c5e171f7233f82236d29574c95eff280df810b303e95aea82e02b6,2023-04,Bedfordshire Police,Bedfordshire Police,-0.460605,51.905329,On or near Grange Avenue,E01015755,Luton 005F,Investigation complete; no suspect identified
a4083ac750d28529a706b96370f8c3312eeea4cc9c0dc82cafb8b196b9ca1d1f,2023-04,Bedfordshire Police,Bedfordshire Police,-0.518335,52.112503,On or near Saunders Field,E01034424,Bedford 018H,Investigation complete; no suspect identified
dc98ab8dc24a61b69134d76da7fbc545a2a9409d298c4a6ea95bf8d164917752,2023-04,Bedfordshire Police,Bedfordshire Police,-0.253856,52.096016,On or near Chew Meadow,E01017388,Central Bedfordshire 005F,Unable to prosecute suspect
27780f24f6badd09f168bb08d45efd3546c9feccba7c2403abd60b1312f7fb37,2023-04,Bedfordshire Police,Bedfordshire Police,-0.435443,51.920777,On or near Supermarket,E01015706,Luton 001A,Investigation complete; no suspect identified
4c1e3f43ac65c9d9d0f85fe27a5d18fa90774e46e26095f3a311aa638b5c904f,2023-04,Bedfordshire Police,Bedfordshire Police,-0.507932,51.881310,On or near Half Moon Lane,E01017593,Central Bedfordshire 030B,Investigation complete; no suspect identified
9491fed0e7f68c97f176033654a8bdab4357cf1a4317d84ec11105c48a4d187d,2023-04,Bedfordshire Police,Bedfordshire Police,-0.527288,51.887417,On or near Victoria Street,E01017569,Central Bedfordshire 029D,Unable to prosecute suspect
e6c0a44c74dbf5c89b8106901d060cd4621911f8c1f5de56fc713e410f376182,2023-04,Bedfordshire Police,Bedfordshire Police,-0.556540,52.064065,On or near Parrot Grove,E01033821,Central Bedfordshire 009H,Investigation complete; no suspect identified
4118d9d997ee3fced8d93598840b8b0a2f37a5667c5c6a13975b63f261cbbd83,2023-04,Bedfordshire Police,Bedfordshire Police,-0.479102,52.127738,On or near Riverside Close,E01017512,Bedford 016D,Unable to prosecute suspect
b7a3bcf27b810743bb925d2ae3a5e2386b1cdec2354dec9b3ab3afa58a70fefa,2023-04,Bedfordshire Police,Bedfordshire Police,-0.500367,51.947518,On or near Toddington Service Area,E01017620,Central Bedfordshire 019C,Investigation complete; no suspect identified
577822d909e8c1168ce45b2dcb1c681bd1e98c8ef9eb6e4bc419532772dd583a,2023-04,Bedfordshire Police,Bedfordshire Police,-0.661480,51.924562,On or near Wentworth Drive,E01017607,Central Bedfordshire 020E,Investigation complete; no suspect identified
10872abf7b413b13b90b6d6c1b5006c8cc8a913e89b9e48a012c0830dbe85e1c,2023-04,Bedfordshire Police,Bedfordshire Police,-0.540060,52.100609,On or near Hall End Road,E01034425,Bedford 020E,Unable to prosecute suspect
727f11bf295e169a1181eae74f9744adeacbea5789318e300f4dcdc7378ba8b9,2023-04,Bedfordshire Police,Bedfordshire Police,-0.504479,52.113290,On or near Kendall Road,E01017515,Bedford 018C,Investigation complete; no suspect identified
042225f9a3ffbc37249755964e831f480783f5c64109313267042ac0758a0d75,2023-04,Bedfordshire Police,Bedfordshire Police,-0.497107,52.009311,On or near St Albans Close,E01017401,Central Bedfordshire 015C,Investigation complete; no suspect identified
0a54953b39396461b63337d7b1b1c347e2bede74f03905d27b9e370f3b37ef28,2023-04,Bedfordshire Police,Bedfordshire Police,-0.496363,52.160922,On or near High Street,E01017479,Bedford 003B,Unable to prosecute suspect
33e6e51690c7dac02efe4481f278f279132582f742f2d70f02505950ec6005b7,2023-04,Bedfordshire Police,Bedfordshire Police,-0.540437,51.911678,On or near Octavian Road,E01017579,Central Bedfordshire 026B,Investigation complete; no suspect identified
7a03a98d9a5ca3214fed9af1e82ae76ec226075f95a0397cbc40db0fdeafd6c9,2023-04,Bedfordshire Police,Bedfordshire Police,-0.396498,51.874297,On or near Kimpton Road,E01015719,Luton 016A,Investigation complete; no suspect identified
91a83abd2ad5c5a89d572cc14aa43d819afbafd4292768c370f2d6e7046a8b79,2023-04,Bedfordshire Police,Bedfordshire Police,-0.665717,51.916069,On or near Bridge Street,E01017557,Central Bedfordshire 021C,Unable to prosecute suspect
dd24c15432020219df9c782f239a343ca3a0adf50b45e56ca1cb1a5fd69ab601,2023-04,Bedfordshire Police,Bedfordshire Police,-0.475106,52.136525,On or near Alexandra Road,E01017466,Bedford 012A,Investigation complete; no suspect identified
ede0d05355b262d7715824fce949aac12f00c6657edc45230a39d9579a95d4a9,2023-04,Bedfordshire Police,Bedfordshire Police,,,No location,,,Action to be taken by another organisation
451f316636c8dea24b069c7c8142eeb9d3d91b446d62033c917ab8f0f0376a61,2023-04,Bedfordshire Police,Bedfordshire Police,-0.671452,51.916331,On or near Parking Area,E01017589,Central Bedfordshire 022A,Unable to prosecute suspect
41944291b07b029eb9d28160a8c5a7e2c1cc79ec6d33e73dd26f1be32766ea4a,2023-04,Bedfordshire Police,Bedfordshire Police,-0.519822,51.903724,On or near Whitehouse Close,E01017581,Central Bedfordshire 026D,Unable to prosecute suspect
aece5666bf91629cad2349765171940a48c564fd4ee8872aa293b704ec58dceb,2023-04,Bedfordshire Police,Bedfordshire Police,-0.289422,52.135992,On or near Wesley Road,E01017433,Central Bedfordshire 001A,Unable to prosecute suspect
cd162d5817e40d925b2c780ae91240e835eb6f63c85ffd1b2aea6086ebd28ac4,2023-04,Bedfordshire Police,Bedfordshire Police,-0.415222,51.882984,On or near Parking Area,E01033802,Luton 022D,Unable to prosecute suspect
fdcc46602bd854d975c84a6261681680582cfe9233db1b25cb81b13348b75f87,2023-04,Bedfordshire Police,Bedfordshire Police,-0.426331,52.141091,On or near Heather Gardens,E01017527,Bedford 011D,Unable to prosecute suspect
f3e8783c470c9fdde4a0f69ff5abcdcfe05b58bb7a7d67f79fef0c3ab8ee4258,2023-04,Bedfordshire Police,Bedfordshire Police,-0.415222,51.882984,On or near Parking Area,E01033802,Luton 022D,Unable to prosecute suspect
aa07c9888e70bbc6dfa115be263db67e9bdd23d403b139c11af7118825bb248f,2023-04,Bedfordshire Police,Bedfordshire Police,-0.474710,51.895756,On or near Calnwood Road,E01015718,Luton 013C,Unable to prosecute suspect
ae74e88ae34e57d474cd6f56a03e71d58f24e0a2818518f84faa07383404d264,2023-04,Bedfordshire Police,Bedfordshire Police,-0.660479,51.914238,On or near Grove Place,E01017555,Central Bedfordshire 021A,Investigation complete; no suspect identified
41f01275af6e715310e36c4b580b27e0429ac7805bad91b99f07e91b28a70403,2023-04,Bedfordshire Police,Bedfordshire Police,-0.664642,51.921910,On or near Coronation Mews,E01017557,Central Bedfordshire 021C,Investigation complete; no suspect identified
51dbbcd01e55fb9145579032ebf1c831a56801c83c838c048147c0f6f4c1eb6e,2023-04,Bedfordshire Police,Bedfordshire Police,-0.463201,51.916980,On or near Kendal Close,E01015802,Luton 003F,Investigation complete; no suspect identified
0c6169a3690fd603348215780593ff21b0afc47edc521a1d3041d63ffc604c34,2023-04,Bedfordshire Police,Bedfordshire Police,-0.658327,51.923511,On or near Pennivale Close,E01017608,Central Bedfordshire 021D,Unable to prosecute suspect
efd405407c7127ad345a2d839ede07769548d4cf205a67f3275baf63174a79f5,2023-04,Bedfordshire Police,Bedfordshire Police,-0.412775,51.879454,On or near Shopping Area,E01033805,Luton 023C,Investigation complete; no suspect identified
acfe897e741bac1f42593fd1b2e6d6c9cc6efe6aa6cc1b103b616172abbf8e38,2023-04,Bedfordshire Police,Bedfordshire Police,-0.455077,51.900338,On or near Wickstead Avenue,E01015750,Luton 011F,Unable to prosecute suspect
b33924608dfee4e8df453da4ea5336c4832449ab781a78b0fdf9377e759955e1,2023-04,Bedfordshire Police,Bedfordshire Police,-0.503496,51.878817,On or near Oakwood Avenue,E01017593,Central Bedfordshire 030B,Action to be taken by another organisation
a1dfd8dc083e6131e5f7c47132c380cc08539fd72c8e2c8f71213298ce66c7da,2023-04,Bedfordshire Police,Bedfordshire Police,-0.414871,51.877270,On or near Flowers Way,E01033806,Luton 021G,Unable to prosecute suspect
777f66271926dd2ae4045d8fb7e71b4977ec509e8220d0d59c6908f452968022,2023-04,Bedfordshire Police,Bedfordshire Police,-0.479944,52.254417,On or near Church Lane,E01017541,Bedford 001B,Unable to prosecute suspect
0cc7a4e84430074550f11b3f041a2d134d9e6d4ac91b6277de7c4f60939fffaf,2023-04,Bedfordshire Police,Bedfordshire Police,-0.416615,51.884289,On or near Plait Court,E01033801,Luton 022C,Unable to prosecute suspect
2dafa202db078d4ae817f3659e232c10d55ab5d7c33f022da42a776d5c1942c0,2023-04,Bedfordshire Police,Bedfordshire Police,-0.452156,51.918930,On or near Northwell Drive,E01015771,Luton 003B,Unable to prosecute suspect
954d00f523be2b9584aae0a4576417afdcd76262ab324b635c46d134e227335f,2023-04,Bedfordshire Police,Bedfordshire Police,-0.463059,52.133330,On or near Chethams,E01017522,Bedford 014E,Investigation complete; no suspect identified
3fb1f8dbce2883a08d0c67d05f41b3ac1d2099968fda2a54aae562b9c0b21a47,2023-04,Bedfordshire Police,Bedfordshire Police,-0.501120,52.112421,On or near Huntingdon Road,E01017514,Bedford 018B,Unable to prosecute suspect
296ee5b9d5833bf342657c7b24a17b800ec91152d38481c6bba4762bad1670e7,2023-04,Bedfordshire Police,Bedfordshire Police,-0.484037,52.132127,On or near Nelson Street,E01017538,Bedford 013D,Unable to prosecute suspect
b3d0458f97c0d4b2e665291c95c710631f70ee935204237dc8f6043faccf8012,2023-04,Bedfordshire Police,Bedfordshire Police,-0.441417,51.906569,On or near Riverside Road,E01015766,Luton 006C,Unable to prosecute suspect
63635063e2e6d211fa43f4036492a19b978bd08097bd8b129ce7e4c7cb046949,2023-04,Bedfordshire Police,Bedfordshire Police,-0.379146,51.882970,On or near Frank Lester Way,E01015811,Luton 014G,Unable to prosecute suspect
ace3d144828c10939e744461ef63dd01171a12dbbb3369e2927ef9ed13bb4b62,2023-04,Bedfordshire Police,Bedfordshire Police,-0.549198,52.064649,On or near Moreteyne Road,E01017418,Central Bedfordshire 009C,Further investigation is not in the public interest
ff36d5c49c8f41ff53683249868a3aa610a1b2602bd2fb2dccc60a96621f597c,2023-04,Bedfordshire Police,Bedfordshire Police,-0.407830,51.873848,On or near Strathmore Walk,E01015789,Luton 023D,Suspect charged
96abaef2fed7a8c8c3ec7a715dca5777ec3da807a10906d0060b403804525226,2023-04,Bedfordshire Police,Bedfordshire Police,-0.440194,52.141230,On or near Pearmain Close,E01017491,Bedford 007D,Investigation complete; no suspect identified
e88fe681ec1b8eb591d8f0f7724b1ee1d2aabf647a24dd68ce1d0b722ac06363,2023-04,Bedfordshire Police,Bedfordshire Police,-0.542505,51.886896,On or near Norman Way,E01017597,Central Bedfordshire 028D,Investigation complete; no suspect identified
e10c5188b82a3527ed1cadb6fddba3ef2b6bf3a1939f5e127558083f79b330b5,2023-04,Bedfordshire Police,Bedfordshire Police,-0.412740,51.885801,On or near St Matthews Close,E01033801,Luton 022C,Unable to prosecute suspect
d9f95266a446762f589b954621a99385c9fe1a4d7c5e84deb3396159f2f9b0cd,2023-04,Bedfordshire Police,Bedfordshire Police,-0.504162,51.876272,On or near Mountview Avenue,E01017594,Central Bedfordshire 030C,Unable to prosecute suspect
23d2db3a983f6091537db0b82495c7a1a0f6b2ec4d17422cc07b9c652d300e85,2023-04,Bedfordshire Police,Bedfordshire Police,-0.475501,52.135631,On or near Rutland Road,E01017466,Bedford 012A,Unable to prosecute suspect
3bc053687873bbecf94a55ac26d699a753f7a70c11e4e13bee198141219838a7,2023-04,Bedfordshire Police,Bedfordshire Police,-0.470992,51.890970,On or near Eldon Road,E01015714,Luton 013B,Unable to prosecute suspect
f51e07c39afd39d3e55d050322d65da563af4d670f4f98ee7c087a24beac3fa8,2023-04,Bedfordshire Police,Bedfordshire Police,-0.470992,51.890970,On or near Eldon Road,E01015714,Luton 013B,Unable to prosecute suspect
4d63e907e55e5171f0a3d9c552376336b3c879dc7eb50e6a9a3a1b057e2ad077,2023-04,Bedfordshire Police,Bedfordshire Police,-0.513569,51.890736,On or near Shopping Area,E01017584,Central Bedfordshire 027C,Investigation complete; no suspect identified
199b7bb08915ee8e0b0a6897cb5ce8925e9042ca612349ebee5b101bb132c23f,2023-04,Bedfordshire Police,Bedfordshire Police,-0.473056,52.130232,On or near Usher Close,E01034421,Bedford 015H,Investigation complete; no suspect identified
f0c67bf5fda4f73062174f194caecc4e4014bbe1d6754aac4f34bcb6bc6fb645,2023-04,Bedfordshire Police,Bedfordshire Police,-0.581059,51.929186,On or near Kilby Road,E01017577,Central Bedfordshire 019A,Investigation complete; no suspect identified
abbbe52fb16dcb85ac6a75451772a88e0b049de66870d59c1e30f7fb8930983b,2023-04,Bedfordshire Police,Bedfordshire Police,-0.520983,52.144590,On or near Bromham Road,E01034414,Bedford 008F,Unable to prosecute suspect
d8ed2f98adf56b2e76bcccf827bdc4c698f310fa1c125884e5b7eaf612ae5fa4,2023-04,Bedfordshire Police,Bedfordshire Police,-0.441817,51.942037,On or near Bury Lane,E01017616,Central Bedfordshire 018D,Unable to prosecute suspect
137955acdcf0559f0b8e228fddcd68944c29018699dee39a88a2a56ca9f39a00,2023-04,Bedfordshire Police,Bedfordshire Police,-0.441817,51.942037,On or near Bury Lane,E01017616,Central Bedfordshire 018D,Unable to prosecute suspect
5bdbe4afb0aa38374ba9062dd795417ad9b9aa927fe8499be23263c517216878,2023-04,Bedfordshire Police,Bedfordshire Police,-0.408197,51.874545,On or near Bailey Street,E01015789,Luton 023D,Unable to prosecute suspect
5f91671983d95f99db48c9c5e6514001579b608d3d9bf43dd86eac70cdb56226,2023-04,Bedfordshire Police,Bedfordshire Police,-0.416694,51.910573,On or near The Magpies,E01015696,Luton 007D,Suspect charged
3f121384ee9f754594a185ea7cc37e0b3c415f13a850b692ad8d38d94c42371c,2023-04,Bedfordshire Police,Bedfordshire Police,-0.416082,51.880388,On or near Shopping Area,E01033805,Luton 023C,Investigation complete; no suspect identified
aa3dd55130ae104b6ba488344538c71f3781d2a3d992d985dcb58aede0fe76da,2023-04,Bedfordshire Police,Bedfordshire Police,-0.469089,52.137284,On or near Paradine Court,E01017466,Bedford 012A,Suspect charged
00aceeb35c4d793a49abc6d12d9f4d6129822961ace37db3da43cee803157803,2023-04,Bedfordshire Police,Bedfordshire Police,-0.415222,51.882984,On or near Parking Area,E01033802,Luton 022D,Investigation complete; no suspect identified
b17a99eabcec48a3110061a7ba307ad13da6e4c70b3a9c1191ceeb1ed6716cee,2023-04,Bedfordshire Police,Bedfordshire Police,-0.476920,52.134742,On or near A5141,E01017471,Bedford 012F,Unable to prosecute suspect
21091f794f428c1617cf679b693c9d811951fea2722a8bf94b305c7e2493d400,2023-04,Bedfordshire Police,Bedfordshire Police,-0.398598,51.872428,On or near Gipsy Lane,E01015790,Luton 021B,Investigation complete; no suspect identified
8f0ee9708ad533e231085e78d90ffbb7536f44c172b7557f9c83d0495a3c60f5,2023-04,Bedfordshire Police,Bedfordshire Police,-0.418112,51.866874,On or near London Road,E01015738,Luton 021A,Investigation complete; no suspect identified
feddbc118e6e9ea4522a2dc1cc7acc0a960e1f64665bf9814fa342613aa45bd3,2023-04,Bedfordshire Police,Bedfordshire Police,-0.415025,51.880320,On or near Parking Area,E01033805,Luton 023C,Investigation complete; no suspect identified
5f89c8856e5e60e973d977ff2d4db8d20a0cb0ac6cc30503ddd7d969df7f8c7b,2023-04,Bedfordshire Police,Bedfordshire Police,-0.469563,52.137937,On or near Dane Street,E01017466,Bedford 012A,Unable to prosecute suspect
c3a7062dcdef82e68938d280e6925c2c64ac890ecd6057fef806ca979b3bfd4b,2023-04,Bedfordshire Police,Bedfordshire Police,-0.456992,51.892819,On or near Newbury Close,E01015711,Luton 011A,Investigation complete; no suspect identified
53e31bdebabf9ecaf56460e7f50bc1bb4a19fff0a3223bb68c713bcefe6b1fbc,2023-04,Bedfordshire Police,Bedfordshire Police,-0.435979,51.902837,On or near Petrol Station,E01015766,Luton 006C,Unable to prosecute suspect
20d0df6af29b5765d418973254a3477845481efe91df21de3461c771682409f9,2023-04,Bedfordshire Police,Bedfordshire Police,-0.449525,52.080392,On or near Church Road,E01017549,Bedford 021F,Unable to prosecute suspect
14a6dbd6bd0a9fafbc21af53897fed5aff5f56a5c1808fbfa5ec114ec1323d49,2023-04,Bedfordshire Police,Bedfordshire Police,-0.458134,51.921850,On or near Stockholm Way,E01015773,Luton 003D,Unable to prosecute suspect
98b7387644441bb775099acfee6ca5479a799fd854bf0c94ae5d6e57832d88db,2023-04,Bedfordshire Police,Bedfordshire Police,-0.601859,52.268592,On or near Brook Farm Close,E01017503,Bedford 002C,Unable to prosecute suspect
af3bf87f0857ce8e09fd922d8df25d433871532f7e81dc4d0f1b5206cb3e70a0,2023-04,Bedfordshire Police,Bedfordshire Police,-0.510384,51.878329,On or near Index Drive,E01017623,Central Bedfordshire 031A,Unable to prosecute suspect
aa31243ae497dcf03912f9c563b4794395c0fcc00516d94cff02929c802cf2ef,2023-04,Bedfordshire Police,Bedfordshire Police,-0.265951,52.017095,On or near Walker Close,E01017378,Central Bedfordshire 010C,Investigation complete; no suspect identified
0ddafc124215136d4f0e3b7745517af52e49b0d48d566012e2fddb37a432e3ad,2023-04,Bedfordshire Police,Bedfordshire Police,-0.211140,51.463711,On or near Merivale Road,E01004602,Wandsworth 010C,Unable to prosecute suspect
7e5e2693d4240f8bc2c4d0148b0532394e521d03454b244a9cfdd668f67a752c,2023-04,Bedfordshire Police,Bedfordshire Police,-0.417059,51.881571,On or near Bridge Street,E01033803,Luton 023A,Unable to prosecute suspect
cd7f00e2097a89bf764a4ca79718eb7b3047d06bf2c6728082310e2c81676ab3,2023-04,Bedfordshire Police,Bedfordshire Police,-0.367270,51.875839,On or near Airport/Airfield,E01015808,Luton 014D,Formal action is not in the public interest
e59e6b4eda6b6f7104851b469f87db76dc415e210f4c8eabd9ae725fa5081e0d,2023-04,Bedfordshire Police,Bedfordshire Police,-0.458422,51.906226,On or near Petrol Station,E01015765,Luton 006B,Unable to prosecute suspect
942ad4a647da47efb7f13fb598c8e3b00e2b3160c65034ee9fd0007f816da391,2023-04,Bedfordshire Police,Bedfordshire Police,-0.420151,51.879148,On or near Parking Area,E01033803,Luton 023A,Investigation complete; no suspect identified
a1285bdf8703a326c3e4bb65aff9f60d11f4a9e4b2f7e01b10405f25e6a05d46,2023-04,Bedfordshire Police,Bedfordshire Police,-0.414487,51.883649,On or near Albion Road,E01033802,Luton 022D,Unable to prosecute suspect
1eb769f69adf7ca6ef9045a1c9e38bcd8c0b5b48f084fdd7e54256ebeabea07a,2023-04,Bedfordshire Police,Bedfordshire Police,-0.414487,51.883649,On or near Albion Road,E01033802,Luton 022D,Unable to prosecute suspect
0e050877fef58124ac3be7d74d6ea89c9b7115dfcd5e9c07a8ff790859f8383f,2023-04,Bedfordshire Police,Bedfordshire Police,-0.506688,52.145948,On or near Bream Close,E01034414,Bedford 008F,Action to be taken by another organisation
04c0a590ed7e2f86aa0618ddfa748a1860b6646170c7e7f104d4d10fe325dff3,2023-04,Bedfordshire Police,Bedfordshire Police,-0.414871,51.877270,On or near Flowers Way,E01033806,Luton 021G,Investigation complete; no suspect identified
cc6e10c32720ffe18e90cfcb678632bc32207f8c47cdb045924baf7676bc30f0,2023-04,Bedfordshire Police,Bedfordshire Police,-0.419676,51.876948,On or near Windsor Walk,E01015795,Luton 021F,Unable to prosecute suspect
9b0b85d91607282603f96f56cde635f116db1c1e26114fa5046163422d6ea973,2023-04,Bedfordshire Police,Bedfordshire Police,-0.417907,51.883911,On or near Villa Road,E01033801,Luton 022C,Unable to prosecute suspect
5dd56277c1a1dfaf3d346693f926b9bc5c6b1dba6134055c3b1302be20bdbc2d,2023-04,Bedfordshire Police,Bedfordshire Police,-0.656432,51.915864,On or near Albany Road,E01017555,Central Bedfordshire 021A,Unable to prosecute suspect
9129e64ae083e5b5cf97860dbc102bba6f8cbb94ffd0b6b112ef2478ccdb2860,2023-04,Bedfordshire Police,Bedfordshire Police,-0.412740,51.885801,On or near St Matthews Close,E01033801,Luton 022C,Unable to prosecute suspect
c499d616fb27ea14c5833edcae9a3d64cb46aeed1e32bb3c21e35147781c43d9,2023-04,Bedfordshire Police,Bedfordshire Police,-0.442746,51.879054,On or near The Pyghtle,E01015733,Luton 020B,Suspect charged
a978ddc277b977da0d67f62e4127a7ddca05eabffe13b783e596b72a6b978ae2,2023-04,Bedfordshire Police,Bedfordshire Police,-0.474433,51.894144,On or near Hospital,E01015713,Luton 013A,Suspect charged
70b12f42f1e49eda37495e1753da55c108f5eed56193a7c95067c6dd0c1026ef,2023-04,Bedfordshire Police,Bedfordshire Police,-0.520266,51.887086,On or near Shopping Area,E01017568,Central Bedfordshire 029C,Investigation complete; no suspect identified
e3f139a5f2ecfaea811ad767e0440f9e873705ef06bd0965e67c5b1321facb8a,2023-04,Bedfordshire Police,Bedfordshire Police,-0.407605,51.877343,On or near Bolton Road,E01015789,Luton 023D,Investigation complete; no suspect identified
a23c61b67254bd2eb7c9306ecf2b63cfc14e37e8d1864b2b7ee164e5c642286e,2023-04,Bedfordshire Police,Bedfordshire Police,-0.487854,52.110867,On or near Magnolia Close,E01017517,Bedford 018E,Unable to prosecute suspect
e2457a7df0e50ace22c067a901289f3b310fcbe358493878cf9b69bbd50342ed,2023-04,Bedfordshire Police,Bedfordshire Police,-0.325505,52.145960,On or near Armistice Croft,E01017423,Central Bedfordshire 004C,Unable to prosecute suspect
df536bee25849e510907311e647b88ac72846a39d13f52fba1541db9319c970c,2023-04,Bedfordshire Police,Bedfordshire Police,-0.414871,51.877270,On or near Flowers Way,E01033806,Luton 021G,Unable to prosecute suspect
3431c13be5b45e4797c02d234bdd008fb0b11568e4cebc892b73f7d78f1a7fcc,2023-04,Bedfordshire Police,Bedfordshire Police,-0.274333,52.057924,On or near Old Mill Close,E01017414,Central Bedfordshire 010E,Unable to prosecute suspect
795fc1ddcbb81a2678230e4ef41e7559939f38b14b99db371480a78b4c6116b3,2023-04,Bedfordshire Police,Bedfordshire Police,-0.447917,52.125489,On or near Alamein Avenue,E01017521,Bedford 014D,Unable to prosecute suspect
e0418386bdf1474a0f60da0425ecac11fef24abf002b0c6aba970e42f4ea45bb,2023-04,Bedfordshire Police,Bedfordshire Police,-0.431077,51.881237,On or near Newcombe Court,E01015730,Luton 019D,Investigation complete; no suspect identified
b32c3ff08eb71cc8b52ada3f16451273db1815c31bb613560b44ac4fa2c9f696,2023-04,Bedfordshire Police,Bedfordshire Police,-0.618473,52.010868,On or near Gypsy Lane,E01017380,Central Bedfordshire 007B,Unable to prosecute suspect
b7083a408f69b4c0917f538fd841b35e46c9a4b0f081abe17d14219fc36a3a0d,2023-04,Bedfordshire Police,Bedfordshire Police,-0.252841,52.098824,On or near Carter Meadow,E01017388,Central Bedfordshire 005F,Unable to prosecute suspect
050feec6bc3690e52e14f1df234e8f026b0351b8c06b5ca509e1c50e636b9b9a,2023-04,Bedfordshire Police,Bedfordshire Police,-0.462009,52.081913,On or near Peregrine Way,E01034434,Bedford 022D,Unable to prosecute suspect
0523138369c406869c3c3f425a8cb54f723638e052ecdd8107bfde9e2add9425,2023-04,Bedfordshire Police,Bedfordshire Police,-0.453881,51.917829,On or near Parking Area,E01015771,Luton 003B,Unable to prosecute suspect
99fc2e05bf6e1190c62cbe471c44331615e44527be8df8055a3866836662854c,2023-04,Bedfordshire Police,Bedfordshire Police,-0.473976,52.139217,On or near Nightclub,E01017471,Bedford 012F,Unable to prosecute suspect
979fc1a196d4a989145f30f00e81b2c96de79d376b636f75bf984e14fbb95a4e,2023-04,Bedfordshire Police,Bedfordshire Police,-0.430853,52.108881,On or near Blackburn Close,E01017487,Bedford 021B,Unable to prosecute suspect
9fcbcca0ba611e1cae9575d2bb58526c67fdac2495ae115b306c1bd112689cef,2023-04,Bedfordshire Police,Bedfordshire Police,-0.334183,52.041009,On or near Parking Area,E01017437,Central Bedfordshire 011A,Investigation complete; no suspect identified
547914daf8e6d68e5fbb0fd56b16ef78e78cc5580f21e8a285741e1cdf53796f,2023-04,Bedfordshire Police,Bedfordshire Police,-0.403808,51.899213,On or near Mixes Hill Road,E01015796,Luton 012F,Action to be taken by another organisation
3363930f869f38ad528f09f085b9474c375a5e90f9bee87cdbb03b84fc753fa1,2023-04,Bedfordshire Police,Bedfordshire Police,-0.459849,52.146334,On or near St George's Road,E01017482,Bedford 009A,Unable to prosecute suspect
e9a16f22b5198824ff565c4a4233c05b45fd1fb0c3b551b17a14e557bd75fe6a,2023-04,Bedfordshire Police,Bedfordshire Police,-0.468532,51.906053,On or near Barley Lane,E01015751,Luton 005B,Unable to prosecute suspect
7e0124dbdfcf5fea035fd7ca1e0d1a45f95f6b479bbc5135c403e1a31e010f11,2023-04,Bedfordshire Police,Bedfordshire Police,-0.515843,51.886832,On or near Church Street,E01033837,Central Bedfordshire 029G,Unable to prosecute suspect
a65d49541c301008b43bc28efe87b14e09e9068e0c345fd63c81f668851caa8b,2023-04,Bedfordshire Police,Bedfordshire Police,-0.515843,51.886832,On or near Church Street,E01033837,Central Bedfordshire 029G,Investigation complete; no suspect identified
25dd4c21f1cc2d0dd06747104d4386742da821718c7b5c99fb3c6be7cccc63f5,2023-04,Bedfordshire Police,Bedfordshire Police,-0.453803,52.125503,On or near Acacia Road,E01017523,Bedford 014F,Investigation complete; no suspect identified
92edbc856ce642f09cbeeac92bbc036f0713b86f5d4132bc3213af03dd725276,2023-04,Bedfordshire Police,Bedfordshire Police,-0.437100,51.911142,On or near Catsbrook Road,E01015768,Luton 006E,Unable to prosecute suspect
b6d84348f50c22bfb9caea2e0d9487d6f676dd4ec3c81bf033a03997f63f9b7a,2023-04,Bedfordshire Police,Bedfordshire Police,-0.645705,51.913341,On or near Stanbridge Road,E01017576,Central Bedfordshire 024D,Unable to prosecute suspect
20b834cd41159c019a12eced0bd93e9673bda6583909791824252a8c72902beb,2023-04,Bedfordshire Police,Bedfordshire Police,-0.521489,51.887470,On or near Shopping Area,E01017568,Central Bedfordshire 029C,Suspect charged
02cf9302f3c472702d4310e59fd2ba6bf46b60caf90c605bc77ff6f9658d4335,2023-04,Bedfordshire Police,Bedfordshire Police,-0.474081,52.136143,On or near Church Street,E01017466,Bedford 012A,Unable to prosecute suspect
02cf9302f3c472702d4310e59fd2ba6bf46b60caf90c605bc77ff6f9658d4335,2023-04,Bedfordshire Police,Bedfordshire Police,-0.474081,52.136143,On or near Church Street,E01017466,Bedford 012A,Unable to prosecute suspect
f74bc44e40e77607cf0f0dbb1d326201704192cc533bc5af14e823b79063ccbb,2023-04,Bedfordshire Police,Bedfordshire Police,-0.500977,51.904762,On or near Holyrood Drive,E01017580,Central Bedfordshire 026C,Offender given a caution
030851311b83e108913886991d18d02f3167ff296d77859c120eca01da8c72c5,2023-04,Bedfordshire Police,Bedfordshire Police,-0.461589,51.914396,On or near Hillary Close,E01015802,Luton 003F,Investigation complete; no suspect identified
f80b5b1055e2445e754fac28c58caf3e0cff92b687ee124115fa7d902d2670da,2023-04,Bedfordshire Police,Bedfordshire Police,-0.461589,51.914396,On or near Hillary Close,E01015802,Luton 003F,Investigation complete; no suspect identified
b459205089fc89fd823ed80befd0f14c88c7a3e214d3a5ca95218341f9f0ceb6,2023-04,Bedfordshire Police,Bedfordshire Police,-0.422384,51.878459,On or near Rothesay Road,E01033804,Luton 023B,Unable to prosecute suspect
5887f093450b37e8d6ba55bccc27c8db1225519f517fb999cbc26725b0351d53,2023-04,Bedfordshire Police,Bedfordshire Police,-0.522004,51.902762,On or near Queen Street,E01017578,Central Bedfordshire 026A,Investigation complete; no suspect identified
98f775d9aa4bff9475a192751692e9202bed5aac7f8ebe1833e453528708073d,2023-04,Bedfordshire Police,Bedfordshire Police,-0.470862,52.129026,On or near Britannia Road,E01034420,Bedford 015G,Investigation complete; no suspect identified
8a40750a02668b6f163d82336dc219a79baac511b0f1cc9a734b798c35a6db1a,2023-04,Bedfordshire Police,Bedfordshire Police,-0.273336,52.058053,On or near Mill Lane,E01017414,Central Bedfordshire 010E,Unable to prosecute suspect
5a69a7d65dbb616160b527942285fea851474e652fce68bed8c3dd6ec3b28e4d,2023-04,Bedfordshire Police,Bedfordshire Police,-0.482155,52.132903,On or near Ford End Road,E01017538,Bedford 013D,Investigation complete; no suspect identified
9a2797d485716bbcb978c2a7eb8ac6bfb9113f21a8a16e09d64b5f14fccaa9cf,2023-04,Bedfordshire Police,Bedfordshire Police,-0.419032,51.878333,On or near Nightclub,E01033803,Luton 023A,Unable to prosecute suspect
c26d542cf67f23dc166805d72c1b696e5849092e4f1e197fa7a6497716ffacc5,2023-04,Bedfordshire Police,Bedfordshire Police,-0.647912,52.015993,On or near Burrows Close,E01017379,Central Bedfordshire 007A,Unable to prosecute suspect
8c50e85d6e905f38ae4a1d1096f9a26a05c17b129069beb4290859182072c504,2023-04,Bedfordshire Police,Bedfordshire Police,-0.544657,52.057148,On or near Station Road,E01033820,Central Bedfordshire 009G,Unable to prosecute suspect
9638f707ab0baa9f195aa904d6266c6dcb24f64642fe83f2521dcc0017c792aa,2023-04,Bedfordshire Police,Bedfordshire Police,-0.580688,52.267980,On or near Bedford Road,E01027066,North Northamptonshire 039A,Investigation complete; no suspect identified
aaeddc9b165d07e481052bce2403f2e1aac95ccf66481d8ec1b92963bf49d96e,2023-04,Bedfordshire Police,Bedfordshire Police,-0.416082,51.880388,On or near Shopping Area,E01033805,Luton 023C,Investigation complete; no suspect identified
35fc117804675df145143e50b25f9746b1ffbb538e3402e45d08137abda70d5d,2023-04,Bedfordshire Police,Bedfordshire Police,-0.440504,51.906494,On or near Mallard Gardens,E01015766,Luton 006C,Investigation complete; no suspect identified
79abd286aa3f46be2a972a8407dcf6639380ffdb5679a49da2dd9f0b8934c402,2023-04,Bedfordshire Police,Bedfordshire Police,-0.440504,51.906494,On or near Mallard Gardens,E01015766,Luton 006C,Unable to prosecute suspect
c8991a3d7ef80564a6e70fb0caca78ae4fd2251e3df0abc7e02f2e9ab8cff22f,2023-04,Bedfordshire Police,Bedfordshire Police,-0.415025,51.880320,On or near Parking Area,E01033805,Luton 023C,Investigation complete; no suspect identified
2fa93cad02511c7d749625d5bf639dd59cd1bdc9b04bbc1bd30b018deebc59c7,2023-04,Bedfordshire Police,Bedfordshire Police,-0.456553,52.122455,On or near Myrtle Road,E01017518,Bedford 014A,Investigation complete; no suspect identified
b3f172fa42c818139ed49b7e9817a9fb6293c265eda6ed1c9252de12d4bc18f9,2023-04,Bedfordshire Police,Bedfordshire Police,-0.476089,52.129561,On or near Harrow Close,E01034421,Bedford 015H,Unable to prosecute suspect
45d9bcbd7f802cd0a5f84ca805b27d3e0eacb6228f44c40a82344ae8956c172b,2023-04,Bedfordshire Police,Bedfordshire Police,-0.620523,52.012906,On or near Mount Pleasant,E01017380,Central Bedfordshire 007B,Investigation complete; no suspect identified
81a831fa56506e34f77e5fbba13ad0836bfa859a0b21b483f4c11f85452c752b,2023-04,Bedfordshire Police,Bedfordshire Police,-0.429401,51.889712,On or near Milliners Way,E01015705,Luton 017D,Unable to prosecute suspect
293db5b10aaf5d2b32837477c0d49ac299b885ca080590d29e1b808e28d1b511,2023-04,Bedfordshire Police,Bedfordshire Police,-0.537573,51.978809,On or near Long Lane,E01017450,Central Bedfordshire 017E,Local resolution
f77cfe8efcce066795b252046e39fc670416d0c2adf53223fe7f7d11fc94348f,2023-04,Bedfordshire Police,Bedfordshire Police,-0.664630,51.915463,On or near Church Square,E01017555,Central Bedfordshire 021A,Investigation complete; no suspect identified
4aeef8f508029053ea0f73ce9e8bdd83b87f92d4c47b574633371a684e3625b3,2023-04,Bedfordshire Police,Bedfordshire Police,-0.473976,52.139217,On or near Nightclub,E01017471,Bedford 012F,Local resolution
65012e6d12c61dd2b310679f500b7f8a1643a3cfcc8475c3bdb61d331944dd64,2023-04,Bedfordshire Police,Bedfordshire Police,-0.497485,52.002392,On or near Coniston Road,E01017405,Central Bedfordshire 016C,Investigation complete; no suspect identified
483fecc0fa40c76b77a54c0fdabb9d5be918a7731eb50196c739bda30a4ca46d,2023-04,Bedfordshire Police,Bedfordshire Police,-0.497485,52.002392,On or near Coniston Road,E01017405,Central Bedfordshire 016C,Investigation complete; no suspect identified
6597ad801e6efffd88fdfec4d331406e04abdca8609938e4e8492bb6dc73139d,2023-04,Bedfordshire Police,Bedfordshire Police,-0.414871,51.877270,On or near Flowers Way,E01033806,Luton 021G,Unable to prosecute suspect
d703d591f8cdbabe7d354375b5a2ed67ab67f7615d0621ed49f589eb9f85594c,2023-04,Bedfordshire Police,Bedfordshire Police,-0.440194,52.141230,On or near Pearmain Close,E01017491,Bedford 007D,Unable to prosecute suspect
ba4d55a3ed502c4102f84ce43cffd3684b0ca91d4b66807621916c297359d9df,2023-04,Bedfordshire Police,Bedfordshire Police,-0.474035,51.904506,On or near Home Close,E01015749,Luton 005A,Unable to prosecute suspect
dced27ccbd4aa5cc1b73dfb4a9cf2dc937d8b7fef931f39ecd744e4cd32b48b4,2023-04,Bedfordshire Police,Bedfordshire Police,-0.474844,52.128789,On or near Moulder Close,E01034421,Bedford 015H,Unable to prosecute suspect
d6309642f5317eef0a669e276e8bbd407396495a1203469f08b1548b7188ce7f,2023-04,Bedfordshire Police,Bedfordshire Police,-0.612001,51.981750,On or near London Road,E01017451,Central Bedfordshire 009D,Unable to prosecute suspect
ae34a77487aa0dc294140d667cf2901e6e545180669f8120a5a25835cca27fcc,2023-04,Bedfordshire Police,Bedfordshire Police,-0.261189,52.020775,On or near Little Field Close,E01017377,Central Bedfordshire 010B,Unable to prosecute suspect
50d7f0e72fb25501ebef464f30b77f0b262d8da3e556ec8c27514ec6f647bf39,2023-04,Bedfordshire Police,Bedfordshire Police,-0.458628,52.137678,On or near Rothsay Place,E01034418,Bedford 012G,Further investigation is not in the public interest
1ce67bd41f3eed865798221d504f5912f9d9c8e65d07eea65a39ce58ae7ae5da,2023-04,Bedfordshire Police,Bedfordshire Police,-0.403589,51.873413,On or near Osborne Road,E01015789,Luton 023D,Investigation complete; no suspect identified
c4f465df8ae608a555cb1647bb6a0c89db23071e1e6d6097ebb212d3a63dbf9b,2023-04,Bedfordshire Police,Bedfordshire Police,-0.434654,51.868579,On or near Tinsley Close,E01015732,Luton 020A,Unable to prosecute suspect
79e5a7fbdb6610911410c763a9b88b066055799e71a461f8d29b79e7b7d4a8ee,2023-04,Bedfordshire Police,Bedfordshire Police,-0.463561,52.094521,On or near Moorland Close,E01034433,Bedford 022C,Unable to prosecute suspect
c9c495e0c2998c2579d8b652ed700d5497e04d0ea86b7f42c9e7446a0c4fd12d,2023-04,Bedfordshire Police,Bedfordshire Police,-0.398011,51.888524,On or near Rosefield Close,E01015781,Luton 016F,Unable to prosecute suspect
576b2d3fde0d4d308d268d04c93f70bb24f71bb9c4ebcb41244a904616459d44,2023-04,Bedfordshire Police,Bedfordshire Police,-0.423337,52.007672,On or near The Beeches,E01033825,Central Bedfordshire 017G,Investigation complete; no suspect identified
317eba6a2a7b3d4b55bdd97c7d31bb7680d502e97fc27194ef3201b14b0b2e86,2023-04,Bedfordshire Police,Bedfordshire Police,-0.414822,51.864609,On or near Ludlow Avenue,E01015793,Luton 021E,Suspect charged
189ab1d69ecad4a7650ebb5cf5d7d7e0fd28f966aeef5bd8acad989ecbacf1fd,2023-04,Bedfordshire Police,Bedfordshire Police,-0.481172,52.253210,On or near Gold Street,E01017541,Bedford 001B,Unable to prosecute suspect
0a6b4db71e5524ea56e67a171f98fec0f34c3a93404aa8137577358ff7233dc7,2023-04,Bedfordshire Police,Bedfordshire Police,-0.466549,52.124447,On or near Haynes Road,E01017472,Bedford 015A,Unable to prosecute suspect
228fdc3c8f7c03c9d088e5c2c262635243ba389dfe88c484f2a704c729fb8551,2023-04,Bedfordshire Police,Bedfordshire Police,-0.471499,52.136452,On or near Shopping Area,E01017471,Bedford 012F,Investigation complete; no suspect identified
0e07459133346aef2d307de960df50548586970fcda7e94c0c3106ebe08d42b0,2023-04,Bedfordshire Police,Bedfordshire Police,-0.331792,52.132193,On or near The Crescent,E01017424,Central Bedfordshire 004D,Unable to prosecute suspect
edb4ccdd5c179d69225795d3baae179916718fefecee0644fa2aad2bc4684300,2023-04,Bedfordshire Police,Bedfordshire Police,-0.472161,52.121364,On or near Maryville Road,E01017475,Bedford 015D,Investigation complete; no suspect identified
e9e1d67c0f69e313596027430bfb162f9fa1c1335c8119022f5a971b8dcf353c,2023-04,Bedfordshire Police,Bedfordshire Police,-0.406270,51.881812,On or near Moulton Rise,E01015743,Luton 022E,Unable to prosecute suspect
025f35950063a9029cdd2ccb4e9e53be21ccceafa47e2d1264cbba68392e8581,2023-04,Bedfordshire Police,Bedfordshire Police,-0.510964,51.910895,On or near Westminster Gardens,E01017602,Central Bedfordshire 025C,Unable to prosecute suspect
92753a632e1a75ff7100127780c0e09614f989471dc88e8eeae3b2b93f9e850a,2023-04,Bedfordshire Police,Bedfordshire Police,-0.415876,51.878609,On or near Shopping Area,E01033806,Luton 021G,Unable to prosecute suspect
fcecb6efd6a343fae8aee6fafe3a1a2b0bd90cded71de91cc2398baf843206ab,2023-04,Bedfordshire Police,Bedfordshire Police,-0.434742,51.886141,On or near Hampton Road,E01015725,Luton 017E,Investigation complete; no suspect identified
6af5418dac8a8529bb3da8b83556db547c7fd06e8d50949be676059f36f46627,2023-04,Bedfordshire Police,Bedfordshire Police,-0.646949,51.926590,On or near Vandyke Road,E01017609,Central Bedfordshire 021E,Action to be taken by another organisation
434d905ab66579e65d85f429ca82d0a22822d1581ac8065c4190bb0b3e28017e,2023-04,Bedfordshire Police,Bedfordshire Police,-0.440584,51.888637,On or near Beresford Road,E01015726,Luton 015B,Unable to prosecute suspect
feaed0c16413159876a731470b06ad6d81fa1d4e973f75a03486560d79c237ad,2023-04,Bedfordshire Police,Bedfordshire Police,-0.500717,52.146636,On or near Mallard Chase,E01017460,Bedford 008B,Unable to prosecute suspect
1a4cfda607a171401be25bacad1caebcd372abe3745b9a88f6b5f24e2466c4a1,2023-04,Bedfordshire Police,Bedfordshire Police,-0.415876,51.878609,On or near Shopping Area,E01033806,Luton 021G,Unable to prosecute suspect
444bd54a54f7d59a33d38b9b30a35be68e16b55c5d0640dcadf599db5be9bedb,2023-04,Bedfordshire Police,Bedfordshire Police,-0.428045,51.884838,On or near Shopping Area,E01015727,Luton 017F,Suspect charged
5afcfa7a76f0d0d24fb08247fef6dec8fbb29872b19ce9c57fe95fc00345dff6,2023-04,Bedfordshire Police,Bedfordshire Police,-0.500717,52.146636,On or near Mallard Chase,E01017460,Bedford 008B,Unable to prosecute suspect
edb3018057508ea314cbf7cba757011eeb59d87b9ee2d9a0629ebc15a4e5b275,2023-04,Bedfordshire Police,Bedfordshire Police,-0.463561,52.094521,On or near Moorland Close,E01034433,Bedford 022C,Unable to prosecute suspect
12e32dff221e80aba7a3fddee647c3953fb64a06b95bb94c1805d1382dd1e71a,2023-04,Bedfordshire Police,Bedfordshire Police,-0.455077,51.900338,On or near Wickstead Avenue,E01015750,Luton 011F,Unable to prosecute suspect
14bf4ec6bed860cf984520b81747c6da0bf358d0b69568b798c48b1368b06505,2023-04,Bedfordshire Police,Bedfordshire Police,-0.425339,51.968469,On or near Manor Farm Close,E01017559,Central Bedfordshire 018B,Investigation complete; no suspect identified
f43f72b67db5905a9ad7c5bd8afd8d4c93bd4d639082e2d6f91d4fd2466e568c,2023-04,Bedfordshire Police,Bedfordshire Police,-0.466439,52.130191,On or near Pilcroft Street,E01034420,Bedford 015G,Unable to prosecute suspect
19a10aa9950ddb242c102cc3a4846f0c9c73be6b8f7310e015010d9896d4490c,2023-04,Bedfordshire Police,Bedfordshire Police,-0.637976,51.918898,On or near Millers Close,E01017605,Central Bedfordshire 020C,Unable to prosecute suspect
5e63dbad006a908cee060f6764c7c589fc21549916d375a9f1876046ca2b58ba,2023-04,Bedfordshire Police,Bedfordshire Police,-0.634519,51.959041,On or near Parking Area,E01017577,Central Bedfordshire 019A,Unable to prosecute suspect
d7ded822f8e4cd91947c4bb552bffea7a7e042deec65656c5b3e729a89ffc472,2023-04,Bedfordshire Police,Bedfordshire Police,-0.448298,51.890816,On or near Beverley Road,E01015731,Luton 015C,Unable to prosecute suspect
7b2b0aa0584a7bb84fe89d4d2545b4a7e0c2afccb443033b5e7eadb272e59e7e,2023-04,Bedfordshire Police,Bedfordshire Police,-0.448298,51.890816,On or near Beverley Road,E01015731,Luton 015C,Unable to prosecute suspect
e8f7fe261948bf8105875a2431a6641519aa1efbc7e67fde5e8c7f66b1db3cd1,2023-04,Bedfordshire Police,Bedfordshire Police,-0.410765,51.883725,On or near Duke Street,E01033802,Luton 022D,Unable to prosecute suspect
dde2b8deac7b087817766cd4062e036b5bdab9fc6cec682f4fc56665ed24ce63,2023-04,Bedfordshire Police,Bedfordshire Police,-0.495430,51.903297,On or near St Kilda Road,E01015759,Luton 009D,Unable to prosecute suspect
65abe6edd43d34c170535d9e221805b96415d7ad4e20d573d45d11ec9ca1c8b3,2023-04,Bedfordshire Police,Bedfordshire Police,-0.541800,51.884855,On or near Lancot Place,E01017566,Central Bedfordshire 028A,Investigation complete; no suspect identified
5b22178111b9c7d8fc3dd3d52252a113bff40fd0523647267fa8f55b7d2271dc,2023-04,Bedfordshire Police,Bedfordshire Police,-0.416120,51.878932,On or near George Street,E01033803,Luton 023A,Unable to prosecute suspect
18d34d9d201bd2169be179e60df55ee5a2955763ca453168f34449dc255f896a,2023-04,Bedfordshire Police,Bedfordshire Police,-0.471169,52.139675,On or near Adelaide Square,E01017502,Bedford 010F,Unable to prosecute suspect
824d62a21711cd6130223361587371305593b1e09a8fe63547600fc331db629a,2023-04,Bedfordshire Police,Bedfordshire Police,-0.524661,51.888220,On or near Crown Mews,E01017569,Central Bedfordshire 029D,Unable to prosecute suspect
355be6fd87dc60e44b3de01d934be2faeedda8aa5002e25ea37c7b7a2d4abbbd,2023-04,Bedfordshire Police,Bedfordshire Police,-0.481449,52.120989,On or near Flanders Close,E01017506,Bedford 017B,Further action is not in the public interest
cf10238cce68cb4eb4688b42fa2c0326e18d6d8a922e11a3fb5fd9bd9fc1e794,2023-04,Bedfordshire Police,Bedfordshire Police,-0.517964,51.886850,On or near Kingsbury Court,E01033837,Central Bedfordshire 029G,Unable to prosecute suspect
e23631003242c0afbb8582c3a7162dfeaea36c46e8e387bd78e2a9e849711153,2023-04,Bedfordshire Police,Bedfordshire Police,-0.399745,51.896991,On or near Hitchin Road,E01015796,Luton 012F,Action to be taken by another organisation
bb5415caf6cad52b98da4de9f4a30cde8a67261968e82f70c50e2d3dd9321ea3,2023-04,Bedfordshire Police,Bedfordshire Police,-0.443899,52.137655,On or near Priory Mews,E01017524,Bedford 011A,Unable to prosecute suspect
45ecac36f4eccc99b90f6f9a67151150d8dafdaa0cff90520d13abfb102fcfed,2023-04,Bedfordshire Police,Bedfordshire Police,-0.474710,51.895756,On or near Calnwood Road,E01015718,Luton 013C,Action to be taken by another organisation
850052211b684e07a6635f031d07dec73c193ac64f2cb20cc913d3fd48d7553f,2023-04,Bedfordshire Police,Bedfordshire Police,-0.498592,51.892602,On or near Supermarket,E01017582,Central Bedfordshire 027A,Unable to prosecute suspect
98e941042ebcf3129eac83e993f5317bd7892fe9889e1b9beba684cb19567df0,2023-04,Bedfordshire Police,Bedfordshire Police,-0.471646,52.136858,On or near Saffron Close,E01017466,Bedford 012A,Investigation complete; no suspect identified
a24423b332bab851cfe4ea0dcbf743eb363df6bede346966be055fabe9219517,2023-04,Bedfordshire Police,Bedfordshire Police,-0.671466,51.914893,On or near The Wharf,E01017591,Central Bedfordshire 022C,Unable to prosecute suspect
59eb8b49cd7b2cf69690dade435ce18ecdafc86702e6cf8b8671c99442f8528e,2023-04,Bedfordshire Police,Bedfordshire Police,-0.461905,51.862123,On or near Sutton Gardens,E01017561,Central Bedfordshire 033A,Investigation complete; no suspect identified
afe0a3cd7a977940d7b1e0cc9d72eb2298727ac8e0f78560465aee5b900bafd5,2023-04,Bedfordshire Police,Bedfordshire Police,-0.425069,51.884340,On or near Moor Street,E01015699,Luton 017B,Unable to prosecute suspect
04cec2e18983c4f142a6b72de507a7374f562e8b40fef739b65c954c1e4c5f5e,2023-04,Bedfordshire Police,Bedfordshire Police,-0.518695,51.905256,On or near Parking Area,E01017617,Central Bedfordshire 026E,Local resolution
e3acad90af720b70a2c55a81c0cf8e1d66329a9f86d9e81ef655895393676dbc,2023-04,Bedfordshire Police,Bedfordshire Police,-0.486943,52.021679,On or near Coltsfoot Corner,E01017372,Central Bedfordshire 012B,Unable to prosecute suspect
e1e1b14d373a31a478b6c57f57fc5a2077eff937f50cebe5ea1ab2b860c7fffb,2023-04,Bedfordshire Police,Bedfordshire Police,-0.455796,51.897605,On or near Beechwood Road,E01015711,Luton 011A,Unable to prosecute suspect
37c693cfca821646d668e11a9937e3d6c7a8a3ed08d0b3bf53d3c12709059346,2023-04,Bedfordshire Police,Bedfordshire Police,-0.401151,51.881931,On or near Whitecroft Road,E01015720,Luton 016B,Unable to prosecute suspect
d0da716496dc0fbaf63638933a972aab7cfb3c3c7dff1e24ad3d42d1a81e1dda,2023-04,Bedfordshire Police,Bedfordshire Police,-0.495615,51.961259,On or near Harlington,E01017408,Central Bedfordshire 017B,Unable to prosecute suspect
b3595e1db63494d6307d7fe23ba21d1196a6fffdf2d638386c9822e2d79f1103,2023-04,Bedfordshire Police,Bedfordshire Police,-0.495812,52.006651,On or near The Hawthorns,E01017401,Central Bedfordshire 015C,Unable to prosecute suspect
0fcd3b40e5d9d4ccc90e0ff98cae43c3c901214f651ae335b142e51a7c024661,2023-04,Bedfordshire Police,Bedfordshire Police,-0.503496,51.878817,On or near Oakwood Avenue,E01017593,Central Bedfordshire 030B,Unable to prosecute suspect
36ee72f4c4be1661bce5a0b9af07f4f4edb994dc7f9a559531b0ed0d525a7044,2023-04,Bedfordshire Police,Bedfordshire Police,-0.333522,52.037421,On or near Supermarket,E01017437,Central Bedfordshire 011A,Investigation complete; no suspect identified
e44748f7300ca69b93b4f7d32c83db8fcf5a7896a42031b29f929c5b0d33265a,2023-04,Bedfordshire Police,Bedfordshire Police,-0.421550,52.148597,On or near Leighfield Close,E01017490,Bedford 007C,Unable to prosecute suspect
9f8227085e687f29f35471563084ffc3865bbacd0dc9490684c2d149c620860c,2023-04,Bedfordshire Police,Bedfordshire Police,-0.627515,52.161918,On or near Bridge Street,E01017546,Bedford 002E,Unable to prosecute suspect
b160368ab139f53ab7a4f5f8b694330e573d9509c944516db16632a1a96aa7cd,2023-04,Bedfordshire Police,Bedfordshire Police,-0.421550,52.148597,On or near Leighfield Close,E01017490,Bedford 007C,Suspect charged
511c595e57d542b1033f4e996b0fbb1d6d551c04934be8f4ac163c807449f8ad,2023-04,Bedfordshire Police,Bedfordshire Police,-0.498805,52.110026,On or near Woburn Road,E01017514,Bedford 018B,Suspect charged
7b4327bf90012053deff6d0c5567f7572a4509772c62d73ed1cde7278569e168,2023-04,Bedfordshire Police,Bedfordshire Police,-0.325505,52.145960,On or near Armistice Croft,E01017423,Central Bedfordshire 004C,Unable to prosecute suspect
462d20ea95ae1ecdff52190ad00c030fbc8f0aa0c0e6949465689fbaae62bdcc,2023-04,Bedfordshire Police,Bedfordshire Police,-0.666210,51.917081,On or near Water Lane,E01017557,Central Bedfordshire 021C,Unable to prosecute suspect
d4296f0be9baf1857ce1378f6b8408397b2397adaae571ed29eca12ec31afd27,2023-04,Bedfordshire Police,Bedfordshire Police,-0.666210,51.917081,On or near Water Lane,E01017557,Central Bedfordshire 021C,Unable to prosecute suspect
c241363b7b9544cefc84c7284409c8ce44f67e05088fe838d15501cac3914c2b,2023-04,Bedfordshire Police,Bedfordshire Police,-0.480839,52.135080,On or near Henley Road,E01017536,Bedford 013B,Suspect charged
d0896b652cfe5fd3b99a7d664b600b6a2dd56ea6163369035360f96d7a22a15f,2023-04,Bedfordshire Police,Bedfordshire Police,,,No location,,,Unable to prosecute suspect
03f7b98f8543bb2be9f612a477f0a3e4585e628bdd9ecac44d73ba6e6927a872,2023-04,Bedfordshire Police,Bedfordshire Police,-0.452156,51.918930,On or near Northwell Drive,E01015771,Luton 003B,Investigation complete; no suspect identified
089585e3f139c4af00a94595fce265034fcbbc02cc4c9906596b6d9418532452,2023-04,Bedfordshire Police,Bedfordshire Police,-0.480839,52.135080,On or near Henley Road,E01017536,Bedford 013B,Local resolution
8e676688c36a772e777451b1e2006960e4fe9794764b0f20df6f0679ce22d83f,2023-04,Bedfordshire Police,Bedfordshire Police,-0.305364,52.033099,On or near New Road,E01017392,Central Bedfordshire 013B,Unable to prosecute suspect
de6d708ba8e64653b91951f271b540b8f47ecb985aaa79e560372f3c6830ddbc,2023-04,Bedfordshire Police,Bedfordshire Police,,,No location,,,Investigation complete; no suspect identified
437e1ebe6920cb6f1359bc1d90f4ad2e54ecb21c337c4d505ee83bebd8c8484f,2023-04,Bedfordshire Police,Bedfordshire Police,-0.416840,51.877467,On or near Conference/Exhibition Centre,E01033806,Luton 021G,Unable to prosecute suspect
5a366f971fd938d3f7366988689938c33043d24132f00fb4b602cb9985731a05,2023-04,Bedfordshire Police,Bedfordshire Police,-0.465462,51.921910,On or near Kinross Crescent,E01015803,Luton 002B,Investigation complete; no suspect identified
289a9b0864955e850e3ae7bdc5190369ae3caa952ec343c9e320c4f2dcb87380,2023-04,Bedfordshire Police,Bedfordshire Police,-0.418112,51.866874,On or near London Road,E01015738,Luton 021A,Investigation complete; no suspect identified
2cbbee3b76288048e1f0a679485b983858b54a53ca35ea3a9cca1a0706f24f11,2023-04,Bedfordshire Police,Bedfordshire Police,,,No location,,,Suspect charged
943af0196409bc3abf0cb3fd378317bc46287bbb182fa397bea5dfd40188a15e,2023-04,Bedfordshire Police,Bedfordshire Police,,,No location,,,Suspect charged
b24f99d89697c684e013bc6ede3ade73a7fa2d35c92eabc382dba2e31b3af0cb,2023-04,Bedfordshire Police,Bedfordshire Police,-0.469722,51.915509,On or near Petrol Station,E01015804,Luton 002C,Suspect charged
c0d66c2d8a6bfe9f5e16b93a1efca3649dc85686b495ff2eec19e619bfafe1b4,2023-04,Bedfordshire Police,Bedfordshire Police,-0.481423,52.142820,On or near Shakespeare Road,E01017499,Bedford 010C,Unable to prosecute suspect
bab6f85533c1c18ad18baa9fc4caea2dc26fca9bd8a2e37f7f9875c4e2bb8e1f,2023-04,Bedfordshire Police,Bedfordshire Police,-0.655604,51.907565,On or near Eden Way,E01033829,Central Bedfordshire 024I,Investigation complete; no suspect identified
c465bf190d8efdd06f2a65722431bfd7cad1178375a34b864f2683fe761684f7,2023-04,Bedfordshire Police,Bedfordshire Police,-0.284060,52.027530,On or near The Gardens,E01017415,Central Bedfordshire 010F,Investigation complete; no suspect identified
1361df9d4feb5f98225c01a8a35d29017f83fcdbbe9b867e6f0e243bc99de592,2023-04,Bedfordshire Police,Bedfordshire Police,-0.421372,51.870002,On or near Whitehill Avenue,E01015738,Luton 021A,Investigation complete; no suspect identified
a4e89277ebf17af94139f88e6a2744e38a0edc539e58e7e8f6a91e84b3233220,2023-04,Bedfordshire Police,Bedfordshire Police,-0.239748,52.090196,On or near Jupiter Way,E01033809,Central Bedfordshire 006F,Investigation complete; no suspect identified
6ddba373fd44ff0b6c64f0bbf29daf192d7190a78c2e8dc53ceda5ede1aed9dc,2023-04,Bedfordshire Police,Bedfordshire Police,-0.480039,52.109202,On or near Sam Clark Way,E01034432,Bedford 022B,Investigation complete; no suspect identified
b804ea8a2f900b3e1c0be6581bd1e27c48cc4e8c14f4d2c984064b25d5c95a24,2023-04,Bedfordshire Police,Bedfordshire Police,-0.487824,52.082822,On or near Borage Walk,E01017552,Bedford 020B,Investigation complete; no suspect identified
bbd178279ce30b9f47707a5ba56ea8860bf38972332f437960b8e9f4b7361fc7,2023-04,Bedfordshire Police,Bedfordshire Police,-0.390516,51.905101,On or near Cannon Lane,E01015798,Luton 008B,Investigation complete; no suspect identified
4ad35598a9f6d04f8fd053ea6d6659d2390d9d897f0c4f897c26dba230a47c23,2023-04,Bedfordshire Police,Bedfordshire Police,-0.404154,51.889039,On or near Winch Street,E01015742,Luton 022B,Investigation complete; no suspect identified
b6a4c1b9f4c3179d9169e3322a3a6d234374689ed4c77c3f6dfa54d715fcb3c7,2023-04,Bedfordshire Police,Bedfordshire Police,-0.422134,51.874400,On or near Brecon Close,E01015738,Luton 021A,Investigation complete; no suspect identified
64882439e7df4811ea3e6ade7504a38ea9c60d202393681e990ccf200197787f,2023-04,Bedfordshire Police,Bedfordshire Police,-0.503663,52.009358,On or near Millwright Way,E01017406,Central Bedfordshire 016D,Investigation complete; no suspect identified
80acdddbdb67f2b5a6ec5ff62924c41832887386adf9b1f843e72bf0473560f3,2023-04,Bedfordshire Police,Bedfordshire Police,-0.487277,52.004419,On or near Hatfield Road,E01017400,Central Bedfordshire 015B,Investigation complete; no suspect identified
d64eb1a10d06119c9ec0fbfd05013273d6b1a9f046da53cb763581689e257d19,2023-04,Bedfordshire Police,Bedfordshire Police,-0.474035,51.904506,On or near Home Close,E01015749,Luton 005A,Unable to prosecute suspect
21e92cd7088bf3905d7c9085b006b96e54fc3a8299bf65911d9eaaf33a5f30b8,2023-04,Bedfordshire Police,Bedfordshire Police,-0.262838,52.086887,On or near High Street,E01017385,Central Bedfordshire 005C,Investigation complete; no suspect identified
d17331bd60a452a6c950c38be5a15abfcf2b637ae44097355a6f87c3b3e20f26,2023-04,Bedfordshire Police,Bedfordshire Police,-0.467438,52.131310,On or near Kingsway,E01034420,Bedford 015G,Investigation complete; no suspect identified
391dc1b920aeadb9fa7fecee94d9fd84f3860b745f316a34a9df784322b232fd,2023-04,Bedfordshire Police,Bedfordshire Police,-0.495572,52.032066,On or near Chapel Lane,E01017374,Central Bedfordshire 012D,Investigation complete; no suspect identified
300b008ed188e5fb8dc1050ceb7ffaaa24d2cb4881af792e81f82ce5a24e8591,2023-04,Bedfordshire Police,Bedfordshire Police,-0.534166,52.151246,On or near Springfield Drive,E01017463,Bedford 008E,Investigation complete; no suspect identified
a70cdf72850821b4e29d7293f747d677f8a2efc1d7c3264c509d2edec6540b36,2023-04,Bedfordshire Police,Bedfordshire Police,-0.550040,52.208797,On or near The High Road,E01017464,Bedford 002A,Investigation complete; no suspect identified
490eb9196816999074a610f53f1bb5986f1cc8276d8817ed69f981e3d8b3ce00,2023-04,Bedfordshire Police,Bedfordshire Police,-0.421130,51.877354,On or near Princess Street,E01015795,Luton 021F,Investigation complete; no suspect identified
1e76a3d00acd649cf8ee68d7a61c657fe0b367215e35690467e2e85fccc5f083,2023-04,Bedfordshire Police,Bedfordshire Police,-0.466098,52.135878,On or near Shopping Area,E01034419,Bedford 012H,Investigation complete; no suspect identified
52f114d286a398826414f30795520b360c7a60d58df7a1e882e3d25f76169239,2023-04,Bedfordshire Police,Bedfordshire Police,-0.501139,52.090518,On or near Manor Road,E01034424,Bedford 018H,Investigation complete; no suspect identified
ec10f77b37fe15c524bcb07d8a38d3b760f85615a76511a73f0d7ce64cbbd6e8,2023-04,Bedfordshire Police,Bedfordshire Police,-0.450766,52.147375,On or near Langdale,E01017534,Bedford 006F,Investigation complete; no suspect identified
cd3ea8b85dcc16c20948cfb46f34ec0fe0c3f67ef32bccd4143aa4fc7474c050,2023-04,Bedfordshire Police,Bedfordshire Police,-0.533822,51.951850,On or near Long Lane,E01017620,Central Bedfordshire 019C,Investigation complete; no suspect identified
9e8e88a66bc8c2062c93291eeaf087d1744b799455cac61f1a407464bd14376d,2023-04,Bedfordshire Police,Bedfordshire Police,-0.529940,52.007792,On or near Rectory Road,E01017406,Central Bedfordshire 016D,Investigation complete; no suspect identified
4a366730ea327937a33c312caa26215d491f1beaf6bd77984d8ccbb641d91b0f,2023-04,Bedfordshire Police,Bedfordshire Police,-0.466098,52.135878,On or near Shopping Area,E01034419,Bedford 012H,Investigation complete; no suspect identified
8569fcef6611ed4217fadce22ed8c691f342ddc2d406b7c508a15f904df5f6ae,2023-04,Bedfordshire Police,Bedfordshire Police,-0.642364,51.906963,On or near Cormorant Way,E01033192,Central Bedfordshire 024F,Suspect charged
b3a88edf08957be01a60454e30e80b23ef66dd64119eda9cc08c7757d35f5bbc,2023-04,Bedfordshire Police,Bedfordshire Police,-0.456992,51.892819,On or near Newbury Close,E01015711,Luton 011A,Investigation complete; no suspect identified
d8395740b00b5c238ead2f4d423f9b483bd0259ea6d716bc9345be2d32e15f60,2023-04,Bedfordshire Police,Bedfordshire Police,-0.436689,51.904150,On or near Britannia Avenue,E01015766,Luton 006C,Unable to prosecute suspect
df109969df9f57e3a573e7c9b605c27e3d7d1ce25cd0dd1febfe34ff1b53759e,2023-04,Bedfordshire Police,Bedfordshire Police,-0.511303,52.011388,On or near Wellington Close,E01017406,Central Bedfordshire 016D,Investigation complete; no suspect identified
6896396f504425a8435b5cc967ec4bad785325eaa0bbc6fc321b2f0744b65e93,2023-04,Bedfordshire Police,Bedfordshire Police,-0.410424,51.884718,On or near Parking Area,E01033802,Luton 022D,Suspect charged
fd1e78dc90f255afadb93c2527a701d4fc6ca74b55d30de5a2065d35ce993878,2023-04,Bedfordshire Police,Bedfordshire Police,-0.474710,51.895756,On or near Calnwood Road,E01015718,Luton 013C,Unable to prosecute suspect
aee5491f99f1b571e9333f2393ca30b790dfa5422b286d437bf31fa4e2d817f1,2023-04,Bedfordshire Police,Bedfordshire Police,-0.466075,52.138251,On or near Nightclub,E01034419,Bedford 012H,Investigation complete; no suspect identified
bf291fde2380d7030a2ef5a3e1ea986c0e8e6d941ea6aece1f2fcb3d80b36ee5,2023-04,Bedfordshire Police,Bedfordshire Police,-0.456057,52.129192,On or near Nicholls Road,E01017522,Bedford 014E,Investigation complete; no suspect identified
f2c6ac4133bdd7ba9fdc4d7c442c7a7320b4980eea390ee0ed57e96ae6fc7d98,2023-04,Bedfordshire Police,Bedfordshire Police,-0.589449,51.875887,On or near Lords Mead,E01017571,Central Bedfordshire 032A,Investigation complete; no suspect identified
f15c25ea249588e3d37e4c7f4cab9b6c12949c73ee3ef2cecfc0309db1ea4f9f,2023-04,Bedfordshire Police,Bedfordshire Police,-0.416768,51.878285,On or near George Street West,E01033803,Luton 023A,Investigation complete; no suspect identified
b072ee8fc2de46af86c8cdc215ea4ea4c8c34f737284ae6492d0d5854059c701,2023-04,Bedfordshire Police,Bedfordshire Police,-0.532803,51.941174,On or near Kimberwell Close,E01017622,Central Bedfordshire 019E,Investigation complete; no suspect identified
84c97a634070a865281c989e17c2ba2e8d1349e1fd68a88e43723ed4242ee60b,2023-04,Bedfordshire Police,Bedfordshire Police,-0.516841,51.882987,On or near Petrol Station,E01017623,Central Bedfordshire 031A,Investigation complete; no suspect identified
d13e673bc301e26f117a785ae0dd0d18b1fb68f562a6dd927bdf08ec3d37a507,2023-04,Bedfordshire Police,Bedfordshire Police,-0.289090,52.098880,On or near The Pastures,E01017422,Central Bedfordshire 004B,Unable to prosecute suspect
f1259a7b5586e69f0885ea2fd5e0bcd6148b6d8636b05559cb6373fe3aee62a3,2023-04,Bedfordshire Police,Bedfordshire Police,-0.415876,51.878609,On or near Shopping Area,E01033806,Luton 021G,Suspect charged
e251cc04eea31fdcb07eac3406e86e5b54e7f99b4d697116e03b92e3be723327,2023-04,Bedfordshire Police,Bedfordshire Police,-0.484857,51.889629,On or near Supermarket,E01017583,Central Bedfordshire 027B,Investigation complete; no suspect identified
58684981a9f42e368bbd05984bbceca8f05610394d4c8902572ea582f6956968,2023-04,Bedfordshire Police,Bedfordshire Police,-0.448847,52.119297,On or near Hereford Road,E01017518,Bedford 014A,Investigation complete; no suspect identified
4853dc6054589c5295da4e000c8d3dc22315f59478b7575d96d8e5cd43b92f7f,2023-04,Bedfordshire Police,Bedfordshire Police,-0.414213,51.885237,On or near Boyle Close,E01033801,Luton 022C,Unable to prosecute suspect
80152b6d321b4491b244bdfd46a42d1b5422417d945253d9e88f6250e823eaee,2023-04,Bedfordshire Police,Bedfordshire Police,-0.419150,51.875394,On or near Elizabeth Street,E01033806,Luton 021G,Unable to prosecute suspect
0581a33b61e83d66c44a200f717cc4d365c90102da0ff938e6bac11b1703e92f,2023-04,Bedfordshire Police,Bedfordshire Police,-0.219934,52.132509,On or near Torrington Close,E01017428,Central Bedfordshire 003D,Investigation complete; no suspect identified
8900f85e2baadb25df7228a1157ead602f9f6c2b7a9e0cfc62399b286ded2c0b,2023-04,Bedfordshire Police,Bedfordshire Police,-0.451643,51.902990,On or near Marsh Road,E01015785,Luton 006G,Unable to prosecute suspect
39f50b626008b7f61ad78f93c1b0ac6f4bec2ee3cdacdc35c2a2058da3f5770c,2023-04,Bedfordshire Police,Bedfordshire Police,-0.501895,52.016034,On or near Petrol Station,E01017399,Central Bedfordshire 015A,Investigation complete; no suspect identified
fae954f7e393d9ee2ee1611e3bab70f791b70539e9ab6f1c55b4ac13d4052f38,2023-04,Bedfordshire Police,Bedfordshire Police,-0.234506,52.141261,On or near Park/Open Space,E01017427,Central Bedfordshire 003C,Unable to prosecute suspect
e25eaacfc88444314f12997496f90274af3599020da820662f144efcb4fb72fe,2023-04,Bedfordshire Police,Bedfordshire Police,-0.455077,51.900338,On or near Wickstead Avenue,E01015750,Luton 011F,Unable to prosecute suspect
19b9d055d77da2106823f657e8032f4c491a2160b48e02a18e45aa4be024f00d,2023-04,Bedfordshire Police,Bedfordshire Police,-0.524146,51.841376,On or near Dunstable Road,E01017587,Central Bedfordshire 032D,Unable to prosecute suspect
e03f27385672df633f6e9452725663c5d4a0337f87efd036cfbb687c5d61e775,2023-04,Bedfordshire Police,Bedfordshire Police,-0.513569,51.890736,On or near Shopping Area,E01017584,Central Bedfordshire 027C,Investigation complete; no suspect identified
7798ebbe7e2e248599e2a9e144c40602b5e74ff5d0a09858b35be1d48e1185b1,2023-04,Bedfordshire Police,Bedfordshire Police,-0.520672,52.168521,On or near Flax Close,E01017528,Bedford 003E,Action to be taken by another organisation
a19470e42237adac4424be9d99a8a918ee5426d63b2656f5b306a4e2708e58dc,2023-04,Bedfordshire Police,Bedfordshire Police,-0.418983,51.874754,On or near Windsor Street,E01015738,Luton 021A,Unable to prosecute suspect
ff0db9423be619549e5fcd6404c5583f277cda4c05c68d0c5866257838104cd8,2023-04,Bedfordshire Police,Bedfordshire Police,-0.519101,51.895119,On or near Arenson Way,E01017578,Central Bedfordshire 026A,Unable to prosecute suspect
fa650c2e8f2b3aac4047e45ad80dea13b5d4c58298550d566a6bbcbb6a6ec0db,2023-04,Bedfordshire Police,Bedfordshire Police,-0.385832,51.886541,On or near Hollybush Road,E01015722,Luton 014B,Unable to prosecute suspect
c5d1b84aedacaff63fb86608219968fd430bf8193567d19d3d33c460d9746e5a,2023-04,Bedfordshire Police,Bedfordshire Police,-0.539025,51.884425,On or near Spinney Crescent,E01017597,Central Bedfordshire 028D,Unable to prosecute suspect
4bf2d7916e4c04ad8c3b0c5629be217d6143c007e696c05b7f0fbc5af3b7672d,2023-04,Bedfordshire Police,Bedfordshire Police,-0.406025,51.871468,On or near Alton Road,E01015790,Luton 021B,Investigation complete; no suspect identified
e57044509ed4bb80e647bab7f92d312a5dd1f95976ef402529e76d7845d8a7e8,2023-04,Bedfordshire Police,Bedfordshire Police,-0.522952,51.886274,On or near Parking Area,E01017568,Central Bedfordshire 029C,Investigation complete; no suspect identified
13a0303487d3ba8d1407de0a7ad35e3cc7e99c666cce3378774f490ddf1f0904,2023-04,Bedfordshire Police,Bedfordshire Police,-0.385832,51.886541,On or near Hollybush Road,E01015722,Luton 014B,Investigation complete; no suspect identified
9f0add970434dd99936a64cb5f2841986d5654d5fe30ad210a8832b65f6a7ec2,2023-04,Bedfordshire Police,Bedfordshire Police,-0.461999,52.137362,On or near Saint Cuthberts Court,E01034418,Bedford 012G,Unable to prosecute suspect
70b6f293294a9d804f4d8673bb549f765f173d8f33c1256ef861bec7226eb25a,2023-04,Bedfordshire Police,Bedfordshire Police,-0.418125,51.882664,On or near Mill Street,E01033803,Luton 023A,Unable to prosecute suspect
b2ae768cd4b0db677da90715d7566f477be5b37a7830b26d436801c14f6514ba,2023-04,Bedfordshire Police,Bedfordshire Police,-0.650355,51.926018,On or near Nelson Road,E01017609,Central Bedfordshire 021E,Unable to prosecute suspect
50a43258b0664ee5172ab0ae88297d4f98c993d4072c36311504ded29dbd1dd6,2023-04,Bedfordshire Police,Bedfordshire Police,-0.455386,51.912103,On or near Arrow Close,E01015772,Luton 003C,Investigation complete; no suspect identified
6ae40816a77254f3dfb7f17606e2265e206bf0fabfd1ae494b206f851826cb87,2023-04,Bedfordshire Police,Bedfordshire Police,-0.430085,51.892184,On or near Supermarket,E01015704,Luton 010C,Action to be taken by another organisation
d725c1187009fcefe2ac2a51c0c564d2f142dd39158b2c3d5754593886ae4d5e,2023-04,Bedfordshire Police,Bedfordshire Police,-0.634519,51.959041,On or near Parking Area,E01017577,Central Bedfordshire 019A,Unable to prosecute suspect
38a3d20fccda7be66587117c3eff7939626f260ecd692fae2eb9a1147a7495c2,2023-04,Bedfordshire Police,Bedfordshire Police,-0.467962,51.892881,On or near Parking Area,E01015713,Luton 013A,Investigation complete; no suspect identified
59ef92dc14cb883f06213822550d5970a9e2867932a879dc76e5dc411959f158,2023-04,Bedfordshire Police,Bedfordshire Police,-0.245668,52.080690,On or near Violet Close,E01033810,Central Bedfordshire 006G,Investigation complete; no suspect identified
7ff250c32078a9782eb1a06b15fd98fb699a2a3af8991d804b5db4e764dae613,2023-04,Bedfordshire Police,Bedfordshire Police,-0.471106,52.135556,On or near River Street,E01017466,Bedford 012A,Local resolution
c3bb2831493a878275f9d42b68093dc1b3c53a6fa3d8fba8be00fb324ea41b79,2023-04,Bedfordshire Police,Bedfordshire Police,-0.583812,51.876826,On or near School Lane,E01017572,Central Bedfordshire 032B,Further action is not in the public interest
5715f91a2fd54065bbe168eba61a690c3df455c42da830c0f4f47acf00c0794e,2023-04,Bedfordshire Police,Bedfordshire Police,-0.398813,51.879049,On or near Ketton Close,E01015719,Luton 016A,Investigation complete; no suspect identified
a18d37200dbd9f336e65208c8167e4b40a44b2b8b1988ab5af13aee349b0aec2,2023-04,Bedfordshire Police,Bedfordshire Police,-0.464978,51.895999,On or near Rudyard Close,E01015712,Luton 011B,Unable to prosecute suspect
7a54dd1a19b89e4f22fc409a4df0f3aaf4cf4a73d4b7e1d702e05aa097274253,2023-04,Bedfordshire Police,Bedfordshire Police,-0.295550,52.136980,On or near Belam Way,E01017433,Central Bedfordshire 001A,Unable to prosecute suspect
f2dab291c671bb3ab3089b522e759b2c3cabfa8731740ff661166a7bd9373721,2023-04,Bedfordshire Police,Bedfordshire Police,-0.430378,51.885454,On or near Beech Road,E01015725,Luton 017E,Unable to prosecute suspect
179776ac835b8129a2e8b3ccbb01f9b546487ceb0a24243a601ca6f7da7e5134,2023-04,Bedfordshire Police,Bedfordshire Police,-0.448069,52.117740,On or near Foxglove Way,E01017518,Bedford 014A,Unable to prosecute suspect
784c932799a8ec70a50700cadb8cf93322bf1f4eb0e326d003ecf77389b1cb79,2023-04,Bedfordshire Police,Bedfordshire Police,-0.509321,52.129689,On or near Wayland Road,E01034415,Bedford 008G,Investigation complete; no suspect identified
0050fa4e4f7c3435a217037d95b043c74ebc68b313ac0f9da813fd44da601d71,2023-04,Bedfordshire Police,Bedfordshire Police,-0.671452,51.916331,On or near Parking Area,E01017589,Central Bedfordshire 022A,Investigation complete; no suspect identified
7d76c79a3c03d87d7bb344bd60f6a745d4741e67389d77f604ffee5ee5df60ed,2023-04,Bedfordshire Police,Bedfordshire Police,-0.445343,51.904436,On or near Viscount Close,E01015767,Luton 006D,Unable to prosecute suspect
d135b14d4b176d1617d204c2635a8c6f3c9e4ffc69d53d5859af5fba04071285,2023-04,Bedfordshire Police,Bedfordshire Police,-0.419073,51.885464,On or near Moorland Gardens,E01015739,Luton 022A,Investigation complete; no suspect identified
cb5a910fa54d0fe66fb8935b47f3cb829d81ef3fe6a1cae6fcee7d0b189798d0,2023-04,Bedfordshire Police,Bedfordshire Police,-0.414487,51.881176,On or near Theatre/Concert Hall,E01033805,Luton 023C,Suspect charged
bd48b5b0b2503497e397ed9fb5c12e9123c1eef7bb0877333bef0f1d9a962069,2023-04,Bedfordshire Police,Bedfordshire Police,-0.466657,52.136614,On or near High Street,E01034419,Bedford 012H,Investigation complete; no suspect identified
d5e66a6d0e56527f6cf738d9441cbcda0173c51f15d10ab036451c10c55dd892,2023-04,Bedfordshire Police,Bedfordshire Police,-0.285644,52.130875,On or near Bidlake Croft,E01017435,Central Bedfordshire 002D,Unable to prosecute suspect
ff1ee6182cca89b790437a27626dc608dc291c4e9984da46084d76c7238dc2d2,2023-04,Bedfordshire Police,Bedfordshire Police,-0.415876,51.878609,On or near Shopping Area,E01033806,Luton 021G,Unable to prosecute suspect
713083bd1f66844400e0f2fee5dfb9929fc20c1900def675db7efbbb2bcccb73,2023-04,Bedfordshire Police,Bedfordshire Police,-0.436949,52.146698,On or near The Croft,E01017491,Bedford 007D,Unable to prosecute suspect
13a02fabd91d4ea21e7ee1dd4a44a1616ca0f7f1a640a5b5636954dcc126bbb5,2023-04,Bedfordshire Police,Bedfordshire Police,-0.436949,52.146698,On or near The Croft,E01017491,Bedford 007D,Unable to prosecute suspect
e9bad10ed34cc899650926ab68a4da1760b882da370d8972cc57fcca8d557b83,2023-04,Bedfordshire Police,Bedfordshire Police,-0.417059,51.881571,On or near Bridge Street,E01033803,Luton 023A,Investigation complete; no suspect identified
0231d77b8aa3216e7205cdc39f39e777a89e160f2278a58fce02d801cddb9fe8,2023-04,Bedfordshire Police,Bedfordshire Police,-0.471840,52.127330,On or near Ombersley Road,E01034420,Bedford 015G,Unable to prosecute suspect
81e9b78b476450e04f3c69bc12217250261822687051e1281dda08405e8e73cf,2023-04,Bedfordshire Police,Bedfordshire Police,-0.479670,52.207156,On or near Old Milton Road,E01017478,Bedford 003A,Investigation complete; no suspect identified
d9580bfcebacbdcaec983d6bcc1921d3b4aa430c7004eabe8b08c132d0a1876f,2023-04,Bedfordshire Police,Bedfordshire Police,,,No location,,,Local resolution
4a15160c2ce323998d165322433c184a098190ac639f5a0103deb2fb18c0e31a,2023-04,Bedfordshire Police,Bedfordshire Police,-0.408426,51.875888,On or near Park Terrace,E01015789,Luton 023D,Unable to prosecute suspect
516bafac429906f613cd3f497bb01890acf32775a11a2d04c0dbc20253f5b0e8,2023-04,Bedfordshire Police,Bedfordshire Police,-0.414698,51.892931,On or near Alwyn Close,E01015740,Luton 012A,Unable to prosecute suspect
c021c57c9eccd4a57b2e945e6df68436345b310c4b40da955d7098cedd76b776,2023-04,Bedfordshire Police,Bedfordshire Police,-0.224284,52.128582,On or near Bellevue Close,E01017427,Central Bedfordshire 003C,Unable to prosecute suspect
6b23565d87baaf4d96699795b0580e248eac6136f15860d69def652bca1c5e2f,2023-04,Bedfordshire Police,Bedfordshire Police,-0.593635,52.077622,On or near Hotch Croft,E01017394,Central Bedfordshire 007C,Unable to prosecute suspect
8c90c746f55c5d6b0213bebf2199f0d318e24ad649b2c051703dab19c9aed885,2023-04,Bedfordshire Police,Bedfordshire Police,-0.631763,51.920948,On or near Jenner Close,E01033826,Central Bedfordshire 019F,Unable to prosecute suspect
a3127a8ed78d410431fb657744f9fa36d491bcbd15310623077766777ffeb09d,2023-04,Bedfordshire Police,Bedfordshire Police,-0.449633,52.126546,On or near Nash Road,E01017519,Bedford 014B,Offender given a caution
77fcef8a935fdcbb76efb116aaf716d66323f9af0ba87e6dda3a84333f15583b,2023-04,Bedfordshire Police,Bedfordshire Police,-0.487860,52.137013,On or near Westfield Road,E01017535,Bedford 013A,Local resolution
11a0a06546e30bac1eeed734bd6457f489192623b294ccf886cb818249d4fa54,2023-04,Bedfordshire Police,Bedfordshire Police,-0.282400,52.027110,On or near Park Farm Close,E01017415,Central Bedfordshire 010F,Suspect charged
9f5cd5bf7ba58d4d02984400b9a7be663b6d3336a4ec0452b90d78956c8b099d,2023-04,Bedfordshire Police,Bedfordshire Police,-0.221105,52.133552,On or near Frith Fields,E01017428,Central Bedfordshire 003D,Unable to prosecute suspect
d13881066003bfb1f2f3b2c3829654f3fccc861cb09594f165dd07900d6012b0,2023-04,Bedfordshire Police,Bedfordshire Police,,,No location,,,Local resolution
d1bf33d1700e8f33d79d28f99e6db3ab43ff2b349de7d7e1f8daead3b71e3b6d,2023-04,Bedfordshire Police,Bedfordshire Police,-0.474433,51.894144,On or near Hospital,E01015713,Luton 013A,Unable to prosecute suspect
f8bb985e4203bc22196249e862eb033f3ddddf2d41f1b73764dfc4fa6e1332a5,2023-04,Bedfordshire Police,Bedfordshire Police,,,No location,,,Investigation complete; no suspect identified
189a4a940a9836893d7283cc154ea85832ec9a2c8e65effded5b2a75d2201bcf,2023-04,Bedfordshire Police,Bedfordshire Police,-0.376845,51.883100,On or near Prince Way,E01015811,Luton 014G,Unable to prosecute suspect
e2b0e71577112162c9bdf0acc359861cb7c204df6fb9940de1ffdcd996f80749,2023-04,Bedfordshire Police,Bedfordshire Police,-0.432470,51.892962,On or near Holland Road,E01015701,Luton 010B,Unable to prosecute suspect
2de150b95f8933ecc2c74034a784d1dfaed18b1643c84e8dc369959775e43581,2023-04,Bedfordshire Police,Bedfordshire Police,-0.544056,52.064864,On or near Little Meadow,E01033819,Central Bedfordshire 009F,Suspect charged
6606cf66d60f79c94d62edc1ba9e1da8c91e7c6972163f2278b90e2542662b52,2023-04,Bedfordshire Police,Bedfordshire Police,-0.396498,51.874297,On or near Kimpton Road,E01015719,Luton 016A,Investigation complete; no suspect identified
8bde8b618dece20b186d640a6af545e694ef161a99266e693491958ea92cf643,2023-04,Bedfordshire Police,Bedfordshire Police,-0.447917,52.125489,On or near Alamein Avenue,E01017521,Bedford 014D,Unable to prosecute suspect
81aded1347b798e41b3924d1861f586cbfa2c3ce344ed1585b152a1914ad861b,2023-04,Bedfordshire Police,Bedfordshire Police,-0.291417,52.128531,On or near Albion Court,E01017431,Central Bedfordshire 002B,Investigation complete; no suspect identified
3071a900ee6250a20bb8899f521ce566f0ec82eb1dcc4c6bb15654369989234a,2023-04,Bedfordshire Police,Bedfordshire Police,-0.599663,52.269474,On or near Church Close,E01017503,Bedford 002C,Unable to prosecute suspect
e45e20e4f7907b4c8b12d4865dfaa59812d09f42b716145fccef4821495bff0f,2023-04,Bedfordshire Police,Bedfordshire Police,-0.367270,51.875839,On or near Airport/Airfield,E01015808,Luton 014D,Formal action is not in the public interest
a46920188860f6d56f2df0b914d2f86d87d7a3cb62457aabcbf0662eb54fd68d,2023-04,Bedfordshire Police,Bedfordshire Police,-0.282400,52.027110,On or near Park Farm Close,E01017415,Central Bedfordshire 010F,Unable to prosecute suspect
d1029741d5292a8c3aff00206b879268177535bc3635ffc3f13fb5cf1fae2ad1,2023-04,Bedfordshire Police,Bedfordshire Police,-0.521453,51.885033,On or near Shopping Area,E01017567,Central Bedfordshire 029B,Unable to prosecute suspect
d44a2497a211eadd8ec05214a23f4c3158073ff16e9688986361b4bb740595a5,2023-04,Bedfordshire Police,Bedfordshire Police,,,No location,,,Unable to prosecute suspect
a39c06bd721a4a6cd77f0eebe7ef9f6010313666bf0d6f32b4b20bc2bbc0a971,2023-04,Bedfordshire Police,Bedfordshire Police,-0.388773,51.888011,On or near Crawley Green Road,E01015722,Luton 014B,Unable to prosecute suspect
dbef99415ed208e1229b8e6e010f48075e0735bdf6f846da89eecc1a69ed13e8,2023-04,Bedfordshire Police,Bedfordshire Police,-0.412901,51.888672,On or near Arden Place,E01015740,Luton 012A,Unable to prosecute suspect
9ca80b1d6a5e8703e5d0db35eec6396412d1dcee75dde03e5812e0fd0849c80d,2023-04,Bedfordshire Police,Bedfordshire Police,,,No location,,,Unable to prosecute suspect
3fef48abbca3ee1e51e53962757c7e9288a58620d7e9b4d66ef7df04eb1e43fd,2023-04,Bedfordshire Police,Bedfordshire Police,-0.471144,52.140844,On or near Tavistock Street,E01017502,Bedford 010F,Unable to prosecute suspect
71f14167dcc84730685c221579cc3f7754371f4599f7ab01c9660c027b5ae6e9,2023-04,Bedfordshire Police,Bedfordshire Police,-0.673534,51.917236,On or near Old Road,E01017590,Central Bedfordshire 022B,Unable to prosecute suspect
e658ceaadc94a30522018ca5e19b7709619172347235512514f685823ca74acb,2023-04,Bedfordshire Police,Bedfordshire Police,-0.422755,51.892770,On or near Primrose Close,E01015700,Luton 010A,Unable to prosecute suspect
6714aa5fdbb3793274ffd9f749d08feee6d6e56d19f2bdf66ba2abac4a1ce27a,2023-04,Bedfordshire Police,Bedfordshire Police,-0.422755,51.892770,On or near Primrose Close,E01015700,Luton 010A,Unable to prosecute suspect
5b2f7c8d375744906502c5dc758b1c61000592b0468e4fbc5ac1aadf37a8d72b,2023-04,Bedfordshire Police,Bedfordshire Police,-0.659252,51.915869,On or near Theatre/Concert Hall,E01017555,Central Bedfordshire 021A,Unable to prosecute suspect
fab1e433b10267ff6019f432f82dcae4aea1a7c45fb6b225fe8f8d9a5836b31b,2023-04,Bedfordshire Police,Bedfordshire Police,-0.429787,51.881975,On or near Guardian Way,E01015727,Luton 017F,Action to be taken by another organisation
34b3be7025638fe5cc9303bf97e79b4a64af4ed4f54362250f8ccc35cf7477f6,2023-04,Bedfordshire Police,Bedfordshire Police,-0.465207,52.160511,On or near Stour Way,E01017455,Bedford 005C,Unable to prosecute suspect
f1742dc3ef234bdaae4007a23acf567248f30b39a460727256b02b61e7a24d60,2023-04,Bedfordshire Police,Bedfordshire Police,-0.414487,51.883649,On or near Albion Road,E01033802,Luton 022D,Unable to prosecute suspect
b2b00ecdf43e1ccbd1728b66f975a58cd94d997667fee753957f0e2ef8736cd1,2023-04,Bedfordshire Police,Bedfordshire Police,-0.421883,51.906030,On or near Further/Higher Educational Building,E01015694,Luton 007B,Unable to prosecute suspect
a11d1bbd68ddef0e1435ac85b11b6299223663b76a2f83f2536ad43181a85434,2023-04,Bedfordshire Police,Bedfordshire Police,-0.421883,51.906030,On or near Further/Higher Educational Building,E01015694,Luton 007B,Unable to prosecute suspect
93e5ad6f24213c140dd68ac5fb0d6fd60de505ac06852d5a1f70e82227b2a366,2023-04,Bedfordshire Police,Bedfordshire Police,-0.513110,51.908881,On or near Hammersmith Close,E01017602,Central Bedfordshire 025C,Unable to prosecute suspect
354708bceb4aca63df06df4727d9e73911bbde7d82b016d76d2de215585ba9cd,2023-04,Bedfordshire Police,Bedfordshire Police,-0.428381,52.109828,On or near Palstra,E01034428,Bedford 021C,Unable to prosecute suspect
cf97355414aa70a92cbdb537b9fdcd8aeeca42b775523e118b3b0d8b1ff03ca5,2023-04,Bedfordshire Police,Bedfordshire Police,,,No location,,,Unable to prosecute suspect
72422e15f5c13e6af249a1e73fcb5fca3d538a10b601f41673d6d96e77d2dc31,2023-04,Bedfordshire Police,Bedfordshire Police,,,No location,,,Unable to prosecute suspect
31d0a415977d39cf76b11628cdfa209157569186b17ae90fd8d5bda5b04f6c60,2023-04,Bedfordshire Police,Bedfordshire Police,,,No location,,,Unable to prosecute suspect
17beff35cc877a02d1310abf017b0aa551bacc7b8a2d0dcc82f8e185572e62aa,2023-04,Bedfordshire Police,Bedfordshire Police,,,No location,,,Unable to prosecute suspect
3ded5640f8521a6da83c4e9e8631bd16ae8bc48640f00b4b904e4b68f381e26c,2023-04,Bedfordshire Police,Bedfordshire Police,,,No location,,,Unable to prosecute suspect
ca135b1845f79fe443b05ad2897d5435ee27b3479f3216d08116ab8e9ec55fc0,2023-04,Bedfordshire Police,Bedfordshire Police,,,No location,,,Unable to prosecute suspect
0c887787c0bcb82d1e4b206126662fa4091e3531264f737ea601306294a6bebf,2023-04,Bedfordshire Police,Bedfordshire Police,,,No location,,,Unable to prosecute suspect
cec58682d50d8566808a43039d3b1445473adac3e81220f3e8686892fc94f4bc,2023-04,Bedfordshire Police,Bedfordshire Police,,,No location,,,Unable to prosecute suspect
9dadabd94476d66e1e2fdeeb140f4fe5a693583e2176e9daea063c44196b6653,2023-04,Bedfordshire Police,Bedfordshire Police,,,No location,,,Unable to prosecute suspect
edae12c99b2a2ece21636ca77f7bf5fb79577d8dc5ac4627ce35bbfafeee4897,2023-04,Bedfordshire Police,Bedfordshire Police,,,No location,,,Unable to prosecute suspect
1c2de4189cf5fa76eec13ab44fde239820bb09ac268158c80b0377ec1aa9eaba,2023-04,Bedfordshire Police,Bedfordshire Police,,,No location,,,Unable to prosecute suspect
06b9e43a40318a6ab9728350afc3b3a56b3036355cf68bc6620bb79ac97b67f0,2023-04,Bedfordshire Police,Bedfordshire Police,,,No location,,,Unable to prosecute suspect
1760bf4e80faaa3784ac2daed9bfc5343287d38ae0bab78f60f8c8b92f5dda4f,2023-04,Bedfordshire Police,Bedfordshire Police,,,No location,,,Unable to prosecute suspect
7c4f12c38253539fc7f6ed72e7b1bff7be07c3ae7bd0b9f50aa4e3a1b5d39789,2023-04,Bedfordshire Police,Bedfordshire Police,,,No location,,,Unable to prosecute suspect
4a5963e51c67fb6ee11b3f07be09722496d3d116c402df7addd5b1999f600cd1,2023-04,Bedfordshire Police,Bedfordshire Police,-0.421401,51.877906,On or near Buxton Road,E01015795,Luton 021F,Unable to prosecute suspect
ab2ff76a71a819c47c57ccc4df9daae27d1f61cb5ff8ccd1021feee23be8647a,2023-04,Bedfordshire Police,Bedfordshire Police,-0.415876,51.878609,On or near Shopping Area,E01033806,Luton 021G,Local resolution
bd9f2847ca79887a1f4168e71ca56287fc3ffc2ec4b376dc4b9e6a55a21094a1,2023-04,Bedfordshire Police,Bedfordshire Police,-0.482155,52.132903,On or near Ford End Road,E01017538,Bedford 013D,Unable to prosecute suspect
4cd098a4b8f0dbbf41d3d68acfac1582ae6ce9c465f2d64db59c6d920122d7d4,2023-04,Bedfordshire Police,Bedfordshire Police,-0.367270,51.875839,On or near Airport/Airfield,E01015808,Luton 014D,Investigation complete; no suspect identified
8719cc2c08cdbb5a8d56fdad08544b9c3a936184e40e31ee4872e74705410305,2023-04,Bedfordshire Police,Bedfordshire Police,-0.498435,52.114535,On or near The Windermere,E01017514,Bedford 018B,Unable to prosecute suspect
98a4aa77634c1677ec427df67fea0ac115361f33dd78391915ca7ca402b73376,2023-04,Bedfordshire Police,Bedfordshire Police,-0.647058,51.911369,On or near Richmond Road,E01017576,Central Bedfordshire 024D,Unable to prosecute suspect
c42fa3866b38b85b502405c6da851d372145abf447cbcb89e3ed5b29042c6afc,2023-04,Bedfordshire Police,Bedfordshire Police,-0.455465,51.895407,On or near Chester Avenue,E01015711,Luton 011A,Unable to prosecute suspect
6922e6777cf65a41af2e1d8e6ef14d56108c6fea21fab8a07cd6651f5f01ea64,2023-04,Bedfordshire Police,Bedfordshire Police,-0.471169,52.139675,On or near Adelaide Square,E01017502,Bedford 010F,Unable to prosecute suspect
ccabebf4d68eaba4f5eb80af57723978c8520449e46c02e4ebc9d2c63964b121,2023-04,Bedfordshire Police,Bedfordshire Police,-0.515589,51.905567,On or near Petrol Station,E01017617,Central Bedfordshire 026E,Unable to prosecute suspect
5200d7bda7f6bde483e8a3a1e948a087dd3c0ac9c8535068d939462e9b685c4f,2023-04,Bedfordshire Police,Bedfordshire Police,-0.422759,52.154907,On or near Parish Close,E01034412,Bedford 004H,Unable to prosecute suspect
c97bfcb21106bdbf175262bc267e1342830821b858a85e0fe1a7bf0709a409c5,2023-04,Bedfordshire Police,Bedfordshire Police,-0.472952,52.127299,On or near Endsleigh Road,E01034420,Bedford 015G,Unable to prosecute suspect
cf3ec20992eb067370671f8f71adfed5077e8ea5ffe2d9eeb5c76f7a579ac902,2023-04,Bedfordshire Police,Bedfordshire Police,-0.428976,51.906475,On or near Rackham Drive,E01015745,Luton 007F,Further action is not in the public interest
2821d030ff5c461c8a7f976bd41e731515d0301e139546e4bd936ad7d6ce4ef6,2023-04,Bedfordshire Police,Bedfordshire Police,-0.438781,52.144448,On or near Brookfield Road,E01017488,Bedford 007A,Unable to prosecute suspect
d09fcf906940842c005219acc63210c39cf83244ba6628d6e88b968eb7890606,2023-04,Bedfordshire Police,Bedfordshire Police,-0.606635,52.007339,On or near Horsepool Lane,E01017379,Central Bedfordshire 007A,Investigation complete; no suspect identified
d5fa9adf26765f1dbeed83b32405963f3e5f3a4a0a70051cfca35c9d10e8232d,2023-04,Bedfordshire Police,Bedfordshire Police,-0.421262,51.878543,On or near Police Station,E01033804,Luton 023B,Suspect charged
823c832aaecd18f815d4384f989dc0ac25d217826874b9ecce905e7b0073de72,2023-04,Bedfordshire Police,Bedfordshire Police,-0.408197,51.874545,On or near Bailey Street,E01015789,Luton 023D,Suspect charged
e55bcaa1ad813dc9cfa910c304278daefe8850ec63904ab537887a280d03f2d1,2023-04,Bedfordshire Police,Bedfordshire Police,-0.660980,51.922309,On or near Digby Road,E01017557,Central Bedfordshire 021C,Investigation complete; no suspect identified
814c5bc79ea88fe8e782d50857f20452f79d897b1f8c99ede1a509013bfc9f31,2023-04,Bedfordshire Police,Bedfordshire Police,-0.500367,51.947518,On or near Toddington Service Area,E01017620,Central Bedfordshire 019C,Investigation complete; no suspect identified
288f946977008d2ff33730b3b43d72d34aa80b82364732f557dbca6fbbee11ff,2023-04,Bedfordshire Police,Bedfordshire Police,-0.606814,52.062548,On or near Wood End Road,E01033814,Central Bedfordshire 007H,Suspect charged
bd5af922fab6522acb377a7039373c1f3c14b11696e28a9a54955207e337eb54,2023-04,Bedfordshire Police,Bedfordshire Police,-0.427626,51.878520,On or near Downs Road,E01015795,Luton 021F,Investigation complete; no suspect identified
e7e82681f3a80d52b9b7845911f3779a0fa8db8d63a47f7a6b00db50741baaa1,2023-04,Bedfordshire Police,Bedfordshire Police,,,No location,,,Investigation complete; no suspect identified
d9c571bb4b11916844952e82eb3d41db6143b35ca8b2a95b64af3bf05678a41e,2023-04,Bedfordshire Police,Bedfordshire Police,,,No location,,,Investigation complete; no suspect identified
20474f56e6f4b746b23ea88ad137daa7eee3499c61d498eea9820eac3ab5cb3b,2023-04,Bedfordshire Police,Bedfordshire Police,-0.529479,51.941816,On or near Bradford Road,E01017622,Central Bedfordshire 019E,Investigation complete; no suspect identified
3f3fdeb2ad8a74dc60591d3779986e1f1d5377d87a4c0e3b45ddd10f22548c62,2023-04,Bedfordshire Police,Bedfordshire Police,-0.501434,52.002370,On or near Ullswater Close,E01017405,Central Bedfordshire 016C,Investigation complete; no suspect identified
0a3b3635a1816440f3f397c58a0751e38f3a0c1bc5faefd93743f95a066f4d7c,2023-04,Bedfordshire Police,Bedfordshire Police,-0.507837,52.130380,On or near Greenkeepers Road,E01034415,Bedford 008G,Investigation complete; no suspect identified
e183a7d6a310b5e9d6bb8892aaff2f84af23dbde09a94fcf0c6d90ed9142fe32,2023-04,Bedfordshire Police,Bedfordshire Police,-0.530967,51.947106,On or near Sports/Recreation Area,E01017620,Central Bedfordshire 019C,Investigation complete; no suspect identified
b3fdca14957ffaba454c0612df91b9dd1154cb6b883dc2118c62a2439be99b0b,2023-04,Bedfordshire Police,Bedfordshire Police,-0.472301,51.919193,On or near Rockfield Drive,E01015803,Luton 002B,Investigation complete; no suspect identified
6c8ee4f6064bc551c9d5dfc9586468e83119774393ab3c44327b4d9c883d5bbd,2023-04,Bedfordshire Police,Bedfordshire Police,-0.500417,51.900628,On or near Regis Road,E01015757,Luton 009B,Unable to prosecute suspect
e9c46c316e555b9b35af8f8af93ef2d28c481a1fc640516fd3743f729db25e22,2023-04,Bedfordshire Police,Bedfordshire Police,-0.428094,51.883858,On or near Avondale Road,E01015727,Luton 017F,Unable to prosecute suspect
e245c7e771410209d7d56fcaf00813fe9dc46b1c6122eaf13c4ec08b9e953cbe,2023-04,Bedfordshire Police,Bedfordshire Police,-0.443304,51.890238,On or near Petrol Station,E01015731,Luton 015C,Unable to prosecute suspect
c16c16b205fee4a8ec514de581ece8ca336f5577144412ce20bbaf3507d7d1b9,2023-04,Bedfordshire Police,Bedfordshire Police,-0.419936,51.877410,On or near Wellington Street,E01015795,Luton 021F,Suspect charged
30d6dbde15b79f8e477cfbb0320b8336a1efbaf8fcf2bc949ec2f07c5d9cc2c6,2023-04,Bedfordshire Police,Bedfordshire Police,-0.419248,51.873022,On or near Stockwood Crescent,E01015738,Luton 021A,Investigation complete; no suspect identified
4408b60ed2b40cdebd15e33db90964b886bf4ca37d11b1f98b3d663bce49a2a2,2023-04,Bedfordshire Police,Bedfordshire Police,-0.503960,52.109606,On or near Ramsey Close,E01017515,Bedford 018C,Investigation complete; no suspect identified
cd87e090b6f13849687019534532449acc17508362b98855e05775d0461622bc,2023-04,Bedfordshire Police,Bedfordshire Police,-0.672923,51.923164,On or near Stoke Road,E01017590,Central Bedfordshire 022B,Investigation complete; no suspect identified
ae24d68ce6069c5b4eb5cea9b1a8dc6ace2d205cfab4d6e396dd885f937f2020,2023-04,Bedfordshire Police,Bedfordshire Police,-0.389403,51.897632,On or near Supermarket,E01015813,Luton 008F,Investigation complete; no suspect identified
050f5ab55a152b6aecf30dfc8980e7f30297ee00866bf79b536feaf4eafd0b94,2023-04,Bedfordshire Police,Bedfordshire Police,-0.255544,52.082680,On or near The Grove,E01017382,Central Bedfordshire 006B,Unable to prosecute suspect
f2ecef433fc916562092641af989a1459238cb9f6d1c5506ae1ae97119bd5d42,2023-04,Bedfordshire Police,Bedfordshire Police,-0.587345,51.907790,On or near Stanbridge Road,E01033827,Central Bedfordshire 019G,Investigation complete; no suspect identified
d591762c410b00fb48076ac59cf476b952ed014b81a72af97d7f4b7ca71009b7,2023-04,Bedfordshire Police,Bedfordshire Police,-0.419762,51.886112,On or near The Shires,E01015739,Luton 022A,Investigation complete; no suspect identified
c128ea8d1bc7c53b9fdc290342c19fb3231cb8a306e0c3e4b980c951f422697c,2023-04,Bedfordshire Police,Bedfordshire Police,-0.467438,52.131310,On or near Kingsway,E01034420,Bedford 015G,Unable to prosecute suspect
7b512bafd8509b1efa3c82f6245ce6f83562986dcef61cd88dcec4f5df427f03,2023-04,Bedfordshire Police,Bedfordshire Police,-0.417059,51.881571,On or near Bridge Street,E01033803,Luton 023A,Investigation complete; no suspect identified
8c9bc662082762238b00e1f18a21394b1f38a91f66d319103d74fe267f529067,2023-04,Bedfordshire Police,Bedfordshire Police,-0.545398,51.962865,On or near Park/Open Space,E01017620,Central Bedfordshire 019C,Investigation complete; no suspect identified
9d4447258393a5815d68e3aaf95c38151e8e909591dda291472353cef29bf942,2023-04,Bedfordshire Police,Bedfordshire Police,-0.480752,52.126897,On or near Stafford Road,E01017512,Bedford 016D,Investigation complete; no suspect identified
3690aaf1ab729e2e1f8ebfedaafa23a601697bb3cf7780a6dabb2eaeedb6abd1,2023-04,Bedfordshire Police,Bedfordshire Police,-0.396289,51.902655,On or near Petrol Station,E01015796,Luton 012F,Investigation complete; no suspect identified
dabfd8fc5e039cc4672475e6e21ee17dff41bcfcdaae5c836aeabf889aa8cb45,2023-04,Bedfordshire Police,Bedfordshire Police,-0.459849,52.146334,On or near St George's Road,E01017482,Bedford 009A,Unable to prosecute suspect
230dc96fd7caa2c32e8287f31c18e187a35e2755e2097162434f9fd928b424c8,2023-04,Bedfordshire Police,Bedfordshire Police,-0.560612,52.019086,On or near Beckerings Park Road,E01017451,Central Bedfordshire 009D,Investigation complete; no suspect identified
92fe4e4ea1c87059f9e462845b98c472b3b82b9f1ac8cea7eb462d88f012ee8f,2023-04,Bedfordshire Police,Bedfordshire Police,-0.422759,52.154907,On or near Parish Close,E01034412,Bedford 004H,Unable to prosecute suspect
7398fc608469656d3bd362ed726b446ee2556292b3e819e07822619ac4fe8258,2023-04,Bedfordshire Police,Bedfordshire Police,-0.464894,52.138155,On or near Lurke Street,E01034419,Bedford 012H,Investigation complete; no suspect identified
f7f501112c86dbdbe3aedf48f9ce6ceba6f14bb52e448fa4aae288e879eddcc4,2023-04,Bedfordshire Police,Bedfordshire Police,-0.367270,51.875839,On or near Airport/Airfield,E01015808,Luton 014D,Investigation complete; no suspect identified
233fdf9cd08a1d79436e3deb7f9d1e86b74a5d94969e932dda0c693b5431134c,2023-04,Bedfordshire Police,Bedfordshire Police,-0.495555,51.900422,On or near Thurlow Close,E01015761,Luton 009F,Unable to prosecute suspect
64622d58012eb1ac5a5fe467577102578ad92a3c4abcec0154c3c012b42d2125,2023-04,Bedfordshire Police,Bedfordshire Police,-0.671452,51.916331,On or near Parking Area,E01017589,Central Bedfordshire 022A,Unable to prosecute suspect
0a4482d32db12dbb12d6f58a863ea1cc6797f52ea4b63f893b52cf7cbb8d528e,2023-04,Bedfordshire Police,Bedfordshire Police,-0.414207,51.875490,On or near Union Street,E01033806,Luton 021G,Unable to prosecute suspect
200481cf3bdd85d33327376281329de5ee41a49b21b2786d2a0bcfd63e85bd30,2023-04,Bedfordshire Police,Bedfordshire Police,-0.448770,51.891866,On or near A505,E01015731,Luton 015C,Unable to prosecute suspect
a163e1d1ef84db3883d423ff6b2b2d559be439e3b4f90c1a64b9998957a480a2,2023-04,Bedfordshire Police,Bedfordshire Police,-0.471920,51.914998,On or near Jasmine Road,E01015804,Luton 002C,Unable to prosecute suspect
0a3b7a2f635f372d5fca9762c7b14c86ca1a07b2f71d291f76d057f914d1b01b,2023-04,Bedfordshire Police,Bedfordshire Police,-0.468746,52.142602,On or near Foster Street,E01017502,Bedford 010F,Unable to prosecute suspect
37953a6ade895760453d425e86a696806ff7194be4023cac85c35c2490e288ad,2023-04,Bedfordshire Police,Bedfordshire Police,-0.344403,52.034337,On or near Lovelace Meadow,E01017439,Central Bedfordshire 011C,Unable to prosecute suspect
bec48b102647e3e7e66f2fcdc47fddf751a9d1a63669c538919f787e5d259809,2023-04,Bedfordshire Police,Bedfordshire Police,-0.464895,52.137706,On or near Parking Area,E01034419,Bedford 012H,Formal action is not in the public interest
e564e96e66760c4c54f20a1bdd9e54906f4e2ab8315f2fddc132c1257ce023db,2023-04,Bedfordshire Police,Bedfordshire Police,-0.426562,52.028719,On or near Parking Area,E01017421,Central Bedfordshire 008E,Unable to prosecute suspect
20b860c2b25150dcf753cbec102d6202b17948fae766fe629cfdfacc1f64d4e1,2023-04,Bedfordshire Police,Bedfordshire Police,-0.426562,52.028719,On or near Parking Area,E01017421,Central Bedfordshire 008E,Unable to prosecute suspect
fbe92325003e0ff8f46c3d3a304aaefd693faee6681f50488668503206576fe9,2023-04,Bedfordshire Police,Bedfordshire Police,-0.504560,51.873894,On or near Lockhart Close,E01017624,Central Bedfordshire 031B,Unable to prosecute suspect
2eda51019c130391790e02b8d0382342d23c60ecf0851dce91d142e38558995e,2023-04,Bedfordshire Police,Bedfordshire Police,-0.513611,51.887991,On or near Dukeminster Road,E01033836,Central Bedfordshire 029F,Investigation complete; no suspect identified
831ee0239a1e47f3b158966a7a3eafb6c219560169f97369832f293839e06cad,2023-04,Bedfordshire Police,Bedfordshire Police,-0.287211,52.031290,On or near Old Orchard View,E01017415,Central Bedfordshire 010F,Unable to prosecute suspect
42f31d9aa47bd0a58e0660cb9d2d151302830e4fce15fe40d862d64d8ed0b016,2023-04,Bedfordshire Police,Bedfordshire Police,-0.525366,51.882681,On or near Bennetts Close,E01017565,Central Bedfordshire 029A,Investigation complete; no suspect identified
586e9d19e4fc27c4ee396fe81d35fbe3404b52aee3f93c8d028a5ad0d543807c,2023-04,Bedfordshire Police,Bedfordshire Police,-0.404256,51.877145,On or near Shopping Area,E01015789,Luton 023D,Suspect charged
e69f7bf949d0a30d32a7608976f7cb4182245d83aac1abc45bdda4c4888f4bc9,2023-04,Bedfordshire Police,Bedfordshire Police,-0.416484,51.869388,On or near Ormsby Close,E01015793,Luton 021E,Investigation complete; no suspect identified
931568850919f922506a1de1f51f9a763e688335d21f4793c2438f8200d5a087,2023-04,Bedfordshire Police,Bedfordshire Police,-0.424291,51.875023,On or near Chiltern Rise,E01015735,Luton 020D,Investigation complete; no suspect identified
7fa9fb9beaaccad1ffe27be81df2f630ce3d8bedb3add63cf0bd008be3093e2f,2023-04,Bedfordshire Police,Bedfordshire Police,-0.498805,52.110026,On or near Woburn Road,E01017514,Bedford 018B,Investigation complete; no suspect identified
a2e432a07951e9fc6a656957019933a92c9f06b8516b6e98e9820205aa015e44,2023-04,Bedfordshire Police,Bedfordshire Police,-0.488101,51.901648,On or near Pastures Way,E01015760,Luton 009E,Unable to prosecute suspect
6b0125f1f782dd7314268aa6ab4fc4f61a6e3814ecfc88b40a674975daf41147,2023-04,Bedfordshire Police,Bedfordshire Police,-0.406572,51.873669,On or near Park Street,E01015789,Luton 023D,Investigation complete; no suspect identified
efd768381d8933d7522ae72cb80946d16d53d5c37fee96f0ba541d95493215fc,2023-04,Bedfordshire Police,Bedfordshire Police,-0.469089,52.137284,On or near Paradine Court,E01017466,Bedford 012A,Unable to prosecute suspect
1276432a2479bbc2d1b678665a72e47e139e9d0167a90d00fa281bf652827528,2023-04,Bedfordshire Police,Bedfordshire Police,-0.416702,51.913639,On or near Wiseman Close,E01017616,Central Bedfordshire 018D,Unable to prosecute suspect
80fd4d6c41dd7a99b061bc5df2b5962d477bac7fd286cd58ee7808209f717dee,2023-04,Bedfordshire Police,Bedfordshire Police,-0.404175,51.896646,On or near Sunningdale,E01015775,Luton 012B,Unable to prosecute suspect
0a615f8ac386b2df6f06037a6364a7ed506689863e81f66bbb08ec6a741295b3,2023-04,Bedfordshire Police,Bedfordshire Police,-0.480858,52.138820,On or near The Finches,E01017471,Bedford 012F,Unable to prosecute suspect
eb421fd59d659fdcb48fbbeec6f3ba191e4f832bed14a792e95ee04bd24457f4,2023-04,Bedfordshire Police,Bedfordshire Police,-0.339451,52.018091,On or near Crackle Hill Road,E01017393,Central Bedfordshire 013C,Action to be taken by another organisation
a8bcfd4f8455abfb43d85684ef542d9c346e0ba71f603e88e98ad1a14904c680,2023-04,Bedfordshire Police,Bedfordshire Police,-0.533445,52.094413,On or near Church Road,E01034425,Bedford 020E,Action to be taken by another organisation
892e6e16e26de13b1dc7a9169a9b4951c30e3431c26fedc6eb4561c2b182b84a,2023-04,Bedfordshire Police,Bedfordshire Police,-0.471169,52.139675,On or near Adelaide Square,E01017502,Bedford 010F,Action to be taken by another organisation
ec9b35166b0814c43284915461679741b08ffbae13f6829b7da88ad1bde89b91,2023-04,Bedfordshire Police,Bedfordshire Police,-0.471169,52.139675,On or near Adelaide Square,E01017502,Bedford 010F,Action to be taken by another organisation
91c7202cf2cce09f705c197f73e3d8237b2e8cc96459de123af5adba48fc22b3,2023-04,Bedfordshire Police,Bedfordshire Police,-0.465794,52.133653,On or near Parking Area,E01017522,Bedford 014E,Unable to prosecute suspect
dece449bec0505720b58696e2966560d86d2329d641fd11c3a7744f7c870165e,2023-04,Bedfordshire Police,Bedfordshire Police,,,No location,,,Unable to prosecute suspect
b9801c560a65b3e28e057c5a51d85c24f8d488e2f393a12f73c4c01d84fdfeac,2023-04,Bedfordshire Police,Bedfordshire Police,-0.325505,52.145960,On or near Armistice Croft,E01017423,Central Bedfordshire 004C,Unable to prosecute suspect
f19ebee281b4ff10c7c2e9397b8134c31317accc4818ba63611b6c837d7ee531,2023-04,Bedfordshire Police,Bedfordshire Police,-0.490456,52.109066,On or near Ronald Close,E01017517,Bedford 018E,Investigation complete; no suspect identified
616e66c9f27509409ba1a3a3f14aaae1abab973c4c4061d3761b9bdf17dfb9f9,2023-04,Bedfordshire Police,Bedfordshire Police,-0.463322,51.905769,On or near Finsbury Road,E01015755,Luton 005F,Investigation complete; no suspect identified
f60fcda750292822b5d705a1f9936833f7e7efbcb1d416f30e08504c7cd5eb40,2023-04,Bedfordshire Police,Bedfordshire Police,-0.455077,51.900338,On or near Wickstead Avenue,E01015750,Luton 011F,Unable to prosecute suspect
23fb84f8ff4789f0f283a4aba4b6d072436b0a071e32f6df4adffd84cb56a631,2023-04,Bedfordshire Police,Bedfordshire Police,-0.465958,52.138663,On or near Supermarket,E01034419,Bedford 012H,Suspect charged
1d45bdd681de7166822e19da89632e4f05ac44448246c165abb6cb757f7e7e35,2023-04,Bedfordshire Police,Bedfordshire Police,,,No location,,,Investigation complete; no suspect identified
7628112ec965a242ac9d71f806748d770186987d3ef836a76a7ae201434274eb,2023-04,Bedfordshire Police,Bedfordshire Police,-0.450766,52.147375,On or near Langdale,E01017534,Bedford 006F,Investigation complete; no suspect identified
ec1bd38c589c53dae73094e1abaae7485d301c0a378604cd56b4650abea9c595,2023-04,Bedfordshire Police,Bedfordshire Police,-0.260377,52.013524,On or near Gothic Way,E01017378,Central Bedfordshire 010C,Investigation complete; no suspect identified
1f49ba74f8d9c5e965724ea2b6cdf7f2d493e445362cb0d31d70afd32e606de8,2023-04,Bedfordshire Police,Bedfordshire Police,-0.423236,51.882741,On or near Supermarket,E01015699,Luton 017B,Investigation complete; no suspect identified
a6bd42ccaac52c630ad2fcf1a3571e14260b36c7e97e9133e007c3f9adad0cab,2023-04,Bedfordshire Police,Bedfordshire Police,-0.423236,51.882741,On or near Supermarket,E01015699,Luton 017B,Investigation complete; no suspect identified
251a7252ef030012d16a5a7ba96622991d4c4fbf944d8a5d4b607091fc69f658,2023-04,Bedfordshire Police,Bedfordshire Police,-0.467438,52.131310,On or near Kingsway,E01034420,Bedford 015G,Investigation complete; no suspect identified
0ba0c2928c33cf145776f6f42a2d6eb3adc9941b7a258fc79d4ad87ec459957b,2023-04,Bedfordshire Police,Bedfordshire Police,-0.467438,52.131310,On or near Kingsway,E01034420,Bedford 015G,Investigation complete; no suspect identified
d05da9ca98036b5f932dbb7516bebd01a6d3fe25a3e221523ad29cbae0916560,2023-04,Bedfordshire Police,Bedfordshire Police,-0.356403,52.157436,On or near Dothans Close,E01017495,Bedford 004B,Investigation complete; no suspect identified
ebd15f3a31ec65ce7626cbc4ee055cd3b9cba9ac851b90b33c0c873d3a9b2538,2023-04,Bedfordshire Police,Bedfordshire Police,-0.420395,51.880069,On or near Alma Link,E01033803,Luton 023A,Investigation complete; no suspect identified
91ab11e96730e5e680c531511b7e6e879aa523d34c765ebd4a1a83098816a755,2023-04,Bedfordshire Police,Bedfordshire Police,-0.398598,51.872428,On or near Gipsy Lane,E01015790,Luton 021B,Investigation complete; no suspect identified
aef0cc1d5b1ee5a51ac2e0443d7646d9c9ded2231986c24b3e3bbd18d4533a86,2023-04,Bedfordshire Police,Bedfordshire Police,-0.466098,52.135878,On or near Shopping Area,E01034419,Bedford 012H,Investigation complete; no suspect identified
2ef163c7c2fd2068b8f14d5770e39dab04e87f563be7936a2cb4f7246621b090,2023-04,Bedfordshire Police,Bedfordshire Police,-0.469089,52.137284,On or near Paradine Court,E01017466,Bedford 012A,Investigation complete; no suspect identified
58c6be6a582f6cafcfc37bcb3dc599f10ca0be25d2a52f6497e1d5166154562a,2023-04,Bedfordshire Police,Bedfordshire Police,-0.404081,51.869453,On or near Sports/Recreation Area,E01015790,Luton 021B,Investigation complete; no suspect identified
411571e26d1cb936118236eb0fd660dfa9ae357a594b957448aa22fca70b16e9,2023-04,Bedfordshire Police,Bedfordshire Police,-0.424468,51.903610,On or near Midhurst Gardens,E01015694,Luton 007B,Unable to prosecute suspect
dfa45644b8e2113509d2a890ca5962a6034037d68a12816df768c6dc5e3b1275,2023-04,Bedfordshire Police,Bedfordshire Police,-0.467424,51.918509,On or near Pennine Avenue,E01015804,Luton 002C,Suspect charged
1756de256dd24a91f72c3e0dce26909c018915a589aa56983ca310137aa444cb,2023-04,Bedfordshire Police,Bedfordshire Police,,,No location,,,Investigation complete; no suspect identified
13c732a3ad9b2818ab515ff4bf76a5752de4a1f8d4a0a71a6151a401f0567b7b,2023-04,Bedfordshire Police,Bedfordshire Police,-0.388686,51.913196,On or near Great Marlings,E01015797,Luton 008A,Investigation complete; no suspect identified
e937672e4adce9f3d12e43773380bd73d262662ab667ac9d43fac01e0ce4fb8d,2023-04,Bedfordshire Police,Bedfordshire Police,-0.404371,51.876346,On or near Windmill Road,E01015789,Luton 023D,Investigation complete; no suspect identified
6baf3948d591fd54b83e106ba984b71661124e8e210f0dd9945f87566ab679af,2023-04,Bedfordshire Police,Bedfordshire Police,-0.465357,51.879342,On or near Mallard Crescent,E01017562,Central Bedfordshire 033B,Unable to prosecute suspect
5ce6c341cad661fb603a1b4d09bb7a28246afcd4cf5d6b6b2fce48d3ec6b7119,2023-04,Bedfordshire Police,Bedfordshire Police,-0.421401,51.877906,On or near Buxton Road,E01015795,Luton 021F,Unable to prosecute suspect
0b8655450394e0562ba689d698787338be4b66c94885f21ceba5eb6805a5c3c0,2023-04,Bedfordshire Police,Bedfordshire Police,-0.530500,51.948869,On or near Conger Lane,E01017620,Central Bedfordshire 019C,Investigation complete; no suspect identified
7ec92ad2ea129287f0c72edb56ee17937cd870fd22d6ef0f58c252d7fd36e401,2023-04,Bedfordshire Police,Bedfordshire Police,-0.259781,52.089693,On or near Shuttleworth Court,E01017384,Central Bedfordshire 005B,Investigation complete; no suspect identified
61bc29d03f1019ca54435db666742884807fc0e5bca5b1dec6334dd4314e5e0e,2023-04,Bedfordshire Police,Bedfordshire Police,-0.427400,52.152641,On or near Supermarket,E01017492,Bedford 007E,Investigation complete; no suspect identified
159a59da49221363377ade8ef9cab7ca48f03cb11f98242ffcd80d10466afec9,2023-04,Bedfordshire Police,Bedfordshire Police,-0.506668,51.879109,On or near Sundown Avenue,E01017593,Central Bedfordshire 030B,Investigation complete; no suspect identified
4fd277d25f3d27474f74d7e07c3727ccb6ac98938bbed0af180a83f3f763efea,2023-04,Bedfordshire Police,Bedfordshire Police,-0.463024,52.138167,On or near St Cuthberts Street,E01034419,Bedford 012H,Investigation complete; no suspect identified
5b9c7d657958186dde0272d587a64ffdbc75588eff76d2d409e9f5ad631cd4fe,2023-04,Bedfordshire Police,Bedfordshire Police,-0.395177,51.886103,On or near Taunton Avenue,E01015781,Luton 016F,Unable to prosecute suspect
d1fea743e21dfb0ea74a32e2edeaaf7989bfb2ff87d0a086369aa2520f0e5d7e,2023-04,Bedfordshire Police,Bedfordshire Police,-0.487230,52.146104,On or near Fairhill,E01017499,Bedford 010C,Investigation complete; no suspect identified
9c2e3233d2b114d15023d76facaf8b2b3883ffad3ba7a150c7b088718a570ce9,2023-04,Bedfordshire Police,Bedfordshire Police,-0.244726,52.076888,On or near Petrol Station,E01017381,Central Bedfordshire 006A,Investigation complete; no suspect identified
afcc77649669977646ef378b0b54436131608f994f3771d5288e70e662af0baa,2023-04,Bedfordshire Police,Bedfordshire Police,-0.466657,52.136614,On or near High Street,E01034419,Bedford 012H,Unable to prosecute suspect
3ba4e3f64cf11dce30d34da9f82ed60286e1a5e7c97c5d830c9eb392cb2c24f5,2023-04,Bedfordshire Police,Bedfordshire Police,-0.418309,51.865816,On or near Parking Area,E01015738,Luton 021A,Investigation complete; no suspect identified
c56d5f0fec53395f8e168d77eb82c2c516ad33199809cd94837caa599e1ab512,2023-04,Bedfordshire Police,Bedfordshire Police,-0.492378,51.960121,On or near Valiant Close,E01017408,Central Bedfordshire 017B,Suspect charged
e8558f8b4ecac137c1157088eadedafe2f39a90dae147c4ee3a3710b6c34c27a,2023-04,Bedfordshire Police,Bedfordshire Police,-0.507190,51.888359,On or near Bramley Court,E01017584,Central Bedfordshire 027C,Investigation complete; no suspect identified
4b99834167419bfcc20956dba3bc01c4925055891b2b0f274e99051ba9dc4054,2023-04,Bedfordshire Police,Bedfordshire Police,-0.463563,52.129290,On or near Station Road,E01034420,Bedford 015G,Unable to prosecute suspect
85e9291978ba4752409ff3726897a28a70d33b173d494f71c6325994866c6e42,2023-04,Bedfordshire Police,Bedfordshire Police,-0.487230,52.146104,On or near Fairhill,E01017499,Bedford 010C,Investigation complete; no suspect identified
d8c9e6884506d4bf11fe0821e0bd3f9d6700985fada9c507ca9abb6cb22fef0e,2023-04,Bedfordshire Police,Bedfordshire Police,-0.289996,52.128646,On or near King's Road,E01017431,Central Bedfordshire 002B,Investigation complete; no suspect identified
6113d9191959bee1a43ab8594541d06d9bd63b617c0957aa9c70a07c67d1cac7,2023-04,Bedfordshire Police,Bedfordshire Police,-0.368192,51.892556,On or near Rowington Close,E01015806,Luton 014C,Investigation complete; no suspect identified
759356b56104dbc79e46051537adcc87b57798bcd1d7614bfcb3ca83b7094e02,2023-04,Bedfordshire Police,Bedfordshire Police,-0.332907,52.031427,On or near Petrol Station,E01017440,Central Bedfordshire 011D,Investigation complete; no suspect identified
36b9b06909dbff4c3a3e95e4d9bdb1b69063c81d7ebcb4618ba05da3c9775a1c,2023-04,Bedfordshire Police,Bedfordshire Police,-0.417059,51.881571,On or near Bridge Street,E01033803,Luton 023A,Investigation complete; no suspect identified
707dec4f1abc2a31cfa4e2e53959154c020ae7c3b1389eb438a3d9b40208d395,2023-04,Bedfordshire Police,Bedfordshire Police,-0.363397,52.036383,On or near Eisenhower Place,E01017441,Central Bedfordshire 011E,Unable to prosecute suspect
e5b6bbc4a742f6fa1caadf68c923464d36a4f09e60936ac657cacce4f9742a84,2023-04,Bedfordshire Police,Bedfordshire Police,-0.332907,52.031427,On or near Petrol Station,E01017440,Central Bedfordshire 011D,Investigation complete; no suspect identified
d55c067e4e5581db3202649c396e318464da83ae31649c531d533ea370370c41,2023-04,Bedfordshire Police,Bedfordshire Police,-0.428315,52.145087,On or near Sports/Recreation Area,E01017490,Bedford 007C,Investigation complete; no suspect identified
9a750009a5c6fc1f7435b595648b8cf94ed7bf8afa68a7f66a0836918c850306,2023-04,Bedfordshire Police,Bedfordshire Police,-0.495430,51.903297,On or near St Kilda Road,E01015759,Luton 009D,Unable to prosecute suspect
2a03ff64fb0cff4aa53d19757a612bec5f62d6a1077982c03ed4eb07294a2131,2023-04,Bedfordshire Police,Bedfordshire Police,-0.562590,52.061019,On or near Gee View,E01033821,Central Bedfordshire 009H,Investigation complete; no suspect identified
18545855289520c56ee5a9be61181bf6110f14ca729702d3a0a511d1073c19ae,2023-04,Bedfordshire Police,Bedfordshire Police,-0.484037,52.132127,On or near Nelson Street,E01017538,Bedford 013D,Investigation complete; no suspect identified
cf3b77325a1ef0bbac64097cf42c336fd0d32acf1cbe1a0c50410e3f855c5d2d,2023-04,Bedfordshire Police,Bedfordshire Police,,,No location,,,Investigation complete; no suspect identified
b950da23883430ed1878a2b1320b6dc62dddb3de7ac6d9505678e3b02956c091,2023-04,Bedfordshire Police,Bedfordshire Police,-0.664286,51.917248,On or near West Street,E01017555,Central Bedfordshire 021A,Investigation complete; no suspect identified
e8f0291023c29320c0a803b27dfad6c3d2b970c701e6eb1899450744336a1287,2023-04,Bedfordshire Police,Bedfordshire Police,-0.497485,52.002392,On or near Coniston Road,E01017405,Central Bedfordshire 016C,Investigation complete; no suspect identified
7be30641d9fb3969d72e9ab19ec2fc621d4b9e5d1af0f7c45a9b204f2af42c9d,2023-04,Bedfordshire Police,Bedfordshire Police,-0.370270,51.893772,On or near Rochford Drive,E01015806,Luton 014C,Investigation complete; no suspect identified
f284a5300bc988e7c57bd44982cf93cabd158931d4494a36ed0698e4b3ac3088,2023-04,Bedfordshire Police,Bedfordshire Police,,,No location,,,Investigation complete; no suspect identified
8c17015134ab7449db6096601814cb829a26dbe41e8015179d119cb230d08d27,2023-04,Bedfordshire Police,Bedfordshire Police,-0.497485,52.002392,On or near Coniston Road,E01017405,Central Bedfordshire 016C,Investigation complete; no suspect identified
624c4c1bb68d25af99d41d6ac39070a834467feebbf991be55722e9f5155b8e9,2023-04,Bedfordshire Police,Bedfordshire Police,-0.497824,51.876389,On or near Lincoln Close,E01017594,Central Bedfordshire 030C,Unable to prosecute suspect
94196f731a57d3325990569d1238be890d0aa5d639c0c8a65cb07cb89fc5fd84,2023-04,Bedfordshire Police,Bedfordshire Police,-0.517964,51.886850,On or near Kingsbury Court,E01033837,Central Bedfordshire 029G,Investigation complete; no suspect identified
feac8f827c77c59574489ba49f1f589b5e669490bb585ceca997412ae5c0f23d,2023-04,Bedfordshire Police,Bedfordshire Police,-0.416120,51.878932,On or near George Street,E01033803,Luton 023A,Investigation complete; no suspect identified
3afd32b85919510ee50f27a4864bac0a6fd04087b4418725c792d8719d989180,2023-04,Bedfordshire Police,Bedfordshire Police,-0.451203,52.129713,On or near Supermarket,E01017519,Bedford 014B,Investigation complete; no suspect identified
bc1e4ffacbbf111982bee3e42358be85b9a28b4f78266cf67515ae198b50d2a7,2023-04,Bedfordshire Police,Bedfordshire Police,-0.434260,51.921328,On or near Quantock Close,E01015706,Luton 001A,Investigation complete; no suspect identified
b5094e05d2a302103a4346726fdf2ab66a7df40e7703a8536a0688fb41a22c1a,2023-04,Bedfordshire Police,Bedfordshire Police,-0.382346,52.250261,On or near Grays Grove,E01017543,Bedford 004E,Unable to prosecute suspect
5ea9b5ec68aed959b240e1091ed078ff7c62518ab6e841edba7b17b48ef16539,2023-04,Bedfordshire Police,Bedfordshire Police,-0.476346,51.891201,On or near Bampton Road,E01015714,Luton 013B,Unable to prosecute suspect
cc39e2fbeaeaf96793487c23c27a2c3446d075b94477b70945925717fba36ed0,2023-04,Bedfordshire Police,Bedfordshire Police,-0.455550,51.920899,On or near Denham Close,E01015773,Luton 003D,Investigation complete; no suspect identified
8478b8bf67250952e37b0ae7af95893f0e47cc362bddb09ed6b1bc3ed6ef4c84,2023-04,Bedfordshire Police,Bedfordshire Police,-0.290398,52.136843,On or near Maple Road,E01017433,Central Bedfordshire 001A,Unable to prosecute suspect
0ba1a0bfd871e5ccff0e39c9cdc3cdac1bdf15f277ff51930439de487a652c24,2023-04,Bedfordshire Police,Bedfordshire Police,-0.430776,51.889442,On or near The Ridings,E01015705,Luton 017D,Investigation complete; no suspect identified
77fc9fee0b90b1b8cd62576fdece9b4f21da753f5f7de53aec5529bcedb4b501,2023-04,Bedfordshire Police,Bedfordshire Police,-0.497485,52.002392,On or near Coniston Road,E01017405,Central Bedfordshire 016C,Investigation complete; no suspect identified
9c967bad10efb3004d5cbdd3295117ec0ccab64dc54404464cfab910cd5bccf7,2023-04,Bedfordshire Police,Bedfordshire Police,-0.531584,52.144867,On or near Petrol Station,E01017462,Bedford 008D,Investigation complete; no suspect identified
319c3caf45d555be06d8753e8d85720d822cc833861a7abe45d364d24a51c9fe,2023-04,Bedfordshire Police,Bedfordshire Police,-0.431471,51.921659,On or near Enterprise Way,E01015707,Luton 001B,Investigation complete; no suspect identified
697f96ec58c419a141150825aaec76f89c32dd4dfd049b69ac27e35f73093465,2023-04,Bedfordshire Police,Bedfordshire Police,-0.668092,51.917849,On or near Supermarket,E01017557,Central Bedfordshire 021C,Investigation complete; no suspect identified
e52476fad076923e35f1dea675007abb608894f635719fd9d451f4a2cd420262,2023-04,Bedfordshire Police,Bedfordshire Police,-0.666231,51.903320,On or near Shopping Area,E01033828,Central Bedfordshire 024H,Investigation complete; no suspect identified
01c78f3479abeb0c25131514b21c5fe08e7889696723e73d81a0479cc683933d,2023-04,Bedfordshire Police,Bedfordshire Police,-0.476574,52.138450,On or near Conduit Road,E01017471,Bedford 012F,Investigation complete; no suspect identified
b8dad0ec69f7787cc477572634802d7112c0ed90421d5151f93f6078270a58f0,2023-04,Bedfordshire Police,Bedfordshire Police,-0.479102,52.127738,On or near Riverside Close,E01017512,Bedford 016D,Investigation complete; no suspect identified
34cca2ad47bb888d79144e431a9f3bdfd72fe01fbfc7e9c974f100e297bb722a,2023-04,Bedfordshire Police,Bedfordshire Police,-0.657487,51.914141,On or near Petrol Station,E01017555,Central Bedfordshire 021A,Investigation complete; no suspect identified
34cca2ad47bb888d79144e431a9f3bdfd72fe01fbfc7e9c974f100e297bb722a,2023-04,Bedfordshire Police,Bedfordshire Police,-0.657487,51.914141,On or near Petrol Station,E01017555,Central Bedfordshire 021A,Investigation complete; no suspect identified
8a63b43a985cd10a03fd72564b302bf2984e021bc20cb0ddc121d0ba002fec01,2023-04,Bedfordshire Police,Bedfordshire Police,-0.490053,52.021925,On or near Primrose Crescent,E01017371,Central Bedfordshire 012A,Unable to prosecute suspect
8001168b6ca229d57eb8b1c7e82ede5532d3e699f9c68684e5577e33f1ced9c8,2023-04,Bedfordshire Police,Bedfordshire Police,-0.485389,52.079320,On or near Homestead Way,E01033818,Central Bedfordshire 008G,Investigation complete; no suspect identified
e09c189564d2bdf00b5a2253e8d6ec1ab393bbc0ef1c6437bcfe6b1a02363e24,2023-04,Bedfordshire Police,Bedfordshire Police,-0.468370,52.139504,On or near Balsall Street East,E01017502,Bedford 010F,Investigation complete; no suspect identified
5794c867126d00b0facf13f1353436f6e85937a454c3b5042f7bf881b00e1f26,2023-04,Bedfordshire Police,Bedfordshire Police,-0.520126,51.905948,On or near Angels Lane,E01017581,Central Bedfordshire 026D,Unable to prosecute suspect
dd4e0ceb94448773c02c5a43d7576fe4fbf59fe2a9e75a44ba3a04dd4e587323,2023-04,Bedfordshire Police,Bedfordshire Police,-0.471646,52.136858,On or near Saffron Close,E01017466,Bedford 012A,Unable to prosecute suspect
c48d16789b8e88e6e2889dc42d1dcd48f5d4070e599ab375a4d9c262e99adb1a,2023-04,Bedfordshire Police,Bedfordshire Police,-0.419798,52.155974,On or near Lammerside,E01034412,Bedford 004H,Investigation complete; no suspect identified
bc46469431a6724f9a0f449ad30d952d9e016a737babfab02d2db99eaf2665e0,2023-04,Bedfordshire Police,Bedfordshire Police,-0.464877,52.129307,On or near St Leonard's Avenue,E01034420,Bedford 015G,Investigation complete; no suspect identified
1348e83f9e07d4ed4eb9a92624c2ae21100034a50a5acfac172932da7bcd331a,2023-04,Bedfordshire Police,Bedfordshire Police,-0.490713,52.119598,On or near Cater Street,E01017508,Bedford 017D,Investigation complete; no suspect identified
fd8027de7ac366ded6d2139e040507b346298782378ecad6395b99fd204b5845,2023-04,Bedfordshire Police,Bedfordshire Police,-0.491490,52.009554,On or near Roman Way,E01017400,Central Bedfordshire 015B,Unable to prosecute suspect
dea62155770f8e58f71f41b5229565aab68a14f179a2bc3d98688c9707520e9e,2023-04,Bedfordshire Police,Bedfordshire Police,-0.413657,51.894850,On or near Wardown Crescent,E01015740,Luton 012A,Unable to prosecute suspect
07d41ea0ec5ca4d7972bceb1327d3c64e4937a137d605bc7e88ea0e0be8837b5,2023-04,Bedfordshire Police,Bedfordshire Police,-0.464895,52.137706,On or near Parking Area,E01034419,Bedford 012H,Investigation complete; no suspect identified
f776edaefcac977bc3aa5b73004940b64392733b8485fb0a5934c55e28fcfc81,2023-04,Bedfordshire Police,Bedfordshire Police,-0.428295,52.151304,On or near Church Lane,E01017529,Bedford 006A,Unable to prosecute suspect
d402ff923b470c9edb762d5995394220343e05b670f7c093a4cd1cb3444bc28c,2023-04,Bedfordshire Police,Bedfordshire Police,-0.337207,52.034964,On or near Nightingale Mews,E01017439,Central Bedfordshire 011C,Unable to prosecute suspect
f7e1e49f9893e3a3fa54bdce0253ee98c0dd9d4c9f61b2d00d9590c48160e2bd,2023-04,Bedfordshire Police,Bedfordshire Police,,,No location,,,Unable to prosecute suspect
d8e4017f997ce145d7e04beeca39787e6a5a38c9eefefb8ad1a97443611b980e,2023-04,Bedfordshire Police,Bedfordshire Police,-0.480839,52.135080,On or near Henley Road,E01017536,Bedford 013B,Local resolution
c0007faabdd1a948b478b1f87e50baebb0f0c16fadffb4fc963b4b1cc8575d9f,2023-04,Bedfordshire Police,Bedfordshire Police,-0.264962,52.049819,On or near Campion Edge,E01017413,Central Bedfordshire 010D,Unable to prosecute suspect
33f34d767d06450dcc27d36bcef006fa86f900dcfa02e9c028e8fe1d014f9465,2023-04,Bedfordshire Police,Bedfordshire Police,-0.452546,52.121306,On or near Southway,E01017518,Bedford 014A,Unable to prosecute suspect
95e741ae57c285ae2bc6031755e0ced807fbe4b47d81b790cd5685c85cf6c00b,2023-04,Bedfordshire Police,Bedfordshire Police,-0.436080,51.897821,On or near St James' Road,E01015782,Luton 010D,Unable to prosecute suspect
bd5a015d2f90c4c3ac4540cb16379781b2038b4d1f42da60a124d8683f09acd0,2023-04,Bedfordshire Police,Bedfordshire Police,-0.427995,51.871709,On or near Bretts Mead,E01015737,Luton 020F,Unable to prosecute suspect
97a81dd4cd084f82551f3dfa859bdb57458b18fe91577ef82846d112f049f480,2023-04,Bedfordshire Police,Bedfordshire Police,-0.398254,51.876389,On or near Armstrong Road,E01015719,Luton 016A,Unable to prosecute suspect
540ad5983ae0ccfedde3bc979406b97805b6857b8d7af24d6d46003ca400c864,2023-04,Bedfordshire Police,Bedfordshire Police,-0.497485,52.002392,On or near Coniston Road,E01017405,Central Bedfordshire 016C,Suspect charged
547957dcee91153db7b554b659d821315297721d2be2c4d830e8a20129f677ab,2023-04,Bedfordshire Police,Bedfordshire Police,-0.672256,51.916179,On or near Hollies Court,E01017589,Central Bedfordshire 022A,Unable to prosecute suspect
07bb392ef1e6e5cd3c824d9a4f7d5a3f8e556d731844f928c27c3483d8824821,2023-04,Bedfordshire Police,Bedfordshire Police,-0.647912,52.015993,On or near Burrows Close,E01017379,Central Bedfordshire 007A,Unable to prosecute suspect
8db6fdfaa705044d079a9072dd1961bf891a248425ca1b48654fa73678827c5c,2023-04,Bedfordshire Police,Bedfordshire Police,-0.367270,51.875839,On or near Airport/Airfield,E01015808,Luton 014D,Unable to prosecute suspect
222fc7d6a1b5c46c55099a87744847dfa1cf91dba344c99abd8e1f9b7b805fd8,2023-04,Bedfordshire Police,Bedfordshire Police,-0.356498,51.997497,On or near Bryants Close,E01017444,Central Bedfordshire 011F,Investigation complete; no suspect identified
3c3b4b28f53e39b29f549d2b82d6c4eabee547918c038e31ac50719b98d8169f,2023-04,Bedfordshire Police,Bedfordshire Police,,,No location,,,Investigation complete; no suspect identified
5cc8a0a2679506a1e499bc1aa89a2f74b444f6b56a3ac67785aced14c58b5509,2023-04,Bedfordshire Police,Bedfordshire Police,-0.453202,52.141608,On or near Bradgate Road,E01017485,Bedford 009D,Investigation complete; no suspect identified
e668cac65be6bc1b6ae9f6700f6892b3beb626336be682173dce4329710bb5b7,2023-04,Bedfordshire Police,Bedfordshire Police,-0.534330,51.940294,On or near Mount Pleasant Avenue,E01017622,Central Bedfordshire 019E,Investigation complete; no suspect identified
688607660aa4aeaaa3ddab3bc7fc96424989e8429c594af0a526d33a494c1b0f,2023-04,Bedfordshire Police,Bedfordshire Police,-0.500437,52.115361,On or near The Old Yard,E01017514,Bedford 018B,Investigation complete; no suspect identified
97b39201e45c9006974624100efc84fc242b2a2c97e0848042bf7591f19ffbf0,2023-04,Bedfordshire Police,Bedfordshire Police,-0.335593,52.037998,On or near High Street,E01017437,Central Bedfordshire 011A,Investigation complete; no suspect identified
a9e89958ea39fca2bae6c872c0451b8f8e9ba72bb58eca879b2b795a7b51030b,2023-04,Bedfordshire Police,Bedfordshire Police,-0.466098,52.135878,On or near Shopping Area,E01034419,Bedford 012H,Suspect charged
c42f1249fa30fe8279308a9326684f23d7fb8a389f591fa39fe418f3a3ae5700,2023-04,Bedfordshire Police,Bedfordshire Police,-0.396498,51.874297,On or near Kimpton Road,E01015719,Luton 016A,Investigation complete; no suspect identified
852da3d148b773fee0843641261931d9ad40cef2c837996cad20cc3acebb87bc,2023-04,Bedfordshire Police,Bedfordshire Police,-0.471499,52.136452,On or near Shopping Area,E01017471,Bedford 012F,Investigation complete; no suspect identified
59f48429dc08320b7c32b759e63fed0a6c381997fe6cdb59cdcd71536838efd1,2023-04,Bedfordshire Police,Bedfordshire Police,-0.451203,52.129713,On or near Supermarket,E01017519,Bedford 014B,Investigation complete; no suspect identified
8c48f8204c812644d376b9d2e05b15e6615c9e0498f34552bd99fff7c32ae931,2023-04,Bedfordshire Police,Bedfordshire Police,-0.500068,52.108964,On or near Abbott Crescent,E01017514,Bedford 018B,Offender given a caution
5a8d2207d3dd2096012a6895ee8b01dacd5cc13922f3095dd4f671b6b8ee43bb,2023-04,Bedfordshire Police,Bedfordshire Police,-0.484857,51.889629,On or near Supermarket,E01017583,Central Bedfordshire 027B,Investigation complete; no suspect identified
038c8e336dd7de34b7b591ab7fc3bfcf32ae2033c8231d4579fabe1ed7d1c9d5,2023-04,Bedfordshire Police,Bedfordshire Police,-0.453330,51.902976,On or near Sarum Road,E01015785,Luton 006G,Unable to prosecute suspect
3c807cca0d0f87d2da1c428d43a2dae18422a4fd0927c8d3e89dd324fa84e65d,2023-04,Bedfordshire Police,Bedfordshire Police,-0.589638,51.876348,On or near Booth Place,E01017572,Central Bedfordshire 032B,Investigation complete; no suspect identified
fe20bc4b8be9bee6747745bc75dfee0708f1da2dc37b0bb8f9b3dedeaeaf6eeb,2023-04,Bedfordshire Police,Bedfordshire Police,-0.412775,51.879454,On or near Shopping Area,E01033805,Luton 023C,Investigation complete; no suspect identified
89af9f67fcaa62d68d5f1e4fdbbd0c21caad369e4a63043af47aff7c4e1cb28b,2023-04,Bedfordshire Police,Bedfordshire Police,-0.412775,51.879454,On or near Shopping Area,E01033805,Luton 023C,Investigation complete; no suspect identified
79e90d86c9687be7f66bb8010ee8811ce144dd4f9d4d2a4ce7fa7e4342d52a9a,2023-04,Bedfordshire Police,Bedfordshire Police,,,No location,,,Investigation complete; no suspect identified
1580493861a45cf19921455bcc1282a3e26a6d6c3eec4f03eda26716954f0737,2023-04,Bedfordshire Police,Bedfordshire Police,-0.426078,51.882932,On or near Petrol Station,E01015729,Luton 019C,Investigation complete; no suspect identified
c631da63ceb992db25476626046a264f2ded45e22db8672e2ac0136820d36232,2023-04,Bedfordshire Police,Bedfordshire Police,-0.471477,52.138384,On or near Gwyn Street,E01017471,Bedford 012F,Investigation complete; no suspect identified
c67442a0ff2da7dafb23d5bb555b14b7cd69d06579f1a99743c93d0370d3b179,2023-04,Bedfordshire Police,Bedfordshire Police,-0.389403,51.897632,On or near Supermarket,E01015813,Luton 008F,Investigation complete; no suspect identified
9751c9162e2a86168a5456efaa0d8e7ca518f35a286768fb0c6d1e672cacbe8e,2023-04,Bedfordshire Police,Bedfordshire Police,-0.476783,52.147741,On or near Kneller Close,E01017498,Bedford 010B,Investigation complete; no suspect identified
362b766c105e2d3944e85390753a5f59f84ea54aa9fcb43431a20fc58af58310,2023-04,Bedfordshire Police,Bedfordshire Police,-0.264289,52.085992,On or near Bonds Lane,E01017385,Central Bedfordshire 005C,Investigation complete; no suspect identified
e4c903c30b2a12ffa8cc629e95816780b7a9611404eb95ea6af767ad5954d162,2023-04,Bedfordshire Police,Bedfordshire Police,-0.460897,52.128929,On or near Shopping Area,E01017522,Bedford 014E,Investigation complete; no suspect identified
3deeb456373010a28a170ac3709f675f3cb06f68ad47e2801b8c460c143812f9,2023-04,Bedfordshire Police,Bedfordshire Police,-0.404104,51.887186,On or near Treetop Close,E01015742,Luton 022B,Unable to prosecute suspect
293d93ac561ef5580439d53b687cb4ea1c279f755f7f146d14a025795a27961f,2023-04,Bedfordshire Police,Bedfordshire Police,-0.471477,52.138384,On or near Gwyn Street,E01017471,Bedford 012F,Unable to prosecute suspect
23fb268b289c6f740fec1e7817523ad9b67bdbd712118b62c378d6e72095b2e5,2023-04,Bedfordshire Police,Bedfordshire Police,-0.289996,52.128646,On or near King's Road,E01017431,Central Bedfordshire 002B,Investigation complete; no suspect identified
5ed395469aeed9f897434efc0acd6a3c374e6d0fb6b94e41d155edc1952d7763,2023-04,Bedfordshire Police,Bedfordshire Police,-0.215051,52.028708,On or near Astwick Services,E01017447,Central Bedfordshire 014B,Unable to prosecute suspect
567dd05859824900e5237681a0f25fb2e29ec256033314ba26432849aeee3fbb,2023-04,Bedfordshire Police,Bedfordshire Police,-0.510716,51.887649,On or near Petrol Station,E01017584,Central Bedfordshire 027C,Investigation complete; no suspect identified
06959d63ee0c4f534b36438d3cfe34b6d51985d7ba5ce8ca23e4120458f1b74e,2023-04,Bedfordshire Police,Bedfordshire Police,,,No location,,,Investigation complete; no suspect identified
4f771d7193d16eeeed9535ea136794c74146dd129f77446a0d522da114fc99d2,2023-04,Bedfordshire Police,Bedfordshire Police,-0.290352,52.208722,On or near Supermarket,E01018177,Huntingdonshire 022A,Investigation complete; no suspect identified
299175e6577a6719d22d4723886d8a6f48b89164d70a74318f5def7c9ac62c27,2023-04,Bedfordshire Police,Bedfordshire Police,-0.418309,51.893546,On or near Parking Area,E01015739,Luton 022A,Investigation complete; no suspect identified
b812c5969a4a1047ad66b4f64f2acd768540873d924283e5931d73fdb5ce8da4,2023-04,Bedfordshire Police,Bedfordshire Police,-0.500304,51.908395,On or near Cumbria Close,E01017600,Central Bedfordshire 025A,Investigation complete; no suspect identified
b812c5969a4a1047ad66b4f64f2acd768540873d924283e5931d73fdb5ce8da4,2023-04,Bedfordshire Police,Bedfordshire Police,-0.500304,51.908395,On or near Cumbria Close,E01017600,Central Bedfordshire 025A,Investigation complete; no suspect identified
b812c5969a4a1047ad66b4f64f2acd768540873d924283e5931d73fdb5ce8da4,2023-04,Bedfordshire Police,Bedfordshire Police,-0.500304,51.908395,On or near Cumbria Close,E01017600,Central Bedfordshire 025A,Investigation complete; no suspect identified
b812c5969a4a1047ad66b4f64f2acd768540873d924283e5931d73fdb5ce8da4,2023-04,Bedfordshire Police,Bedfordshire Police,-0.500304,51.908395,On or near Cumbria Close,E01017600,Central Bedfordshire 025A,Investigation complete; no suspect identified
df79b3431de3a21b946941dd41e5e110345c453e48424b1c993ac64e78614f5d,2023-04,Bedfordshire Police,Bedfordshire Police,-0.201998,52.014329,On or near Baldock Services,E01023585,North Hertfordshire 016A,Investigation complete; no suspect identified
dd642d88e4dd319844c7cc1cb707dfecf878f926f27aa4658a1352c52526db41,2023-04,Bedfordshire Police,Bedfordshire Police,,,No location,,,Investigation complete; no suspect identified
0ec9416ca3d132b4e5044331066f6d27b44946da0f13f5e19eba69c59665b89a,2023-04,Bedfordshire Police,Bedfordshire Police,,,No location,,,Investigation complete; no suspect identified
fd0eaf8f612e4f4d1f4986a0998dd89efa601393ab3b9b8183c2a3dcaa1fab36,2023-04,Bedfordshire Police,Bedfordshire Police,-0.465821,52.124101,On or near Petrol Station,E01017472,Bedford 015A,Investigation complete; no suspect identified
c28b8cbca2b3857eb9eb1173676c42a6c859527fc4b1e80353297e9647acc8cb,2023-04,Bedfordshire Police,Bedfordshire Police,-0.451203,52.129713,On or near Supermarket,E01017519,Bedford 014B,Investigation complete; no suspect identified
a11a64eb3c498e39a578cd0e69f117ce61ea5a3da50e9e0b72d067afbca18ad7,2023-04,Bedfordshire Police,Bedfordshire Police,-0.497485,52.002392,On or near Coniston Road,E01017405,Central Bedfordshire 016C,Investigation complete; no suspect identified
2d42c585ea8e92ea6e68712180f1a85db97d93e5dff8a9f2e24856a71b162e4e,2023-04,Bedfordshire Police,Bedfordshire Police,-0.495501,52.126636,On or near Kingston Close,E01017511,Bedford 016C,Investigation complete; no suspect identified
9af7bcf57981b7a8b07ac3ace313a8b10685f64d460c6b5d9b53ec197cb00bfb,2023-04,Bedfordshire Police,Bedfordshire Police,-0.657332,51.937858,On or near Craddock Drive,E01017606,Central Bedfordshire 020D,Investigation complete; no suspect identified
d2aa76f3073688886628a8b45f5862cb10ab43145f88314532d1754f4aa0c21a,2023-04,Bedfordshire Police,Bedfordshire Police,-0.430424,51.884546,On or near Ivy Road,E01015727,Luton 017F,Unable to prosecute suspect
2bdac4bfd396507c0f8bee18a00b9aac8fde047248ee51d01a6748ea462b6c08,2023-04,Bedfordshire Police,Bedfordshire Police,-0.506565,52.169710,On or near Spriggs Close,E01017480,Bedford 003C,Investigation complete; no suspect identified
bac3ce7dafc2ae50b6694a568dfe9db5819dc29d96902a937e0667bb087989eb,2023-04,Bedfordshire Police,Bedfordshire Police,-0.438748,51.896328,On or near Millfield Road,E01015786,Luton 010F,Investigation complete; no suspect identified
108056b4436731df8f57b9bc5c4f27371f2026aaa675ef6f16bd3bdfc1865ab2,2023-04,Bedfordshire Police,Bedfordshire Police,-0.446655,51.946021,On or near Sundon Road,E01017616,Central Bedfordshire 018D,Investigation complete; no suspect identified
359ccc5fef1eb43a3b8978ba2a80861fba56cdc9c33463e8f796b7ad09bd7c7f,2023-04,Bedfordshire Police,Bedfordshire Police,-0.455466,51.886028,On or near Supermarket,E01015728,Luton 019B,Investigation complete; no suspect identified
b2e2039e6e09f79834e22b378b547ccaab8a0c2c987f3e702422ff0fa1cf20cd,2023-04,Bedfordshire Police,Bedfordshire Police,-0.660931,51.916635,On or near Market Square,E01017555,Central Bedfordshire 021A,Investigation complete; no suspect identified
ef9cd6573bcdcddb0b248d76462c779e80a07fd6528c55479694fa2bbadc9d0a,2023-04,Bedfordshire Police,Bedfordshire Police,-0.473460,52.126964,On or near Victoria Road,E01034421,Bedford 015H,Unable to prosecute suspect
fe80c91302ed213d0a10234423e6cdc10cd0cc7159b56594318d0f404813860d,2023-04,Bedfordshire Police,Bedfordshire Police,,,No location,,,Investigation complete; no suspect identified
6ec99e408b047184903400d17f90eb4bf8b2bc16fe557f02fbd81d6ca8078b6b,2023-04,Bedfordshire Police,Bedfordshire Police,-0.490713,52.119598,On or near Cater Street,E01017508,Bedford 017D,Investigation complete; no suspect identified
977940bfc301128b3be3b2968b9eb8a2c420954d66a814330197c2b077718adf,2023-04,Bedfordshire Police,Bedfordshire Police,-0.467306,52.135165,On or near St Paul's Square,E01017466,Bedford 012A,Investigation complete; no suspect identified
3a27cf6eee0e62398ccd25b847937a2fbaf04bc0b311ca00846cd27f48f6ae99,2023-04,Bedfordshire Police,Bedfordshire Police,-0.493947,51.900689,On or near Tomlinson Avenue,E01015761,Luton 009F,Investigation complete; no suspect identified
ddfe82b56d66a7461b0828b377ab10385467d507c2c3416ad334468b2af82b38,2023-04,Bedfordshire Police,Bedfordshire Police,-0.476089,52.129561,On or near Harrow Close,E01034421,Bedford 015H,Investigation complete; no suspect identified
1f982aad2d98a05a4635c1afdb94db40dbb894ee6ed0d91ae096997eb2507a53,2023-04,Bedfordshire Police,Bedfordshire Police,-0.416082,51.880388,On or near Shopping Area,E01033805,Luton 023C,Local resolution
22b51f108ac298dffbfec484f2d611eb50264d191a33a95c573c88ae5db6243b,2023-04,Bedfordshire Police,Bedfordshire Police,-0.637332,51.906503,On or near Sports/Recreation Area,E01033833,Central Bedfordshire 024M,Investigation complete; no suspect identified
81b1694b8197ef53a548b62062b9bfbb36e6ee15de56463f43233d017dfc7483,2023-04,Bedfordshire Police,Bedfordshire Police,-0.470206,51.907693,On or near Acworth Crescent,E01015754,Luton 005E,Investigation complete; no suspect identified
58ec4f989db5dc540a7f42b09b8ffa1473c8a09338899d4283d4d9c0318900d2,2023-04,Bedfordshire Police,Bedfordshire Police,-0.469254,52.139704,On or near Balsall Street West,E01017502,Bedford 010F,Unable to prosecute suspect
23457c73c69f4cb16edbaa6bf2bb02e991703b90c787db8302692b0deb6603ae,2023-04,Bedfordshire Police,Bedfordshire Police,-0.271302,52.053311,On or near Petrol Station,E01017414,Central Bedfordshire 010E,Investigation complete; no suspect identified
51b323b10e25be1633504f74d89962057c59107ead283612e2cdef85ac5491f9,2023-04,Bedfordshire Police,Bedfordshire Police,-0.469721,52.123958,On or near Mabel Road,E01017474,Bedford 015C,Investigation complete; no suspect identified
5697e0a198cef3dad13cf2f4eb2744a117bf6568769fd521c7b90a6b517ba538,2023-04,Bedfordshire Police,Bedfordshire Police,,,No location,,,Unable to prosecute suspect
ff2b1b23355dbfd9c237ef72e4ef7766badcfa5d5049e8a0bbbb089c55bfc80f,2023-04,Bedfordshire Police,Bedfordshire Police,-0.402082,51.884380,On or near Tower Road,E01015720,Luton 016B,Unable to prosecute suspect
b51948cf07cd551761a13b19c3e33eba97dd1a1cd5f13528f1de436b72e7065c,2023-04,Bedfordshire Police,Bedfordshire Police,-0.409547,52.149911,On or near Baldur Close,E01017493,Bedford 007F,Investigation complete; no suspect identified
b8051437d906d424f8217e80585ac57068bb7a02a14ff5120001f43e86218356,2023-04,Bedfordshire Police,Bedfordshire Police,-0.550014,52.227103,On or near Glebe Rise,E01017544,Bedford 001C,Suspect charged
89e7a80945e87a66e64f8a3f4fba7da464661e18ea6b641beea2db36db910cb8,2023-04,Bedfordshire Police,Bedfordshire Police,-0.406572,51.873669,On or near Park Street,E01015789,Luton 023D,Unable to prosecute suspect
fc48f79489e303e7440d23e6653cdc9f96aa2d0264007e8e4503c7d33e31bf7e,2023-04,Bedfordshire Police,Bedfordshire Police,-0.219428,52.126891,On or near Oak Crescent,E01017427,Central Bedfordshire 003C,Unable to prosecute suspect
6832ec64f0d8ad48d4796ea9277524932c3adad66e821833e5941be0a97b3c86,2023-04,Bedfordshire Police,Bedfordshire Police,-0.454590,51.915473,On or near Sports/Recreation Area,E01015771,Luton 003B,Investigation complete; no suspect identified
f5a109b38f65f29ade0a2e48420b04408688e0720823c85761af8c88333aedbd,2023-04,Bedfordshire Police,Bedfordshire Police,-0.484734,51.897603,On or near Suffolk Close,E01015760,Luton 009E,Unable to prosecute suspect
8e75a80cc74edd20d94ac1e76aecd725c3d0d6eb34c892acf8a01bf555baabca,2023-04,Bedfordshire Police,Bedfordshire Police,-0.473626,52.130239,On or near Palgrave Road,E01034421,Bedford 015H,Unable to prosecute suspect
c5dfb3295415f1cd231eb636829897e984f843744b664dc51d8eb448c502a6eb,2023-04,Bedfordshire Police,Bedfordshire Police,-0.464254,52.137643,On or near Gadsby Street,E01034419,Bedford 012H,Action to be taken by another organisation
59c00c9e74520047d650a940b6be171c5068ac77c25f4e6d72f02758c647df85,2023-04,Bedfordshire Police,Bedfordshire Police,,,No location,,,Unable to prosecute suspect
0025c96ee46b5de1e3842e944921dde87bc6e5a2648e9fd4e885ec914099183a,2023-04,Bedfordshire Police,Bedfordshire Police,-0.485184,52.122413,On or near Park Road,E01017508,Bedford 017D,Offender given a caution
8860cfa4791ec953601a973e50a5995ae57973ac0bb8e8d4f058d5e046f1cf5d,2023-04,Bedfordshire Police,Bedfordshire Police,-0.407086,51.876383,On or near Manor Road,E01015789,Luton 023D,Unable to prosecute suspect
1b757af5bb4921664b178a1da3a54b08daefd3a44178188faddf4b076b502f98,2023-04,Bedfordshire Police,Bedfordshire Police,-0.464715,52.136993,On or near Mill Street,E01034419,Bedford 012H,Investigation complete; no suspect identified
a3733912ae27b9dc16ae47a76abfb20c15046b056983ca848cccfb0dd24f456b,2023-04,Bedfordshire Police,Bedfordshire Police,-0.417604,51.871849,On or near Tavistock Crescent,E01033807,Luton 021H,Action to be taken by another organisation
244d14c1e2a167347e469daecf464907bb2cc442d745f84a2c504161d2867bcb,2023-04,Bedfordshire Police,Bedfordshire Police,-0.526176,52.393239,On or near Blackbird Close,E01035408,North Northamptonshire 011F,Unable to prosecute suspect
f9a6b4854ecaaa6d2ff1cda9e47c65a636e0d725afcefc808f976bb67730da08,2023-04,Bedfordshire Police,Bedfordshire Police,-0.510416,51.906374,On or near Parkside Close,E01017581,Central Bedfordshire 026D,Action to be taken by another organisation
c6972eb7d1f5edc6247082242e2807bd962e1bcb0ebd2cb62e5df0ac77995ff7,2023-04,Bedfordshire Police,Bedfordshire Police,-0.483403,52.141335,On or near Spenser Road,E01017499,Bedford 010C,Unable to prosecute suspect
beb5db75617aca9d88c4bbb84ee25bcf37f6bd1096180e47ea4f641c2ca23b47,2023-04,Bedfordshire Police,Bedfordshire Police,-0.555483,52.222359,On or near Fox Hedge Way,E01017545,Bedford 001D,Action to be taken by another organisation
5eb8ad914c1c956498bf5f8e6b7e6b47587f4df417b1cedde282b14411a86f2a,2023-04,Bedfordshire Police,Bedfordshire Police,-0.635974,51.919729,On or near Rye Close,E01017605,Central Bedfordshire 020C,Investigation complete; no suspect identified
9e05cec619d7a2610d1808b0399d3bbd56be7c08d347642b13bfeaabc768c39a,2023-04,Bedfordshire Police,Bedfordshire Police,-0.532691,51.878573,On or near Spoondell,E01017567,Central Bedfordshire 029B,Unable to prosecute suspect
5b945023b1c0e16c4065942a7ede4f9f3e921f5abf78383480dc42ca1f65d90d,2023-04,Bedfordshire Police,Bedfordshire Police,-0.406025,51.871468,On or near Alton Road,E01015790,Luton 021B,Unable to prosecute suspect
d3624d91fdaef0480ed43065a46bfd8d42d51f027acbcff9f155d84c03593efc,2023-04,Bedfordshire Police,Bedfordshire Police,-0.485183,51.888564,On or near Kiln Way,E01017583,Central Bedfordshire 027B,Investigation complete; no suspect identified
46216fd5bcb5f13246b53c331a61415ca73d28bcd2fd26b1cba9d3150ad74017,2023-04,Bedfordshire Police,Bedfordshire Police,-0.335874,52.035539,On or near Midland Close,E01017440,Central Bedfordshire 011D,Investigation complete; no suspect identified
b4d7b67d21175c3c7b6d95347d2dbd81f03fab08705c9c363631817ad4e5c8e8,2023-04,Bedfordshire Police,Bedfordshire Police,-0.412775,51.879454,On or near Shopping Area,E01033805,Luton 023C,Unable to prosecute suspect
d961e4ab28c36b72eb7e313791c12cd20c49c385e921039745b3cf43874d8067,2023-04,Bedfordshire Police,Bedfordshire Police,,,No location,,,Investigation complete; no suspect identified
2a7b08e919e9b2aeb3d9a9153b38e1b0d3fabb7ac838cc8d756f7a99515e0a39,2023-04,Bedfordshire Police,Bedfordshire Police,-0.410825,51.874176,On or near Essex Close,E01015789,Luton 023D,Investigation complete; no suspect identified
f4903d9a505caabc9ff591a19d9aee09c870f3c2e532ecb0ef88029341519ea2,2023-04,Bedfordshire Police,Bedfordshire Police,-0.442266,51.900933,On or near Blundell Road,E01015785,Luton 006G,Unable to prosecute suspect
9ae4d457c724850671cd03bde453cb9f3b7f38f85be33b9520a145af134c1fae,2023-04,Bedfordshire Police,Bedfordshire Police,-0.398598,51.872428,On or near Gipsy Lane,E01015790,Luton 021B,Investigation complete; no suspect identified
0d17d6fe26d9e64d09dc7a5cb54f50e29fdc46c6ea1a8cff1bc53ca23e535385,2023-04,Bedfordshire Police,Bedfordshire Police,-0.438972,52.123096,On or near Alburgh Close,E01017520,Bedford 014C,Unable to prosecute suspect
9a3e9aa5850a3b28518d4ad8fb3815990ac44a49dd847a1156ceca770989291d,2023-04,Bedfordshire Police,Bedfordshire Police,-0.667795,51.919059,On or near Vimy Road,E01017557,Central Bedfordshire 021C,Investigation complete; no suspect identified
9a3e9aa5850a3b28518d4ad8fb3815990ac44a49dd847a1156ceca770989291d,2023-04,Bedfordshire Police,Bedfordshire Police,-0.667795,51.919059,On or near Vimy Road,E01017557,Central Bedfordshire 021C,Investigation complete; no suspect identified
9a3e9aa5850a3b28518d4ad8fb3815990ac44a49dd847a1156ceca770989291d,2023-04,Bedfordshire Police,Bedfordshire Police,-0.667795,51.919059,On or near Vimy Road,E01017557,Central Bedfordshire 021C,Investigation complete; no suspect identified
71636172bda85636d5f3de21b1a91939491e029de34ddfae49a3a4c4768799f9,2023-04,Bedfordshire Police,Bedfordshire Police,-0.518505,52.113539,On or near Clover Way,E01034422,Bedford 018F,Investigation complete; no suspect identified
76a5a4812292f9ce0092f77a334d2d0a29dbab373069e712e858db732e38eddd,2023-04,Bedfordshire Police,Bedfordshire Police,-0.469089,52.137284,On or near Paradine Court,E01017466,Bedford 012A,Investigation complete; no suspect identified
78c92510a65ee2bee4a1afab229733f94a75d235bebf843616479135a3ffce7b,2023-04,Bedfordshire Police,Bedfordshire Police,-0.468510,52.140953,On or near Wellington Street,E01017502,Bedford 010F,Investigation complete; no suspect identified
125a77cb04cf98ca7008d862096e5a8d7e07baa303128f79de3ecb16cac1b9f1,2023-04,Bedfordshire Police,Bedfordshire Police,-0.411179,51.884737,On or near Parking Area,E01033802,Luton 022D,Investigation complete; no suspect identified
9d1266c430c9ed91db32993b54ca774a323c23becf6d40e11540012fd84ad6fe,2023-04,Bedfordshire Police,Bedfordshire Police,-0.410103,51.877341,On or near St Ann's Road,E01015789,Luton 023D,Investigation complete; no suspect identified
c5c7b2feae4fe6ad3a68ea4ab9a2974cd6f0e144d3a788d326a341014003ddb2,2023-04,Bedfordshire Police,Bedfordshire Police,-0.509124,51.909838,On or near Chelsea Gardens,E01017602,Central Bedfordshire 025C,Investigation complete; no suspect identified
a2055882fa871eec025e7ddf98b688b4e7ef2f65a7621ebaf92bedc1750a9f21,2023-04,Bedfordshire Police,Bedfordshire Police,-0.399977,51.873274,On or near B653,E01015790,Luton 021B,Suspect charged
114126c5398759dac795ed4f120ab6725b6c3b91a33f2fab589def42dbc1bb39,2023-04,Bedfordshire Police,Bedfordshire Police,-0.465525,51.901293,On or near Chatteris Close,E01015751,Luton 005B,Investigation complete; no suspect identified
902bfb9325e3d35a704e7243ac1f8bc6f1128612a2af39d7ce15a6cc68b1418f,2023-04,Bedfordshire Police,Bedfordshire Police,-0.496134,51.875657,On or near Suffolk Road,E01017594,Central Bedfordshire 030C,Investigation complete; no suspect identified
7d642ed823030c7530976f53451312d7a07809847bd85887827c6b9774fecf6b,2023-04,Bedfordshire Police,Bedfordshire Police,-0.418309,51.865816,On or near Parking Area,E01015738,Luton 021A,Investigation complete; no suspect identified
81cef7958eec7844c8e7c5a3d0902a529be8a282f253835cd1a579b6873a8d58,2023-04,Bedfordshire Police,Bedfordshire Police,-0.419248,51.873022,On or near Stockwood Crescent,E01015738,Luton 021A,Investigation complete; no suspect identified
cc9d0f07185ff947d56c121a2bca82fe008588722965d2d42247957dad61f340,2023-04,Bedfordshire Police,Bedfordshire Police,-0.424508,51.898323,On or near Fountains Road,E01015695,Luton 007C,Investigation complete; no suspect identified
3770c97a5e116d8cb504029e837aa0f2f7f4bb6c485a5b1722d2dcd46071f9ee,2023-04,Bedfordshire Police,Bedfordshire Police,-0.497485,52.002392,On or near Coniston Road,E01017405,Central Bedfordshire 016C,Investigation complete; no suspect identified
72e3fad7d231c692497f9609ce5a136da8eb9302512e2c7b538085ebfb232dcf,2023-04,Bedfordshire Police,Bedfordshire Police,-0.539025,51.884425,On or near Spinney Crescent,E01017597,Central Bedfordshire 028D,Investigation complete; no suspect identified
b014e0ab81c2c74bf825d57d304d33134ba6376a5fed69c9853e03f4edabd0db,2023-04,Bedfordshire Police,Bedfordshire Police,-0.418309,51.865816,On or near Parking Area,E01015738,Luton 021A,Investigation complete; no suspect identified
5515085897c9cbead34fbb7f02a1c951b35ec963f6450c61880918628df36f90,2023-04,Bedfordshire Police,Bedfordshire Police,-0.660479,51.914238,On or near Grove Place,E01017555,Central Bedfordshire 021A,Investigation complete; no suspect identified
dd38a0a16378e1bc7ccd8fd7ae25da84107403fdadaf3d2166be380b32f08060,2023-04,Bedfordshire Police,Bedfordshire Police,-0.658662,51.936174,On or near Carlton Grove,E01017606,Central Bedfordshire 020D,Action to be taken by another organisation
7d052cad9779bc124435c248d166cbb5c8b8104c4f33c6d190c200244c3cc8b1,2023-04,Bedfordshire Police,Bedfordshire Police,-0.658662,51.936174,On or near Carlton Grove,E01017606,Central Bedfordshire 020D,Action to be taken by another organisation
c46a32c9af32ec048f9e8ce56ac2c847965fafbf53865d2155218fb597e2d6d7,2023-04,Bedfordshire Police,Bedfordshire Police,-0.658662,51.936174,On or near Carlton Grove,E01017606,Central Bedfordshire 020D,Unable to prosecute suspect
34605791e6c01b14aa1b096dfc8fecd6a38410df6a96078e7482d28742052e25,2023-04,Bedfordshire Police,Bedfordshire Police,-0.406633,52.001288,On or near Park/Open Space,E01017441,Central Bedfordshire 011E,Unable to prosecute suspect
670da816c210c92f1507139913bf6c2af44a23a9bc68fe81fdda54b5b9d502b0,2023-04,Bedfordshire Police,Bedfordshire Police,-0.411539,51.878250,On or near Further/Higher Educational Building,E01015789,Luton 023D,Offender given a caution
c4d850775e3edff2e544ff2eb6ffb743dd786f62e825b4e742597fa667b235dd,2023-04,Bedfordshire Police,Bedfordshire Police,-0.463363,51.897344,On or near Parking Area,E01015716,Luton 011D,Unable to prosecute suspect
f4b3530f248eae16186a67fb88e486237e3cc28c58a8788a5d6618ddba5c326b,2023-04,Bedfordshire Police,Bedfordshire Police,-0.332907,52.031427,On or near Petrol Station,E01017440,Central Bedfordshire 011D,Investigation complete; no suspect identified
df3ef88a1238970d7e9afe61b76f2349c7c8198b00be15780b0ff9c2e8a44e17,2023-04,Bedfordshire Police,Bedfordshire Police,-0.296372,52.098212,On or near Dene Way,E01017422,Central Bedfordshire 004B,Investigation complete; no suspect identified
6933fbe83f7449b692683349dd5c58d019f1dc1179e9099722e7657c05760dc3,2023-04,Bedfordshire Police,Bedfordshire Police,-0.469563,52.137937,On or near Dane Street,E01017466,Bedford 012A,Investigation complete; no suspect identified
4c2cdcd0d5182b908fcb02df6197e10034ff70089f9f7cd8e51fd6b1957f241a,2023-04,Bedfordshire Police,Bedfordshire Police,-0.469563,52.137937,On or near Dane Street,E01017466,Bedford 012A,Investigation complete; no suspect identified
9e0706c3d06e2acbce790d2f35e2aedde359780baba475abd969280a25595c8f,2023-04,Bedfordshire Police,Bedfordshire Police,-0.403589,51.873413,On or near Osborne Road,E01015789,Luton 023D,Investigation complete; no suspect identified
510bc686f0ebd52c75026e951a08d85d2eee54daa10457ae9c76b57ca60a6e38,2023-04,Bedfordshire Police,Bedfordshire Police,-0.403589,51.873413,On or near Osborne Road,E01015789,Luton 023D,Investigation complete; no suspect identified
a296da2687870fda2652980bac7c607cd4cc89c3f71511786db334815ebb11f7,2023-04,Bedfordshire Police,Bedfordshire Police,-0.619116,51.989036,On or near High Street,E01017452,Central Bedfordshire 009E,Investigation complete; no suspect identified
b5817249f216bc3945f043fe2e4d2ab6c3bc12d676a56133519a2c3884061001,2023-04,Bedfordshire Police,Bedfordshire Police,-0.332907,52.031427,On or near Petrol Station,E01017440,Central Bedfordshire 011D,Investigation complete; no suspect identified
0644e081e7edb71b22f2e9538ef3e89248cc029adf2dbbb273dbb9c853dc0a8f,2023-04,Bedfordshire Police,Bedfordshire Police,-0.497485,52.002392,On or near Coniston Road,E01017405,Central Bedfordshire 016C,Unable to prosecute suspect
2a123e6da61dd59877f191cfbaaff9b0b0d73caa0f40d0849106deafb1708922,2023-04,Bedfordshire Police,Bedfordshire Police,,,No location,,,Investigation complete; no suspect identified
febf62a16795393eb533d34fd5ec8f98269ea7b21fe33992795550ebbadceffc,2023-04,Bedfordshire Police,Bedfordshire Police,-0.424112,51.920446,On or near Warden Hill Gardens,E01015746,Luton 004B,Investigation complete; no suspect identified
1a88bef92a28f5a96e1cb4eeb823992c6c42031cd12cf17a4d7bb1ffb20f5406,2023-04,Bedfordshire Police,Bedfordshire Police,-0.473460,52.126964,On or near Victoria Road,E01034421,Bedford 015H,Unable to prosecute suspect
e619a119e254761129a01f503bcbe77bfa11b8351ac329e8af6aebe9dbb85bb1,2023-04,Bedfordshire Police,Bedfordshire Police,-0.474433,51.894144,On or near Hospital,E01015713,Luton 013A,Suspect charged
e619a119e254761129a01f503bcbe77bfa11b8351ac329e8af6aebe9dbb85bb1,2023-04,Bedfordshire Police,Bedfordshire Police,-0.474433,51.894144,On or near Hospital,E01015713,Luton 013A,Suspect charged
3422a32e14eb6f5ab19dcc1e9d899aa65073915558fa8abf8d2287583e0ed57f,2023-04,Bedfordshire Police,Bedfordshire Police,-0.473837,51.908207,On or near Cheney Road,E01015752,Luton 005C,Suspect charged
1ae8d6866279cfaae093ae3b6a51ff0cf4014b079092b8ef8bbcf9294460059e,2023-04,Bedfordshire Police,Bedfordshire Police,-0.473341,51.909127,On or near Chalton Road,E01015752,Luton 005C,Investigation complete; no suspect identified
39f82a0ad5099b5a8252753f73cd8837dddb29bce652014880655680ad61f09d,2023-04,Bedfordshire Police,Bedfordshire Police,-0.506350,52.072152,On or near Saxon Gold Drive,E01017552,Bedford 020B,Unable to prosecute suspect
c06abad73797f4e30478daf67b226fe011bc382a6eba975049b2a6a3dac0affe,2023-04,Bedfordshire Police,Bedfordshire Police,-0.474963,52.143707,On or near Clarendon Street,E01017500,Bedford 010D,Investigation complete; no suspect identified
48b130281bf300a2a346797d52be0027f96892991da7c0f9d7c78f8756192a07,2023-04,Bedfordshire Police,Bedfordshire Police,-0.674005,51.915560,On or near Vicarage Road,E01017589,Central Bedfordshire 022A,Investigation complete; no suspect identified
18d3ef0dab5a830e7281360c697f7e1c1f28a462776a2b496f9d81de10d52ecb,2023-04,Bedfordshire Police,Bedfordshire Police,-0.430421,51.897557,On or near St Augustine Avenue,E01015784,Luton 010E,Unable to prosecute suspect
adb59ce7499a2d8f984e26eeddf200cc99d953f2b62c6e9fa338c9a9945ed1f9,2023-04,Bedfordshire Police,Bedfordshire Police,-0.494668,52.117544,On or near Petrol Station,E01017505,Bedford 017A,Investigation complete; no suspect identified
46f8331d05746e73390cfb38530326e0128edab94d1012bfdd1a13e9111dbee4,2023-04,Bedfordshire Police,Bedfordshire Police,-0.497485,52.002392,On or near Coniston Road,E01017405,Central Bedfordshire 016C,Investigation complete; no suspect identified
1e026f671e3b3bd11d9770c93251f84a5719e16a549ff4ee2296c2b16666234e,2023-04,Bedfordshire Police,Bedfordshire Police,-0.429975,51.879505,On or near Ashburnham Road,E01015729,Luton 019C,Unable to prosecute suspect
e7c990390064add67515cc78da8db8d8eeef87bd0c5435d003c13fd66081635b,2023-04,Bedfordshire Police,Bedfordshire Police,-0.288496,52.128885,On or near Supermarket,E01017431,Central Bedfordshire 002B,Investigation complete; no suspect identified
b8acc9421e465b18812d2ada5b265a289f8e6c2375eebb12832517dc2109fb08,2023-04,Bedfordshire Police,Bedfordshire Police,-0.430975,52.112470,On or near Horace Close,E01034427,Bedford 021A,Investigation complete; no suspect identified
3d3b8e7245ca0262dc69972c884ae38ed71afb4e945a221d9a645e85980d96bb,2023-04,Bedfordshire Police,Bedfordshire Police,-0.499992,51.897678,On or near Petrol Station,E01017584,Central Bedfordshire 027C,Investigation complete; no suspect identified
d81c30cbd5dc4ff5edf8a4b77a1d9ca6dd9db6d520a922f78065f70385bcabf8,2023-04,Bedfordshire Police,Bedfordshire Police,-0.476574,52.138450,On or near Conduit Road,E01017471,Bedford 012F,Unable to prosecute suspect
c27a252b6d83fb850d035cec68b281dcefd030787419bad01bd5bb1252ea5a9a,2023-04,Bedfordshire Police,Bedfordshire Police,-0.476574,52.138450,On or near Conduit Road,E01017471,Bedford 012F,Unable to prosecute suspect
8db0e3c79992803193ab56f55ddb4f614d094fa51506d11dc9d7d8226541c799,2023-04,Bedfordshire Police,Bedfordshire Police,-0.438585,52.148717,On or near Supermarket,E01017488,Bedford 007A,Unable to prosecute suspect
7de44035adf8e707381ebb2c464bc7a905623c958f8a51f0f7699d645cdeb5b2,2023-04,Bedfordshire Police,Bedfordshire Police,-0.470172,52.126148,On or near Ridgmount Street,E01017474,Bedford 015C,Investigation complete; no suspect identified
9d14cf62b96a80c45bcbcdb1007310896e5ca4f07a97c361d1c020d1ba9f2a9e,2023-04,Bedfordshire Police,Bedfordshire Police,-0.461415,51.922037,On or near Brussels Way,E01015774,Luton 003E,Investigation complete; no suspect identified
2b2731e5cc55d45c2cec2dcaa0460804d16bf00817fff390dbdb215ac3444746,2023-04,Bedfordshire Police,Bedfordshire Police,-0.537293,51.888539,On or near Ashcroft,E01017596,Central Bedfordshire 028C,Unable to prosecute suspect
8c99c991db73e6698479835783e354e6c5cbfc10921d461ef4199bbf76373279,2023-04,Bedfordshire Police,Bedfordshire Police,-0.414451,51.873928,On or near Townsley Close,E01033807,Luton 021H,Investigation complete; no suspect identified
40ae01d163435c91e6af783663b049bd6bb4320797c8555ec99b91c3063c2705,2023-04,Bedfordshire Police,Bedfordshire Police,-0.544699,51.911191,On or near Thorn Road,E01017578,Central Bedfordshire 026A,Investigation complete; no suspect identified
a770aa224e9d6bdd2277f0827042f7d777fe4b3333bada24e86809c5161ea580,2023-04,Bedfordshire Police,Bedfordshire Police,,,No location,,,Investigation complete; no suspect identified
8da5198ae4c5e540f12c2aaf6bdf35d29a6d1b0e7e2aa7e15e87fc93ff6e34ec,2023-04,Bedfordshire Police,Bedfordshire Police,-0.488663,51.904829,On or near Buzzard Road,E01015756,Luton 009A,Unable to prosecute suspect
6b7aae8a3a04b894e5c2bfa6790874525888dd7d655844a4a095091a842eedfc,2023-04,Bedfordshire Police,Bedfordshire Police,-0.484734,51.897603,On or near Suffolk Close,E01015760,Luton 009E,Investigation complete; no suspect identified
1a3872e0080467746edd1d4bd87a00102454a16be221caf849fe90e6189c612f,2023-04,Bedfordshire Police,Bedfordshire Police,-0.460400,52.142628,On or near Pemberley Lane,E01017484,Bedford 009C,Investigation complete; no suspect identified
6dc58cd36092049df17b35e2cd9f7f73befd4f4a19b6040e693ae073a94ac9a5,2023-04,Bedfordshire Police,Bedfordshire Police,-0.426078,51.882932,On or near Petrol Station,E01015729,Luton 019C,Investigation complete; no suspect identified
fa3774076b0d7ff3859bea992c1beb3a1df6c2cf38663e9edb9e7672e5c3c9be,2023-04,Bedfordshire Police,Bedfordshire Police,-0.469582,52.143368,On or near Argyll Street,E01017497,Bedford 010A,Unable to prosecute suspect
a66851e26c54847b5160e315898454f0b76a7a72664d3e2d9c8b8d7e9de89b58,2023-04,Bedfordshire Police,Bedfordshire Police,-0.489986,52.120811,On or near Bedford Road,E01017508,Bedford 017D,Unable to prosecute suspect
a7dd02da49be490287022966350bc2480fce144846455dfe92fe0d22a8ff4a04,2023-04,Bedfordshire Police,Bedfordshire Police,-0.657487,51.914141,On or near Petrol Station,E01017555,Central Bedfordshire 021A,Investigation complete; no suspect identified
49031ab1d872c32eb650e4a71543da7afb4c4e165fcac629e6394bb192c54128,2023-04,Bedfordshire Police,Bedfordshire Police,-0.448025,51.893663,On or near Bongrace Walk,E01015787,Luton 015D,Investigation complete; no suspect identified
4bce5f14207da7297374c449482fb02079678c3cc7b51453aeda33b4d68e8406,2023-04,Bedfordshire Police,Bedfordshire Police,-0.469606,51.915490,On or near The Parade,E01015804,Luton 002C,Investigation complete; no suspect identified
724d39e5196d1d3c0969469615b861a3f7b3bb67e92b6f279892d26fd51fa424,2023-04,Bedfordshire Police,Bedfordshire Police,-0.469606,51.915490,On or near The Parade,E01015804,Luton 002C,Investigation complete; no suspect identified
f54cf07e4c8c301d49c7287136fabdb5e5e9677d1b7dc9ab64a98fd8ae63fd4a,2023-04,Bedfordshire Police,Bedfordshire Police,-0.414196,51.881991,On or near Station Road,E01033805,Luton 023C,Unable to prosecute suspect
187c886673a110c49d086b6275461742c641232b73eff9401fe48c3a1aa62743,2023-04,Bedfordshire Police,Bedfordshire Police,-0.383172,51.896683,On or near Keymer Close,E01015812,Luton 008E,Unable to prosecute suspect
a69b925a10356c935977b7a345e42ca2fcf862d789cd7fad3421f9057a15502c,2023-04,Bedfordshire Police,Bedfordshire Police,-0.494668,52.117544,On or near Petrol Station,E01017505,Bedford 017A,Unable to prosecute suspect
4e52bd61fef30195a06e9f77ae9517768be2ba969a40749ae13a456275254b3d,2023-04,Bedfordshire Police,Bedfordshire Police,-0.520857,51.903629,On or near King Street,E01017578,Central Bedfordshire 026A,Investigation complete; no suspect identified
fcec55367a2d47d059c4c8a5a5ba2ed141a1b75ee93a34e79c4a54c3edb9b068,2023-04,Bedfordshire Police,Bedfordshire Police,-0.462741,52.126429,On or near Redwood Grove,E01017522,Bedford 014E,Unable to prosecute suspect
ce79cd5344088c41468fa1589037725d37b5809514f0ed64eb86e66dd27ab57d,2023-04,Bedfordshire Police,Bedfordshire Police,-0.506757,51.904053,On or near Windsor Drive,E01017580,Central Bedfordshire 026C,Investigation complete; no suspect identified
edbbb39bf6399ff0a773a8f229464d5dd8d222ed06981e7066029723bcdc3044,2023-04,Bedfordshire Police,Bedfordshire Police,-0.376845,51.883100,On or near Prince Way,E01015811,Luton 014G,Formal action is not in the public interest
86281610ae9b9e4b8afbed0e7e46e00437eb677b4cbafed80f19783b988df5e8,2023-04,Bedfordshire Police,Bedfordshire Police,-0.484037,52.132127,On or near Nelson Street,E01017538,Bedford 013D,Unable to prosecute suspect
8c59a2f13841fc80394bf5f6d93cdb681b4429b0104e418b20ab90a691fd19b5,2023-04,Bedfordshire Police,Bedfordshire Police,-0.437829,51.895174,On or near Rondini Avenue,E01015786,Luton 010F,Unable to prosecute suspect
c1a8025379b3dacbc1f697469477ff77c8344eae47290da87ff077762e0e7c6f,2023-04,Bedfordshire Police,Bedfordshire Police,-0.419936,51.877410,On or near Wellington Street,E01015795,Luton 021F,Unable to prosecute suspect
88a2117f5aaef8b81d7f73485f5373a233963014c1fd88a460e92c1666ac2e92,2023-04,Bedfordshire Police,Bedfordshire Police,-0.197105,52.085244,On or near Fen Reach,E01017425,Central Bedfordshire 003A,Unable to prosecute suspect
510011d7b3c0afcb5a08fc3025795ca856eeb49c3d457db084d3b187526dce01,2023-04,Bedfordshire Police,Bedfordshire Police,-0.197105,52.085244,On or near Fen Reach,E01017425,Central Bedfordshire 003A,Unable to prosecute suspect
a64e77ff0d6b5b01618edb06398cace6738b96b1c4c158012137ebab56da7a0d,2023-04,Bedfordshire Police,Bedfordshire Police,-0.421247,51.882706,On or near Parking Area,E01015699,Luton 017B,Unable to prosecute suspect
6cc3f6ecb91bbd3af5b4478c6740138dabfdc7a28d9305a71bb70feff4da042e,2023-04,Bedfordshire Police,Bedfordshire Police,-0.525556,52.091941,On or near Moore Gardens,E01034426,Bedford 020F,Unable to prosecute suspect
6de42cb7b6b5ca4eff4d5ab58f9e61a8680642a7d5ee7bdd83b35d9f5e47d76d,2023-04,Bedfordshire Police,Bedfordshire Police,-0.325505,52.145960,On or near Armistice Croft,E01017423,Central Bedfordshire 004C,Unable to prosecute suspect
6a1fd8f7dede02bad3e18608954004f3dd9fb503d1b475e4b6363ad2050558cf,2023-04,Bedfordshire Police,Bedfordshire Police,-0.414871,51.877270,On or near Flowers Way,E01033806,Luton 021G,Unable to prosecute suspect
e52103d279eebf1b1ef1c5c279726c36fef2dc2e5e90ce5af762a43ad8f2e525,2023-04,Bedfordshire Police,Bedfordshire Police,-0.662447,51.917488,On or near Parking Area,E01017555,Central Bedfordshire 021A,Unable to prosecute suspect
d0a752390ceb06838051df9e14c60dd04f5c000c047254557c5d68fd19780640,2023-04,Bedfordshire Police,Bedfordshire Police,,,No location,,,Action to be taken by another organisation
873989aba9d98ba1198aa8a0fab277cfc0312ef0037b3da88c675ee1e37d8eeb,2023-04,Bedfordshire Police,Bedfordshire Police,-0.527229,52.151493,On or near Arundel Gardens,E01017460,Bedford 008B,Unable to prosecute suspect
86f88fa99215352e18b9db0b0c1830b4b66da4306310f7883701867c739e10f1,2023-04,Bedfordshire Police,Bedfordshire Police,-0.421401,51.877906,On or near Buxton Road,E01015795,Luton 021F,Unable to prosecute suspect
55c94d90ed7906794e390ec48ebced00058e9d1d3e045f792d46dc16a42c9704,2023-04,Bedfordshire Police,Bedfordshire Police,-0.417059,51.881571,On or near Bridge Street,E01033803,Luton 023A,Unable to prosecute suspect
bf333ccb0ba07024d97f25665bfd4e09d6fdf64767371610d8097f9c2583bc62,2023-04,Bedfordshire Police,Bedfordshire Police,-0.544657,52.057148,On or near Station Road,E01033820,Central Bedfordshire 009G,Unable to prosecute suspect
0f4b8e8d27d0610eb5050d062269ed87c89f0b2332bf925f1471ddeb72911c87,2023-04,Bedfordshire Police,Bedfordshire Police,-0.423929,52.144979,On or near Bury Walk,E01017490,Bedford 007C,Unable to prosecute suspect
81e83fba276733d54922f227a00748af806452db3291e659f9896707ec4e9744,2023-04,Bedfordshire Police,Bedfordshire Police,-0.447619,51.902497,On or near Icknield Road,E01015785,Luton 006G,Unable to prosecute suspect
d22ec4cd3145c4e2aaf06cae565e61e1d0dd26a3d2124b26ab7ec6e583d30d34,2023-04,Bedfordshire Police,Bedfordshire Police,-0.474209,52.140955,On or near Tavistock Place,E01017501,Bedford 010E,Unable to prosecute suspect
35a05eacc8361f6a40f4516ff74fac3e755bb36f299c45f8f89fdbdafd1ae0bd,2023-04,Bedfordshire Police,Bedfordshire Police,,,No location,,,Investigation complete; no suspect identified
288c8b351ba0a9e6feb83df41e7ee2c14262372afc9b8b8482aaa4126d2aa8f6,2023-04,Bedfordshire Police,Bedfordshire Police,-0.287253,52.134630,On or near Pickering Close,E01017434,Central Bedfordshire 001B,Action to be taken by another organisation
d761e6f430322dbcfc1a94e6bc60a8e455f7cf4e80b8d9bc35b91e6df31fa888,2023-04,Bedfordshire Police,Bedfordshire Police,-0.287253,52.134630,On or near Pickering Close,E01017434,Central Bedfordshire 001B,Action to be taken by another organisation
06237e85be96de745fdba0acc7ee20f73935530c1bf12ce6b56665d8e0219248,2023-04,Bedfordshire Police,Bedfordshire Police,-0.494699,51.897336,On or near Rodney Close,E01015761,Luton 009F,Unable to prosecute suspect
86912e7fc34ef4e93b329dc529f7c3806d26ee052d6b8c74d1b5bc14297333c9,2023-04,Bedfordshire Police,Bedfordshire Police,-0.473837,51.908207,On or near Cheney Road,E01015752,Luton 005C,Unable to prosecute suspect
211e35fcbb63b5cd4335ca9f1e84e589fc05066ff06c313dace79768adeef98e,2023-04,Bedfordshire Police,Bedfordshire Police,-0.469496,52.146289,On or near Parking Area,E01017482,Bedford 009A,Unable to prosecute suspect
321d8ec7a8456736084ba8276408630a2b12c95da1ec23227ee0ec4dd2e4fe98,2023-04,Bedfordshire Police,Bedfordshire Police,-0.432162,51.913082,On or near Aydon Road,E01015748,Luton 004D,Investigation complete; no suspect identified
a417562380a370e7c626ac1e337aa6a3f55b6ada31ef13b5923015cf28d0a634,2023-04,Bedfordshire Police,Bedfordshire Police,-0.473837,51.908207,On or near Cheney Road,E01015752,Luton 005C,Suspect charged
9118bbea5fcdcbe03dc8c839c716c21513fc64ab5aee8a69e7147ac53c2ee25a,2023-04,Bedfordshire Police,Bedfordshire Police,-0.656636,51.912917,On or near A4012,E01033828,Central Bedfordshire 024H,Unable to prosecute suspect
99ffcb4f578a3eb5eb3acd9e90de1b32de5cf659b401fa2e720eff199c07d0e6,2023-04,Bedfordshire Police,Bedfordshire Police,-0.413805,51.884035,On or near Cross Street,E01033802,Luton 022D,Investigation complete; no suspect identified
53e9fd7531b477bedce2adede87e4829b2c430d154d83ef11de173c879dc927b,2023-04,Bedfordshire Police,Bedfordshire Police,-0.469620,52.125620,On or near Sandhurst Place,E01017474,Bedford 015C,Unable to prosecute suspect
a6733a4493a3e131ff93858cfcdc74d85549688f8f07bd629c335997ea103669,2023-04,Bedfordshire Police,Bedfordshire Police,-0.517788,51.956649,On or near Harlington Road,E01017620,Central Bedfordshire 019C,Investigation complete; no suspect identified
d0827b037d1be9f411968a6dc25a8798bdb1f06d6153814b510c53233efe0bec,2023-04,Bedfordshire Police,Bedfordshire Police,-0.385283,51.887676,On or near High Ridge,E01015722,Luton 014B,Investigation complete; no suspect identified
22c6c30f11112810a18b08fd998d0219bdd849bfbf6b3f6fcb4f4f5da75fa3b8,2023-04,Bedfordshire Police,Bedfordshire Police,-0.444648,52.124951,On or near Goodmayes Close,E01017519,Bedford 014B,Unable to prosecute suspect
b7dbd0c4b9aabcd8c8845f82656a46a18d39f87157487181cf9d6574c1a22053,2023-04,Bedfordshire Police,Bedfordshire Police,-0.454110,51.904380,On or near Mostyn Road,E01015765,Luton 006B,Investigation complete; no suspect identified
07c43028732e406e588443407778c8ab5ba1f6ce8f271f7530fe0a86f2c0fe3e,2023-04,Bedfordshire Police,Bedfordshire Police,-0.463790,52.121408,On or near Brackley Road,E01017476,Bedford 015E,Unable to prosecute suspect
cbb63860f53224cde1d2f73d3f0caf3c8ec4cb9073efa56f5031a9e2d2c918ed,2023-04,Bedfordshire Police,Bedfordshire Police,-0.267990,52.092547,On or near Royal Oak Close,E01017387,Central Bedfordshire 005E,Unable to prosecute suspect
7a90780c6fb20fce80d1c1f3bd798692d112b1d96e8f5a490d340900d04da55a,2023-04,Bedfordshire Police,Bedfordshire Police,-0.432405,51.883943,On or near Sports/Recreation Area,E01015725,Luton 017E,Unable to prosecute suspect
9ed726809db9f12e45776fb8fb6f58816b1870b5c6af47fd807a905fc6d5e961,2023-04,Bedfordshire Police,Bedfordshire Police,-0.414165,51.879571,On or near Parking Area,E01033805,Luton 023C,Unable to prosecute suspect
ed33632a27ad38cbe72bbafc02a3da925e9fe16bb23243b8f27ed104103da025,2023-04,Bedfordshire Police,Bedfordshire Police,-0.433113,51.902898,On or near Moat Lane,E01015782,Luton 010D,Local resolution
d8fce83854eddf40531598fb9b511b6a864030b40005d2a497f0da1c55c30e73,2023-04,Bedfordshire Police,Bedfordshire Police,-0.493917,51.898530,On or near Chanfield Close,E01015761,Luton 009F,Unable to prosecute suspect
4c538035b6cb2b4ed74d53771ea6d866d11fb311afa7e4b829e4a1f822f06494,2023-04,Bedfordshire Police,Bedfordshire Police,-0.433444,51.887940,On or near Westbourne Road,E01015705,Luton 017D,Unable to prosecute suspect
3af8c14a969cfd09b099bfccb487557fb4d0ca2dd7da63f332fc390c070a5051,2023-04,Bedfordshire Police,Bedfordshire Police,-0.498787,51.875826,On or near Southwood Road,E01017594,Central Bedfordshire 030C,Unable to prosecute suspect
3f2fae13e14a5aa5fc1d28ecf778e3254ee4bf7d00dbfa932f6118d2b3932277,2023-04,Bedfordshire Police,Bedfordshire Police,-0.498787,51.875826,On or near Southwood Road,E01017594,Central Bedfordshire 030C,Unable to prosecute suspect
f3af50ccbf4edbad30ebde1e912d50b2553d86c5045b40aa52008638b2660877,2023-04,Bedfordshire Police,Bedfordshire Police,-0.455796,51.897605,On or near Beechwood Road,E01015711,Luton 011A,Investigation complete; no suspect identified
c60cb1e4870248ff6c5aa654512a1d8d2c7f005e9b15f14ac7c27f3ed276dbbe,2023-04,Bedfordshire Police,Bedfordshire Police,-0.656381,51.912222,On or near Billington Court,E01033828,Central Bedfordshire 024H,Investigation complete; no suspect identified
6fe8f22cd876218e58bf7c43256f5ec1727f7ec9e22cb083686adb16b2ae6794,2023-04,Bedfordshire Police,Bedfordshire Police,-0.414871,51.877270,On or near Flowers Way,E01033806,Luton 021G,Unable to prosecute suspect
ea20b93b2a47ee7668c9483a6198eb8a459566804f8093bec79d3cc27f48ce4d,2023-04,Bedfordshire Police,Bedfordshire Police,-0.607285,52.030508,On or near Salford Road,E01033814,Central Bedfordshire 007H,Formal action is not in the public interest
a815d1a665c5e3820d0251bb12232167c26f3b13e8901be7c111457b9b0da971,2023-04,Bedfordshire Police,Bedfordshire Police,-0.427400,52.152641,On or near Supermarket,E01017492,Bedford 007E,Investigation complete; no suspect identified
13094539d632363b523b84a4d6fd5cf9f3cf335630c63a3fd37a54e814da854e,2023-04,Bedfordshire Police,Bedfordshire Police,-0.516252,51.881901,On or near The Cedars,E01017623,Central Bedfordshire 031A,Investigation complete; no suspect identified
2825fd26ba8740903be711cf93460be5552b54919c2a2698f83ffc3494d55c2b,2023-04,Bedfordshire Police,Bedfordshire Police,-0.458933,51.905334,On or near Station Road,E01015755,Luton 005F,Unable to prosecute suspect
27b581220f2e0598f24dc0c2ce19ef017d07f29f8eaedd71a65740ba2cf33ec6,2023-04,Bedfordshire Police,Bedfordshire Police,-0.398598,51.872428,On or near Gipsy Lane,E01015790,Luton 021B,Investigation complete; no suspect identified
be0b6e30175fc6d48762f552f7586bab8bbe94b54b311a97f113eb9d8e2dd521,2023-04,Bedfordshire Police,Bedfordshire Police,-0.435810,52.122047,On or near Arkwright Road,E01017520,Bedford 014C,Investigation complete; no suspect identified
f109eb20f590beed5713863607ce5c23df764506868b614d480cf554668dec3b,2023-04,Bedfordshire Police,Bedfordshire Police,-0.398598,51.872428,On or near Gipsy Lane,E01015790,Luton 021B,Investigation complete; no suspect identified
2eb70b870288c7303af0944c90f0b3d0e29fd51783456c6fc535a1bb42b8d261,2023-04,Bedfordshire Police,Bedfordshire Police,-0.666231,51.903320,On or near Shopping Area,E01033828,Central Bedfordshire 024H,Investigation complete; no suspect identified
2bb476f3f220cc39767918c3b65a897e7a2c6f72af98a0e6f8ff5905435bb4a8,2023-04,Bedfordshire Police,Bedfordshire Police,-0.364812,51.994798,On or near Hillside Close,E01017444,Central Bedfordshire 011F,Investigation complete; no suspect identified
80c00c56f58d0b468b5f8245befd200c71e22909f30193e34d7e2780655d9563,2023-04,Bedfordshire Police,Bedfordshire Police,-0.471840,52.127330,On or near Ombersley Road,E01034420,Bedford 015G,Investigation complete; no suspect identified
92e6d36a58bf9c28822ec610dafc792959585903bdb2dcc8f3d3bd73d7843be1,2023-04,Bedfordshire Police,Bedfordshire Police,-0.465309,51.899510,On or near Ouseley Close,E01015716,Luton 011D,Investigation complete; no suspect identified
aeaebcd30b2db9f66e1c5605404a65280040327e32532fc1891aa254c09706cf,2023-04,Bedfordshire Police,Bedfordshire Police,-0.474684,52.028165,On or near Flitwick Road,E01017420,Central Bedfordshire 008D,Investigation complete; no suspect identified
6fba3ebf836d619fc605794a77549dddc02fe495e839a5daf5eb1fa180ead6ac,2023-04,Bedfordshire Police,Bedfordshire Police,-0.468292,52.127284,On or near Althorpe Street,E01017474,Bedford 015C,Unable to prosecute suspect
acd5b5974c9c5d4cae49304c9faa29dfc655054114ebfb53d6b8b3db07f41bb2,2023-04,Bedfordshire Police,Bedfordshire Police,-0.423236,51.882741,On or near Supermarket,E01015699,Luton 017B,Investigation complete; no suspect identified
a945115f8cdc1bf65ff03c1545c216895cc0a72442a94d7a8ffc146b15606f40,2023-04,Bedfordshire Police,Bedfordshire Police,-0.436536,51.880078,On or near Rowan Close,E01015730,Luton 019D,Suspect charged
d947498bcd8abb971883a16e0b245f35d1c1a3cd17309dc43ca3486122b7d5ca,2023-04,Bedfordshire Police,Bedfordshire Police,-0.466098,52.135878,On or near Shopping Area,E01034419,Bedford 012H,Investigation complete; no suspect identified
629562a70eda692ae2f3cd6b186fecffd059dcdf5a6d4a3073750579c48fed61,2023-04,Bedfordshire Police,Bedfordshire Police,-0.635974,51.919729,On or near Rye Close,E01017605,Central Bedfordshire 020C,Investigation complete; no suspect identified
4608af47973f6678f4ee8a0556fc476b07e54588b317865093b73f13a01334f4,2023-04,Bedfordshire Police,Bedfordshire Police,-0.528043,52.091325,On or near Hillcroft,E01034426,Bedford 020F,Investigation complete; no suspect identified
2e326feea115e4440d8b1757e1f2206dbe57064f3ff43391a6825cbf06eec3d8,2023-04,Bedfordshire Police,Bedfordshire Police,-0.515549,51.913388,On or near Sports/Recreation Area,E01017619,Central Bedfordshire 025E,Investigation complete; no suspect identified
d1c6e1b40c9488415143ba637311f6e0d74ae3a5d3da62f8ad51fc2db2d7b48c,2023-04,Bedfordshire Police,Bedfordshire Police,-0.472952,52.127299,On or near Endsleigh Road,E01034420,Bedford 015G,Investigation complete; no suspect identified
b79dfdf27e1802abf922927588322da5817ed5d6b1653fe29d2871edf41ad1f6,2023-04,Bedfordshire Police,Bedfordshire Police,-0.493687,52.033067,On or near Supermarket,E01017374,Central Bedfordshire 012D,Investigation complete; no suspect identified
cc44cada860b6d59ad1d7c44621114c69be88355015d89999b016e1e4a0e3a6b,2023-04,Bedfordshire Police,Bedfordshire Police,-0.660931,51.916635,On or near Market Square,E01017555,Central Bedfordshire 021A,Investigation complete; no suspect identified
befed4cd42f89c9603fc5ef221fbf988c54cc6f82795a13823f2472627ff6ebe,2023-04,Bedfordshire Police,Bedfordshire Police,-0.332907,52.031427,On or near Petrol Station,E01017440,Central Bedfordshire 011D,Investigation complete; no suspect identified
d8f2e1bbb4e2172b9d2733e131f8e9668447b46f3aa4b08afa95d7d690de8eb1,2023-04,Bedfordshire Police,Bedfordshire Police,-0.423236,51.882741,On or near Supermarket,E01015699,Luton 017B,Investigation complete; no suspect identified
e0321886c1bb74d5b2485dbbcb54d8ac1f5d21b6fe9352290fb72a286e9300a9,2023-04,Bedfordshire Police,Bedfordshire Police,-0.423236,51.882741,On or near Supermarket,E01015699,Luton 017B,Investigation complete; no suspect identified
77f956bfba21c627af655637ba98e68d6887ff1ca2371f98bf37b19c760d7944,2023-04,Bedfordshire Police,Bedfordshire Police,-0.412775,51.879454,On or near Shopping Area,E01033805,Luton 023C,Investigation complete; no suspect identified
d4096498951c0bab52b3597f6ccabd65b31aef1e7af44e22539f235b85aa2f77,2023-04,Bedfordshire Police,Bedfordshire Police,-0.502375,51.878030,On or near Brive Road,E01017594,Central Bedfordshire 030C,Investigation complete; no suspect identified
0a8cbac50dd16dabc3900b8b9f15dd77e08f81e7f4bdc3917ccdb8f265d7da6e,2023-04,Bedfordshire Police,Bedfordshire Police,-0.438647,51.887074,On or near Highfield Road,E01015726,Luton 015B,Unable to prosecute suspect
cd9570f603f30b416ae0ee5f2f7c5f6d635ef2fa59dcb0258ade810ae3b8d7cc,2023-04,Bedfordshire Police,Bedfordshire Police,-0.501025,51.891967,On or near Pynders Lane,E01017585,Central Bedfordshire 027D,Unable to prosecute suspect
650b0876a6c19b130d37c81110b45ae50155f1ab68ec0b1ec9f38aa9d7731745,2023-04,Bedfordshire Police,Bedfordshire Police,-0.634597,51.914733,On or near Theatre/Concert Hall,E01033831,Central Bedfordshire 024K,Investigation complete; no suspect identified
0b796974fd85da670a6e320aedfbe5c1d2f5b1ff1d5517f47e8cfd4d308d8e10,2023-04,Bedfordshire Police,Bedfordshire Police,-0.423094,51.885986,On or near Hillside Road,E01015699,Luton 017B,Investigation complete; no suspect identified
03e0e0eebad1db8adc683da2c5ea061de454001b53e26678e5dff42a36c56e66,2023-04,Bedfordshire Police,Bedfordshire Police,-0.525434,52.090339,On or near Johnson Avenue,E01034426,Bedford 020F,Investigation complete; no suspect identified
08cb74499cc3fc3db2a5cad5dfcfd9869b9347e1f7de471f1dbf0df39c2b6263,2023-04,Bedfordshire Police,Bedfordshire Police,-0.415694,52.155856,On or near Fiona Way,E01034412,Bedford 004H,Unable to prosecute suspect
f091fcb205a303ba9f7ed42a3acb76e5d0c3184f8aa66749c9710dbe78b4940c,2023-04,Bedfordshire Police,Bedfordshire Police,-0.635374,51.918400,On or near Meadow Way,E01017605,Central Bedfordshire 020C,Investigation complete; no suspect identified
dec89c8dd98a031b8dd7869c10c22ba878027674d4f627fa3e27dd66218d259b,2023-04,Bedfordshire Police,Bedfordshire Police,-0.484037,52.132127,On or near Nelson Street,E01017538,Bedford 013D,Unable to prosecute suspect
04accdd54335dc5e23a8ae3ea033776a1550b6147cbd050a75d9a6a84995559b,2023-04,Bedfordshire Police,Bedfordshire Police,-0.509240,52.113728,On or near Brook Drive,E01034422,Bedford 018F,Unable to prosecute suspect
f21169bcffb8f0e810d08fb0e91a5755851a2963d47bb83cd67689bd255ff68b,2023-04,Bedfordshire Police,Bedfordshire Police,-0.649322,51.913931,On or near Brooklands Avenue,E01017576,Central Bedfordshire 024D,Unable to prosecute suspect
7c310a20d556244390806d5563ff026f6afffe306d5fa3cd39ed5b5672c88c21,2023-04,Bedfordshire Police,Bedfordshire Police,-0.392779,51.907272,On or near Butterfield Green Road,E01015797,Luton 008A,Investigation complete; no suspect identified
93704356325d5c5a5fa8a1d5935e67076e76a992564f647bbab074fc93507d72,2023-04,Bedfordshire Police,Bedfordshire Police,-0.524605,52.035329,On or near Sandhill Close,E01017373,Central Bedfordshire 012C,Investigation complete; no suspect identified
155e22a37778070242433b7bdeeeaed2062625234137dff9fb646bde50c7d16a,2023-04,Bedfordshire Police,Bedfordshire Police,-0.524605,52.035329,On or near Sandhill Close,E01017373,Central Bedfordshire 012C,Investigation complete; no suspect identified
a47ff2822e563b0c8e9105b337a6f39b445f238611721bae29e1ce9302af1dec,2023-04,Bedfordshire Police,Bedfordshire Police,-0.480545,52.141568,On or near Tudor Close,E01017501,Bedford 010E,Unable to prosecute suspect
7b22eab0bf5e6ef1af53ae034f76e2c966169f7358c733909bd3814dba997875,2023-04,Bedfordshire Police,Bedfordshire Police,-0.385433,52.137310,On or near Church End,E01017496,Bedford 004C,Investigation complete; no suspect identified
3c247a953c003cef2433e0b6e948ce0ca5791869fe0d746a4b6d3cbbc81a47db,2023-04,Bedfordshire Police,Bedfordshire Police,-0.514463,51.882409,On or near Albert Court,E01017592,Central Bedfordshire 030A,Investigation complete; no suspect identified
bffb1cf4242ac40c4c994beb3ae78a97745f4b2f0967d4428ef8cb9d01882a2c,2023-04,Bedfordshire Police,Bedfordshire Police,-0.420023,51.887356,On or near Cromwell Hill,E01015739,Luton 022A,Investigation complete; no suspect identified
7a28742b038262e40b1594b62ea8653617535ff30e5112e73ea66948e4648b9f,2023-04,Bedfordshire Police,Bedfordshire Police,-0.653549,51.926189,On or near Churchill Road,E01017609,Central Bedfordshire 021E,Investigation complete; no suspect identified
5b40c9825f74829a4619cecb20336072bb96ff30792e54c10e59680a6af0aba1,2023-04,Bedfordshire Police,Bedfordshire Police,-0.656432,51.915864,On or near Albany Road,E01017555,Central Bedfordshire 021A,Investigation complete; no suspect identified
629da5e3dd11fe323696762fb90a9a77ab331dda29dac1cd947f18cfa508ba53,2023-04,Bedfordshire Police,Bedfordshire Police,-0.387262,51.894492,On or near Mangrove Road,E01015807,Luton 016G,Investigation complete; no suspect identified
f55ca0a223f6b4675105b8792a7295cac3578edbc9aea3347041d9a4c0afb646,2023-04,Bedfordshire Police,Bedfordshire Police,-0.389403,51.897632,On or near Supermarket,E01015813,Luton 008F,Investigation complete; no suspect identified
d9129db2b3bfc690351fc6c99fadec473f6efae8e12611a392d00903afd98113,2023-04,Bedfordshire Police,Bedfordshire Police,-0.513569,51.890736,On or near Shopping Area,E01017584,Central Bedfordshire 027C,Investigation complete; no suspect identified
f0f2121aab39d8f7d20f08cba0c7180b608c9a0d520ac9fa309d609e95836873,2023-04,Bedfordshire Police,Bedfordshire Police,-0.460085,52.122520,On or near Essex Gardens,E01017472,Bedford 015A,Unable to prosecute suspect
dd36dc16befe2a6f2a2a5a7d6e402b41a4f493a222be4022111cff31e5b559de,2023-04,Bedfordshire Police,Bedfordshire Police,-0.421183,51.895725,On or near New Bedford Road,E01015700,Luton 010A,Unable to prosecute suspect
f1cfbdf587af77caf742a1832d68810782cee5aad9a24daf3f4c9e3f859997fd,2023-04,Bedfordshire Police,Bedfordshire Police,-0.421183,51.895725,On or near New Bedford Road,E01015700,Luton 010A,Suspect charged
c36beb1308ec2db631b610ed23c694d73ae5d1e6b780421325c17303f75ad2e0,2023-04,Bedfordshire Police,Bedfordshire Police,-0.465958,52.138663,On or near Supermarket,E01034419,Bedford 012H,Investigation complete; no suspect identified
f92f9aabf6852eff196594646c2bcd1f6482d038dc97c491a9e1df7f6f166baf,2023-04,Bedfordshire Police,Bedfordshire Police,-0.610237,52.200297,On or near Priory Close,E01017504,Bedford 002D,Investigation complete; no suspect identified
4c8b27faac99d58c47b0d48ef94ea108d8176a8b4f94ccf488e010d7aaa07119,2023-04,Bedfordshire Police,Bedfordshire Police,-0.335593,52.037998,On or near High Street,E01017437,Central Bedfordshire 011A,Investigation complete; no suspect identified
95cd8bb02dc1c430c8a07f94e7d0d045dd2c5b824c069c7e6f2b2d4f670533d5,2023-04,Bedfordshire Police,Bedfordshire Police,-0.415411,51.885882,On or near Mussons Path,E01033801,Luton 022C,Investigation complete; no suspect identified
07d735bffd64b2cd18a302e97d5b0be862cdc17743c992321c8f3bf7a280d007,2023-04,Bedfordshire Police,Bedfordshire Police,-0.510699,52.010079,On or near Conference/Exhibition Centre,E01017406,Central Bedfordshire 016D,Investigation complete; no suspect identified
b9e3908d56bbf969df3e5f257673ca1bf79708929d3f6a588485693e58e9dda8,2023-04,Bedfordshire Police,Bedfordshire Police,-0.417907,51.883911,On or near Villa Road,E01033801,Luton 022C,Investigation complete; no suspect identified
ace82bd487c0c50d1e5d46adbf433bc5b186ab0ec7aeb41208f6774d69b95767,2023-04,Bedfordshire Police,Bedfordshire Police,-0.471840,52.127330,On or near Ombersley Road,E01034420,Bedford 015G,Unable to prosecute suspect
b27a93cbaca229b8e7beed63d2cc5b55695a0e3929f06a47c83cc0741dde07be,2023-04,Bedfordshire Police,Bedfordshire Police,-0.529871,51.885300,On or near Leighton Court,E01017569,Central Bedfordshire 029D,Investigation complete; no suspect identified
b06b24a54e81dc8e300b6474a1612fbaa25599b56acb5abd5648d7c3cdc25c2d,2023-04,Bedfordshire Police,Bedfordshire Police,-0.500367,51.947518,On or near Toddington Service Area,E01017620,Central Bedfordshire 019C,Investigation complete; no suspect identified
b9b6a63c287e1ec1039b0431056041701756c5cd30d24ad9785c0eb483eb2fcc,2023-04,Bedfordshire Police,Bedfordshire Police,-0.427101,52.142476,On or near Chapel Close,E01017527,Bedford 011D,Investigation complete; no suspect identified
1438b05aa3b49f5a99e8586c0fa17f8834c17ec35819bfdd522c662d77d2f8e6,2023-04,Bedfordshire Police,Bedfordshire Police,-0.263108,52.085210,On or near Palace Street,E01017385,Central Bedfordshire 005C,Investigation complete; no suspect identified
46837f46692c392fc726baf917ef1b614a007c088824d5464dfd9cc012d7ca4b,2023-04,Bedfordshire Police,Bedfordshire Police,-0.624826,51.993275,On or near Newport Road,E01017452,Central Bedfordshire 009E,Investigation complete; no suspect identified
6e166ffbe8755833f3e05dc09f86a21933e1c84e4de32da5c9d2b835f9c19808,2023-04,Bedfordshire Police,Bedfordshire Police,-0.450665,51.905639,On or near Rydal Way,E01015765,Luton 006B,Unable to prosecute suspect
446ab6fd6bef3b71b4577db069a12d17a7360c46e6866bfa8e6a3a0fcdf2aae9,2023-04,Bedfordshire Police,Bedfordshire Police,,,No location,,,Investigation complete; no suspect identified
a0b34ecbbf74a1c7319c97ecf1c4bd30e1e8812ac2a80c13d901e6ace8c04dc0,2023-04,Bedfordshire Police,Bedfordshire Police,-0.520310,52.021023,On or near Fordfield Road,E01017373,Central Bedfordshire 012C,Unable to prosecute suspect
bcf1e3334ae104330d6d9f104e6747d4d04a756fbd0743244aa9889852de6cec,2023-04,Bedfordshire Police,Bedfordshire Police,-0.468746,52.142602,On or near Foster Street,E01017502,Bedford 010F,Unable to prosecute suspect
067f048eb017658adfd6eb2355a4cded9a1f8b6329f8f6a87639524b29d123fb,2023-04,Bedfordshire Police,Bedfordshire Police,-0.431991,51.886689,On or near Parking Area,E01015725,Luton 017E,Unable to prosecute suspect
05cdc0368c3925ded7f6663c38d042978335a66c6d2387301f451aae2c6d87ba,2023-04,Bedfordshire Police,Bedfordshire Police,-0.497485,52.002392,On or near Coniston Road,E01017405,Central Bedfordshire 016C,Investigation complete; no suspect identified
f1b6573c437d1b3550c1b7e3617bca2faf87288092a17c7d3516307e3791a475,2023-04,Bedfordshire Police,Bedfordshire Police,-0.500367,51.947518,On or near Toddington Service Area,E01017620,Central Bedfordshire 019C,Unable to prosecute suspect
e6f0c8b31d62721e20a50816baa889bba02650fab82c9769b2e4db5b6b1de3a7,2023-04,Bedfordshire Police,Bedfordshire Police,-0.466098,52.135878,On or near Shopping Area,E01034419,Bedford 012H,Unable to prosecute suspect
f806e174db2feba0fcf2eb789fcf52e0c5b9155f9cef91004dc394965218ae08,2023-04,Bedfordshire Police,Bedfordshire Police,-0.265231,52.090663,On or near Sun Street,E01017384,Central Bedfordshire 005B,Investigation complete; no suspect identified
fa2cd0b49f30a8311a29e6f11314ec8a1988ba8c71c180f580942fa2d455437c,2023-04,Bedfordshire Police,Bedfordshire Police,-0.478349,51.914506,On or near Ribocon Way,E01015753,Luton 005D,Unable to prosecute suspect
99167f483782773cabcfd65c2e446a2c5410c000d4652ca3ae5cbe7b8f89377e,2023-04,Bedfordshire Police,Bedfordshire Police,-0.449480,52.137684,On or near George Street,E01017468,Bedford 012C,Investigation complete; no suspect identified
b6a2b5a7e044bac58156ddc0f97b091437ccdd01ef1b692667b38e87a09bba09,2023-04,Bedfordshire Police,Bedfordshire Police,-0.478349,51.914506,On or near Ribocon Way,E01015753,Luton 005D,Unable to prosecute suspect
490da3e8341995f88f0e320d672778785e32c42a1c190757b345003301586e20,2023-04,Bedfordshire Police,Bedfordshire Police,-0.395177,51.886103,On or near Taunton Avenue,E01015781,Luton 016F,Unable to prosecute suspect
6db5dae9b563f9c51b05c7b4b6722f6d4879cd871a996be3f791522e721bcbab,2023-04,Bedfordshire Police,Bedfordshire Police,-0.460851,52.091797,On or near Brooklands Avenue,E01034433,Bedford 022C,Investigation complete; no suspect identified
51786918cf273ffa80086db9ea23c57f7c7f0b3808a7ce5c2a8a15c4979e5f84,2023-04,Bedfordshire Police,Bedfordshire Police,-0.562724,51.882559,On or near Lancotbury Close,E01017588,Central Bedfordshire 032E,Investigation complete; no suspect identified
55fd5973a9f6a9d2c63a183b37d3afc345c4781bc4bfe38a4b17e892519691ff,2023-04,Bedfordshire Police,Bedfordshire Police,-0.492378,51.960121,On or near Valiant Close,E01017408,Central Bedfordshire 017B,Unable to prosecute suspect
08cb82462d8e059736617b6e6eb4e11a0758280384ac509d11689a24b02d6215,2023-04,Bedfordshire Police,Bedfordshire Police,-0.476346,51.891201,On or near Bampton Road,E01015714,Luton 013B,Unable to prosecute suspect
8b16c16226e75cdbcb4c1fd0d287c95ec71588fb81a3b8a77374398f65ffb523,2023-04,Bedfordshire Police,Bedfordshire Police,-0.430421,51.897557,On or near St Augustine Avenue,E01015784,Luton 010E,Unable to prosecute suspect
d96fb08b88cd3853e62161dada0569f718035806647b1b5095b8c3ac6f9b5e32,2023-04,Bedfordshire Police,Bedfordshire Police,-0.500367,51.947518,On or near Toddington Service Area,E01017620,Central Bedfordshire 019C,Investigation complete; no suspect identified
99fcf24c59668037d3dc8c0b2aea28fd7ab0a6f7d624b6a71ca5297a11a62d29,2023-04,Bedfordshire Police,Bedfordshire Police,-0.164678,52.116790,On or near Hatley Road,E01017426,Central Bedfordshire 003B,Suspect charged
c1698a3098780bbce37a9dc149cf136ea57988b6685df7e90be43dbadf453e6e,2023-04,Bedfordshire Police,Bedfordshire Police,-0.452675,51.883123,On or near Warren Road,E01015728,Luton 019B,Suspect charged
2833a8f624191f74cb46f82601fe4ea7dc4c5b27979efa4df6d3cbc275d65dce,2023-04,Bedfordshire Police,Bedfordshire Police,-0.430608,51.886778,On or near Parking Area,E01015705,Luton 017D,Investigation complete; no suspect identified
700264ef19e99c0081e94efe3bf2c658ca1836f903627336120c21cdcb91ed1d,2023-04,Bedfordshire Police,Bedfordshire Police,-0.585500,51.931353,On or near Manor Avenue,E01017577,Central Bedfordshire 019A,Investigation complete; no suspect identified
5d2aed0ddc61647165e0a43a8d12710da5ab86a039ee9897f3b595088fc2e86a,2023-04,Bedfordshire Police,Bedfordshire Police,-0.284335,52.128446,On or near Peel's Place,E01017435,Central Bedfordshire 002D,Unable to prosecute suspect
558e7ae6e53ab7c523bace124fd42b310fad86022b8775c3dc9c952dc9a8d496,2023-04,Bedfordshire Police,Bedfordshire Police,-0.430378,51.885454,On or near Beech Road,E01015725,Luton 017E,Unable to prosecute suspect
b700f5f1eb88e5104a94f616dc97fc8dc702048b38568873581fea1347967fe2,2023-04,Bedfordshire Police,Bedfordshire Police,-0.414196,51.881991,On or near Station Road,E01033805,Luton 023C,Investigation complete; no suspect identified
9a710111a6aac44419fd06cfab40ea4a0a1cdf048d74514321aee288b7455839,2023-04,Bedfordshire Police,Bedfordshire Police,-0.376845,51.883100,On or near Prince Way,E01015811,Luton 014G,Offender given a caution
4caea786bc4deb80eb7652031e67ae4e4fc778a38a45efb6aa525015df22cd97,2023-04,Bedfordshire Police,Bedfordshire Police,-0.507502,51.915787,On or near Yew Street,E01017619,Central Bedfordshire 025E,Action to be taken by another organisation
f015808ef1b1b25f1072280173ff6fa0a16e0e31789e3ddab2980d8123d73c81,2023-04,Bedfordshire Police,Bedfordshire Police,-0.460214,52.158630,On or near Severn Way,E01017453,Bedford 005A,Investigation complete; no suspect identified
4164033c5a1aaeed7d3d00cf28753381e4e6507fa11497ca0bc094ee00a3f26e,2023-04,Bedfordshire Police,Bedfordshire Police,-0.420096,51.903929,On or near Kingsdown Avenue,E01015694,Luton 007B,Unable to prosecute suspect
7d9686a583f076121afdca77e83eec4aa6f5237b3fd22d59cabb801d5c55332b,2023-04,Bedfordshire Police,Bedfordshire Police,-0.466764,51.899475,On or near Eynsford Road,E01015716,Luton 011D,Unable to prosecute suspect
1f3f96dedbe47b6f8114397fae506d49c088a661a7d97e9e7df5fd49377234f7,2023-04,Bedfordshire Police,Bedfordshire Police,-0.448967,52.081346,On or near Town Close,E01017549,Bedford 021F,Investigation complete; no suspect identified
7a30fba4aa098ff540aa7b99b35e25d63d28637673a90e908cd2b289c2da5f31,2023-04,Bedfordshire Police,Bedfordshire Police,-0.653586,51.925453,On or near Montgomery Close,E01017609,Central Bedfordshire 021E,Unable to prosecute suspect
a7a6a6fca2d168bdf6b0e372e840175dda4947458cf47fd9069fc17d8c04a82e,2023-04,Bedfordshire Police,Bedfordshire Police,-0.418309,51.893546,On or near Parking Area,E01015739,Luton 022A,Investigation complete; no suspect identified
12d01e5714aea83c77bc0ab4ce6cc0532e45d5b5fa3e5c4b3bcab491bf010a4e,2023-04,Bedfordshire Police,Bedfordshire Police,-0.475625,51.848508,On or near Petrol Station,E01017586,Central Bedfordshire 032C,Unable to prosecute suspect
d52c43423b73019cb7543039672b9a56986b667f04a9a56cd98ad98ca0293de2,2023-04,Bedfordshire Police,Bedfordshire Police,-0.636833,51.911035,On or near Barton Grove,E01033191,Central Bedfordshire 024E,Unable to prosecute suspect
40db1d6ac59f401d339bafd958ede30c49c3ae957511f9cc51b78f9e390625c9,2023-04,Bedfordshire Police,Bedfordshire Police,-0.465827,51.894112,On or near Challney Close,E01015712,Luton 011B,Investigation complete; no suspect identified
d0e32598b348b5377473d94d23c8c5625965e11672c140036ae67410904c05c8,2023-04,Bedfordshire Police,Bedfordshire Police,-0.290398,52.136843,On or near Maple Road,E01017433,Central Bedfordshire 001A,Investigation complete; no suspect identified
e1c41776867868629ed99e564ba75609b3940530485e200c2abd3956c881466e,2023-04,Bedfordshire Police,Bedfordshire Police,-0.492945,51.896324,On or near Bracknell Close,E01015761,Luton 009F,Unable to prosecute suspect
fb0b0108f81aa7b710eb67fa34e4e3ebf26ffe8b663dbd32008c23218d84edca,2023-04,Bedfordshire Police,Bedfordshire Police,-0.506688,52.145948,On or near Bream Close,E01034414,Bedford 008F,Unable to prosecute suspect
fb1bee317a606b8905d9c561ea95bd3441424228c9ee2b95b4e3f69e250f41e1,2023-04,Bedfordshire Police,Bedfordshire Police,-0.436476,52.132243,On or near Parking Area,E01017524,Bedford 011A,Investigation complete; no suspect identified
0d9ad0fe0382c6d5f1c3b8fc0bc43e3b9d044f416cbe65762dfa7f48f75b7f19,2023-04,Bedfordshire Police,Bedfordshire Police,-0.449255,51.895100,On or near Malham Close,E01015787,Luton 015D,Unable to prosecute suspect
b3a3717d15e6204105eb102c01626df80d3688b07697055fcaca234a2a2a1259,2023-04,Bedfordshire Police,Bedfordshire Police,-0.436495,51.889222,On or near Mansfield Road,E01015703,Luton 015A,Unable to prosecute suspect
279ba70f6a6d8fdffbb4914ce21149e037dcb91f822037c957b47f672a77fb15,2023-04,Bedfordshire Police,Bedfordshire Police,-0.496717,52.001488,On or near Sports/Recreation Area,E01017405,Central Bedfordshire 016C,Investigation complete; no suspect identified
fafe02d1d948af7d9f71e68d6b124fc1f60eeffb0a31d98349ec771245c4c6e2,2023-04,Bedfordshire Police,Bedfordshire Police,-0.421130,51.877354,On or near Princess Street,E01015795,Luton 021F,Investigation complete; no suspect identified
682e740a097d159f29e9c68bdea1d3037b537305356c84076da5626c2159878d,2023-04,Bedfordshire Police,Bedfordshire Police,-0.417059,51.881571,On or near Bridge Street,E01033803,Luton 023A,Unable to prosecute suspect
d74f4bf6e517c86c78bcbad5bdb81902a17cd4abc4c71cc083007cf6f9660108,2023-04,Bedfordshire Police,Bedfordshire Police,-0.484073,52.134942,On or near Gratton Road,E01017539,Bedford 013E,Unable to prosecute suspect
1ec34e4de657f1c10015f9d56dd95e6914a333c5beb5ec175bd4b6ae1ec40001,2023-04,Bedfordshire Police,Bedfordshire Police,-0.539025,51.884425,On or near Spinney Crescent,E01017597,Central Bedfordshire 028D,Offender given a caution
dcdd6d81b0425e507eeb0b5bec0802e26881c364fe37d46ae888a669cdbaaeca,2023-04,Bedfordshire Police,Bedfordshire Police,-0.640006,51.911872,On or near Bishop Close,E01033191,Central Bedfordshire 024E,Investigation complete; no suspect identified
fcb9a9e34aa67aaa27d0e2189eec15f62d5e1319a2971749a15bb6fbbe4c42e6,2023-04,Bedfordshire Police,Bedfordshire Police,-0.426078,51.882932,On or near Petrol Station,E01015729,Luton 019C,Unable to prosecute suspect
1ca8d4a4b37e8fa50387c1ad0c6e6026cc27a1a5c608df0e3cb6fcf74ad960b5,2023-04,Bedfordshire Police,Bedfordshire Police,-0.466098,52.135878,On or near Shopping Area,E01034419,Bedford 012H,Investigation complete; no suspect identified
a650d1d28995634e0b8f02b36d0e9ef929356adddb053eafd155a0d6263449b9,2023-04,Bedfordshire Police,Bedfordshire Police,-0.428094,51.883858,On or near Avondale Road,E01015727,Luton 017F,Unable to prosecute suspect
2d8f3a905c4e956e1d348bde4ab8d42714746c5ea30e3802d66262bd6ff6a561,2023-04,Bedfordshire Police,Bedfordshire Police,-0.430776,51.889442,On or near The Ridings,E01015705,Luton 017D,Unable to prosecute suspect
9a15ab2edd6a7aea6ed53fd5fd57637853ef41a337b46f5dbff3c3088d0fc770,2023-04,Bedfordshire Police,Bedfordshire Police,-0.533330,52.096578,On or near St Marys Road,E01017554,Bedford 020D,Unable to prosecute suspect
0a78477132025240a6d22d2e578ccdc591f1c111526ac6ac3cec0b4bdc5a0f1a,2023-04,Bedfordshire Police,Bedfordshire Police,-0.533330,52.096578,On or near St Marys Road,E01017554,Bedford 020D,Unable to prosecute suspect
6769c915eeef8e65ea0e9386c3b6b3a08758b117e8e83be0b06388b66b8e274a,2023-04,Bedfordshire Police,Bedfordshire Police,-0.533330,52.096578,On or near St Marys Road,E01017554,Bedford 020D,Unable to prosecute suspect
0af6d4cae69905a4b6e663fe7ed8c66732c0e96c65f2e354aca859f9f32c742e,2023-04,Bedfordshire Police,Bedfordshire Police,-0.533330,52.096578,On or near St Marys Road,E01017554,Bedford 020D,Unable to prosecute suspect
ee9a1b53f77afe428fd9d0b5a17ff9d6bba1cdd8aee7e8d143b4c677fa110f46,2023-04,Bedfordshire Police,Bedfordshire Police,-0.533330,52.096578,On or near St Marys Road,E01017554,Bedford 020D,Unable to prosecute suspect
6b7255a94c7bc52deeb7567f402d1cf6356723df6b0bd1d536321b9ce2f5aa15,2023-04,Bedfordshire Police,Bedfordshire Police,-0.333522,52.037421,On or near Supermarket,E01017437,Central Bedfordshire 011A,Investigation complete; no suspect identified
dc15c964224c73937cf626103e98a1656d8ee16e87de36ee59d1f556534bef6e,2023-04,Bedfordshire Police,Bedfordshire Police,-0.660931,51.916635,On or near Market Square,E01017555,Central Bedfordshire 021A,Unable to prosecute suspect
0b2332c181fefc2a4becfb439b4d7d60f41bfd2d56f6aa39c3850e04965bbb4f,2023-04,Bedfordshire Police,Bedfordshire Police,-0.385507,51.903711,On or near Putteridge Road,E01015800,Luton 008D,Unable to prosecute suspect
939034283731ed8b89dd83b235edcfa425827844cd705cfac06ccaf788872594,2023-04,Bedfordshire Police,Bedfordshire Police,,,No location,,,Investigation complete; no suspect identified
ce9ef092901118f5246695e44572adfab0c8e486a80578b35b43da28789336ec,2023-04,Bedfordshire Police,Bedfordshire Police,-0.439501,52.124272,On or near Brampton Close,E01017520,Bedford 014C,Unable to prosecute suspect
bb8e1f78a0b2199af6c0ce2b230b1df31b11fc3e50b710ccb33cd90504cb66ef,2023-04,Bedfordshire Police,Bedfordshire Police,-0.500367,51.947518,On or near Toddington Service Area,E01017620,Central Bedfordshire 019C,Investigation complete; no suspect identified
83c77028765e2ac1208547551e469e88f1c1fbc7ced7101053d2bd72693f6841,2023-04,Bedfordshire Police,Bedfordshire Police,-0.367270,51.875839,On or near Airport/Airfield,E01015808,Luton 014D,Formal action is not in the public interest
07cc09832e112e0953a98686515f872d808be66607bdb3d1f462bd91ccc72823,2023-04,Bedfordshire Police,Bedfordshire Police,-0.642723,51.915311,On or near Highfield Road,E01017573,Central Bedfordshire 024A,Investigation complete; no suspect identified
040b88f719e68d9a13fcdbb689736e4f41c2a48c8361789c08d6f04ad215e839,2023-04,Bedfordshire Police,Bedfordshire Police,-0.426078,51.882932,On or near Petrol Station,E01015729,Luton 019C,Unable to prosecute suspect
f3c8d0f290c3cad879e6b701b210002a96857a4bea938a7800472519aaebf8ea,2023-04,Bedfordshire Police,Bedfordshire Police,-0.426078,51.882932,On or near Petrol Station,E01015729,Luton 019C,Unable to prosecute suspect
67cdd7ba5d183e5e0878c1e371d68fa508301c6360ed5a93bf38c1c3be471164,2023-04,Bedfordshire Police,Bedfordshire Police,-0.437291,51.889736,On or near Lincoln Road,E01015703,Luton 015A,Unable to prosecute suspect
4ac957d90016cc9ed424e7810bbe5324069195f88831cbeafd44b887d5af2229,2023-04,Bedfordshire Police,Bedfordshire Police,-0.437291,51.889736,On or near Lincoln Road,E01015703,Luton 015A,Unable to prosecute suspect
cbcd82cde66fb1da4fcb88487efe24126a13f7aeadd35b712d1de418d9436582,2023-04,Bedfordshire Police,Bedfordshire Police,-0.509655,52.137623,On or near Vicars Close,E01034414,Bedford 008F,Unable to prosecute suspect
45e40a7eae37b640462caca86acf7401a45f9e852c4dd7bda8c04e621331837b,2023-04,Bedfordshire Police,Bedfordshire Police,-0.646949,51.926590,On or near Vandyke Road,E01017609,Central Bedfordshire 021E,Unable to prosecute suspect
86dfd7e22211c5fd63b29ca5f0f870b7a3308686fb77fb7d59f3fe2b293c8638,2023-04,Bedfordshire Police,Bedfordshire Police,-0.659741,51.912951,On or near Sports/Recreation Area,E01017555,Central Bedfordshire 021A,Investigation complete; no suspect identified
a848ab7e02bfd477fcb1563244cc8f80a0832145bfa083749484414cc2b6a185,2023-04,Bedfordshire Police,Bedfordshire Police,-0.434654,51.868579,On or near Tinsley Close,E01015732,Luton 020A,Unable to prosecute suspect
01c2ce9667b9064c122a5c6ccd1e8375e8ebd91eaa1ea08c2d9b6e4a7bfa2ab5,2023-04,Bedfordshire Police,Bedfordshire Police,-0.434654,51.868579,On or near Tinsley Close,E01015732,Luton 020A,Unable to prosecute suspect
6c3ae2ee618fca7a26a03c61badacabc6ee98ecb5348f7ce5a27a53cca0480a8,2023-04,Bedfordshire Police,Bedfordshire Police,-0.500520,51.849485,On or near Plewes Close,E01017586,Central Bedfordshire 032C,Unable to prosecute suspect
988c2f1cf48b69472d32a9002bb749d97eec9bf3f4fabc36e686bfd95978c531,2023-04,Bedfordshire Police,Bedfordshire Police,-0.282400,52.027110,On or near Park Farm Close,E01017415,Central Bedfordshire 010F,Suspect charged
c0d0bf4168b6fddd098ef32138d388addf4387b0c58fc10973f481a414ec749a,2023-04,Bedfordshire Police,Bedfordshire Police,-0.266499,51.995757,On or near Hitchin Road,E01017376,Central Bedfordshire 010A,Local resolution
3fdb29edf597752de9433c21c8878674612301ed7de461b581f486c312e7fb15,2023-04,Bedfordshire Police,Bedfordshire Police,-0.437291,51.889736,On or near Lincoln Road,E01015703,Luton 015A,Unable to prosecute suspect
909d211699c2ffc4358f5327d8a66187419e8405290c65d5a94d2db810d533eb,2023-04,Bedfordshire Police,Bedfordshire Police,-0.755072,52.046045,On or near North Eleventh Street,E01033499,Milton Keynes 014E,Unable to prosecute suspect
50a1a6e8181cca382bc0e00b8d87ebe497308882001484c0fdd4015315d0b4aa,2023-04,Bedfordshire Police,Bedfordshire Police,-0.513611,51.887991,On or near Dukeminster Road,E01033836,Central Bedfordshire 029F,Local resolution
581d9f528126aa941bc7fde629d02bcaeda861299740d0815bd7e11e455d13e6,2023-04,Bedfordshire Police,Bedfordshire Police,-0.454744,51.917669,On or near The Moakes,E01015771,Luton 003B,Investigation complete; no suspect identified
fb72cee06e2988efa1528d5f62009209549d268496d4031bbaa5b4a24f635080,2023-04,Bedfordshire Police,Bedfordshire Police,-0.473584,52.134860,On or near Western Street,E01017466,Bedford 012A,Unable to prosecute suspect
c16992526673549e06d63314f5d7a612c6ab2ec20c48211eb254b1652273e55d,2023-04,Bedfordshire Police,Bedfordshire Police,-0.253814,52.084003,On or near Elm Road,E01017382,Central Bedfordshire 006B,Local resolution
e8a98694c4f5a42ae605d6aa9acb9e890112b6abcee9a5eb3fa9c7b75eeb39a3,2023-04,Bedfordshire Police,Bedfordshire Police,-0.252114,52.087170,On or near Orchard Close,E01033813,Central Bedfordshire 006J,Local resolution
b2c328b5d2e9a70a6c5bbfac6422170b13b5d5f90db6378748bcee4fbea40ac1,2023-04,Bedfordshire Police,Bedfordshire Police,-0.428295,52.151304,On or near Church Lane,E01017529,Bedford 006A,Unable to prosecute suspect
6beb9c37d17869ef945041a5bdd1c4e9e37e049b0e863050430e50e26fec90c0,2023-04,Bedfordshire Police,Bedfordshire Police,-0.445424,51.899545,On or near Varna Close,E01015785,Luton 006G,Unable to prosecute suspect
b7b743309d0eecc5414e4d5623eff53519dfbe165636e62d7b8413d334e14c9a,2023-04,Bedfordshire Police,Bedfordshire Police,-0.499560,52.123640,On or near Emmerton Road,E01017509,Bedford 016A,Local resolution
98656ad821dab59bcbdc0e00c6f11a14baa749e79be2f535b84a58807053a9bd,2023-04,Bedfordshire Police,Bedfordshire Police,-0.462634,52.116367,On or near Mowbray Road,E01017477,Bedford 015F,Unable to prosecute suspect
a98589e792f4ddf3b354d1d07523c7d8c702625a26ca310c10603b879c3a4d79,2023-04,Bedfordshire Police,Bedfordshire Police,-0.607285,52.030508,On or near Salford Road,E01033814,Central Bedfordshire 007H,Local resolution
8f14a3afddfda98c62522bf7a4f5e7bdbfc6d03ce25ff1fea4ff69cc97e8f109,2023-04,Bedfordshire Police,Bedfordshire Police,-0.479670,52.207156,On or near Old Milton Road,E01017478,Bedford 003A,Unable to prosecute suspect
650e353025ec6688d93ba3bdea32cd924425fb4c64793bdb2d27da809b24bd2e,2023-04,Bedfordshire Police,Bedfordshire Police,-0.411539,51.878250,On or near Further/Higher Educational Building,E01015789,Luton 023D,Unable to prosecute suspect
e6c1fa21b4e1c21d74a92a81785f57099b5faacdfaa472c873aa59803d401ce4,2023-04,Bedfordshire Police,Bedfordshire Police,-0.512418,51.877015,On or near Grovebury Close,E01017624,Central Bedfordshire 031B,Unable to prosecute suspect
ce998a033356c600eda14f62023849c1f6bc08da58a98a3ae1388f61a3efff83,2023-04,Bedfordshire Police,Bedfordshire Police,-0.453045,51.913808,On or near Flint Close,E01015772,Luton 003C,Unable to prosecute suspect
d3f3f04c82d0adf28f05eaa9e9f957999be64f4fd4c89680cc0a3e25c41445f9,2023-04,Bedfordshire Police,Bedfordshire Police,-0.538584,52.243919,On or near Parking Area,E01017545,Bedford 001D,Investigation complete; no suspect identified
6e3f9d45563249d926c75e0bc458c1c68ed591be951c31caf07babe47d3c8b0c,2023-04,Bedfordshire Police,Bedfordshire Police,-0.502091,52.116119,On or near Judith Gardens,E01017510,Bedford 016B,Formal action is not in the public interest
e3f080e2a5f1832c9d67c5ec6d15d51cee53f6160fee60425477d9f16e918efc,2023-04,Bedfordshire Police,Bedfordshire Police,-0.414871,51.877270,On or near Flowers Way,E01033806,Luton 021G,Local resolution
7b5c1c5166dcdead93e3829aac9cdd41ec81435dd7e82b609890d993f24516bd,2023-04,Bedfordshire Police,Bedfordshire Police,-0.424632,51.879397,On or near Kingswood Court,E01033804,Luton 023B,Unable to prosecute suspect
60c1deff06b945d48cbb280516baaabbc158814803e0a2169315aa783a54a07b,2023-04,Bedfordshire Police,Bedfordshire Police,-0.436080,51.897821,On or near St James' Road,E01015782,Luton 010D,Unable to prosecute suspect
77b2a330d695eb30ab4fa285de29c95baa7f88bd9e3bc3f28479518bddcd70f3,2023-04,Bedfordshire Police,Bedfordshire Police,-0.436080,51.897821,On or near St James' Road,E01015782,Luton 010D,Unable to prosecute suspect
2e91b0d79830e2bcdeddb22a383fad3deb53f4c68b5da2827a7e8554375d3616,2023-04,Bedfordshire Police,Bedfordshire Police,-0.418312,51.878998,On or near Peel Street,E01033803,Luton 023A,Offender given a caution
b28a2466bffd314b0859c05331dbfb30bc8d8d36a253473546fe1de6f74d41c6,2023-04,Bedfordshire Police,Bedfordshire Police,-0.451499,51.916485,On or near Burnt Close,E01015769,Luton 003A,Local resolution
8ed20158f35008bc5907005eaac467a74f42898318f32c0e4cc0984e83d6c510,2023-04,Bedfordshire Police,Bedfordshire Police,-0.502005,52.166604,On or near Fetlock Close,E01017480,Bedford 003C,Action to be taken by another organisation
e8009037c98837903a175c72ff1812ab0b25ea2d6439250895bf6db5b0399fcd,2023-04,Bedfordshire Police,Bedfordshire Police,-0.415729,51.884673,On or near Dudley Street,E01033801,Luton 022C,Investigation complete; no suspect identified
9e563a2616b16e3ffb1557625567f9cc1231f5552c1440507335f7bc2f12ad69,2023-04,Bedfordshire Police,Bedfordshire Police,-0.641152,51.918692,On or near Danes Way,E01033831,Central Bedfordshire 024K,Unable to prosecute suspect
9b811a2398f376e25c28f6cf3f74ed753348b40c2b4c1357eae459e5a3264683,2023-04,Bedfordshire Police,Bedfordshire Police,-0.427626,51.878520,On or near Downs Road,E01015795,Luton 021F,Investigation complete; no suspect identified
4e2ccace7ab83d37c9ec8a50bb080534106f4b4b8271a66dbc8f57fb06e2c068,2023-04,Bedfordshire Police,Bedfordshire Police,-0.471499,52.136452,On or near Shopping Area,E01017471,Bedford 012F,Unable to prosecute suspect
9c4bc499a419e1815e98352670e183f4d168d424f8abc2033a161e0c0c431ec4,2023-04,Bedfordshire Police,Bedfordshire Police,-0.434585,51.922447,On or near Dexter Close,E01015707,Luton 001B,Unable to prosecute suspect
f7f7503b24af1e0b7a10a951d6c57fb091bcab563f304ab6ca5dd06435e96a46,2023-04,Bedfordshire Police,Bedfordshire Police,-0.493917,51.898530,On or near Chanfield Close,E01015761,Luton 009F,Local resolution
29d373f2f60884ea750cf698da275e8be6747eca5ca3d60b396f1c0dc907faba,2023-04,Bedfordshire Police,Bedfordshire Police,-0.289422,52.135992,On or near Wesley Road,E01017433,Central Bedfordshire 001A,Unable to prosecute suspect
7fd6ca929ee5013d7e988bd27cbc724759cf9279daa428fc17c46b8d179b537a,2023-04,Bedfordshire Police,Bedfordshire Police,-0.634597,51.914733,On or near Theatre/Concert Hall,E01033831,Central Bedfordshire 024K,Investigation complete; no suspect identified
5af3e2759a534ebe9094984f570fb5cfdf1f17ac78e1d923a12a11a918f68476,2023-04,Bedfordshire Police,Bedfordshire Police,-0.289996,52.128646,On or near King's Road,E01017431,Central Bedfordshire 002B,Investigation complete; no suspect identified
5ea2ecc3a6ad6ef9f8619adb40d7ad01c0e0eea35ef9f21d332ffe5adbd3ca20,2023-04,Bedfordshire Police,Bedfordshire Police,-0.404081,51.869453,On or near Sports/Recreation Area,E01015790,Luton 021B,Investigation complete; no suspect identified
b5f9c134d6cb74b2335044107f4a683d55fe9b398463200c5082ae24b6be7ff9,2023-04,Bedfordshire Police,Bedfordshire Police,-0.442231,51.880090,On or near Long Croft Road,E01015733,Luton 020B,Local resolution
ed252b654168cacd629b3eecbb99e4717fdb09f9b6b7eb2a28f2e255914ca1e5,2023-04,Bedfordshire Police,Bedfordshire Police,-0.412937,51.895470,On or near Trowbridge Gardens,E01015740,Luton 012A,Investigation complete; no suspect identified
8c1f86b6dc8297549e5beece90be0e4b601acd8b1ee6ba1b400f675e5b4ad7fc,2023-04,Bedfordshire Police,Bedfordshire Police,-0.415876,51.878609,On or near Shopping Area,E01033806,Luton 021G,Investigation complete; no suspect identified
a08b38e79d38042ad6b35d98e5923dca1b0ff94cc33a4010595552be2c95f625,2023-04,Bedfordshire Police,Bedfordshire Police,-0.289422,52.135992,On or near Wesley Road,E01017433,Central Bedfordshire 001A,Unable to prosecute suspect
ea7395e36b7fb7d7b8cc0aa7d1f36a69759e91fe4732069affc6f5618fec379b,2023-04,Bedfordshire Police,Bedfordshire Police,-0.264354,52.025596,On or near Old Oak Close,E01017377,Central Bedfordshire 010B,Suspect charged
48d2ce8e02115b86691d29fbeaa3c7476c75ee3d00766ad661f2774cfbb615fb,2023-04,Bedfordshire Police,Bedfordshire Police,-0.664960,51.916591,On or near Friday Street,E01017555,Central Bedfordshire 021A,Investigation complete; no suspect identified
0f7609afb5e8bc9a8cb0a3e31b2f8b35dfb10dd7d6fc9158e2074d416d509275,2023-04,Bedfordshire Police,Bedfordshire Police,-0.399468,51.892914,On or near Magnolia Place,E01015777,Luton 012D,Unable to prosecute suspect
4c0216256632e080bd03a059a0d94be4485edc8d00d6ebbd5a93581b1db2875e,2023-04,Bedfordshire Police,Bedfordshire Police,-0.470585,51.907230,On or near Newtondale,E01015751,Luton 005B,Unable to prosecute suspect
fd5dfb7d76cf028ca58f5801933d9c5d3f03a1b61a8a9f67295735869d7a9cbf,2023-04,Bedfordshire Police,Bedfordshire Police,-0.376845,51.883100,On or near Prince Way,E01015811,Luton 014G,Suspect charged
ebe023897a6a2d2ba7d7c6713b63a0fff42dd2bac88c73490ac95e2d08088662,2023-04,Bedfordshire Police,Bedfordshire Police,-0.528919,51.894873,On or near Olma Road,E01033834,Central Bedfordshire 028G,Unable to prosecute suspect
50d64db04aaeb3cf59a640a470d1e78f10b83c9ff4116dae8316da1edb06eb0b,2023-04,Bedfordshire Police,Bedfordshire Police,-0.404371,51.876346,On or near Windmill Road,E01015789,Luton 023D,Suspect charged
6b4a0bcd201492c0d4d6de1e4f9374d412b4111e1c46da60476c8019a7745b30,2023-04,Bedfordshire Police,Bedfordshire Police,-0.451203,52.129713,On or near Supermarket,E01017519,Bedford 014B,Investigation complete; no suspect identified
b4c6bd873d52b9c79e9f43bf41d5538dcfe5175a56315f7fd639c2f4c1faadd2,2023-04,Bedfordshire Police,Bedfordshire Police,-0.304040,52.036496,On or near Link Way,E01017392,Central Bedfordshire 013B,Investigation complete; no suspect identified
014b83ffa918cdb3beb86179e1f159c53f6dea63ad757360c78d3e11509c405e,2023-04,Bedfordshire Police,Bedfordshire Police,-0.470685,52.141009,On or near Boswell Place,E01017502,Bedford 010F,Investigation complete; no suspect identified
f5adbf34cfdd097821dbbbc6836ab27b3a03bfa78bbbaea10d5f1b6a4142d56e,2023-04,Bedfordshire Police,Bedfordshire Police,-0.474684,52.028165,On or near Flitwick Road,E01017420,Central Bedfordshire 008D,Investigation complete; no suspect identified
cb480382622bf1de1eec86b6a4ff708a32b8c087dbe27ca0e18a394de582c0c8,2023-04,Bedfordshire Police,Bedfordshire Police,-0.430734,51.891501,On or near Saxon Road,E01015704,Luton 010C,Unable to prosecute suspect
b7e96941d1389b9ed494b2c4d00d2bf85d9d5eb04d38bd589cdfb42cc8b0e94f,2023-04,Bedfordshire Police,Bedfordshire Police,-0.422665,51.876664,On or near Salisbury Road,E01015735,Luton 020D,Investigation complete; no suspect identified
221eda30210e880fc4f1ed51d3e6529171a1a26c341f03aabb3a493550f411fa,2023-04,Bedfordshire Police,Bedfordshire Police,-0.499282,51.911565,On or near Houghton Park Road,E01017600,Central Bedfordshire 025A,Investigation complete; no suspect identified
5028adcbd762990e5946e8b26196691cfb806ae23c70a76c9b52dfec8d0f05bc,2023-04,Bedfordshire Police,Bedfordshire Police,-0.506392,51.876049,On or near London Road,E01017624,Central Bedfordshire 031B,Investigation complete; no suspect identified
ad1d43236b9609687f7d0758cc5ee33b549a412808d7b3e75564c41989923204,2023-04,Bedfordshire Police,Bedfordshire Police,-0.497485,52.002392,On or near Coniston Road,E01017405,Central Bedfordshire 016C,Investigation complete; no suspect identified
cf62aa9887d484a3d08945efce87378c82ef7ab42e0531d7147538f6a8d0bbb7,2023-04,Bedfordshire Police,Bedfordshire Police,-0.586561,51.968401,On or near Meads Close,E01017451,Central Bedfordshire 009D,Unable to prosecute suspect
79cb356b75df1a05730b3c7a4481db0fd5ccac908a5b459602cb144cbebc7adb,2023-04,Bedfordshire Police,Bedfordshire Police,-0.597273,52.034634,On or near Bedford Road,E01033814,Central Bedfordshire 007H,Investigation complete; no suspect identified
ff9372faa923115ccc6f571a7dee7f6023d0006bde2a3c36c41eaf79f10e3516,2023-04,Bedfordshire Police,Bedfordshire Police,-0.466098,52.135878,On or near Shopping Area,E01034419,Bedford 012H,Investigation complete; no suspect identified
bd69d8b1f75fe0433a1451b5ca224768d1409cc675041dd0921673e9138aea80,2023-04,Bedfordshire Police,Bedfordshire Police,-0.463085,52.089237,On or near Ladybird Way,E01034433,Bedford 022C,Investigation complete; no suspect identified
893da0c9701918643d32f9b34626ca0230694cd4c78d07f5fdb4d933267152cf,2023-04,Bedfordshire Police,Bedfordshire Police,-0.467947,52.136909,On or near Silver Street,E01034419,Bedford 012H,Investigation complete; no suspect identified
e3deb62c1a1b328769a82a65c74fbd1e8bb8ba8fb455b495cca0fdf6ea385065,2023-04,Bedfordshire Police,Bedfordshire Police,-0.493262,52.133243,On or near Carlisle Road,E01017537,Bedford 013C,Investigation complete; no suspect identified
f756936a59073889ed1d3cffc996bd3a3f0ab3af23a43ef8f405487a6b2414dc,2023-04,Bedfordshire Police,Bedfordshire Police,-0.288976,52.130861,On or near Windsor Way,E01017435,Central Bedfordshire 002D,Investigation complete; no suspect identified
2a6ba5fd4a6312ce43dc6c03ea56c03c7bd6fca9acfc4318ef7f6afa9eac1f72,2023-04,Bedfordshire Police,Bedfordshire Police,-0.494668,52.117544,On or near Petrol Station,E01017505,Bedford 017A,Investigation complete; no suspect identified
cd2c9b7e65863146810af7e374294e46a9dbf86f648f5c2c3b10242ec30a7cc5,2023-04,Bedfordshire Police,Bedfordshire Police,-0.432643,52.145293,On or near Cricket Lane,E01017491,Bedford 007D,Investigation complete; no suspect identified
adb98ea090d60d87879a9fd8c525aaa298d587c151b965500402777f1d2276f2,2023-04,Bedfordshire Police,Bedfordshire Police,-0.540328,52.081227,On or near Hoo Lane,E01033820,Central Bedfordshire 009G,Investigation complete; no suspect identified
aa9d14df0b43ef1513f2e8da8c4fe99813db7380b820abb726fb649e64a6298c,2023-04,Bedfordshire Police,Bedfordshire Police,-0.508507,52.141826,On or near Fleming Close,E01034414,Bedford 008F,Unable to prosecute suspect
37491d54911aec69a540a29977c3b386fa821151d97cd29f91c1f134badf4513,2023-04,Bedfordshire Police,Bedfordshire Police,-0.513494,51.874349,On or near Supermarket,E01017626,Central Bedfordshire 031D,Investigation complete; no suspect identified
b44eb726ae829d12063b45d0adb35f9fb4f1783357d7812e613e7946fb062188,2023-04,Bedfordshire Police,Bedfordshire Police,-0.422771,51.885649,On or near Brook Street,E01015699,Luton 017B,Investigation complete; no suspect identified
39dd175a72fcf5af92297171295e4e5bb284cdcc7714d021f6faf81fb3d736f8,2023-04,Bedfordshire Police,Bedfordshire Police,-0.244726,52.076888,On or near Petrol Station,E01017381,Central Bedfordshire 006A,Investigation complete; no suspect identified
a041a191373181278ca9ab4e4cc79995dbfbc084a29c34f41b47b36cdbecfc13,2023-04,Bedfordshire Police,Bedfordshire Police,-0.398598,51.872428,On or near Gipsy Lane,E01015790,Luton 021B,Investigation complete; no suspect identified
f996b651442c29c7fef422c420713d766d1bfc65f82fe944c756aa83050a97bb,2023-04,Bedfordshire Police,Bedfordshire Police,-0.426331,52.141091,On or near Heather Gardens,E01017527,Bedford 011D,Investigation complete; no suspect identified
16acaa41490f030eb1c0c199fc4f36c35a239304bd48daefa680a0e6c3694bb5,2023-04,Bedfordshire Police,Bedfordshire Police,-0.416615,51.884289,On or near Plait Court,E01033801,Luton 022C,Investigation complete; no suspect identified
a8e02c06617dc697e9ea1834781cb0136e3448c660771b4c975db75275087956,2023-04,Bedfordshire Police,Bedfordshire Police,-0.398598,51.872428,On or near Gipsy Lane,E01015790,Luton 021B,Investigation complete; no suspect identified
a2a849a9312886eaf8f638b453157e1ed935af869a7e88dfe805cc8bc7a02174,2023-04,Bedfordshire Police,Bedfordshire Police,-0.384849,51.896931,On or near Lullington Close,E01015813,Luton 008F,Investigation complete; no suspect identified
142e4c3b92c48534d317f71f1de095351ed7d9cf9870822148b51b3f68736b1e,2023-04,Bedfordshire Police,Bedfordshire Police,-0.482155,52.132903,On or near Ford End Road,E01017538,Bedford 013D,Investigation complete; no suspect identified
570a4b50439f4edb40bcdcae9f39f37013f9ecf83a09a95bae63e3328a10439f,2023-04,Bedfordshire Police,Bedfordshire Police,-0.640089,51.905759,On or near Heron Road,E01033833,Central Bedfordshire 024M,Unable to prosecute suspect
b3c7d01165e2b741cc5b2db748de0e7221783b5a014b2a88abf39d781bfbec04,2023-04,Bedfordshire Police,Bedfordshire Police,-0.467774,51.901826,On or near Petrol Station,E01015751,Luton 005B,Investigation complete; no suspect identified
8cda0b482e35be2d07fe6c9144fa3724258ca61385467d2e4752d013748b1daa,2023-04,Bedfordshire Police,Bedfordshire Police,-0.518634,51.908888,On or near Meads Close,E01017618,Central Bedfordshire 025D,Unable to prosecute suspect
c78f367eafbcb98a375a6ef8b22da82fa384b25677b2ba0e65cb6864649109af,2023-04,Bedfordshire Police,Bedfordshire Police,-0.466075,52.138251,On or near Nightclub,E01034419,Bedford 012H,Unable to prosecute suspect
05296dda3feb1484e549eb16a8c5a7ea29b8ae301850a626174081f4dda4006c,2023-04,Bedfordshire Police,Bedfordshire Police,-0.424500,52.148655,On or near Fieldside,E01017489,Bedford 007B,Unable to prosecute suspect
c7c84b4fa581783e3f2fb944aa26800bd1c07699f0ec09e1875052f9826a8bc0,2023-04,Bedfordshire Police,Bedfordshire Police,-0.448057,52.074321,On or near Park Road,E01017549,Bedford 021F,Investigation complete; no suspect identified
b625f08e6253cfc3b230132dede829185fca5e3b20d5b04ff2b521c79c78818a,2023-04,Bedfordshire Police,Bedfordshire Police,-0.655259,51.952671,On or near Brickhill Road,E01017577,Central Bedfordshire 019A,Investigation complete; no suspect identified
43c896343cf9a00685220cae4a3aea020b200dc82c99457ba2d2a8ffe58436e4,2023-04,Bedfordshire Police,Bedfordshire Police,-0.334702,52.036871,On or near St Francis Way,E01017440,Central Bedfordshire 011D,Unable to prosecute suspect
de7037a95196f90177b46e10211a3e50ed73bac179612e3dde4a4654081e4b99,2023-04,Bedfordshire Police,Bedfordshire Police,-0.504606,51.893533,On or near Goldstone Crescent,E01017584,Central Bedfordshire 027C,Unable to prosecute suspect
125fbe6129788426ca00e222d14b79a965b508da23d1ef1e5bb4dac689e56415,2023-04,Bedfordshire Police,Bedfordshire Police,,,No location,,,Unable to prosecute suspect
8ac5928f6ea6cefc55095345c7a7a48b069ac3bb820770c73f419890d28c340f,2023-04,Bedfordshire Police,Bedfordshire Police,-0.497485,52.002392,On or near Coniston Road,E01017405,Central Bedfordshire 016C,Investigation complete; no suspect identified
0cea19a0d4a8da895ae5af8e7bde8d4581a94cd1f7c6a6ba0e363c739c852642,2023-04,Bedfordshire Police,Bedfordshire Police,-0.467306,52.135165,On or near St Paul's Square,E01017466,Bedford 012A,Investigation complete; no suspect identified
98fdcfb5dab413c4e5b7285d2920fb34c9903729e8fed65676d24a104bc7e8f3,2023-04,Bedfordshire Police,Bedfordshire Police,-0.385832,51.886541,On or near Hollybush Road,E01015722,Luton 014B,Investigation complete; no suspect identified
30f1892bc4a5fe1ed48267ea920ae03ddbf2fae398a1c3b23563d1f2eb189d9b,2023-04,Bedfordshire Police,Bedfordshire Police,-0.511609,51.916469,On or near Thornbury Court,E01017619,Central Bedfordshire 025E,Investigation complete; no suspect identified
93e25f537565e29210f51b7d4f67a9ba286a6690ffccd36df7ed18524256c295,2023-04,Bedfordshire Police,Bedfordshire Police,-0.484037,52.132127,On or near Nelson Street,E01017538,Bedford 013D,Unable to prosecute suspect
7b5cb477924cacf6f7be388dff765341a9f8d20d60997a42208c92c0d47d2814,2023-04,Bedfordshire Police,Bedfordshire Police,-0.594389,51.934058,On or near Church Lane,E01017577,Central Bedfordshire 019A,Investigation complete; no suspect identified
d5ab0b0abc5ba577277fe786492305dd08efd517f29b3cebd44333f2d4397a9e,2023-04,Bedfordshire Police,Bedfordshire Police,-0.458744,52.127115,On or near Gifford Road,E01017523,Bedford 014F,Unable to prosecute suspect
1e14a17f27de8298fe45006585c420e6d4867c322140f5ced9e09cb2b980b7fe,2023-04,Bedfordshire Police,Bedfordshire Police,-0.334587,52.038784,On or near Duck Lane,E01017437,Central Bedfordshire 011A,Investigation complete; no suspect identified
a96c6c0082cc41e85ab57581ce2de80f73f081a6b75ed2b5b223f4b22ef6c854,2023-04,Bedfordshire Police,Bedfordshire Police,-0.434362,51.908736,On or near Supermarket,E01015744,Luton 004A,Investigation complete; no suspect identified
581ae86c1619f29d74e66d57eebb480025ed4275ccd60c23cbf9116d056d2b7a,2023-04,Bedfordshire Police,Bedfordshire Police,-0.412796,51.882565,On or near Parking Area,E01033802,Luton 022D,Suspect charged
581ae86c1619f29d74e66d57eebb480025ed4275ccd60c23cbf9116d056d2b7a,2023-04,Bedfordshire Police,Bedfordshire Police,-0.412796,51.882565,On or near Parking Area,E01033802,Luton 022D,Suspect charged
581ae86c1619f29d74e66d57eebb480025ed4275ccd60c23cbf9116d056d2b7a,2023-04,Bedfordshire Police,Bedfordshire Police,-0.412796,51.882565,On or near Parking Area,E01033802,Luton 022D,Suspect charged
1fb75578781fd2a5fdd69897066d4802ca05edd10a1f3fa2934c7f661d81fc38,2023-04,Bedfordshire Police,Bedfordshire Police,-0.496717,52.001488,On or near Sports/Recreation Area,E01017405,Central Bedfordshire 016C,Investigation complete; no suspect identified
ec3ce8098db9d1e863bffbbf08dd637a729a0f64a69a64d3eed6f559bc14d776,2023-04,Bedfordshire Police,Bedfordshire Police,-0.335593,52.037998,On or near High Street,E01017437,Central Bedfordshire 011A,Investigation complete; no suspect identified
ea1688da9a5f3e258c2c7182921347439217ecb9473ab61eadd01934ebd882b4,2023-04,Bedfordshire Police,Bedfordshire Police,-0.247797,52.001334,On or near Kingsley Avenue,E01033190,Central Bedfordshire 014G,Unable to prosecute suspect
b4590e1eedc1bc9ee5b706bf4bb47d8984dcecaa23a9c23c88d0bda92ba5b932,2023-04,Bedfordshire Police,Bedfordshire Police,-0.435662,51.916563,On or near Stoneleigh Close,E01015710,Luton 001E,Investigation complete; no suspect identified
cc5f8c422e077f4cf3074d99a33de6b863fa4cfb8f375ec51c9576e1200fa51d,2023-04,Bedfordshire Police,Bedfordshire Police,-0.299041,52.036451,On or near Miles Drive,E01017391,Central Bedfordshire 013A,Unable to prosecute suspect
2dc90d10b79806d670a22318c6fac5fb88bede99c853d36a44d4f302b412da54,2023-04,Bedfordshire Police,Bedfordshire Police,-0.630218,52.076678,On or near East Road,E01033814,Central Bedfordshire 007H,Investigation complete; no suspect identified
1c22725ec7af5d4a856df040b30cd4890f64d95d43588276bd1934fb2350fa5f,2023-04,Bedfordshire Police,Bedfordshire Police,-0.471808,52.134244,On or near Heron Quay,E01017466,Bedford 012A,Investigation complete; no suspect identified
0f380189c41e8a28917406b1f581c69992f6d597683c710f0164b1bf19d479f0,2023-04,Bedfordshire Police,Bedfordshire Police,-0.364455,51.888197,On or near The Dell,E01015808,Luton 014D,Unable to prosecute suspect
c3d33c6ba7f0a375e22ce1eeb8d55ce45113135ec9e3c5cf389bd6cfc2e2a29c,2023-04,Bedfordshire Police,Bedfordshire Police,-0.247797,52.001334,On or near Kingsley Avenue,E01033190,Central Bedfordshire 014G,Unable to prosecute suspect
a731d826f1024f94e3c8c652e6180da17588ea6abb89256b54ac02b5808a95d7,2023-04,Bedfordshire Police,Bedfordshire Police,-0.422665,51.876664,On or near Salisbury Road,E01015735,Luton 020D,Suspect charged
faf3cf378de65893441512377ee69b3d763f307336b6512ec11b33bbb6653200,2023-04,Bedfordshire Police,Bedfordshire Police,-0.459238,52.139466,On or near Sports/Recreation Area,E01034418,Bedford 012G,Unable to prosecute suspect
0d077f1ca4273420831ef1ab9d6d125b6850c9ff27567ff17616e4c968353e3e,2023-04,Bedfordshire Police,Bedfordshire Police,-0.465299,52.122974,On or near Beechdale Road,E01017472,Bedford 015A,Unable to prosecute suspect
eccfca517307f6d89eccedc0ec8b7bd052a18a25ce16976a8ad148ca63cd481c,2023-04,Bedfordshire Police,Bedfordshire Police,-0.407199,51.883065,On or near Crescent Rise,E01015743,Luton 022E,Investigation complete; no suspect identified
9473e6727ed98ad670ca63f5c52d9732b9cd9e74e30e912a3bab9d506b1c15b0,2023-04,Bedfordshire Police,Bedfordshire Police,-0.465299,52.122974,On or near Beechdale Road,E01017472,Bedford 015A,Unable to prosecute suspect
a61ba92cff5ed9e76129b451cb325d7784de5445ec549baff178e7b81bcdd7f9,2023-04,Bedfordshire Police,Bedfordshire Police,-0.389934,51.896587,On or near The Severalls,E01015776,Luton 012C,Investigation complete; no suspect identified
68a351eaa51443a70f8126d720df93b33c0f0c22abcce2b749a363faf5371c71,2023-04,Bedfordshire Police,Bedfordshire Police,-0.451203,52.129713,On or near Supermarket,E01017519,Bedford 014B,Unable to prosecute suspect
ee59680c774da65a0875fa312452bd6f66843d86be71c1bbef050c04f0b24b69,2023-04,Bedfordshire Police,Bedfordshire Police,-0.488663,51.904829,On or near Buzzard Road,E01015756,Luton 009A,Further investigation is not in the public interest
cf224ae567a2fb840c951a452ba45fa4badd55ad846e326c7fce1e05366adabc,2023-04,Bedfordshire Police,Bedfordshire Police,-0.649115,51.918415,On or near Brookside Place,E01017556,Central Bedfordshire 021B,Investigation complete; no suspect identified
79f72c849ce6d8a53aded02ea8dfd1f373a13272b3d92d9e50b7bed5ac77ca87,2023-04,Bedfordshire Police,Bedfordshire Police,-0.436949,52.146698,On or near The Croft,E01017491,Bedford 007D,Unable to prosecute suspect
173b26ab355cda24f39d6dfaf9d51c455441c3d37ba86a23d1697cc1e7930847,2023-04,Bedfordshire Police,Bedfordshire Police,-0.450988,52.143917,On or near Crediton Mews,E01017483,Bedford 009B,Unable to prosecute suspect
b5737be9fe1004588e44b2189bc26a73739ac4cdd58dfe45a79cb016b7e64d6f,2023-04,Bedfordshire Police,Bedfordshire Police,-0.492122,52.131970,On or near Old Ford End Road,E01017537,Bedford 013C,Unable to prosecute suspect
0cc33667c8eeec993041521adde38e459367c8e3ca326db1ecf473703516879f,2023-04,Bedfordshire Police,Bedfordshire Police,-0.615309,52.199996,On or near Mowhills,E01017504,Bedford 002D,Investigation complete; no suspect identified
56e738b5238410f58701e52f602a37d792dccc8d3466b066eeb26f617d7a182c,2023-04,Bedfordshire Police,Bedfordshire Police,-0.419464,51.876379,On or near Hastings Street,E01015795,Luton 021F,Investigation complete; no suspect identified
3673acb8de98fe8380ad5649e9d3fe40ce798d89549a13f36c9bee3661868955,2023-04,Bedfordshire Police,Bedfordshire Police,-0.443216,52.178206,On or near Sunderland Close,E01034412,Bedford 004H,Unable to prosecute suspect
98445e037f6046971e958bde9792861689da8b07d9f75c7fc8432307d25bb725,2023-04,Bedfordshire Police,Bedfordshire Police,-0.414488,51.879908,On or near Silver Street,E01033805,Luton 023C,Unable to prosecute suspect
326f8eedf5895684db53b19f9c3ab526e3e6251c4263885c1d68e2532987c0d7,2023-04,Bedfordshire Police,Bedfordshire Police,-0.264378,52.264419,On or near Lees Lane,E01018119,Huntingdonshire 017B,Suspect charged
beaa8cce97d0fc13cddd4f186da6d771a4563cabea1eddabf518b3e269efd511,2023-04,Bedfordshire Police,Bedfordshire Police,-0.399977,51.873274,On or near B653,E01015790,Luton 021B,Investigation complete; no suspect identified
c7ea13a5cc6fa60a50d0824b97978b4944ac5da7965e96d10f33d0e229a3f5f7,2023-04,Bedfordshire Police,Bedfordshire Police,-0.408197,51.874545,On or near Bailey Street,E01015789,Luton 023D,Unable to prosecute suspect
be93ff04903a4a92fb41d10be390a5b9d5b340b8b0083f83e0905befc184204c,2023-04,Bedfordshire Police,Bedfordshire Police,-0.429866,52.146128,On or near Vicars Walk,E01017491,Bedford 007D,Unable to prosecute suspect
7a0def24e8225e1de0be288a58b2faf0ac19fbd1c8cf6b93f122ac924dad1fa6,2023-04,Bedfordshire Police,Bedfordshire Police,-0.507190,51.888359,On or near Bramley Court,E01017584,Central Bedfordshire 027C,Unable to prosecute suspect
717036ec9badba4fba5957adcc37d29bf1913fc780ef78ba652972f17617c992,2023-04,Bedfordshire Police,Bedfordshire Police,-0.542797,52.142947,On or near Partridge Lane,E01017459,Bedford 008A,Unable to prosecute suspect
cbe6f8c4ff44441023b8378909740f9d8df09b74cfd939dc7e318db3033d14b1,2023-04,Bedfordshire Police,Bedfordshire Police,-0.524605,52.035329,On or near Sandhill Close,E01017373,Central Bedfordshire 012C,Investigation complete; no suspect identified
25a45b6e43db2000328b53a0f28b8114e0cf8577a1c81e207ed25586bf4188e7,2023-04,Bedfordshire Police,Bedfordshire Police,-0.450766,52.147375,On or near Langdale,E01017534,Bedford 006F,Unable to prosecute suspect
8561bf4709790ea25d6990f0aa438ed118ea4cc536ca832d5d232512276eea9e,2023-04,Bedfordshire Police,Bedfordshire Police,-0.422186,51.921032,On or near Parking Area,E01017616,Central Bedfordshire 018D,Action to be taken by another organisation
d4cd8ad2359461e35b3e9723de81fbd8087db1c2af526604e4834f7d10c3b802,2023-04,Bedfordshire Police,Bedfordshire Police,-0.416120,51.878932,On or near George Street,E01033803,Luton 023A,Unable to prosecute suspect
bafc190c78b89e67036b82297f777e91aa55cc1d8e37fb5800cf5b93f85452b9,2023-04,Bedfordshire Police,Bedfordshire Police,-0.415030,51.880608,On or near Bute Street,E01033805,Luton 023C,Investigation complete; no suspect identified
eb3d243abe9ab3ac144ffca1a8ee12eae1a5311944a70ef944122ab2f42bea13,2023-04,Bedfordshire Police,Bedfordshire Police,-0.414213,51.885237,On or near Boyle Close,E01033801,Luton 022C,Unable to prosecute suspect
3a0a412054588744f28cce2ed8eb83447a12b345b31b64e4e91db8974b9581d4,2023-04,Bedfordshire Police,Bedfordshire Police,-0.537831,51.886730,On or near Aynscombe Close,E01017597,Central Bedfordshire 028D,Investigation complete; no suspect identified
7a6354eaf8acb8ebced9098b0d6da487267b3e752802330c3068f1366d897f99,2023-04,Bedfordshire Police,Bedfordshire Police,-0.415876,51.878609,On or near Shopping Area,E01033806,Luton 021G,Investigation complete; no suspect identified
d6b5d9b71f9b0a1d038e699f032741543295a47b0def8c7680cd0b6c401c7b8e,2023-04,Bedfordshire Police,Bedfordshire Police,-0.449051,52.026689,On or near Redhills Close,E01017420,Central Bedfordshire 008D,Investigation complete; no suspect identified
ff5d2bf54a1750a483ad51ca7d5bdae0426d3e52775650dc9538f844ffc40369,2023-04,Bedfordshire Police,Bedfordshire Police,-0.457725,52.143501,On or near Oaklands Road,E01017482,Bedford 009A,Investigation complete; no suspect identified
85f8488aabf1a65b98e195936c20f5d73e5de76daa04fac7f859fe368f27b083,2023-04,Bedfordshire Police,Bedfordshire Police,-0.332907,52.031427,On or near Petrol Station,E01017440,Central Bedfordshire 011D,Investigation complete; no suspect identified
54bdf5f004452b60b9375b8a4d7893dd92cfdd425cce9b4b36cc0b7822ac9311,2023-04,Bedfordshire Police,Bedfordshire Police,-0.332907,52.031427,On or near Petrol Station,E01017440,Central Bedfordshire 011D,Investigation complete; no suspect identified
abfc2f500c2dfa817d136f44ed60338bf12121ca98c695ee55a195c5416b8699,2023-04,Bedfordshire Police,Bedfordshire Police,-0.332907,52.031427,On or near Petrol Station,E01017440,Central Bedfordshire 011D,Investigation complete; no suspect identified
b62b648e8ebe653846ceda54b6c46775ef9fd20dd456b1502eb4c14890df383c,2023-04,Bedfordshire Police,Bedfordshire Police,-0.332907,52.031427,On or near Petrol Station,E01017440,Central Bedfordshire 011D,Investigation complete; no suspect identified
ea7d3c1782cc18b338186522d6ae18c22d2e88d54519ca4a5c2e76f322f14aaf,2023-04,Bedfordshire Police,Bedfordshire Police,-0.332907,52.031427,On or near Petrol Station,E01017440,Central Bedfordshire 011D,Investigation complete; no suspect identified
edf3d4c734779994b198c8e932116e8873eb0a6c166cd97981e8b1360224ec4a,2023-04,Bedfordshire Police,Bedfordshire Police,-0.398598,51.872428,On or near Gipsy Lane,E01015790,Luton 021B,Investigation complete; no suspect identified
662aa4711cfd045bce8d6c20c49c90a9e3246dd068cea769217a8b0199834e40,2023-04,Bedfordshire Police,Bedfordshire Police,-0.607285,52.030508,On or near Salford Road,E01033814,Central Bedfordshire 007H,Investigation complete; no suspect identified
dceacee0fd82c30ebcd42e27c5fc4b036eae5f96ecfa27cd619b38b55212a315,2023-04,Bedfordshire Police,Bedfordshire Police,-0.467947,52.136909,On or near Silver Street,E01034419,Bedford 012H,Investigation complete; no suspect identified
57b1af923a75c235016ff7de6ca0953fe8e5a81d92b0603213120240f5c06704,2023-04,Bedfordshire Police,Bedfordshire Police,-0.454507,51.866962,On or near Luton Road,E01017562,Central Bedfordshire 033B,Investigation complete; no suspect identified
f053636f7d214658b6d3910f3cb4bcf0025226b5dd63434517f69b9a1414ce79,2023-04,Bedfordshire Police,Bedfordshire Police,-0.262838,52.086887,On or near High Street,E01017385,Central Bedfordshire 005C,Investigation complete; no suspect identified
8ca99582ca7331d3c86b943fb1f95b792c33cf69640dbb2ef5329e0b64a99139,2023-04,Bedfordshire Police,Bedfordshire Police,-0.398598,51.872428,On or near Gipsy Lane,E01015790,Luton 021B,Investigation complete; no suspect identified
c6e5be187741ebcd5a8e414a92c47d3b27345d0f6a4f317b1a91bc319dcee985,2023-04,Bedfordshire Police,Bedfordshire Police,-0.411539,51.878250,On or near Further/Higher Educational Building,E01015789,Luton 023D,Investigation complete; no suspect identified
7c040df957c72dfdf50aedb6161580e56ecc91379dffc97c114ea082928c803b,2023-04,Bedfordshire Police,Bedfordshire Police,-0.655259,51.952671,On or near Brickhill Road,E01017577,Central Bedfordshire 019A,Investigation complete; no suspect identified
03749361a901ac65bb2aecf54c0569d0d5ddb1ebc4f8ba8df0899fca22f8d616,2023-04,Bedfordshire Police,Bedfordshire Police,-0.408119,51.871002,On or near Seymour Road,E01015790,Luton 021B,Unable to prosecute suspect
adc275b8f0f6548cbea8acd85fd73d8a54750410af7a34303ef6c3fbb1e9d94f,2023-04,Bedfordshire Police,Bedfordshire Police,-0.481972,52.133548,On or near Fairfax Road,E01017536,Bedford 013B,Unable to prosecute suspect
8bc55071fb9e88c0a2df0544c7f5887bc782e44305a837ef703cf5413ef64076,2023-04,Bedfordshire Police,Bedfordshire Police,-0.445695,51.891277,On or near Crosby Close,E01015787,Luton 015D,Investigation complete; no suspect identified
61a7ea4f921ed5b38f780bb4a9a2740c8ed95e51df022429ab8f5fef34a49260,2023-04,Bedfordshire Police,Bedfordshire Police,-0.469254,52.139704,On or near Balsall Street West,E01017502,Bedford 010F,Unable to prosecute suspect
19ca0bd652e55a7414968a926f6d1f7f8cc4ba0c48cb154ff5e4cb1e3fd1f3f3,2023-04,Bedfordshire Police,Bedfordshire Police,-0.409241,51.873364,On or near Kingsland Road,E01015789,Luton 023D,Investigation complete; no suspect identified
22792790dad42a1ffcfb399a8dbbc9ce92d95a57c08a65bd556595a6e2e06722,2023-04,Bedfordshire Police,Bedfordshire Police,-0.427101,52.142476,On or near Chapel Close,E01017527,Bedford 011D,Investigation complete; no suspect identified
c2a6b2b703f28bf91900698ba2b11a60c34358a6944fa8ea68a288577230efc8,2023-04,Bedfordshire Police,Bedfordshire Police,-0.529103,51.892136,On or near Petrol Station,E01017568,Central Bedfordshire 029C,Investigation complete; no suspect identified
472348694fe30da44155103aad61e6f48cc825627da0cf05ee89506e47cb704b,2023-04,Bedfordshire Police,Bedfordshire Police,-0.431310,51.869928,On or near Hagdell Road,E01015732,Luton 020A,Investigation complete; no suspect identified
d0b83d5b962ffdca8e9ee665ecc4367b83faef3958b1b95dc08c2b46419db936,2023-04,Bedfordshire Police,Bedfordshire Police,,,No location,,,Investigation complete; no suspect identified
780fc537697f93de53bf0b6ff9833cf6bd8fc570ec92413c0f9655b13fc372d8,2023-04,Bedfordshire Police,Bedfordshire Police,-0.416104,51.875246,On or near Castle Street,E01033806,Luton 021G,Investigation complete; no suspect identified
c50ca57021cef1303f9914c6673a5981075e5b0bed49e1d6a4bae6f76fcfeb56,2023-04,Bedfordshire Police,Bedfordshire Police,-0.336557,52.043461,On or near Great Hill,E01017437,Central Bedfordshire 011A,Investigation complete; no suspect identified
3492377c34134e1cbc6c1e5db9f2798dd712a4f04c97b2500816f03ff253c2ff,2023-04,Bedfordshire Police,Bedfordshire Police,-0.478514,52.142854,On or near Warwick Avenue,E01017501,Bedford 010E,Unable to prosecute suspect
df52a6e46288b3845528b4708afeab5bc1d4cd08707dabd03acb98e44d0c6d45,2023-04,Bedfordshire Police,Bedfordshire Police,-0.488389,52.115324,On or near The Rowans,E01017513,Bedford 018A,Investigation complete; no suspect identified
1df67e6cde343a8ba060201dbb25cce6a038a88af7c5e359fc0d74757483ae82,2023-04,Bedfordshire Police,Bedfordshire Police,-0.423337,52.007672,On or near The Beeches,E01033825,Central Bedfordshire 017G,Unable to prosecute suspect
da261df3c1cf80b2a164f7cba065c633d3158f6cf9519750ccad072aaebd9e7a,2023-04,Bedfordshire Police,Bedfordshire Police,-0.326641,52.085532,On or near Further/Higher Educational Building,E01017412,Central Bedfordshire 004A,Investigation complete; no suspect identified
25dfda76889a61522be003e4b4a088fe3c892f6b4fdcff95d2bbd5941d49f65e,2023-04,Bedfordshire Police,Bedfordshire Police,-0.504479,52.113290,On or near Kendall Road,E01017515,Bedford 018C,Investigation complete; no suspect identified
284c54a7f75bef52186f041117c608d627562bfde79d36b0a3fea9a10fee3224,2023-04,Bedfordshire Police,Bedfordshire Police,-0.430752,51.890134,On or near Althorp Road,E01015704,Luton 010C,Unable to prosecute suspect
4a2140202aabab4429cac36b0f7b9c204b82310eee53c149327d0582164c0fd8,2023-04,Bedfordshire Police,Bedfordshire Police,-0.416104,51.875246,On or near Castle Street,E01033806,Luton 021G,Investigation complete; no suspect identified
cbacf05aaa4a142e198b81f97edbc150dd86e7e6cae88be7839f833e176b814e,2023-04,Bedfordshire Police,Bedfordshire Police,-0.507421,51.852872,On or near Malms Close,E01017586,Central Bedfordshire 032C,Investigation complete; no suspect identified
b5092ad9214dbe05200cdb5b8bdf335e5f0f7e5ca3a0494e3d190440df865001,2023-04,Bedfordshire Police,Bedfordshire Police,-0.504606,51.893533,On or near Goldstone Crescent,E01017584,Central Bedfordshire 027C,Unable to prosecute suspect
7c8d9b180e3f7609320e7825d7dbab89e5f13c6fdcaf0c588983c468a5cee4eb,2023-04,Bedfordshire Police,Bedfordshire Police,-0.477930,52.138126,On or near The Avenue,E01017471,Bedford 012F,Investigation complete; no suspect identified
375844995bf1abd703c58adba6db3458ee7a183d2a9dd92f165a7d9e4ca6b83b,2023-04,Bedfordshire Police,Bedfordshire Police,-0.505635,52.068232,On or near Kitchener Place,E01017552,Bedford 020B,Unable to prosecute suspect
dbed8b71ee687dbf3924df4a06a963c2f4b2d96b29a2372dd2467fea52b70f6c,2023-04,Bedfordshire Police,Bedfordshire Police,-0.555226,52.061387,On or near Drapers End,E01033822,Central Bedfordshire 009I,Investigation complete; no suspect identified
c044b96e57695372ea91dddefe4f9bde19884008d3024e24e795cc1aabdafd39,2023-04,Bedfordshire Police,Bedfordshire Police,-0.425625,51.850970,On or near Front Street,E01017564,Central Bedfordshire 033D,Investigation complete; no suspect identified
b4693b1eceae80d40c9528d9627fe17d3690be88d9503ddfbc7f6c83e08640d4,2023-04,Bedfordshire Police,Bedfordshire Police,-0.418008,51.876476,On or near New Street,E01015795,Luton 021F,Unable to prosecute suspect
8a40d349352b176781d32e9d5c94eaf5b6af381108826da37399046186381410,2023-04,Bedfordshire Police,Bedfordshire Police,-0.451880,51.904640,On or near Supermarket,E01015765,Luton 006B,Unable to prosecute suspect
93a6daf0a86ff36593a49aaf4a45dc82f477a219de429d469af510cfc76de00a,2023-04,Bedfordshire Police,Bedfordshire Police,-0.425439,51.961052,On or near Old Road,E01017559,Central Bedfordshire 018B,Unable to prosecute suspect
af24089e9c3a63c374de1134ae3d7a419c7df97da0dcbe90eee936c5f8d49aed,2023-04,Bedfordshire Police,Bedfordshire Police,,,No location,,,Investigation complete; no suspect identified
e6ce0c6dad4d4d37597030fe33c2bcf44bb1f7efb780377b22af2c96b8533e06,2023-04,Bedfordshire Police,Bedfordshire Police,-0.483666,52.150365,On or near Clapham Road,E01017499,Bedford 010C,Investigation complete; no suspect identified
fff5f33f2469615e1e3dc1d0981a8dd9a2f92806ec8aa6118b94092cb15e78e2,2023-04,Bedfordshire Police,Bedfordshire Police,-0.543931,52.189283,On or near Pavenham Road,E01017464,Bedford 002A,Investigation complete; no suspect identified
18ca4d5575ed78c8f882938b36d484f0be5e1cf4ccfcabe57d5442a7c2aae577,2023-04,Bedfordshire Police,Bedfordshire Police,-0.475449,52.148713,On or near Lely Close,E01017498,Bedford 010B,Unable to prosecute suspect
824fb2ff854fc57e5950486d0ab8a16b7c7611f913da1e55873a1a5f41a28bb9,2023-04,Bedfordshire Police,Bedfordshire Police,-0.497485,52.002392,On or near Coniston Road,E01017405,Central Bedfordshire 016C,Investigation complete; no suspect identified
c623abab51ea5512bc8a8503b4eee30ff9c6b7a635f6024acf0a719e5dd9e63c,2023-04,Bedfordshire Police,Bedfordshire Police,-0.399977,51.873274,On or near B653,E01015790,Luton 021B,Unable to prosecute suspect
1e3af13892cada60242564232ae0ee97091a281192abac302d7616d2feba148f,2023-04,Bedfordshire Police,Bedfordshire Police,-0.418309,51.865816,On or near Parking Area,E01015738,Luton 021A,Investigation complete; no suspect identified
77f68dc3ae52dcede3d0bf499461ac617756401ec412902ac689447a0d171587,2023-04,Bedfordshire Police,Bedfordshire Police,-0.635974,51.919729,On or near Rye Close,E01017605,Central Bedfordshire 020C,Investigation complete; no suspect identified
6ae29ce91459ec248630b7bf0917436fb301de7de5d69e08710438bf22d0ed41,2023-04,Bedfordshire Police,Bedfordshire Police,-0.412775,51.879454,On or near Shopping Area,E01033805,Luton 023C,Unable to prosecute suspect
5c53dfa1f7982ee7d5701b199864632ce2e26ecff647a9c3e5cba8ac67dcbed7,2023-04,Bedfordshire Police,Bedfordshire Police,-0.655914,51.926873,On or near Sandhills,E01017609,Central Bedfordshire 021E,Unable to prosecute suspect
9229d1c302f4631a572814d2dfb5dd75ca5895007939138189828ca816f1edb7,2023-04,Bedfordshire Police,Bedfordshire Police,-0.672256,51.916179,On or near Hollies Court,E01017589,Central Bedfordshire 022A,Unable to prosecute suspect
62cc163192d01c57a6812405807b42810446a637d354afaaeb7255973055163e,2023-04,Bedfordshire Police,Bedfordshire Police,-0.634597,51.914733,On or near Theatre/Concert Hall,E01033831,Central Bedfordshire 024K,Investigation complete; no suspect identified
ae1bad0f574e8aa6b6f0517821b63b09411b1aa6a137fb9c57c12c42852ab60e,2023-04,Bedfordshire Police,Bedfordshire Police,-0.401151,51.881931,On or near Whitecroft Road,E01015720,Luton 016B,Unable to prosecute suspect
c64621fa112577f8d038fcb8d1b267abc1f1f0dc90573910ef4a247563a2c761,2023-04,Bedfordshire Police,Bedfordshire Police,-0.469563,52.137937,On or near Dane Street,E01017466,Bedford 012A,Suspect charged
ae6a014146de2930996bcfb050c643708c5818aa1955e91048047f1f3a96aee9,2023-04,Bedfordshire Police,Bedfordshire Police,-0.521489,51.887470,On or near Shopping Area,E01017568,Central Bedfordshire 029C,Unable to prosecute suspect
538c11677696907a9c780997376cd9b6bff0ce2f80fec85fcc84d3732185da3e,2023-04,Bedfordshire Police,Bedfordshire Police,-0.421262,51.878543,On or near Police Station,E01033804,Luton 023B,Unable to prosecute suspect
e7e146b6a07f4d89059140b9d630cfa3db4339654349dc8c0c389757d63d6f39,2023-04,Bedfordshire Police,Bedfordshire Police,-0.433323,52.108410,On or near Scott Avenue,E01034428,Bedford 021C,Unable to prosecute suspect
014706f6e30918558779c12ec2c7c9beba6d4b66bc0aa5ab2b9c41fe577de02e,2023-04,Bedfordshire Police,Bedfordshire Police,-0.429785,51.912457,On or near Wycliffe Close,E01015744,Luton 004A,Investigation complete; no suspect identified
3e7ea2dc9428b32c5ba04f454fc4335e21cbc95ddfb68e89713f46c9e3df187d,2023-04,Bedfordshire Police,Bedfordshire Police,-0.500170,52.142466,On or near Queen's Close,E01017460,Bedford 008B,Unable to prosecute suspect
953ee18c75636454ebdc292797c32676b2e1198c4420c10b111e5b83dedb98c3,2023-04,Bedfordshire Police,Bedfordshire Police,-0.474881,52.140541,On or near Union Street,E01017501,Bedford 010E,Unable to prosecute suspect
adecfc28730bbbfe2403505cb52b329634842f0c875c97c1e7ded50c21de3809,2023-04,Bedfordshire Police,Bedfordshire Police,-0.445482,51.909662,On or near Calverton Road,E01015764,Luton 006A,Investigation complete; no suspect identified
7349bbe3ec8facc2a04f201b45e33c9557ac38ada595549a8c4a7201c2cf83c4,2023-04,Bedfordshire Police,Bedfordshire Police,-0.421262,51.878543,On or near Police Station,E01033804,Luton 023B,Suspect charged
2a0270d0da9d4e00b1738403e3e88b0c27c0fa1680a5d38ba433bf720150d5ab,2023-04,Bedfordshire Police,Bedfordshire Police,-0.460457,52.093087,On or near Wren Terrace,E01034433,Bedford 022C,Unable to prosecute suspect
21c41c964f2fb345df3d939e166466d8b0225a11435be5274c9292a9b36acae1,2023-04,Bedfordshire Police,Bedfordshire Police,-0.484022,52.085183,On or near Rainbow Close,E01034433,Bedford 022C,Investigation complete; no suspect identified
adb2b9ad4f96ab4f0fb092ec831ffa56fc9294cbce09ff283d08db64ed21e979,2023-04,Bedfordshire Police,Bedfordshire Police,-0.471106,52.135556,On or near River Street,E01017466,Bedford 012A,Investigation complete; no suspect identified
f816b3f9cc75491a4c7b084701e8b9b00f83282e458cb4201dc70debba212c21,2023-04,Bedfordshire Police,Bedfordshire Police,-0.259897,52.085567,On or near The Dells,E01017383,Central Bedfordshire 005A,Unable to prosecute suspect
103d8aa804c44e7a66973ae36308f2dcf25d9769a4d6ee42c5c22426adb71b5b,2023-04,Bedfordshire Police,Bedfordshire Police,-0.410825,51.874176,On or near Essex Close,E01015789,Luton 023D,Unable to prosecute suspect
8bf9364475a2516d70a81fb83bd95c80021039645b16e65ac4ed2154d331dc00,2023-04,Bedfordshire Police,Bedfordshire Police,-0.503496,51.878817,On or near Oakwood Avenue,E01017593,Central Bedfordshire 030B,Investigation complete; no suspect identified
a6aa901c7fc5b9cf9896870a63ec4d315084b13b8beec3e8b318c6338d0ecddb,2023-04,Bedfordshire Police,Bedfordshire Police,-0.465821,52.124101,On or near Petrol Station,E01017472,Bedford 015A,Investigation complete; no suspect identified
2af32234c9a53e2abea9db688e26191dac2d7f7f225365c7f5555f6215e32cab,2023-04,Bedfordshire Police,Bedfordshire Police,-0.442231,51.880090,On or near Long Croft Road,E01015733,Luton 020B,Unable to prosecute suspect
b23c49cec73399f9109fa66fa0a47aee5108d334bb29b6bbf36e1e21550d28d0,2023-04,Bedfordshire Police,Bedfordshire Police,-0.376845,51.883100,On or near Prince Way,E01015811,Luton 014G,Investigation complete; no suspect identified
90e6bd6908e42f373d2f19385c414b8094a032b62aa489d5881744b3de96e396,2023-04,Bedfordshire Police,Bedfordshire Police,-0.475054,52.126922,On or near Edward Road,E01034421,Bedford 015H,Unable to prosecute suspect
ee04daae71095f69ecc476ab2f6d06505f67e99575f8f0d63110198fb567186a,2023-04,Bedfordshire Police,Bedfordshire Police,-0.517964,51.886850,On or near Kingsbury Court,E01033837,Central Bedfordshire 029G,Unable to prosecute suspect
6abab18b9aa6e25b90094d156d8fb5891cbbbaa5353b93925d6be67bd1d0daea,2023-04,Bedfordshire Police,Bedfordshire Police,-0.465821,52.124101,On or near Petrol Station,E01017472,Bedford 015A,Investigation complete; no suspect identified
1c525406bc129d80be23117fea95156fd67e28a4eeced07443db9096038eaa91,2023-04,Bedfordshire Police,Bedfordshire Police,-0.405496,51.896700,On or near Birchen Grove,E01015775,Luton 012B,Investigation complete; no suspect identified
07de787e0c6bcd58c9f6b37fb15b7c9625f571d6e1e4f29bd693d9d0f1d0bd64,2023-04,Bedfordshire Police,Bedfordshire Police,-0.417974,51.880756,On or near Manchester Street,E01033803,Luton 023A,Investigation complete; no suspect identified
7af0d408380fe7efcc7b073591840bbc43f3c10b7f9b58cd9c7c5442074b6b8b,2023-04,Bedfordshire Police,Bedfordshire Police,-0.437795,51.875607,On or near Ross Close,E01015736,Luton 020E,Unable to prosecute suspect
70265708c0e1e3d88dd8a198824f7e6441c1b8177607c77e630760ebca279242,2023-04,Bedfordshire Police,Bedfordshire Police,-0.424445,51.900130,On or near Graham Gardens,E01015695,Luton 007C,Investigation complete; no suspect identified
6b63d634dd638f2cdb361807770ee6de1acab0122adb99a6ee1fcc8f08782300,2023-04,Bedfordshire Police,Bedfordshire Police,-0.407363,51.897328,On or near Green Oaks,E01015775,Luton 012B,Investigation complete; no suspect identified
bacda862afdd6d87a520c077f2b04bd58db30934ca1f595138509f1a9a5703c7,2023-04,Bedfordshire Police,Bedfordshire Police,-0.484654,52.108317,On or near Race Meadows Way,E01017517,Bedford 018E,Investigation complete; no suspect identified
53c63ce755da1e0d7a42ad399ff7f1f3122151acb2d9c5ef006b958205e1d6fe,2023-04,Bedfordshire Police,Bedfordshire Police,-0.468746,52.142602,On or near Foster Street,E01017502,Bedford 010F,Unable to prosecute suspect
d51cc16666ffcabb6b7b5885c015b8db20aaabefea3013030b7843c9c7ea1112,2023-04,Bedfordshire Police,Bedfordshire Police,-0.445724,51.944768,On or near Churchill Close,E01017616,Central Bedfordshire 018D,Unable to prosecute suspect
a4b6e09ad480b910c9f0d30d5d13d90f31d5bd6215a5cb53aa3baba79a4f5740,2023-04,Bedfordshire Police,Bedfordshire Police,-0.477255,52.136481,On or near Grafton Road,E01017466,Bedford 012A,Unable to prosecute suspect
828570dcee3ce27eab22402c36fe44f5504ace9cdfa4690728c4f1ec836fe4eb,2023-04,Bedfordshire Police,Bedfordshire Police,-0.422665,51.876664,On or near Salisbury Road,E01015735,Luton 020D,Unable to prosecute suspect
9368dc71b3e1503627e4ccd9cc8c0be2ee74f94160e879d28ce8d9f535ca8e2d,2023-04,Bedfordshire Police,Bedfordshire Police,-0.657532,51.922351,On or near Garden Hedge,E01017608,Central Bedfordshire 021D,Unable to prosecute suspect
446f2ef0a8c267f7650f08c700d6c7a95c1351c10cac16bb8c9ae4649559acea,2023-04,Bedfordshire Police,Bedfordshire Police,-0.660980,51.922309,On or near Digby Road,E01017557,Central Bedfordshire 021C,Investigation complete; no suspect identified
d0e5b0274876aa947d87d98561b0f0a53c8bf0543149737490121ad73ad90944,2023-04,Bedfordshire Police,Bedfordshire Police,-0.408035,51.889838,On or near Richmond Court,E01015778,Luton 012E,Investigation complete; no suspect identified
f83c5390ba8bacdb1cc365ce9b5ab3deb3aaeea8cb04cd7a213447ca1adc2feb,2023-04,Bedfordshire Police,Bedfordshire Police,-0.470200,52.131301,On or near Cauldwell Place,E01034420,Bedford 015G,Unable to prosecute suspect
14ef017c1538e67bb23ab93d24d9d21d8006301cb66a5dd19f85b6a6cccc63db,2023-04,Bedfordshire Police,Bedfordshire Police,-0.459759,51.888386,On or near Digby Close,E01015715,Luton 011C,Investigation complete; no suspect identified
9df4dafab51141bc6535f1e314cfa71cb6d57fbbc4aef8bfdae492f91f8bed8c,2023-04,Bedfordshire Police,Bedfordshire Police,-0.483460,52.134044,On or near Cromwell Road,E01017536,Bedford 013B,Investigation complete; no suspect identified
3454c8ae49b3059ae72d493f04e6b0673bb2f6cc4bb5f380256be241a4ee07c6,2023-04,Bedfordshire Police,Bedfordshire Police,-0.417059,51.881571,On or near Bridge Street,E01033803,Luton 023A,Investigation complete; no suspect identified
fc5ca7c1253c31ba8333f1e9c1c6525e9e523cc79947cbf93d9c6797b88e9037,2023-04,Bedfordshire Police,Bedfordshire Police,-0.453913,52.124453,On or near Cedar Road,E01017521,Bedford 014D,Investigation complete; no suspect identified
bc35e7c9bf6db04a014cf08859dae482e4784531a0199069526d043006e74877,2023-04,Bedfordshire Police,Bedfordshire Police,-0.293199,52.129699,On or near Robert Hunt Gardens,E01017431,Central Bedfordshire 002B,Investigation complete; no suspect identified
9eccb775d95965f893e2f625e633e0eac4a521831b8351016888d279e1aec4ab,2023-04,Bedfordshire Police,Bedfordshire Police,-0.494218,51.983819,On or near Greenfield Road,E01017450,Central Bedfordshire 017E,Investigation complete; no suspect identified
66404f85c8bebea30de7e82f58c6e5d64d24eda50950162579f703219eaa1185,2023-04,Bedfordshire Police,Bedfordshire Police,-0.459849,52.146334,On or near St George's Road,E01017482,Bedford 009A,Investigation complete; no suspect identified
bd1426bb0e7ff989643803f3aa1c5886936c0819366eecc412ab88c48cedff96,2023-04,Bedfordshire Police,Bedfordshire Police,-0.465553,52.137687,On or near Howard Street,E01034419,Bedford 012H,Investigation complete; no suspect identified
16cba308b447268208fbb79498d03546daf294a37538695c1395c41b374c9dfc,2023-04,Bedfordshire Police,Bedfordshire Police,-0.395095,52.159992,On or near Green End,E01034413,Bedford 004I,Further action is not in the public interest
9cebb678277130a58c674eb608dc970c9f9065f983531e3bbace4ecf16523b16,2023-04,Bedfordshire Police,Bedfordshire Police,-0.244726,52.076888,On or near Petrol Station,E01017381,Central Bedfordshire 006A,Unable to prosecute suspect
b332200aa81420377150af88c97847a792f9169470b0dc1f5ff5ca461fa4fd7e,2023-04,Bedfordshire Police,Bedfordshire Police,-0.407384,51.898380,On or near Sunset Drive,E01015775,Luton 012B,Unable to prosecute suspect
6029e21fe2172f2b2fc872d8da432afe79f4432625d933cbcfabe29434c44641,2023-04,Bedfordshire Police,Bedfordshire Police,-0.467947,52.136909,On or near Silver Street,E01034419,Bedford 012H,Unable to prosecute suspect
7a52ef24dfe2eb360b24f08b429688339eb83364ad4d4efc794eed938d7b93a2,2023-04,Bedfordshire Police,Bedfordshire Police,-0.497107,52.009311,On or near St Albans Close,E01017401,Central Bedfordshire 015C,Investigation complete; no suspect identified
444fc708ddae7c4a214d990d8f645d929a126a3a12fe5d4d96be698fae5afe55,2023-04,Bedfordshire Police,Bedfordshire Police,-0.376845,51.883100,On or near Prince Way,E01015811,Luton 014G,Formal action is not in the public interest
67fe208be2b6eb2774864cc0fdf196002b9343f487dfa14afe7aad624ff31dc2,2023-04,Bedfordshire Police,Bedfordshire Police,-0.521453,51.885033,On or near Shopping Area,E01017567,Central Bedfordshire 029B,Investigation complete; no suspect identified
d904f0ecbd4f591321d6c3d90034eebcb95f1a1923ea8bbb7340f6c0c2905d0b,2023-04,Bedfordshire Police,Bedfordshire Police,-0.452784,52.137206,On or near Pembroke Street,E01017467,Bedford 012B,Investigation complete; no suspect identified
5b6adf5debf6bc36f39255f2fcbe14e4e8ddccf071845a86493af8fa32fd43f3,2023-04,Bedfordshire Police,Bedfordshire Police,-0.518695,51.905256,On or near Parking Area,E01017617,Central Bedfordshire 026E,Investigation complete; no suspect identified
79bcddef80dcf8dc8ca9e69fabaa46c1acdce793794f10ca9fa5f6fc62323d5d,2023-04,Bedfordshire Police,Bedfordshire Police,-0.532580,51.893512,On or near Further/Higher Educational Building,E01033834,Central Bedfordshire 028G,Unable to prosecute suspect
3c6b13fb5f3af6b0784ba8fe0a66bf75abc5b55e6c72303a5cf2d1280054447e,2023-04,Bedfordshire Police,Bedfordshire Police,-0.460457,52.093087,On or near Wren Terrace,E01034433,Bedford 022C,Offender given a caution
3b0d022720bb8ad1a341e851ea4f3a543932317c60aee381657a730c207e1232,2023-04,Bedfordshire Police,Bedfordshire Police,-0.415876,51.878609,On or near Shopping Area,E01033806,Luton 021G,Unable to prosecute suspect
528f0d55c457f0d1c6cf00acb6a38ea59d238f5b6fda981035d95dcb936b104c,2023-04,Bedfordshire Police,Bedfordshire Police,-0.333522,52.037421,On or near Supermarket,E01017437,Central Bedfordshire 011A,Unable to prosecute suspect
87600824606b703d7ee8d0c4159a93c98f6c87ca8e2c3b8faee607bf91a9892b,2023-04,Bedfordshire Police,Bedfordshire Police,-0.645085,51.903020,On or near King Eider Gardens,E01033833,Central Bedfordshire 024M,Unable to prosecute suspect
06601ab722727ff5b2a11c752396d70bb29cbff57ef14d7608288869205ced2d,2023-04,Bedfordshire Police,Bedfordshire Police,-0.629594,51.986434,On or near Maryland,E01017452,Central Bedfordshire 009E,Investigation complete; no suspect identified
76b8d44e7b9a726248145b68f04eccc32df410889fb2c53301b9f7ff177f7219,2023-04,Bedfordshire Police,Bedfordshire Police,-0.391717,51.892655,On or near Hanswick Close,E01015776,Luton 012C,Unable to prosecute suspect
d09f51fe77a6a6bdabd93cd194d1f188a6e57a2996737904cc3510e77dba9efb,2023-04,Bedfordshire Police,Bedfordshire Police,-0.469721,52.123958,On or near Mabel Road,E01017474,Bedford 015C,Investigation complete; no suspect identified
9ff47be1f59608a5d9069224cd7f27438e68fbc1a7c8d5b1da1b35cc000f9ba8,2023-04,Bedfordshire Police,Bedfordshire Police,-0.500068,52.108964,On or near Abbott Crescent,E01017514,Bedford 018B,Suspect charged
5b28cef25e3b0a58db05b0a866c4ddfb922bb470f5082a9327b7faaf7594cbc9,2023-04,Bedfordshire Police,Bedfordshire Police,-0.649391,51.901460,On or near Petrol Station,E01033832,Central Bedfordshire 024L,Investigation complete; no suspect identified
7cd23860d54a46826d321c1d42d18c15d4073ee908300fe56ccdd6acb8b2829f,2023-04,Bedfordshire Police,Bedfordshire Police,-0.451375,52.149191,On or near Pentland Rise,E01017534,Bedford 006F,Investigation complete; no suspect identified
41c8579f2a9f11c7f9e9f573f92ff15f979e1c600e91f2e02fc71d05e5c34f56,2023-04,Bedfordshire Police,Bedfordshire Police,-0.508365,52.126386,On or near Edgar Green,E01034417,Bedford 008I,Unable to prosecute suspect
ae526cd2ea51b7b0759d5cea5dd66a881f494ac8090ae1d1fb74ce7f6ff85aee,2023-04,Bedfordshire Police,Bedfordshire Police,-0.444067,51.876572,On or near Castle Croft Road,E01015733,Luton 020B,Investigation complete; no suspect identified
d7b81bfadc9256111b6727e30eb09618eeeeb97987b08864c734431db6fc55d2,2023-04,Bedfordshire Police,Bedfordshire Police,-0.465543,52.116719,On or near Dahl Close,E01017477,Bedford 015F,Unable to prosecute suspect
c2997f833de846ea21e07e4e6b8960ebcda9e7271d77d3e191d52371cd89881b,2023-04,Bedfordshire Police,Bedfordshire Police,-0.445130,51.892483,On or near Douglas Road,E01015788,Luton 015E,Investigation complete; no suspect identified
4f9f888d086a625c3217d77ce3171fef1c2204a083766ce8f02f640b36877355,2023-04,Bedfordshire Police,Bedfordshire Police,-0.389327,51.894052,On or near Littlefield Road,E01015807,Luton 016G,Investigation complete; no suspect identified
0f336889fad288f9c87810c2206bdca4f814c6dba1aa46e2c8f8942587499cd1,2023-04,Bedfordshire Police,Bedfordshire Police,-0.531241,51.942224,On or near Preston Road,E01017622,Central Bedfordshire 019E,Unable to prosecute suspect
54e0b28b0d86a96076945e3c4120f5eda314979c2cf2faa907625f82642b877b,2023-04,Bedfordshire Police,Bedfordshire Police,-0.635974,51.919729,On or near Rye Close,E01017605,Central Bedfordshire 020C,Investigation complete; no suspect identified
5c170503588e76502d84a139f8468069688cd48d07cc09846e9995e64ba6a52a,2023-04,Bedfordshire Police,Bedfordshire Police,-0.417974,51.880756,On or near Manchester Street,E01033803,Luton 023A,Unable to prosecute suspect
2001b21af658193dcafe8e602f0d5f6fe3ea284ecd6066f5c27570b4828b341a,2023-04,Bedfordshire Police,Bedfordshire Police,-0.420151,51.879148,On or near Parking Area,E01033803,Luton 023A,Unable to prosecute suspect
636ccdbd43fbf9a4f00c58ae446a10f5042eec827f419b00c46536c01c9d5aa7,2023-04,Bedfordshire Police,Bedfordshire Police,-0.509409,51.906928,On or near Bloomsbury Gardens,E01017602,Central Bedfordshire 025C,Unable to prosecute suspect
86def3823c790aa08018a47c92112b1798efb6208d3907b5d66ddc14457307aa,2023-04,Bedfordshire Police,Bedfordshire Police,-0.416082,51.880388,On or near Shopping Area,E01033805,Luton 023C,Investigation complete; no suspect identified
2e2a27432f2adca21d0b82fc0c6469bccbb5c8cc37b15014187e4801a21839fd,2023-04,Bedfordshire Police,Bedfordshire Police,-0.400337,51.901594,On or near St Thomas's Close,E01015796,Luton 012F,Unable to prosecute suspect
afe20ba8551bc97fe13f7673c13de22685aa7177552d2b25ec3d13b9e5f940e3,2023-04,Bedfordshire Police,Bedfordshire Police,-0.659741,51.912951,On or near Sports/Recreation Area,E01017555,Central Bedfordshire 021A,Investigation complete; no suspect identified
2c758a0c15b08544a3c307c7a356e3aa7390e100a4757421be316d0be65786f3,2023-04,Bedfordshire Police,Bedfordshire Police,-0.518440,51.884734,On or near Wood Street,E01033837,Central Bedfordshire 029G,Investigation complete; no suspect identified
26a04f0e317793686b13fdc1d3b73b5eae75d3fc246927886bc5ee8ecdf1bfd8,2023-04,Bedfordshire Police,Bedfordshire Police,-0.520266,51.887086,On or near Shopping Area,E01017568,Central Bedfordshire 029C,Investigation complete; no suspect identified
0c530fffc8ffe09f550cf87eb679857e21a284dea3bdd621181e14f9f3449dca,2023-04,Bedfordshire Police,Bedfordshire Police,-0.534042,52.130098,On or near West End Road,E01017547,Bedford 002F,Investigation complete; no suspect identified
86705409123103db18a270c8004ebd5ccf05a06d5cbcdfe781c3c7ea5b775c50,2023-04,Bedfordshire Police,Bedfordshire Police,-0.534438,51.890095,On or near Westfield Road,E01017596,Central Bedfordshire 028C,Unable to prosecute suspect
9ea5abd3e2c162a5ff44c0921835d8f3bac447fa94d979c5d931945288f69761,2023-04,Bedfordshire Police,Bedfordshire Police,-0.419676,51.876948,On or near Windsor Walk,E01015795,Luton 021F,Unable to prosecute suspect
8147a1f323e7ac9621a5ef7e110fbac65505cb432915a8e70222fdc3f712854a,2023-04,Bedfordshire Police,Bedfordshire Police,-0.422410,51.902206,On or near A6,E01015694,Luton 007B,Unable to prosecute suspect
2be7a025a35471f9ebc1d34063c1f9f2e1db2c2f9867c5e629ce8ff2dc10b0a9,2023-04,Bedfordshire Police,Bedfordshire Police,-0.489916,51.898236,On or near Guernsey Close,E01015760,Luton 009E,Unable to prosecute suspect
82d0a88f4294f8e5798e7b5cb28da6fd1ac4c7964928575cde6c8f55e8652675,2023-04,Bedfordshire Police,Bedfordshire Police,-0.668101,51.916581,On or near Town Bridge Mill,E01017557,Central Bedfordshire 021C,Investigation complete; no suspect identified
a15f39ca684bcf471a67bad6ee459d8e907a3941833b7c0f8d272b4db6ff1845,2023-04,Bedfordshire Police,Bedfordshire Police,-0.489916,51.898236,On or near Guernsey Close,E01015760,Luton 009E,Unable to prosecute suspect
4855cc5638985a72031af3fb8fe74bc219e82bb0f83a76841cdee8edb56bf88f,2023-04,Bedfordshire Police,Bedfordshire Police,-0.433840,51.870708,On or near The Grove,E01015732,Luton 020A,Investigation complete; no suspect identified
4eb18b15578b4f9549a20b3db293165c6b5066c8f20b463b8d463b602e55fb4e,2023-04,Bedfordshire Police,Bedfordshire Police,-0.458437,52.160549,On or near Clyde Crescent,E01017454,Bedford 005B,Investigation complete; no suspect identified
6aec4d438613e89111030915501afa85e44cdf8153142ebe9fd7c86e09f96de9,2023-04,Bedfordshire Police,Bedfordshire Police,-0.464403,52.139322,On or near Theatre/Concert Hall,E01017484,Bedford 009C,Unable to prosecute suspect
8f40568a615934dbc5989056ff082ea7d7cacf5169296268b5b47b8ff4e6a0be,2023-04,Bedfordshire Police,Bedfordshire Police,-0.531584,52.144867,On or near Petrol Station,E01017462,Bedford 008D,Unable to prosecute suspect
c24cf543be8f08d01e1ce6870e961720274df7854af4a857f027f38e86c722bc,2023-04,Bedfordshire Police,Bedfordshire Police,-0.491645,52.133537,On or near Chester Road,E01017537,Bedford 013C,Unable to prosecute suspect
5bc78bedb89519fbc07aad3f63b31fa8549d10ce9b867cc65836987c3b801816,2023-04,Bedfordshire Police,Bedfordshire Police,-0.418983,51.874754,On or near Windsor Street,E01015738,Luton 021A,Unable to prosecute suspect
7f2ae6a526bc5c1dc8e806ddd4ad4235ab17fca8102c89ffe2c4d6669f8a4467,2023-04,Bedfordshire Police,Bedfordshire Police,-0.436080,51.897821,On or near St James' Road,E01015782,Luton 010D,Investigation complete; no suspect identified
842cd16b9305a1b4a0984d1922601005363357b8a337c7db1e296dadc28d9e3e,2023-04,Bedfordshire Police,Bedfordshire Police,-0.473837,51.908207,On or near Cheney Road,E01015752,Luton 005C,Suspect charged
1af520f173f9e6975b397aded0a3a4391630a549fcc5f10d349fd949579b4b3f,2023-04,Bedfordshire Police,Bedfordshire Police,-0.664286,51.917248,On or near West Street,E01017555,Central Bedfordshire 021A,Investigation complete; no suspect identified
13612218292f6a8704f174436e1c390f1798af56239561ef57b513a291ff4c9f,2023-04,Bedfordshire Police,Bedfordshire Police,-0.433547,51.883320,On or near Clifton Road,E01015730,Luton 019D,Unable to prosecute suspect
4d3fbc6224f70a4e31203e40b5e0867bc47aeab996971bfb13971d0092357585,2023-04,Bedfordshire Police,Bedfordshire Police,-0.433547,51.883320,On or near Clifton Road,E01015730,Luton 019D,Unable to prosecute suspect
db39b7a2778119c8f2381b719550aee625ba32a7d95bf31f3f57c78dace4e958,2023-04,Bedfordshire Police,Bedfordshire Police,-0.333717,52.130737,On or near West Way,E01017424,Central Bedfordshire 004D,Unable to prosecute suspect
db39b7a2778119c8f2381b719550aee625ba32a7d95bf31f3f57c78dace4e958,2023-04,Bedfordshire Police,Bedfordshire Police,-0.333717,52.130737,On or near West Way,E01017424,Central Bedfordshire 004D,Unable to prosecute suspect
265b8ed58315a664a7cb7d409d0c393604e0f3af1521d612eddf99c25c8ad3db,2023-04,Bedfordshire Police,Bedfordshire Police,-0.417974,51.880756,On or near Manchester Street,E01033803,Luton 023A,Unable to prosecute suspect
afdf0261e785d8df642d04d8503eb4618c5206480ef0e2f8ce30b296e93d0ba9,2023-04,Bedfordshire Police,Bedfordshire Police,-0.430007,51.905671,On or near Riddy Lane,E01015745,Luton 007F,Investigation complete; no suspect identified
173516c504e3658d7a68ff8aa78bb199a484fe15532c594280553f8ba378a167,2023-04,Bedfordshire Police,Bedfordshire Police,-0.474094,52.122054,On or near Supermarket,E01017475,Bedford 015D,Investigation complete; no suspect identified
7556cc5bcf6b7cc6912391fdddb225830f990b757b36f40f252463a79ae1e2d9,2023-04,Bedfordshire Police,Bedfordshire Police,-0.631763,51.920948,On or near Jenner Close,E01033826,Central Bedfordshire 019F,Unable to prosecute suspect
29f11e77f0fb97d1de8966d19cae5d19f132d2b88077079e270206b0658be9be,2023-04,Bedfordshire Police,Bedfordshire Police,-0.460966,52.145288,On or near St Andrews Road,E01017484,Bedford 009C,Unable to prosecute suspect
dcbcc550d7b822f2576af8c2cde92e7354c6a124cedd73c9348f25399ffe09a5,2023-04,Bedfordshire Police,Bedfordshire Police,-0.215051,52.028708,On or near Astwick Services,E01017447,Central Bedfordshire 014B,Investigation complete; no suspect identified
ff38dac88edbe68728a30c1bf73055283113b471e2f7cb06bb720782593988d9,2023-04,Bedfordshire Police,Bedfordshire Police,-0.465794,52.133653,On or near Parking Area,E01017522,Bedford 014E,Unable to prosecute suspect
b51c9e1d3ac9bd38b3563c55253d15f47ef49ff1f168aaa7fa6e7579bcdd37a9,2023-04,Bedfordshire Police,Bedfordshire Police,,,No location,,,Investigation complete; no suspect identified
8be7d43b1d4194520bc06622b629086f22b5e15cc4751c543e599b87b381cd58,2023-04,Bedfordshire Police,Bedfordshire Police,-0.470994,52.125611,On or near St Leonards Court,E01017474,Bedford 015C,Unable to prosecute suspect
d46226f14b3d7a2d7b461524367af367fc7c2c6f92eb4691e35c237855b02296,2023-04,Bedfordshire Police,Bedfordshire Police,-0.479670,52.207156,On or near Old Milton Road,E01017478,Bedford 003A,Unable to prosecute suspect
cacbee7e1fdde724366398d4658a37b1053ac92087b94816ef12707280749ec8,2023-04,Bedfordshire Police,Bedfordshire Police,-0.501397,51.899570,On or near Kimberley Close,E01015757,Luton 009B,Unable to prosecute suspect
ccbf42eeee064e636da9f53184302aa582e3cc02c015b449deda631fe525f241,2023-04,Bedfordshire Police,Bedfordshire Police,-0.519797,51.901826,On or near Manor Park,E01017581,Central Bedfordshire 026D,Investigation complete; no suspect identified
f0aade591c610d53821a895053c55c54cfe58c22bfad5df6ebb5d475f6a9b8a5,2023-04,Bedfordshire Police,Bedfordshire Police,-0.658589,51.915483,On or near Petrol Station,E01017555,Central Bedfordshire 021A,Unable to prosecute suspect
f0aade591c610d53821a895053c55c54cfe58c22bfad5df6ebb5d475f6a9b8a5,2023-04,Bedfordshire Police,Bedfordshire Police,-0.658589,51.915483,On or near Petrol Station,E01017555,Central Bedfordshire 021A,Unable to prosecute suspect
7d9f7d1ad4ac1222e34341ef855298215aee4909a0d0975294a155a3ae0915ad,2023-04,Bedfordshire Police,Bedfordshire Police,-0.457835,52.159786,On or near Wye Close,E01017454,Bedford 005B,Unable to prosecute suspect
a33de2ab60d8d0cd0aa3426ff21e8ac6e195bd9ae857db764fbddfa37f745d92,2023-04,Bedfordshire Police,Bedfordshire Police,-0.163735,52.108458,On or near Randalls Close,E01017426,Central Bedfordshire 003B,Suspect charged
7de448fdffa3656db79a8fdd0823e9d9c2d2a1bf46271ca6a7790720ab013b95,2023-04,Bedfordshire Police,Bedfordshire Police,-0.469089,52.137284,On or near Paradine Court,E01017466,Bedford 012A,Unable to prosecute suspect
d967eac7398cec77aa9de0bcd9f976082baf5d5522efa86fbca3d6dbabb961c6,2023-04,Bedfordshire Police,Bedfordshire Police,-0.418125,51.882664,On or near Mill Street,E01033803,Luton 023A,Unable to prosecute suspect
bca6f74bbd0fcd7fd8b4b42a1b73d3753355a3713fe358c1c50dff05a2a6289f,2023-04,Bedfordshire Police,Bedfordshire Police,-0.418125,51.882664,On or near Mill Street,E01033803,Luton 023A,Unable to prosecute suspect
e3dd6e00b360358ee8748ac2af6f357c62e943324ec0f6dc8d1a7c7a2774ba15,2023-04,Bedfordshire Police,Bedfordshire Police,-0.454978,51.919767,On or near Morris Close,E01015771,Luton 003B,Action to be taken by another organisation
cce59915f8756e1e1ac9e81f460d7429bb128f739a1bac861ab4e3ffb6ab5e98,2023-04,Bedfordshire Police,Bedfordshire Police,-0.651346,51.924006,On or near Miletree Court,E01017609,Central Bedfordshire 021E,Investigation complete; no suspect identified
b7f2c28b06bed4a13d41d0565aa6f4d3c113a1437631f9f1315427c02f8ef03c,2023-04,Bedfordshire Police,Bedfordshire Police,-0.333132,52.014792,On or near Old Nurseries Close,E01017393,Central Bedfordshire 013C,Investigation complete; no suspect identified
ffda55d9d721cd03fc71b89ddb1da599df738488632c68a48ba954ec7a5e3aea,2023-04,Bedfordshire Police,Bedfordshire Police,-0.457809,51.889341,On or near Carisbrooke Road,E01015715,Luton 011C,Unable to prosecute suspect
fb9041793c31d0d0f285cae79e9f4e1b09499278cd6cca7d25106e2187b8cf46,2023-04,Bedfordshire Police,Bedfordshire Police,-0.457809,51.889341,On or near Carisbrooke Road,E01015715,Luton 011C,Unable to prosecute suspect
1406392c2d23da951efeaafeaa166344c2894d2440da87f2bcab501cb3397f5c,2023-04,Bedfordshire Police,Bedfordshire Police,-0.563183,52.130699,On or near Spring Lane,E01017547,Bedford 002F,Investigation complete; no suspect identified
efc51cb6a7ba8ab8848202e4db54b2d04fe1f10d6b396b6e4095b8150b08165f,2023-04,Bedfordshire Police,Bedfordshire Police,-0.498787,51.875826,On or near Southwood Road,E01017594,Central Bedfordshire 030C,Unable to prosecute suspect
4f62ffd03f9ef54c876fb2b583d8ec5a0f7ae2b2b350e5c064225c69057ce997,2023-04,Bedfordshire Police,Bedfordshire Police,-0.469089,52.137284,On or near Paradine Court,E01017466,Bedford 012A,Suspect charged
f34df55189a5c506f88fde88120241c6344631d178269ae5816a23020d3b0e1f,2023-04,Bedfordshire Police,Bedfordshire Police,-0.414822,51.864609,On or near Ludlow Avenue,E01015793,Luton 021E,Suspect charged
4181e0be5c221a8ad0b8a10f12df045e79b685cf292dc11baf01bb0b0fa9e0ee,2023-04,Bedfordshire Police,Bedfordshire Police,-0.557514,52.061928,On or near Fells Paddock,E01033822,Central Bedfordshire 009I,Unable to prosecute suspect
40af07eb247f54c02a327cefa41cabd295d1cd27a21772c840c056cd9d7e428d,2023-04,Bedfordshire Police,Bedfordshire Police,-0.414822,51.864609,On or near Ludlow Avenue,E01015793,Luton 021E,Suspect charged
c54de5dc81a21fad205ca5ce8d484eba92ecbfec67ff6425f6898322ae6a397a,2023-04,Bedfordshire Police,Bedfordshire Police,-0.418595,51.876709,On or near Spring Place,E01015795,Luton 021F,Unable to prosecute suspect
e90a986f0a9c6c6591967b7bc0b2f7efa382bc5c63a35c767e60fa1b505167bc,2023-04,Bedfordshire Police,Bedfordshire Police,-0.562724,51.882559,On or near Lancotbury Close,E01017588,Central Bedfordshire 032E,Investigation complete; no suspect identified
f440f531dda1ebf39ebc65a3b5e86bf231951fc76a7dd011bade27980b852e2a,2023-04,Bedfordshire Police,Bedfordshire Police,-0.417033,51.876517,On or near Chapel Street,E01033806,Luton 021G,Unable to prosecute suspect
47e209cd31c9911539180629a7420eec75f693fc7d3c8aa44024ea91b1dcba41,2023-04,Bedfordshire Police,Bedfordshire Police,,,No location,,,Investigation complete; no suspect identified
e93f5ddc290ad5ba3acc34bd5584f3242da693afea942d6fcc5a052dc86c7f40,2023-04,Bedfordshire Police,Bedfordshire Police,-0.401790,51.880708,On or near Farnley Grove,E01015743,Luton 022E,Investigation complete; no suspect identified
acca1782d763c1b87b85116b48ef851a5c8ee9f42325df42bcfbe1af7cb8a4fe,2023-04,Bedfordshire Police,Bedfordshire Police,-0.392282,51.887412,On or near Highover Close,E01015780,Luton 016E,Investigation complete; no suspect identified
01a482808f05fc58840ef7322d28130cdbddae7264f189d188ac6b47c846ebab,2023-04,Bedfordshire Police,Bedfordshire Police,-0.392282,51.887412,On or near Highover Close,E01015780,Luton 016E,Investigation complete; no suspect identified
e65145838c392b32d446cc2e9282095708d480964c03ecf72082b5174ac9ffd9,2023-04,Bedfordshire Police,Bedfordshire Police,-0.333522,52.037421,On or near Supermarket,E01017437,Central Bedfordshire 011A,Unable to prosecute suspect
179be0bcf3dba81e1b7e8eaf6defdec4c852cc4ade86b0c876646f2907d646b3,2023-04,Bedfordshire Police,Bedfordshire Police,-0.374814,52.193387,On or near Colesden Road,E01017543,Bedford 004E,Investigation complete; no suspect identified
3ad5da181f4a9caed7abf4ba324b822956a2ff79e6d9f98ef3cbc5a0ae02eb66,2023-04,Bedfordshire Police,Bedfordshire Police,-0.594097,51.878703,On or near Park Lane,E01017571,Central Bedfordshire 032A,Unable to prosecute suspect
c698cb584db5222256a3c255554c13dc63f7b0f9a3e35e8735270acc784db7f6,2023-04,Bedfordshire Police,Bedfordshire Police,,,No location,,,Unable to prosecute suspect
241b56bc06eefa3142c4f207b54c0811a4cdcfd2491b7edb368f66f923df5d63,2023-04,Bedfordshire Police,Bedfordshire Police,-0.638778,51.917396,On or near Sports/Recreation Area,E01033831,Central Bedfordshire 024K,Unable to prosecute suspect
33fb1720bd63e61bd13c68bd237ed06c4f4342c4574c34519ed0fc4678264267,2023-04,Bedfordshire Police,Bedfordshire Police,-0.521510,51.890006,On or near Nightclub,E01033837,Central Bedfordshire 029G,Action to be taken by another organisation
88f801f9512c233a29c015b413804b1fa05e843d6ceec4acd160b5de8ca63e8c,2023-04,Bedfordshire Police,Bedfordshire Police,-0.529504,51.903683,On or near Coopers Way,E01017578,Central Bedfordshire 026A,Investigation complete; no suspect identified
4c80f113dfc1a563e62a7f2dbc61df8b54e239d63dc2ac9a2c7eb1564e13b10b,2023-04,Bedfordshire Police,Bedfordshire Police,-0.508913,51.875370,On or near Watling Gardens,E01017624,Central Bedfordshire 031B,Unable to prosecute suspect
ad63163d474b5787964df39af6d9b3017cf5b309c6f81cd69c55a9d498da1530,2023-04,Bedfordshire Police,Bedfordshire Police,-0.493947,51.900689,On or near Tomlinson Avenue,E01015761,Luton 009F,Unable to prosecute suspect
d0b0632f0156971390535fdc87a78e2be33a8cecc20392ac0d49083cc2ec6c35,2023-04,Bedfordshire Police,Bedfordshire Police,-0.427400,52.152641,On or near Supermarket,E01017492,Bedford 007E,Investigation complete; no suspect identified
53c67a445a1ba18c0ff6d1932f85d2a8369e71ebcc6ccc1f223c6cb3835056c7,2023-04,Bedfordshire Police,Bedfordshire Police,-0.427400,52.152641,On or near Supermarket,E01017492,Bedford 007E,Investigation complete; no suspect identified
22ddd0db5fd6db70ed2a2c7a072d6ddef6ad7fea932fde8ef70a4dd94912fecc,2023-04,Bedfordshire Police,Bedfordshire Police,-0.416104,51.875246,On or near Castle Street,E01033806,Luton 021G,Investigation complete; no suspect identified
b819f714be152d901d26ffb1b6b92fc251c502afa835adb8a4ac5c49c4f62a25,2023-04,Bedfordshire Police,Bedfordshire Police,-0.526928,51.885982,On or near Sugden Court,E01017569,Central Bedfordshire 029D,Investigation complete; no suspect identified
a04ee753240c1750f2f8c6fadce297febffe44f17c01c536564fdc09ae44d9b5,2023-04,Bedfordshire Police,Bedfordshire Police,-0.507221,52.105530,On or near Fletcher Road,E01034424,Bedford 018H,Investigation complete; no suspect identified
87e9355233d51dd27247b3468ac002534a59769097443f8c0599ac081caef47a,2023-04,Bedfordshire Police,Bedfordshire Police,-0.416104,51.875246,On or near Castle Street,E01033806,Luton 021G,Investigation complete; no suspect identified
d4a5a6dadc62c9dc99d777703af93f7ed98afed57fb62e5fd9941f5179fad8fc,2023-04,Bedfordshire Police,Bedfordshire Police,-0.467026,51.909288,On or near The Hedgerow,E01015754,Luton 005E,Investigation complete; no suspect identified
2aadcd17fb823bdc61dd7727b791336765128f30122b2d11de34d293d931f28b,2023-04,Bedfordshire Police,Bedfordshire Police,-0.295014,52.133421,On or near Pentland Close,E01017434,Central Bedfordshire 001B,Investigation complete; no suspect identified
12ce2c6adce2fec57a4841dcb17dafffc12f87af40ca9b019b32debe8c48420e,2023-04,Bedfordshire Police,Bedfordshire Police,-0.426309,51.858838,On or near Newlands Road,E01015732,Luton 020A,Investigation complete; no suspect identified
4b5026e8ed4d1ea5132e018ca4d4019ae468ea726b08ce94b9a0851cbb884b80,2023-04,Bedfordshire Police,Bedfordshire Police,-0.426309,51.858838,On or near Newlands Road,E01015732,Luton 020A,Investigation complete; no suspect identified
d395321bafd8bbfcadc8a54165ba3bbca7cec62499787c1abf546d41c234226f,2023-04,Bedfordshire Police,Bedfordshire Police,-0.413657,51.894850,On or near Wardown Crescent,E01015740,Luton 012A,Unable to prosecute suspect
6ea8948af05584608810389908ac47a51db6f3fc5ff3232cc87adb9f2700f50e,2023-04,Bedfordshire Police,Bedfordshire Police,-0.432004,51.891733,On or near Dane Road,E01015704,Luton 010C,Investigation complete; no suspect identified
593bc77bdd8e8e0436e1e02f01538b3b68e57c708b21c3cda0482a62a5ad73c0,2023-04,Bedfordshire Police,Bedfordshire Police,-0.399977,51.873274,On or near B653,E01015790,Luton 021B,Investigation complete; no suspect identified
18762b78e501c768c717dadc760467c41e57264542b2efb4e6f8be853bb155df,2023-04,Bedfordshire Police,Bedfordshire Police,-0.447269,51.896638,On or near Covent Garden Close,E01015787,Luton 015D,Investigation complete; no suspect identified
e7c8dd999b13a0f2c424dece455e56790d34ae4c1f2a0c71102c059c87fb24f6,2023-04,Bedfordshire Police,Bedfordshire Police,,,No location,,,Investigation complete; no suspect identified
8bf7d8afaa890f48742f1bcd643a3038e6b10c9d178627098071a88159eb14b2,2023-04,Bedfordshire Police,Bedfordshire Police,-0.472160,51.916944,On or near Supermarket,E01015804,Luton 002C,Investigation complete; no suspect identified
c55b37b8165d7ed59b45b5642a0121a30da1df4156289c0da51a16722388447c,2023-04,Bedfordshire Police,Bedfordshire Police,-0.397343,51.898730,On or near Forrest Crescent,E01015776,Luton 012C,Investigation complete; no suspect identified
f5c6579a3cae775be049b21d34f9a755ab0e88451e4a11b4b5586e961d3b774a,2023-04,Bedfordshire Police,Bedfordshire Police,-0.463059,52.133330,On or near Chethams,E01017522,Bedford 014E,Investigation complete; no suspect identified
97ebcbb4a66f8a87482fad91f6ef0daffea2d46f72559a08eda253ddddde95fb,2023-04,Bedfordshire Police,Bedfordshire Police,-0.467438,52.131310,On or near Kingsway,E01034420,Bedford 015G,Investigation complete; no suspect identified
38f924f5d7f0baf34ca6566fc119ced2de9a68f03031d1c3b3558f4c957f99a5,2023-04,Bedfordshire Police,Bedfordshire Police,-0.432162,51.913082,On or near Aydon Road,E01015748,Luton 004D,Investigation complete; no suspect identified
51c7104f796a6cc0ba1ef78cb1e3892594f085b7c847f140fec2478d436e325f,2023-04,Bedfordshire Police,Bedfordshire Police,-0.298376,52.128398,On or near McMurdo Court,E01017431,Central Bedfordshire 002B,Investigation complete; no suspect identified
49202ccbb67c30319b2286733fa2ea819a7dacec0dd722a15d7833ee0ab14844,2023-04,Bedfordshire Police,Bedfordshire Police,-0.520461,51.889120,On or near Supermarket,E01033837,Central Bedfordshire 029G,Investigation complete; no suspect identified
65b678af47f00b8d86840f53e4f6fc21e020c876776e27ef255b734741c71846,2023-04,Bedfordshire Police,Bedfordshire Police,-0.298376,52.128398,On or near McMurdo Court,E01017431,Central Bedfordshire 002B,Investigation complete; no suspect identified
737f2f27103832da3b253bd61e1101317053bf16ad9f7a5243f429c536b1c3e0,2023-04,Bedfordshire Police,Bedfordshire Police,-0.497485,52.002392,On or near Coniston Road,E01017405,Central Bedfordshire 016C,Investigation complete; no suspect identified
ab0427bc1fddbee332dc5b04c6f747a342f5e22ca66dc8ca19cd7c7be8deddd5,2023-04,Bedfordshire Police,Bedfordshire Police,-0.432162,51.913082,On or near Aydon Road,E01015748,Luton 004D,Investigation complete; no suspect identified
3c78c4d8200e16240ff526e0f8532bc4ef2844436ae43aafb7a10fd3d99949b7,2023-04,Bedfordshire Police,Bedfordshire Police,-0.440781,51.892605,On or near Sherwood Road,E01015788,Luton 015E,Investigation complete; no suspect identified
35864512df65aeed4daff968b3acdabf4e167e3332b2752a49d16c83be5f1671,2023-04,Bedfordshire Police,Bedfordshire Police,-0.505066,51.894141,On or near Holmwood Close,E01017584,Central Bedfordshire 027C,Investigation complete; no suspect identified
3f921a51ba610dec96d2365996b30980f94d17e1c62ab5307f5df7d4476026f5,2023-04,Bedfordshire Police,Bedfordshire Police,-0.401225,51.888874,On or near Cherry Tree Close,E01015780,Luton 016E,Investigation complete; no suspect identified
d737252f7eb8885be8b53ce2dcaf47e51ca0f015dd61dae350f13391c84ba77d,2023-04,Bedfordshire Police,Bedfordshire Police,-0.432031,51.852557,On or near Crawley Close,E01017564,Central Bedfordshire 033D,Investigation complete; no suspect identified
b5b50b135295c9933c8bdbc0c24fc31dde825c7d2dbe213415a799541c40da07,2023-04,Bedfordshire Police,Bedfordshire Police,-0.464403,52.139322,On or near Theatre/Concert Hall,E01017484,Bedford 009C,Investigation complete; no suspect identified
aace2a51f79d9ac494720424280684f6df772372dc8fa0bd0a81c59922837c76,2023-04,Bedfordshire Police,Bedfordshire Police,-0.516252,51.881901,On or near The Cedars,E01017623,Central Bedfordshire 031A,Unable to prosecute suspect
52969c0dee29e49e3488e27307a07c2f8315d8ecea8faf009fb4b9e4fafb48bb,2023-04,Bedfordshire Police,Bedfordshire Police,-0.433299,51.882085,On or near Granville Road,E01015730,Luton 019D,Investigation complete; no suspect identified
3dcef40050ab0618f869e5cfdb36df1dd0739cb77964facdea45a7a1f872da8f,2023-04,Bedfordshire Police,Bedfordshire Police,-0.496061,52.116070,On or near Grasmere Close,E01017505,Bedford 017A,Investigation complete; no suspect identified
be0a3f0514ad76826ca486188288d87dc04fef9940a576ef7796c2628de27063,2023-04,Bedfordshire Police,Bedfordshire Police,-0.409457,51.877134,On or near Lea Road,E01015789,Luton 023D,Investigation complete; no suspect identified
a115d9490c79ee481549a2eb2fc8a6c064ebb5fa9b1b5a507855b2d6930dbcb3,2023-04,Bedfordshire Police,Bedfordshire Police,-0.527990,51.901983,On or near Millers Way,E01017578,Central Bedfordshire 026A,Investigation complete; no suspect identified
dda60e2adffebd0c76f37c3a90d58c82b939b2a60f9307112dc0e4af8480cf0d,2023-04,Bedfordshire Police,Bedfordshire Police,-0.497485,52.002392,On or near Coniston Road,E01017405,Central Bedfordshire 016C,Investigation complete; no suspect identified
4b63c01c8ca70e2abb72f09010102d16c5ef0a62a3a0e0802407af6385435f36,2023-04,Bedfordshire Police,Bedfordshire Police,-0.422713,52.148352,On or near Kershope Close,E01017490,Bedford 007C,Unable to prosecute suspect
17ea9ac4c240c3f729759e7f3a95cc224e83f1c8d0511a4897817492ce3b547a,2023-04,Bedfordshire Police,Bedfordshire Police,-0.460277,52.113567,On or near Croxden Way,E01034431,Bedford 022A,Investigation complete; no suspect identified
1e801916b221299fa96530ca87f6d9aed4b496a7887d99950a9a72f33aeef737,2023-04,Bedfordshire Police,Bedfordshire Police,-0.451500,51.892369,On or near Petrol Station,E01015787,Luton 015D,Investigation complete; no suspect identified
a0a234efd1d74800f16fed10d80f0cabf0178f828e41c74a8b4f0340a65529d9,2023-04,Bedfordshire Police,Bedfordshire Police,-0.668101,51.916581,On or near Town Bridge Mill,E01017557,Central Bedfordshire 021C,Investigation complete; no suspect identified
680adcc8bbc88897bc6ab4fe2e08fbc1213c1b23c412de65e818522d334cd4b4,2023-04,Bedfordshire Police,Bedfordshire Police,-0.414207,51.875490,On or near Union Street,E01033806,Luton 021G,Investigation complete; no suspect identified
dbee82a3774760dc9dc570d9bef2cfa8af748128a4dbcc4a07d6b059283fa224,2023-04,Bedfordshire Police,Bedfordshire Police,-0.534271,51.943440,On or near Petrol Station,E01017622,Central Bedfordshire 019E,Investigation complete; no suspect identified
70262a2a501ac83f9a511eea23c64a04c5b85650492da56e3043705a949d172b,2023-04,Bedfordshire Police,Bedfordshire Police,-0.426078,51.882932,On or near Petrol Station,E01015729,Luton 019C,Investigation complete; no suspect identified
c05ad191c469793fca2597f70cb6438493ab7908db9c2d0ac0194de56bb1d8a6,2023-04,Bedfordshire Police,Bedfordshire Police,-0.451500,51.892369,On or near Petrol Station,E01015787,Luton 015D,Investigation complete; no suspect identified
04143d6906bdee13ffba15a9a2b14b71b98097ee4ba022ac7e7481a14516f353,2023-04,Bedfordshire Police,Bedfordshire Police,-0.425596,52.140388,On or near Bracken Place,E01017527,Bedford 011D,Investigation complete; no suspect identified
4b6ae9ad54ac5ce40af8222209c6eab585721211356244de9bfb5c91ef43f8dc,2023-04,Bedfordshire Police,Bedfordshire Police,-0.334442,52.039556,On or near Northbridge Street,E01017437,Central Bedfordshire 011A,Investigation complete; no suspect identified
183fc047359e11aab91cdd82006f92d5de02c8f94908453ab6b4b556a1bc5fb2,2023-04,Bedfordshire Police,Bedfordshire Police,-0.503960,52.109606,On or near Ramsey Close,E01017515,Bedford 018C,Unable to prosecute suspect
5d0d676b76583843d0475132d054f5174edc5b281809979e0c606bc72391a804,2023-04,Bedfordshire Police,Bedfordshire Police,-0.619439,51.917387,On or near Leighton Road,E01033826,Central Bedfordshire 019F,Unable to prosecute suspect
1c1303b7c02585de014dce325cc817783d3cc913158437a93344f921bd3611eb,2023-04,Bedfordshire Police,Bedfordshire Police,-0.417059,51.881571,On or near Bridge Street,E01033803,Luton 023A,Unable to prosecute suspect
def142093f7ea125d94eec098da184bf40e90cba9ce0f21b3f04b24b39a6faca,2023-04,Bedfordshire Police,Bedfordshire Police,-0.251373,52.091178,On or near South Walk,E01033813,Central Bedfordshire 006J,Unable to prosecute suspect
94660dc262328b468ffbfcced37091d93cf1fe681892a0127030e73fb86d6bda,2023-04,Bedfordshire Police,Bedfordshire Police,-0.604752,52.067873,On or near Rectory Lane,E01017397,Central Bedfordshire 007F,Unable to prosecute suspect
7f3b128389a5b36f06e099f58fdcb70d7871884b04dd29efc7d1b3c44b65f066,2023-04,Bedfordshire Police,Bedfordshire Police,-0.398598,51.872428,On or near Gipsy Lane,E01015790,Luton 021B,Unable to prosecute suspect
ab4e79fdee141fbc315a4ceb31ba06eeec9ea3ba9e4d6e17175cd134db791a70,2023-04,Bedfordshire Police,Bedfordshire Police,-0.421262,51.878543,On or near Police Station,E01033804,Luton 023B,Formal action is not in the public interest
26bf9b4ff6c7547c733f5a46b6030c9e7e7524efaed307407dc7edea9bcbd3cc,2023-04,Bedfordshire Police,Bedfordshire Police,-0.334702,52.036871,On or near St Francis Way,E01017440,Central Bedfordshire 011D,Unable to prosecute suspect
dab6df4cd733c7d0b44822300dd641bd6f5d446d48f69cac859af3fadbb153e3,2023-04,Bedfordshire Police,Bedfordshire Police,,,No location,,,Investigation complete; no suspect identified
1dda1b069577e1251739ebf78f387eaf6e88135e55d7079208b9488d27cec7b2,2023-04,Bedfordshire Police,Bedfordshire Police,-0.260018,52.092960,On or near Winston Crescent,E01017388,Central Bedfordshire 005F,Unable to prosecute suspect
aae9ab5407b6a2c41dd6ec9f7ec5b258dbde35e6fdb68ab199fe268b756b9e80,2023-04,Bedfordshire Police,Bedfordshire Police,-0.260018,52.092960,On or near Winston Crescent,E01017388,Central Bedfordshire 005F,Unable to prosecute suspect
c97935830368ad003836f7204b1b5fd2be07f211399e0c013c10447f3e2c93bb,2023-04,Bedfordshire Police,Bedfordshire Police,-0.260018,52.092960,On or near Winston Crescent,E01017388,Central Bedfordshire 005F,Unable to prosecute suspect
e7baf528ee7cb4ebf25dd0c8f03b490dda58895c15913ab0ab76a6740610811a,2023-04,Bedfordshire Police,Bedfordshire Police,-0.407605,51.877343,On or near Bolton Road,E01015789,Luton 023D,Unable to prosecute suspect
5e75ecd92ddefc54d9d8c7aaf10918ca7910aa0f84f0b4d6cda24c0fefc017d2,2023-04,Bedfordshire Police,Bedfordshire Police,-0.487103,52.129595,On or near Woodstock Road,E01017538,Bedford 013D,Unable to prosecute suspect
21e30af0e2849c7f71c3dd12a3fef455924c969d5a817c94979abee1a96d7c1d,2023-04,Bedfordshire Police,Bedfordshire Police,-0.440335,51.904657,On or near Kingsley Road,E01015766,Luton 006C,Investigation complete; no suspect identified
983ae33fd68b9dd4f8af8613d70f77432c27d1beb714f447d054cdcea8439652,2023-04,Bedfordshire Police,Bedfordshire Police,-0.468912,52.140725,On or near Derby Place,E01017502,Bedford 010F,Investigation complete; no suspect identified
3e5a7948e1beea41c9c2cae2ff4cc803a3d7e73804972a03db2f32cd46cc1822,2023-04,Bedfordshire Police,Bedfordshire Police,,,No location,,,Investigation complete; no suspect identified
4ad9f2dc2ee9e6b9746bc83e929d2bc0434826225b50b96517a8af64bfccf178,2023-04,Bedfordshire Police,Bedfordshire Police,-0.419150,51.875394,On or near Elizabeth Street,E01033806,Luton 021G,Unable to prosecute suspect
9a23816c0f2d81e1ac226e3e72f8537961b79eb3575916f042b2887fbfddc212,2023-04,Bedfordshire Police,Bedfordshire Police,-0.443758,51.909504,On or near Carsdale Close,E01015764,Luton 006A,Unable to prosecute suspect
5c96177ffa979f80f90d7a56cfa848c1e23d505cac05c5b0cf98efc43efb999d,2023-04,Bedfordshire Police,Bedfordshire Police,-0.462420,52.123449,On or near Faraday Road,E01017472,Bedford 015A,Unable to prosecute suspect
3fc1a748ec70bbe32a92659a62d122ef9a74d97a9228be6dbf54d5d42f126a8f,2023-04,Bedfordshire Police,Bedfordshire Police,-0.418008,51.876476,On or near New Street,E01015795,Luton 021F,Investigation complete; no suspect identified
0d8e0746479ec29111dde7e40a77fd3737bb4e0180b97307a409f12af145f479,2023-04,Bedfordshire Police,Bedfordshire Police,-0.462420,52.123449,On or near Faraday Road,E01017472,Bedford 015A,Unable to prosecute suspect
73396da0331f5eddb836c2e9d48bbdde92585288ccc4e7d50522eb56d3a98ddd,2023-04,Bedfordshire Police,Bedfordshire Police,-0.474881,52.140541,On or near Union Street,E01017501,Bedford 010E,Unable to prosecute suspect
5fa1b430b1e4f5f1f614e6d0992a9a6b07666efb2363ac4926e863dd30aa9362,2023-04,Bedfordshire Police,Bedfordshire Police,-0.293635,52.132798,On or near Arran Close,E01017434,Central Bedfordshire 001B,Investigation complete; no suspect identified
67102dcf9e8dff6f57c7b2b1b0b1ddf8f4acd0b7dd9b9fea85c3d7d879a9eb79,2023-04,Bedfordshire Police,Bedfordshire Police,-0.460400,52.142628,On or near Pemberley Lane,E01017484,Bedford 009C,Unable to prosecute suspect
30365752ecd1c53ef7dcff590c7121b0ad166a56cb4b92d2fd9deeefece8e53d,2023-04,Bedfordshire Police,Bedfordshire Police,-0.407455,51.886108,On or near Kite Way,E01015743,Luton 022E,Unable to prosecute suspect
07effdafffb5b827589f10f023017e4ffe207b4ab103550eee44fa5bf4860bb4,2023-04,Bedfordshire Police,Bedfordshire Police,-0.448483,52.154592,On or near Elm Close,E01017530,Bedford 006B,Investigation complete; no suspect identified
ee93f25891ee6f36c0bf0e260b185414becbff99ac3c1d171fa6e8431e77d1aa,2023-04,Bedfordshire Police,Bedfordshire Police,-0.283946,52.129816,On or near Edward Close,E01017435,Central Bedfordshire 002D,Investigation complete; no suspect identified
0a3681c4154fd46b1baf22cb12d5dfdabefa32fcf872473fd93c639b9d45cf9d,2023-04,Bedfordshire Police,Bedfordshire Police,-0.436949,52.146698,On or near The Croft,E01017491,Bedford 007D,Unable to prosecute suspect
9509d2380366f7d72a273424f6fc2059da773d4a4554b07d1eef2c4f7c3afb1f,2023-04,Bedfordshire Police,Bedfordshire Police,-0.510416,51.906374,On or near Parkside Close,E01017581,Central Bedfordshire 026D,Unable to prosecute suspect
9f21e2223b95c5893109d3e314b19e2cffda24e2a2252b2d113cb44717928f93,2023-04,Bedfordshire Police,Bedfordshire Police,-0.436949,52.146698,On or near The Croft,E01017491,Bedford 007D,Unable to prosecute suspect
6836086b2103bf233f57ead027632ef3b3e18bf04169385bc7f547b356529af3,2023-04,Bedfordshire Police,Bedfordshire Police,-0.436949,52.146698,On or near The Croft,E01017491,Bedford 007D,Unable to prosecute suspect
6f2f3ff4b85b3120b660498bdfaf1e019a5d67c039ef32187c027b75478eb053,2023-04,Bedfordshire Police,Bedfordshire Police,,,No location,,,Unable to prosecute suspect
518745eb2c1795d4524a0ca813de0768cc5838cc33d5b9fa4fcc9194c2b3c7ef,2023-04,Bedfordshire Police,Bedfordshire Police,-0.451805,51.914340,On or near Sherd Close,E01015772,Luton 003C,Unable to prosecute suspect
6584c0bb75ab37f7182830539e59846c7a90024575a4a6a17ef2cff626b73f9d,2023-04,Bedfordshire Police,Bedfordshire Police,-0.500068,52.108964,On or near Abbott Crescent,E01017514,Bedford 018B,Unable to prosecute suspect
3b69350442e7ba1dede6fcd03c8c1aae75034fc78adc1d3253a5cab11ac6ba02,2023-04,Bedfordshire Police,Bedfordshire Police,-0.414871,51.877270,On or near Flowers Way,E01033806,Luton 021G,Unable to prosecute suspect
9328e3df8b78909b1bafbb2aee505b677b79d40fc781b5116b273b40dc5bfa39,2023-04,Bedfordshire Police,Bedfordshire Police,-0.509143,51.914082,On or near Kent Road,E01017619,Central Bedfordshire 025E,Investigation complete; no suspect identified
e800223a838a6603617f41e19c4bd515c18f12531e8ca8d0829d3697346f31ef,2023-04,Bedfordshire Police,Bedfordshire Police,-0.511152,51.887196,On or near Luton Road,E01033836,Central Bedfordshire 029F,Investigation complete; no suspect identified
5d78958dda3207a3ec052a4f002623a74f9e1c793710ba37a2292d125d0db567,2023-04,Bedfordshire Police,Bedfordshire Police,-0.382346,52.250261,On or near Grays Grove,E01017543,Bedford 004E,Unable to prosecute suspect
f798d551fb058b322103b84f46f129a9f10103a85c3025bbf8293985d2ccda4b,2023-04,Bedfordshire Police,Bedfordshire Police,-0.469822,51.906582,On or near Teesdale,E01015751,Luton 005B,Investigation complete; no suspect identified
51047d8f7260e825c19e3b01c5d372ca8a66c6a9bc913068747bd69c17959840,2023-04,Bedfordshire Police,Bedfordshire Police,-0.477255,52.136481,On or near Grafton Road,E01017466,Bedford 012A,Unable to prosecute suspect
102f78089322ccddd8e5c1db9c660ec68db10f54a627784ae637ce3f9d9c2098,2023-04,Bedfordshire Police,Bedfordshire Police,-0.669344,51.918304,On or near Supermarket,E01017557,Central Bedfordshire 021C,Investigation complete; no suspect identified
86a63ab66d533316a18797ee5f4a2e587a7b4fab4960f092bc5b62613c15f74f,2023-04,Bedfordshire Police,Bedfordshire Police,-0.441204,51.878278,On or near Cornel Close,E01015733,Luton 020B,Investigation complete; no suspect identified
dd13cce43b77d8aa6618740348a845ba52d26b37b0b6f854183843a1810c2e15,2023-04,Bedfordshire Police,Bedfordshire Police,-0.669344,51.918304,On or near Supermarket,E01017557,Central Bedfordshire 021C,Investigation complete; no suspect identified
8ec74a551fc135f9a6b6614ef3713fe884b18d9f7d171eec8f4f5dadd46a29ca,2023-04,Bedfordshire Police,Bedfordshire Police,-0.427924,51.968243,On or near Supermarket,E01017558,Central Bedfordshire 018A,Investigation complete; no suspect identified
541495862136f2f7e0d1235aba9f8075a038eb646038e38841ac72901c1972a0,2023-04,Bedfordshire Police,Bedfordshire Police,-0.459460,52.122017,On or near Edinburgh Close,E01017472,Bedford 015A,Investigation complete; no suspect identified
0799a9d041f74b0ef2fc7ef889c975a3bfe56711befc2d706f3ce15115176167,2023-04,Bedfordshire Police,Bedfordshire Police,-0.376845,51.883100,On or near Prince Way,E01015811,Luton 014G,Unable to prosecute suspect
3da1d36711931041d5c089738cdd168cf31f8578feff7cd3b2424fd1d8b72b92,2023-04,Bedfordshire Police,Bedfordshire Police,-0.467947,52.136909,On or near Silver Street,E01034419,Bedford 012H,Suspect charged
cab63e553aed74dfeb1ec0069abad2525cfb30a02a161be836debe1d33f6bef5,2023-04,Bedfordshire Police,Bedfordshire Police,-0.408197,51.874545,On or near Bailey Street,E01015789,Luton 023D,Unable to prosecute suspect
c061d1581646347e6a73a1904991ea7ff3d258fd05abc945169ebfe2c7694f33,2023-04,Bedfordshire Police,Bedfordshire Police,-0.413657,51.894850,On or near Wardown Crescent,E01015740,Luton 012A,Unable to prosecute suspect
3cc50d4ccc8755601a7673651ba5d78c6df889acda538988c2918131a63827af,2023-04,Bedfordshire Police,Bedfordshire Police,-0.423236,51.882741,On or near Supermarket,E01015699,Luton 017B,Investigation complete; no suspect identified
77783b7e3753ef029650a66a14db43c1ebcdf2129d05c0ba080b0d5f5d524b04,2023-04,Bedfordshire Police,Bedfordshire Police,-0.457004,52.126723,On or near Faldo Road,E01017523,Bedford 014F,Investigation complete; no suspect identified
f60797b02bd827f416dc05cf995fea4a81738cc733ff17e740a03c7db265bf82,2023-04,Bedfordshire Police,Bedfordshire Police,-0.438750,52.110218,On or near Blenheim Road,E01017487,Bedford 021B,Unable to prosecute suspect
2cfa890dcd8077df43e10ca1da3db4dd77cffe906d88bab25d76d553b8ffcad0,2023-04,Bedfordshire Police,Bedfordshire Police,-0.459238,52.139466,On or near Sports/Recreation Area,E01034418,Bedford 012G,Unable to prosecute suspect
e30bdd49e99e18ea395b29a936dcfa03bbf022b56a8338b5b598c95e66285d01,2023-04,Bedfordshire Police,Bedfordshire Police,-0.409547,52.149911,On or near Baldur Close,E01017493,Bedford 007F,Investigation complete; no suspect identified
79dbbd91eddce9f071584b6e49b90fa2f5db8b07f820c4598c4066a03c020f03,2023-04,Bedfordshire Police,Bedfordshire Police,-0.483956,52.144830,On or near Byron Crescent,E01017499,Bedford 010C,Unable to prosecute suspect
54a5dec1d23748131786cfc1be515a513e10e910b201a378e19caafbae58032f,2023-04,Bedfordshire Police,Bedfordshire Police,-0.418103,51.873771,On or near South Road,E01015738,Luton 021A,Investigation complete; no suspect identified
faef2016f2bebbe334ca0430776f5e6c2d360b964c42373395f6cf99e20b9e07,2023-04,Bedfordshire Police,Bedfordshire Police,-0.513076,51.884361,On or near Richard Street,E01017592,Central Bedfordshire 030A,Unable to prosecute suspect
eb8a98a2191beecc6055c8a42c413445dedd0df9598ea514630d95e15cfa3c05,2023-04,Bedfordshire Police,Bedfordshire Police,,,No location,,,Investigation complete; no suspect identified
c3bea52af9bfddf668a2dccd4e05ef8b074648db8abf44c48c0ea4746bb214d5,2023-04,Bedfordshire Police,Bedfordshire Police,-0.466764,51.899475,On or near Eynsford Road,E01015716,Luton 011D,Investigation complete; no suspect identified
af9cb5407db0b84eef0de41d2273e3b6c4ca1154758468d6ffb46d5db4e7a111,2023-04,Bedfordshire Police,Bedfordshire Police,-0.492650,52.031822,On or near Kings Arms Yard,E01017375,Central Bedfordshire 012E,Investigation complete; no suspect identified
151930211c16313e7321b5db4f3664f6a15cd842f3c9038a7b927f05dabfe60c,2023-04,Bedfordshire Police,Bedfordshire Police,-0.469254,52.139704,On or near Balsall Street West,E01017502,Bedford 010F,Investigation complete; no suspect identified
d0a24e3cb5fbd0497a381b820bd03972bbe4aef5da193bd208430c4cb7ec16d9,2023-04,Bedfordshire Police,Bedfordshire Police,-0.468648,52.138636,On or near Dame Alice Street,E01017471,Bedford 012F,Investigation complete; no suspect identified
6072d9f037feac5bb1249acebbe830d686e0114839d95798db3f35860e595871,2023-04,Bedfordshire Police,Bedfordshire Police,-0.431138,51.911189,On or near Duncombe Close,E01015744,Luton 004A,Unable to prosecute suspect
51c035c12e77ec8e1302052ae36ba54445c4f7fc22c61ff696eb01a777fcee1f,2023-04,Bedfordshire Police,Bedfordshire Police,-0.449717,51.881673,On or near Runley Road,E01015728,Luton 019B,Unable to prosecute suspect
ac110a183d65c3fe6aa7a5454834c78b91fd8c35693419f65c266c3120c1d79b,2023-04,Bedfordshire Police,Bedfordshire Police,-0.465958,52.138663,On or near Supermarket,E01034419,Bedford 012H,Unable to prosecute suspect
8a55bb19e01da0d333d8834687f689bc07739401df2a7912c86fcd1bd000fae4,2023-04,Bedfordshire Police,Bedfordshire Police,-0.513611,51.887991,On or near Dukeminster Road,E01033836,Central Bedfordshire 029F,Investigation complete; no suspect identified
43c27074c0bff1fcce5470bc6659abe3af1b45f23f791fa3381a45004eec74fa,2023-04,Bedfordshire Police,Bedfordshire Police,-0.437302,51.887749,On or near Claremont Road,E01015726,Luton 015B,Unable to prosecute suspect
9e61db622a11a22ce2707022d5d9d309e6ce2891b2b1d35bf0b94e948fee6407,2023-04,Bedfordshire Police,Bedfordshire Police,-0.406572,51.873669,On or near Park Street,E01015789,Luton 023D,Investigation complete; no suspect identified
6031736690c749ef6a56b9ef5258ac45390c34fd4e943b86d6620d2e21f103b6,2023-04,Bedfordshire Police,Bedfordshire Police,-0.497485,52.002392,On or near Coniston Road,E01017405,Central Bedfordshire 016C,Investigation complete; no suspect identified
73d3cd4a1d1f609ffaa92358bc44c0780195333cf7b75a3fb8932c62d3d0bf76,2023-04,Bedfordshire Police,Bedfordshire Police,-0.494879,52.030565,On or near Katherine's Garden,E01017375,Central Bedfordshire 012E,Investigation complete; no suspect identified
46e99d7dfb811389061fb5cfeba2f9a41b75e92e8c4b094dec5dea09866d86dc,2023-04,Bedfordshire Police,Bedfordshire Police,-0.483402,51.499650,On or near Cricketfield Road,E01002527,Hillingdon 031D,Unable to prosecute suspect
4aa869eb0ac9ac205f31999c82963a53802513d2462ac0a34e616757a7f4b78c,2023-04,Bedfordshire Police,Bedfordshire Police,-0.485883,51.898445,On or near Angus Close,E01015760,Luton 009E,Unable to prosecute suspect
6f5917c1d3aa0a454a5726ca410318d61aa73db18518fc8e2a79f54afbe362c9,2023-04,Bedfordshire Police,Bedfordshire Police,-0.266216,52.086353,On or near Parking Area,E01017385,Central Bedfordshire 005C,Unable to prosecute suspect
b4b78d992ae48a8de3f7375ebadaacc68e1f6cbb7649fab4f9ca82ca91f1bee4,2023-04,Bedfordshire Police,Bedfordshire Police,-0.213619,52.127855,On or near B1040,E01017428,Central Bedfordshire 003D,Unable to prosecute suspect
2b903a62d9e07f3e2942511e8dc4b0cda9f40ab6a70c17288ee106e14b4498d0,2023-04,Bedfordshire Police,Bedfordshire Police,-0.649748,51.905538,On or near Plover Road,E01033192,Central Bedfordshire 024F,Unable to prosecute suspect
de4dd11b9185eb96e10ed1f9edeadb534730cf66718f1c1bd2fefce1c4a3ee8b,2023-04,Bedfordshire Police,Bedfordshire Police,-0.460077,51.896114,On or near Wyvern Close,E01015712,Luton 011B,Unable to prosecute suspect
3a4bf2926cfb3f1b9992b259b78aa5149d3b4dcf947766775949cc16a6511474,2023-04,Bedfordshire Police,Bedfordshire Police,-0.433840,51.870708,On or near The Grove,E01015732,Luton 020A,Investigation complete; no suspect identified
ebe3fb90e33ea65e85e73a77d1749f4d84a89ecd48e628ce4136a4daa875d9c4,2023-04,Bedfordshire Police,Bedfordshire Police,-0.402082,51.884380,On or near Tower Road,E01015720,Luton 016B,Unable to prosecute suspect
395d48b16c13beb9e90a2f86c971f25c15c588c9c3bc5e8abdd6df804912f64c,2023-04,Bedfordshire Police,Bedfordshire Police,-0.418312,51.878998,On or near Peel Street,E01033803,Luton 023A,Investigation complete; no suspect identified
4637dac9235fc3bc91d76c21a8763f482967f165e20df4b032c8fa0a152aa3f7,2023-04,Bedfordshire Police,Bedfordshire Police,-0.455006,51.891408,On or near Dunstable Road,E01015715,Luton 011C,Unable to prosecute suspect
2523c04a4b7f72f986fb788179b805d999bb779e9f367de891eba0a70b98d4e9,2023-04,Bedfordshire Police,Bedfordshire Police,-0.442628,51.889609,On or near Dunstable Close,E01015726,Luton 015B,Investigation complete; no suspect identified
3223081ebbff0b6b5283507061f0542603028550462b8eeee961c6b899c02847,2023-04,Bedfordshire Police,Bedfordshire Police,-0.504316,52.169205,On or near Shire Road,E01017480,Bedford 003C,Investigation complete; no suspect identified
0728b0b2f97a18ccd75dccb6150278f45a7e0f340a9931f54309e014bf979a46,2023-04,Bedfordshire Police,Bedfordshire Police,-0.408426,51.875888,On or near Park Terrace,E01015789,Luton 023D,Investigation complete; no suspect identified
549b1c44ee4b9759a636d93d7d04fb531c178f656f3bcdb808a461850906e812,2023-04,Bedfordshire Police,Bedfordshire Police,-0.433486,52.157901,On or near Colchester Way,E01017533,Bedford 006E,Unable to prosecute suspect
32faf805a397575ba4486e278579f7d9349f5d26ea71dcb9bac9123df532a177,2023-04,Bedfordshire Police,Bedfordshire Police,-0.472301,51.919193,On or near Rockfield Drive,E01015803,Luton 002B,Unable to prosecute suspect
b097b4d0f74b00832d7903c46034d3fa18fd890339630bd1d362a4ab316782be,2023-04,Bedfordshire Police,Bedfordshire Police,-0.466075,52.138251,On or near Nightclub,E01034419,Bedford 012H,Unable to prosecute suspect
935f527670041f923e8eec8d672f5e761843533735d0d99ca4e4fa65326cbf98,2023-04,Bedfordshire Police,Bedfordshire Police,-0.628270,51.921546,On or near A4012,E01033826,Central Bedfordshire 019F,Investigation complete; no suspect identified
9b2dfec89571e4e948b0fad911f88a4e992bc5d87472368a3c0840427fde0ebd,2023-04,Bedfordshire Police,Bedfordshire Police,-0.398598,51.872428,On or near Gipsy Lane,E01015790,Luton 021B,Investigation complete; no suspect identified
e456a29994a7f536e3f476e4d946b93c96238896c8e677dbe8345e242ceaf105,2023-04,Bedfordshire Police,Bedfordshire Police,-0.226832,52.013584,On or near Supermarket,E01017447,Central Bedfordshire 014B,Investigation complete; no suspect identified
9ee44024f7ea597c0ae42c4abb0464cbe5a1fb1cec320dab0a75d5be650e756a,2023-04,Bedfordshire Police,Bedfordshire Police,-0.457809,51.889341,On or near Carisbrooke Road,E01015715,Luton 011C,Investigation complete; no suspect identified
1874cb4a7078a0c6913e94e5185efd212bbd8c15c79356fecc20be0b5be13dcb,2023-04,Bedfordshire Police,Bedfordshire Police,-0.551935,52.225679,On or near Lodge Close,E01017545,Bedford 001D,Unable to prosecute suspect
20905287b221bcdc2f1efca6242d755976151d41e7e27ddcee13fbf43f8bb32f,2023-04,Bedfordshire Police,Bedfordshire Police,-0.473584,52.134860,On or near Western Street,E01017466,Bedford 012A,Local resolution
214f517ecc3ea4ebd1275ab6254d2911dffa2a576f11d94a5ab6087665006821,2023-04,Bedfordshire Police,Bedfordshire Police,-0.423929,52.144979,On or near Bury Walk,E01017490,Bedford 007C,Investigation complete; no suspect identified
4b0ebb1a90ce63d9ff0c0c97bbee36f9dc5266104acb5b689226f7aedf1e4929,2023-04,Bedfordshire Police,Bedfordshire Police,-0.389403,51.897632,On or near Supermarket,E01015813,Luton 008F,Investigation complete; no suspect identified
0bddfa5e06c872dcecb408565369fdbf605e5ab44957a7803a8d379a07b3ca53,2023-04,Bedfordshire Police,Bedfordshire Police,-0.512136,51.885572,On or near Englands Lane,E01033836,Central Bedfordshire 029F,Suspect charged
53d0ae085871faedf4daa38d5a274df2d85edb4a3ed78c75984d84532aca4e68,2023-04,Bedfordshire Police,Bedfordshire Police,-0.451500,51.892369,On or near Petrol Station,E01015787,Luton 015D,Investigation complete; no suspect identified
5ae443291aa49bc014800376ceff5661df61108e590d909c0b766792b193b984,2023-04,Bedfordshire Police,Bedfordshire Police,-0.520461,51.889120,On or near Supermarket,E01033837,Central Bedfordshire 029G,Investigation complete; no suspect identified
71f3c3c55f87e73516f15963414147975aad73e9eaf3bc07d3ad981f2fe44855,2023-04,Bedfordshire Police,Bedfordshire Police,-0.416104,51.875246,On or near Castle Street,E01033806,Luton 021G,Investigation complete; no suspect identified
a092e6d61c1df31dacbdadef8ecda2201ab03bff599d0d86104cf11fa6369a89,2023-04,Bedfordshire Police,Bedfordshire Police,-0.378705,51.897242,On or near Hayling Drive,E01015812,Luton 008E,Unable to prosecute suspect
b3092bbfb0c28144895b80e1ea57d1fbbaa3b64751d9e231aeace5a8deb3f884,2023-04,Bedfordshire Police,Bedfordshire Police,-0.458170,52.128923,On or near Fenlake Road,E01017522,Bedford 014E,Investigation complete; no suspect identified
ddbf3f5e8676565a975407d30d41979b618b5d9060f49b5c9f1c8f34bc5aa094,2023-04,Bedfordshire Police,Bedfordshire Police,-0.455250,52.122106,On or near St Helena Road,E01017518,Bedford 014A,Investigation complete; no suspect identified
159aaa933d8bb299359b5e1fbed7c005a7f7de437f94f5d5074abb8c2c1bc185,2023-04,Bedfordshire Police,Bedfordshire Police,-0.484986,51.890539,On or near Petrol Station,E01017583,Central Bedfordshire 027B,Suspect charged
1435c6fd4c833e5f390f9ce827fd9b4319b91a8841740d7f956a57b12f860e54,2023-04,Bedfordshire Police,Bedfordshire Police,-0.601449,52.077850,On or near Coopers Hill,E01033815,Central Bedfordshire 007I,Unable to prosecute suspect
a909df5c2bc40bafa4674dd08eb614aba5c18b0af2b1648b952175be4251b4b7,2023-04,Bedfordshire Police,Bedfordshire Police,-0.423236,51.882741,On or near Supermarket,E01015699,Luton 017B,Investigation complete; no suspect identified
43c0b300623c596da0adc18a6a9d3d03389f5f712e32d10f667dd754c41500e0,2023-04,Bedfordshire Police,Bedfordshire Police,-0.457809,51.889341,On or near Carisbrooke Road,E01015715,Luton 011C,Unable to prosecute suspect
1fe536294c5289c98f4aeb61b5daea4159ce33d77d2b122aa5d8259c01139c20,2023-04,Bedfordshire Police,Bedfordshire Police,-0.487498,52.120528,On or near Silverdale Street,E01017508,Bedford 017D,Unable to prosecute suspect
c9c64e2bcb333d86fbdbf4353abad3f07bfb3949752b4ce47a0bb0c29e96fe08,2023-04,Bedfordshire Police,Bedfordshire Police,-0.538387,51.896924,On or near Salters Way,E01017598,Central Bedfordshire 028E,Investigation complete; no suspect identified
468f3e54d655bee1d19ebc3c66be71d1ea7e9d2abfe00c6360a8e3a200d91e6c,2023-04,Bedfordshire Police,Bedfordshire Police,-0.334442,52.039556,On or near Northbridge Street,E01017437,Central Bedfordshire 011A,Investigation complete; no suspect identified
7b73c2bcd21b5e710c29a6e568e2f6f2bfe21a4dfda7b3167117c5e4678b20a2,2023-04,Bedfordshire Police,Bedfordshire Police,-0.298376,52.128398,On or near McMurdo Court,E01017431,Central Bedfordshire 002B,Investigation complete; no suspect identified
a0eaed50f65909329e36ed1c284ec1fd53c6ba561e5b53aa26148e4024e1a09d,2023-04,Bedfordshire Police,Bedfordshire Police,-0.080660,51.524541,On or near Great Eastern Street,E01033708,Hackney 033C,Investigation complete; no suspect identified
c6e1d8d7a648167f8bcccef6d0a481c9cdeb9cc348ce751aff8ddf798ed2b772,2023-04,Bedfordshire Police,Bedfordshire Police,-0.519035,51.886081,On or near Church Walk,E01033837,Central Bedfordshire 029G,Investigation complete; no suspect identified
5af4779dabf41e23ae38ff6ed3265a085f8efbe5ce07613ab0c6a7c001da7d4a,2023-04,Bedfordshire Police,Bedfordshire Police,-0.263108,52.085210,On or near Palace Street,E01017385,Central Bedfordshire 005C,Investigation complete; no suspect identified
ae6a90ac2b0a87209aba011a3ae2240945d175aa27698eb743212b08f3274e62,2023-04,Bedfordshire Police,Bedfordshire Police,-0.425960,52.109733,On or near Key Croft,E01034428,Bedford 021C,Unable to prosecute suspect
6435c750f6151916ba954fd40bb56fc895b471e3c647b1b0e264f02b867706ef,2023-04,Bedfordshire Police,Bedfordshire Police,-0.319234,52.104456,On or near Lark Rise,E01017424,Central Bedfordshire 004D,Investigation complete; no suspect identified
15f1bf3539537708d716411f3ba1542152dad3acae0130560faeee0bacab1c42,2023-04,Bedfordshire Police,Bedfordshire Police,-0.440198,51.944668,On or near Stanley Road,E01017616,Central Bedfordshire 018D,Unable to prosecute suspect
148ff96089b1e579b8d4d145b6e1a3f687d032aa17af3190bcca7079dd4f4f44,2023-04,Bedfordshire Police,Bedfordshire Police,-0.513076,51.884361,On or near Richard Street,E01017592,Central Bedfordshire 030A,Suspect charged
1551531130b56d86518447df6a76f47cc5afeefc6a7d6f5b294dcc72c940c5c6,2023-04,Bedfordshire Police,Bedfordshire Police,-0.472014,52.143175,On or near Roff Avenue,E01017497,Bedford 010A,Investigation complete; no suspect identified
738a3f89893a09d7bd7fea99f2d69b81ae02edadce8d73ce39ec12465a637ae8,2023-04,Bedfordshire Police,Bedfordshire Police,-0.472952,52.127299,On or near Endsleigh Road,E01034420,Bedford 015G,Investigation complete; no suspect identified
ef9e830b799d1959d69b26013e07e7f59b85b0c236793706c519c82ffb2209b0,2023-04,Bedfordshire Police,Bedfordshire Police,-0.489916,51.898236,On or near Guernsey Close,E01015760,Luton 009E,Unable to prosecute suspect
b872f68c13b406054b184120c7142c2970ad4557886046b44b232bffcaa3b631,2023-04,Bedfordshire Police,Bedfordshire Police,-0.451880,51.904640,On or near Supermarket,E01015765,Luton 006B,Investigation complete; no suspect identified
d439c973da53075a5f69b585be28eccc657cc5330460b6c4e59556106ae00778,2023-04,Bedfordshire Police,Bedfordshire Police,-0.520240,51.887454,On or near Parking Area,E01033837,Central Bedfordshire 029G,Investigation complete; no suspect identified
779e5a16d3f687d77d99e21251badd25427e8af598377879d1e77bf4bd3f9e95,2023-04,Bedfordshire Police,Bedfordshire Police,-0.287927,52.129254,On or near Market Square,E01017435,Central Bedfordshire 002D,Investigation complete; no suspect identified
49d02642fb0a9da86ad9cc18adee45250ceb64caa253b2e57eb744b4a6e5e897,2023-04,Bedfordshire Police,Bedfordshire Police,-0.537793,51.885219,On or near Drovers Way,E01017597,Central Bedfordshire 028D,Investigation complete; no suspect identified
7e50cc325ad200d0932db263584f6c86eab15098170f955065e1f4c42c8c46c1,2023-04,Bedfordshire Police,Bedfordshire Police,,,No location,,,Unable to prosecute suspect
aa37a5f4e79444eb1b85161e5ad4a20c998d19f60da5a7a85fdec35781c8d6f2,2023-04,Bedfordshire Police,Bedfordshire Police,-0.417033,51.876517,On or near Chapel Street,E01033806,Luton 021G,Investigation complete; no suspect identified
e55b44c16095e6637dd1f9e7d7bbad0b9b18a1030f37a17fd2b2c89e8e8645d3,2023-04,Bedfordshire Police,Bedfordshire Police,-0.414165,51.879571,On or near Parking Area,E01033805,Luton 023C,Investigation complete; no suspect identified
6c2aadc3b83026272b5ea19fbd4ebe05921ea6708eb4e818709fe872ef5d92da,2023-04,Bedfordshire Police,Bedfordshire Police,-0.417907,51.883911,On or near Villa Road,E01033801,Luton 022C,Investigation complete; no suspect identified
13e133c749fb88486a9205752e5b7d9b5615453dbc74cf466cbc2224bcb68c88,2023-04,Bedfordshire Police,Bedfordshire Police,-0.495779,52.004187,On or near Flitwick,E01017405,Central Bedfordshire 016C,Investigation complete; no suspect identified
1bb0559da3bbe4b40ba9a6c440490cc90519f02df835003011440c0fa1de86ce,2023-04,Bedfordshire Police,Bedfordshire Police,-0.406260,51.881263,On or near Crescent Road,E01015743,Luton 022E,Investigation complete; no suspect identified
723e447bacde32038db77c35da08bce0a332d727e22aa4b3b2c61ae52b7efe9a,2023-04,Bedfordshire Police,Bedfordshire Police,-0.298376,52.128398,On or near McMurdo Court,E01017431,Central Bedfordshire 002B,Investigation complete; no suspect identified
fdd9b29777ff5e5240258f4c53ff72951898ecd7a7e0085f483113bc6ef42fca,2023-04,Bedfordshire Police,Bedfordshire Police,,,No location,,,Investigation complete; no suspect identified
57c964abb497b9d8e2166cb099d77939775f4d4ded980c7611844837755d9874,2023-04,Bedfordshire Police,Bedfordshire Police,,,No location,,,Investigation complete; no suspect identified
ecce55cbccc4440592aac5c34c3fe4c5ba0a977a0208cb6f8f9620b517563e4e,2023-04,Bedfordshire Police,Bedfordshire Police,-0.535844,51.894654,On or near Austin Road,E01033834,Central Bedfordshire 028G,Investigation complete; no suspect identified
d05e871367edb35f432280d15e260764c119b03809b51af8cd4223de3ff48670,2023-04,Bedfordshire Police,Bedfordshire Police,-0.290352,52.208722,On or near Supermarket,E01018177,Huntingdonshire 022A,Investigation complete; no suspect identified
bfd830b6c14b9f207e07ec4c385fa051dde34148b5125a9aeae2084a4134c2a5,2023-04,Bedfordshire Police,Bedfordshire Police,-0.423236,51.882741,On or near Supermarket,E01015699,Luton 017B,Investigation complete; no suspect identified
4c1c98a1665e0ec1a2b4703a9110e70f1fe7128d453fa2ab514961e56d239fd5,2023-04,Bedfordshire Police,Bedfordshire Police,,,No location,,,Investigation complete; no suspect identified
b3a9823510e8376f11196092e3ca167351554513795b5861b781141dafc6d891,2023-04,Bedfordshire Police,Bedfordshire Police,-0.431693,52.148598,On or near Barley Way,E01017489,Bedford 007B,Investigation complete; no suspect identified
353aa103712b9da178d6105ddb23589bee9a2aedec88834b40cda32eeb9a7dc3,2023-04,Bedfordshire Police,Bedfordshire Police,-0.423236,51.882741,On or near Supermarket,E01015699,Luton 017B,Investigation complete; no suspect identified
27fdaf2d8ea8e9904385d75995291841b66a7d8f422970c5ae56ac479a87b4a7,2023-04,Bedfordshire Police,Bedfordshire Police,-0.449480,52.137684,On or near George Street,E01017468,Bedford 012C,Unable to prosecute suspect
d7c2cf1ff7114220985a0b409baa5965652b7530ea82e0585511f7d862f7a922,2023-04,Bedfordshire Police,Bedfordshire Police,-0.423351,51.883606,On or near Supermarket,E01015699,Luton 017B,Investigation complete; no suspect identified
b72a5bd7dd9c9861decdea1e508c25ba7e2f309f325d9ffcbd1bb0f72c03a425,2023-04,Bedfordshire Police,Bedfordshire Police,-0.469563,52.137937,On or near Dane Street,E01017466,Bedford 012A,Investigation complete; no suspect identified
7a05c1c54e36fc487a5365b21b2d2e5208fee8b1132b267e5fc5d75f431d79e9,2023-04,Bedfordshire Police,Bedfordshire Police,-0.507421,51.852872,On or near Malms Close,E01017586,Central Bedfordshire 032C,Investigation complete; no suspect identified
a6509940cc1b5ac9f9487e2c7778cb354bbeb866667e6fc1b6053281a3ef11d0,2023-04,Bedfordshire Police,Bedfordshire Police,-0.454611,51.906725,On or near River Way,E01015765,Luton 006B,Investigation complete; no suspect identified
a3fad5d157353b3fe7dde4e21bf2391240f11961d3e4827937dfa8badc0bd6c3,2023-04,Bedfordshire Police,Bedfordshire Police,-0.400337,51.901594,On or near St Thomas's Close,E01015796,Luton 012F,Suspect charged
0aba82cf2913fbaee1681504b0ff2bc7dc799427b24eed0f3acce6098bf166d8,2023-04,Bedfordshire Police,Bedfordshire Police,-0.404406,51.890949,On or near Preston Path,E01015778,Luton 012E,Investigation complete; no suspect identified
3818d9ce5217126786ee13cb9f3f896039f06d092ef42b6f666557e965ad5716,2023-04,Bedfordshire Police,Bedfordshire Police,,,No location,,,Investigation complete; no suspect identified
7b30c637aa2796a68b8da3d31b9c48bea653c990142b3195b2c064e07ee63c99,2023-04,Bedfordshire Police,Bedfordshire Police,-0.409241,51.873364,On or near Kingsland Road,E01015789,Luton 023D,Unable to prosecute suspect
5ec9f700ff872155677c1ceb231bf879cd8164639d6224f99ebd613bdd7c412f,2023-04,Bedfordshire Police,Bedfordshire Police,-0.513569,51.890736,On or near Shopping Area,E01017584,Central Bedfordshire 027C,Investigation complete; no suspect identified
ea6972614f3c04adb4840317f324eb069d47eeba1c3f9626af88a1a41f1d0f6d,2023-04,Bedfordshire Police,Bedfordshire Police,-0.517687,51.911609,On or near Tithe Farm Road,E01017618,Central Bedfordshire 025D,Unable to prosecute suspect
a627f9e1c65291ef58560c240cb96d3cab3eba174271c9180c0786c00d346b51,2023-04,Bedfordshire Police,Bedfordshire Police,-0.517687,51.911609,On or near Tithe Farm Road,E01017618,Central Bedfordshire 025D,Unable to prosecute suspect
0c6841d454da5ec61fb98a4ef6ea07f5294958791e1110df8a5abef020244a67,2023-04,Bedfordshire Police,Bedfordshire Police,-0.417059,51.881571,On or near Bridge Street,E01033803,Luton 023A,Investigation complete; no suspect identified
fcf6d68f5286e0be68b4f076086e856f0b29e97f93713303de1b6817369bcd46,2023-04,Bedfordshire Police,Bedfordshire Police,-0.420096,51.903929,On or near Kingsdown Avenue,E01015694,Luton 007B,Unable to prosecute suspect
216fef11d95945dfca356c721d1be0b2d45535e50dd808c90522bef6ab0572b8,2023-04,Bedfordshire Police,Bedfordshire Police,-0.502041,51.907734,On or near Henley Close,E01017600,Central Bedfordshire 025A,Unable to prosecute suspect
25910764cca709f98e01b40761e93329be88d3256621641639f80e83ae0a0015,2023-04,Bedfordshire Police,Bedfordshire Police,-0.466098,52.135878,On or near Shopping Area,E01034419,Bedford 012H,Investigation complete; no suspect identified
a02027d459e146e7b735888246b4af9d1fed0a0c215c802a18a1e7b58e7d17f4,2023-04,Bedfordshire Police,Bedfordshire Police,-0.298376,52.128398,On or near McMurdo Court,E01017431,Central Bedfordshire 002B,Investigation complete; no suspect identified
62473df9d0f78fb2324ff9c320bac6ae0dc0d0ab0e5b3559f143ca7e34727741,2023-04,Bedfordshire Police,Bedfordshire Police,-0.298376,52.128398,On or near McMurdo Court,E01017431,Central Bedfordshire 002B,Investigation complete; no suspect identified
f0f29c69b4da7de586a313dbdfac264cc1abe2bdd195bc04751ab620843ae4d8,2023-04,Bedfordshire Police,Bedfordshire Police,-0.226832,52.013584,On or near Supermarket,E01017447,Central Bedfordshire 014B,Investigation complete; no suspect identified
3164c9374f6efd0e0ceece389f26a6e8a762f6fa5a8ff49fb53eedf1eea7b9bc,2023-04,Bedfordshire Police,Bedfordshire Police,-0.298376,52.128398,On or near McMurdo Court,E01017431,Central Bedfordshire 002B,Investigation complete; no suspect identified
37871a9eafdeb5e925b2025933eb5c553c99373e9e7e44761761c13a8b80cbdf,2023-04,Bedfordshire Police,Bedfordshire Police,-0.298376,52.128398,On or near McMurdo Court,E01017431,Central Bedfordshire 002B,Investigation complete; no suspect identified
a490f71a497a157ec128c7ff1842635efc705bab57c3a4711e52a333efe11ecb,2023-04,Bedfordshire Police,Bedfordshire Police,-0.298376,52.128398,On or near McMurdo Court,E01017431,Central Bedfordshire 002B,Investigation complete; no suspect identified
af763d9e13e64beeeadc1ef78cfab9e6f812cc174607c56ac237bdd90aa6479f,2023-04,Bedfordshire Police,Bedfordshire Police,-0.298376,52.128398,On or near McMurdo Court,E01017431,Central Bedfordshire 002B,Investigation complete; no suspect identified
0b707e68b7e5dc589e57fe95e15e475ea190e81c2d3ad472c35ac67c73897f7b,2023-04,Bedfordshire Police,Bedfordshire Police,-0.408718,51.893525,On or near Sandell Close,E01015778,Luton 012E,Unable to prosecute suspect
b125e991f5ba317ee0e2c97a2d206145f4675c5b6d8bdd5c06d64a2b69aa2ef6,2023-04,Bedfordshire Police,Bedfordshire Police,-0.442730,52.123820,On or near Reddall Close,E01017519,Bedford 014B,Unable to prosecute suspect
0dfc302902fb09474486353b684de7bdb6b4746069faaf309efb5a70cbeb4513,2023-04,Bedfordshire Police,Bedfordshire Police,-0.472952,52.127299,On or near Endsleigh Road,E01034420,Bedford 015G,Investigation complete; no suspect identified
121a439c71c3c8b11d0aad8e47382e5840dc8f71506ff4c8008ae6799892574e,2023-04,Bedfordshire Police,Bedfordshire Police,-0.461193,52.131067,On or near Kingsbrook Road,E01017522,Bedford 014E,Investigation complete; no suspect identified
746b5e96d2c84279015cf8b60feda276348a5da5a24a5d94ad021f11aa3365e4,2023-04,Bedfordshire Police,Bedfordshire Police,-0.510221,51.886348,On or near Stokers Close,E01017592,Central Bedfordshire 030A,Investigation complete; no suspect identified
9c7ca8a8d926ab225a584b2db6425c71f506f5a78277cb6506e64c7f9730093b,2023-04,Bedfordshire Police,Bedfordshire Police,-0.467729,51.909989,On or near Stoneways Close,E01015754,Luton 005E,Investigation complete; no suspect identified
df9423ca19b3c17fdfeedc1e94f0728cb9052112f8c7ad52cc964e2dc4fc7509,2023-04,Bedfordshire Police,Bedfordshire Police,-0.443330,51.886965,On or near Kingsway,E01015724,Luton 019A,Unable to prosecute suspect
2a66275db0a8d0ff9156e98c299e86acca5b572287e697ec6ba21173c56e13e7,2023-04,Bedfordshire Police,Bedfordshire Police,-0.410765,51.883725,On or near Duke Street,E01033802,Luton 022D,Unable to prosecute suspect
d97657cb1cd81e61857ae2f36eac2ae084f289a985219613ebf325a64e5ccccc,2023-04,Bedfordshire Police,Bedfordshire Police,-0.534274,51.942001,On or near Dunstable Road,E01017622,Central Bedfordshire 019E,Investigation complete; no suspect identified
99488253422b4e9d8318fe0b53d6466bfb4ba6ff99f8e2cd659833654df2c718,2023-04,Bedfordshire Police,Bedfordshire Police,-0.333522,52.037421,On or near Supermarket,E01017437,Central Bedfordshire 011A,Investigation complete; no suspect identified
b75e8da2a93c46e0547bb9e21303d7a42842f35063196f162198acbd537a9f7e,2023-04,Bedfordshire Police,Bedfordshire Police,-0.408197,51.874545,On or near Bailey Street,E01015789,Luton 023D,Unable to prosecute suspect
36357a859a70b6589c7cb7f67fa5619de8fbdf90755f6a44a795aa0bc5298490,2023-04,Bedfordshire Police,Bedfordshire Police,-0.381503,51.898234,On or near Cowdray Close,E01015812,Luton 008E,Unable to prosecute suspect
7d51d66cc07d433e9da963e524660290f1e4293d8783142589a5c83a98e69daa,2023-04,Bedfordshire Police,Bedfordshire Police,-0.400221,51.891755,On or near Ramridge Road,E01015777,Luton 012D,Unable to prosecute suspect
7e9a4f27da0816d1400e7d0388b9a947746dab7c82acdf324f660e3f83f1ce12,2023-04,Bedfordshire Police,Bedfordshire Police,-0.453695,51.893603,On or near Chester Close,E01015711,Luton 011A,Investigation complete; no suspect identified
5dc26d1f1b49605b2a41d4b7adab131b2c2b8c3c5e2c34f17cbc0b69a51a5607,2023-04,Bedfordshire Police,Bedfordshire Police,-0.495501,52.126636,On or near Kingston Close,E01017511,Bedford 016C,Investigation complete; no suspect identified
fb339bbfe72c5bbd8a3d3236fc9f9477180b4cb9c0f711fd5a49c5a884cef6be,2023-04,Bedfordshire Police,Bedfordshire Police,-0.435810,52.122047,On or near Arkwright Road,E01017520,Bedford 014C,Investigation complete; no suspect identified
530bb60db6ac78d0b17b1ab9af4c416584631c4d7f326766acfba6586f89d2bb,2023-04,Bedfordshire Police,Bedfordshire Police,-0.237852,52.125351,On or near Potton Road,E01017431,Central Bedfordshire 002B,Investigation complete; no suspect identified
2ad298c8ca3c951b6c8d31393da8070ccfda8ffd07355d11d5bbf0c83e136467,2023-04,Bedfordshire Police,Bedfordshire Police,-0.527858,51.906890,On or near Plaiters Way,E01017579,Central Bedfordshire 026B,Unable to prosecute suspect
86e1f9d08dc1ed92cadcf4e5e26da8e113729cb5ed33cbb300c6d5a06cac7ed1,2023-04,Bedfordshire Police,Bedfordshire Police,-0.615309,52.199996,On or near Mowhills,E01017504,Bedford 002D,Unable to prosecute suspect
c5810bdf33c1d89bdfdee545306a3a03d4544eb8418e10fff62226f3454e949a,2023-04,Bedfordshire Police,Bedfordshire Police,-0.461878,52.140031,On or near Parking Area,E01017484,Bedford 009C,Unable to prosecute suspect
d736938ac655e5c3f966c5438a2f22bf6aaf01bcad012a1376c441930b541f2a,2023-04,Bedfordshire Police,Bedfordshire Police,-0.669344,51.918304,On or near Supermarket,E01017557,Central Bedfordshire 021C,Unable to prosecute suspect
95948023eac178685593469018f67adf9147d547237884a06c385c4f8578bd24,2023-04,Bedfordshire Police,Bedfordshire Police,-0.467864,52.138050,On or near Lime Street,E01034419,Bedford 012H,Unable to prosecute suspect
47840c91c6327a2bbdd47293db618b2e8ec1ecb752abea42235383178e4e5f6a,2023-04,Bedfordshire Police,Bedfordshire Police,-0.429109,52.114468,On or near Chamberlain Way,E01034427,Bedford 021A,Unable to prosecute suspect
05c7a95e8ba576100a015d568ac677b551bdf29c401e70d6c9d766b639f0b3e2,2023-04,Bedfordshire Police,Bedfordshire Police,-0.442938,52.119120,On or near Worcester Road,E01017521,Bedford 014D,Investigation complete; no suspect identified
3417c99cbfa0f0c80be982b5e00ccf4364d239804a4c6595013bbba20dc8f82b,2023-04,Bedfordshire Police,Bedfordshire Police,-0.411539,51.878250,On or near Further/Higher Educational Building,E01015789,Luton 023D,Investigation complete; no suspect identified
401e384c1565e646ef482e9285aa79b8508cc8c554f84847579f2dcefd6084dd,2023-04,Bedfordshire Police,Bedfordshire Police,,,No location,,,Unable to prosecute suspect
6d1ebee244514fa2e231f6464df533f99f97260a5863309cc897d27a6f8b9211,2023-04,Bedfordshire Police,Bedfordshire Police,-0.380771,51.887074,On or near Lalleford Road,E01015721,Luton 014A,Unable to prosecute suspect
fdf14798b4fd42f1f1426b580b61821df80d404af84cf80ec0cae6d91694e778,2023-04,Bedfordshire Police,Bedfordshire Police,-0.461371,52.088990,On or near Bedford Road,E01034434,Bedford 022D,Unable to prosecute suspect
d2618b97874116a2a36ee35d33f1499191274d910165aeeb1bae262bb8c0309e,2023-04,Bedfordshire Police,Bedfordshire Police,-0.380771,51.887074,On or near Lalleford Road,E01015721,Luton 014A,Unable to prosecute suspect
9edc0e037cf1b55f4fdb3d4eb786beb3da7e9ca621e946a9673d3f6432b0f451,2023-04,Bedfordshire Police,Bedfordshire Police,-0.381613,51.895997,On or near Ditchling Close,E01015813,Luton 008F,Investigation complete; no suspect identified
91bbbed0b843f0f9c960994f1879fe3606bd3f854afe01c8f18d811b3e920c2b,2023-04,Bedfordshire Police,Bedfordshire Police,-0.400196,51.894102,On or near Deep Denes,E01015777,Luton 012D,Unable to prosecute suspect
2a1c63debcb54321f53cd5620c3471bb07166352c87488faa7e4020bac76a449,2023-04,Bedfordshire Police,Bedfordshire Police,-0.289422,52.135992,On or near Wesley Road,E01017433,Central Bedfordshire 001A,Unable to prosecute suspect
32d38c9da69f200500f8d6c12231e00346225dfc9d5071a151df2ad663939905,2023-04,Bedfordshire Police,Bedfordshire Police,-0.449717,51.881673,On or near Runley Road,E01015728,Luton 019B,Investigation complete; no suspect identified
3cf8c23c8a109fa74d23fed82712f80e1a094bb50a0dd496db3d525cbc11326c,2023-04,Bedfordshire Police,Bedfordshire Police,-0.268511,52.091170,On or near Ivel Bury,E01017385,Central Bedfordshire 005C,Unable to prosecute suspect
5dfa94d204166302656da3927f785c46cd6f8bead1f0d9760114d936ef8e563e,2023-04,Bedfordshire Police,Bedfordshire Police,-0.443330,51.886965,On or near Kingsway,E01015724,Luton 019A,Investigation complete; no suspect identified
c92d7fa30ad8064685ed53440057caf4ce60446833093484f60ae836470fd2d7,2023-04,Bedfordshire Police,Bedfordshire Police,-0.344476,52.153835,On or near Woodpecker Close,E01017495,Bedford 004B,Investigation complete; no suspect identified
d352bacc36fd04707809548af46a1907aa3c9f2ce89cd1d043ed13221b0729bf,2023-04,Bedfordshire Police,Bedfordshire Police,-0.643241,51.907782,On or near Sandpiper Way,E01033192,Central Bedfordshire 024F,Investigation complete; no suspect identified
55f3aa79b33d95179f02eb40e39b00667c2ddb62aa110a5764a2d90b0ce68124,2023-04,Bedfordshire Police,Bedfordshire Police,-0.417907,51.883911,On or near Villa Road,E01033801,Luton 022C,Investigation complete; no suspect identified
d98ed98b43224ba58b9b22362c04a7a171225f401244b0fe5036cf11a218293c,2023-04,Bedfordshire Police,Bedfordshire Police,-0.428895,51.884624,On or near Kenilworth Road,E01015727,Luton 017F,Unable to prosecute suspect
66b7ccfe171fa6146ef9b0eda82a537a2c2c7af233660bac46fb3e13cd640513,2023-04,Bedfordshire Police,Bedfordshire Police,-0.539070,52.144744,On or near Dynevor Close,E01017459,Bedford 008A,Unable to prosecute suspect
e6747b3e26bbcd1ab7a07795b84f8b8eb673535573964d127da91fea118b177b,2023-04,Bedfordshire Police,Bedfordshire Police,-0.426986,51.896450,On or near A5228,E01015700,Luton 010A,Unable to prosecute suspect
7840a163da2feb70011436fdabdd8ee23b2da82d4079737eb762ee0648c73792,2023-04,Bedfordshire Police,Bedfordshire Police,-0.491340,51.898677,On or near Ramsey Close,E01015760,Luton 009E,Investigation complete; no suspect identified
069f2b3ed162de19b8100f96b65ba79c86cd02e4e348f2b6af4e0b55dbe81fb1,2023-04,Bedfordshire Police,Bedfordshire Police,-0.535674,51.894526,On or near Healey Road,E01033834,Central Bedfordshire 028G,Investigation complete; no suspect identified
b33340ff6aeb57a7bf7c0d36ea05123389ab9d4c8d22a2c9083d952d4b428a29,2023-04,Bedfordshire Police,Bedfordshire Police,-0.491340,51.898677,On or near Ramsey Close,E01015760,Luton 009E,Investigation complete; no suspect identified
369ea33d157633d4e0935fc79caa3653f4a54a6770c5c5330da071c48efed302,2023-04,Bedfordshire Police,Bedfordshire Police,-0.454171,51.899634,On or near Roman Road,E01015717,Luton 011E,Unable to prosecute suspect
49376f164069e3f6c4d9e6eb84de7e92f46960e68b0044a81423f5022512e7fe,2023-04,Bedfordshire Police,Bedfordshire Police,-0.466657,52.136614,On or near High Street,E01034419,Bedford 012H,Unable to prosecute suspect
a455c22b34a6fce0988aad717ff711e926675a625fb73db8878fec4a6cd7afdf,2023-04,Bedfordshire Police,Bedfordshire Police,-0.466657,52.136614,On or near High Street,E01034419,Bedford 012H,Unable to prosecute suspect
777f2da08707970d6d38194216cf9ccf1d442d18b02cb53a930fe295f8e9cacc,2023-04,Bedfordshire Police,Bedfordshire Police,-0.485671,51.903451,On or near Sparrow Close,E01015756,Luton 009A,Unable to prosecute suspect
0d45e646313e15f7218b16b4f40de7d9472ee6443b53f0473c3e4f2ba64a4d2f,2023-04,Bedfordshire Police,Bedfordshire Police,-0.222931,52.012678,On or near Murrell Lane,E01017447,Central Bedfordshire 014B,Investigation complete; no suspect identified
834b1cf3a0f6ce0f4a3887eae3df0270fd2e70b9ebdc04857bc391e1ff0fa47d,2023-04,Bedfordshire Police,Bedfordshire Police,-0.422665,51.876664,On or near Salisbury Road,E01015735,Luton 020D,Unable to prosecute suspect
ad7ac7d24a6878d3a1537a07bec4682b39ca91aef6848b8b8e5763dcb4d117fc,2023-04,Bedfordshire Police,Bedfordshire Police,-0.221233,52.008831,On or near Norton Road,E01017447,Central Bedfordshire 014B,Unable to prosecute suspect
bc6d916403c1c0db2c5ecb1cd1d918d5911694d83ceaf4d5157411b1ce033651,2023-04,Bedfordshire Police,Bedfordshire Police,-0.389629,51.889669,On or near Dovehouse Hill,E01015779,Luton 016D,Investigation complete; no suspect identified
9cffd05ee9921f0dd03bdc3793f170d7b28a8fcf47e3fc2892104f1891b228f5,2023-04,Bedfordshire Police,Bedfordshire Police,-0.389629,51.889669,On or near Dovehouse Hill,E01015779,Luton 016D,Unable to prosecute suspect
d8c4110149fde28afdbc906d506595c95bb424fa137e92753c2ff15aac4f1679,2023-04,Bedfordshire Police,Bedfordshire Police,-0.389629,51.889669,On or near Dovehouse Hill,E01015779,Luton 016D,Unable to prosecute suspect
64cc0b71a222ca4e1dca9f56b62d97e2bfb860ce9f732f1d129ff818651ef763,2023-04,Bedfordshire Police,Bedfordshire Police,-0.425447,51.869787,On or near Parking Area,E01015732,Luton 020A,Investigation complete; no suspect identified
27615345556c1006bd16f70d4c9b54af9d29c99c11708ea64b46735f803e41ee,2023-04,Bedfordshire Police,Bedfordshire Police,-0.534438,51.890095,On or near Westfield Road,E01017596,Central Bedfordshire 028C,Unable to prosecute suspect
e5b91282121660744f52887551df09f026e7f78543ff1fa4df3bdf2fc3f84df3,2023-04,Bedfordshire Police,Bedfordshire Police,-0.422665,51.876664,On or near Salisbury Road,E01015735,Luton 020D,Unable to prosecute suspect
da2407923cff324d878854ac7257c004202fa7db7624ec96ecdf9bcbe5f18714,2023-04,Bedfordshire Police,Bedfordshire Police,-0.522004,51.902762,On or near Queen Street,E01017578,Central Bedfordshire 026A,Suspect charged
5f36ed614ac2548291433553a196b2c9ebf5f2772c3ecd0e4db55856cae0b60c,2023-04,Bedfordshire Police,Bedfordshire Police,-0.421820,51.962964,On or near Hexton Road,E01017559,Central Bedfordshire 018B,Further action is not in the public interest
44209e5e02f22cafcd35dd13b003ac6e95bcee5a2f736ab532b8b0dd354b96ff,2023-04,Bedfordshire Police,Bedfordshire Police,,,No location,,,Action to be taken by another organisation
14d471b00b91c68a43590184ffac99d8008a80a69885a0b332d8d96e73dabe5c,2023-04,Bedfordshire Police,Bedfordshire Police,-0.476684,51.905286,On or near Ickley Close,E01015749,Luton 005A,Unable to prosecute suspect
0616614f603a1766bd5b16078739ea17e9c8250c7003a4afd8505388abd44f5d,2023-04,Bedfordshire Police,Bedfordshire Police,-0.371360,51.892969,On or near Renshaw Close,E01015806,Luton 014C,Unable to prosecute suspect
ce8a28e81ccb1cbb36a39456cf8804cb1f1fa732028622111cf0563eebe48342,2023-04,Bedfordshire Police,Bedfordshire Police,-0.457971,52.165983,On or near Witham Close,E01017458,Bedford 005F,Investigation complete; no suspect identified
004de8249eaae5920dbf985889ac9e4e450d5a181ad05ed08f68479998115420,2023-04,Bedfordshire Police,Bedfordshire Police,-0.290826,52.028995,On or near Tilley Place,E01017415,Central Bedfordshire 010F,Unable to prosecute suspect
e2a9e6a4d625db3c284511765d81c58654ab4f71198df64e5ecfca97a34c7019,2023-04,Bedfordshire Police,Bedfordshire Police,-0.487854,52.110867,On or near Magnolia Close,E01017517,Bedford 018E,Unable to prosecute suspect
0efd66f91cf5a0501b3bfaf0e6491546af78fc7d43556c3d6302d1a8b6262c25,2023-04,Bedfordshire Police,Bedfordshire Police,-0.606076,52.221035,On or near White Lane,E01017504,Bedford 002D,Investigation complete; no suspect identified
284ec1e6b5e494f8cfaed85354815cd4868234db29b718d2ff833d580aeb80bf,2023-04,Bedfordshire Police,Bedfordshire Police,-0.301275,52.032518,On or near Haycock Gardens,E01017391,Central Bedfordshire 013A,Unable to prosecute suspect
3236e9acba94edf5e4748bec619d39032dfae3ecafae3a1ac61515758aa41836,2023-04,Bedfordshire Police,Bedfordshire Police,-0.480165,51.891304,On or near Kendale Road,E01015714,Luton 013B,Unable to prosecute suspect
26d756911431fba64af60800b4e16229e99876f97a4f6d502cf8d001c12364b4,2023-04,Bedfordshire Police,Bedfordshire Police,-0.649486,51.906047,On or near Bunting Drive,E01033192,Central Bedfordshire 024F,Unable to prosecute suspect
d50f2a4e9e4bd389254dd336cb3868f5050bd9e6e55bd999103284f98af2ad0f,2023-04,Bedfordshire Police,Bedfordshire Police,-0.453330,51.902976,On or near Sarum Road,E01015785,Luton 006G,Unable to prosecute suspect
e4117a8ebb730633589bdb8ede64e336b89d458facf51a71655a12f86c3f2334,2023-04,Bedfordshire Police,Bedfordshire Police,-0.499333,52.132161,On or near Greenkeepers Road,E01017460,Bedford 008B,Unable to prosecute suspect
6feaee18151e4bc093e396594bcb97b87e12d6970e9183ddd0a4d7752b313a83,2023-04,Bedfordshire Police,Bedfordshire Police,-0.536739,51.891266,On or near Brewers Hill Road,E01017595,Central Bedfordshire 028B,Formal action is not in the public interest
2929abef67946821e2fe185ae8e5f4654d62bd61451aa441bc248d804f013dfb,2023-04,Bedfordshire Police,Bedfordshire Police,-0.536739,51.891266,On or near Brewers Hill Road,E01017595,Central Bedfordshire 028B,Formal action is not in the public interest
b9fb7736a986ecc864abb0c280ac1ce2baf1a945a7c5400db9c5c4c2858b8b3c,2023-04,Bedfordshire Police,Bedfordshire Police,-0.534632,51.989058,On or near Park/Open Space,E01017450,Central Bedfordshire 017E,Unable to prosecute suspect
99573fddce27bcbaed95690c7cba4dd76d9604f5a718fe7f8bbabcaaec7360ae,2023-04,Bedfordshire Police,Bedfordshire Police,-0.534632,51.989058,On or near Park/Open Space,E01017450,Central Bedfordshire 017E,Unable to prosecute suspect
b43ecffd1ec02816c240f30f208679cde7fe10016af5e3e8c2dda9e88d725d2a,2023-04,Bedfordshire Police,Bedfordshire Police,-0.424445,51.900130,On or near Graham Gardens,E01015695,Luton 007C,Unable to prosecute suspect
afdd2bfa1972175940bc30be86ee40ee5d52084de844ee2bdf348b040ef752d3,2023-04,Bedfordshire Police,Bedfordshire Police,-0.421193,51.880943,On or near Cardigan Street,E01033803,Luton 023A,Unable to prosecute suspect
1fb31371c87261b61830102b70c79583da74807ee3053a93212b0c5495fa8568,2023-04,Bedfordshire Police,Bedfordshire Police,-0.668669,51.922423,On or near Bossington Lane,E01017590,Central Bedfordshire 022B,Unable to prosecute suspect
702322446eeacebd673404e577d57ee28a18a57ec70fd13b4310f2f52afcf75e,2023-04,Bedfordshire Police,Bedfordshire Police,-0.647912,52.015993,On or near Burrows Close,E01017379,Central Bedfordshire 007A,Action to be taken by another organisation
f34da9956d74707e1585557b191e1c16ae614510259123322b4ce46b21ebc468,2023-04,Bedfordshire Police,Bedfordshire Police,-0.651632,51.917392,On or near Woodman Close,E01017556,Central Bedfordshire 021B,Unable to prosecute suspect
b8694a76bce42609ec417b8a074cd5ead52e391c332bd7795cde7a9a8b8f2bce,2023-04,Bedfordshire Police,Bedfordshire Police,-0.471646,52.136858,On or near Saffron Close,E01017466,Bedford 012A,Local resolution
4962f0bf1fb26019c2a638c93d56549ecc5f7db7df78419578a6724a54c288c8,2023-04,Bedfordshire Police,Bedfordshire Police,,,No location,,,Unable to prosecute suspect
d374ebbd4759318809986aa16dccd9b90dcbc69a545838ae897424f58b74ee50,2023-04,Bedfordshire Police,Bedfordshire Police,-0.298376,52.128398,On or near McMurdo Court,E01017431,Central Bedfordshire 002B,Investigation complete; no suspect identified
b3759569dfc5394f162b899823e96f171d62fbbd098a6a42bcd4808aca079b51,2023-04,Bedfordshire Police,Bedfordshire Police,-0.263108,52.085210,On or near Palace Street,E01017385,Central Bedfordshire 005C,Investigation complete; no suspect identified
c773b7334886a5a36ad5b5ef3e2df74e7da0b1e5f4d70324c174ce30e1162687,2023-04,Bedfordshire Police,Bedfordshire Police,-0.419936,51.877410,On or near Wellington Street,E01015795,Luton 021F,Unable to prosecute suspect
10d35f0492d24fb9f7d1d4f6244451fb35c8623b985852c1cf13e9b0707b18c5,2023-04,Bedfordshire Police,Bedfordshire Police,-0.434654,51.868579,On or near Tinsley Close,E01015732,Luton 020A,Suspect charged
bfeb63293722cb995b2fa5c01e58222c5f4cb1f3bc6769a20c50db040e869d7b,2023-04,Bedfordshire Police,Bedfordshire Police,-0.443330,51.886965,On or near Kingsway,E01015724,Luton 019A,Unable to prosecute suspect
ff3a4a1ba9b12927e7c239b11f9e01cfdd2e3016e92648d93b24d1d8191b79bd,2023-04,Bedfordshire Police,Bedfordshire Police,-0.642723,51.915311,On or near Highfield Road,E01017573,Central Bedfordshire 024A,Investigation complete; no suspect identified
2dcb42d015d0bc6b5e02eb25b7038f7cbfe8f001ca7ef43d6d50f367b278105a,2023-04,Bedfordshire Police,Bedfordshire Police,-0.473056,52.130232,On or near Usher Close,E01034421,Bedford 015H,Suspect charged
b25a59dc4c803ecc751c3d1125385b0be76554ca0885b06ee77c7e1eeb51d04a,2023-04,Bedfordshire Police,Bedfordshire Police,-0.408718,51.893525,On or near Sandell Close,E01015778,Luton 012E,Unable to prosecute suspect
1c54824eb5e1cc713ba85e98bbd1824bdcdee3519663ee79694e0ccc0f66f689,2023-04,Bedfordshire Police,Bedfordshire Police,-0.468603,52.136099,On or near Harpur Square,E01017466,Bedford 012A,Investigation complete; no suspect identified
8a126c0ec08cfd8ec5468b0066aef2cb40735a400ffa420dfe185cecac08d92f,2023-04,Bedfordshire Police,Bedfordshire Police,-0.524317,51.908923,On or near Shelduck Field,E01017618,Central Bedfordshire 025D,Offender given a caution
2440c7b42c1de2ee8afd434084c823fd0ccdc10e75739d86c2bde6d95b47f632,2023-04,Bedfordshire Police,Bedfordshire Police,-0.222320,52.014494,On or near Chequers Close,E01017447,Central Bedfordshire 014B,Unable to prosecute suspect
e9bda5b459236074bba5c3c84bde5988ff70281edcc660519cd52686be53c8d0,2023-04,Bedfordshire Police,Bedfordshire Police,-0.646238,51.918814,On or near Hockliffe Road,E01017603,Central Bedfordshire 020A,Unable to prosecute suspect
7c1b4daea8222c52ceb5351b772a21800c42f268f5de84243f1ca5f74e9caeb8,2023-04,Bedfordshire Police,Bedfordshire Police,,,No location,,,Investigation complete; no suspect identified
8780e49f5a3656748aa969d66c66d05b6433537f822ada325cb962d4c9e3fb6c,2023-04,Bedfordshire Police,Bedfordshire Police,-0.449717,51.881673,On or near Runley Road,E01015728,Luton 019B,Investigation complete; no suspect identified
7bfd37689e0d4e0824d2fca4c9ee98f434fd2887750ce4fb193015c7d7ecfa99,2023-04,Bedfordshire Police,Bedfordshire Police,-0.449717,51.881673,On or near Runley Road,E01015728,Luton 019B,Unable to prosecute suspect
66ef6f8894c26684391ded517f98745b26abc873df2a17959b16068161c6b9d8,2023-04,Bedfordshire Police,Bedfordshire Police,-0.416120,51.878932,On or near George Street,E01033803,Luton 023A,Investigation complete; no suspect identified
bbbd6271f2258a1e03424de479f5fdfc1c4ad7883c917e8a6062e874a892135e,2023-04,Bedfordshire Police,Bedfordshire Police,-0.476623,52.151156,On or near Manton Lane,E01017499,Bedford 010C,Unable to prosecute suspect
b25a8855873114916eb2b63e0e4d12eb888ebbac9051eb8994410b90bc4dde29,2023-04,Bedfordshire Police,Bedfordshire Police,-0.420151,51.879148,On or near Parking Area,E01033803,Luton 023A,Unable to prosecute suspect
dcd6957b40ec6973061ecb081919555b86cd19d1357f6c41bbce3dc2f1d9da9f,2023-04,Bedfordshire Police,Bedfordshire Police,-0.451719,51.911362,On or near Repton Close,E01015772,Luton 003C,Unable to prosecute suspect
2289011fb6b87110a8867d86f87c079b5363ea020c17aa7082bb9ddc91722396,2023-04,Bedfordshire Police,Bedfordshire Police,-0.505188,52.114792,On or near High Street,E01017515,Bedford 018C,Unable to prosecute suspect
53cfaa188709b26360334a751d2eb28c0f6b2cdc92f3b9ba9beb4b5d51f23c53,2023-04,Bedfordshire Police,Bedfordshire Police,-0.500114,51.874377,On or near Montgomery Grove,E01017562,Central Bedfordshire 033B,Investigation complete; no suspect identified
b0b0f5d7a608a85b814cd75c24b3dded0ac2e762dfc6e55ee72cf6b21b9cefd7,2023-04,Bedfordshire Police,Bedfordshire Police,-0.493901,51.902918,On or near Radnor Road,E01015759,Luton 009D,Unable to prosecute suspect
df661bdd3961b2c7f7d7600c34b3c57b522af2a6da10efe34b68b235f5524684,2023-04,Bedfordshire Police,Bedfordshire Police,,,No location,,,Investigation complete; no suspect identified
3f883348604d0e366784375294ad7ffe0dddf8b8c02695f3fc3f447b90765710,2023-04,Bedfordshire Police,Bedfordshire Police,-0.406103,51.895576,On or near Verde Close,E01015775,Luton 012B,Unable to prosecute suspect
aa6cb5bf896ea1a632057aedac7378db9e9c4c87dcdb0066d7e366b47a978311,2023-04,Bedfordshire Police,Bedfordshire Police,-0.389629,51.889669,On or near Dovehouse Hill,E01015779,Luton 016D,Further action is not in the public interest
a23cf18efab40e18e4ac6a6a395d0343e13c40a697797581aa30752c89549b52,2023-04,Bedfordshire Police,Bedfordshire Police,-0.684567,51.913862,On or near Chelsea Green,E01017614,Central Bedfordshire 023D,Investigation complete; no suspect identified
28e505c4b181f4c815fff9cd0314d399e74a67fc5f7776a863f05416ebb209bb,2023-04,Bedfordshire Police,Bedfordshire Police,-0.367270,51.875839,On or near Airport/Airfield,E01015808,Luton 014D,Investigation complete; no suspect identified
821c58c2c3d88c7134e80040ed5b8044100c98478f99c0bd4e8578bcb5184fc6,2023-04,Bedfordshire Police,Bedfordshire Police,-0.413687,51.869629,On or near St Paul's Road,E01015793,Luton 021E,Investigation complete; no suspect identified
e48d237e5900214b68d714c838d7e8295f17d10b5149b10cfa7aee8737d4717f,2023-04,Bedfordshire Police,Bedfordshire Police,-0.297327,52.140593,On or near Owlswood,E01017436,Central Bedfordshire 001C,Investigation complete; no suspect identified
6b2cc42f2db6023f10bcb2b418c8dd2b4b3f7a78ae3d1d8b9aedd19483b752a2,2023-04,Bedfordshire Police,Bedfordshire Police,-0.427400,52.152641,On or near Supermarket,E01017492,Bedford 007E,Investigation complete; no suspect identified
f66ef3b33bb336ef4bc9bb30eaa440b84e65f1c6a81d5d2497d209f2fb4208d6,2023-04,Bedfordshire Police,Bedfordshire Police,-0.297183,52.038942,On or near Stockbridge Road,E01017391,Central Bedfordshire 013A,Unable to prosecute suspect
94ab5e9c76e3c224f3aff5ddc0a1370c20a335f2e22d0546c109d85b27d8edc1,2023-04,Bedfordshire Police,Bedfordshire Police,-0.432160,51.911904,On or near Birdsfoot Lane,E01015744,Luton 004A,Unable to prosecute suspect
846adf8426506f4738a0f0d62b9fdc7cd6df19b83e02200aa659dbb9742d5f9b,2023-04,Bedfordshire Police,Bedfordshire Police,-0.450504,52.135539,On or near Russell Avenue,E01017468,Bedford 012C,Investigation complete; no suspect identified
05e4e7cf5a27d6b539186714db57f24eaf20162785b3a36d664d64e88b45e9ef,2023-04,Bedfordshire Police,Bedfordshire Police,-0.429401,51.889712,On or near Milliners Way,E01015705,Luton 017D,Unable to prosecute suspect
9dcdfd07b58382bd505abe5d36d7624d2220e2a33d1fc3559d046da983f1915b,2023-04,Bedfordshire Police,Bedfordshire Police,-0.429401,51.889712,On or near Milliners Way,E01015705,Luton 017D,Unable to prosecute suspect
5dce006cfc274e207705dc5be2cb7004aaa9ab56db7a21556901ce149b103e24,2023-04,Bedfordshire Police,Bedfordshire Police,,,No location,,,Investigation complete; no suspect identified
ed912a84a92f86825c6da08c57b84d6e00200f298a188ef12ab246462b7b2792,2023-04,Bedfordshire Police,Bedfordshire Police,-0.465309,51.899510,On or near Ouseley Close,E01015716,Luton 011D,Unable to prosecute suspect
ea6af706f64e7a48cead68b1c79ed01bcc737df6bed144b5b83d5401a652bb60,2023-04,Bedfordshire Police,Bedfordshire Police,-0.481838,52.136639,On or near Crowe Road,E01017536,Bedford 013B,Unable to prosecute suspect
95b8143074508d188545fdd505984732abfeb60e43e4f100f52304dc32ad667e,2023-04,Bedfordshire Police,Bedfordshire Police,-0.163480,52.113597,On or near Victoria Close,E01017426,Central Bedfordshire 003B,Unable to prosecute suspect
49be9225b1ada57ba2e651dddacc0dc60714c136928d9378813d096cf722d700,2023-04,Bedfordshire Police,Bedfordshire Police,-0.451805,51.914340,On or near Sherd Close,E01015772,Luton 003C,Unable to prosecute suspect
d0a9a355bb762636e3c0fcfadc46c835eb0aba98b4b9c5ec46db03fcf7b7fc9d,2023-04,Bedfordshire Police,Bedfordshire Police,,,No location,,,Unable to prosecute suspect
c2f36a8d55ac807495352589cb07cbfe3bc0d877cd0b0ec484802bf3f5854a8c,2023-04,Bedfordshire Police,Bedfordshire Police,-0.510416,51.906374,On or near Parkside Close,E01017581,Central Bedfordshire 026D,Unable to prosecute suspect
b617bc3a41d3aa0950d5b5c1361e444d4abca2876cfc6a4f194bc45b08a49b72,2023-04,Bedfordshire Police,Bedfordshire Police,-0.482155,52.132903,On or near Ford End Road,E01017538,Bedford 013D,Investigation complete; no suspect identified
4a48e3bffa2afdbe5c517d2293dd9ce27c9f18f6b890f326773ad581dd4dbcbb,2023-04,Bedfordshire Police,Bedfordshire Police,-0.430734,51.891501,On or near Saxon Road,E01015704,Luton 010C,Unable to prosecute suspect
a06bf3af6408468980abd128a57846fbcc1b09d5e56b4862d74f5d46d20479d9,2023-04,Bedfordshire Police,Bedfordshire Police,-0.524476,51.884558,On or near Icknield Street,E01017567,Central Bedfordshire 029B,Investigation complete; no suspect identified
44262978a20b7d64f9434cf0e9013ec2405d6ca14ea20814dae1736056e9bc5e,2023-04,Bedfordshire Police,Bedfordshire Police,-0.412330,51.880113,On or near John Street,E01033805,Luton 023C,Unable to prosecute suspect
99c432310c82eb782b08fd1ed4912ac4319ee7a1305e25fa169fca454eb15973,2023-04,Bedfordshire Police,Bedfordshire Police,-0.315586,52.174483,On or near Ford Lane,E01017542,Bedford 004D,Investigation complete; no suspect identified
90356dfff56d0fe83fce1b7a46031980b49064be276b1b33d6e65d347a58b0bf,2023-04,Bedfordshire Police,Bedfordshire Police,-0.315586,52.174483,On or near Ford Lane,E01017542,Bedford 004D,Investigation complete; no suspect identified
3f15ce29c19ba4350627a3d4d5732af19645663a7c64520f6091550e92a0c906,2023-04,Bedfordshire Police,Bedfordshire Police,-0.315586,52.174483,On or near Ford Lane,E01017542,Bedford 004D,Investigation complete; no suspect identified
2b7311d92a03d3e9d942d1238d219fc058ae2c3983fbf3e25042730089a80957,2023-04,Bedfordshire Police,Bedfordshire Police,-0.560442,52.042533,On or near Station Road,E01033820,Central Bedfordshire 009G,Unable to prosecute suspect
62563859ddcd00f40a172ec3a60f4f7a0e0e29507f2eb76db02827b2171fdaee,2023-04,Bedfordshire Police,Bedfordshire Police,-0.516827,51.906824,On or near St Andrews Lane,E01017617,Central Bedfordshire 026E,Unable to prosecute suspect
40641f68e1f49430442fb8531ae36b10d89c1e5da0e053a804b2e6b1da5bff0d,2023-04,Bedfordshire Police,Bedfordshire Police,-0.427995,51.871709,On or near Bretts Mead,E01015737,Luton 020F,Unable to prosecute suspect
adc0b7c8e8b856b439fa30efaa606b92feea85e0f2b901c8914888a8e81e2e47,2023-04,Bedfordshire Police,Bedfordshire Police,-0.468792,52.143385,On or near Foster Hill Road,E01017497,Bedford 010A,Investigation complete; no suspect identified
e968025f7628809fd371cc2f4cade8e8cb4be0d195c260c52ead2b9005dba940,2023-04,Bedfordshire Police,Bedfordshire Police,-0.666210,51.917081,On or near Water Lane,E01017557,Central Bedfordshire 021C,Unable to prosecute suspect
6c2738a65ca846b75c560a926cf8ca5d6c4bf842a9f946d4c174b8d5fdd4fa62,2023-04,Bedfordshire Police,Bedfordshire Police,-0.468747,51.906981,On or near Glaisdale,E01015754,Luton 005E,Unable to prosecute suspect
6a45521887f58a2d5166f084a3558cd00abf82a1e08b9d5d22a00a4b98c7c790,2023-04,Bedfordshire Police,Bedfordshire Police,-0.521012,51.889604,On or near Court Drive,E01033837,Central Bedfordshire 029G,Unable to prosecute suspect
a5a65d026a9c5f629635f8d469eaa20f5dabf1ae75eb95d1f9fe3051ad46b1d4,2023-04,Bedfordshire Police,Bedfordshire Police,-0.285826,52.127650,On or near High Street,E01017431,Central Bedfordshire 002B,Unable to prosecute suspect
fe539d15b57eebf84cf8afa0994624e5ab401bf3fd100dd1f143c6158814367c,2023-04,Bedfordshire Police,Bedfordshire Police,-0.484734,51.897603,On or near Suffolk Close,E01015760,Luton 009E,Unable to prosecute suspect
24cdd259f188dc627d7ee4f0c010cc041f5871e4d94c17c721a41c71f71bbfa6,2023-04,Bedfordshire Police,Bedfordshire Police,-0.407455,51.886108,On or near Kite Way,E01015743,Luton 022E,Unable to prosecute suspect
f776cba9342b5d8e08f04ba8789afce6068196e8d17dbd168cafe4e67e7d9a6d,2023-04,Bedfordshire Police,Bedfordshire Police,,,No location,,,Unable to prosecute suspect
75d0d2399302e4309c999ccb577b19ea5608d3b2ec06bf4011db393fe22139e8,2023-04,Bedfordshire Police,Bedfordshire Police,-0.414487,51.881176,On or near Theatre/Concert Hall,E01033805,Luton 023C,Unable to prosecute suspect
8404bb023dd543dc0ae66fe4e466efac188181598182fcf2dd79270efaaf8687,2023-04,Bedfordshire Police,Bedfordshire Police,-0.415956,51.874506,On or near Kelvin Close,E01033807,Luton 021H,Unable to prosecute suspect
6f897fbdcb84943c988a444fe4895f6d4213947b09b27f7187bd23d8a26e1975,2023-04,Bedfordshire Police,Bedfordshire Police,-0.645615,51.911982,On or near Lywood Road,E01017576,Central Bedfordshire 024D,Unable to prosecute suspect
9f2366d2d55439c7789b1a056a448751f2ecbade5e9c36eeb60874c099707020,2023-04,Bedfordshire Police,Bedfordshire Police,-0.390498,51.897072,On or near Mobley Green,E01015776,Luton 012C,Investigation complete; no suspect identified
5962d9fbc8add605d0d5f9b9e544970433a8cd614f4e3f9a044ee1d3e6277158,2023-04,Bedfordshire Police,Bedfordshire Police,-0.474433,51.894144,On or near Hospital,E01015713,Luton 013A,Investigation complete; no suspect identified
22b4316d446695cc59f645c95be9ce2b3084a014ce9f1dbd42360f979ece7919,2023-04,Bedfordshire Police,Bedfordshire Police,-0.446949,51.889881,On or near Sports/Recreation Area,E01015731,Luton 015C,Investigation complete; no suspect identified
166d110c890b714197dc4cbd30d227c7e8b7d8b62f2e7013f0dd339b9857ba2f,2023-04,Bedfordshire Police,Bedfordshire Police,-0.449972,51.889463,On or near Connaught Road,E01015731,Luton 015C,Unable to prosecute suspect
efccbf16b54e1d1d38acd0857ee3aca8ff9dd001f86d1d51c63233c6e3a5661a,2023-04,Bedfordshire Police,Bedfordshire Police,-0.405622,52.031810,On or near Castle Hill Court,E01017421,Central Bedfordshire 008E,Unable to prosecute suspect
00f64cedf04f205cbeb10a744669c78f3fbb02d9bf59162c42c38040fc7d92d3,2023-04,Bedfordshire Police,Bedfordshire Police,,,No location,,,Unable to prosecute suspect
e03382141598cab01941cbf70a820e8e24df349a683911371452c81a164c0455,2023-04,Bedfordshire Police,Bedfordshire Police,-0.482155,52.132903,On or near Ford End Road,E01017538,Bedford 013D,Investigation complete; no suspect identified
6c7e82a47b8cfdd2448320c1173afd8ec3e9106cc23b2114cef0ac4ed1b86874,2023-04,Bedfordshire Police,Bedfordshire Police,-0.399977,51.873274,On or near B653,E01015790,Luton 021B,Action to be taken by another organisation
88186300c335d19a89d17fee257d0799d48619f0c142489b945d7c7c9499d736,2023-04,Bedfordshire Police,Bedfordshire Police,-0.399977,51.873274,On or near B653,E01015790,Luton 021B,Investigation complete; no suspect identified
48da78cc3b67702a0f7522ca34b803e731bad69fa5d996d40ddf5c1dc961bc70,2023-04,Bedfordshire Police,Bedfordshire Police,-0.323635,52.036507,On or near Cedar Close,E01017438,Central Bedfordshire 011B,Unable to prosecute suspect
e7bdc0662bebd765eb682d89c9d31ed73e86fab02bff34fef6b41576e7ef10e9,2023-04,Bedfordshire Police,Bedfordshire Police,-0.538352,52.147477,On or near Browning Close,E01017459,Bedford 008A,Investigation complete; no suspect identified
f18537bb0f2b44221a128752fe1b52e9ba2ea071eaf1bc766e77b2f3b1eb3c66,2023-04,Bedfordshire Police,Bedfordshire Police,-0.452310,51.901785,On or near Canterbury Close,E01015785,Luton 006G,Unable to prosecute suspect
c8e2c320b728f459f711862447b03651eb04da108c7e0854ce95b41cae2124ab,2023-04,Bedfordshire Police,Bedfordshire Police,-0.452310,51.901785,On or near Canterbury Close,E01015785,Luton 006G,Unable to prosecute suspect
44a840902bcda4d6f22d240c68280473ce4525ad74b05c64e76c32af9e7a0e1a,2023-04,Bedfordshire Police,Bedfordshire Police,-0.506247,52.012691,On or near Pankhurst Row,E01017406,Central Bedfordshire 016D,Investigation complete; no suspect identified
cdf059e0e8a4981e4c8f201ab61d50ae01d33f957e84063ba5c580e914a5b133,2023-04,Bedfordshire Police,Bedfordshire Police,-0.404154,51.889039,On or near Winch Street,E01015742,Luton 022B,Unable to prosecute suspect
3e21b12749290d94ffff9a3b40963efc9fa4df9b1536b6672cd98e2ad0a5efa8,2023-04,Bedfordshire Police,Bedfordshire Police,-0.459849,52.146334,On or near St George's Road,E01017482,Bedford 009A,Unable to prosecute suspect
f40c11a841c15564af9e382469dee018038b9f02f70b3690cd17e7484225053a,2023-04,Bedfordshire Police,Bedfordshire Police,-0.550407,52.062461,On or near Tylecote Close,E01017418,Central Bedfordshire 009C,Unable to prosecute suspect
e95d50ce1c111117943cb0898efeddde33d8b9040b084b40f8888c0ff6c41a12,2023-04,Bedfordshire Police,Bedfordshire Police,-0.380717,52.009755,On or near Orchard Close,E01017441,Central Bedfordshire 011E,Unable to prosecute suspect
bfbbfa9883caa80d0a2e938ec1681d946536eaee2101d4c25594343bf4c51a4e,2023-04,Bedfordshire Police,Bedfordshire Police,-0.380717,52.009755,On or near Orchard Close,E01017441,Central Bedfordshire 011E,Unable to prosecute suspect
f9b84fba86af2b12e22d5aa93c9c1e2eec3a1f9a25f54b2ccd7d5434555176f5,2023-04,Bedfordshire Police,Bedfordshire Police,-0.433486,52.157901,On or near Colchester Way,E01017533,Bedford 006E,Unable to prosecute suspect
04f5350c56cdad8f7f742e81da05f375706a8fa21ba421d47fa2e0562b86f66e,2023-04,Bedfordshire Police,Bedfordshire Police,-0.390498,51.897072,On or near Mobley Green,E01015776,Luton 012C,Investigation complete; no suspect identified
fedb7cd02e28129b37de74c4d485a12a003e02c602eb7c029e88805dbe29403d,2023-04,Bedfordshire Police,Bedfordshire Police,-0.414871,51.877270,On or near Flowers Way,E01033806,Luton 021G,Investigation complete; no suspect identified
c3894c9fcf9922af1c8bfd6d0ca747ef4fae603e673c04681cdfcf112bd1d99f,2023-04,Bedfordshire Police,Bedfordshire Police,-0.380717,52.009755,On or near Orchard Close,E01017441,Central Bedfordshire 011E,Unable to prosecute suspect
1f19f01c94270f36dcfdb0dca48f4b09b3289bae34317b82d484d34733d51245,2023-04,Bedfordshire Police,Bedfordshire Police,-0.295765,52.131355,On or near South Road,E01017430,Central Bedfordshire 002A,Action to be taken by another organisation
c7aba2e11895e6f47c6883335122f72dc43eac4ea88b335a103f9ff9b07efa32,2023-04,Bedfordshire Police,Bedfordshire Police,-0.295765,52.131355,On or near South Road,E01017430,Central Bedfordshire 002A,Action to be taken by another organisation
ddfdcfc7ce99d3b0eac8cd51f635fcf06333fa9bb9e1d97abd8459549ed277f1,2023-04,Bedfordshire Police,Bedfordshire Police,-0.423236,51.882741,On or near Supermarket,E01015699,Luton 017B,Unable to prosecute suspect
a377f2c920db32e62f6f512390cfd09ac81e34a9725b42c12e0ec0417a676800,2023-04,Bedfordshire Police,Bedfordshire Police,-0.524476,51.884558,On or near Icknield Street,E01017567,Central Bedfordshire 029B,Unable to prosecute suspect
3a720a7925cf23836f04275c841e710d6dada835148794e21f3cf6413b0f2349,2023-04,Bedfordshire Police,Bedfordshire Police,-0.524476,51.884558,On or near Icknield Street,E01017567,Central Bedfordshire 029B,Unable to prosecute suspect
728e2774b6692177fe243d936e606a595082b8ac406c071056a79fc03864bb1d,2023-04,Bedfordshire Police,Bedfordshire Police,-0.397231,51.893711,On or near Moreton Road North,E01015776,Luton 012C,Unable to prosecute suspect
a4baed1b3e58beb8884efaf9eb402988b7a64b84ef5414cc8c35485e83add714,2023-04,Bedfordshire Police,Bedfordshire Police,-0.397603,51.894696,On or near Stephens Gardens,E01015776,Luton 012C,Unable to prosecute suspect
53fa2f514ab6907047552b8ea1bf46153d4b1a33185ee62b32340ab0266645d6,2023-04,Bedfordshire Police,Bedfordshire Police,-0.468015,51.905434,On or near Clifford Crescent,E01015751,Luton 005B,Unable to prosecute suspect
5c7a5da3933dbefc91e43bc7dc8b3a1c310eab3faf309e71373648cf548eb7cc,2023-04,Bedfordshire Police,Bedfordshire Police,-0.432405,51.883943,On or near Sports/Recreation Area,E01015725,Luton 017E,Investigation complete; no suspect identified
2f9694b73ab70df2f6b0ec807470f6a6a759d1b0b5a85b681b8201f0ba130c41,2023-04,Bedfordshire Police,Bedfordshire Police,-0.399977,51.873274,On or near B653,E01015790,Luton 021B,Investigation complete; no suspect identified
1712f473de81907c2213f0b6de8a0551e9db5b499e5054590e55165356c8c962,2023-04,Bedfordshire Police,Bedfordshire Police,-0.411539,51.878250,On or near Further/Higher Educational Building,E01015789,Luton 023D,Investigation complete; no suspect identified
5acaf4f61c8c22da5e712d697bd17cb273107678ea824212d43b54b20596b91d,2023-04,Bedfordshire Police,Bedfordshire Police,-0.668092,51.917849,On or near Supermarket,E01017557,Central Bedfordshire 021C,Investigation complete; no suspect identified
d6862f2db664761e84d576dd271b248927a9a1a1a6936a7d602f957791dadb3d,2023-04,Bedfordshire Police,Bedfordshire Police,-0.442133,51.924948,On or near Catesby Green,E01015706,Luton 001A,Investigation complete; no suspect identified
8e230a8fc01453fd5cf4736e0a97f2b8be0222b96e5f4f754793391e34a51f67,2023-04,Bedfordshire Police,Bedfordshire Police,-0.298773,52.037604,On or near Sports/Recreation Area,E01017391,Central Bedfordshire 013A,Investigation complete; no suspect identified
9c6ae1a5d5cf45215a2975d5a9267413b3654ac448e08234fe29fab3393c913b,2023-04,Bedfordshire Police,Bedfordshire Police,-0.611991,51.901007,On or near Billington Road,E01033827,Central Bedfordshire 019G,Investigation complete; no suspect identified
9f4837f0332bbd67e99524b475163e5baec445c8e357f3af0539412295cfeb1d,2023-04,Bedfordshire Police,Bedfordshire Police,-0.462420,52.123449,On or near Faraday Road,E01017472,Bedford 015A,Investigation complete; no suspect identified
61154bea2a2784eab9dcb6a4ce343a545d00e275f369f6f4e42e7af6ed65f10d,2023-04,Bedfordshire Police,Bedfordshire Police,-0.433798,51.911620,On or near Leyburne Road,E01015744,Luton 004A,Investigation complete; no suspect identified
bc8c45aca854c98915e6f52520aafb997b3d8455dcaf396316c2eacee33ee538,2023-04,Bedfordshire Police,Bedfordshire Police,-0.426331,52.141091,On or near Heather Gardens,E01017527,Bedford 011D,Investigation complete; no suspect identified
6c8e5f3c7d2a42015c70ebee1f23d0ef9d966924c0316a85d12a30006d78f2bb,2023-04,Bedfordshire Police,Bedfordshire Police,-0.500367,51.947518,On or near Toddington Service Area,E01017620,Central Bedfordshire 019C,Investigation complete; no suspect identified
54df47ce5b46012e983689cf343f6420f6297c33ae25ab2c24ddf55af4eb40ad,2023-04,Bedfordshire Police,Bedfordshire Police,-0.510221,51.886348,On or near Stokers Close,E01017592,Central Bedfordshire 030A,Investigation complete; no suspect identified
5fda83da2f560acdc7b43c9edebb1008b74e3f8b87b4239a13f9214013595ef9,2023-04,Bedfordshire Police,Bedfordshire Police,-0.442171,52.146992,On or near Haylands Way,E01017488,Bedford 007A,Unable to prosecute suspect
88d6b84128fe8aafdb663bc2ed313cbd917de5b64af6337e7676d39280a82157,2023-04,Bedfordshire Police,Bedfordshire Police,-0.527365,51.900177,On or near Alabaster Avenue,E01017578,Central Bedfordshire 026A,Investigation complete; no suspect identified
f616a0b0eafdc97399a664d455913afc14cd184f37381ba503772892cc063e79,2023-04,Bedfordshire Police,Bedfordshire Police,-0.425929,51.911317,On or near Glenfield Road,E01015744,Luton 004A,Investigation complete; no suspect identified
95dec05303c767d36f784742deb0de152cbc348bf2ca93867646373ac2f80016,2023-04,Bedfordshire Police,Bedfordshire Police,-0.423534,51.919573,On or near Sports/Recreation Area,E01015746,Luton 004B,Investigation complete; no suspect identified
a14c4409edb32a882721c79b4acc39e028b6492128dff677c99d1e0902b82f4c,2023-04,Bedfordshire Police,Bedfordshire Police,-0.500367,51.947518,On or near Toddington Service Area,E01017620,Central Bedfordshire 019C,Investigation complete; no suspect identified
acb02aa0d7170ebb238a8ff5e12235c1b4f22a647bdda22f311ce7a28d4ad2a3,2023-04,Bedfordshire Police,Bedfordshire Police,-0.439913,51.917231,On or near Leamington Road,E01015710,Luton 001E,Investigation complete; no suspect identified
6fbb3cf2eb06b0c5a952455390e5d05036f065755d4d6a92676ce45a1ebe16f5,2023-04,Bedfordshire Police,Bedfordshire Police,-0.501256,51.927397,On or near Luton Road,E01017620,Central Bedfordshire 019C,Unable to prosecute suspect
9de2000c4122051ad545c8644bae6ec6212b6f1b3c24a4aa68f8fcd8a3801122,2023-04,Bedfordshire Police,Bedfordshire Police,,,No location,,,Unable to prosecute suspect
64b3455670fecc5a2008ed19f04e8bfc89f78ce92c291661e0ec1f396caae657,2023-04,Bedfordshire Police,Bedfordshire Police,-0.258346,52.083063,On or near Byron Close,E01017383,Central Bedfordshire 005A,Investigation complete; no suspect identified
56f635ca89ab240a9bc90465a4975adcaeb68ca00b66f102ddeab59d25d72f10,2023-04,Bedfordshire Police,Bedfordshire Police,-0.512888,52.108559,On or near Smith Mews,E01034424,Bedford 018H,Investigation complete; no suspect identified
a7392279cd4a6a2d5a00c74ce68b43405824b6dd5d94a3d318827f33af7a45a0,2023-04,Bedfordshire Police,Bedfordshire Police,-0.454556,52.121063,On or near Alpine View,E01017518,Bedford 014A,Investigation complete; no suspect identified
11337fdfe57bc625342dadbfd1de6ba13660b77a005d7e3b00de8bf1b2168cb8,2023-04,Bedfordshire Police,Bedfordshire Police,-0.443183,51.920664,On or near Gilder Close,E01015709,Luton 001D,Investigation complete; no suspect identified
e21f92bfb340fe6bdd7ad422727e391fa704e5c79358a37737e9b98cd2613ee9,2023-04,Bedfordshire Police,Bedfordshire Police,-0.433821,51.919740,On or near Whitwell Close,E01015710,Luton 001E,Investigation complete; no suspect identified
1029f027a3daf966a9d1e13b02a09fcc159ba1eb1f04fac7a4cef62430775c52,2023-04,Bedfordshire Police,Bedfordshire Police,-0.398598,51.872428,On or near Gipsy Lane,E01015790,Luton 021B,Unable to prosecute suspect
64a019e9c1fdc4041f8c811d29d26ee81dd9b868c407a0898cab4abd3edab92e,2023-04,Bedfordshire Police,Bedfordshire Police,-0.440584,51.888637,On or near Beresford Road,E01015726,Luton 015B,Investigation complete; no suspect identified
687c6e3e7b422a0550607626fd4afc1b38cb978953a610e74f6e82908b2e2945,2023-04,Bedfordshire Police,Bedfordshire Police,-0.472952,52.127299,On or near Endsleigh Road,E01034420,Bedford 015G,Unable to prosecute suspect
b5a1a19798e9b2a41657cd86d9243c708d4abf2420b3f2fb4ac05ff7072b1a1c,2023-04,Bedfordshire Police,Bedfordshire Police,-0.525366,51.882681,On or near Bennetts Close,E01017565,Central Bedfordshire 029A,Investigation complete; no suspect identified
40074d20d3cb77d33fd258b66566e1081b8a1a7eabf99aa229c0d7c3ed3ee8fb,2023-04,Bedfordshire Police,Bedfordshire Police,-0.642723,51.915311,On or near Highfield Road,E01017573,Central Bedfordshire 024A,Investigation complete; no suspect identified
72e0431063257618beb7dffff00429dbf90eda942b26a0b98059a15f89f733e9,2023-04,Bedfordshire Police,Bedfordshire Police,-0.660931,51.916635,On or near Market Square,E01017555,Central Bedfordshire 021A,Unable to prosecute suspect
7ef88d70ee798198f7979cc2261be562000bfd9839b659c0bc2e87e603d65e40,2023-04,Bedfordshire Police,Bedfordshire Police,-0.646949,51.926590,On or near Vandyke Road,E01017609,Central Bedfordshire 021E,Further investigation is not in the public interest
ffc693be537aafa5cb40cc3f7b8971e9f26c56846c6d377c811d3e3a37dd6bdb,2023-04,Bedfordshire Police,Bedfordshire Police,-0.421247,51.882706,On or near Parking Area,E01015699,Luton 017B,Investigation complete; no suspect identified
13c7f02c9e5a0b0f9c6cd336bd7f2ac4b39dc0f1e1a8be8258a5d72d000071f1,2023-04,Bedfordshire Police,Bedfordshire Police,-0.641287,51.885794,On or near Greenacres,E01033827,Central Bedfordshire 019G,Unable to prosecute suspect
7af99b4ddc61eddf94487f12a3cb80de7b24e6f5edcac76b2b778513b5d4dcd7,2023-04,Bedfordshire Police,Bedfordshire Police,,,No location,,,Investigation complete; no suspect identified
f3b15f2c977f78bc4a32b3f9097099394939846d5e5bd62e468ca0549eedbe23,2023-04,Bedfordshire Police,Bedfordshire Police,-0.453426,51.897628,On or near Tenby Drive,E01015717,Luton 011E,Unable to prosecute suspect
42a045210113b885f6793b7bb539d8a00fc542ee9e6d2da11ae3418cabe81351,2023-04,Bedfordshire Police,Bedfordshire Police,-0.510384,51.878329,On or near Index Drive,E01017623,Central Bedfordshire 031A,Unable to prosecute suspect
efe80c5ce12d32e0d7ee344b616e736d292b26ce01e3ed7a740f8403f714f773,2023-04,Bedfordshire Police,Bedfordshire Police,-0.428045,51.884838,On or near Shopping Area,E01015727,Luton 017F,Unable to prosecute suspect
69431112572e492a15ccb4c45a9f1aebb0b7e293c46b6d4f90699c9bb12a340f,2023-04,Bedfordshire Police,Bedfordshire Police,-0.510384,51.878329,On or near Index Drive,E01017623,Central Bedfordshire 031A,Unable to prosecute suspect
ad282e6b18171638dbc31f54f23b827a302da3831eb0d39fe0882a7ff727de70,2023-04,Bedfordshire Police,Bedfordshire Police,-0.471840,52.127330,On or near Ombersley Road,E01034420,Bedford 015G,Unable to prosecute suspect
0f95e04069c035b8f20e1cf32aee2a7aa4ffeee8699e332629cdf81e91487626,2023-04,Bedfordshire Police,Bedfordshire Police,-0.401151,51.881931,On or near Whitecroft Road,E01015720,Luton 016B,Unable to prosecute suspect
c415b64214f7ade00a75634cb0db0dd099524aee95c3da53afff9eaa43004a06,2023-04,Bedfordshire Police,Bedfordshire Police,-0.325505,52.145960,On or near Armistice Croft,E01017423,Central Bedfordshire 004C,Unable to prosecute suspect
5bccfeb4efb9833260f2768bbad7e1985845f5743ed2620e8b2647fdbfd244d0,2023-04,Bedfordshire Police,Bedfordshire Police,-0.289422,52.135992,On or near Wesley Road,E01017433,Central Bedfordshire 001A,Unable to prosecute suspect
695ed327f45f26d2c29f9df67f0fd4a4ec80d4d25ad3da05f72582b521d29b5b,2023-04,Bedfordshire Police,Bedfordshire Police,-0.422755,51.892770,On or near Primrose Close,E01015700,Luton 010A,Investigation complete; no suspect identified
d2efd913d62a97e643271f495edcf7dc2a78fec8286ba2067caa0982cb456cec,2023-04,Bedfordshire Police,Bedfordshire Police,-0.412915,51.873395,On or near Albert Road,E01033807,Luton 021H,Investigation complete; no suspect identified
3d8a3fb60cb161127da2350002671d30b04f313bf28903821c5febefb8799ae7,2023-04,Bedfordshire Police,Bedfordshire Police,-0.468437,52.126468,On or near Ossory Way,E01017474,Bedford 015C,Action to be taken by another organisation
8284964cc8e37ea93bdf717322d47595b54f6fa2a5f7dce8d6ad20ea794b138d,2023-04,Bedfordshire Police,Bedfordshire Police,-0.459500,51.898957,On or near Morgan Close,E01015750,Luton 011F,Unable to prosecute suspect
87b4525ca22b0dd848c5071545a6961716afa854b94dfb5bcbf1346bb8f21b1d,2023-04,Bedfordshire Police,Bedfordshire Police,-0.368192,51.892556,On or near Rowington Close,E01015806,Luton 014C,Unable to prosecute suspect
aefa514088149781f9282319ca45225c455b1802052d7bf9b70c64685616e576,2023-04,Bedfordshire Police,Bedfordshire Police,-0.519430,51.884683,On or near The Square,E01017565,Central Bedfordshire 029A,Unable to prosecute suspect
b9e7a2d8a91321155c7cb8d3f6df52caf7678a50b24ea493a0a7d29fcec55f64,2023-04,Bedfordshire Police,Bedfordshire Police,-0.522004,51.902762,On or near Queen Street,E01017578,Central Bedfordshire 026A,Unable to prosecute suspect
0fef9ce38169ba0bd799ab5857da8ce4f7cb7e5b93854f96290b2bb7962d236b,2023-04,Bedfordshire Police,Bedfordshire Police,-0.647744,51.908383,On or near Elliot Way,E01033829,Central Bedfordshire 024I,Unable to prosecute suspect
8bed4cdef14b31c3db00c3e4bca021ddd861b136421dae3b9beca8bdc270eef8,2023-04,Bedfordshire Police,Bedfordshire Police,-0.647744,51.908383,On or near Elliot Way,E01033829,Central Bedfordshire 024I,Unable to prosecute suspect
0a526f75e6bd03666581a9556059c04c0a19b2ab9495b4ab330a94795bf8ddb6,2023-04,Bedfordshire Police,Bedfordshire Police,-0.451643,51.902990,On or near Marsh Road,E01015785,Luton 006G,Unable to prosecute suspect
cabfc6d0bca9ee0c649c98cc9e2da15069a337ad103f924dec422f6d6d243530,2023-04,Bedfordshire Police,Bedfordshire Police,-0.325505,52.145960,On or near Armistice Croft,E01017423,Central Bedfordshire 004C,Unable to prosecute suspect
61109dd135b78aa428b6d1700173164600cc4ae91d1093c2c5d927930e7e360a,2023-04,Bedfordshire Police,Bedfordshire Police,-0.325505,52.145960,On or near Armistice Croft,E01017423,Central Bedfordshire 004C,Unable to prosecute suspect
a12391efff47d42ed5c610a586257c70c6d0dfd917aaba4530e5d12325b49e15,2023-04,Bedfordshire Police,Bedfordshire Police,-0.325505,52.145960,On or near Armistice Croft,E01017423,Central Bedfordshire 004C,Unable to prosecute suspect
ea3a501c4873bb5ea0b1b256935f675e4f1b5a7b570f19bbe488a268d97f7c54,2023-04,Bedfordshire Police,Bedfordshire Police,-0.413776,51.882390,On or near Luton,E01033805,Luton 023C,Unable to prosecute suspect
b19299956726ac677a9b8fe12d28097603a739af087431b817378edb80391b0d,2023-04,Bedfordshire Police,Bedfordshire Police,-0.325505,52.145960,On or near Armistice Croft,E01017423,Central Bedfordshire 004C,Unable to prosecute suspect
d191fc3704050c2a8f68d812ebb59c0d283c037e0e9141bb89d769a70ee0f881,2023-04,Bedfordshire Police,Bedfordshire Police,-0.325505,52.145960,On or near Armistice Croft,E01017423,Central Bedfordshire 004C,Unable to prosecute suspect
9d3b2e32304eaec114546eb8604419051c2807723a773274ef129134ebda21ed,2023-04,Bedfordshire Police,Bedfordshire Police,-0.325505,52.145960,On or near Armistice Croft,E01017423,Central Bedfordshire 004C,Unable to prosecute suspect
af16797cf44ccd14871c6cb52ea2fecc1a0fb5d88d4e4c1066a5bcf5e713fbe4,2023-04,Bedfordshire Police,Bedfordshire Police,,,No location,,,Investigation complete; no suspect identified
7e571de1b9e90a73b52bd780f8c27bac64b0b2bcd4891634835c21c07cf4e1a8,2023-04,Bedfordshire Police,Bedfordshire Police,-0.325505,52.145960,On or near Armistice Croft,E01017423,Central Bedfordshire 004C,Unable to prosecute suspect
0941d83f2324a3ceb55a9010d905d1ea6237fb6671cceb68960e5a3cf5683143,2023-04,Bedfordshire Police,Bedfordshire Police,-0.379144,51.886243,On or near Barrowby Close,E01015721,Luton 014A,Unable to prosecute suspect
c87dae5da0b2c65bd094597218829e867982e17f9fd097e8cde563d8a76dee82,2023-04,Bedfordshire Police,Bedfordshire Police,-0.407199,51.883065,On or near Crescent Rise,E01015743,Luton 022E,Unable to prosecute suspect
5e17fd0e63151d8d6d30ffe8bb3230177320cf4fdceb2851ced598f9e0ff408b,2023-04,Bedfordshire Police,Bedfordshire Police,-0.656636,51.912917,On or near A4012,E01033828,Central Bedfordshire 024H,Unable to prosecute suspect
311754bed72b58f71b1fccd598e15c83b8d2eea7f89ad4381154bf40cf732ad6,2023-04,Bedfordshire Police,Bedfordshire Police,-0.415025,51.880320,On or near Parking Area,E01033805,Luton 023C,Unable to prosecute suspect
fec87b70ee63f546e79304abb5ebee0838c34c69add3766bf9e39f550c893890,2023-04,Bedfordshire Police,Bedfordshire Police,-0.643241,51.907782,On or near Sandpiper Way,E01033192,Central Bedfordshire 024F,Unable to prosecute suspect
91029eefac9d1538aee95e40b80fa310fc52fa3391e938fa255024007358e668,2023-04,Bedfordshire Police,Bedfordshire Police,-0.488645,52.134110,On or near Allen Close,E01017535,Bedford 013A,Unable to prosecute suspect
ef1df58a75418b087cffcab945f49e2be1a5e262de62a33b37f704f72d9b400e,2023-04,Bedfordshire Police,Bedfordshire Police,-0.517395,51.897075,On or near Foster Avenue,E01017581,Central Bedfordshire 026D,Unable to prosecute suspect
2613a4a5301c82d70559bf4cc0514fff73bf6741946c3b52b520bdabc30df359,2023-04,Bedfordshire Police,Bedfordshire Police,-0.524146,51.841376,On or near Dunstable Road,E01017587,Central Bedfordshire 032D,Unable to prosecute suspect
88dd66ec9e25e923883ad9182a54150966eb6897dfa374d441b8f1bbf1a694e8,2023-04,Bedfordshire Police,Bedfordshire Police,-0.413805,51.884035,On or near Cross Street,E01033802,Luton 022D,Unable to prosecute suspect
6b57937ab189bb11fb47b74fb2446c602a594ae0348848aceed7c27bcaeb1156,2023-04,Bedfordshire Police,Bedfordshire Police,-0.656636,51.912917,On or near A4012,E01033828,Central Bedfordshire 024H,Unable to prosecute suspect
91cf5670e1421f14dee9d2a73101a2d8298cc6fe3a19d47901fff4dfd93dec2f,2023-04,Bedfordshire Police,Bedfordshire Police,-0.456553,52.122455,On or near Myrtle Road,E01017518,Bedford 014A,Investigation complete; no suspect identified
d6e4ac131a5cb36eb73f2de3d9ab516e3bee710954d6a7d6affdbeb65e8a05fd,2023-04,Bedfordshire Police,Bedfordshire Police,-0.515589,51.905567,On or near Petrol Station,E01017617,Central Bedfordshire 026E,Investigation complete; no suspect identified
5639ee6c78afb7191b93b05aace796a4634749dbcb55e2e7bcdd12783df02524,2023-04,Bedfordshire Police,Bedfordshire Police,-0.422690,51.883822,On or near Crawley Road,E01015699,Luton 017B,Suspect charged
4e4de03b53d535d1c65679dd6459086292d25aaa64380d763e8dfc8121aa3e83,2023-04,Bedfordshire Police,Bedfordshire Police,-0.500068,52.108964,On or near Abbott Crescent,E01017514,Bedford 018B,Investigation complete; no suspect identified
429b942e20b102ba70799b44871d2231483e514ac9433d46c7ebdf87d6550343,2023-04,Bedfordshire Police,Bedfordshire Police,-0.298376,52.128398,On or near McMurdo Court,E01017431,Central Bedfordshire 002B,Investigation complete; no suspect identified
7b8e14e20ae83d0b10ece507713bb459e720e7de8268672150db63fdb0a13770,2023-04,Bedfordshire Police,Bedfordshire Police,-0.298376,52.128398,On or near McMurdo Court,E01017431,Central Bedfordshire 002B,Investigation complete; no suspect identified
342a9c15e7369e8b0ee6fee455588835165d0aac9a7068d8f8a6858970aa19b1,2023-04,Bedfordshire Police,Bedfordshire Police,-0.473679,52.138503,On or near Beckett Street,E01017471,Bedford 012F,Unable to prosecute suspect
e004719b29530a1296a30cb1fcba7d71c3785bca88ce2427527959552556e5dc,2023-04,Bedfordshire Police,Bedfordshire Police,-0.473585,52.147241,On or near Hogarth Close,E01017498,Bedford 010B,Unable to prosecute suspect
3f2aa66effc2e26409bdcadf66154ac4e9de5da519a860dfc4797b06d5cce71f,2023-04,Bedfordshire Police,Bedfordshire Police,-0.522952,51.886274,On or near Parking Area,E01017568,Central Bedfordshire 029C,Investigation complete; no suspect identified
42049190525354f8414252b842dd45f19f7a131a6f999472c21d7fb6ea8050cc,2023-04,Bedfordshire Police,Bedfordshire Police,-0.664438,51.918967,On or near Bassett Road,E01017555,Central Bedfordshire 021A,Unable to prosecute suspect
49c96d67b1f7d2392cd9c2a665283932300a111a2388c022fa7a7300f105c905,2023-04,Bedfordshire Police,Bedfordshire Police,,,No location,,,Suspect charged
f4e52f65b8e56cf731b185ab6d9a9fd2ee82230550f55599cf0b87c604d099d4,2023-04,Bedfordshire Police,Bedfordshire Police,-0.494019,51.960223,On or near Prudence Close,E01017408,Central Bedfordshire 017B,Unable to prosecute suspect
474d0ca6ec92f3a828b48ba0647c2bb177aa9cb47e8b87a492a5a5874103a1e3,2023-04,Bedfordshire Police,Bedfordshire Police,-0.440584,51.888637,On or near Beresford Road,E01015726,Luton 015B,Suspect charged
8253440fe0fcc058daf0a7da895330330df36f947e590513e0c58a06f39257b4,2023-04,Bedfordshire Police,Bedfordshire Police,-0.531518,51.887389,On or near Chiltern Road,E01017596,Central Bedfordshire 028C,Investigation complete; no suspect identified
d8ad168f1db7199fc36efdd4d8914b398a37f309648c5d1beb3a698d84254cbe,2023-04,Bedfordshire Police,Bedfordshire Police,-0.474433,51.894144,On or near Hospital,E01015713,Luton 013A,Investigation complete; no suspect identified
23dc033027df869bd3956d7969dc3ed1cfd3779b94e0a6c755cb74042a0d2817,2023-04,Bedfordshire Police,Bedfordshire Police,-0.347980,52.010856,On or near Church Road,E01017393,Central Bedfordshire 013C,Investigation complete; no suspect identified
3d1f2d70c3bbe70962b0f679a3877e1343908cc9442ad2759735c82af0168663,2023-04,Bedfordshire Police,Bedfordshire Police,-0.472836,51.915442,On or near Daisy Place,E01015804,Luton 002C,Unable to prosecute suspect
bc9235f0c029bef0f49af65c3d1871c7daad7a40bfc6ce551917d8a0ae9c6674,2023-04,Bedfordshire Police,Bedfordshire Police,-0.442628,51.889609,On or near Dunstable Close,E01015726,Luton 015B,Investigation complete; no suspect identified
26e68d0f75ea0e26a93e03e477f6f1fb840532f1d099f94b14289e316d36b502,2023-04,Bedfordshire Police,Bedfordshire Police,-0.472952,52.127299,On or near Endsleigh Road,E01034420,Bedford 015G,Investigation complete; no suspect identified
2c0fcab50b06f92f6f10d338ec9abc416bd900209ee16e09c08b3c9c9fd255b3,2023-04,Bedfordshire Police,Bedfordshire Police,-0.423453,51.877799,On or near Napier Road,E01015795,Luton 021F,Investigation complete; no suspect identified
0c0851b59933a464ba76d2dbdd188595a77a3ba0f06eed703c6401b086fa53af,2023-04,Bedfordshire Police,Bedfordshire Police,-0.471328,51.915323,On or near Honeysuckle Close,E01015804,Luton 002C,Suspect charged
9959c4a037c9fa8085c629bef8e1ffe5a333519461060782af0a0a998bca2bd9,2023-04,Bedfordshire Police,Bedfordshire Police,-0.293843,52.139221,On or near Havelock Close,E01017436,Central Bedfordshire 001C,Unable to prosecute suspect
786d25df6077d827d7131f8273d11964c27f8b660a3cfdccae8826aaffb46945,2023-04,Bedfordshire Police,Bedfordshire Police,-0.666210,51.917081,On or near Water Lane,E01017557,Central Bedfordshire 021C,Unable to prosecute suspect
c36bd43219d016f8f11bc335417f5abad05cfb5d3eb63dd8e12e8d778b226266,2023-04,Bedfordshire Police,Bedfordshire Police,-0.407528,51.876622,On or near Gloucester Road,E01015789,Luton 023D,Unable to prosecute suspect
f5ad78a8890a91f7cf58e7cc86d3a63991e252deb8bcdc43a7e090c2cc89f51e,2023-04,Bedfordshire Police,Bedfordshire Police,-0.426311,51.885399,On or near Waldeck Road,E01015698,Luton 017A,Unable to prosecute suspect
178370a4c2d6aba71b974d39714bfad00cd86faf04800bccbf1003351ca26362,2023-04,Bedfordshire Police,Bedfordshire Police,-0.461999,52.137362,On or near Saint Cuthberts Court,E01034418,Bedford 012G,Suspect charged
cc79fef61d75685d9eea55519f575b2e96fa8ea68f3edaffaef87b63eb4e036d,2023-04,Bedfordshire Police,Bedfordshire Police,-0.664630,51.915463,On or near Church Square,E01017555,Central Bedfordshire 021A,Unable to prosecute suspect
f90724167d8f21583fbfa07487049b591ebdea5309f82ecdb77ea5312ee5a33c,2023-04,Bedfordshire Police,Bedfordshire Police,,,No location,,,Investigation complete; no suspect identified
71cbf7c3c6a067dd314d05d269d8aa899f1b58a77f96e3308d1b7418605c1b8e,2023-04,Bedfordshire Police,Bedfordshire Police,-0.475629,51.904661,On or near Westerdale,E01015749,Luton 005A,Suspect charged
cbb05661d2b2453202e7ae9a89c1e7e9dd7ee48f7ef306f0705bb815702f220c,2023-04,Bedfordshire Police,Bedfordshire Police,-0.483243,52.134841,On or near Howard Place,E01017539,Bedford 013E,Offender given a caution
e145b6ca106228fe60443e22f80256d63211a3da16b63c5d9c44927097a1d983,2023-04,Bedfordshire Police,Bedfordshire Police,-0.434839,52.081798,On or near Cotton End Road,E01034430,Bedford 021E,Unable to prosecute suspect
3c2b4c7eec82462f08285a301469ddfb0ecfb680becac5cfb9bb42dd4a2ea3a7,2023-04,Bedfordshire Police,Bedfordshire Police,-0.458933,51.905334,On or near Station Road,E01015755,Luton 005F,Investigation complete; no suspect identified
660fc23386c68bc0119ef3662fe2fc6cb8870fd2afe8a88d1addda399a7f381a,2023-04,Bedfordshire Police,Bedfordshire Police,-0.471477,52.138384,On or near Gwyn Street,E01017471,Bedford 012F,Investigation complete; no suspect identified
17a6207d08c9174e7858f1da216359a91ea382dde581d79b272692c0292f24ea,2023-04,Bedfordshire Police,Bedfordshire Police,-0.534632,51.989058,On or near Park/Open Space,E01017450,Central Bedfordshire 017E,Unable to prosecute suspect
c9025881b45f0ee8213a9c2cb3815766f687264b62c888068e5dbf7b738a6b25,2023-04,Bedfordshire Police,Bedfordshire Police,-0.332816,52.038975,On or near Kingsmede,E01017437,Central Bedfordshire 011A,Unable to prosecute suspect
d24b44b85a6dc61302db1d49708b3cda16a973f5e717160e6d333ca650eda83f,2023-04,Bedfordshire Police,Bedfordshire Police,-0.246238,52.074719,On or near Shopping Area,E01017381,Central Bedfordshire 006A,Suspect charged
e7849cb1710cbb49cc3ba5c236dcecd312f900ae95ee42e7cc3feceff2966a65,2023-04,Bedfordshire Police,Bedfordshire Police,-0.475625,51.848508,On or near Petrol Station,E01017586,Central Bedfordshire 032C,Unable to prosecute suspect
4622be421da9fbd4f738f347c2c2b24c546c1cf9654a82b8a0026e58738542cd,2023-04,Bedfordshire Police,Bedfordshire Police,-0.218236,52.132960,On or near Astwood Close,E01017428,Central Bedfordshire 003D,Action to be taken by another organisation
b4ed4c5f75f0b5d5c2edc21f2d706b46800c84c791eb1d8f6ceb522aef13afc0,2023-04,Bedfordshire Police,Bedfordshire Police,-0.532415,51.949486,On or near Church Square,E01017622,Central Bedfordshire 019E,Unable to prosecute suspect
43984141c82f74d238aabbbc7b6073d019219ec6e0f1e5f9b0274af1f3e1ab42,2023-04,Bedfordshire Police,Bedfordshire Police,-0.479670,52.207156,On or near Old Milton Road,E01017478,Bedford 003A,Investigation complete; no suspect identified
90ba8eee589a7e9467a7a408677ee7df506c169ff4510ca6f7465a377750e866,2023-04,Bedfordshire Police,Bedfordshire Police,-0.435996,51.867176,On or near Farley Fields,E01015732,Luton 020A,Unable to prosecute suspect
857b4665e8d1d27f31c51877c4a3434978e3a52ff06ce6c4da4f8cd8308b75b4,2023-04,Bedfordshire Police,Bedfordshire Police,-0.466098,52.135878,On or near Shopping Area,E01034419,Bedford 012H,Unable to prosecute suspect
b9357ceaf63cf77a3d81bfe4d6a3f52c20db475afdf8b31b4b689fedb26a45a8,2023-04,Bedfordshire Police,Bedfordshire Police,-0.525310,51.904799,On or near St Michaels Avenue,E01017579,Central Bedfordshire 026B,Unable to prosecute suspect
be4011a721f268bf3e31941ca650db5ce00a423452ff24283edaaa9b62bd4463,2023-04,Bedfordshire Police,Bedfordshire Police,-0.395177,51.886103,On or near Taunton Avenue,E01015781,Luton 016F,Unable to prosecute suspect
0baa634968aac7c2bba0c35ce0d5c9123b72957d57ca34fccc7060b0f66add19,2023-04,Bedfordshire Police,Bedfordshire Police,-0.417059,51.881571,On or near Bridge Street,E01033803,Luton 023A,Unable to prosecute suspect
3b7abdcbf0bd72c85c9c673baddb72ed9d6db0d20250dc75a278f308b90b2a63,2023-04,Bedfordshire Police,Bedfordshire Police,-0.500092,51.876355,On or near Morcom Road,E01017594,Central Bedfordshire 030C,Unable to prosecute suspect
d7ce9e2c5bcf4da52ab83e6b27364da2fbea93f15c369b83ddc8ef09c944f7a0,2023-04,Bedfordshire Police,Bedfordshire Police,,,No location,,,Unable to prosecute suspect
61728b8bca05d8e10bec16e7bd381266fc8e27efa5d8878eb9c15c1e004f9014,2023-04,Bedfordshire Police,Bedfordshire Police,-0.466075,52.138251,On or near Nightclub,E01034419,Bedford 012H,Investigation complete; no suspect identified
f3a3b6ef80e2078c02edf9385facd9e198cd12f40d7590b2d95c96fac4f8ddfe,2023-04,Bedfordshire Police,Bedfordshire Police,-0.415025,51.880320,On or near Parking Area,E01033805,Luton 023C,Investigation complete; no suspect identified
adb0a9dda8da762a18d3bb55b827160bc308adb298a779c4d9a0c23039f9a188,2023-04,Bedfordshire Police,Bedfordshire Police,-0.467947,52.136909,On or near Silver Street,E01034419,Bedford 012H,Investigation complete; no suspect identified
0388ebe307ab59958a742ecddc5333ed0f2aef26360b36271cddaae42676ce5c,2023-04,Bedfordshire Police,Bedfordshire Police,-0.401611,51.883295,On or near Derwent Road,E01015720,Luton 016B,Investigation complete; no suspect identified
4920e5206f4bae96b4d6b83f12faaf9cb7233e895ace7e891a2f4bd2d0527076,2023-04,Bedfordshire Police,Bedfordshire Police,-0.372635,51.889039,On or near Supermarket,E01015808,Luton 014D,Investigation complete; no suspect identified
0f949e37ff70314f8999b8cb10ce9eb0b40411685ddf334fd840a0c6356c7948,2023-04,Bedfordshire Police,Bedfordshire Police,-0.401151,51.881931,On or near Whitecroft Road,E01015720,Luton 016B,Suspect charged
4214434d9dc4863f83ae5edb428b57e678b5e8c22412912c015ccd9f3439cd49,2023-04,Bedfordshire Police,Bedfordshire Police,-0.465525,51.901293,On or near Chatteris Close,E01015751,Luton 005B,Investigation complete; no suspect identified
898fea90080ea0f61b59e5399018089dd853a1aa93d0f2e6ed1747e9a35ba456,2023-04,Bedfordshire Police,Bedfordshire Police,-0.381873,51.885102,On or near Mossbank Avenue,E01015721,Luton 014A,Investigation complete; no suspect identified
e9e73211fd91913f1963e475ca30c5bacc69d64b3ad0d8985a88779fd9b6a85d,2023-04,Bedfordshire Police,Bedfordshire Police,-0.479102,52.127738,On or near Riverside Close,E01017512,Bedford 016D,Suspect charged
a5f160dc32c74804af014f49faa95e3a252aa6061136b783836826a29310b706,2023-04,Bedfordshire Police,Bedfordshire Police,-0.469253,51.914334,On or near Sundon Park Road,E01015804,Luton 002C,Unable to prosecute suspect
5245c009eb1944d81bcee0031d4c80a5377562855ff098fd33134572c83f2fe9,2023-04,Bedfordshire Police,Bedfordshire Police,-0.479102,52.127738,On or near Riverside Close,E01017512,Bedford 016D,Suspect charged
3627aa475f0ba99c5bd0672f2d01ee2687d7064e92bb11ddc0bca184b66ea816,2023-04,Bedfordshire Police,Bedfordshire Police,-0.477255,52.136481,On or near Grafton Road,E01017466,Bedford 012A,Local resolution
c183009690a9b50b85ed2b6e8555e3019960400aa2bebba9323012eec97d6014,2023-04,Bedfordshire Police,Bedfordshire Police,-0.533846,51.914968,On or near Morpeth Crescent,E01017578,Central Bedfordshire 026A,Unable to prosecute suspect
25f1079722a7e4f48e3df974d475a9ef71396ec9e48238dd33b8cf13a3b84771,2023-04,Bedfordshire Police,Bedfordshire Police,-0.536302,51.888635,On or near Supermarket,E01017596,Central Bedfordshire 028C,Investigation complete; no suspect identified
bdc3b2e6d71e2c4db5e2cf5105c289a3626f5a6f36b1833d131b93129a9fdd03,2023-04,Bedfordshire Police,Bedfordshire Police,-0.498377,52.113635,On or near St John's Avenue,E01017514,Bedford 018B,Unable to prosecute suspect
3d7c893596b343481319274fce21e9deb59011999743fd32a64ffde0fb083d25,2023-04,Bedfordshire Police,Bedfordshire Police,-0.433256,51.893369,On or near Cavendish Road,E01015701,Luton 010B,Unable to prosecute suspect
7c77d46f2b0e93ae1669d7ecf0edaee8d089a56d7697b9af0f6aa4b474a0fed9,2023-04,Bedfordshire Police,Bedfordshire Police,-0.660931,51.916635,On or near Market Square,E01017555,Central Bedfordshire 021A,Unable to prosecute suspect
cd9ada8b52696558b92ef80de20465da88736f51cb050b543a607a87c9992415,2023-04,Bedfordshire Police,Bedfordshire Police,-0.471365,52.145495,On or near Hartington Street,E01017497,Bedford 010A,Unable to prosecute suspect
8c29e45fb3b0b5f65179d8b94555c1406e76fed88ecd1127f7d172603461c42d,2023-04,Bedfordshire Police,Bedfordshire Police,-0.408910,52.118576,On or near Howard Close,E01034429,Bedford 021D,Unable to prosecute suspect
91280d37b668089c4511855ca7c17019a523fba796b585558dbf2de564f7525d,2023-04,Bedfordshire Police,Bedfordshire Police,-0.484986,51.890539,On or near Petrol Station,E01017583,Central Bedfordshire 027B,Investigation complete; no suspect identified
18d1d9cd0ac138f8ae73d06c142fe443969fd28bb2f2098607fa65e1fdcb83d0,2023-04,Bedfordshire Police,Bedfordshire Police,-0.419150,51.875394,On or near Elizabeth Street,E01033806,Luton 021G,Investigation complete; no suspect identified
a98cea287c6bf15b04b0cf671b064a0ca0b93e4b00fd347d1945784f5e42b085,2023-04,Bedfordshire Police,Bedfordshire Police,-0.464894,52.138155,On or near Lurke Street,E01034419,Bedford 012H,Unable to prosecute suspect
24f1fd7bd2ccb97154092e283adffaa683f1338a11c48e7ba6b6cbabfb73c3e3,2023-04,Bedfordshire Police,Bedfordshire Police,-0.494081,51.966203,On or near Westoning Road,E01017409,Central Bedfordshire 017C,Unable to prosecute suspect
8fb9eae47e559a6389239e63da2d59f9ab13b3f03c60de78ebca72b01839e8d4,2023-04,Bedfordshire Police,Bedfordshire Police,-0.494081,51.966203,On or near Westoning Road,E01017409,Central Bedfordshire 017C,Unable to prosecute suspect
6c7da4a07e67f048b5b727a014ee8cfc69875882c83919ecdeab65d3e1a635df,2023-04,Bedfordshire Police,Bedfordshire Police,-0.410765,51.883725,On or near Duke Street,E01033802,Luton 022D,Unable to prosecute suspect
4f462045ff9448637cca1b904e59ce43067633745f9d3d816c3f7362b7fb5c82,2023-04,Bedfordshire Police,Bedfordshire Police,-0.418125,51.882664,On or near Mill Street,E01033803,Luton 023A,Investigation complete; no suspect identified
57f8c69a3e503b296fd07ec043c506d2d26ce35129601447adc744b5dfabd35a,2023-04,Bedfordshire Police,Bedfordshire Police,-0.331211,52.037046,On or near Ivel Close,E01017438,Central Bedfordshire 011B,Unable to prosecute suspect
1c7354ca9143f8cf20d14eb9e2d20591cb1bb2e3cacad4e431c9cb5b021a7973,2023-04,Bedfordshire Police,Bedfordshire Police,-0.544056,52.064864,On or near Little Meadow,E01033819,Central Bedfordshire 009F,Unable to prosecute suspect
030c0cf66ec2e7ae3aba638c284bb5656faaccc183ed81cf0f464c3d3c10dada,2023-04,Bedfordshire Police,Bedfordshire Police,-0.526522,51.886400,On or near Princes Street,E01017569,Central Bedfordshire 029D,Unable to prosecute suspect
ca29c115e86343e47992a92e3cbed2029a2054696bbd4332003bd7487e5a7604,2023-04,Bedfordshire Police,Bedfordshire Police,-0.469627,52.132651,On or near Parking Area,E01034420,Bedford 015G,Suspect charged
0ed9c1c8190f9e81159b7bd5a18010ace4187e5a177639b8bdbdaf9469c62c65,2023-04,Bedfordshire Police,Bedfordshire Police,-0.666231,51.903320,On or near Shopping Area,E01033828,Central Bedfordshire 024H,Investigation complete; no suspect identified
92a8d03c4328863ee6ad32ad0e191794815e906bd575d9945f483dcbe1b231e2,2023-04,Bedfordshire Police,Bedfordshire Police,-0.471457,52.123171,On or near College Road,E01017475,Bedford 015D,Investigation complete; no suspect identified
03e6589303c30f48bb2e9306b2dc02a30953328372cf674fc9c915ccebbcf1b7,2023-04,Bedfordshire Police,Bedfordshire Police,-0.422384,51.878459,On or near Rothesay Road,E01033804,Luton 023B,Investigation complete; no suspect identified
a0af1060fde2edc7c6b46e32da7b8099c08e5c1b4bba615df377cee365cc807f,2023-04,Bedfordshire Police,Bedfordshire Police,-0.606076,52.221035,On or near White Lane,E01017504,Bedford 002D,Investigation complete; no suspect identified
ed037db3348ca9679331d16f6d95098873999c616f25352d24f6136f0677555e,2023-04,Bedfordshire Police,Bedfordshire Police,-0.586955,51.876657,On or near Wivelsfield,E01017572,Central Bedfordshire 032B,Unable to prosecute suspect
88fb0b324ce224ed01b73ef598dda702231ef8c4b18f7012e75339a9752b7b55,2023-04,Bedfordshire Police,Bedfordshire Police,-0.524146,51.841376,On or near Dunstable Road,E01017587,Central Bedfordshire 032D,Unable to prosecute suspect
5ca169ce65235b0155aef4497d9bbeadb9e3e8d6c646ee309581f95d635cba8b,2023-04,Bedfordshire Police,Bedfordshire Police,-0.532855,51.884240,On or near Benning Avenue,E01017596,Central Bedfordshire 028C,Unable to prosecute suspect
a1a4776b5497c62b055cc0ba88793d78057e152386e500b8bda9cd009e3c64e0,2023-04,Bedfordshire Police,Bedfordshire Police,-0.414165,51.879571,On or near Parking Area,E01033805,Luton 023C,Investigation complete; no suspect identified
e3f0e4286ce215d5906e5f676fbf5bf5687a904e524fee74765ee0ff226c9135,2023-04,Bedfordshire Police,Bedfordshire Police,-0.459343,52.145321,On or near St Michael's Road,E01017482,Bedford 009A,Investigation complete; no suspect identified
ad6ff80fe9c6e46f624fa6b45c4ce6c47b08be694d37467192265f296c2aef42,2023-04,Bedfordshire Police,Bedfordshire Police,-0.459343,52.145321,On or near St Michael's Road,E01017482,Bedford 009A,Unable to prosecute suspect
28e8ffe5d0928c6f28404c4d829d21a8f0bae5c1e8db6656a44876af7a1fd71a,2023-04,Bedfordshire Police,Bedfordshire Police,-0.465958,52.138663,On or near Supermarket,E01034419,Bedford 012H,Investigation complete; no suspect identified
c6db8bc47e3ab3a06157b08cb8b049593481c989b4e50a7321ad5bb740e95cd4,2023-04,Bedfordshire Police,Bedfordshire Police,-0.415025,51.880320,On or near Parking Area,E01033805,Luton 023C,Investigation complete; no suspect identified
ba433f1ededc47c1ba036f624bff7625af39f6b356ace662355158b6edfced47,2023-04,Bedfordshire Police,Bedfordshire Police,,,No location,,,Unable to prosecute suspect
90eb9eda3c1a72f6cb45f78c74c890a8e749f761707e6d88385023f7b581257d,2023-04,Bedfordshire Police,Bedfordshire Police,-0.398254,51.876389,On or near Armstrong Road,E01015719,Luton 016A,Unable to prosecute suspect
240cbc412632951cb77b310b810d0939c78cc5d6ab39937d623e64998c21aa7d,2023-04,Bedfordshire Police,Bedfordshire Police,-0.435810,52.122047,On or near Arkwright Road,E01017520,Bedford 014C,Investigation complete; no suspect identified
40d9cf1bbd929eedc2c00a8089fbb6625e1a957d75971feb7a4743fa5434afac,2023-04,Bedfordshire Police,Bedfordshire Police,-0.435810,52.122047,On or near Arkwright Road,E01017520,Bedford 014C,Investigation complete; no suspect identified
844eb7ff4267e7294832b83c3bdcbe2af80258354dc2be77c88b75ff607fd4c3,2023-04,Bedfordshire Police,Bedfordshire Police,-0.287646,52.128198,On or near Park Road,E01017431,Central Bedfordshire 002B,Unable to prosecute suspect
ebbff0b5717f543ed3ace5183af0bf7d31e98fb8c827b7060d01792a619fd972,2023-04,Bedfordshire Police,Bedfordshire Police,-0.436949,52.146698,On or near The Croft,E01017491,Bedford 007D,Unable to prosecute suspect
e8d46db641ad9ed0e48c021ae069d931a05fb74ab7c04958a8b702281884dcdf,2023-04,Bedfordshire Police,Bedfordshire Police,-0.274443,52.094422,On or near Parking Area,E01017424,Central Bedfordshire 004D,Investigation complete; no suspect identified
94927c92c32dce0752f8ca0bde05ff72f4887d6ffe51424482111346699f871c,2023-04,Bedfordshire Police,Bedfordshire Police,-0.415876,51.878609,On or near Shopping Area,E01033806,Luton 021G,Suspect charged
0fcaddfe66b6668a9f1d6773a3d25b892099fdc0a9b7f7ec847db21154ed1fb5,2023-04,Bedfordshire Police,Bedfordshire Police,-0.515390,52.109292,On or near Eagles Heath,E01034424,Bedford 018H,Unable to prosecute suspect
cab62a8ea86e0a3b6fa1f59a03399d8b173db4d019b904b577abf2950d49b8bd,2023-04,Bedfordshire Police,Bedfordshire Police,-0.418645,51.880252,On or near Gordon Street,E01033803,Luton 023A,Investigation complete; no suspect identified
69f4612bb33f1f53151f95841fd54b89c12af8d4669bb43573d09b702f2d26ce,2023-04,Bedfordshire Police,Bedfordshire Police,-0.515390,52.109292,On or near Eagles Heath,E01034424,Bedford 018H,Unable to prosecute suspect
59e1f728ccd2393fb83b4e2c94311c4ea4ed9d23294681555cbc1f8d3fc7e740,2023-04,Bedfordshire Police,Bedfordshire Police,-0.474035,51.904506,On or near Home Close,E01015749,Luton 005A,Investigation complete; no suspect identified
888db24b3121beefa499521110ed432f8b0dc75998d533733ed9d890cbb57488,2023-04,Bedfordshire Police,Bedfordshire Police,-0.419881,51.888514,On or near Earls Meade,E01015739,Luton 022A,Unable to prosecute suspect
175ed7c3202ab8817326ce398e9665506324591b90b9f7461e639d5ba58d8230,2023-04,Bedfordshire Police,Bedfordshire Police,-0.539976,51.945183,On or near Holmfield Close,E01017621,Central Bedfordshire 019D,Investigation complete; no suspect identified
baced1785884f15a3934f8f4aca74b576b5cee81ed1c468a8ccc6aece9c47dd2,2023-04,Bedfordshire Police,Bedfordshire Police,-0.488645,52.134110,On or near Allen Close,E01017535,Bedford 013A,Investigation complete; no suspect identified
78b64cdb7ac3cd25ca23a328f6d3786988387da5c23d8c18591d114543d74aeb,2023-04,Bedfordshire Police,Bedfordshire Police,-0.414871,51.877270,On or near Flowers Way,E01033806,Luton 021G,Investigation complete; no suspect identified
9d855c0b71603c8d6f213b4a4ce63944e5b13f918c1cfe1b68159bd98d4d9aab,2023-04,Bedfordshire Police,Bedfordshire Police,-0.401151,51.881931,On or near Whitecroft Road,E01015720,Luton 016B,Suspect charged
dd50fe92015352f2d3daa08e5bf1cc587850018aa35b28f76e76d71af216c767,2023-04,Bedfordshire Police,Bedfordshire Police,-0.427626,51.878520,On or near Downs Road,E01015795,Luton 021F,Investigation complete; no suspect identified
38dffd0c20bc75b2b12e3b543c4ae4b967afc5e610ee84b22e17163dc01c91ff,2023-04,Bedfordshire Police,Bedfordshire Police,-0.486943,52.021679,On or near Coltsfoot Corner,E01017372,Central Bedfordshire 012B,Unable to prosecute suspect
e921365c9422bb6d1bf0fd9987ef5cd7e26db9726fc59efd117d7b9ef152be04,2023-04,Bedfordshire Police,Bedfordshire Police,-0.458933,51.905334,On or near Station Road,E01015755,Luton 005F,Investigation complete; no suspect identified
081421b1cbc66789eeffc40629ce439796babdfb8c36bf60fa2d799ee91d95cd,2023-04,Bedfordshire Police,Bedfordshire Police,-0.483460,52.134044,On or near Cromwell Road,E01017536,Bedford 013B,Unable to prosecute suspect
fa6303bbf5e5b582ba8a0b61283f2fe167bc9d308176e2590d6c5123b1ffb97f,2023-04,Bedfordshire Police,Bedfordshire Police,-0.486977,52.110010,On or near White Beam Close,E01017517,Bedford 018E,Unable to prosecute suspect
df61f4eda6afe8e23ca4a01f65748f4ab0da088b009488103013df2d57238aff,2023-04,Bedfordshire Police,Bedfordshire Police,-0.440194,52.141230,On or near Pearmain Close,E01017491,Bedford 007D,Unable to prosecute suspect
1fd8a7849b649ca1045c240b9dd60b0e8f4645604543f26d6fba2ea04595a780,2023-04,Bedfordshire Police,Bedfordshire Police,-0.440194,52.141230,On or near Pearmain Close,E01017491,Bedford 007D,Unable to prosecute suspect
a2b0a329e708252a4bbc24fba147f6568804a9deeb0f0cd83b7046af9e4889e6,2023-04,Bedfordshire Police,Bedfordshire Police,-0.428260,51.880354,On or near Lyndhurst Road,E01015729,Luton 019C,Unable to prosecute suspect
632145d8fa559f521f70ce98f6ade3ae7c449f51bce995e395172311be488867,2023-04,Bedfordshire Police,Bedfordshire Police,-0.557225,52.188475,On or near Monks Row,E01017464,Bedford 002A,Unable to prosecute suspect
1878f862013b71af2e3fdb6004469fb0636120e9f48f22d60b43636d37a522fd,2023-04,Bedfordshire Police,Bedfordshire Police,-0.396498,51.874297,On or near Kimpton Road,E01015719,Luton 016A,Unable to prosecute suspect
1127ee82458107bc9376d49c6c19f8fc750c522a39e382baf47d3e6e59fd1211,2023-04,Bedfordshire Police,Bedfordshire Police,-0.421262,51.878543,On or near Police Station,E01033804,Luton 023B,Unable to prosecute suspect
4ee4efaab5dae0a1d1355f27f461aee766cb6a6582f3e268a63d0b5f1b07bc89,2023-04,Bedfordshire Police,Bedfordshire Police,-0.466657,52.136614,On or near High Street,E01034419,Bedford 012H,Investigation complete; no suspect identified
54feebf18c90eba784cf4a195f5900889abe8e32e504a200f1763c4aa68d3d68,2023-04,Bedfordshire Police,Bedfordshire Police,-0.426078,51.882932,On or near Petrol Station,E01015729,Luton 019C,Investigation complete; no suspect identified
86cb0db04583ada8dd2041c28fc4045b73ecad515869a0fa37d7bddf646d5eae,2023-04,Bedfordshire Police,Bedfordshire Police,-0.447898,51.891872,On or near Caleb Close,E01015787,Luton 015D,Investigation complete; no suspect identified
1122558a9282c13c954779a7fe11bb74ea9c8f4dea6bb0517c5e18c9f9a6f2e1,2023-04,Bedfordshire Police,Bedfordshire Police,,,No location,,,Investigation complete; no suspect identified
38211d87c1cdb08b19e2a36c0bfe5c7acb168ff65c7365d2356594d5f923c35f,2023-04,Bedfordshire Police,Bedfordshire Police,-0.473273,52.149539,On or near Cotman Close,E01017498,Bedford 010B,Investigation complete; no suspect identified
3dc9d5b843f96884da54a2ca5b1dc2832fcc443afb6884775f126ef97c87715d,2023-04,Bedfordshire Police,Bedfordshire Police,-0.505878,52.067057,On or near Wavell Close,E01017552,Bedford 020B,Investigation complete; no suspect identified
f6ef19447481187e2ef4a8cc7a2bb1ee0d671460a949528aceea8d1312595641,2023-04,Bedfordshire Police,Bedfordshire Police,-0.464848,52.135691,On or near Castle Lane,E01034419,Bedford 012H,Unable to prosecute suspect
f312489c5c7fc15bd8cf46ad2b2510e4042fb096d4b240685ea467d323f2c64f,2023-04,Bedfordshire Police,Bedfordshire Police,-0.214499,52.133973,On or near Common Road,E01017428,Central Bedfordshire 003D,Investigation complete; no suspect identified
a962fce10745e251a63b0994c0f9c727857993601d832ec72b6c2ff99253c8d6,2023-04,Bedfordshire Police,Bedfordshire Police,-0.562590,52.061019,On or near Gee View,E01033821,Central Bedfordshire 009H,Investigation complete; no suspect identified
9d8172ca92d8a4ff3cbb6fa407b6f02d8d4b7542a876a744a576737e757eef3a,2023-04,Bedfordshire Police,Bedfordshire Police,-0.498524,51.969164,On or near Westoning Road,E01017409,Central Bedfordshire 017C,Investigation complete; no suspect identified
d02928a7030a5fc32784ff04ce0dada1846cf09228f2dea6c98aacc4ccc7bdc2,2023-04,Bedfordshire Police,Bedfordshire Police,-0.462037,52.156640,On or near Dart Road,E01017455,Bedford 005C,Unable to prosecute suspect
affb71cc8cf75fc2789b53a1726d1996affef7213b1d270f7c16fdf3a233bdb7,2023-04,Bedfordshire Police,Bedfordshire Police,-0.460435,51.917951,On or near Bramhanger Acre,E01015802,Luton 003F,Investigation complete; no suspect identified
9beb6a19e3822294630aaf3ffbddbcfb8abf36d46e5b9b74661b63872d141511,2023-04,Bedfordshire Police,Bedfordshire Police,-0.644515,51.916150,On or near Brownslea,E01017573,Central Bedfordshire 024A,Investigation complete; no suspect identified
f012c2a7fe0dec50a634d244c0170b12a5bf02deba3d8fd62eac2244d343a492,2023-04,Bedfordshire Police,Bedfordshire Police,-0.409834,51.870989,On or near Strathmore Avenue,E01015790,Luton 021B,Unable to prosecute suspect
9749e8de12d9f4b8382ade9a410e6f97e9d4f0de4389b399129f357e95149628,2023-04,Bedfordshire Police,Bedfordshire Police,-0.431019,51.882486,On or near Vernon Road,E01015727,Luton 017F,Unable to prosecute suspect
969927a64712e2288c54ac784b9262577ab463e0c78aa3d4036999ca375be3e2,2023-04,Bedfordshire Police,Bedfordshire Police,-0.290352,52.208722,On or near Supermarket,E01018177,Huntingdonshire 022A,Investigation complete; no suspect identified
3ece378713e4c91af21b487413a096686c74cb3eb29e69127f9b23e53dce4ada,2023-04,Bedfordshire Police,Bedfordshire Police,-0.423929,52.144979,On or near Bury Walk,E01017490,Bedford 007C,Investigation complete; no suspect identified
e62ba640823daf27baaa3bf81008a9ec3617f35831b0840bf72483a44dab92dc,2023-04,Bedfordshire Police,Bedfordshire Police,,,No location,,,Investigation complete; no suspect identified
de85fcdbbd344c96447a8e40dd6289c4ec423f60e28e432cd54a396d77c6e0ef,2023-04,Bedfordshire Police,Bedfordshire Police,-0.430718,52.136842,On or near Cartmel Priory,E01017526,Bedford 011C,Investigation complete; no suspect identified
8796699af50f0f4c8b8fec6b8867aa5073f99c3466d933b5ccfc06d00694d2be,2023-04,Bedfordshire Police,Bedfordshire Police,-0.333792,52.039376,On or near Byrnes Mews,E01017437,Central Bedfordshire 011A,Investigation complete; no suspect identified
164810c9148be97a7b1f5115baf11c86c3b5d976a85773bb89b6fc845a0f6a05,2023-04,Bedfordshire Police,Bedfordshire Police,-0.389802,51.900290,On or near Mayfield Road,E01015800,Luton 008D,Investigation complete; no suspect identified
6cec7c1528b2d4ed7e061ed79a66d66dd00ddb1f2868b52cb2ac6bba47652370,2023-04,Bedfordshire Police,Bedfordshire Police,-0.615309,52.199996,On or near Mowhills,E01017504,Bedford 002D,Investigation complete; no suspect identified
82450bc5c8cd56012804591a1ee5ffe3c33f6413329cd5860f63f00b0d67d794,2023-04,Bedfordshire Police,Bedfordshire Police,-0.328358,52.137683,On or near Blunham Road,E01017424,Central Bedfordshire 004D,Unable to prosecute suspect
9cc09c9675fc7c4f9c62c2723959ea39747f5afdbf10488139b7bef4fefc2697,2023-04,Bedfordshire Police,Bedfordshire Police,-0.414871,51.877270,On or near Flowers Way,E01033806,Luton 021G,Investigation complete; no suspect identified
3c28d96bb75815041a08bf3b88c203c7594b6063efd73dc0e5c18b85282b0741,2023-04,Bedfordshire Police,Bedfordshire Police,-0.423236,51.882741,On or near Supermarket,E01015699,Luton 017B,Investigation complete; no suspect identified
e3b1d4875c6479d476246675f744fc113d94ac3ca4a31a41aadb8c3f7bbbf9b5,2023-04,Bedfordshire Police,Bedfordshire Police,-0.460225,51.921940,On or near Luxembourg Close,E01015774,Luton 003E,Investigation complete; no suspect identified
611da804586321b30c22e9f2688b908c6f6fbeb4772af2b835fb1a17b72d75bc,2023-04,Bedfordshire Police,Bedfordshire Police,-0.419936,51.877410,On or near Wellington Street,E01015795,Luton 021F,Investigation complete; no suspect identified
6d59a61b8b5bd208f56c74c64238edc97bc7a3600e5f92306913079239639bbd,2023-04,Bedfordshire Police,Bedfordshire Police,-0.475629,51.904661,On or near Westerdale,E01015749,Luton 005A,Unable to prosecute suspect
32f03a211c31a506f996ff02140954347011b4255ee6ee407429d1c13346d1b7,2023-04,Bedfordshire Police,Bedfordshire Police,-0.421624,51.874843,On or near Russell Street,E01015735,Luton 020D,Unable to prosecute suspect
b9cf2414cec3975b53ac9f9aca45398db832c932a9ccb73122cb2a2174ec07d4,2023-04,Bedfordshire Police,Bedfordshire Police,-0.441243,52.121238,On or near Barton Road,E01017519,Bedford 014B,Unable to prosecute suspect
5924020064ce86354e8c98c00141b61c091412c52b4ec6a507462c2f7202471d,2023-04,Bedfordshire Police,Bedfordshire Police,,,No location,,,Investigation complete; no suspect identified
b28185d8703102b697891c8298c9c9c3a927823e3c8d0b76fbc851e9cc207be9,2023-04,Bedfordshire Police,Bedfordshire Police,-0.403589,51.873413,On or near Osborne Road,E01015789,Luton 023D,Investigation complete; no suspect identified
72f6f7d2f1e7a672ba6a350abf938aaf25dcc38de73376bdd656809177050b08,2023-04,Bedfordshire Police,Bedfordshire Police,-0.399977,51.873274,On or near B653,E01015790,Luton 021B,Investigation complete; no suspect identified
66e41a4799105d50e7a602d90dbb0e1ed0a6ce65517666eddf2d934981b31613,2023-04,Bedfordshire Police,Bedfordshire Police,-0.484986,51.890539,On or near Petrol Station,E01017583,Central Bedfordshire 027B,Investigation complete; no suspect identified
a0de0ad517444d28a0df2fe90b7ce7001cccaac0706ebb3d1ada7b1aa63ca8ea,2023-04,Bedfordshire Police,Bedfordshire Police,-0.422690,51.883822,On or near Crawley Road,E01015699,Luton 017B,Investigation complete; no suspect identified
aa1b1e089a1181d6b9e4e1495c04e7c4dae49d9a1349709a02121564bd05b6e3,2023-04,Bedfordshire Police,Bedfordshire Police,-0.471477,52.138384,On or near Gwyn Street,E01017471,Bedford 012F,Investigation complete; no suspect identified
7c3e554fece280d1507913ee784996387bc4e17199d8fa6008cafde66ac01e4d,2023-04,Bedfordshire Police,Bedfordshire Police,-0.214017,52.126647,On or near Royston Street,E01017428,Central Bedfordshire 003D,Investigation complete; no suspect identified
4f85e6e9f41fbe218f04316ca0de57fa596b13c118877b1f5381a52be1d1537d,2023-04,Bedfordshire Police,Bedfordshire Police,-0.660939,51.921733,On or near The Wood,E01017557,Central Bedfordshire 021C,Investigation complete; no suspect identified
8178b9dc725071d9f6e98e45022281f8cb91b8c6d264562f90a163d810e36baf,2023-04,Bedfordshire Police,Bedfordshire Police,-0.467729,51.909989,On or near Stoneways Close,E01015754,Luton 005E,Investigation complete; no suspect identified
c748d72290bfbc9f81c66d213c18202826ac7f49f6e19c9924807d79f4abaf0f,2023-04,Bedfordshire Police,Bedfordshire Police,-0.653549,51.926189,On or near Churchill Road,E01017609,Central Bedfordshire 021E,Investigation complete; no suspect identified
cdf180c9ad9bb581ff81b902faeaaae15ece9e3cb44920bb37d1b10e92ba29b2,2023-04,Bedfordshire Police,Bedfordshire Police,-0.244726,52.076888,On or near Petrol Station,E01017381,Central Bedfordshire 006A,Investigation complete; no suspect identified
02000d1ddf3f0e21741690b1cfd354280a627c60b61253a83cca245cc2773d76,2023-04,Bedfordshire Police,Bedfordshire Police,-0.316450,52.148115,On or near Brickhill Close,E01017423,Central Bedfordshire 004C,Action to be taken by another organisation
fe753a8ed4b8220adb4c049a15abbe7ac6e80e606a2a7458f852d4406e3a6517,2023-04,Bedfordshire Police,Bedfordshire Police,-0.494668,52.117544,On or near Petrol Station,E01017505,Bedford 017A,Investigation complete; no suspect identified
bbe6ffb0bf0eb4bdf53734c31756fed47cd7ffe301b71cd01ff38e1e2dfc7377,2023-04,Bedfordshire Police,Bedfordshire Police,-0.266226,52.003198,On or near Prince Of Wales,E01017376,Central Bedfordshire 010A,Investigation complete; no suspect identified
d5544b4b777f19f98477684d0898c74c6b2c5d6788294af85a9be1c41e6d858a,2023-04,Bedfordshire Police,Bedfordshire Police,-0.615309,52.199996,On or near Mowhills,E01017504,Bedford 002D,Investigation complete; no suspect identified
ed4c876fa65ed43b7b4602254d9219677fb23d495f892c9f1417a68b9332d4b9,2023-04,Bedfordshire Police,Bedfordshire Police,-0.468437,52.126468,On or near Ossory Way,E01017474,Bedford 015C,Unable to prosecute suspect
9bf81883a058ab91d0befa11471e97dd6ef948189a81b23db12bc49ed2eabc6f,2023-04,Bedfordshire Police,Bedfordshire Police,-0.404991,51.881408,On or near Hart Hill Drive,E01015743,Luton 022E,Unable to prosecute suspect
e32a2b85648c72c9eeccf8edb6fd449cbea72e5f33481c453d73f5b60bd22cb0,2023-04,Bedfordshire Police,Bedfordshire Police,-0.424297,51.872352,On or near Anthony Gardens,E01015735,Luton 020D,Investigation complete; no suspect identified
ac9d68bf814fb08dea81493daad805d2372e8b7b39b6f1c5be9bc57f01f41163,2023-04,Bedfordshire Police,Bedfordshire Police,-0.293719,52.135578,On or near Kingsley Court,E01017433,Central Bedfordshire 001A,Unable to prosecute suspect
75c61b65318d03c644d0418631b26f04e445c8d8ccdb091566789e0d098e386b,2023-04,Bedfordshire Police,Bedfordshire Police,-0.475629,51.904661,On or near Westerdale,E01015749,Luton 005A,Suspect charged
be55b8cfdd14498b920e30b80581937f2314bfdd1da78784cddd88a7b0e5ad5b,2023-04,Bedfordshire Police,Bedfordshire Police,-0.475629,51.904661,On or near Westerdale,E01015749,Luton 005A,Suspect charged
2594c7c458890910dad06803065dc0299ddbf35d9c7be98470aa6a8bb47dc096,2023-04,Bedfordshire Police,Bedfordshire Police,-0.631080,51.919978,On or near Babbage Grove,E01033826,Central Bedfordshire 019F,Unable to prosecute suspect
43d26293e7dfaadcc4e81728f5715fc2a0153852c18f7a1a87e9c0bf7f257d6d,2023-04,Bedfordshire Police,Bedfordshire Police,-0.492752,52.119795,On or near B531,E01017508,Bedford 017D,Unable to prosecute suspect
79f27ca5ed0eabb6e3e9b5cc96763910386f7f47e8a92155d8adf0d17e2407dd,2023-04,Bedfordshire Police,Bedfordshire Police,-0.488723,52.130506,On or near Honey Hill Road,E01017538,Bedford 013D,Unable to prosecute suspect
197e4bc361496a9aa72c99cc80610df672f41016577837667397fbb121c3a07e,2023-04,Bedfordshire Police,Bedfordshire Police,-0.521489,51.887470,On or near Shopping Area,E01017568,Central Bedfordshire 029C,Investigation complete; no suspect identified
5efa2680822c34aee50d88c7a719bd159e622bf6b6c9309146ac274767162c92,2023-04,Bedfordshire Police,Bedfordshire Police,-0.099752,52.617570,On or near Chancel Court,E01015618,Peterborough 005B,Investigation complete; no suspect identified
8c179ac06a9741558c1e8ad2e3d97e6c821cae52bd5ed281b29542bf059bedc0,2023-04,Bedfordshire Police,Bedfordshire Police,-0.429552,51.880362,On or near Belmont Road,E01015729,Luton 019C,Unable to prosecute suspect
7a3347f48b1439b8051969e7a74bf16f89f5c06544918bae388b6d813b4c3cdf,2023-04,Bedfordshire Police,Bedfordshire Police,-0.422542,51.893459,On or near Foxglove Way,E01015700,Luton 010A,Investigation complete; no suspect identified
66cf09e00e1741a2d1f6efed32e7437039ded28aecda94c0e6036e10acbe7574,2023-04,Bedfordshire Police,Bedfordshire Police,-0.425960,52.109733,On or near Key Croft,E01034428,Bedford 021C,Investigation complete; no suspect identified
b711e7dbf93a1e64dc08231f945065682863624eb2560dd0fd4463623f40ca50,2023-04,Bedfordshire Police,Bedfordshire Police,-0.475353,52.139972,On or near Trevor Street,E01017501,Bedford 010E,Investigation complete; no suspect identified
a1b5b1c27f8b65f41038ea2549ac34b4e2bcca526fb893358c85fedb907aabb1,2023-04,Bedfordshire Police,Bedfordshire Police,-0.468471,51.907409,On or near Eskdale,E01015754,Luton 005E,Suspect charged
a7857f5b7fb79958f556af3f0155fb5435e9121034fbecdde525d4a4398495fe,2023-04,Bedfordshire Police,Bedfordshire Police,-0.421401,51.877906,On or near Buxton Road,E01015795,Luton 021F,Investigation complete; no suspect identified
657eef2331ac1b6613d6078fe1f9b7aa5e5dfc21c24a087af3f983ab7a1115a2,2023-04,Bedfordshire Police,Bedfordshire Police,-0.433547,51.883320,On or near Clifton Road,E01015730,Luton 019D,Investigation complete; no suspect identified
2c7aa71c6a50c1af9609acc846cda5e73143ae915ba84f8ad86276a4fd3f9b98,2023-04,Bedfordshire Police,Bedfordshire Police,-0.415604,51.887000,On or near Reginald Street,E01015739,Luton 022A,Unable to prosecute suspect
8b214262088b87387b89d8afbc7d12d54253dbbae406eae61c44bf79d71ac138,2023-04,Bedfordshire Police,Bedfordshire Police,-0.425960,52.109733,On or near Key Croft,E01034428,Bedford 021C,Investigation complete; no suspect identified
8e7e2f2709e186ec0238bcbd80972be58a9cbb010a40f24765fecb8012691100,2023-04,Bedfordshire Police,Bedfordshire Police,-0.474710,51.895756,On or near Calnwood Road,E01015718,Luton 013C,Unable to prosecute suspect
938bcba66226def202b23846f3cc0f9443e39deee9c60fa2720e6d92f2840dc2,2023-04,Bedfordshire Police,Bedfordshire Police,-0.414871,51.877270,On or near Flowers Way,E01033806,Luton 021G,Unable to prosecute suspect
0711fbc75d1b03ed95a4999e8133379c4cbf6a046c80074fccd842668499bf21,2023-04,Bedfordshire Police,Bedfordshire Police,-0.376845,51.883100,On or near Prince Way,E01015811,Luton 014G,Unable to prosecute suspect
566d0caf3f9f6f095d2ad943370ae3f2f7fd2774df1c8dbbba4bf8dfb78df29d,2023-04,Bedfordshire Police,Bedfordshire Police,-0.521489,51.887470,On or near Shopping Area,E01017568,Central Bedfordshire 029C,Unable to prosecute suspect
ec25e8fc948443241138a8c0876788a77b2e9e4b0a7d3846ad6e50380136b2bf,2023-04,Bedfordshire Police,Bedfordshire Police,-0.419248,51.873022,On or near Stockwood Crescent,E01015738,Luton 021A,Investigation complete; no suspect identified
c6de757bfb9fb9abd90db4762e4aeff6b448a7af8d713fba3a2f731ca8920146,2023-04,Bedfordshire Police,Bedfordshire Police,-0.469783,52.127258,On or near Houghton Road,E01017474,Bedford 015C,Unable to prosecute suspect
e4f5078c228feb3d0be27f07eb3394a1dd1525b1d2fe2c5835bc340d93141ac6,2023-04,Bedfordshire Police,Bedfordshire Police,,,No location,,,Unable to prosecute suspect
99d3444ab92d1cb0c7874327267dea98c0c6fe8fa33374f9195f6e885dfb4ba4,2023-04,Bedfordshire Police,Bedfordshire Police,,,No location,,,Unable to prosecute suspect
f14f11dc8b800695afadab777c81fdddae6573a7feb9a2be9090312e47cb9719,2023-04,Bedfordshire Police,Bedfordshire Police,,,No location,,,Unable to prosecute suspect
1d34ee1e353fcdaa3d8a02d9df8528feec96d6576caaff3e62aebf62d6fed223,2023-04,Bedfordshire Police,Bedfordshire Police,-0.445343,51.904436,On or near Viscount Close,E01015767,Luton 006D,Unable to prosecute suspect
ecc174073e591e1beb580f6714ed3df0c44f0bd68250f92ab8f903b826c31c2c,2023-04,Bedfordshire Police,Bedfordshire Police,,,No location,,,Unable to prosecute suspect
3a8f7941a028fe858fc3675cfa9fdd3da3c7bdae13216fb9758dbd531dfc28cb,2023-04,Bedfordshire Police,Bedfordshire Police,,,No location,,,Unable to prosecute suspect
8f65b2d018c75c3db36b5ba4aeaf2140401530a608043497ca63d77c4ad8e5fb,2023-04,Bedfordshire Police,Bedfordshire Police,,,No location,,,Unable to prosecute suspect
2809b3b56e750caae526088efacc28df11c31cda06cdbf865631786855389102,2023-04,Bedfordshire Police,Bedfordshire Police,,,No location,,,Unable to prosecute suspect
8c0392985c1774ce10f9eb0681ea618cc4150130d81a50fb2e79d505b4bddf19,2023-04,Bedfordshire Police,Bedfordshire Police,-0.518695,51.905256,On or near Parking Area,E01017617,Central Bedfordshire 026E,Investigation complete; no suspect identified
78874782977f8eb3411ca256df44ef88b51ae42bd6fa6cf5e4a25480205598c2,2023-04,Bedfordshire Police,Bedfordshire Police,-0.430975,52.112470,On or near Horace Close,E01034427,Bedford 021A,Investigation complete; no suspect identified
26e0bc28c7bbf9a34038fbf3c858c9e52b0a17a8f07bbaf9ad2145bea6dffa09,2023-04,Bedfordshire Police,Bedfordshire Police,,,No location,,,Investigation complete; no suspect identified
189c96292389eed297162d1c4f007c9ee873eaeea2d3fa3c89aa0310dd08e5c5,2023-04,Bedfordshire Police,Bedfordshire Police,-0.432162,51.913082,On or near Aydon Road,E01015748,Luton 004D,Suspect charged
dd1b867b997aebeea4ebea2f8323181f81697a5a0fb7840d0047e9bea3a5de59,2023-04,Bedfordshire Police,Bedfordshire Police,-0.410765,51.883725,On or near Duke Street,E01033802,Luton 022D,Investigation complete; no suspect identified
29050fbb7d388d37dcd7464997b31c190172edcd8e487a4c38467a11d16329c2,2023-04,Bedfordshire Police,Bedfordshire Police,-0.429975,51.879505,On or near Ashburnham Road,E01015729,Luton 019C,Investigation complete; no suspect identified
b683d3ccf9079e17eaa0d182752a648c118cbffd81d79c2e4d4a241c29f34e0a,2023-04,Bedfordshire Police,Bedfordshire Police,-0.533478,51.941443,On or near Bradford Way,E01017622,Central Bedfordshire 019E,Investigation complete; no suspect identified
bedb9912d214b5542e4609ad64e025b1c7d685caef16e551d1f3045761c75abb,2023-04,Bedfordshire Police,Bedfordshire Police,-0.397308,51.902569,On or near Venetia Road,E01015796,Luton 012F,Investigation complete; no suspect identified
2ea383a633d6090ad31d9b7503f6f35ecad5975cdbeb91a14c1f1da0051fe754,2023-04,Bedfordshire Police,Bedfordshire Police,-0.285256,52.136408,On or near Sunderland Road,E01017433,Central Bedfordshire 001A,Investigation complete; no suspect identified
f17347ce46fe899c9545974bf53c2062119e89e49ee07778a75e429cc2d2abae,2023-04,Bedfordshire Police,Bedfordshire Police,-0.654109,51.902117,On or near Feronia Mead,E01033828,Central Bedfordshire 024H,Investigation complete; no suspect identified
81b89f8c4c1358961f63348d03f7a48afc3b358140a66cc2632e9a942c6d8c04,2023-04,Bedfordshire Police,Bedfordshire Police,-0.457460,51.865571,On or near Supermarket,E01017563,Central Bedfordshire 033C,Investigation complete; no suspect identified
fb2496c291be549823bed25351e5d85193b79c283a8b71f8f01a7c8d848406e3,2023-04,Bedfordshire Police,Bedfordshire Police,-0.427475,52.138894,On or near Bishops Road,E01017527,Bedford 011D,Investigation complete; no suspect identified
64cc11e3fd07ffa5189785746721402d5c9cf61b586d4dbce325ecfef0be3216,2023-04,Bedfordshire Police,Bedfordshire Police,-0.398598,51.872428,On or near Gipsy Lane,E01015790,Luton 021B,Investigation complete; no suspect identified
bc9d3bfb03d0f0bf3d083183672d7ef694a240407f6df6663b2037163cbd3579,2023-04,Bedfordshire Police,Bedfordshire Police,-0.421262,51.878543,On or near Police Station,E01033804,Luton 023B,Suspect charged
c36166a78b1e5f02e48cfd5807303aeedbe6d1ed47e6b940136af2c0b6263076,2023-04,Bedfordshire Police,Bedfordshire Police,-0.463162,51.897252,On or near Collingwood Close,E01015716,Luton 011D,Investigation complete; no suspect identified
f9c5f998848c4424a8b1232698a1605b248364a147ca0f55fbc34b507c55d28b,2023-04,Bedfordshire Police,Bedfordshire Police,-0.371421,51.888456,On or near Shopping Area,E01015808,Luton 014D,Investigation complete; no suspect identified
77e0bd392432a9891fac506b2bf9888b57f61e2f91530b65a46494a751b280b5,2023-04,Bedfordshire Police,Bedfordshire Police,-0.521453,51.885033,On or near Shopping Area,E01017567,Central Bedfordshire 029B,Investigation complete; no suspect identified
bc8d3b98e9834e5d721c4d698396e00951ec0d236ce23e28977e3cc3374f2ec7,2023-04,Bedfordshire Police,Bedfordshire Police,-0.399977,51.873274,On or near B653,E01015790,Luton 021B,Investigation complete; no suspect identified
8b05d2b646e3af8cef02894a3e34738b6f9e8f8dc6e4feb1ae6142f8d13bdfb4,2023-04,Bedfordshire Police,Bedfordshire Police,-0.500367,51.947518,On or near Toddington Service Area,E01017620,Central Bedfordshire 019C,Investigation complete; no suspect identified
893136e31cf18ade7efffec8983966bca1a94b81f5f52e7160e7e937c79501b1,2023-04,Bedfordshire Police,Bedfordshire Police,-0.521453,51.885033,On or near Shopping Area,E01017567,Central Bedfordshire 029B,Investigation complete; no suspect identified
539ba6d09babfad63fc608e18c94407b5defc585c7c1036386db99a9d9c9ea0e,2023-04,Bedfordshire Police,Bedfordshire Police,-0.586006,51.874038,On or near Knights Court,E01017571,Central Bedfordshire 032A,Suspect charged
e7f4a6dfad06768b557cc335c3ffa072bf0abfcddb57220c03f22a7804905be3,2023-04,Bedfordshire Police,Bedfordshire Police,-0.521453,51.885033,On or near Shopping Area,E01017567,Central Bedfordshire 029B,Investigation complete; no suspect identified
75e574a5da10a72e5d76f8a6d01441396f02511d507a65e5078d12a1889c01e5,2023-04,Bedfordshire Police,Bedfordshire Police,-0.416615,51.884289,On or near Plait Court,E01033801,Luton 022C,Investigation complete; no suspect identified
0d6a1193349548cae4d53b196acc3f25fcb8d1b816ca232e4f0f8de0fefda586,2023-04,Bedfordshire Police,Bedfordshire Police,-0.252114,52.087170,On or near Orchard Close,E01033813,Central Bedfordshire 006J,Unable to prosecute suspect
db0e3b06b6ccdd963bd901d38b894834f678414e9f531925a7438e83273ebf55,2023-04,Bedfordshire Police,Bedfordshire Police,-0.513984,52.113806,On or near Chibnall Close,E01034422,Bedford 018F,Investigation complete; no suspect identified
de94be01aff580297d0fe57beaed568046ba7cc43f69658cc628259d02deb631,2023-04,Bedfordshire Police,Bedfordshire Police,-0.537741,52.109473,On or near Conference/Exhibition Centre,E01017547,Bedford 002F,Unable to prosecute suspect
f7f2c8268b615d34a48355d20320e6f3e1497fbdabeb1632fa039bc9b5f58297,2023-04,Bedfordshire Police,Bedfordshire Police,-0.365304,51.890835,On or near Cutlers Green,E01015810,Luton 014F,Unable to prosecute suspect
3271cecac5ac187480bd511dbef471621d0805e533e23a46e35576a4edc7b18e,2023-04,Bedfordshire Police,Bedfordshire Police,-0.433798,51.911620,On or near Leyburne Road,E01015744,Luton 004A,Unable to prosecute suspect
d5db93f104e49ebc15a8440ddb5ed56e37a2b4f7cdc1abc0a62c4f88798f7723,2023-04,Bedfordshire Police,Bedfordshire Police,-0.335593,52.037998,On or near High Street,E01017437,Central Bedfordshire 011A,Investigation complete; no suspect identified
e31c34fb42601fcb0b452353b0a7237c0a5ead90ad528cd1ffcab66ae80d3c12,2023-04,Bedfordshire Police,Bedfordshire Police,-0.399977,51.873274,On or near B653,E01015790,Luton 021B,Investigation complete; no suspect identified
475913b5a99d399f822ba3dec7fa1d8e8e9bfb54be4b1cb5fa1dffbc44b60259,2023-04,Bedfordshire Police,Bedfordshire Police,-0.409564,52.152312,On or near Asgard Drive,E01017493,Bedford 007F,Investigation complete; no suspect identified
f685d97780d3395a1880de3c5dc6ad243f7a0a7ce630bf4886f4a82dcfdde25f,2023-04,Bedfordshire Police,Bedfordshire Police,-0.442787,51.922025,On or near Carnegie Gardens,E01015706,Luton 001A,Investigation complete; no suspect identified
215213f50e6951af64f917c3ea076b221651bedb39d1304e85d5f926b7f15448,2023-04,Bedfordshire Police,Bedfordshire Police,-0.493086,52.009313,On or near St Marks Close,E01017400,Central Bedfordshire 015B,Unable to prosecute suspect
e376ab9fc9a6e805d808f4c5d57c07235064850f049508ea4438396cd4082757,2023-04,Bedfordshire Police,Bedfordshire Police,-0.466098,52.135878,On or near Shopping Area,E01034419,Bedford 012H,Unable to prosecute suspect
67bdefcd49069218d3aa8205e79b24249f4a8a07dba43e123e1f5bfd3fcbc08b,2023-04,Bedfordshire Police,Bedfordshire Police,-0.262838,52.086887,On or near High Street,E01017385,Central Bedfordshire 005C,Unable to prosecute suspect
758a2ab306f6b4d159945c390a930f3165f97f0157948a36ed2d74194505a1b1,2023-04,Bedfordshire Police,Bedfordshire Police,-0.430730,51.880333,On or near Dale Road,E01015729,Luton 019C,Unable to prosecute suspect
ca34e66aec053e185df30172d66c9e8433f1b9209a0a7b2fc9570c9dce34d532,2023-04,Bedfordshire Police,Bedfordshire Police,-0.656636,51.912917,On or near A4012,E01033828,Central Bedfordshire 024H,Unable to prosecute suspect
dbe6ca1c475838ed50aa0b0fe322ce2ef8f8a42f7f296ef9b645c974cbe2fcf9,2023-04,Bedfordshire Police,Bedfordshire Police,-0.656636,51.912917,On or near A4012,E01033828,Central Bedfordshire 024H,Unable to prosecute suspect
71acba4a0873a436deeccec3eaab31c2bdf2b2a33ed4faa6b1461dc54c9eec4b,2023-04,Bedfordshire Police,Bedfordshire Police,-0.530046,52.093903,On or near Petrol Station,E01034425,Bedford 020E,Unable to prosecute suspect
002b75ca4f2d7000c9d64f8e5cb52ca11261ae2781e51636712fe5f904bf8b8f,2023-04,Bedfordshire Police,Bedfordshire Police,-0.530046,52.093903,On or near Petrol Station,E01034425,Bedford 020E,Investigation complete; no suspect identified
c2d2810018abb568151f66131decd28d346f4545467d1f612b887507119677f7,2023-04,Bedfordshire Police,Bedfordshire Police,-0.549304,52.060928,On or near Church Walk,E01017418,Central Bedfordshire 009C,Unable to prosecute suspect
e158d4f21340c360c391062b1a8a39430ac290c5759ad7d1d756de386de1e59c,2023-04,Bedfordshire Police,Bedfordshire Police,-0.466098,52.135878,On or near Shopping Area,E01034419,Bedford 012H,Unable to prosecute suspect
02001e51aee22e33b71c19fcd5c0249f98edbafbb3fa222b8da8e7d080cbd5f3,2023-04,Bedfordshire Police,Bedfordshire Police,-0.436831,51.896698,On or near Fitzroy Avenue,E01015786,Luton 010F,Unable to prosecute suspect
4ad52300514d5ad8bff843bf7fcd833f0e66497bca4d36a27c2aa68f428911b1,2023-04,Bedfordshire Police,Bedfordshire Police,-0.421844,51.880178,On or near Further/Higher Educational Building,E01033803,Luton 023A,Investigation complete; no suspect identified
29711ee53a713c4036a009884cbecf3d056a43dd32183c96a6bc83dc0c2842a7,2023-04,Bedfordshire Police,Bedfordshire Police,-0.462586,52.135607,On or near Newnham Road,E01034419,Bedford 012H,Investigation complete; no suspect identified
08cf4270453ea6ef8e61ff5adbaf8148949e086c9a39b2f7253723527ce635fc,2023-04,Bedfordshire Police,Bedfordshire Police,-0.259897,52.085567,On or near The Dells,E01017383,Central Bedfordshire 005A,Action to be taken by another organisation
9a15c6ca83c53098fb4281cb5e3d62d80ffb316cafaa98157f864d822dc1d727,2023-04,Bedfordshire Police,Bedfordshire Police,,,No location,,,Action to be taken by another organisation
0ac445ed81c00e59277516871d259d02fdf6fe9cd7823cb6f1d37f058a206c97,2023-04,Bedfordshire Police,Bedfordshire Police,-0.468747,51.906981,On or near Glaisdale,E01015754,Luton 005E,Unable to prosecute suspect
70664fafd67ba15ce406babb149c53e57054800a56e082bc9f1dd387f64d7f55,2023-04,Bedfordshire Police,Bedfordshire Police,-0.399977,51.873274,On or near B653,E01015790,Luton 021B,Action to be taken by another organisation
2a592382cd3cdc344af8c7b38e58663364a0bd2b807025f9f7f4c82366f214a1,2023-04,Bedfordshire Police,Bedfordshire Police,-0.473441,52.133060,On or near Crown Quay,E01017466,Bedford 012A,Investigation complete; no suspect identified
6eacf04c5678f136ed0d1ade7cb37b4d2015250eeba762280ba4de7e8dcfd4bc,2023-04,Bedfordshire Police,Bedfordshire Police,-0.451203,52.129713,On or near Supermarket,E01017519,Bedford 014B,Unable to prosecute suspect
d402f9f61298d88bcfd31045ae50809cfef022cc8c9adc6b143ace451641fd6b,2023-04,Bedfordshire Police,Bedfordshire Police,-0.416120,51.878932,On or near George Street,E01033803,Luton 023A,Investigation complete; no suspect identified
6f6ff348be7ac70f2a8b96601b79ce03384a25ea0d31138145db10c272c4fe5d,2023-04,Bedfordshire Police,Bedfordshire Police,-0.259893,52.091295,On or near Reynolds Close,E01017384,Central Bedfordshire 005B,Investigation complete; no suspect identified
93755038855081f406b672f11246616d304e3fd9a60074dedfabd6f7c6931cb9,2023-04,Bedfordshire Police,Bedfordshire Police,,,No location,,,Unable to prosecute suspect
223af5747005606404c98c922ec9906a9370bf48a7240bcc6a84b96290fd202c,2023-04,Bedfordshire Police,Bedfordshire Police,,,No location,,,Unable to prosecute suspect
005d55f09a8f95ecd31ba887b61c834cb73090c42a8ffd9b40bf705ad64ba3be,2023-04,Bedfordshire Police,Bedfordshire Police,-0.416082,51.880388,On or near Shopping Area,E01033805,Luton 023C,Investigation complete; no suspect identified
da2a8133e288739a8e0a1841f848268916c938ed7e4f9d651c0073b1e5480f16,2023-04,Bedfordshire Police,Bedfordshire Police,,,No location,,,Unable to prosecute suspect
2252ac047e2342fd403677560ff16795a584589412d43aec7954d0c07f7323be,2023-04,Bedfordshire Police,Bedfordshire Police,,,No location,,,Unable to prosecute suspect
9f4b9fcb051b3a169b89d616fcc27ff3075d0386b86b8d0fc67027adbe9d6d35,2023-04,Bedfordshire Police,Bedfordshire Police,,,No location,,,Unable to prosecute suspect
e3546aa527bd3887a08d22d4ca67220d4555ba8b0b8715aa72c441aa931d79f5,2023-04,Bedfordshire Police,Bedfordshire Police,-0.498435,52.114535,On or near The Windermere,E01017514,Bedford 018B,Unable to prosecute suspect
51867cf4a5fc6bbe96292858aa532b9b580025e1e7cc46da981ca5c31db90325,2023-04,Bedfordshire Police,Bedfordshire Police,-0.505821,51.900301,On or near Park Road North,E01017581,Central Bedfordshire 026D,Unable to prosecute suspect
4b892edad74a503842c35e4e9356ef39a2300f77440a479c44fcbc5b69c6a95c,2023-04,Bedfordshire Police,Bedfordshire Police,-0.470874,51.905570,On or near The Green,E01015749,Luton 005A,Investigation complete; no suspect identified
f1db02d45ce100d7bac813a447739f7abd9cc25f3ebb698834e1d704db9dca8f,2023-04,Bedfordshire Police,Bedfordshire Police,-0.452310,51.901785,On or near Canterbury Close,E01015785,Luton 006G,Unable to prosecute suspect
65f676f428034a36398eb941689b1437c718791aa7e838bdb76a023352c26b93,2023-04,Bedfordshire Police,Bedfordshire Police,-0.484986,51.890539,On or near Petrol Station,E01017583,Central Bedfordshire 027B,Investigation complete; no suspect identified
6a642f0d94187136b74a29b584afbc3416118368957ca47d80e734e55477ce70,2023-04,Bedfordshire Police,Bedfordshire Police,-0.636949,51.919677,On or near Barleycorn Close,E01017605,Central Bedfordshire 020C,Unable to prosecute suspect
2c43b7119f19e5d6008bedb39bb2b8920402dc1590e747d099281bceb3d17bc5,2023-04,Bedfordshire Police,Bedfordshire Police,-0.467864,52.138050,On or near Lime Street,E01034419,Bedford 012H,Unable to prosecute suspect
df59e66655ce9fcb985a34b88f43427a37f25e537e7f7202aec7e20c74baf3f7,2023-04,Bedfordshire Police,Bedfordshire Police,-0.567080,52.128984,On or near Oakcroft,E01017547,Bedford 002F,Unable to prosecute suspect
ed37653c7a1a0b4cbb12be8f412de8bd367e633beb0f41ecd18225d533ab3676,2023-04,Bedfordshire Police,Bedfordshire Police,-0.339183,52.035945,On or near George Street,E01017439,Central Bedfordshire 011C,Unable to prosecute suspect
0426dcbbfdc525e8025f3085a8e6ce9e54d4c8bd11f8abfa83cc911b70ce6588,2023-04,Bedfordshire Police,Bedfordshire Police,-0.474035,51.904506,On or near Home Close,E01015749,Luton 005A,Unable to prosecute suspect
7e36a1d660de71c48369e5cecde4d3ca9c0b9ddfa4766ff69a21decfdf6724f5,2023-04,Bedfordshire Police,Bedfordshire Police,-0.466098,52.135878,On or near Shopping Area,E01034419,Bedford 012H,Unable to prosecute suspect
e2885692162a084dcca0e5e862c0bdc72ff4a1b620aa6cb4884e6c970bb229cc,2023-04,Bedfordshire Police,Bedfordshire Police,-0.416082,51.880388,On or near Shopping Area,E01033805,Luton 023C,Suspect charged
596c7aef223215480fbf0480eb72ef453f0f46424d50cda28562bf49df092897,2023-04,Bedfordshire Police,Bedfordshire Police,-0.444648,52.124951,On or near Goodmayes Close,E01017519,Bedford 014B,Investigation complete; no suspect identified
ecf77d2e8eadeadd7b442bf1a00141aa058a9d1f1382bf477387004893023c83,2023-04,Bedfordshire Police,Bedfordshire Police,-0.367270,51.875839,On or near Airport/Airfield,E01015808,Luton 014D,Formal action is not in the public interest
600582cba240f3f772f2e2f3ffa6b2bd5e844e580fcea8af8a22fcead245b0e8,2023-04,Bedfordshire Police,Bedfordshire Police,-0.537831,51.886730,On or near Aynscombe Close,E01017597,Central Bedfordshire 028D,Investigation complete; no suspect identified
7b497e6d90f479992de1b315bd6dfb6bb8819b4f1852cfff8123129a6fff50ee,2023-04,Bedfordshire Police,Bedfordshire Police,-0.537831,51.886730,On or near Aynscombe Close,E01017597,Central Bedfordshire 028D,Unable to prosecute suspect
f1f8d7242b39ad8a518ad1f4ae584ec0c18c0583c71b9c049c58168bd9875735,2023-04,Bedfordshire Police,Bedfordshire Police,-0.502968,52.001347,On or near Blackbird Close,E01017405,Central Bedfordshire 016C,Unable to prosecute suspect
827cd265756bc5d1591e2aede95fc39ac09a92acb991975f772b04bf3a325b51,2023-04,Bedfordshire Police,Bedfordshire Police,-0.414451,51.873928,On or near Townsley Close,E01033807,Luton 021H,Unable to prosecute suspect
eee7340eb9c9c05e38d471a7fb6291c65d9d5dbcfb5f0c255b8d8cc5312af7eb,2023-04,Bedfordshire Police,Bedfordshire Police,-0.558288,51.882656,On or near Sports/Recreation Area,E01017588,Central Bedfordshire 032E,Investigation complete; no suspect identified
afef1204dc350de34bc88fbbcd68dbe8f61fab3e1962ba850072b5248582f27e,2023-04,Bedfordshire Police,Bedfordshire Police,-0.390516,51.905101,On or near Cannon Lane,E01015798,Luton 008B,Action to be taken by another organisation
b1745fbd365e27907117eb5fe1d86fc3b90476e42c904ea66bfb42002d89b5cc,2023-04,Bedfordshire Police,Bedfordshire Police,-0.489237,52.158943,On or near The Ford,E01017479,Bedford 003B,Unable to prosecute suspect
744847d1565fc4e338d0c45024db2832d4f8c19544b60bcdccfdfa393c091c30,2023-04,Bedfordshire Police,Bedfordshire Police,-0.443330,51.886965,On or near Kingsway,E01015724,Luton 019A,Unable to prosecute suspect
5256dce286d4bed1f9d8e1a354570ffdcfad05ba3a87827f7854281e06004a8d,2023-04,Bedfordshire Police,Bedfordshire Police,-0.317924,52.284570,On or near Roman Way,E01018115,Huntingdonshire 017A,Suspect charged
1f0feaf866a4283ccad4ddd4c3df9fec3852622d5a90d4d39405b800f1599dc7,2023-04,Bedfordshire Police,Bedfordshire Police,-0.479957,52.144662,On or near Clapham Road,E01017499,Bedford 010C,Offender given a caution
c147335ff24e4d7257b9f36680f69d24536433ad1b85a646b5d49a4e0b9c726b,2023-04,Bedfordshire Police,Bedfordshire Police,-0.287927,52.129254,On or near Market Square,E01017435,Central Bedfordshire 002D,Unable to prosecute suspect
22047ee4cf38485e731861ea67975ff1a4b2a29bee39cf7c3bdc618ae76f3173,2023-04,Bedfordshire Police,Bedfordshire Police,-0.415729,51.884673,On or near Dudley Street,E01033801,Luton 022C,Unable to prosecute suspect
7c27f79238c3abbf7c25df7d26d4563c6b72f931c7e39ef6c9b5f90029bac7e2,2023-04,Bedfordshire Police,Bedfordshire Police,-0.435319,51.881653,On or near St Peters Road,E01015724,Luton 019A,Suspect charged
98052de87bf67eaf5aacf32909acf023514387a968943bb10f5f854e9b718671,2023-04,Bedfordshire Police,Bedfordshire Police,-0.419294,51.878319,On or near Stuart Street,E01015795,Luton 021F,Suspect charged
87fa805ff8327908efeee8ded0aedac794e94922bb0567020c64a64f967bb146,2023-04,Bedfordshire Police,Bedfordshire Police,,,No location,,,Investigation complete; no suspect identified
2cc8a0e6d368be3c5b66c1b298a402cd75c80d66a9758bc90b1384357c88e223,2023-04,Bedfordshire Police,Bedfordshire Police,-0.427321,51.888524,On or near Ellenhall Close,E01015702,Luton 017C,Unable to prosecute suspect
5ba85ecf846b5c3ed07f129688a76225c894b6a9630a5427c058657ca4c29562,2023-04,Bedfordshire Police,Bedfordshire Police,-0.416104,51.875246,On or near Castle Street,E01033806,Luton 021G,Investigation complete; no suspect identified
5385af83deaf68714230a22b0e95b779aa112e2099b14d6be7a112bc866c4277,2023-04,Bedfordshire Police,Bedfordshire Police,-0.660931,51.916635,On or near Market Square,E01017555,Central Bedfordshire 021A,Investigation complete; no suspect identified
881c7e6911bbc6b5c131395462dfeb9e539589d1e1d455ec3a875df9a974ae60,2023-04,Bedfordshire Police,Bedfordshire Police,-0.651346,51.924006,On or near Miletree Court,E01017609,Central Bedfordshire 021E,Investigation complete; no suspect identified
9803bb3c4b1e1dc1afc4dca13dcb9732b1cf9f3a7de5aa54ecd194f0f0d8a5e3,2023-04,Bedfordshire Police,Bedfordshire Police,-0.507190,51.888359,On or near Bramley Court,E01017584,Central Bedfordshire 027C,Investigation complete; no suspect identified
f5960a3836d01801c00c400888ee9446fe5285990b3b990f6d7643475a6e6dad,2023-04,Bedfordshire Police,Bedfordshire Police,-0.215051,52.028708,On or near Astwick Services,E01017447,Central Bedfordshire 014B,Investigation complete; no suspect identified
85008fd4284ad94945b4096f4ae3ada482d1bdd010df6982ca39b8d2ba6593df,2023-04,Bedfordshire Police,Bedfordshire Police,-0.396498,51.874297,On or near Kimpton Road,E01015719,Luton 016A,Investigation complete; no suspect identified
6040b8d78e58bd106b4fad63d82c1ff3297cc6c10477b996f5f310ef837173e9,2023-04,Bedfordshire Police,Bedfordshire Police,,,No location,,,Investigation complete; no suspect identified
b536a9a4fa6b0882ed19bfe0982d967ab2c0c525e7bb6c591db05a327b47f919,2023-04,Bedfordshire Police,Bedfordshire Police,-0.386254,51.882069,On or near Parking Area,E01015811,Luton 014G,Investigation complete; no suspect identified
2c9937339fcdfc14680e358ecb1c7e0c9cdb8501ad01064ee91a90033ea758dd,2023-04,Bedfordshire Police,Bedfordshire Police,-0.414909,51.886514,On or near William Street,E01015739,Luton 022A,Investigation complete; no suspect identified
d27a14a104db8a45123ff522bf6a3f9926aa75620a97922e9dc384670f14a6c1,2023-04,Bedfordshire Police,Bedfordshire Police,-0.404368,51.866185,On or near New Airport Way,E01015790,Luton 021B,Investigation complete; no suspect identified
5bbd9ddec09cc8b303f163e4670e0688f4a60b6e6441ac09771c0a64f3b439f6,2023-04,Bedfordshire Police,Bedfordshire Police,-0.425384,52.027391,On or near Bedford Road,E01017419,Central Bedfordshire 008C,Investigation complete; no suspect identified
dbac612c460772e1243a81a8e44007b2e334779419ace0444ce89d3bbfa26985,2023-04,Bedfordshire Police,Bedfordshire Police,-0.624118,52.251618,On or near Hinwick Road,E01017503,Bedford 002C,Unable to prosecute suspect
5642e341a7c1a8e3fa53127ac2b379d9fa1afdab41e825b1b1bc1bf121eee736,2023-04,Bedfordshire Police,Bedfordshire Police,-0.475629,51.904661,On or near Westerdale,E01015749,Luton 005A,Investigation complete; no suspect identified
b68d1a0f5315ff8a4e67a2d0ff79e7751b11bfb446063a5236b8c60d45ac8f56,2023-04,Bedfordshire Police,Bedfordshire Police,-0.383172,51.896683,On or near Keymer Close,E01015812,Luton 008E,Investigation complete; no suspect identified
5fa4d23423d74cafc192c1933168b474a23b0a73b6b25bc49268018e48de0557,2023-04,Bedfordshire Police,Bedfordshire Police,-0.487952,51.966214,On or near Monmouth Road,E01017408,Central Bedfordshire 017B,Investigation complete; no suspect identified
d0dba2391fdd96fff117ed0da35d0317ce6e4651bdd74fefedd9daa9feeb06c5,2023-04,Bedfordshire Police,Bedfordshire Police,,,No location,,,Unable to prosecute suspect
c33238e43da59087ae81a8b9cd3e3ef5a94f3562362b74edbe200886a3edf51c,2023-04,Bedfordshire Police,Bedfordshire Police,-0.678120,51.923483,On or near Rowley Furrows,E01017610,Central Bedfordshire 022D,Investigation complete; no suspect identified
b84a896fe17f30a440b46609dac01e256e13a078e6f6e0807f3b54a01a190484,2023-04,Bedfordshire Police,Bedfordshire Police,-0.680480,51.912917,On or near Bunkers Lane,E01017614,Central Bedfordshire 023D,Investigation complete; no suspect identified
48abc86141c248b220c2c34f88c0873468112a27fad37f3004fa122c4a5f88bd,2023-04,Bedfordshire Police,Bedfordshire Police,-0.628353,52.014167,On or near The Square,E01017380,Central Bedfordshire 007B,Investigation complete; no suspect identified
dd7e4b2e408542c0d4f1201d1121ab45203f61d5a3c48f761b2fe80d033c8455,2023-04,Bedfordshire Police,Bedfordshire Police,-0.333089,52.032802,On or near Spitfire Road,E01017440,Central Bedfordshire 011D,Suspect charged
dd7e4b2e408542c0d4f1201d1121ab45203f61d5a3c48f761b2fe80d033c8455,2023-04,Bedfordshire Police,Bedfordshire Police,-0.333089,52.032802,On or near Spitfire Road,E01017440,Central Bedfordshire 011D,Suspect charged
bf9da0e146800dee87a226702de37d528acb23fb78e3b9e5e89748c90e028581,2023-04,Bedfordshire Police,Bedfordshire Police,-0.669344,51.918304,On or near Supermarket,E01017557,Central Bedfordshire 021C,Investigation complete; no suspect identified
2b63671d187d61e39e6b60a30275a24774ff6d5dc3783bec7c04404e2c981059,2023-04,Bedfordshire Police,Bedfordshire Police,-0.399977,51.873274,On or near B653,E01015790,Luton 021B,Investigation complete; no suspect identified
a3464fc108ed73d3c70f31a1d331336b750926e95738805139ef82e0b507846b,2023-04,Bedfordshire Police,Bedfordshire Police,-0.510964,51.910895,On or near Westminster Gardens,E01017602,Central Bedfordshire 025C,Investigation complete; no suspect identified
6885dff7b88a4384c3e5373141e08f010ecdc7c8916dbeaf4d4ac7c2cea2323b,2023-04,Bedfordshire Police,Bedfordshire Police,-0.480839,52.135080,On or near Henley Road,E01017536,Bedford 013B,Suspect charged
9f00d1723c6579659643294ea73874bd8098390d6db418461836cac21efa3ac0,2023-04,Bedfordshire Police,Bedfordshire Police,-0.664286,51.917248,On or near West Street,E01017555,Central Bedfordshire 021A,Investigation complete; no suspect identified
e64ab29de4d7fcecc2b89f278a21a1ad66de4ccfa267da1ac81955e4b099aeca,2023-04,Bedfordshire Police,Bedfordshire Police,-0.464971,52.125712,On or near Bridge Road,E01034420,Bedford 015G,Unable to prosecute suspect
38b397a84878a481e20328501c5f93a70fe7824b33944bcc993441b216f61988,2023-04,Bedfordshire Police,Bedfordshire Police,-0.516841,51.882987,On or near Petrol Station,E01017623,Central Bedfordshire 031A,Investigation complete; no suspect identified
d701db46e866b12b086bda78b898b6c600a85a7bd3a71d931f62987bbaecb082,2023-04,Bedfordshire Police,Bedfordshire Police,-0.482330,52.141492,On or near Chaucer Road,E01017499,Bedford 010C,Investigation complete; no suspect identified
f9fb8bfdc1d780009615666cf860a9e8f87c799aae24e201a22f56ab9ded3cd2,2023-04,Bedfordshire Police,Bedfordshire Police,-0.392779,51.907272,On or near Butterfield Green Road,E01015797,Luton 008A,Investigation complete; no suspect identified
f0f71b6d9b08e81db9b79c87c80336118752dbb68529a46d8624197dcaa9e809,2023-04,Bedfordshire Police,Bedfordshire Police,-0.467837,52.118826,On or near Wadsworth Court,E01034431,Bedford 022A,Investigation complete; no suspect identified
e846a91049778b797ee1dc0b719bfb419926e564547858aaed50781b05c7b2ba,2023-04,Bedfordshire Police,Bedfordshire Police,-0.475501,52.135631,On or near Rutland Road,E01017466,Bedford 012A,Investigation complete; no suspect identified
c7a42c886f7448095148f667ae2548e4a816ec4bceee07a7dca121388bc37241,2023-04,Bedfordshire Police,Bedfordshire Police,-0.264645,52.088171,On or near Supermarket,E01017385,Central Bedfordshire 005C,Investigation complete; no suspect identified
a70ec99eb9776ae4e49d0f0ddf21b86a7fbf4e9c91dd314062ca8d5e40f1fd4e,2023-04,Bedfordshire Police,Bedfordshire Police,-0.444024,52.139518,On or near Dean Street,E01017470,Bedford 012E,Unable to prosecute suspect
fa6795ed11fe56e684ac43bdebeb065100516829f336e737574450770c2a769a,2023-04,Bedfordshire Police,Bedfordshire Police,-0.415025,51.880320,On or near Parking Area,E01033805,Luton 023C,Investigation complete; no suspect identified
3d005a7f3bc38ee2d738f650456c80aae6f6574265f538fb8757893935c9bdb5,2023-04,Bedfordshire Police,Bedfordshire Police,-0.401151,51.881931,On or near Whitecroft Road,E01015720,Luton 016B,Suspect charged
dc18229a092b555439dd13b95fc982368a013b6fd9c2c8d5a9d99f7aa6c81cef,2023-04,Bedfordshire Police,Bedfordshire Police,-0.422384,51.878459,On or near Rothesay Road,E01033804,Luton 023B,Suspect charged
659f16999738ba90d3347d463e246c0fbb713ec27d9340e07e994708ca272037,2023-04,Bedfordshire Police,Bedfordshire Police,-0.527644,51.897887,On or near Houghton Road,E01017578,Central Bedfordshire 026A,Unable to prosecute suspect
653f7e4ef177e881f4e0229b3a98cd869ebd84b56fe333b32ae2ddd5b02036a8,2023-04,Bedfordshire Police,Bedfordshire Police,-0.454590,51.915473,On or near Sports/Recreation Area,E01015771,Luton 003B,Investigation complete; no suspect identified
9058eb9ecd205990ddadf745a572e6f78f27d69b6a019e9c8a15ae3fc0284b0a,2023-04,Bedfordshire Police,Bedfordshire Police,-0.474433,51.894144,On or near Hospital,E01015713,Luton 013A,Unable to prosecute suspect
ad5bd29786190b915546c4b496d5bff3959702e63f26463f877f5533ca5dff4a,2023-04,Bedfordshire Police,Bedfordshire Police,-0.455006,51.891408,On or near Dunstable Road,E01015715,Luton 011C,Unable to prosecute suspect
bbd0b1a87f96d2d4b04730a718061f4098b36ddb08b7abc5cbee6a1219780f0e,2023-04,Bedfordshire Police,Bedfordshire Police,-0.416134,51.876478,On or near Victoria Street,E01033806,Luton 021G,Investigation complete; no suspect identified
63c63e20060c921c64467befd0a3eeb96ceb38a60fca4c209a8b37e221aa17d7,2023-04,Bedfordshire Police,Bedfordshire Police,-0.421262,51.878543,On or near Police Station,E01033804,Luton 023B,Suspect charged
63c63e20060c921c64467befd0a3eeb96ceb38a60fca4c209a8b37e221aa17d7,2023-04,Bedfordshire Police,Bedfordshire Police,-0.421262,51.878543,On or near Police Station,E01033804,Luton 023B,Suspect charged
63c63e20060c921c64467befd0a3eeb96ceb38a60fca4c209a8b37e221aa17d7,2023-04,Bedfordshire Police,Bedfordshire Police,-0.421262,51.878543,On or near Police Station,E01033804,Luton 023B,Suspect charged
755438e555897bacb9d329a2ebb9ad985ce8bdcda6b7e4bc3f37683a770e2074,2023-04,Bedfordshire Police,Bedfordshire Police,-0.249245,52.099679,On or near Bryants Edge,E01017388,Central Bedfordshire 005F,Unable to prosecute suspect
cf0b9182eb9f17c382ad3c32271aca81a247d9f2e4bfc8ac090ffd4139e64a80,2023-04,Bedfordshire Police,Bedfordshire Police,-0.283968,52.126211,On or near Ongley Court,E01017431,Central Bedfordshire 002B,Unable to prosecute suspect
dbfdb111f2eba4fe71c9160f64df4e77a0ade42099071cddc225f1c73f8b2fe2,2023-04,Bedfordshire Police,Bedfordshire Police,-0.500367,51.947518,On or near Toddington Service Area,E01017620,Central Bedfordshire 019C,Unable to prosecute suspect
e048b4905c9ef3da8345f194963cfa11d52d4441eb2e7802030ccab13ea6bd3e,2023-04,Bedfordshire Police,Bedfordshire Police,,,No location,,,Unable to prosecute suspect
2d9cdb0105c6f432011f86b5c07e35e933fb45698e9c8de61a1f90d5b249f41c,2023-04,Bedfordshire Police,Bedfordshire Police,-0.664286,51.917248,On or near West Street,E01017555,Central Bedfordshire 021A,Unable to prosecute suspect
15f39dc7ec2e96f945cccdb65502378d91ef3ef44b4d8abfbc83c8f5c6acf55c,2023-04,Bedfordshire Police,Bedfordshire Police,-0.487854,52.110867,On or near Magnolia Close,E01017517,Bedford 018E,Investigation complete; no suspect identified
505e918e2cafced04558d51843482968a4e605edfd18fb202017613c68ccaf0f,2023-04,Bedfordshire Police,Bedfordshire Police,-0.484981,51.901905,On or near Roydon Close,E01015760,Luton 009E,Unable to prosecute suspect
d3f42dd6eaf99bfad4229bbf1970db2f2c790038600ebf183167b3fdcb87e30d,2023-04,Bedfordshire Police,Bedfordshire Police,-0.493992,52.054794,On or near How End Road,E01033817,Central Bedfordshire 008F,Unable to prosecute suspect
1b7a2d37f1670d19a3cb39695e89695679ef8b7554a49eb677edcc591f26eb25,2023-04,Bedfordshire Police,Bedfordshire Police,-0.467864,52.138050,On or near Lime Street,E01034419,Bedford 012H,Unable to prosecute suspect
031a4fa2734972d72159fecaef0d03d17fb454d09ecd6e34614ebcb065879631,2023-04,Bedfordshire Police,Bedfordshire Police,-0.463363,51.897344,On or near Parking Area,E01015716,Luton 011D,Unable to prosecute suspect
ccee3b06cbd2943ddcf9e08b437a43099ac8a31205f0236587c87f359f98a5bd,2023-04,Bedfordshire Police,Bedfordshire Police,-0.465543,52.116719,On or near Dahl Close,E01017477,Bedford 015F,Unable to prosecute suspect
57797efa31185ba34a0bfdea9dc692bbd00ff07ef4c9ef9eb90cefee0b041b3c,2023-04,Bedfordshire Police,Bedfordshire Police,-0.412901,51.888672,On or near Arden Place,E01015740,Luton 012A,Unable to prosecute suspect
b85ad42bd7f025928fa777b1e21f48ea073d5d0857afdc7d91977f5fcb5742cc,2023-04,Bedfordshire Police,Bedfordshire Police,-0.553917,52.041410,On or near The Lane,E01033820,Central Bedfordshire 009G,Formal action is not in the public interest
eea33e2986f894e9018cb5bd5635fc1d1f4da570613ddc5f9ba61b5cffcb3543,2023-04,Bedfordshire Police,Bedfordshire Police,,,No location,,,Unable to prosecute suspect
57b86ab8d85e52d72373aae1e943506f5c5d265d21b42aa67e9d16dcd5926dc2,2023-04,Bedfordshire Police,Bedfordshire Police,,,No location,,,Unable to prosecute suspect
0d30310d7f69e33e6b32ee242a7d64c84bff2c992f1f84fadf7873d93c279292,2023-04,Bedfordshire Police,Bedfordshire Police,,,No location,,,Unable to prosecute suspect
a7fd2707aa187eaf96a3f72effd0c114ab03efd26bde8c053fdd8c473f18262b,2023-04,Bedfordshire Police,Bedfordshire Police,,,No location,,,Unable to prosecute suspect
87506015890d67d94191cd19729a8bac53669df4324c921d52371c9abb1fda5a,2023-04,Bedfordshire Police,Bedfordshire Police,,,No location,,,Unable to prosecute suspect
76781744f3b158c43155a1ad9a455e6a3a6c4ef1943ea4dd17da14dfe63a2ba3,2023-04,Bedfordshire Police,Bedfordshire Police,,,No location,,,Unable to prosecute suspect
842c7b80e61f6a90c3d72b399e5be531e3e680106057a0e1ea009fefcad3d370,2023-04,Bedfordshire Police,Bedfordshire Police,-0.268107,52.061249,On or near Denny Crescent,E01017414,Central Bedfordshire 010E,Unable to prosecute suspect
9ff2ebdae417de0367baefc19791ba79760ffea66d12409c9a57df0339b6ccb9,2023-04,Bedfordshire Police,Bedfordshire Police,-0.427684,51.874376,On or near Hunts Close,E01015735,Luton 020D,Unable to prosecute suspect
7ec96a2ed5e18761c0e8d61b4ccfdf7e40ccc8b73dbd24a6fe05b5a9baa95502,2023-04,Bedfordshire Police,Bedfordshire Police,-0.432895,52.109376,On or near Sopwith Way,E01034428,Bedford 021C,Investigation complete; no suspect identified
c6373928e2f5082b57f169bbb2169bde7bd7dcbf05a8fb084c52262a4f85f990,2023-04,Bedfordshire Police,Bedfordshire Police,-0.416082,51.880388,On or near Shopping Area,E01033805,Luton 023C,Investigation complete; no suspect identified
9a886e0acb1f6f95f4b8dfb2d1bbd92ddba98fbb889e00a68074ac276445d9b1,2023-04,Bedfordshire Police,Bedfordshire Police,-0.640038,51.910821,On or near Roundel Drive,E01033191,Central Bedfordshire 024E,Unable to prosecute suspect
d93b564ee634501571dd2bc59e41de6d1e71f4c2a9083c4dab36c89080031971,2023-04,Bedfordshire Police,Bedfordshire Police,-0.498446,52.029388,On or near Lyme Road,E01017375,Central Bedfordshire 012E,Investigation complete; no suspect identified
fd9d4a13bdfafb7540b37544640cc6567fee654dc44f2a4573cbe76c12d8c438,2023-04,Bedfordshire Police,Bedfordshire Police,-0.538352,52.147477,On or near Browning Close,E01017459,Bedford 008A,Investigation complete; no suspect identified
f4a72d79df73dd37fa45975307276d041d5b535cdbc2a855750549abaa0451f8,2023-04,Bedfordshire Police,Bedfordshire Police,-0.247470,52.082371,On or near Chambers Way,E01033810,Central Bedfordshire 006G,Investigation complete; no suspect identified
0d2d58b5130c7afcafd14d8ee674cac77a14aeeb5842aa7bb1531db64ff8a301,2023-04,Bedfordshire Police,Bedfordshire Police,-0.475054,52.126922,On or near Edward Road,E01034421,Bedford 015H,Unable to prosecute suspect
091ddcca6b6ed279c3ba9429244fcb5129efff15ab01e68a0ac8cdb4c3488a2d,2023-04,Bedfordshire Police,Bedfordshire Police,-0.475106,52.136525,On or near Alexandra Road,E01017466,Bedford 012A,Unable to prosecute suspect
fd6af42a1557164ea8d6fe280e527e87879a2b1c78eaa5a29dd85bb6f523b1f0,2023-04,Bedfordshire Police,Bedfordshire Police,-0.315561,52.037597,On or near Pedley Lane,E01017392,Central Bedfordshire 013B,Further investigation is not in the public interest
40de63ceb74202d0ce0df687fde9e9b3b1f15bf39f522d80210446105e06818a,2023-04,Bedfordshire Police,Bedfordshire Police,-0.445705,52.157990,On or near Beaulieu Way,E01017530,Bedford 006B,Investigation complete; no suspect identified
ebfb89e2394a3cf7943a7adb0ca0c4b98661026d973a740a3667b3aca9893c86,2023-04,Bedfordshire Police,Bedfordshire Police,-0.473241,52.123609,On or near Supermarket,E01017475,Bedford 015D,Investigation complete; no suspect identified
7f2cd12a64770ccbaa69d4e8ce38f88e1b891005ac67609e051c96adcf255e91,2023-04,Bedfordshire Police,Bedfordshire Police,-0.422759,52.154907,On or near Parish Close,E01034412,Bedford 004H,Unable to prosecute suspect
2a957321fd7a84794ee9093ef189c8c5f00269fe01f257d90091b9768e986ec0,2023-04,Bedfordshire Police,Bedfordshire Police,-0.476605,52.117411,On or near Cosmic Avenue,E01017475,Bedford 015D,Investigation complete; no suspect identified
f3ef4ce6faf396b51a5e481f72f8e440185520ffc22a2c30ac93eb2490161eea,2023-04,Bedfordshire Police,Bedfordshire Police,-0.424141,51.914197,On or near Wickmere Close,E01015747,Luton 004C,Investigation complete; no suspect identified
c1fe375fce169e5fcc6bec0befd0bd78b203b8af7f346156857bcafbf6618721,2023-04,Bedfordshire Police,Bedfordshire Police,-0.430946,51.894597,On or near Sheridan Road,E01015702,Luton 017C,Investigation complete; no suspect identified
dc58eccb0d9a1eecac2782b9e5856ccdff1742a1d181c70aa239114d9dcdb894,2023-04,Bedfordshire Police,Bedfordshire Police,-0.264645,52.088171,On or near Supermarket,E01017385,Central Bedfordshire 005C,Investigation complete; no suspect identified
4f33940961c3e6c74534d2a97140519fdeb8e7ef296e41d43534468263f4fd84,2023-04,Bedfordshire Police,Bedfordshire Police,-0.416104,51.875246,On or near Castle Street,E01033806,Luton 021G,Investigation complete; no suspect identified
dca72fb558f330d2ded7aa8950767ff372ee6312cee6f80374936ccd839207c7,2023-04,Bedfordshire Police,Bedfordshire Police,-0.664286,51.917248,On or near West Street,E01017555,Central Bedfordshire 021A,Investigation complete; no suspect identified
13182fcceda9d97668610181e231829ebe494d35b750ba65f0738f13007d60df,2023-04,Bedfordshire Police,Bedfordshire Police,-0.645231,51.916995,On or near Supermarket,E01017573,Central Bedfordshire 024A,Investigation complete; no suspect identified
f75e36973aa8e81e234eace798ebb6efa55204fe92eff0f285917fa276d23c56,2023-04,Bedfordshire Police,Bedfordshire Police,-0.472940,52.137046,On or near Police Station,E01017471,Bedford 012F,Investigation complete; no suspect identified
7a293ad487ccb9ebd7129f23e7dc036604ae748b81d0d886ca9ed179702bcfd5,2023-04,Bedfordshire Police,Bedfordshire Police,-0.607285,52.030508,On or near Salford Road,E01033814,Central Bedfordshire 007H,Investigation complete; no suspect identified
9f834f4a12ea2616dde21786eb4d65eb3f5ba7eb70c73993e096cca3b5e00a42,2023-04,Bedfordshire Police,Bedfordshire Police,-0.534617,52.087612,On or near Tuddenham Row,E01034425,Bedford 020E,Unable to prosecute suspect
18d632882bebc637fa63edb8b932cd8f9ad90464720770138e9105ca18cfccb0,2023-04,Bedfordshire Police,Bedfordshire Police,-0.471169,52.139675,On or near Adelaide Square,E01017502,Bedford 010F,Action to be taken by another organisation
b4196affefba89ecc3008e247f91aba3226c960c254444ee619326730b5e5f6c,2023-04,Bedfordshire Police,Bedfordshire Police,-0.547639,52.062988,On or near Supermarket,E01017418,Central Bedfordshire 009C,Unable to prosecute suspect
946c927c065d597e3ac549ad18f4721f447882d6d1e1ebd7823b258b8b68f904,2023-04,Bedfordshire Police,Bedfordshire Police,-0.458134,51.921850,On or near Stockholm Way,E01015773,Luton 003D,Unable to prosecute suspect
faecebfa26fa7754aad7c104c12ae3efba2c6a7fa4a4f8c16eb51da537e16f58,2023-04,Bedfordshire Police,Bedfordshire Police,-0.427400,52.152641,On or near Supermarket,E01017492,Bedford 007E,Investigation complete; no suspect identified
110af0034d35783567b605526cccd15ee0e844d2780a62e04a125d0395cd5040,2023-04,Bedfordshire Police,Bedfordshire Police,-0.471914,52.135441,On or near Costin Street,E01017466,Bedford 012A,Investigation complete; no suspect identified
0e09ba8c61017397f1946db7ae5bfe3d329f9ce3ab52885f44ba65f708baed29,2023-04,Bedfordshire Police,Bedfordshire Police,-0.444626,51.890264,On or near Petrol Station,E01015731,Luton 015C,Investigation complete; no suspect identified
eed5f055c4a0ca5706070029073bc49f19305184ccbf8e12dfcd8060a07d2f13,2023-04,Bedfordshire Police,Bedfordshire Police,-0.384146,51.908017,On or near Jaywood,E01015797,Luton 008A,Investigation complete; no suspect identified
64a95fcf61a2eb7f2b0be8da5c4013c490b5f18a2fd7814806537b0a5e6834f2,2023-04,Bedfordshire Police,Bedfordshire Police,-0.585500,51.931353,On or near Manor Avenue,E01017577,Central Bedfordshire 019A,Unable to prosecute suspect
2d001ea478679dd34ea6d389adf5632cf16e3adb2cfe20be016e8349700a2ba3,2023-04,Bedfordshire Police,Bedfordshire Police,-0.504560,51.873894,On or near Lockhart Close,E01017624,Central Bedfordshire 031B,Investigation complete; no suspect identified
28edaf79bd64c601311b96e312eb1009262ace81517128cc57efc484486c8e28,2023-04,Bedfordshire Police,Bedfordshire Police,-0.253716,51.997097,On or near Edison Way,E01033190,Central Bedfordshire 014G,Investigation complete; no suspect identified
cf77a5dab9b9beffd7417c79f004efccef2ab0bc7b0a55ec1ddbe9c39f316de3,2023-04,Bedfordshire Police,Bedfordshire Police,-0.414165,51.879571,On or near Parking Area,E01033805,Luton 023C,Investigation complete; no suspect identified
94d0f8c38be5683de4b0c2f39f977f022f6feeee9970e81a07e65c8b9cad48eb,2023-04,Bedfordshire Police,Bedfordshire Police,-0.524128,51.882397,On or near Sports/Recreation Area,E01017565,Central Bedfordshire 029A,Investigation complete; no suspect identified
e81168d39cbd717c897b23e8751855400e509c16ac93d05886fc792f1811f759,2023-04,Bedfordshire Police,Bedfordshire Police,-0.649486,51.906047,On or near Bunting Drive,E01033192,Central Bedfordshire 024F,Investigation complete; no suspect identified
2ba1fd89120ed02f434cc76864a85f3622bb0329388ef57e4e80db60a04bd164,2023-04,Bedfordshire Police,Bedfordshire Police,-0.534271,51.943440,On or near Petrol Station,E01017622,Central Bedfordshire 019E,Investigation complete; no suspect identified
6685b25ce81ec8cd040d67e13901530920ce490e02654c3b7d57bc296c3cd33c,2023-04,Bedfordshire Police,Bedfordshire Police,-0.500367,51.947518,On or near Toddington Service Area,E01017620,Central Bedfordshire 019C,Investigation complete; no suspect identified
4def3b8151a78fa3c0d3bb2e0c8877a499873a88d453f407c114be59b994e147,2023-04,Bedfordshire Police,Bedfordshire Police,-0.398702,51.872815,On or near Shopping Area,E01015790,Luton 021B,Investigation complete; no suspect identified
fe8f7b040c58b54539807c12c9c14ee15dccd248d74d3b0b234b7add6cbab580,2023-04,Bedfordshire Police,Bedfordshire Police,-0.479039,52.138159,On or near Guru Ravidass Lane,E01017471,Bedford 012F,Unable to prosecute suspect
e2086f4391e0f66b095b3f8d93c709a6268b291ba163760327ac0069e0b34a03,2023-04,Bedfordshire Police,Bedfordshire Police,-0.669344,51.918304,On or near Supermarket,E01017557,Central Bedfordshire 021C,Investigation complete; no suspect identified
23c67f787feb157705e57221b52ff0633ad16878d52c816b6b6d7b692bff05d9,2023-04,Bedfordshire Police,Bedfordshire Police,-0.409585,51.875985,On or near Chobham Street,E01015789,Luton 023D,Investigation complete; no suspect identified
a50aa0c63ca8eb2bb6c791f4c4eee41e8813ce60a9e13cf4495eee288f57a631,2023-04,Bedfordshire Police,Bedfordshire Police,-0.669344,51.918304,On or near Supermarket,E01017557,Central Bedfordshire 021C,Investigation complete; no suspect identified
c3daea131657dd38f293b28f1f521d7fde59b36554b3bbf012259923b6c6f8aa,2023-04,Bedfordshire Police,Bedfordshire Police,-0.471646,52.136858,On or near Saffron Close,E01017466,Bedford 012A,Unable to prosecute suspect
035248f2615784132592284b33cc3a7862f3380cf0b4f8a8d339c47ee87ef8f1,2023-04,Bedfordshire Police,Bedfordshire Police,-0.426078,51.882932,On or near Petrol Station,E01015729,Luton 019C,Investigation complete; no suspect identified
638d74b3194e7e7bc581649445416f75e9ed87b0c7ed0c26cd9e176f8484f525,2023-04,Bedfordshire Police,Bedfordshire Police,-0.459982,52.126366,On or near Petrol Station,E01017522,Bedford 014E,Investigation complete; no suspect identified
7341db93b4ab08eb380408e907c6574f0ce005521832de444fe05bbb95d8ce8f,2023-04,Bedfordshire Police,Bedfordshire Police,-0.396043,51.881367,On or near Silecroft Road,E01015719,Luton 016A,Investigation complete; no suspect identified
24e315c23b944bb150b48bc6d6c34fb50eb082d2574ee8fddbdd9ec528df9737,2023-04,Bedfordshire Police,Bedfordshire Police,-0.399977,51.873274,On or near B653,E01015790,Luton 021B,Investigation complete; no suspect identified
6ab55bbfb112391c2edea41135e7353b3a73baa7a25b7e7361561d30e86550bf,2023-04,Bedfordshire Police,Bedfordshire Police,-0.657487,51.914141,On or near Petrol Station,E01017555,Central Bedfordshire 021A,Investigation complete; no suspect identified
d7ff111a8fbf7e60f712522b724caff998a5b31110a80cf29a2542532c16da0e,2023-04,Bedfordshire Police,Bedfordshire Police,-0.399977,51.873274,On or near B653,E01015790,Luton 021B,Investigation complete; no suspect identified
ea3c49434c71971954649159a974c5a12bc33d194f8993df0e30702118dfb01c,2023-04,Bedfordshire Police,Bedfordshire Police,-0.668101,51.916581,On or near Town Bridge Mill,E01017557,Central Bedfordshire 021C,Investigation complete; no suspect identified
4ba6e947afccb5e275d2541585f73fcc02a1e6677f06ae48604c2cc9d20b089e,2023-04,Bedfordshire Police,Bedfordshire Police,-0.669344,51.918304,On or near Supermarket,E01017557,Central Bedfordshire 021C,Investigation complete; no suspect identified
afb1eeb6adeb840591296fe1f23802967eab1ea204dca726a411a31c51bcb0f2,2023-04,Bedfordshire Police,Bedfordshire Police,-0.446898,51.899790,On or near Cuffley Close,E01015785,Luton 006G,Investigation complete; no suspect identified
17dcbca391f925fdd45717391ecb8789cc6b26812d24d4971aa89847dcd7b088,2023-04,Bedfordshire Police,Bedfordshire Police,-0.480039,52.109202,On or near Sam Clark Way,E01034432,Bedford 022B,Investigation complete; no suspect identified
06c6a9b29f752633f7cc41ed636566c78e402858e19443ea78478d0cdc08f9c2,2023-04,Bedfordshire Police,Bedfordshire Police,-0.520534,51.903283,On or near Walkley Road,E01017581,Central Bedfordshire 026D,Investigation complete; no suspect identified
14ffdb1439cc6340b96d17dbf88be97208a6a311219c4e407eebf503ace33659,2023-04,Bedfordshire Police,Bedfordshire Police,-0.423236,51.882741,On or near Supermarket,E01015699,Luton 017B,Investigation complete; no suspect identified
ae6815814f561afb8a0c63a552b620b39e48b495d5ce22d488c1d8d9ef029dd0,2023-04,Bedfordshire Police,Bedfordshire Police,-0.416104,51.875246,On or near Castle Street,E01033806,Luton 021G,Suspect charged
2150b8008b5842164f6e7520d9080622f417ecbc2993ac27b44ef3110f1cf26d,2023-04,Bedfordshire Police,Bedfordshire Police,-0.419762,51.886112,On or near The Shires,E01015739,Luton 022A,Investigation complete; no suspect identified
e7cfd38d5a515a05a0383fe99640bdc2d4bb66606e270365eedfd26252162d53,2023-04,Bedfordshire Police,Bedfordshire Police,-0.423236,51.882741,On or near Supermarket,E01015699,Luton 017B,Investigation complete; no suspect identified
6c153f3cfe50f7b28c4326c8da9cdc194bebd05efec116452964c329e56b6d8e,2023-04,Bedfordshire Police,Bedfordshire Police,-0.655014,51.924390,On or near Clarence Road,E01017609,Central Bedfordshire 021E,Investigation complete; no suspect identified
c2a487405f8131a6b39b44998edd2696f2a9954ff55666bf281c3096aeef3528,2023-04,Bedfordshire Police,Bedfordshire Police,-0.491340,51.898677,On or near Ramsey Close,E01015760,Luton 009E,Investigation complete; no suspect identified
1874bcaa9b5a45c43292d2b55b8b03f9ef2f64772b1723674ec6e1c17deb3795,2023-04,Bedfordshire Police,Bedfordshire Police,-0.419762,51.886112,On or near The Shires,E01015739,Luton 022A,Investigation complete; no suspect identified
0752ac6d7cf69b2b8a38ee3135c20ab7ae76ed259d9b6b27551056e29e0a9010,2023-04,Bedfordshire Police,Bedfordshire Police,-0.541612,51.898304,On or near Barley Brow,E01017598,Central Bedfordshire 028E,Investigation complete; no suspect identified
f6698959a594b098fa743cd43783690ce6bda64030a4ad1a5bc95fc7d220f63e,2023-04,Bedfordshire Police,Bedfordshire Police,-0.421262,51.878543,On or near Police Station,E01033804,Luton 023B,Suspect charged
2c840f761ce7470302f1c19c82dd9cb415611890d29f69f3b8eb6c3c7cbfb4aa,2023-04,Bedfordshire Police,Bedfordshire Police,-0.446949,51.889881,On or near Sports/Recreation Area,E01015731,Luton 015C,Suspect charged
59a278aefb2d655af223df0dd6f879188307166641e173a227809e4e76baf1d2,2023-04,Bedfordshire Police,Bedfordshire Police,-0.461999,52.137362,On or near Saint Cuthberts Court,E01034418,Bedford 012G,Unable to prosecute suspect
96c117b4aee286dcd6153ce83a986b8f18819c1b42972f290bd7059a8978069f,2023-04,Bedfordshire Police,Bedfordshire Police,-0.416120,51.878932,On or near George Street,E01033803,Luton 023A,Unable to prosecute suspect
45c50b02837decb9075332b73a1bac6fab1197a3693210f4ccd3ee94cf4056d3,2023-04,Bedfordshire Police,Bedfordshire Police,-0.284646,52.130996,On or near Rutland Gardens,E01017435,Central Bedfordshire 002D,Unable to prosecute suspect
8c15e2edd1a925aa4a1219beef1dcaa598751a4fb9738064c4352b953cc70058,2023-04,Bedfordshire Police,Bedfordshire Police,-0.640006,51.911872,On or near Bishop Close,E01033191,Central Bedfordshire 024E,Investigation complete; no suspect identified
14006748cb5937f553c7b8f3482b471fec1ccd8dda00107d95093282705c5826,2023-04,Bedfordshire Police,Bedfordshire Police,-0.525087,52.111464,On or near Ibbett Close,E01017547,Bedford 002F,Unable to prosecute suspect
b75563c023d855f22f909e6aa119900fb1db2a75b010dccaa1f231063bc0fb51,2023-04,Bedfordshire Police,Bedfordshire Police,-0.448847,52.119297,On or near Hereford Road,E01017518,Bedford 014A,Unable to prosecute suspect
03291b523fb5ba411f1d98b3600d899afca7781482a42b1486ba06bf096f98fe,2023-04,Bedfordshire Police,Bedfordshire Police,-0.427080,51.880032,On or near Brantwood Road,E01015729,Luton 019C,Unable to prosecute suspect
8be14be198d113d16f9f622b25e8b20881fb244853d2da823b9c2bac38d43ea5,2023-04,Bedfordshire Police,Bedfordshire Police,-0.386254,51.882069,On or near Parking Area,E01015811,Luton 014G,Unable to prosecute suspect
111b0771a50c0edfd073315432b1ba0f464d140bf713e080c7f652bcefc20327,2023-04,Bedfordshire Police,Bedfordshire Police,-0.419032,51.878333,On or near Nightclub,E01033803,Luton 023A,Unable to prosecute suspect
2b0d61a7194512ec997721d770d639ad4725c20df68f7fe1300a4155c0457a15,2023-04,Bedfordshire Police,Bedfordshire Police,-0.466556,51.919244,On or near Copse Way,E01015805,Luton 002D,Unable to prosecute suspect
18431e08bd5474b704cf3b8633042d758a58ed97bc065e98e060c78d65f58beb,2023-04,Bedfordshire Police,Bedfordshire Police,-0.643241,51.907782,On or near Sandpiper Way,E01033192,Central Bedfordshire 024F,Unable to prosecute suspect
068e1c71cc6a85c0cdb936ec2143878e963ee5a02bd8e066a7dece4b78939b79,2023-04,Bedfordshire Police,Bedfordshire Police,-0.422755,51.892770,On or near Primrose Close,E01015700,Luton 010A,Unable to prosecute suspect
5e2c89fd4dd2b30635dab94a3650a021f6fecbbc00f93b3eab314fc820b21566,2023-04,Bedfordshire Police,Bedfordshire Police,-0.451741,51.912837,On or near Tiberius Road,E01015772,Luton 003C,Investigation complete; no suspect identified
85d4bbc9e66dad0089b1a395485c619ef47635969278fb6c033396b00b051913,2023-04,Bedfordshire Police,Bedfordshire Police,-0.398254,51.876389,On or near Armstrong Road,E01015719,Luton 016A,Unable to prosecute suspect
221407f4545c962de226bd3e781e4d4a2454d1271d3f7b4015198d3226d2d583,2023-04,Bedfordshire Police,Bedfordshire Police,,,No location,,,Unable to prosecute suspect
1de34b3682204ea264e5baee0e45616e69e82c7d264c455ba7893e69aeac59a3,2023-04,Bedfordshire Police,Bedfordshire Police,-0.617064,52.317313,On or near Reservoir Close,E01027042,North Northamptonshire 027E,Unable to prosecute suspect
80abf0d74e71fe984ce067a340255d881d5da05e0afb5f08246817f2157c6b5a,2023-04,Bedfordshire Police,Bedfordshire Police,-0.465537,51.897939,On or near Angel Close,E01015716,Luton 011D,Unable to prosecute suspect
35d1dfb9003ce778449a984a56893a6d5be1007a998fe00d63cdde374aedfe5f,2023-04,Bedfordshire Police,Bedfordshire Police,-0.489452,52.004717,On or near Easton Close,E01017400,Central Bedfordshire 015B,Unable to prosecute suspect
4ebe3a2445e2c934fdc085ba0d5135f80fe34c732f3ce3d5f9a226f1e6736388,2023-04,Bedfordshire Police,Bedfordshire Police,-0.391663,51.886028,On or near Plymouth Close,E01015723,Luton 016C,Unable to prosecute suspect
58f0bad7f50d250d6668d1a6e273dcb9f335211f6d5e0ddbc2c3b8c9798d7ddd,2023-04,Bedfordshire Police,Bedfordshire Police,-0.290916,52.170640,On or near Station Road,E01017423,Central Bedfordshire 004C,Unable to prosecute suspect
8fb5151f8337e1e31488536ebff311753ec701837413451a4cfb860254644e65,2023-04,Bedfordshire Police,Bedfordshire Police,-0.437660,52.142662,On or near Ouse Road,E01017491,Bedford 007D,Unable to prosecute suspect
f0ad3085b9f6b86d08088c161b22d3154d9ae9f8488d841c30aa794fee35a614,2023-04,Bedfordshire Police,Bedfordshire Police,-0.290916,52.170640,On or near Station Road,E01017423,Central Bedfordshire 004C,Unable to prosecute suspect
86b8af9389a6222604cceaf892b0daf9426428192fb51238bfce3979492395bb,2023-04,Bedfordshire Police,Bedfordshire Police,-0.410103,51.877341,On or near St Ann's Road,E01015789,Luton 023D,Investigation complete; no suspect identified
f182856af7d1ddcc3e1967f7d2300f6f4dc06e4600d6f57181489828e23894ea,2023-04,Bedfordshire Police,Bedfordshire Police,-0.513569,51.890736,On or near Shopping Area,E01017584,Central Bedfordshire 027C,Investigation complete; no suspect identified
50960c50b3a0e10aca4f2f28ab14b44982c2064d0e914d691ab054b6b369641b,2023-04,Bedfordshire Police,Bedfordshire Police,-0.458957,52.215726,On or near Glebe Close,E01017478,Bedford 003A,Unable to prosecute suspect
b935916d77c3ba24580525029ae537c9c538c12b02dc84a0c1da3ad24f08686e,2023-04,Bedfordshire Police,Bedfordshire Police,-0.496462,52.027708,On or near St Georges Place,E01017375,Central Bedfordshire 012E,Unable to prosecute suspect
cb47b99bf366752bcbda8237929d979aff3bc5a42c774c5c1e1d5c391c44751f,2023-04,Bedfordshire Police,Bedfordshire Police,-0.418273,52.095037,On or near High Road,E01034429,Bedford 021D,Unable to prosecute suspect
7283cb85b721c0a01865412cb803faf077842fe589acc671eb9696e9ad8f365d,2023-04,Bedfordshire Police,Bedfordshire Police,-0.418273,52.095037,On or near High Road,E01034429,Bedford 021D,Unable to prosecute suspect
246f72dee22cc8997693e97fcc4f3a7584d83e7a78fc45ebaff589ad4dcd6ab8,2023-04,Bedfordshire Police,Bedfordshire Police,-0.605108,52.202879,On or near Peach's Close,E01017504,Bedford 002D,Investigation complete; no suspect identified
67ed35ba61c4323b7ea9b8a6a530f034a8057df375ebc3b3b6e2550f7e4b73ff,2023-04,Bedfordshire Police,Bedfordshire Police,-0.433746,52.150073,On or near Heathfield,E01017488,Bedford 007A,Investigation complete; no suspect identified
3f8f919e7c3f461062472d5f1ecb41081438b29547e00796d11a5e5948fe3c7f,2023-04,Bedfordshire Police,Bedfordshire Police,-0.452721,51.902501,On or near Memorial Road,E01015785,Luton 006G,Investigation complete; no suspect identified
a8561a2b39f727e0671336718fa12e86863ad0c14bb901697b201c76627a89e3,2023-04,Bedfordshire Police,Bedfordshire Police,-0.513110,51.908881,On or near Hammersmith Close,E01017602,Central Bedfordshire 025C,Investigation complete; no suspect identified
911f70bab83ca100839ae1f6fb6557adaedcb6f780e720809ef4b8adc5c7ac37,2023-04,Bedfordshire Police,Bedfordshire Police,-0.424297,51.872352,On or near Anthony Gardens,E01015735,Luton 020D,Investigation complete; no suspect identified
aea75e86d82ac5b1cd9c48002e5b825049c00e253a8dfb0e9eb78812adb9e340,2023-04,Bedfordshire Police,Bedfordshire Police,-0.454593,52.140691,On or near Appledore Road,E01017485,Bedford 009D,Investigation complete; no suspect identified
6610d4e3972b18babfb76731341cf1ea12f6353428016d1062aea8b4d8c0fad1,2023-04,Bedfordshire Police,Bedfordshire Police,,,No location,,,Investigation complete; no suspect identified
34ef1ebf2a472ca623f11fd9bce5edb048ef1aa40a4475b5ee6423966601fdf8,2023-04,Bedfordshire Police,Bedfordshire Police,-0.391910,51.899051,On or near Dahlia Close,E01015776,Luton 012C,Investigation complete; no suspect identified
069422ce536abbd49640855cf420834d22b90d0824d672e0b64b9b1c141ba29d,2023-04,Bedfordshire Police,Bedfordshire Police,-0.472952,52.127299,On or near Endsleigh Road,E01034420,Bedford 015G,Investigation complete; no suspect identified
e4b72d0024a7f274907c51eb7033dafab513bf1fe9ea23ffab852f7b61c22762,2023-04,Bedfordshire Police,Bedfordshire Police,-0.664286,51.917248,On or near West Street,E01017555,Central Bedfordshire 021A,Investigation complete; no suspect identified
8ba2d55dc77acd4ddaa130db7b723fdeccf8d13a956da8fd107ef8a6760cd282,2023-04,Bedfordshire Police,Bedfordshire Police,-0.426078,51.882932,On or near Petrol Station,E01015729,Luton 019C,Investigation complete; no suspect identified
fc99e111c1fe2e118534da2ea23757a8c42ef1ca5511e605be5fb4b3f055863e,2023-04,Bedfordshire Police,Bedfordshire Police,-0.477719,51.906918,On or near Hunston Close,E01015749,Luton 005A,Investigation complete; no suspect identified
bb8ddf5ed63c558dd1de97e00283bbae982a30c04ad811eaefd1aba88477a6c9,2023-04,Bedfordshire Police,Bedfordshire Police,-0.538387,51.896924,On or near Salters Way,E01017598,Central Bedfordshire 028E,Investigation complete; no suspect identified
7ad6df60459c6aec88c9426b41cdd28ed563f92a5b3451b943da5b2a5a482e98,2023-04,Bedfordshire Police,Bedfordshire Police,-0.494503,51.979669,On or near Bunyan Road,E01017450,Central Bedfordshire 017E,Investigation complete; no suspect identified
958ea642d2aa5ca04af790b36239466ad0515b27c1db4000f4cdd3a3255096a3,2023-04,Bedfordshire Police,Bedfordshire Police,-0.424762,52.140422,On or near Bryony Close,E01017527,Bedford 011D,Investigation complete; no suspect identified
b6fec9ab0b6de1b2dd4762f34e8a65a39b09fbc5418ec8fe0b330bc386c9e096,2023-04,Bedfordshire Police,Bedfordshire Police,-0.424762,52.140422,On or near Bryony Close,E01017527,Bedford 011D,Investigation complete; no suspect identified
f87535cd98fce85c332ca6bccd5ede76ccd6fe04cb556d4cb9fa209863675c5c,2023-04,Bedfordshire Police,Bedfordshire Police,-0.437040,52.081854,On or near Northwood Lane,E01034430,Bedford 021E,Investigation complete; no suspect identified
abd71a43b03bb48ce1529d1a5404f73b3f9832761d16b0cab588f5b96430230e,2023-04,Bedfordshire Police,Bedfordshire Police,-0.318050,52.115355,On or near Thorncote Green,E01017424,Central Bedfordshire 004D,Investigation complete; no suspect identified
e3149099133b40f35de742309185a89e183977a493fbae38876c2bf91259a66e,2023-04,Bedfordshire Police,Bedfordshire Police,-0.455049,51.887605,On or near A5065,E01015728,Luton 019B,Investigation complete; no suspect identified
fb430fbb76c6e00d85f6c03dbb97beadc2fe09f164e7a2d518800066ef9c964c,2023-04,Bedfordshire Police,Bedfordshire Police,-0.454407,52.123254,On or near Hazelwood Road,E01017521,Bedford 014D,Investigation complete; no suspect identified
4d770d726034295192407183e190f8f39237a1440b63ea7d55b85dc5f0cbbc65,2023-04,Bedfordshire Police,Bedfordshire Police,-0.529103,51.892136,On or near Petrol Station,E01017568,Central Bedfordshire 029C,Investigation complete; no suspect identified
caf5a33bca5266f21b9ebe8eb582d45cf14788aea3c4b683a4828a3838c7f48f,2023-04,Bedfordshire Police,Bedfordshire Police,-0.533846,51.914968,On or near Morpeth Crescent,E01017578,Central Bedfordshire 026A,Suspect charged
8419cd14ec34af512b5038853cc5ed95cb9134d9d4a2de04218ef0d2f43833fb,2023-04,Bedfordshire Police,Bedfordshire Police,-0.222931,52.012678,On or near Murrell Lane,E01017447,Central Bedfordshire 014B,Unable to prosecute suspect
c167cb94ac6058c9d243891c70fdd509f2ed2a55e1f46b857b7ab129ba28ca76,2023-04,Bedfordshire Police,Bedfordshire Police,-0.455049,51.887605,On or near A5065,E01015728,Luton 019B,Investigation complete; no suspect identified
e120502f0096e76d5b28821523f0810b1df2e0a2386d4d3df71826df4e94030d,2023-04,Bedfordshire Police,Bedfordshire Police,-0.411539,51.878250,On or near Further/Higher Educational Building,E01015789,Luton 023D,Unable to prosecute suspect
43c79992755234d7468c487f4c8a45d8c57c659e03f2d646be03d675246419d6,2023-04,Bedfordshire Police,Bedfordshire Police,-0.414754,51.874814,On or near Holly Street,E01033807,Luton 021H,Investigation complete; no suspect identified
dbd155f74c75f08ffe922ec7c2b91f99ab2362f5bab5065baf7b17f65093fdf9,2023-04,Bedfordshire Police,Bedfordshire Police,-0.469089,52.137284,On or near Paradine Court,E01017466,Bedford 012A,Investigation complete; no suspect identified
4dbf580d38064f2c9bdf1f5ba6f617bc58cff3e8b835aa7cd9e057118e22b801,2023-04,Bedfordshire Police,Bedfordshire Police,-0.466764,51.899475,On or near Eynsford Road,E01015716,Luton 011D,Investigation complete; no suspect identified
7685afd4a73442c8d29004cea704511e22d4f81f149737982e9be8915709ee65,2023-04,Bedfordshire Police,Bedfordshire Police,-0.325505,52.145960,On or near Armistice Croft,E01017423,Central Bedfordshire 004C,Unable to prosecute suspect
032ab5e481ec7c65ff6183bcab33b12b6c68c99ad27f2aca81bdb6eafd588cd4,2023-04,Bedfordshire Police,Bedfordshire Police,-0.312114,52.117059,On or near Thorncote Road,E01017424,Central Bedfordshire 004D,Investigation complete; no suspect identified
82a9bb067dfcd850b79a98afb377baf30084620fbf76cc012b538a0d8f7019f0,2023-04,Bedfordshire Police,Bedfordshire Police,-0.289422,52.135992,On or near Wesley Road,E01017433,Central Bedfordshire 001A,Unable to prosecute suspect
62f373781b4852d68cfc8014253825228617f3557484b926cde02ec23daab30d,2023-04,Bedfordshire Police,Bedfordshire Police,-0.612860,52.063752,On or near Ramsey Abbey Close,E01033816,Central Bedfordshire 007J,Investigation complete; no suspect identified
85bd7bda76d56b1430cdbebdafc40ec4e5716fc38518debfc8559062f71150cb,2023-04,Bedfordshire Police,Bedfordshire Police,-0.464848,52.135691,On or near Castle Lane,E01034419,Bedford 012H,Unable to prosecute suspect
874d865b1345a2a356dbf319c54b699d0070e9141ed4990569c08c1e3b9299cb,2023-04,Bedfordshire Police,Bedfordshire Police,-0.471499,52.136452,On or near Shopping Area,E01017471,Bedford 012F,Unable to prosecute suspect
46f18b8a234401cb70b99972abc40b767debcdb23b688bfeff0e00bd26a4bc2c,2023-04,Bedfordshire Police,Bedfordshire Police,-0.661247,51.915308,On or near Parking Area,E01017555,Central Bedfordshire 021A,Investigation complete; no suspect identified
12710913c1299a1c714d22a0037aa2ae401d10787a7727ddfb38695214832729,2023-04,Bedfordshire Police,Bedfordshire Police,-0.511172,51.873394,On or near Lowther Road,E01017626,Central Bedfordshire 031D,Investigation complete; no suspect identified
3606e23c35ec4810d63a3ef9b2621015687109b68e472ca34a165b0e562398f3,2023-04,Bedfordshire Police,Bedfordshire Police,-0.223297,52.017044,On or near Rook Tree Lane,E01017447,Central Bedfordshire 014B,Unable to prosecute suspect
4635d03016f559dc931db64151d62653f34a39ce637da4281c3259dde38aaf26,2023-04,Bedfordshire Police,Bedfordshire Police,-0.497485,52.002392,On or near Coniston Road,E01017405,Central Bedfordshire 016C,Unable to prosecute suspect
52da240ef91982e83e8c449ae6766e1c6cc4777527a80d6cd08791c8a0d39a34,2023-04,Bedfordshire Police,Bedfordshire Police,-0.423351,51.883606,On or near Supermarket,E01015699,Luton 017B,Unable to prosecute suspect
e00281acc5bc9d94b464fee9d23b9475781e25d94a3fc18997947fa282a22030,2023-04,Bedfordshire Police,Bedfordshire Police,-0.465958,52.138663,On or near Supermarket,E01034419,Bedford 012H,Investigation complete; no suspect identified
c3217e0665365b3ec7f2b0c36c8cea5f191a8c2bf9733c15be17be9c4f29135d,2023-04,Bedfordshire Police,Bedfordshire Police,-0.537539,51.949874,On or near Cheney Close,E01017621,Central Bedfordshire 019D,Unable to prosecute suspect
9b78bfcc7c34b530389b045b08487f7ebf4339a701446c61c28eab6c5db45619,2023-04,Bedfordshire Police,Bedfordshire Police,-0.436949,52.146698,On or near The Croft,E01017491,Bedford 007D,Unable to prosecute suspect
896fd32f4dc38cd1b827894dcc76ffea6e98cba4704322547a637d4f03df8cda,2023-04,Bedfordshire Police,Bedfordshire Police,-0.406572,51.873669,On or near Park Street,E01015789,Luton 023D,Investigation complete; no suspect identified
e0bd46b31509051be13ca38d8abc45b1ad15450bdfc7414a27ae2c9135084b8e,2023-04,Bedfordshire Police,Bedfordshire Police,-0.631763,51.920948,On or near Jenner Close,E01033826,Central Bedfordshire 019F,Unable to prosecute suspect
34e07f63ecc681fceffc064ead7328f9a6524529d91fc4f93b5d938e0cda9910,2023-04,Bedfordshire Police,Bedfordshire Police,-0.461589,51.914396,On or near Hillary Close,E01015802,Luton 003F,Unable to prosecute suspect
02929d49d05511de4f7f23295f70ef28c4503e642ac053f03512b3d3e6cce104,2023-04,Bedfordshire Police,Bedfordshire Police,-0.461256,52.111862,On or near Kirkstall Close,E01034431,Bedford 022A,Unable to prosecute suspect
0cee090648cc4c8ac57c48981915f3a6a643d38983e9c1fd5e5d2e8cdd111962,2023-04,Bedfordshire Police,Bedfordshire Police,-0.655666,51.913760,On or near Falcon Mews,E01033830,Central Bedfordshire 024J,Unable to prosecute suspect
9a32b20c8407142d4cc773f607704e656199dc8507f9d711ae8029b2e7b40827,2023-04,Bedfordshire Police,Bedfordshire Police,-0.484037,52.132127,On or near Nelson Street,E01017538,Bedford 013D,Unable to prosecute suspect
029c209494245c30541dc856e9f2bc34c9baf673b34db6c264524909ae4e199d,2023-04,Bedfordshire Police,Bedfordshire Police,-0.228452,52.017158,On or near Walnut Close,E01017447,Central Bedfordshire 014B,Unable to prosecute suspect
7e33daa3dd7674073d3d12ec6747e7069de043f61f1b82b30ac0b7220652474f,2023-04,Bedfordshire Police,Bedfordshire Police,-0.531128,52.094303,On or near Old School Gardens,E01034425,Bedford 020E,Investigation complete; no suspect identified
fbdfb7ebc73a56fd867c82c591b5a4514c2adeb64eaf51fbe383f3fed4ba069b,2023-04,Bedfordshire Police,Bedfordshire Police,-0.427400,52.152641,On or near Supermarket,E01017492,Bedford 007E,Investigation complete; no suspect identified
7474f6839c15a64fe52283230bc67759afd4e3d219d9ec3cfe85396b8d52566c,2023-04,Bedfordshire Police,Bedfordshire Police,-0.468648,52.138636,On or near Dame Alice Street,E01017471,Bedford 012F,Formal action is not in the public interest
7474f6839c15a64fe52283230bc67759afd4e3d219d9ec3cfe85396b8d52566c,2023-04,Bedfordshire Police,Bedfordshire Police,-0.468648,52.138636,On or near Dame Alice Street,E01017471,Bedford 012F,Formal action is not in the public interest
7474f6839c15a64fe52283230bc67759afd4e3d219d9ec3cfe85396b8d52566c,2023-04,Bedfordshire Police,Bedfordshire Police,-0.468648,52.138636,On or near Dame Alice Street,E01017471,Bedford 012F,Formal action is not in the public interest
7474f6839c15a64fe52283230bc67759afd4e3d219d9ec3cfe85396b8d52566c,2023-04,Bedfordshire Police,Bedfordshire Police,-0.468648,52.138636,On or near Dame Alice Street,E01017471,Bedford 012F,Formal action is not in the public interest
0d50c259948e5262179217fb9bd4c15fd71e7cbfe4b1edb8bb08539c2a734f29,2023-04,Bedfordshire Police,Bedfordshire Police,-0.500814,52.007389,On or near Chapel Road,E01017406,Central Bedfordshire 016D,Unable to prosecute suspect
3f9ee3b1c200db18d4212bbb8ad8b049e7cb0a9f3bee3f97c3b503b341e16199,2023-04,Bedfordshire Police,Bedfordshire Police,-0.522810,51.906566,On or near Vicarage Road,E01017579,Central Bedfordshire 026B,Unable to prosecute suspect
c2fbf5eb5a44c3c31fb122c86ef447c4ebec91cfaf3b954b67d364ccea5953e3,2023-04,Bedfordshire Police,Bedfordshire Police,-0.524128,51.882397,On or near Sports/Recreation Area,E01017565,Central Bedfordshire 029A,Investigation complete; no suspect identified
ddc499e29f46c1ad1e2c17a7e4ae7890b9e9fee97b3f6619441e2e2c0dd0686f,2023-04,Bedfordshire Police,Bedfordshire Police,-0.414207,51.875490,On or near Union Street,E01033806,Luton 021G,Unable to prosecute suspect
69e941bd39079744e0cc7e7107a452e55baf56df04f635397943f713d7473454,2023-04,Bedfordshire Police,Bedfordshire Police,-0.521012,51.889604,On or near Court Drive,E01033837,Central Bedfordshire 029G,Investigation complete; no suspect identified
c750feb89150b4929ec7b40da83486d7e7d6d311ff866627906b6ae5736e5e1c,2023-04,Bedfordshire Police,Bedfordshire Police,-0.473093,52.135142,On or near Battison Street,E01017466,Bedford 012A,Investigation complete; no suspect identified
3fea087ae8e039d8ce869bd59e8eeb090c8eb8a8e488299fe3473238aa7a0b07,2023-04,Bedfordshire Police,Bedfordshire Police,-0.419694,51.915397,On or near Furze Close,E01017616,Central Bedfordshire 018D,Investigation complete; no suspect identified
efa07f41a08e8b4705284451f7ce74c1b83a3221a02e2af85ec64ae865976f2c,2023-04,Bedfordshire Police,Bedfordshire Police,-0.461239,52.122517,On or near Newton Road,E01017472,Bedford 015A,Unable to prosecute suspect
f9e7ac8b52d3b8233d010c44c1be003cd118de4895753902565d56682faadc5d,2023-04,Bedfordshire Police,Bedfordshire Police,-0.461239,52.122517,On or near Newton Road,E01017472,Bedford 015A,Unable to prosecute suspect
e258c1e88505bd2f6b6a9f257b3e3717e28a0d8f570a19879263fab9e5b1c62f,2023-04,Bedfordshire Police,Bedfordshire Police,-0.458340,51.923930,On or near Hampshire Way,E01015774,Luton 003E,Action to be taken by another organisation
e6b43113ad193f365eb1e0626bf7ecf53f8ca9900fe5ddd072a87759e78a7ccf,2023-04,Bedfordshire Police,Bedfordshire Police,-0.455049,51.887605,On or near A5065,E01015728,Luton 019B,Investigation complete; no suspect identified
f8b45f2f0af1e37dc9fb4d9df0eaf7c781783bb6ed6d8792a02fb7e8df4d7b2c,2023-04,Bedfordshire Police,Bedfordshire Police,-0.396498,51.874297,On or near Kimpton Road,E01015719,Luton 016A,Investigation complete; no suspect identified
da5f2ca7ee5d2f278f8953551fdc4a1ac56b2c90ece4cfb4bc9f2e2b729e4804,2023-04,Bedfordshire Police,Bedfordshire Police,,,No location,,,Offender given a caution
08c4bf0a346886180bfdc5c130608afd87fe23a08192360ce802c1ba1f7ea644,2023-04,Bedfordshire Police,Bedfordshire Police,-0.451592,52.157681,On or near Foxlease,E01017530,Bedford 006B,Investigation complete; no suspect identified
13775871c06b7b80ab40678660e1569b8aedcf7b6f642ca664777cf9d8ade7d2,2023-04,Bedfordshire Police,Bedfordshire Police,-0.295353,52.127617,On or near Mayfield Court,E01017431,Central Bedfordshire 002B,Investigation complete; no suspect identified
fae64bb34bff04a1b6f236fc7e61d1cdef9ec0b77af1d7938d61c909dec16023,2023-04,Bedfordshire Police,Bedfordshire Police,-0.497191,52.006812,On or near High Street,E01017401,Central Bedfordshire 015C,Unable to prosecute suspect
37b6d4d47f5c000508b6262db4fc370b35b9af3848af6eb683dbd2fe4ce2b2dc,2023-04,Bedfordshire Police,Bedfordshire Police,-0.469228,52.135343,On or near Horne Lane,E01017466,Bedford 012A,Investigation complete; no suspect identified
cc3ba4c70a66fdc84dbd6f3fbfaa1c104926569338c51d6b9a889ee7234b2cf9,2023-04,Bedfordshire Police,Bedfordshire Police,-0.426078,51.882932,On or near Petrol Station,E01015729,Luton 019C,Investigation complete; no suspect identified
7bc44e15f361677619097a0e6e4736c62c678eb832669a7ea7e4c3ba92763d0f,2023-04,Bedfordshire Police,Bedfordshire Police,-0.418733,51.879003,On or near Peel Place,E01033803,Luton 023A,Investigation complete; no suspect identified
0471b81bf42f7c0b9418052edca8d9b15c81089e2768c79479377b9a48d64374,2023-04,Bedfordshire Police,Bedfordshire Police,-0.497485,52.002392,On or near Coniston Road,E01017405,Central Bedfordshire 016C,Investigation complete; no suspect identified
ff7647f8e61973f10e7fdcd1e53e2434e5c92e3f22b0180d961988989d83a8c5,2023-04,Bedfordshire Police,Bedfordshire Police,-0.476089,52.129561,On or near Harrow Close,E01034421,Bedford 015H,Investigation complete; no suspect identified
23c58acffec2c95d68013f0ce33daacab01c17810ba58aba7468ef70a09280ab,2023-04,Bedfordshire Police,Bedfordshire Police,-0.423236,51.882741,On or near Supermarket,E01015699,Luton 017B,Investigation complete; no suspect identified
718e679ae9fd41448201bb932f796bdb5655d6bb5c3be97b90919f1a06280f8d,2023-04,Bedfordshire Police,Bedfordshire Police,-0.423236,51.882741,On or near Supermarket,E01015699,Luton 017B,Investigation complete; no suspect identified
7d0f7cf72fa993a760a7d039122ba506335c4ce6da9d0b02cf4172add26b4276,2023-04,Bedfordshire Police,Bedfordshire Police,-0.513024,51.892129,On or near Boscombe Road,E01017584,Central Bedfordshire 027C,Investigation complete; no suspect identified
578c8165c1159dd803d7445e81861d7b1edfc69ce41a7f0bd8ce2067ab0db36c,2023-04,Bedfordshire Police,Bedfordshire Police,-0.450908,52.153806,On or near Lombardy Close,E01017530,Bedford 006B,Investigation complete; no suspect identified
dab71ecb45f750c40d08838be48bf0b93c04cc77f6e356ecb464c7576d59d051,2023-04,Bedfordshire Police,Bedfordshire Police,-0.399468,51.892914,On or near Magnolia Place,E01015777,Luton 012D,Investigation complete; no suspect identified
cf1e7a45cecb4a3b9a8671fd62f31f17545f0f89e8b946e96e52335fde5ffebd,2023-04,Bedfordshire Police,Bedfordshire Police,-0.471499,52.136452,On or near Shopping Area,E01017471,Bedford 012F,Investigation complete; no suspect identified
d01af35ca41e0d6e45a2a733976c0680e8812f6e0a11f083a35190ba1e907e45,2023-04,Bedfordshire Police,Bedfordshire Police,-0.476089,52.129561,On or near Harrow Close,E01034421,Bedford 015H,Investigation complete; no suspect identified
01933b6245692ec616a5e9cc2926b8e846ee34aa244ad9e2df73ca4d2716541a,2023-04,Bedfordshire Police,Bedfordshire Police,,,No location,,,Investigation complete; no suspect identified
3d3f29f2609aff9839a81a546d79ee44ecd316ec8780f46b0142a500da056278,2023-04,Bedfordshire Police,Bedfordshire Police,-0.399597,51.902375,On or near Tancred Road,E01015796,Luton 012F,Investigation complete; no suspect identified
babb393d315076c6899373d7e6109d1ed9aba063fcd3117eb6a20bceee91df3d,2023-04,Bedfordshire Police,Bedfordshire Police,-0.436949,52.146698,On or near The Croft,E01017491,Bedford 007D,Suspect charged
024cf76a60680916cb7866443f00e2556c8936ddbdc59102f87e628d8276aed0,2023-04,Bedfordshire Police,Bedfordshire Police,,,No location,,,Investigation complete; no suspect identified
5b6d6c926867a5e6b9dc5553065b44ccd6c50142475e0248b25c741d6352d44b,2023-04,Bedfordshire Police,Bedfordshire Police,-0.471144,52.140844,On or near Tavistock Street,E01017502,Bedford 010F,Investigation complete; no suspect identified
1561f560a0093701e422a2cb508e5cb6e4528f6a54b20c3acefc3df1b1449dd9,2023-04,Bedfordshire Police,Bedfordshire Police,-0.474433,51.894144,On or near Hospital,E01015713,Luton 013A,Suspect charged
ee55cd617e468a92e23e785d5b4bbd90cc898bc906b47f549d425bba02207f8f,2023-04,Bedfordshire Police,Bedfordshire Police,-0.500367,51.947518,On or near Toddington Service Area,E01017620,Central Bedfordshire 019C,Unable to prosecute suspect
8ff8517ceb79f32459848636ed1556bf48c6a722ca1de148331c0653d023ab2b,2023-04,Bedfordshire Police,Bedfordshire Police,-0.452448,51.900717,On or near Banbury Close,E01015750,Luton 011F,Investigation complete; no suspect identified
691f0372368b87cfac1715a43a144358edae77701c2645c0f208c927a9a1755a,2023-04,Bedfordshire Police,Bedfordshire Police,-0.375399,51.889374,On or near Felton Close,E01015811,Luton 014G,Investigation complete; no suspect identified
c9bcd0acf4717b5d290d4d43932f49fc588c2a08e6a27aa113696bfb2062d613,2023-04,Bedfordshire Police,Bedfordshire Police,-0.433444,51.887940,On or near Westbourne Road,E01015705,Luton 017D,Investigation complete; no suspect identified
88265517ea83f764342e6fa32ee7763c718b98449445f63848fb17da57258c39,2023-04,Bedfordshire Police,Bedfordshire Police,-0.299279,52.034036,On or near Petrol Station,E01017391,Central Bedfordshire 013A,Investigation complete; no suspect identified
e5f1692bd7f95f875609a7dda7d4e46a6ddf5acf75cde70665cb21813597a08a,2023-04,Bedfordshire Police,Bedfordshire Police,-0.507178,51.888278,On or near Russett Way,E01017584,Central Bedfordshire 027C,Investigation complete; no suspect identified
53a96468309e1feda4311586cb18d18c1ffae16917ea38a49dc544fb698dc1a9,2023-04,Bedfordshire Police,Bedfordshire Police,-0.443478,51.923905,On or near Harlestone Close,E01015709,Luton 001D,Investigation complete; no suspect identified
98258abbb8e1b16fcc2ec25709844ab7cd62e70b8184db4afb8cd366f275f70b,2023-04,Bedfordshire Police,Bedfordshire Police,-0.355498,52.157001,On or near Chapel Close,E01017495,Bedford 004B,Unable to prosecute suspect
b45b2f6947b49ddd8f89358708e931060f3d8c2b336a4250406ac5aa7fb16f99,2023-04,Bedfordshire Police,Bedfordshire Police,-0.438585,52.148717,On or near Supermarket,E01017488,Bedford 007A,Investigation complete; no suspect identified
887f78c369382cb253c5819a105695c369dd199b3cb551a0453cee170bf6b714,2023-04,Bedfordshire Police,Bedfordshire Police,-0.412775,51.879454,On or near Shopping Area,E01033805,Luton 023C,Investigation complete; no suspect identified
d5038f9f8a2b03208fdfe3f6466224328f420dc01e3f7d7e904122dcba6438d6,2023-04,Bedfordshire Police,Bedfordshire Police,-0.386298,51.907220,On or near Corncrake Close,E01015797,Luton 008A,Investigation complete; no suspect identified
7ba5d2c09b51b3d5be219adbf430756269023424b1a601db7fe183adb2d03a4c,2023-04,Bedfordshire Police,Bedfordshire Police,,,No location,,,Investigation complete; no suspect identified
26c135a285cc279826c6bb86a0ebd07e949de3d9d7f491d07725164ff24de851,2023-04,Bedfordshire Police,Bedfordshire Police,-0.664286,51.917248,On or near West Street,E01017555,Central Bedfordshire 021A,Investigation complete; no suspect identified
1388899e49558b9f34808e95f770968c186d2dd9853ad4f186828d8834fcf0ef,2023-04,Bedfordshire Police,Bedfordshire Police,-0.438585,52.148717,On or near Supermarket,E01017488,Bedford 007A,Investigation complete; no suspect identified
40d651a7c3de6ae91bbd40d6e940b0501108e59829276a393542381be9f934f6,2023-04,Bedfordshire Police,Bedfordshire Police,-0.293946,52.135006,On or near Midland Road,E01017433,Central Bedfordshire 001A,Unable to prosecute suspect
40fdfa96f8b397c302793228e259f37c66c194a5e22ef6ec6289747e92815d92,2023-04,Bedfordshire Police,Bedfordshire Police,-0.423236,51.882741,On or near Supermarket,E01015699,Luton 017B,Investigation complete; no suspect identified
c86129585e4eacf36f37d61ae4d4a48dbc3ed9ef5429ab7d5cab0c332c770e1a,2023-04,Bedfordshire Police,Bedfordshire Police,-0.485183,51.888564,On or near Kiln Way,E01017583,Central Bedfordshire 027B,Investigation complete; no suspect identified
5e97264c2911f3bf61d8625d9520839a288079600b2387da4b1471edc9daf0ed,2023-04,Bedfordshire Police,Bedfordshire Police,-0.502811,51.890695,On or near Chalk Acres,E01017584,Central Bedfordshire 027C,Investigation complete; no suspect identified
78c5679fb0eccd7a8293f7fca0095e62255ae07e266f6c76d680cb2a390c8da2,2023-04,Bedfordshire Police,Bedfordshire Police,-0.264645,52.088171,On or near Supermarket,E01017385,Central Bedfordshire 005C,Investigation complete; no suspect identified
a7b34cb82fd356b15f8d7142d8e75d6f8c60bfd360d132892b81e9c53e2a6b05,2023-04,Bedfordshire Police,Bedfordshire Police,-0.524128,51.882397,On or near Sports/Recreation Area,E01017565,Central Bedfordshire 029A,Investigation complete; no suspect identified
c6beb9724566a9e87e9cd135d2928cf018620d42b64ad54049d770dc8d2f2c37,2023-04,Bedfordshire Police,Bedfordshire Police,-0.423499,51.903048,On or near Bideford Gardens,E01015694,Luton 007B,Investigation complete; no suspect identified
e821da689e85b56019522e4aeaa7cc7b01546b8a481d9d1e51697b54a2550918,2023-04,Bedfordshire Police,Bedfordshire Police,-0.522952,51.886274,On or near Parking Area,E01017568,Central Bedfordshire 029C,Unable to prosecute suspect
5ee6085aabff679686c05ffcfc4cf47a9f37cd37fb41a023a971e02ee30eb416,2023-04,Bedfordshire Police,Bedfordshire Police,-0.476574,52.138450,On or near Conduit Road,E01017471,Bedford 012F,Investigation complete; no suspect identified
0238a271a3b18254bed4be12e45895bf44fd3d9788c65b63b53d0257eaf0ec48,2023-04,Bedfordshire Police,Bedfordshire Police,-0.335874,52.035539,On or near Midland Close,E01017440,Central Bedfordshire 011D,Investigation complete; no suspect identified
d15bdf73c84469e2d5e0474d5138a458befc5c02f8f811cb4be5d06df980d973,2023-04,Bedfordshire Police,Bedfordshire Police,-0.522952,51.886274,On or near Parking Area,E01017568,Central Bedfordshire 029C,Investigation complete; no suspect identified
b803b63ac515878ddbc5e2d2e9ced8368b843f5c7e109f1403f0e3e474089b7d,2023-04,Bedfordshire Police,Bedfordshire Police,,,No location,,,Investigation complete; no suspect identified
afc01bace32216d7d410fdaf6de6aef468fada6974ab15cd3febfcdfc786c87d,2023-04,Bedfordshire Police,Bedfordshire Police,-0.478514,52.142854,On or near Warwick Avenue,E01017501,Bedford 010E,Unable to prosecute suspect
ed75cce1d4b86ad2b93b7b48f046c8d247d74524938760b5b482aaf52db5596a,2023-04,Bedfordshire Police,Bedfordshire Police,-0.484981,51.901905,On or near Roydon Close,E01015760,Luton 009E,Unable to prosecute suspect
01cf702979455a31be1f2ca098354a161276b0fa1910d95730a3d4d67ae974dc,2023-04,Bedfordshire Police,Bedfordshire Police,-0.377740,51.885288,On or near Eaton Green Road,E01015721,Luton 014A,Investigation complete; no suspect identified
d4a30dbbb457bfd102f7a38ba9e6a162b00e11394895d3a1163c1438d1df5221,2023-04,Bedfordshire Police,Bedfordshire Police,-0.467435,52.086245,On or near Kestrel Gardens,E01034434,Bedford 022D,Investigation complete; no suspect identified
6ee4102fe53de76b3c4ffce63f40e52c60a1567136402ff8d92db73e16c808c4,2023-04,Bedfordshire Police,Bedfordshire Police,-0.334587,52.038784,On or near Duck Lane,E01017437,Central Bedfordshire 011A,Investigation complete; no suspect identified
26b8b6df84ffb05a3db623aa617e55c046e4f1d9d16a192d7ab17fd01014aa7d,2023-04,Bedfordshire Police,Bedfordshire Police,-0.417585,51.888510,On or near The Wickets,E01015740,Luton 012A,Investigation complete; no suspect identified
ea09f2f4621b40456f72ec80fb6f73ce3930245a11ac81d79ca189f708800524,2023-04,Bedfordshire Police,Bedfordshire Police,-0.199397,52.122567,On or near Wrestlingworth Road,E01017426,Central Bedfordshire 003B,Investigation complete; no suspect identified
a6378b8abe0620bda6d4637bd4579cb53612b2d358ed168c87562343c079f993,2023-04,Bedfordshire Police,Bedfordshire Police,-0.431474,51.922837,On or near Chard Drive,E01015707,Luton 001B,Investigation complete; no suspect identified
9cc389d2101e2e9b15856d62671ebbf52dc8516da38c53794eb0873955ebb99d,2023-04,Bedfordshire Police,Bedfordshire Police,-0.333089,52.032802,On or near Spitfire Road,E01017440,Central Bedfordshire 011D,Unable to prosecute suspect
7e889c9efad6a8bbd49d9e68dba806d0f3111479490e5055d78d497547294d17,2023-04,Bedfordshire Police,Bedfordshire Police,-0.500367,51.947518,On or near Toddington Service Area,E01017620,Central Bedfordshire 019C,Unable to prosecute suspect
603bbb7b3f9ecfa2e6ef74610742b30d5b3587919432ddb64b8aea47b71d6d95,2023-04,Bedfordshire Police,Bedfordshire Police,-0.553917,52.041410,On or near The Lane,E01033820,Central Bedfordshire 009G,Investigation complete; no suspect identified
3465175e90f543d519b8a3b994d691663e7aca541c72a37e98ed74a0ef79b79c,2023-04,Bedfordshire Police,Bedfordshire Police,-0.646949,51.926590,On or near Vandyke Road,E01017609,Central Bedfordshire 021E,Investigation complete; no suspect identified
071c37b7fabf1118bfcc70cab5f4c4b1a58e005a22ece416527a187404006f81,2023-04,Bedfordshire Police,Bedfordshire Police,-0.484073,52.134942,On or near Gratton Road,E01017539,Bedford 013E,Unable to prosecute suspect
80a5ca7370a4bc4416944cfd7e95533c1e5637bfd87785a0e36074091ff4c24d,2023-04,Bedfordshire Police,Bedfordshire Police,-0.469761,51.913945,On or near Whitefield Avenue,E01015804,Luton 002C,Unable to prosecute suspect
a3812400046712c1bb868080a84d814548737cc4df8341ef561a1225f2363b3c,2023-04,Bedfordshire Police,Bedfordshire Police,-0.427400,52.152641,On or near Supermarket,E01017492,Bedford 007E,Investigation complete; no suspect identified
ac0ba9ef3c7ee9ecfd700178c681b4c4b84f63f95ce6b8bfa79ea0d449888875,2023-04,Bedfordshire Police,Bedfordshire Police,-0.458160,52.214646,On or near High Street,E01017478,Bedford 003A,Investigation complete; no suspect identified
310c156d186f2dc244f0fdcfe25d6b133e8bea6a2449be39479fbc0adfc6ef8a,2023-04,Bedfordshire Police,Bedfordshire Police,-0.420163,51.876325,On or near Dumfries Street,E01015795,Luton 021F,Investigation complete; no suspect identified
c4f09e5f6a2ed7dc746ce6a18eb493bdb9398950ef0fd738e4b0c4bfe0510778,2023-04,Bedfordshire Police,Bedfordshire Police,-0.469961,52.126748,On or near Millbrook Road,E01017474,Bedford 015C,Unable to prosecute suspect
41853d6f4ce78f0d96533e25e7941d5d406c6f5001967bb5704b9b60d0b381fc,2023-04,Bedfordshire Police,Bedfordshire Police,-0.416694,51.910573,On or near The Magpies,E01015696,Luton 007D,Suspect charged
faaaae7c90f00c1fb312f7edc821f96d038e1dd38e137130e8203b3db453cd52,2023-04,Bedfordshire Police,Bedfordshire Police,-0.422665,51.876664,On or near Salisbury Road,E01015735,Luton 020D,Unable to prosecute suspect
18d32f3e542164e9bb3b4c9f79f22c425778e7e5fc9e68d7179237bae11259c1,2023-04,Bedfordshire Police,Bedfordshire Police,-0.529080,51.892636,On or near Tavistock Street,E01017568,Central Bedfordshire 029C,Investigation complete; no suspect identified
5bc305dc125a4fd2039c0d07d711c6ba8a0d76883c60306bc6134a453fc709c1,2023-04,Bedfordshire Police,Bedfordshire Police,-0.385832,51.886541,On or near Hollybush Road,E01015722,Luton 014B,Unable to prosecute suspect
7f778aa5b6aaf341049bcda9efae356bfd8d4aa11f10b8ceb5087b959e263275,2023-04,Bedfordshire Police,Bedfordshire Police,-0.430853,52.108881,On or near Blackburn Close,E01017487,Bedford 021B,Unable to prosecute suspect
4669f9694ac800c53ab4e74d4573e967fe6f943da3df0b190deb56a51cbab666,2023-04,Bedfordshire Police,Bedfordshire Police,-0.430853,52.108881,On or near Blackburn Close,E01017487,Bedford 021B,Unable to prosecute suspect
8ae2752736b5be1921b89799c52fbb373f4fa73919f5d874734c3a830d5e6b19,2023-04,Bedfordshire Police,Bedfordshire Police,-0.413180,51.877031,On or near Park Street West,E01033805,Luton 023C,Investigation complete; no suspect identified
94ef7c9405f4bea5c417f2753eee65b7071f1523ec9e00fdc7cef9a0b7ed3390,2023-04,Bedfordshire Police,Bedfordshire Police,-0.423929,52.144979,On or near Bury Walk,E01017490,Bedford 007C,Investigation complete; no suspect identified
1d672fb8b4665442b29d302f4e20e5df9150720f84c7aeacb9b907fd6b25a1eb,2023-04,Bedfordshire Police,Bedfordshire Police,-0.433547,51.883320,On or near Clifton Road,E01015730,Luton 019D,Investigation complete; no suspect identified
ec9f9011682acf69f5713a3e0270e85941f5856eaa79093c67e1cad890c5737a,2023-04,Bedfordshire Police,Bedfordshire Police,-0.376114,52.197460,On or near Channels End Road,E01017543,Bedford 004E,Investigation complete; no suspect identified
3b38fbed17f578058207ac7cd56fda9b65c5ed87d6d3c7daac31a3b2112f5fab,2023-04,Bedfordshire Police,Bedfordshire Police,-0.404256,51.877145,On or near Shopping Area,E01015789,Luton 023D,Investigation complete; no suspect identified
605f75612217757838358b4e353a178e8dc1414105750e0f28f9bcb8b3c1a8eb,2023-04,Bedfordshire Police,Bedfordshire Police,-0.262838,52.086887,On or near High Street,E01017385,Central Bedfordshire 005C,Investigation complete; no suspect identified
4f7556051a53418ad1e261c57ec2d7fdedaa89612cfc9c547f3a82f426a9ea89,2023-04,Bedfordshire Police,Bedfordshire Police,-0.414488,51.879908,On or near Silver Street,E01033805,Luton 023C,Investigation complete; no suspect identified
38ef95dada45fc5b0113b9cf4d794c2e5711ae68b955bcba8e11bec879815f0b,2023-04,Bedfordshire Police,Bedfordshire Police,-0.262838,52.086887,On or near High Street,E01017385,Central Bedfordshire 005C,Investigation complete; no suspect identified
21a7d1e680999ccb75acd132dd191860a49fc17e81d4b0b658767dd9c6b88ef7,2023-04,Bedfordshire Police,Bedfordshire Police,-0.262838,52.086887,On or near High Street,E01017385,Central Bedfordshire 005C,Investigation complete; no suspect identified
a4dc37380c582559d5bcf76b5be945de0a70adbe292092caa17a728618eb1b40,2023-04,Bedfordshire Police,Bedfordshire Police,-0.653594,51.910122,On or near Chaloner Court,E01033828,Central Bedfordshire 024H,Investigation complete; no suspect identified
54dd2c593b4e30e5fe3b2d3d97127a98726a162221f5230e2392f50657fd7040,2023-04,Bedfordshire Police,Bedfordshire Police,-0.434362,51.908736,On or near Supermarket,E01015744,Luton 004A,Investigation complete; no suspect identified
29533cc97ba6d68fef67483530569f4d3eff5447139b084d5b2691c92453971d,2023-04,Bedfordshire Police,Bedfordshire Police,-0.212854,52.127241,On or near Brook End,E01017428,Central Bedfordshire 003D,Investigation complete; no suspect identified
3c59b51e048ea6cabf4efe5be9b0ce772481b535ae65dd089d69c51e867d571b,2023-04,Bedfordshire Police,Bedfordshire Police,-0.434362,51.908736,On or near Supermarket,E01015744,Luton 004A,Investigation complete; no suspect identified
693fe0de57b6e095cd58a891954e90c901732dc2da945ffd6203b87d436e83e2,2023-04,Bedfordshire Police,Bedfordshire Police,-0.515521,51.880732,On or near Garden Road,E01017623,Central Bedfordshire 031A,Investigation complete; no suspect identified
0978449b179000eb628d09fe9a2aba4b7e9d3ed2e6590ba7dddb3df4bde47dab,2023-04,Bedfordshire Police,Bedfordshire Police,-0.531867,52.151811,On or near Tudor Close,E01017463,Bedford 008E,Investigation complete; no suspect identified
99c3066d9886fcf93dddd612dc6e5040289946a5258c7ed44008189117b3967a,2023-04,Bedfordshire Police,Bedfordshire Police,-0.593635,52.077622,On or near Hotch Croft,E01017394,Central Bedfordshire 007C,Investigation complete; no suspect identified
91d2472cd8f2358d38c34b3ee76b263e16af3183424b2fd27a00a2551179acd7,2023-04,Bedfordshire Police,Bedfordshire Police,-0.494668,52.117544,On or near Petrol Station,E01017505,Bedford 017A,Investigation complete; no suspect identified
d67da90a32895bea30bd6d7dc78e69b25650c7aa84d1019f283c71d03d5165d4,2023-04,Bedfordshire Police,Bedfordshire Police,-0.448298,51.890816,On or near Beverley Road,E01015731,Luton 015C,Investigation complete; no suspect identified
368d2e90ec490e997c0b6f8eddc64bdb5c072393c4ae0c1dbc17f40636539cc6,2023-04,Bedfordshire Police,Bedfordshire Police,-0.433256,51.893369,On or near Cavendish Road,E01015701,Luton 010B,Investigation complete; no suspect identified
c1d99ec4734b34861710fa6ecb5300b75aecbeaf52425d0ffbeb006bf7166ae2,2023-04,Bedfordshire Police,Bedfordshire Police,-0.426309,51.858838,On or near Newlands Road,E01015732,Luton 020A,Local resolution
abf65f267ba7da2902244a7510e1277b6c6a61e76fd6a7b636f8d875e09d4c7c,2023-04,Bedfordshire Police,Bedfordshire Police,-0.427400,52.152641,On or near Supermarket,E01017492,Bedford 007E,Investigation complete; no suspect identified
7d945a9b600e6322f696874b111f880eee4d73aa453bfbbf608e37884256fe1e,2023-04,Bedfordshire Police,Bedfordshire Police,-0.471328,51.915323,On or near Honeysuckle Close,E01015804,Luton 002C,Unable to prosecute suspect
827bd76976cad970fe6bc224a02dee69ded29bcaaab3452519cc0025cf826556,2023-04,Bedfordshire Police,Bedfordshire Police,-0.533941,52.145175,On or near Berry Drive,E01017462,Bedford 008D,Investigation complete; no suspect identified
bc3a6c084dd761744e3834715ff7bd4bad22df49efdab0a31d9d11ec81ebd997,2023-04,Bedfordshire Police,Bedfordshire Police,-0.471328,51.915323,On or near Honeysuckle Close,E01015804,Luton 002C,Unable to prosecute suspect
76fca9711a27f3abd8473d6f6ab658b9fa8844c57d328d140eb167f0f3253e72,2023-04,Bedfordshire Police,Bedfordshire Police,-0.445343,51.904436,On or near Viscount Close,E01015767,Luton 006D,Unable to prosecute suspect
31e8ac28d71920c8260cddcc6b95b15ca5fc35061116ef69c9dd0dcebc1f7081,2023-04,Bedfordshire Police,Bedfordshire Police,-0.451203,52.129713,On or near Supermarket,E01017519,Bedford 014B,Investigation complete; no suspect identified
d8242577992566066b26da6cfe216f26ecc8469b24b8c52a8db910228877d3e1,2023-04,Bedfordshire Police,Bedfordshire Police,-0.423236,51.882741,On or near Supermarket,E01015699,Luton 017B,Investigation complete; no suspect identified
4429087369f6e2721183184a53632c8956a226e402e6c5945bc2abf27560df04,2023-04,Bedfordshire Police,Bedfordshire Police,-0.459081,51.893359,On or near Humberstone Close,E01015711,Luton 011A,Unable to prosecute suspect
0a4852ff54ef79f670cd5092154cb9c888dbf8b17a924250dfafeb37999304bd,2023-04,Bedfordshire Police,Bedfordshire Police,-0.484986,51.890539,On or near Petrol Station,E01017583,Central Bedfordshire 027B,Investigation complete; no suspect identified
b3e6fe85b0797c823103f3d9bc6b4dd567553ec5003ed2e0033c2fc918c18fc5,2023-04,Bedfordshire Police,Bedfordshire Police,-0.426019,51.870046,On or near Farley Hill,E01015732,Luton 020A,Investigation complete; no suspect identified
0324b012c5f7ea6ced105c36d8842f3f414b5e6c303a44f5ffaed7e0efc53b0b,2023-04,Bedfordshire Police,Bedfordshire Police,-0.478842,52.135782,On or near Bedford,E01017471,Bedford 012F,Investigation complete; no suspect identified
29d58fd7e498f7150ed23aa7fe074df2efe43687892c931b6ed1c22328701d4f,2023-04,Bedfordshire Police,Bedfordshire Police,-0.425447,51.869787,On or near Parking Area,E01015732,Luton 020A,Investigation complete; no suspect identified
c4f7b7b35aae9fb9fa122264ec37ae8ab1eace8d42acd5408eae25b65b708d1d,2023-04,Bedfordshire Police,Bedfordshire Police,-0.432970,51.924961,On or near Milburn Close,E01015708,Luton 001C,Investigation complete; no suspect identified
2b22740ec9b3f37200d4f60f148cefa450c087e81ad2a44d0bd27e98b379c201,2023-04,Bedfordshire Police,Bedfordshire Police,-0.383436,51.900284,On or near Blackthorn Drive,E01015800,Luton 008D,Investigation complete; no suspect identified
21a52db21ef5243b2f1404fb3c0d055d56ee19a7d25228de63397bfd646ea5c2,2023-04,Bedfordshire Police,Bedfordshire Police,-0.438781,52.144448,On or near Brookfield Road,E01017488,Bedford 007A,Investigation complete; no suspect identified
1db8b203bc003990afddb7871cdfdca409cb4b3a068e89b26679bed40445032c,2023-04,Bedfordshire Police,Bedfordshire Police,-0.454110,51.904380,On or near Mostyn Road,E01015765,Luton 006B,Investigation complete; no suspect identified
2fda77d62f88b3fa1f562cc96c1a47d726d9cdb9626e40ce13bd84cde3e6c0cf,2023-04,Bedfordshire Police,Bedfordshire Police,-0.412860,51.883627,On or near Parking Area,E01033802,Luton 022D,Investigation complete; no suspect identified
85ec327c9e9263dbb09c5b6485abb916c89137f175d75bbae9bcf5ac1283f8f5,2023-04,Bedfordshire Police,Bedfordshire Police,-0.484986,51.890539,On or near Petrol Station,E01017583,Central Bedfordshire 027B,Investigation complete; no suspect identified
c2fb63d949fbb0c38a3bbb83696493c7e09e935b0a3e31cbffc5b797b6a87fb7,2023-04,Bedfordshire Police,Bedfordshire Police,-0.484986,51.890539,On or near Petrol Station,E01017583,Central Bedfordshire 027B,Investigation complete; no suspect identified
3e6b68d441c8a8e92861eee56a891550f517756f351a3638d6507cebe60f70c1,2023-04,Bedfordshire Police,Bedfordshire Police,-0.454110,51.904380,On or near Mostyn Road,E01015765,Luton 006B,Investigation complete; no suspect identified
ce5860a1f46669704269b978424858879a71df2d8d5df5882e09efab9f3516b6,2023-04,Bedfordshire Police,Bedfordshire Police,-0.451880,51.904640,On or near Supermarket,E01015765,Luton 006B,Unable to prosecute suspect
e14fff3e6d0fcb9e7aef7f741d39f4aab4b210e7aa11332410310c553c08c8bc,2023-04,Bedfordshire Police,Bedfordshire Police,-0.649486,51.906047,On or near Bunting Drive,E01033192,Central Bedfordshire 024F,Suspect charged
f3026430f87a78da0471d62036f40a65f79c4c35d6623d27816991d81398653a,2023-04,Bedfordshire Police,Bedfordshire Police,-0.435669,51.925564,On or near Dalton Close,E01015708,Luton 001C,Investigation complete; no suspect identified
55fc976a9c53f6bd0b04edbb2da54fa7b1bdc4156ff3bbf48dc57af6d61a711c,2023-04,Bedfordshire Police,Bedfordshire Police,-0.451880,51.904640,On or near Supermarket,E01015765,Luton 006B,Unable to prosecute suspect
09cfd037ca0e8bcf88d3daefd22181cf612e0d8717ac4afb6ffeb574889c2746,2023-04,Bedfordshire Police,Bedfordshire Police,-0.451880,51.904640,On or near Supermarket,E01015765,Luton 006B,Unable to prosecute suspect
0bafcde1c569463947230f7ef1f43aca45273e2a29036e1f5d707d5ba8a38891,2023-04,Bedfordshire Police,Bedfordshire Police,-0.521636,51.855209,On or near Park/Open Space,E01017586,Central Bedfordshire 032C,Unable to prosecute suspect
04d0b176d075d3b4f684aea8716d639516873a7b55202bcfcd3813869328795a,2023-04,Bedfordshire Police,Bedfordshire Police,-0.466098,52.135878,On or near Shopping Area,E01034419,Bedford 012H,Investigation complete; no suspect identified
4f3259980a657bc78ffc71710f6412ca7bc37871446d90efe8a0a69d3fb36714,2023-04,Bedfordshire Police,Bedfordshire Police,-0.464403,52.139322,On or near Theatre/Concert Hall,E01017484,Bedford 009C,Suspect charged
4f3259980a657bc78ffc71710f6412ca7bc37871446d90efe8a0a69d3fb36714,2023-04,Bedfordshire Police,Bedfordshire Police,-0.464403,52.139322,On or near Theatre/Concert Hall,E01017484,Bedford 009C,Suspect charged
4f3259980a657bc78ffc71710f6412ca7bc37871446d90efe8a0a69d3fb36714,2023-04,Bedfordshire Police,Bedfordshire Police,-0.464403,52.139322,On or near Theatre/Concert Hall,E01017484,Bedford 009C,Suspect charged
4f3259980a657bc78ffc71710f6412ca7bc37871446d90efe8a0a69d3fb36714,2023-04,Bedfordshire Police,Bedfordshire Police,-0.464403,52.139322,On or near Theatre/Concert Hall,E01017484,Bedford 009C,Suspect charged
2e43d38e098532d607825fc1e2bebd9cce74e55e84b3aaef460dd6b654ccb0c3,2023-04,Bedfordshire Police,Bedfordshire Police,-0.417059,51.881571,On or near Bridge Street,E01033803,Luton 023A,Unable to prosecute suspect
2e43d38e098532d607825fc1e2bebd9cce74e55e84b3aaef460dd6b654ccb0c3,2023-04,Bedfordshire Police,Bedfordshire Police,-0.417059,51.881571,On or near Bridge Street,E01033803,Luton 023A,Unable to prosecute suspect
2e43d38e098532d607825fc1e2bebd9cce74e55e84b3aaef460dd6b654ccb0c3,2023-04,Bedfordshire Police,Bedfordshire Police,-0.417059,51.881571,On or near Bridge Street,E01033803,Luton 023A,Unable to prosecute suspect
b4941a424fb325cb6320be5073261b25052499f4dc02097889fe83d7107ce038,2023-04,Bedfordshire Police,Bedfordshire Police,-0.466075,52.138251,On or near Nightclub,E01034419,Bedford 012H,Unable to prosecute suspect
10ae788ceb9a02d655ce052ba309ede1517ce3ba74512d377708acad69d39f16,2023-04,Bedfordshire Police,Bedfordshire Police,-0.505967,51.877904,On or near Mayfield Road,E01017594,Central Bedfordshire 030C,Unable to prosecute suspect
727e52cb1e076b577d97b23e5f21f2f6761fca11092f91b42434b0c83863bfee,2023-04,Bedfordshire Police,Bedfordshire Police,-0.404344,51.885733,On or near Pomfret Avenue,E01015742,Luton 022B,Investigation complete; no suspect identified
cc37d5c67088dd98e5aef9244a2476a70a1670e3008f7f989660059289e0951e,2023-04,Bedfordshire Police,Bedfordshire Police,-0.472649,52.134012,On or near Poulter Close,E01017466,Bedford 012A,Investigation complete; no suspect identified
2ed252d218aeae8beb60d7052b4607c2a276119b8fc146b194be61f658a05406,2023-04,Bedfordshire Police,Bedfordshire Police,-0.475501,52.135631,On or near Rutland Road,E01017466,Bedford 012A,Investigation complete; no suspect identified
cc78f0fbd8124d84f1cc7b66cae6f928c0984a696d2576459011dec5cd8c45a7,2023-04,Bedfordshire Police,Bedfordshire Police,-0.649396,51.904194,On or near Serin Mead,E01033832,Central Bedfordshire 024L,Investigation complete; no suspect identified
d0d32173418233892770599aae34b883cf161f497a89e562c2889bbe11114062,2023-04,Bedfordshire Police,Bedfordshire Police,-0.473441,52.133060,On or near Crown Quay,E01017466,Bedford 012A,Investigation complete; no suspect identified
c5dcdcdcf271553013836c7f6252b88e299258d2f1b646e7b2e084032c382b93,2023-04,Bedfordshire Police,Bedfordshire Police,-0.432470,51.892962,On or near Holland Road,E01015701,Luton 010B,Unable to prosecute suspect
2d821dca52e68c798c66d855da40d2a273e6c7501a7b2d0721f7c816502c83be,2023-04,Bedfordshire Police,Bedfordshire Police,-0.227701,52.012912,On or near Grange Drive,E01017447,Central Bedfordshire 014B,Unable to prosecute suspect
38048d0b17ffb8e4966f9dd90274572fd0af3758ef342ac48c1d4698e3f348ac,2023-04,Bedfordshire Police,Bedfordshire Police,-0.475853,52.127894,On or near Kempston Road,E01034421,Bedford 015H,Suspect charged
ab5fab46e42e45337cf32c7f3928a50d9f6aaef66f4ab72166bc0957f4eed7a3,2023-04,Bedfordshire Police,Bedfordshire Police,-0.497485,52.002392,On or near Coniston Road,E01017405,Central Bedfordshire 016C,Investigation complete; no suspect identified
c73ba2b12923fd34bd178b62186a06594daee3a2baca7512d1d13a9b60253d76,2023-04,Bedfordshire Police,Bedfordshire Police,-0.426331,52.141091,On or near Heather Gardens,E01017527,Bedford 011D,Investigation complete; no suspect identified
46b4562af930eba356989c28026132d92d71e298ee5128e4fc6b7703c07bd77d,2023-04,Bedfordshire Police,Bedfordshire Police,-0.422707,51.881260,On or near Mersey Place,E01033804,Luton 023B,Investigation complete; no suspect identified
8721a0a6b939cd7ad6c37e947f682de2f291042d4bc2a1b8dce49eedb8549da9,2023-04,Bedfordshire Police,Bedfordshire Police,-0.436333,51.918595,On or near Lucas Gardens,E01015710,Luton 001E,Investigation complete; no suspect identified
6bda0156a518b01e47589ccab83ee6ac8042c19031026fe170ac34b603dde8d9,2023-04,Bedfordshire Police,Bedfordshire Police,-0.510221,51.886348,On or near Stokers Close,E01017592,Central Bedfordshire 030A,Investigation complete; no suspect identified
241e7f14a34a1ffa3b2843fee0090bdcacb696e5f9aef5f19d81710047708621,2023-04,Bedfordshire Police,Bedfordshire Police,-0.412108,51.867854,On or near Cutenhoe Road,E01015793,Luton 021E,Investigation complete; no suspect identified
9c616226858c6bb7b78f0133e1cb7f3f5cdaaf236969fe0c840f4feb1aa871e1,2023-04,Bedfordshire Police,Bedfordshire Police,-0.487802,52.132670,On or near Laburnum Avenue,E01017535,Bedford 013A,Unable to prosecute suspect
eb4a1ba850e36fd4e0948a95ed8dd5d3439a3760e40fec845a8597be2eba7175,2023-04,Bedfordshire Police,Bedfordshire Police,-0.414487,51.883649,On or near Albion Road,E01033802,Luton 022D,Investigation complete; no suspect identified
4ab6467ad56e6f85586affacf9189972336e2bf5f6de96cac7e77cd91dde5d6a,2023-04,Bedfordshire Police,Bedfordshire Police,-0.463363,51.897344,On or near Parking Area,E01015716,Luton 011D,Suspect charged
ec357ead2adf9b359ffea974495828e23dd6005009c6ecdba81e4ec189c84148,2023-04,Bedfordshire Police,Bedfordshire Police,-0.425339,51.968469,On or near Manor Farm Close,E01017559,Central Bedfordshire 018B,Investigation complete; no suspect identified
c98df5ffa91299f294a376735e4f130d40da74048d94aec773bb4d8dc7c35eb2,2023-04,Bedfordshire Police,Bedfordshire Police,-0.419657,52.153355,On or near Glenavon Road,E01017493,Bedford 007F,Investigation complete; no suspect identified
41059379ae0e2e818b63221fff07a3e44446cf449c45f8e0d584d0f113f0321e,2023-04,Bedfordshire Police,Bedfordshire Police,-0.322888,52.099284,On or near Northill Road,E01017424,Central Bedfordshire 004D,Investigation complete; no suspect identified
0a113398f03589589eb09c458ffced3f36ce3a72572bf9cabe988fef8d6a9807,2023-04,Bedfordshire Police,Bedfordshire Police,-0.463839,52.095343,On or near Bluewater Quay,E01034433,Bedford 022C,Investigation complete; no suspect identified
7eb0c2d62b9b6fe8849d8727b2ecc14aaa11c159a7acdb15b184fd4009896bdd,2023-04,Bedfordshire Police,Bedfordshire Police,-0.668101,51.916581,On or near Town Bridge Mill,E01017557,Central Bedfordshire 021C,Unable to prosecute suspect
f0c8399196622d2c667032158bd1593a7868314c556ff988e2e6ba8094066ab9,2023-04,Bedfordshire Police,Bedfordshire Police,-0.671466,51.914893,On or near The Wharf,E01017591,Central Bedfordshire 022C,Investigation complete; no suspect identified
0713edcd987df1ed8910decc08860cdd3a75c0cbf180c73c52d903829b38e54c,2023-04,Bedfordshire Police,Bedfordshire Police,-0.435099,51.926069,On or near Skelton Close,E01015708,Luton 001C,Investigation complete; no suspect identified
0f7262a2409a3f37f32c5f67e001cf774e26a7754dddc91e5c0c8bdcd4564d9f,2023-04,Bedfordshire Police,Bedfordshire Police,-0.480752,52.126897,On or near Stafford Road,E01017512,Bedford 016D,Investigation complete; no suspect identified
6f43842dfd022086c563e232da3af7da2016d26035bdbd2de75136ebedd3266a,2023-04,Bedfordshire Police,Bedfordshire Police,-0.407455,51.886108,On or near Kite Way,E01015743,Luton 022E,Unable to prosecute suspect
79507f03fb5ff7bbd25a6adf9132076442d612c696852aad74fc89752baa8cca,2023-04,Bedfordshire Police,Bedfordshire Police,-0.471499,52.136452,On or near Shopping Area,E01017471,Bedford 012F,Investigation complete; no suspect identified
8923296522ccd1cf645f81673bb79420562c5e1854cbb3470b710cf4463cac02,2023-04,Bedfordshire Police,Bedfordshire Police,-0.312143,52.198456,On or near Hospital,E01017543,Bedford 004E,Investigation complete; no suspect identified
e5511f68bddbacce2396180bb5de461a372833331f902d5a31fe662219fa86d8,2023-04,Bedfordshire Police,Bedfordshire Police,-0.510221,51.886348,On or near Stokers Close,E01017592,Central Bedfordshire 030A,Investigation complete; no suspect identified
8a34a214ed0315a3acda5a3068d8779aab671ea7909321190c6060988f29a4b3,2023-04,Bedfordshire Police,Bedfordshire Police,-0.471499,52.136452,On or near Shopping Area,E01017471,Bedford 012F,Investigation complete; no suspect identified
e31ea9f4083b237fdff255105efe95e9a66116797499e4fa6eb20c3821799675,2023-04,Bedfordshire Police,Bedfordshire Police,-0.436094,52.146903,On or near Roundmead,E01017489,Bedford 007B,Investigation complete; no suspect identified
0a9139809ed655619d0aedda683899cf16bde78a89f2a7d1357b6d513c9a0eac,2023-04,Bedfordshire Police,Bedfordshire Police,-0.298609,52.098118,On or near Manor Place,E01017422,Central Bedfordshire 004B,Investigation complete; no suspect identified
761e88daec2bf7de7d8a96614669204eb58b8ca2ea3b008d02416ca581180511,2023-04,Bedfordshire Police,Bedfordshire Police,-0.451880,51.904640,On or near Supermarket,E01015765,Luton 006B,Investigation complete; no suspect identified
c0009318018b837d1ff18b1b5235a8778fb0dfbcc594d95b51b578b2a8458b8d,2023-04,Bedfordshire Police,Bedfordshire Police,-0.488567,51.891646,On or near Highfields Close,E01017583,Central Bedfordshire 027B,Investigation complete; no suspect identified
f103e32a8f002edc5a2781a2e94f06d108865bac68e80d706b9e79e1d16b718d,2023-04,Bedfordshire Police,Bedfordshire Police,-0.438781,52.144448,On or near Brookfield Road,E01017488,Bedford 007A,Investigation complete; no suspect identified
a97da6784563a7ec6b4d4986e621f9bb279db2f78e7935bbe35cf89830bc7d00,2023-04,Bedfordshire Police,Bedfordshire Police,-0.652128,51.907597,On or near Billington Road,E01033829,Central Bedfordshire 024I,Investigation complete; no suspect identified
127fb9fe2f134345691dd8371740f420d19a7d9aaca760c6c8852d8c34b90b1e,2023-04,Bedfordshire Police,Bedfordshire Police,-0.412775,51.879454,On or near Shopping Area,E01033805,Luton 023C,Investigation complete; no suspect identified
04866260444e770cb783b2e3dadd0e9031c798df49157d0ffdd0b2f50edc3806,2023-04,Bedfordshire Police,Bedfordshire Police,-0.497485,52.002392,On or near Coniston Road,E01017405,Central Bedfordshire 016C,Investigation complete; no suspect identified
e4306869b4f3297c076762ad9cc28ab8cf89484bef3f1fefdd804d52835b672f,2023-04,Bedfordshire Police,Bedfordshire Police,-0.497485,52.002392,On or near Coniston Road,E01017405,Central Bedfordshire 016C,Investigation complete; no suspect identified
9635f0658d7f3639faa7a2db3e20e0040e1a5205b9c5372363e775e9565273a1,2023-04,Bedfordshire Police,Bedfordshire Police,-0.664630,51.915463,On or near Church Square,E01017555,Central Bedfordshire 021A,Investigation complete; no suspect identified
762b1231ea649bb3ee89c15cdff9b263d4265eb3a43dec3af71ca01e91984138,2023-04,Bedfordshire Police,Bedfordshire Police,-0.365304,51.890835,On or near Cutlers Green,E01015810,Luton 014F,Investigation complete; no suspect identified
108dc03705ec312b38f652c36054565149be6d9c21dbb8561a12dd63bc00ecec,2023-04,Bedfordshire Police,Bedfordshire Police,-0.519797,51.901826,On or near Manor Park,E01017581,Central Bedfordshire 026D,Investigation complete; no suspect identified
c4fb1e5ac87ad223b2bfaf31316d9e674f6293f2ba4af9b9deefec0e11377b35,2023-04,Bedfordshire Police,Bedfordshire Police,-0.284060,52.027530,On or near The Gardens,E01017415,Central Bedfordshire 010F,Investigation complete; no suspect identified
2c2121683b43134651e844fc034beaf6950123e9f9b19b6634de37f0431ce6a8,2023-04,Bedfordshire Police,Bedfordshire Police,-0.266627,52.088921,On or near Elphick Court,E01017385,Central Bedfordshire 005C,Investigation complete; no suspect identified
f8f8f52b196a23cd508704143cef88e44aab0e8227c924210e181ad8d8d36053,2023-04,Bedfordshire Police,Bedfordshire Police,-0.417953,51.878031,On or near King Street,E01033803,Luton 023A,Investigation complete; no suspect identified
ee642628b43003ecc8077ec9e43cdef092674875e37175450d6d12b1865704be,2023-04,Bedfordshire Police,Bedfordshire Police,-0.432970,51.924961,On or near Milburn Close,E01015708,Luton 001C,Investigation complete; no suspect identified
8de3de4d01d962a0e003427b2d9574e94696353d366c7988da55e811127eb032,2023-04,Bedfordshire Police,Bedfordshire Police,-0.658589,51.915483,On or near Petrol Station,E01017555,Central Bedfordshire 021A,Investigation complete; no suspect identified
5886749a7669e9a6088325c5fbb414c09f58a3100600333cae454a322d5d2437,2023-04,Bedfordshire Police,Bedfordshire Police,-0.466406,51.901017,On or near Laurel Close,E01015751,Luton 005B,Unable to prosecute suspect
61d93de7533ca5780fa37970e935ed060a3d36552ff2c4e52981cc2c7b492525,2023-04,Bedfordshire Police,Bedfordshire Police,-0.466657,52.136614,On or near High Street,E01034419,Bedford 012H,Suspect charged
0599dd889bd8a04a922f4ff85f415d98e77898fdb975455aa1c985ea3b998fbe,2023-04,Bedfordshire Police,Bedfordshire Police,-0.533327,51.950073,On or near St George's Close,E01017620,Central Bedfordshire 019C,Investigation complete; no suspect identified
ba4193ce0b886c0dc1af311da38ba3904ccc9012e7f16f71acd0879b031aac27,2023-04,Bedfordshire Police,Bedfordshire Police,-0.484734,51.897603,On or near Suffolk Close,E01015760,Luton 009E,Unable to prosecute suspect
4307e111fc2d43e55545bf1c72ae55abf6605d9a93ef51b0a4b6df8f50401a23,2023-04,Bedfordshire Police,Bedfordshire Police,-0.423929,52.144979,On or near Bury Walk,E01017490,Bedford 007C,Investigation complete; no suspect identified
4856a5da1b3da520dfdf23c1de63d60afca0aff73cab204b02f0067d73171380,2023-04,Bedfordshire Police,Bedfordshire Police,-0.675099,51.908505,On or near Mentmore Road,E01017591,Central Bedfordshire 022C,Investigation complete; no suspect identified
7fea7f3d6b01088e0ec4502f95e20b16305f783fcd641f1de7d2963955c5e51b,2023-04,Bedfordshire Police,Bedfordshire Police,-0.500717,52.146636,On or near Mallard Chase,E01017460,Bedford 008B,Unable to prosecute suspect
d9a88332d6d07074bf46b9112383f57301d1df1f89b1642241b59afbb0632211,2023-04,Bedfordshire Police,Bedfordshire Police,-0.479514,52.140934,On or near Further/Higher Educational Building,E01017501,Bedford 010E,Unable to prosecute suspect
3b5c76d75e9efcabdf53995fdb05de283a092d7585f2e247b84cd5eca4c5be2f,2023-04,Bedfordshire Police,Bedfordshire Police,-0.501397,51.899570,On or near Kimberley Close,E01015757,Luton 009B,Suspect charged
41c0752d234d0e0e8bd7d58011dca1cc2c3bb653d6c9a195fff38107be9f0f79,2023-04,Bedfordshire Police,Bedfordshire Police,-0.367270,51.875839,On or near Airport/Airfield,E01015808,Luton 014D,Investigation complete; no suspect identified
b52f6b44ef14bb13b711aba6fb4b1ba81a49b56e1c16d9b1930bfa35d55f3008,2023-04,Bedfordshire Police,Bedfordshire Police,-0.407903,51.883704,On or near Hartley Road,E01015743,Luton 022E,Unable to prosecute suspect
c75d170bfb3d7ca16a4ed7ac4c1fca27dec9e76163a8d539dbe37083c71b4f0b,2023-04,Bedfordshire Police,Bedfordshire Police,-0.428371,51.875086,On or near Meyrick Avenue,E01015734,Luton 020C,Investigation complete; no suspect identified
d5fbf421f1fdecc655e151b6bf0791b24e164b7f7e9652e4a5c62ef748d9a71d,2023-04,Bedfordshire Police,Bedfordshire Police,-0.424919,52.029003,On or near Readshill,E01017421,Central Bedfordshire 008E,Unable to prosecute suspect
e3a70e9ee0a3de4d9f10f44e35c78ce04938aa60219ccbe1898451c3760a9e5e,2023-04,Bedfordshire Police,Bedfordshire Police,-0.367270,51.875839,On or near Airport/Airfield,E01015808,Luton 014D,Formal action is not in the public interest
9eaeb2bc7178a67a2fbd7829be359117f551d0dab3c91e3d8b41e3fdbd1a6951,2023-04,Bedfordshire Police,Bedfordshire Police,-0.427256,51.916101,On or near Petrol Station,E01015748,Luton 004D,Investigation complete; no suspect identified
695dd4c3f1fe307f85d97832ce9af479a86c7bb9c5a9f8daa0104c9526b407db,2023-04,Bedfordshire Police,Bedfordshire Police,-0.234506,52.141261,On or near Park/Open Space,E01017427,Central Bedfordshire 003C,Investigation complete; no suspect identified
fbe56e3a85d10246d38f41f947445f669aba6afd06861a276a80aad82ea2920f,2023-04,Bedfordshire Police,Bedfordshire Police,-0.289422,52.135992,On or near Wesley Road,E01017433,Central Bedfordshire 001A,Unable to prosecute suspect
315b3ba4100908059f88254af5aee818fe08f9d4fd21a07d9a019e817cc7b5a5,2023-04,Bedfordshire Police,Bedfordshire Police,-0.401611,51.883295,On or near Derwent Road,E01015720,Luton 016B,Unable to prosecute suspect
e3b10682c2fc408112f4d2a61d7f8d3841cbcdd9c94770f7fa445cdc7677c3a0,2023-04,Bedfordshire Police,Bedfordshire Police,-0.505635,52.068232,On or near Kitchener Place,E01017552,Bedford 020B,Investigation complete; no suspect identified
513fe38025893d4e192853e6a6959ecda33c3048c22f9acfe0e9f0c501adf218,2023-04,Bedfordshire Police,Bedfordshire Police,-0.426508,52.146425,On or near The Copse,E01017490,Bedford 007C,Unable to prosecute suspect
f0bc9b82c85c2ecabd35376a8be8b042cac6d262f32303829a45aba38dc690ab,2023-04,Bedfordshire Police,Bedfordshire Police,-0.407830,51.873848,On or near Strathmore Walk,E01015789,Luton 023D,Suspect charged
fa3bdef1a467cfb8ec6854816abae6cb8bf357ed281266a9b18b129236f671a9,2023-04,Bedfordshire Police,Bedfordshire Police,-0.446766,52.159407,On or near Parking Area,E01017530,Bedford 006B,Unable to prosecute suspect
2bb084baad2ca028ac1eaf052dcee8bf4730bef5dea9c5aa614b13e7bbf93721,2023-04,Bedfordshire Police,Bedfordshire Police,,,No location,,,Unable to prosecute suspect
c3268214c50fa5052d98d50500e6505372db71cb18e37dbfe652265bf90c6a0b,2023-04,Bedfordshire Police,Bedfordshire Police,-0.464894,52.138155,On or near Lurke Street,E01034419,Bedford 012H,Suspect charged
d40e6d1a3ddfb229b79735644e6fdac74f039a728686dfe7853d7ddbcddae319,2023-04,Bedfordshire Police,Bedfordshire Police,-0.464894,52.138155,On or near Lurke Street,E01034419,Bedford 012H,Suspect charged
00885727b1d95a07cfa491208a9a31dbbad65b067c06e6eb666a9c2abe1e97eb,2023-04,Bedfordshire Police,Bedfordshire Police,-0.445807,52.080729,On or near Castle Close,E01034430,Bedford 021E,Unable to prosecute suspect
5cd5566050995a6d02ec7a3b5ad8a106b3b1c98face2ef73897dee5c567f0697,2023-04,Bedfordshire Police,Bedfordshire Police,-0.244726,52.076888,On or near Petrol Station,E01017381,Central Bedfordshire 006A,Investigation complete; no suspect identified
8ea7afd475aed2b72784ee16bcf0d0dad7118a58b7eabac9d49cd49fb1077e00,2023-04,Bedfordshire Police,Bedfordshire Police,-0.475501,52.135631,On or near Rutland Road,E01017466,Bedford 012A,Investigation complete; no suspect identified
3bd7f6cb51bcf9d7d19250011ea4b57fbf0900327ea6e27f29efeb62c1e50990,2023-04,Bedfordshire Police,Bedfordshire Police,-0.483403,52.141335,On or near Spenser Road,E01017499,Bedford 010C,Unable to prosecute suspect
f73dea2f4913ef5f143086507c41cdf7e95ac2e42ddd855b59ba8311334c669e,2023-04,Bedfordshire Police,Bedfordshire Police,-0.386501,51.910073,On or near Lambert Close,E01015797,Luton 008A,Investigation complete; no suspect identified
9bb65e0611a3df71c3759758a152c2a68ea2faee0131273f781ef467d467e9ac,2023-04,Bedfordshire Police,Bedfordshire Police,-0.274394,52.049158,On or near Ivel Close,E01017413,Central Bedfordshire 010D,Unable to prosecute suspect
7a767e0e1f7a5e617cec546339c09f3f1a1cab6dff6594c862da986fa57cb549,2023-04,Bedfordshire Police,Bedfordshire Police,-0.647712,51.924918,On or near Hornbeam Close,E01017603,Central Bedfordshire 020A,Unable to prosecute suspect
1d8607d68ad08c81deb305c939e08f0046ba5a7fac21ad55432618ba4c3b88e5,2023-04,Bedfordshire Police,Bedfordshire Police,-0.440194,52.141230,On or near Pearmain Close,E01017491,Bedford 007D,Unable to prosecute suspect
2a7fae27b688e9460c0d65881fe5ad2a65252680f2bb7b5f6f8a8fa0edb0cdd9,2023-04,Bedfordshire Police,Bedfordshire Police,-0.468392,51.856300,On or near Cotswold Business Park,E01017561,Central Bedfordshire 033A,Suspect charged
17827eecb5b0cd6f0b4958fe48f6cfe434caafffe97ab8d2d83c09d44a9894d4,2023-04,Bedfordshire Police,Bedfordshire Police,-0.474035,51.904506,On or near Home Close,E01015749,Luton 005A,Unable to prosecute suspect
a8e96301120265750c40debcdf1fba08741f0525d46b1ddc40617a8414e589e5,2023-04,Bedfordshire Police,Bedfordshire Police,-0.352289,52.156803,On or near Pyms Close,E01017495,Bedford 004B,Unable to prosecute suspect
50695a622fa46733d3c72931079d26ac52ea0868381d00f337183a60d57211b0,2023-04,Bedfordshire Police,Bedfordshire Police,-0.428895,51.884624,On or near Kenilworth Road,E01015727,Luton 017F,Unable to prosecute suspect
7bf76f15d53c2610ec1cd7e64b0a6c2e1f2a99dedb76826005d2db1a150af685,2023-04,Bedfordshire Police,Bedfordshire Police,-0.455466,51.886028,On or near Supermarket,E01015728,Luton 019B,Unable to prosecute suspect
4bf89adfa8ce30e82451cc4ef3949a3f314628bf77150fce5b966f5e4b0bc9dc,2023-04,Bedfordshire Police,Bedfordshire Police,-0.493944,52.163283,On or near Highbury Grove,E01017481,Bedford 003D,Action to be taken by another organisation
2da84eb0c80a203661e5a53cfb8f20ddbe291ba5f65409c9e99647fd530fe41b,2023-04,Bedfordshire Police,Bedfordshire Police,-0.414339,51.876696,On or near Parking Area,E01033806,Luton 021G,Suspect charged
7df7a3d67d27970f4d400f17236915a1df23dfaf4db064b95b0899043fef0161,2023-04,Bedfordshire Police,Bedfordshire Police,-0.487682,51.904592,On or near Eagle Close,E01015756,Luton 009A,Unable to prosecute suspect
720d5a4545f6d8e700562c262609fa52d2d8a6f7189c1cdbd580dc7b9a6cfe3e,2023-04,Bedfordshire Police,Bedfordshire Police,-0.474035,51.904506,On or near Home Close,E01015749,Luton 005A,Suspect charged
91b14c1b336a08fc169b79836a3b79456dd645c9c53dfe8d3f92f69a5fa72882,2023-04,Bedfordshire Police,Bedfordshire Police,-0.454556,52.121063,On or near Alpine View,E01017518,Bedford 014A,Unable to prosecute suspect
cee82c0d78b9a0533ca35be9899067cf08b47d46348f16b5ee6d2bddc1752ecc,2023-04,Bedfordshire Police,Bedfordshire Police,-0.424742,51.883742,On or near Francis Street,E01015699,Luton 017B,Investigation complete; no suspect identified
2e256ee1faf6b9cfa87766aba9426490a717bf1f36d38a9d1165a6570c10a95b,2023-04,Bedfordshire Police,Bedfordshire Police,-0.457835,52.159786,On or near Wye Close,E01017454,Bedford 005B,Investigation complete; no suspect identified
9bd90639b8fcd16de204aa59026f8f9528613ed03670890f4885dfe78f2a7a5f,2023-04,Bedfordshire Police,Bedfordshire Police,-0.465958,52.138663,On or near Supermarket,E01034419,Bedford 012H,Investigation complete; no suspect identified
7e007f9d5310a87808a84d2ac0c242ce496414288d47757f1b465ebaea1664ae,2023-04,Bedfordshire Police,Bedfordshire Police,-0.467149,52.115904,On or near Bunyans Mead,E01034431,Bedford 022A,Investigation complete; no suspect identified
99f8f9ebc1c1a29e95353c399dab76c78d79869bbc8e3bf9d7002d836b94189b,2023-04,Bedfordshire Police,Bedfordshire Police,-0.497351,51.982465,On or near Sanderson Road,E01017450,Central Bedfordshire 017E,Unable to prosecute suspect
1ebe46737b94b545666fa00ade16c44b630306b1dcad129e4071e34b79126c46,2023-04,Bedfordshire Police,Bedfordshire Police,-0.465209,52.136667,On or near Nightclub,E01034419,Bedford 012H,Offender given a caution
c93abb0204e07a30f0fd20c9c6ecf2c8df754ab10fb0949a8887f44a549374c6,2023-04,Bedfordshire Police,Bedfordshire Police,-0.452546,52.121306,On or near Southway,E01017518,Bedford 014A,Unable to prosecute suspect
6a8a316574ca6734ed0541212af0c6fcfd6b08e52c6b1dc981b77778ff22f380,2023-04,Bedfordshire Police,Bedfordshire Police,-0.484037,52.132127,On or near Nelson Street,E01017538,Bedford 013D,Investigation complete; no suspect identified
b90cfeb20f6297f4d677743b25b1120b35a7592cd5a3be030c4e655f0c73a6a1,2023-04,Bedfordshire Police,Bedfordshire Police,-0.487552,52.113758,On or near The Hollies,E01017513,Bedford 018A,Investigation complete; no suspect identified
759c81081f16ba011f45c4a40b0bffa7c9f71d6719d1524e9b15e75ef1550758,2023-04,Bedfordshire Police,Bedfordshire Police,-0.456097,51.889687,On or near Chaul End Lane,E01015731,Luton 015C,Investigation complete; no suspect identified
545c4685dda95482a964e2e1723da1f582feddd3c27214fa0f3eacb9bd234103,2023-04,Bedfordshire Police,Bedfordshire Police,-0.507598,52.075845,On or near Halley View,E01017552,Bedford 020B,Investigation complete; no suspect identified
cd24009200b69719adb33a66687bab6bb25920d2ae92ccc6d17e29621c36a741,2023-04,Bedfordshire Police,Bedfordshire Police,-0.485380,52.171786,On or near The Baulk,E01017481,Bedford 003D,Investigation complete; no suspect identified
0bb89f271c0b78d23f384b4145cc154627671d87c38c77d0ab5f289bd26d0229,2023-04,Bedfordshire Police,Bedfordshire Police,,,No location,,,Investigation complete; no suspect identified
00a46075ae70b34e286988944bc12ba7940a8a559af31d56a30f4adf0aa8f345,2023-04,Bedfordshire Police,Bedfordshire Police,-0.292741,52.127516,On or near The Avenue,E01017432,Central Bedfordshire 002C,Investigation complete; no suspect identified
7f0ef7ba77e493092203af133fbbddf4e03a0d61c5afab563031f513bee98d83,2023-04,Bedfordshire Police,Bedfordshire Police,-0.513569,51.890736,On or near Shopping Area,E01017584,Central Bedfordshire 027C,Unable to prosecute suspect
e1fb8c210b16cbcc35c83156011f51fa110e62ffc0da4e002b8f07bbde51ef29,2023-04,Bedfordshire Police,Bedfordshire Police,-0.424762,52.140422,On or near Bryony Close,E01017527,Bedford 011D,Investigation complete; no suspect identified
8e72a097d2b93e9b9cb593a57af2e66bb7e4d55cc8691d3e942d7a1f4e3e343e,2023-04,Bedfordshire Police,Bedfordshire Police,-0.289422,52.135992,On or near Wesley Road,E01017433,Central Bedfordshire 001A,Investigation complete; no suspect identified
0bab95a57278b844351d1c4d391e58ca94e8e620261cf0528374600bffc4fc4e,2023-04,Bedfordshire Police,Bedfordshire Police,-0.545428,51.902110,On or near Watling Street,E01017578,Central Bedfordshire 026A,Investigation complete; no suspect identified
cdf156cb555b7eba6267c071864aaa076d228c46179004410fd40779d6a8c8ef,2023-04,Bedfordshire Police,Bedfordshire Police,-0.407086,51.876383,On or near Manor Road,E01015789,Luton 023D,Investigation complete; no suspect identified
7be1af071c9d44911f290ebf8f91d9fe7c23f8d032afd70ba25c2ea6902847e7,2023-04,Bedfordshire Police,Bedfordshire Police,-0.423351,51.883606,On or near Supermarket,E01015699,Luton 017B,Investigation complete; no suspect identified
efa5e8d63e454506242adbfdc1ffce1afa8a85899529152534419f8a630f0ae9,2023-04,Bedfordshire Police,Bedfordshire Police,-0.435443,51.920777,On or near Supermarket,E01015706,Luton 001A,Investigation complete; no suspect identified
2a5d65e7a845ca87196f22bd2eebe0069d060347cf6a1db211453addcb42985e,2023-04,Bedfordshire Police,Bedfordshire Police,-0.435443,51.920777,On or near Supermarket,E01015706,Luton 001A,Investigation complete; no suspect identified
468bc0a373a501c3f7a3c6be1f6931d540e445e1adbbcef800c05aeca8ec696b,2023-04,Bedfordshire Police,Bedfordshire Police,-0.481726,51.896710,On or near Cloisters Road,E01015762,Luton 013D,Investigation complete; no suspect identified
6c57fbf97224e4b7da1139d4d9044784c03f2a7ca6edb70535eead6b666d0a9f,2023-04,Bedfordshire Police,Bedfordshire Police,-0.426078,51.882932,On or near Petrol Station,E01015729,Luton 019C,Investigation complete; no suspect identified
e0a2fc2758b203cf8df6d491cddf61c99ec68007921ed194f2d38bcfc813e031,2023-04,Bedfordshire Police,Bedfordshire Police,-0.439579,52.122466,On or near Eastcotts Road,E01017520,Bedford 014C,Unable to prosecute suspect
dee857c349c8a20955fbe17e45817fb2b8d9dbb916ce425f0e52f60e13fd7bb7,2023-04,Bedfordshire Police,Bedfordshire Police,-0.467947,52.136909,On or near Silver Street,E01034419,Bedford 012H,Investigation complete; no suspect identified
e7b1ec75eeaba750276bbe565e3df2ab9f174a94fa008ea6a926c0ee6b68d6c7,2023-04,Bedfordshire Police,Bedfordshire Police,-0.669344,51.918304,On or near Supermarket,E01017557,Central Bedfordshire 021C,Investigation complete; no suspect identified
b7cfd4695d246d764b09b9ef1bab4f7868f0b972db1a1cff8fee264ebc7bfb0e,2023-04,Bedfordshire Police,Bedfordshire Police,-0.405451,51.891799,On or near Preston Gardens,E01015778,Luton 012E,Investigation complete; no suspect identified
f08a9a43e68d5934e80a034857200700cf2d997d4d5fecbfb9335a3d51dcc3d5,2023-04,Bedfordshire Police,Bedfordshire Police,-0.367270,51.875839,On or near Airport/Airfield,E01015808,Luton 014D,Investigation complete; no suspect identified
debabea0db54e1dfdf225ba88133edd65994f49b09517c69509b5fd3c2cfe8f3,2023-04,Bedfordshire Police,Bedfordshire Police,-0.264645,52.088171,On or near Supermarket,E01017385,Central Bedfordshire 005C,Investigation complete; no suspect identified
df2cae923d542a357d92a73a21992afbe6f3f3012ad584d105a96c283d420a41,2023-04,Bedfordshire Police,Bedfordshire Police,-0.412164,51.891827,On or near Mountfield Path,E01015778,Luton 012E,Investigation complete; no suspect identified
fa0c2789f5ac17287d4848646ccee5f7d0fe02c0ff47262cda8b1cc6614a7706,2023-04,Bedfordshire Police,Bedfordshire Police,-0.669344,51.918304,On or near Supermarket,E01017557,Central Bedfordshire 021C,Investigation complete; no suspect identified
452fd0b5bd0f9752fa7124d776f5fcbf0b747cb8a69db06d44e42658ab10248c,2023-04,Bedfordshire Police,Bedfordshire Police,-0.474094,52.122054,On or near Supermarket,E01017475,Bedford 015D,Investigation complete; no suspect identified
f10f63eb52a9487a8fdbb0203cb147b74efad47d09c0139b3b89cd0b48a9879c,2023-04,Bedfordshire Police,Bedfordshire Police,-0.474094,52.122054,On or near Supermarket,E01017475,Bedford 015D,Investigation complete; no suspect identified
af08791d7be385c4a2f17ec2667020657e00960d859ef26478365b23f975a389,2023-04,Bedfordshire Police,Bedfordshire Police,-0.524763,51.900189,On or near Townsend Farm Road,E01017578,Central Bedfordshire 026A,Investigation complete; no suspect identified
a97c2d634a0efbc493e05d4a97c403e759e864cd128e7bec0fb9aa08f5166fdb,2023-04,Bedfordshire Police,Bedfordshire Police,-0.480505,52.119134,On or near Northdale Close,E01017506,Bedford 017B,Unable to prosecute suspect
2eb43861bdc39358bc1e034dd6934361eba93d61b501f2a11512ac4219fe063d,2023-04,Bedfordshire Police,Bedfordshire Police,-0.524763,51.900189,On or near Townsend Farm Road,E01017578,Central Bedfordshire 026A,Investigation complete; no suspect identified
0a79f9888aa52d982fce73d72752d30fcb6100386b94c18ac94b08f126847c01,2023-04,Bedfordshire Police,Bedfordshire Police,-0.427400,52.152641,On or near Supermarket,E01017492,Bedford 007E,Investigation complete; no suspect identified
60da0c630c994ed2d19a911f08417148187376bce07ebf3cfef3ca3e94e4c497,2023-04,Bedfordshire Police,Bedfordshire Police,-0.412775,51.879454,On or near Shopping Area,E01033805,Luton 023C,Investigation complete; no suspect identified
184fcbb4a436e1ce16d40052481e1bd5d8452ec1cbaefb3b6d6e8b777be032fb,2023-04,Bedfordshire Police,Bedfordshire Police,-0.424742,51.883742,On or near Francis Street,E01015699,Luton 017B,Suspect charged
0223a7a729936f05e27808e43a83383a8ac95de0b3323840bf1e82efb9717dd1,2023-04,Bedfordshire Police,Bedfordshire Police,-0.413180,51.877031,On or near Park Street West,E01033805,Luton 023C,Investigation complete; no suspect identified
8c430fd18abe76f9be1566c89fe3e366d965c265f5a583cc7acd28f9a9fb5e33,2023-04,Bedfordshire Police,Bedfordshire Police,-0.447675,51.887805,On or near Laporte Way,E01015731,Luton 015C,Unable to prosecute suspect
f3d996c2901cf8c1f039e1f1f2374da5af34f08127c4a83576200475b10be262,2023-04,Bedfordshire Police,Bedfordshire Police,-0.471345,52.126002,On or near A5141,E01017474,Bedford 015C,Unable to prosecute suspect
e48c0306fb65705b336542fb2219772ed9bf1289c99f63511e63d45bcfb03a4c,2023-04,Bedfordshire Police,Bedfordshire Police,-0.671822,51.893938,On or near Parking Area,E01017652,Buckinghamshire 008B,Investigation complete; no suspect identified
aecab29752724d51d4cc6809c6216cb63de90439fba77d7c073e63fcf87bd426,2023-04,Bedfordshire Police,Bedfordshire Police,-0.455622,51.888793,On or near Shopping Area,E01015731,Luton 015C,Investigation complete; no suspect identified
470bbc0e152a731c5f2cf921b65bf8e6778f21c68d3a8a08c24cd06ba708f8d1,2023-04,Bedfordshire Police,Bedfordshire Police,-0.300933,52.134163,On or near Nursery Drive,E01017430,Central Bedfordshire 002A,Unable to prosecute suspect
1f4cfe6526759551cac939fa3fc33709821ae919b06b7c8573242dd9e4df81bc,2023-04,Bedfordshire Police,Bedfordshire Police,-0.300933,52.134163,On or near Nursery Drive,E01017430,Central Bedfordshire 002A,Unable to prosecute suspect
ba4a677a002290569cdcc49ca7c2e290e95074975ef22010ceeb4cb24426c36e,2023-04,Bedfordshire Police,Bedfordshire Police,-0.467681,51.907543,On or near Pirton Road,E01015751,Luton 005B,Unable to prosecute suspect
e7d090cd8ed291c9c1a84272fc31ecb36528c330bce2fd8b576b58e408fca962,2023-04,Bedfordshire Police,Bedfordshire Police,-0.528056,51.889710,On or near Clifton Road,E01017568,Central Bedfordshire 029C,Unable to prosecute suspect
e3bcb316801538d6ff06ba11214c2cf3625cdec6c22fd255dac5555c6b0facae,2023-04,Bedfordshire Police,Bedfordshire Police,-0.415876,51.878609,On or near Shopping Area,E01033806,Luton 021G,Investigation complete; no suspect identified
eae09f50549b31acd23148acd511623d80f6e154c7ed7dfd1a679e388ead78c8,2023-04,Bedfordshire Police,Bedfordshire Police,-0.462576,51.902082,On or near School Lane,E01015750,Luton 011F,Unable to prosecute suspect
0db6e8d6be4482748ea0181c95e64cc53b0b405937f09c8317b95fe0d3405c2c,2023-04,Bedfordshire Police,Bedfordshire Police,-0.453293,51.892882,On or near Shopping Area,E01015711,Luton 011A,Investigation complete; no suspect identified
3e71315b62561472dae7828b221db469106d4c53c8cf7909a3177f1221b65bad,2023-04,Bedfordshire Police,Bedfordshire Police,-0.299279,52.034036,On or near Petrol Station,E01017391,Central Bedfordshire 013A,Investigation complete; no suspect identified
65db4cb42bf339d2c83a2683ecf2677ddc5c5ae1d5f83f8f95e5c4543f7b7228,2023-04,Bedfordshire Police,Bedfordshire Police,-0.659741,51.912951,On or near Sports/Recreation Area,E01017555,Central Bedfordshire 021A,Unable to prosecute suspect
50b065d8cb6c177b6a4a6d40eaa1fa87a88ac1a6597becc213ee37147c7db19f,2023-04,Bedfordshire Police,Bedfordshire Police,,,No location,,,Investigation complete; no suspect identified
460f2e909a2a5a9003c638d714fc794c762c1a2e49aebb5759ecfab20cb77e88,2023-04,Bedfordshire Police,Bedfordshire Police,,,No location,,,Investigation complete; no suspect identified
b77c06d4629a6c041bcdf90b1f1676ba60dd20cea77852dc750282e99d40471a,2023-04,Bedfordshire Police,Bedfordshire Police,,,No location,,,Unable to prosecute suspect
4e4b4a260bac773f6b58f9551fef0fc35d1b16056a1bc22a1c8b590c5a3b8096,2023-04,Bedfordshire Police,Bedfordshire Police,-0.467122,51.890236,On or near Raleigh Grove,E01015713,Luton 013A,Investigation complete; no suspect identified
1b052a82924dd44c135a4ad27a65f3f632d1b8cfa80394d3ce4788ca6838c7e3,2023-04,Bedfordshire Police,Bedfordshire Police,-0.423929,52.144979,On or near Bury Walk,E01017490,Bedford 007C,Investigation complete; no suspect identified
79c8bfb3de83bf43536dfa6198b8134ea450cbce269c9dfc1052ef10119d7710,2023-04,Bedfordshire Police,Bedfordshire Police,-0.480839,52.135080,On or near Henley Road,E01017536,Bedford 013B,Unable to prosecute suspect
8461d7e7a07a75dc4b7970c676eeb86bf47c3bf2db38ce793c7c9fb4b62a9875,2023-04,Bedfordshire Police,Bedfordshire Police,-0.427400,52.152641,On or near Supermarket,E01017492,Bedford 007E,Unable to prosecute suspect
5341ab7d84bec3c8c10e13b8bcf4e275da256f79ba04f015a9d7b3fbabd05d4e,2023-04,Bedfordshire Police,Bedfordshire Police,-0.531697,51.885458,On or near Nursery Close,E01017597,Central Bedfordshire 028D,Investigation complete; no suspect identified
d49dbafaa00f42b4c66ccfd5c1a4384d43335ace24cbaf1e6ad1444604a15bfb,2023-04,Bedfordshire Police,Bedfordshire Police,-0.466098,52.135878,On or near Shopping Area,E01034419,Bedford 012H,Investigation complete; no suspect identified
799ead2c43fbb0f23e9a9b570882e1e0d0078ed22c9c991fbb482b32ff00148f,2023-04,Bedfordshire Police,Bedfordshire Police,-0.662956,51.918960,On or near Doggett Street,E01017555,Central Bedfordshire 021A,Unable to prosecute suspect
a32b6f69a071b2036b1c022fa3dbe45b0b76dc069e497eb9cfab50d524c36c05,2023-04,Bedfordshire Police,Bedfordshire Police,-0.531518,51.887389,On or near Chiltern Road,E01017596,Central Bedfordshire 028C,Investigation complete; no suspect identified
2e1c4d19e2f919d05e0e50f6fd740aed70e407a483071902fc37042cbe13d751,2023-04,Bedfordshire Police,Bedfordshire Police,-0.415956,51.874506,On or near Kelvin Close,E01033807,Luton 021H,Investigation complete; no suspect identified
621e2046f91e5e9a01b5c001305dfb6d67acbbb555a217808314796a04c27152,2023-04,Bedfordshire Police,Bedfordshire Police,-0.426078,51.882932,On or near Petrol Station,E01015729,Luton 019C,Investigation complete; no suspect identified
b11bf953aae45b95a02e01c5320ab68045ae087355450d8eaf684520a829879f,2023-04,Bedfordshire Police,Bedfordshire Police,-0.518695,51.905256,On or near Parking Area,E01017617,Central Bedfordshire 026E,Investigation complete; no suspect identified
b7757aef9a60ad72f6d495da7660d4719eb8cdb8202a0bdf47d7136f10001e30,2023-04,Bedfordshire Police,Bedfordshire Police,-0.260532,52.088400,On or near Brigham Gardens,E01017385,Central Bedfordshire 005C,Investigation complete; no suspect identified
f02f97617c01f88395593c9f63f37126b01aeecf23a65a63254d01ac2aa78f31,2023-04,Bedfordshire Police,Bedfordshire Police,-0.285644,52.130875,On or near Bidlake Croft,E01017435,Central Bedfordshire 002D,Investigation complete; no suspect identified
c25e673e44a21d789fc8421e5eab99947d811d6ac24912efd1c2d2c1f4681339,2023-04,Bedfordshire Police,Bedfordshire Police,-0.457322,52.147120,On or near St Edmond Road,E01017482,Bedford 009A,Investigation complete; no suspect identified
e454d4da09d1194e26402ef051c5c5230a05366bfd823dfaa06ff4511da8996e,2023-04,Bedfordshire Police,Bedfordshire Police,,,No location,,,Investigation complete; no suspect identified
3add4579416c4e1355789f2e7eaaeedd1d61394123500c56670e29151c8bc680,2023-04,Bedfordshire Police,Bedfordshire Police,,,No location,,,Investigation complete; no suspect identified
04f9f2c827e7438230ab3a93c572d0b0d8521826808ab8b82981f0d294729026,2023-04,Bedfordshire Police,Bedfordshire Police,-0.461999,52.137362,On or near Saint Cuthberts Court,E01034418,Bedford 012G,Investigation complete; no suspect identified
2ea41e4b30f4a735df74477bde47bf67cdd8d39d0dac880b03bd98a9012a1e9f,2023-04,Bedfordshire Police,Bedfordshire Police,-0.434869,52.140988,On or near Queen Alexandra Road,E01017525,Bedford 011B,Investigation complete; no suspect identified
3d08b6516907d90d900502b0b386ee5070ec55e337f3a8fae525bc7763d5adce,2023-04,Bedfordshire Police,Bedfordshire Police,-0.406025,51.871468,On or near Alton Road,E01015790,Luton 021B,Investigation complete; no suspect identified
ce5b72b12bd441abd9d30075b67196a1eddbb80ddc6dad76ce4019b6d9fc0b5b,2023-04,Bedfordshire Police,Bedfordshire Police,-0.460713,52.140330,On or near A4280,E01017484,Bedford 009C,Investigation complete; no suspect identified
51078717287a8bfb96f42c46e76a1e745e8ac532bced2f717b8bbe1b933ac57d,2023-04,Bedfordshire Police,Bedfordshire Police,-0.381232,51.898905,On or near Telscombe Way,E01015812,Luton 008E,Suspect charged
51078717287a8bfb96f42c46e76a1e745e8ac532bced2f717b8bbe1b933ac57d,2023-04,Bedfordshire Police,Bedfordshire Police,-0.381232,51.898905,On or near Telscombe Way,E01015812,Luton 008E,Suspect charged
73b0b9f692d1ed145e1143a6a09da2df6327fe98c84fb443cd8196a8f45adb4d,2023-04,Bedfordshire Police,Bedfordshire Police,-0.468392,51.856300,On or near Cotswold Business Park,E01017561,Central Bedfordshire 033A,Suspect charged
23a6632c7e688e5c0edc47dbd964467c4d0c5ff1b257396d022acc5994f26b32,2023-04,Bedfordshire Police,Bedfordshire Police,-0.491574,51.903832,On or near Sussex Close,E01015759,Luton 009D,Unable to prosecute suspect
b6da508afce7489071b1313244768fd1037e745a05a567ebe2f9ec449e3c943f,2023-04,Bedfordshire Police,Bedfordshire Police,-0.466657,52.136614,On or near High Street,E01034419,Bedford 012H,Unable to prosecute suspect
63dda55c5f74ac2ee9b46ea20bb6e9ec97a03f486a3177696f0deee3451a81fc,2023-04,Bedfordshire Police,Bedfordshire Police,-0.499846,52.110786,On or near Harter Road,E01017514,Bedford 018B,Unable to prosecute suspect
2a277d128886ef884ae42be3f9bb47479a53d8464e209d48a38a5ae97a3080ba,2023-04,Bedfordshire Police,Bedfordshire Police,-0.500068,52.108964,On or near Abbott Crescent,E01017514,Bedford 018B,Unable to prosecute suspect
789b667293640f702f86d1d1a77cc0dc9a2fc0f75e6e6d609340f64868a715cf,2023-04,Bedfordshire Police,Bedfordshire Police,-0.404991,51.881408,On or near Hart Hill Drive,E01015743,Luton 022E,Unable to prosecute suspect
08f3571fefd65ee313d84b4ad6c135a009cd797d4faa9c733c74c62fe25dfb07,2023-04,Bedfordshire Police,Bedfordshire Police,-0.395352,51.895870,On or near Stronnell Close,E01015776,Luton 012C,Investigation complete; no suspect identified
fa9c85551fdba402c3312afa00c39fb3a43f77ff5d8322c768e1271d03640a22,2023-04,Bedfordshire Police,Bedfordshire Police,-0.493785,51.983706,On or near Ropkins Close,E01017450,Central Bedfordshire 017E,Unable to prosecute suspect
a430adf9ae926501d2472344298dbe94cf975e644d931c5f0ad1cb2592be4783,2023-04,Bedfordshire Police,Bedfordshire Police,-0.507567,52.127527,On or near Wortham Close,E01034417,Bedford 008I,Unable to prosecute suspect
277465a9781cb9c87741c0f32a0df151f3ed673c88ee96ac002af1872922c33c,2023-04,Bedfordshire Police,Bedfordshire Police,-0.463972,52.126320,On or near The Sidings,E01017522,Bedford 014E,Unable to prosecute suspect
802ee227056b6f7e8c40249abbd056495a9c0e7fb72afe058208eb9209209104,2023-04,Bedfordshire Police,Bedfordshire Police,-0.481423,52.142820,On or near Shakespeare Road,E01017499,Bedford 010C,Unable to prosecute suspect
f5dba56b35f7d5ea73d3563e83f1eb9461d80527186600233715e590bcfc6f7e,2023-04,Bedfordshire Police,Bedfordshire Police,-0.547610,52.225401,On or near The Drive,E01017545,Bedford 001D,Investigation complete; no suspect identified
d452ff861cae9562d29c9cef7eea35bdad5f90c9463096f3be3eef9cb7292ce6,2023-04,Bedfordshire Police,Bedfordshire Police,-0.513569,51.890736,On or near Shopping Area,E01017584,Central Bedfordshire 027C,Investigation complete; no suspect identified
7a1701bd6377755e87ce1db7f2ca5e0b5d529d3182f1a25370a9da76985959d0,2023-04,Bedfordshire Police,Bedfordshire Police,-0.480361,52.125921,On or near Bedford Road,E01017506,Bedford 017B,Unable to prosecute suspect
ac144fa4b3063f6f75777b5d0c233dde0b42f0045818bd85408776a557b005e6,2023-04,Bedfordshire Police,Bedfordshire Police,-0.471914,52.135441,On or near Costin Street,E01017466,Bedford 012A,Action to be taken by another organisation
48cb643cc168fb02dd40690c7514fc6b1cc5fa8ffcbab55779e468dedb64e45e,2023-04,Bedfordshire Police,Bedfordshire Police,-0.652926,51.927594,On or near Blenheim Road,E01017606,Central Bedfordshire 020D,Unable to prosecute suspect
361c790d7439a9a34e07d61fbdab92ed124401989bcc77bdd85ed36b874ab041,2023-04,Bedfordshire Police,Bedfordshire Police,-0.470869,52.142045,On or near Queen Street,E01017502,Bedford 010F,Unable to prosecute suspect
73bfe30541236f52331c2eacfd953f1c99972b5f80910885eb4ea27f7d08e9a7,2023-04,Bedfordshire Police,Bedfordshire Police,-0.396498,51.874297,On or near Kimpton Road,E01015719,Luton 016A,Investigation complete; no suspect identified
87b7a75069747f4596b5d93902dbc715279c0f5f717392110984f521287a4c3f,2023-04,Bedfordshire Police,Bedfordshire Police,-0.507567,52.127527,On or near Wortham Close,E01034417,Bedford 008I,Unable to prosecute suspect
7a1701bd6377755e87ce1db7f2ca5e0b5d529d3182f1a25370a9da76985959d0,2023-04,Bedfordshire Police,Bedfordshire Police,-0.480361,52.125921,On or near Bedford Road,E01017506,Bedford 017B,Unable to prosecute suspect
5eec5d7673ba98c7b46f159cad6f82eabf2698ec072be8526928fb4761d4ea6e,2023-04,Bedfordshire Police,Bedfordshire Police,-0.414871,51.877270,On or near Flowers Way,E01033806,Luton 021G,Unable to prosecute suspect
505af7a2796e4bda41d08f6de6bea04d9f9d6305bd0a545cb2287dffc83e9bee,2023-04,Bedfordshire Police,Bedfordshire Police,-0.423597,51.887386,On or near Studley Road,E01015698,Luton 017A,Investigation complete; no suspect identified
08a21cbcb6cece5fb59a50ef1accb1b00e2ed40c4a9b437a9159114e97da3a1b,2023-04,Bedfordshire Police,Bedfordshire Police,-0.411759,51.897963,On or near Chartwell Drive,E01015693,Luton 007A,Unable to prosecute suspect
d0ca06dcd76cac59f7fd84a9f51b099df95b45203a7f2e602a3fa0b7c2b0eac0,2023-04,Bedfordshire Police,Bedfordshire Police,-0.492103,51.905404,On or near Gelding Close,E01015756,Luton 009A,Unable to prosecute suspect
bc09280ed1a7397aa94b9252995fe683f5a030cec76be0610851e089588b2215,2023-04,Bedfordshire Police,Bedfordshire Police,-0.481423,52.142820,On or near Shakespeare Road,E01017499,Bedford 010C,Unable to prosecute suspect
87ee1a1134304cf18aa9d842329ebb24c57f68a7fc565510df9539bd7ee7a2cc,2023-04,Bedfordshire Police,Bedfordshire Police,-0.426078,51.882932,On or near Petrol Station,E01015729,Luton 019C,Local resolution
918ba773ef83f95a867ba50303e7997bb978d10d61382320ee66532914be46ad,2023-04,Bedfordshire Police,Bedfordshire Police,-0.641287,51.885794,On or near Greenacres,E01033827,Central Bedfordshire 019G,Unable to prosecute suspect
7bea449290f3d62891d4682f0282a191eb4ac20f537ed296157af803b9b07b37,2023-04,Bedfordshire Police,Bedfordshire Police,-0.467864,52.138050,On or near Lime Street,E01034419,Bedford 012H,Unable to prosecute suspect
888961f98f5cbaceeae44e1d48229883408878fcefad4b7f66e352203706ab95,2023-04,Bedfordshire Police,Bedfordshire Police,-0.421921,51.875081,On or near Stanley Walk,E01015735,Luton 020D,Investigation complete; no suspect identified
e09e9670c224557279ecacea1f9b771ad7964819ac0d793045f8208b2f352c74,2023-04,Bedfordshire Police,Bedfordshire Police,-0.415545,51.881244,On or near Guildford Street,E01033805,Luton 023C,Unable to prosecute suspect
7aef280450534351fae3681efa58d9bdf843bd67bc422009c1e2201fb86f9c16,2023-04,Bedfordshire Police,Bedfordshire Police,-0.462742,51.893389,On or near Sandgate Road,E01015712,Luton 011B,Unable to prosecute suspect
dba53834535ce213e3a4f07aee0b43ae3486b63e890999ddf8d4d5fef8d3e796,2023-04,Bedfordshire Police,Bedfordshire Police,-0.474433,51.894144,On or near Hospital,E01015713,Luton 013A,Investigation complete; no suspect identified
43a0bb3cdafa126e334b5d7b861e0846638c7ab6bf9810d72f425392e0fab58f,2023-04,Bedfordshire Police,Bedfordshire Police,-0.331211,52.037046,On or near Ivel Close,E01017438,Central Bedfordshire 011B,Unable to prosecute suspect
4e364e21ba1d1b6cb061842ce14ec41fe7ce6fba2d9793394fbe7109b42aa3bd,2023-04,Bedfordshire Police,Bedfordshire Police,-0.427684,51.874376,On or near Hunts Close,E01015735,Luton 020D,Investigation complete; no suspect identified
aaac81b2f4da70ce276b8e8ae177082c2b737df428ab268a1ef2052bdf5ecb3d,2023-04,Bedfordshire Police,Bedfordshire Police,-0.501473,52.115383,On or near Guilas Close,E01017514,Bedford 018B,Investigation complete; no suspect identified
1fca0abc7a77234d9ef7249303ab68d12f1ab6a287b476e764be567e2ca6394f,2023-04,Bedfordshire Police,Bedfordshire Police,-0.435412,51.898217,On or near St Monicas Avenue,E01015782,Luton 010D,Investigation complete; no suspect identified
12fb60b65ffb1ccf93c377d4ed04cdf7675c4940005c965a88807913d4861149,2023-04,Bedfordshire Police,Bedfordshire Police,-0.430975,52.112470,On or near Horace Close,E01034427,Bedford 021A,Unable to prosecute suspect
21163885f1466adc468c192cbb1578e4bddb56739dba257c345c6a13578b80b1,2023-04,Bedfordshire Police,Bedfordshire Police,-0.465411,52.133738,On or near Duck Mill Lane,E01017522,Bedford 014E,Investigation complete; no suspect identified
1b312439eb3220f5da35a3a20e605b94cf47d6ed1ee4794e646a4eae06e88b98,2023-04,Bedfordshire Police,Bedfordshire Police,-0.430752,51.890134,On or near Althorp Road,E01015704,Luton 010C,Further investigation is not in the public interest
01a290836a3b181f3ebec7dba30454ba09c02df208b73414190d88d09cdceb00,2023-04,Bedfordshire Police,Bedfordshire Police,-0.463547,52.083030,On or near Minnow Way,E01034434,Bedford 022D,Unable to prosecute suspect
d3be0fdd01713c212c97d7850dd288c33704ab5020d8f65bccdc6289375d7565,2023-04,Bedfordshire Police,Bedfordshire Police,-0.534591,51.885368,On or near Hambling Place,E01017596,Central Bedfordshire 028C,Unable to prosecute suspect
99eff9bf4cbb2526aee7eff3af092391e370a3796429cac0426cd9936321e399,2023-04,Bedfordshire Police,Bedfordshire Police,-0.672256,51.916179,On or near Hollies Court,E01017589,Central Bedfordshire 022A,Unable to prosecute suspect
0b12d1c0d7590128e960bb8205b17eab8ff4d044729b63586ec3102eb7e9fd86,2023-04,Bedfordshire Police,Bedfordshire Police,-0.462477,52.168901,On or near Bramley Way,E01033431,Bedford 004F,Unable to prosecute suspect
c2fdc793b54a09e43564673e77921d57440dbb784322353e5ac250e7e020fed1,2023-04,Bedfordshire Police,Bedfordshire Police,-0.472952,52.127299,On or near Endsleigh Road,E01034420,Bedford 015G,Investigation complete; no suspect identified
365c636b6308ea1d99638dc20ae5b6d0d7c1d2c4746d2285f6b07939a091cfad,2023-04,Bedfordshire Police,Bedfordshire Police,-0.411946,51.883606,On or near Burr Street,E01033802,Luton 022D,Investigation complete; no suspect identified
8d6c7a0c2489f32a2cadf7a274b6ed9f74800624bdce2a29f9e04b68e26f09c3,2023-04,Bedfordshire Police,Bedfordshire Police,-0.493262,52.133243,On or near Carlisle Road,E01017537,Bedford 013C,Unable to prosecute suspect
7bc13065c51140a08133ab00cf18eb19a38c589d63f84c8b5323c9ef7c17cb50,2023-04,Bedfordshire Police,Bedfordshire Police,-0.466098,52.135878,On or near Shopping Area,E01034419,Bedford 012H,Unable to prosecute suspect
3320ccdbd9a2eddabee27eee167e2694e9f5b20b4a4b8c114402e230cf037ec1,2023-04,Bedfordshire Police,Bedfordshire Police,-0.298493,52.137985,On or near Georgetown Road,E01017430,Central Bedfordshire 002A,Investigation complete; no suspect identified
daa51f2146d99f04c429f2711689973d0ef1f427c6b124d9da31b8e265d95971,2023-04,Bedfordshire Police,Bedfordshire Police,-0.644866,51.905445,On or near Linnet Way,E01033833,Central Bedfordshire 024M,Action to be taken by another organisation
dbf28c910ecfc833d30bf788b7b01e74c2650a4b4bb534ea039f6133ef30b59f,2023-04,Bedfordshire Police,Bedfordshire Police,-0.427080,51.880032,On or near Brantwood Road,E01015729,Luton 019C,Unable to prosecute suspect
1353cbdae5a503fa81a32f75c64ce13c3660642445eac0e08ebc03c559abe28f,2023-04,Bedfordshire Police,Bedfordshire Police,-0.433256,51.893369,On or near Cavendish Road,E01015701,Luton 010B,Suspect charged
db3ecb6c69a031af7b0654f1f5a45eddda550ca99495a883c5b12dcaa9e63eb8,2023-04,Bedfordshire Police,Bedfordshire Police,-0.414196,51.881991,On or near Station Road,E01033805,Luton 023C,Local resolution
41e4134ff526f42674ef537eae85c469158e4d813d5c39bae5e621fb29d118d7,2023-04,Bedfordshire Police,Bedfordshire Police,-0.618350,51.986950,On or near George Street,E01017451,Central Bedfordshire 009D,Unable to prosecute suspect
5f1416fae0ad28b02fd3987a7cdba8057b0617df8f881f5136e90b642feb5e7c,2023-04,Bedfordshire Police,Bedfordshire Police,-0.602782,52.275130,On or near Lancaster Gardens,E01017503,Bedford 002C,Unable to prosecute suspect
44aab31e2d59da7f7d628ba71ef251f74ab76279cb8a5e754355e0f1a9906a66,2023-04,Bedfordshire Police,Bedfordshire Police,-0.677105,51.910515,On or near Wyngates,E01017591,Central Bedfordshire 022C,Unable to prosecute suspect
cc0cb80519a16ccdd47a2ee1b7bd6db20cb171e68da113de948a84ba4d0d5124,2023-04,Bedfordshire Police,Bedfordshire Police,-0.473226,51.903083,On or near Saltfield Crescent,E01015751,Luton 005B,Investigation complete; no suspect identified
f176b84d8245f0289255e620181242e597186e303839af4af089e963a04f260e,2023-04,Bedfordshire Police,Bedfordshire Police,-0.500113,51.904508,On or near Frogmore Road,E01017580,Central Bedfordshire 026C,Investigation complete; no suspect identified
963564e79b2da7dd93949abd675dcb37656d686084048e975e49ddfb0ca80744,2023-04,Bedfordshire Police,Bedfordshire Police,-0.325505,52.145960,On or near Armistice Croft,E01017423,Central Bedfordshire 004C,Investigation complete; no suspect identified
2114dca5b20b534fd799211cda672e59ca2c54830a7c965167268203aff31b70,2023-04,Bedfordshire Police,Bedfordshire Police,-0.453881,51.917829,On or near Parking Area,E01015771,Luton 003B,Unable to prosecute suspect
a7821fe8d4da998b85c8e0550dd8ae81efb99f143ace23b92f0386c63c29ded1,2023-04,Bedfordshire Police,Bedfordshire Police,-0.422759,52.154907,On or near Parish Close,E01034412,Bedford 004H,Unable to prosecute suspect
31cc0931f87b6d91038a1a5f91cbb1c7264c971fab7cc31a2c3822f156a229cb,2023-04,Bedfordshire Police,Bedfordshire Police,-0.559216,52.247715,On or near Chapel Lane,E01017545,Bedford 001D,Investigation complete; no suspect identified
aed92ab752db9d62630918ea93595f986506d09a8b76866a49df54ba3adcc157,2023-04,Bedfordshire Police,Bedfordshire Police,-0.405147,51.879045,On or near Luton Dunstable Busway,E01015789,Luton 023D,Suspect charged
2ab9dc93ac502ad4a3ede415c654ec2c28a3e29f96a5330bb1fea52737baad10,2023-04,Bedfordshire Police,Bedfordshire Police,-0.476623,52.151156,On or near Manton Lane,E01017499,Bedford 010C,Unable to prosecute suspect
ffad80d3f86bd894124d7ccd128380a668295d1995489be4643128872b125cce,2023-04,Bedfordshire Police,Bedfordshire Police,-0.419294,51.878319,On or near Stuart Street,E01015795,Luton 021F,Investigation complete; no suspect identified
1cd594ec8a53bb5c00668d8db5a38f97cdba3fa588bc5b3d64823ed9a8b0123b,2023-04,Bedfordshire Police,Bedfordshire Police,-0.515843,51.886832,On or near Church Street,E01033837,Central Bedfordshire 029G,Unable to prosecute suspect
524973f63db42bb991a151ca525e162ebd2ff84cad630106f5c8ed6a58ce7f84,2023-04,Bedfordshire Police,Bedfordshire Police,-0.469668,52.140411,On or near Peel Street,E01017502,Bedford 010F,Unable to prosecute suspect
ea3a55ff8643f9ed3ccca0b8a29de8761aaac66aabfcac0793e95ceae97b6099,2023-04,Bedfordshire Police,Bedfordshire Police,-0.449633,52.140851,On or near Abrahams Close,E01017483,Bedford 009B,Unable to prosecute suspect
7c27f79238c3abbf7c25df7d26d4563c6b72f931c7e39ef6c9b5f90029bac7e2,2023-04,Bedfordshire Police,Bedfordshire Police,-0.435319,51.881653,On or near St Peters Road,E01015724,Luton 019A,Suspect charged
70da14cb8e329ca49375020ad639ce5b46bb1388bb17f909c26ec7519d46dae0,2023-04,Bedfordshire Police,Bedfordshire Police,-0.443330,51.886965,On or near Kingsway,E01015724,Luton 019A,Offender given a caution
aed92ab752db9d62630918ea93595f986506d09a8b76866a49df54ba3adcc157,2023-04,Bedfordshire Police,Bedfordshire Police,-0.405147,51.879045,On or near Luton Dunstable Busway,E01015789,Luton 023D,Suspect charged
7bea449290f3d62891d4682f0282a191eb4ac20f537ed296157af803b9b07b37,2023-04,Bedfordshire Police,Bedfordshire Police,-0.467864,52.138050,On or near Lime Street,E01034419,Bedford 012H,Unable to prosecute suspect
6948631a086259983ec88cb5413819a436a582f0ee88474a12f539ef08c416ab,2023-04,Bedfordshire Police,Bedfordshire Police,-0.475106,52.136525,On or near Alexandra Road,E01017466,Bedford 012A,Unable to prosecute suspect
cf4543134a4c0e8f2750881eec16ee6c76b18c2e60837238f24501079226e432,2023-04,Bedfordshire Police,Bedfordshire Police,-0.424500,52.148655,On or near Fieldside,E01017489,Bedford 007B,Unable to prosecute suspect
8dd8a1315298b3849ea7d764edfcc23b221fbe7f2ac4199c831d577a533dfb77,2023-04,Bedfordshire Police,Bedfordshire Police,-0.365304,51.890835,On or near Cutlers Green,E01015810,Luton 014F,Action to be taken by another organisation
fbb29ed4126252ed7753a9d53050d62e291ddab23aa1c04c1590ec9a3c01926f,2023-04,Bedfordshire Police,Bedfordshire Police,-0.469228,52.135343,On or near Horne Lane,E01017466,Bedford 012A,Unable to prosecute suspect
07d0b2eb817adcbbe3a4e567f6bb9d2a55713f2aa3a79d84e1e313fd39255a30,2023-04,Bedfordshire Police,Bedfordshire Police,-0.470869,52.142045,On or near Queen Street,E01017502,Bedford 010F,Unable to prosecute suspect
dc06bd61f2441b7f65078fccfbad7966adadfb5c514ac243d41e7a6b1fd36acf,2023-04,Bedfordshire Police,Bedfordshire Police,-0.471646,52.136858,On or near Saffron Close,E01017466,Bedford 012A,Unable to prosecute suspect
20154d6c537759a4f0016084ab05ef57669b8d717cb25d5b5158a70c2ec2be93,2023-04,Bedfordshire Police,Bedfordshire Police,-0.471477,52.138384,On or near Gwyn Street,E01017471,Bedford 012F,Investigation complete; no suspect identified
dfcb965732fc1c0d399b2760f0ef26872475c87d344ff207bbd0a94593a95f82,2023-04,Bedfordshire Police,Bedfordshire Police,-0.415729,51.884673,On or near Dudley Street,E01033801,Luton 022C,Unable to prosecute suspect
f493abd77f61e0f881f8fff640be9a66d61bfa793dd9e4ecd68adc8191fadc03,2023-04,Bedfordshire Police,Bedfordshire Police,-0.475501,52.135631,On or near Rutland Road,E01017466,Bedford 012A,Suspect charged
a095f700d7d64ed7d07cf6e0f74f9737acc4aea1d42759b5638b626d0612d8ef,2023-04,Bedfordshire Police,Bedfordshire Police,-0.409006,51.891560,On or near Richmond Hill,E01015778,Luton 012E,Unable to prosecute suspect
be5d91fbf3160d1c2fe87a8dcdfd2f8540808087c3d8ddfcec6550f1c41b4ff9,2023-04,Bedfordshire Police,Bedfordshire Police,-0.455466,51.886028,On or near Supermarket,E01015728,Luton 019B,Unable to prosecute suspect
c195a4fcf1349444509b87e3e8651d13a76fb47d7f88b4de399c4e88d8ed2e8a,2023-04,Bedfordshire Police,Bedfordshire Police,-0.459982,52.126366,On or near Petrol Station,E01017522,Bedford 014E,Investigation complete; no suspect identified
db5ebafa5e49225448663813565e0b5fd3f74d1833de3a644084362b1b9bad19,2023-04,Bedfordshire Police,Bedfordshire Police,-0.499846,52.110786,On or near Harter Road,E01017514,Bedford 018B,Unable to prosecute suspect
ba0ee3eab1ca855f503e1bca1ac5827b3e699ffbaf10c977778c17fa8110a64a,2023-04,Bedfordshire Police,Bedfordshire Police,-0.383532,51.884217,On or near Mistletoe Hill,E01015721,Luton 014A,Suspect charged
51a9fb9ef194e66fb8733593546f77482e9e481f7486c8ca1bffc2ca20594587,2023-04,Bedfordshire Police,Bedfordshire Police,-0.224305,52.011844,On or near Teasel Lane,E01017447,Central Bedfordshire 014B,Unable to prosecute suspect
7bc13065c51140a08133ab00cf18eb19a38c589d63f84c8b5323c9ef7c17cb50,2023-04,Bedfordshire Police,Bedfordshire Police,-0.466098,52.135878,On or near Shopping Area,E01034419,Bedford 012H,Unable to prosecute suspect
d6b26cfbba1c67cdcf71de5b0845efe6b3a5e0b207c1f75a1fee286c04196469,2023-04,Bedfordshire Police,Bedfordshire Police,-0.466445,51.914810,On or near Fourth Avenue,E01015804,Luton 002C,Investigation complete; no suspect identified
e76f2e9eb0075b94ee2d420745e159ed42881e62c47e218e2c8ea2817d3bf61b,2023-04,Bedfordshire Police,Bedfordshire Police,-0.467962,51.892881,On or near Parking Area,E01015713,Luton 013A,Suspect charged
2fe0dd17317769040a2f6fa1bb802562700b1a9e13c1727127615722de562a23,2023-04,Bedfordshire Police,Bedfordshire Police,-0.604254,52.199767,On or near Hall Close,E01017504,Bedford 002D,Unable to prosecute suspect
cb668aef955cbf5005f12e01949d1706a0473a79dd3fc323b6998b3f241d26c2,2023-04,Bedfordshire Police,Bedfordshire Police,-0.416134,51.876478,On or near Victoria Street,E01033806,Luton 021G,Unable to prosecute suspect
ed0e53c1aa741f60a0cbe4f3ff65acbb1d78cdde6336c2125ead997d93c22d12,2023-04,Bedfordshire Police,Bedfordshire Police,-0.464895,52.137706,On or near Parking Area,E01034419,Bedford 012H,Unable to prosecute suspect
7c27f79238c3abbf7c25df7d26d4563c6b72f931c7e39ef6c9b5f90029bac7e2,2023-04,Bedfordshire Police,Bedfordshire Police,-0.435319,51.881653,On or near St Peters Road,E01015724,Luton 019A,Suspect charged
1adf4ecfa84048b0f0d98c587dfffe613670b5c66959376cc09b487dd55715cf,2023-04,Bedfordshire Police,Bedfordshire Police,-0.447854,52.119311,On or near Harrowden Lane,E01017518,Bedford 014A,Unable to prosecute suspect
4506abf91740b003b27debdc8f9ad74ef098b1d5f5b83fe96f00ed9db01549c8,2023-04,Bedfordshire Police,Bedfordshire Police,-0.456147,51.921707,On or near Wexham Close,E01015773,Luton 003D,Unable to prosecute suspect
01423351e88ab1c3f21ef4454dbe18241d155b399978b7d4441a86c444540ad8,2023-04,Bedfordshire Police,Bedfordshire Police,-0.521489,51.887470,On or near Shopping Area,E01017568,Central Bedfordshire 029C,Investigation complete; no suspect identified
0ec162048a12e35a4f2bdeeefb5054362f2e64a1f4fe24d7584908db1f477cbf,2023-04,Bedfordshire Police,Bedfordshire Police,-0.551836,52.058855,On or near Manor Road,E01017418,Central Bedfordshire 009C,Unable to prosecute suspect
3fdbb097cb9b79ada4084d9e3b86395b42170f868d2743cc0426708a5bcff453,2023-04,Bedfordshire Police,Bedfordshire Police,-0.463547,52.083030,On or near Minnow Way,E01034434,Bedford 022D,Unable to prosecute suspect
88d56d56eb790a813df2982a4ba8bc20dc4a0747c3f0ac32f65f82a85b3a35b2,2023-04,Bedfordshire Police,Bedfordshire Police,-0.453803,52.125503,On or near Acacia Road,E01017523,Bedford 014F,Unable to prosecute suspect
824dfa86b6f7b1e439d8627ed22b297503b3cf6669f7c18204d364fee8206c40,2023-04,Bedfordshire Police,Bedfordshire Police,-0.413180,51.877031,On or near Park Street West,E01033805,Luton 023C,Investigation complete; no suspect identified
c0c85accf8151323323ce5736665b0438a26c8bcc4a3ea2d05d20b9b30f11c96,2023-04,Bedfordshire Police,Bedfordshire Police,-0.383587,51.905384,On or near Crowland Road,E01015799,Luton 008C,Unable to prosecute suspect
08f84dbdf04ba75ac1b1089e54385665cf0ec3b769c028533fcab90f23d77cae,2023-04,Bedfordshire Police,Bedfordshire Police,-0.496679,52.006023,On or near A5120,E01017401,Central Bedfordshire 015C,Unable to prosecute suspect
8b1e99b704f315d06d4e7891cf81a334a0cc6bc0223d3a97ccd5feff5d0f11bc,2023-04,Bedfordshire Police,Bedfordshire Police,-0.433299,51.882085,On or near Granville Road,E01015730,Luton 019D,Formal action is not in the public interest
45966d677813e3f157dbafcfbb429fb7be79dc8b80ab950cb6da0693cc38e732,2023-04,Bedfordshire Police,Bedfordshire Police,-0.421934,51.875953,On or near Stanley Street,E01015735,Luton 020D,Unable to prosecute suspect
0dd16289dae8ad1d35e8782227e0ea8a1ae43317c7fbeafb5495f35e2b95d188,2023-04,Bedfordshire Police,Bedfordshire Police,-0.522810,51.906566,On or near Vicarage Road,E01017579,Central Bedfordshire 026B,Unable to prosecute suspect
a55e0c19f2f077e6022f67b6e763286457a2d4e1971c9098d80379b58d4f9aa1,2023-04,Bedfordshire Police,Bedfordshire Police,-0.414165,51.879571,On or near Parking Area,E01033805,Luton 023C,Investigation complete; no suspect identified
e6bfaead0fae34f31dadab5e8812c9e6fdee362793b9045adf565d9100b9086d,2023-04,Bedfordshire Police,Bedfordshire Police,-0.389327,51.894052,On or near Littlefield Road,E01015807,Luton 016G,Investigation complete; no suspect identified
0c1511bc712ac5efeac629a7b1c508bc20a8facc8b2b167da19535311d37832f,2023-04,Bedfordshire Police,Bedfordshire Police,-0.543538,52.069138,On or near Cook Close,E01033823,Central Bedfordshire 009J,Unable to prosecute suspect
d2824f9f2483933df09185b33c090b5a5b9f4a40cfde8d43df0da96a26c07646,2023-04,Bedfordshire Police,Bedfordshire Police,-0.386132,51.884648,On or near Polzeath Close,E01015722,Luton 014B,Investigation complete; no suspect identified
5d3add25c6962f03aab58cbec7b150dffd63d71f8cfab655b89300b89a0d45a6,2023-04,Bedfordshire Police,Bedfordshire Police,-0.421921,51.875081,On or near Stanley Walk,E01015735,Luton 020D,Investigation complete; no suspect identified
2d69a4bca32b03a65e27fb8a225aa8975968cfb84e28a764ad8e80b10e182d17,2023-04,Bedfordshire Police,Bedfordshire Police,-0.520305,51.908909,On or near Meadow Lane,E01017618,Central Bedfordshire 025D,Unable to prosecute suspect
5f8bc1e99bb968daeaf0d683be4eb4b7faad7c43f6d516ea274896db6280e7ac,2023-04,Bedfordshire Police,Bedfordshire Police,-0.461716,52.089570,On or near Wagtail Gardens,E01034434,Bedford 022D,Unable to prosecute suspect
f23f8a3952038be33140ef2751fcaec30d718359d94ca62e4e136208f9e3082b,2023-04,Bedfordshire Police,Bedfordshire Police,-0.463547,52.083030,On or near Minnow Way,E01034434,Bedford 022D,Unable to prosecute suspect
d4a5ce9115365621b3bbb8fd9c6426b04daabbd3283201930be59652d96c6148,2023-04,Bedfordshire Police,Bedfordshire Police,-0.417059,51.881571,On or near Bridge Street,E01033803,Luton 023A,Unable to prosecute suspect
e6dda53d505af62cdf59626795307c5c733065d38e71bed85b8703d1efc18924,2023-04,Bedfordshire Police,Bedfordshire Police,-0.429366,52.012338,On or near The Grove,E01033825,Central Bedfordshire 017G,Unable to prosecute suspect
f68ccff4c6808575780e42fc791002079d2ced76c87972ee80846fba6c3fb358,2023-04,Bedfordshire Police,Bedfordshire Police,-0.436828,51.898874,On or near Bishopscote Road,E01015786,Luton 010F,Unable to prosecute suspect
fa57b6252fad129b2b5601149d73e14fdfc092cf62061c5d810ed3c28074a7b1,2023-04,Bedfordshire Police,Bedfordshire Police,-0.506392,51.876049,On or near London Road,E01017624,Central Bedfordshire 031B,Investigation complete; no suspect identified
7bc13065c51140a08133ab00cf18eb19a38c589d63f84c8b5323c9ef7c17cb50,2023-04,Bedfordshire Police,Bedfordshire Police,-0.466098,52.135878,On or near Shopping Area,E01034419,Bedford 012H,Unable to prosecute suspect
a8341a53dc5bde450747aa4159004cd5b38a50adee2b49d6d2b43aca47ba22bd,2023-04,Bedfordshire Police,Bedfordshire Police,-0.418312,51.878998,On or near Peel Street,E01033803,Luton 023A,Unable to prosecute suspect
91282a6b7779b24aa4bd473f9743fa0dacdd42848047b58f127e3c34d1ac0c43,2023-04,Bedfordshire Police,Bedfordshire Police,-0.400304,51.889418,On or near Elmore Road,E01015780,Luton 016E,Unable to prosecute suspect
776670d78a459999970fc1b6a0593a402887bc2c6cd8d2faa9ef2f114a30d5e6,2023-04,Bedfordshire Police,Bedfordshire Police,-0.421921,51.875081,On or near Stanley Walk,E01015735,Luton 020D,Investigation complete; no suspect identified
37207fe371a6db360f315c7425771167157b0b8dd1e08211e02fc95a94a5a6b9,2023-04,Bedfordshire Police,Bedfordshire Police,-0.428440,51.892261,On or near Argyll Avenue,E01015702,Luton 017C,Unable to prosecute suspect
c2b908b0b398858911aee409aa6fb2fd6bed9338c1ea9949e15a56514ed23387,2023-04,Bedfordshire Police,Bedfordshire Police,-0.519395,51.910498,On or near Ash Tree Road,E01017618,Central Bedfordshire 025D,Unable to prosecute suspect
a44dd872bd7cdcd50560a131cca922455055250e23931185604246ffbd936cac,2023-04,Bedfordshire Police,Bedfordshire Police,-0.510267,51.912631,On or near Sundon Road,E01017619,Central Bedfordshire 025E,Unable to prosecute suspect
19b4d05cb944bc148f7f68a3cc835d4bcb94b4d8f7ed8829ef484fa41891b3d4,2023-04,Bedfordshire Police,Bedfordshire Police,-0.427409,51.925112,On or near Turnpike Drive,E01015707,Luton 001B,Investigation complete; no suspect identified
