Crime ID,Month,Reported by,Falls within,Longitude,Latitude,Location,LSOA code,LSOA name,Outcome type
6cb2a4f68aeac5f9118eb1abe3d7007339f7a7e85d8829fa8fe750e61b8cbf69,2024-11,Gloucestershire Constabulary,Gloucestershire Constabulary,,,No location,,,Suspect charged
3e64cd04013fb41f7a8ba2184d319e5f40d269f9c5bd749490e5bdd3492942c3,2024-11,Gloucestershire Constabulary,Gloucestershire Constabulary,,,No location,,,Investigation complete; no suspect identified
da3fc0b9855ffe3b201692cf952e1137ac291eedbfb288f69c5f1fe2629b495e,2024-11,Gloucestershire Constabulary,Gloucestershire Constabulary,,,No location,,,Unable to prosecute suspect
a3e6ad1ca5e1c634a25b9c60d801f8ee934bd633b9e00a325c7105877c33a7de,2024-11,Gloucestershire Constabulary,Gloucestershire Constabulary,,,No location,,,Action to be taken by another organisation
a066bda09ea4a626800a6f230522965dc46aa2258278a7d5904361303a9d76f0,2024-11,Gloucestershire Constabulary,Gloucestershire Constabulary,,,No location,,,Unable to prosecute suspect
154ac5f97d7a1e431e891b1328f22b34cf01dcbfdd78c476c10f17e0463eb098,2024-11,Gloucestershire Constabulary,Gloucestershire Constabulary,,,No location,,,Investigation complete; no suspect identified
f35364af224ea20fc63ec7d6c1e0b0f0f6e28e7e19dd861fb2ab08586f61a104,2024-11,Gloucestershire Constabulary,Gloucestershire Constabulary,-2.349199,51.639028,On or near Culverhay,E01022417,Stroud 015D,Investigation complete; no suspect identified
ed79275ac320d9d8bfd58d78eb9bb91d8bcf76f0009e322f847b82c311e4634c,2024-11,Gloucestershire Constabulary,Gloucestershire Constabulary,-2.217670,51.840072,On or near Rectory Road,E01022324,Gloucester 011E,Unable to prosecute suspect
6b48c74aa7e0ee408964c71ef8c4c83ecc8080f6b034203969a50d955d1f7b72,2024-11,Gloucestershire Constabulary,Gloucestershire Constabulary,,,No location,,,Unable to prosecute suspect
3b9ff4f3d64751125e3bb753bdf535fb4531b92a988f31ddbadc871f881c313c,2024-11,Gloucestershire Constabulary,Gloucestershire Constabulary,,,No location,,,Formal action is not in the public interest
dd96a5480450a891101b117ee06fec76ede71705fd295fcd715d4d36284f0c86,2024-11,Gloucestershire Constabulary,Gloucestershire Constabulary,,,No location,,,Unable to prosecute suspect
df3fdc86bb49aa8b726c0475c0e56d73b0c142c167e989302c77275987cd52e1,2024-11,Gloucestershire Constabulary,Gloucestershire Constabulary,-2.124149,51.901877,On or near Kempton Grove,E01022123,Cheltenham 010D,Unable to prosecute suspect
8d904a7d2887d4e33877e112e350d367b6744d63642dbaeca36e493430c7aa03,2024-11,Gloucestershire Constabulary,Gloucestershire Constabulary,-2.237484,51.843324,On or near Finlay Place,E01022343,Gloucester 012A,Unable to prosecute suspect
f00c2338ecb710f011ddeb0b5e22b2fc157b6716b9c6c10db0076c0fadb03534,2024-11,Gloucestershire Constabulary,Gloucestershire Constabulary,,,No location,,,Unable to prosecute suspect
bb24c11f812c7018fa77e1f664a2ad3faa75910863232c4e4ec0a0df18572577,2024-11,Gloucestershire Constabulary,Gloucestershire Constabulary,-2.404502,51.946992,On or near The Scarr,E01022267,Forest of Dean 002C,Unable to prosecute suspect
5ba4cb862c3308db4d5e3c461186e992452885d7d86564e33287389a25353713,2024-11,Gloucestershire Constabulary,Gloucestershire Constabulary,,,No location,,,Unable to prosecute suspect
d2d07e7c136794cc8007c1be6a617ffe3c158f4c314eb73ff930098c0332675a,2024-11,Gloucestershire Constabulary,Gloucestershire Constabulary,,,No location,,,Unable to prosecute suspect
bafed53a4fc5d0eef2cecf59a6fd485d589c36a13cb941a24019e7b9634f5ebc,2024-11,Gloucestershire Constabulary,Gloucestershire Constabulary,-2.248860,51.853083,On or near Bloomfield Road,E01022328,Gloucester 008D,Investigation complete; no suspect identified
a93ac6a56d36e3dc1ddb4612328a4f5f3cc1165ff0a4c7f86a7d7b7df082b17c,2024-11,Gloucestershire Constabulary,Gloucestershire Constabulary,,,No location,,,Unable to prosecute suspect
e9a0d76b17b529ec459f16cf90bda8596e4366d2684516f6e0247a496a567dc7,2024-11,Gloucestershire Constabulary,Gloucestershire Constabulary,,,No location,,,Unable to prosecute suspect
fa2c6098fa74e46e6e2f6a7f8fa2962a0b764ba5ae61cfbc00f720499319dd1b,2024-11,Gloucestershire Constabulary,Gloucestershire Constabulary,,,No location,,,Local resolution
9dbd1e857fbf2ac2065d11463b85eb4c40c53a8c2e45b8f7b6caea7625f98102,2024-11,Gloucestershire Constabulary,Gloucestershire Constabulary,-2.282603,51.751264,On or near Greenstreet,E01022403,Stroud 005D,Investigation complete; no suspect identified
01e216c448e2bddf8adc281afb5c9576c4414f3c79d10114f9feb72c5f727137,2024-11,Gloucestershire Constabulary,Gloucestershire Constabulary,,,No location,,,Unable to prosecute suspect
8a32588c5e4e7e2fe066c2b6b4aec93fbdf179fff21b83284aa0f0789a282f25,2024-11,Gloucestershire Constabulary,Gloucestershire Constabulary,-2.216098,51.745291,On or near High Street,E01034804,Stroud 006G,Investigation complete; no suspect identified
ec34e8b5d7e2e3687a5ea58151c3bf6f575247c0c8cd60956b09039e6a861589,2024-11,Gloucestershire Constabulary,Gloucestershire Constabulary,-2.472206,51.714762,On or near New Street,E01022351,Stroud 012A,Unable to prosecute suspect
69518e1764e3b4f64e649d6ee91cb209adf22b8f4c068fbdeb51e78e45110560,2024-11,Gloucestershire Constabulary,Gloucestershire Constabulary,-2.232602,51.856281,On or near Upton Street,E01022288,Gloucester 005A,Investigation complete; no suspect identified
96c0f13a444c1f83b03e4229d363f18dbdde567a8177ace76123cd6ffb343eeb,2024-11,Gloucestershire Constabulary,Gloucestershire Constabulary,-2.227569,51.742357,On or near A46,E01022394,Stroud 007B,Unable to prosecute suspect
22e964be10babee4b92fa20375c3649f474b147c79e13e34089efd9202a51628,2024-11,Gloucestershire Constabulary,Gloucestershire Constabulary,-2.108545,51.898125,On or near Milton Road,E01022148,Cheltenham 007A,Suspect charged
b92c335438f7373b9d01efaa31e1ad4cc3d178e1bfcfc46e14142c95cf79ba23,2024-11,Gloucestershire Constabulary,Gloucestershire Constabulary,-2.076929,51.902645,On or near Shopping Area,E01022153,Cheltenham 004D,Investigation complete; no suspect identified
27560fb437777b35410a61e9c5d3553f2ca8a3a3df7dbe203dbdc79be71decee,2024-11,Gloucestershire Constabulary,Gloucestershire Constabulary,,,No location,,,Unable to prosecute suspect
c700c0b466aaeabc914d36dca3e4877764ea8be7e239aa251eed35fd36041fe3,2024-11,Gloucestershire Constabulary,Gloucestershire Constabulary,,,No location,,,Investigation complete; no suspect identified
c1870bb701428ac9322a04842f730766e6490fe2ba88b5bb117dd9d3617b1554,2024-11,Gloucestershire Constabulary,Gloucestershire Constabulary,-2.072255,51.897604,On or near Nightclub,E01022116,Cheltenham 009A,Local resolution
59d398320c554f200ab8ef723cb2faab09c3cac68db2c06ce224b7fd10776e89,2024-11,Gloucestershire Constabulary,Gloucestershire Constabulary,,,No location,,,Investigation complete; no suspect identified
f631a5f823afdefa3631079fb670072fc84fd6ec8b74e46a6aff3e68790404f8,2024-11,Gloucestershire Constabulary,Gloucestershire Constabulary,-2.057441,51.950551,On or near Foster Close,E01034813,Tewkesbury 011A,Unable to prosecute suspect
f3151e4180dcca2589a9da40717e1a82a4ff31f5e9be6fa9175424c6e6aa68cf,2024-11,Gloucestershire Constabulary,Gloucestershire Constabulary,,,No location,,,Suspect charged
e25568b80d53975c30976d1e6dceefb92c8a7b177d768992d06544e7436627c5,2024-11,Gloucestershire Constabulary,Gloucestershire Constabulary,,,No location,,,Unable to prosecute suspect
d46545d975bcb753250654b1893731e02290995dbef0df6d0ff1668c838c6625,2024-11,Gloucestershire Constabulary,Gloucestershire Constabulary,,,No location,,,Unable to prosecute suspect
1d33a46bb8068dc3daa1214af844ca803bb17ec5fa1b8d89d7f352a99351acb6,2024-11,Gloucestershire Constabulary,Gloucestershire Constabulary,-2.218084,51.745603,On or near King Street,E01034804,Stroud 006G,Unable to prosecute suspect
a0c130a8b15dd3919a2650eb825086d1c25a3f914606ce539708dd5a584f9e46,2024-11,Gloucestershire Constabulary,Gloucestershire Constabulary,,,No location,,,Investigation complete; no suspect identified
41bc3e23d8dd6cf6f16afd2507df0cb0ff6bbdf7eea923e6b251e4e4277f001e,2024-11,Gloucestershire Constabulary,Gloucestershire Constabulary,,,No location,,,Suspect charged
08d3fd2d46b934e0949b7c748da96b9396251d819cbe08374a60c4d2020c8183,2024-11,Gloucestershire Constabulary,Gloucestershire Constabulary,-2.129763,51.891862,On or near Hospital,E01022108,Cheltenham 010C,Investigation complete; no suspect identified
5dd9962a1de4f92f0fd0b22089cd1b4d0ad90f25867c66bd543afad135c136d8,2024-11,Gloucestershire Constabulary,Gloucestershire Constabulary,-2.229498,51.845588,On or near Kingsley Road,E01022323,Gloucester 008C,Unable to prosecute suspect
dd257d6d659f653939959804fffc39f70e63e50be4678d58e1ce86c2892b750b,2024-11,Gloucestershire Constabulary,Gloucestershire Constabulary,-2.436519,51.904566,On or near Southall Terrace,E01022271,Forest of Dean 001E,Unable to prosecute suspect
e8930bdf335485d6a64265098bdbe9f1e159f8ce60082e230ef8feb612c3e898,2024-11,Gloucestershire Constabulary,Gloucestershire Constabulary,-2.243432,51.856043,On or near Farm Street,E01022293,Gloucester 008A,Unable to prosecute suspect
948c9db00a25c8bee0a0b53165df2524d438c90865e685deb338e88911fc05cb,2024-11,Gloucestershire Constabulary,Gloucestershire Constabulary,-2.272363,51.816438,On or near Naas Lane,E01034797,Gloucester 015K,Unable to prosecute suspect
2fcfa98f480c5ca5d8d77bf97ff740ff6943c1cac595c25f8ee9addf8b8a0eb3,2024-11,Gloucestershire Constabulary,Gloucestershire Constabulary,-2.222969,51.857954,On or near Eastville Close,E01022284,Gloucester 007D,Unable to prosecute suspect
4ab5a319a49b7c94badfaa3d8c2d7bf558d8005dd311cde251bf158f7ba54ee1,2024-11,Gloucestershire Constabulary,Gloucestershire Constabulary,-2.101773,51.911321,On or near Providence Park,E01022157,Cheltenham 005D,Investigation complete; no suspect identified
ef35a18c5ce817e665171f781676d7a006509840ee1770f66e49a5fc7c85d1ae,2024-11,Gloucestershire Constabulary,Gloucestershire Constabulary,-2.242522,51.851505,On or near Sydenham Terrace,E01022327,Gloucester 009B,Unable to prosecute suspect
91b855a9d1a171788e07d8f5b3cbad9262b87f3bab965c307fce0b717f594745,2024-11,Gloucestershire Constabulary,Gloucestershire Constabulary,-2.571260,51.746169,On or near Green Acre,E01022231,Forest of Dean 008A,Suspect charged
7feab52a3c2e75978015b6b0548ec935e617f2b53d25aea54d79fbdd64df4d64,2024-11,Gloucestershire Constabulary,Gloucestershire Constabulary,,,No location,,,Suspect charged
0d30980517915b1c1807030fcf71a780036a4d40ddd49327fcacf0a22cf6e4ff,2024-11,Gloucestershire Constabulary,Gloucestershire Constabulary,-2.279279,51.752522,On or near Woodcock Close,E01022402,Stroud 005C,Unable to prosecute suspect
5b0e50905da79af0f18e2cc287ddac8225424af60b95f50d0bdaa383b6707d29,2024-11,Gloucestershire Constabulary,Gloucestershire Constabulary,-2.526779,51.728817,On or near Meadow Rise,E01022256,Forest of Dean 009E,Unable to prosecute suspect
91ab4a8a9d3d72942a57874ccaf2ef77edd134b5f0efaf8c5da0bcefb25794fa,2024-11,Gloucestershire Constabulary,Gloucestershire Constabulary,-2.135984,51.994496,On or near Churchill Grove,E01022455,Tewkesbury 001E,Unable to prosecute suspect
ecddcc930ea621a6e664667e42062107dee558244443a8897ef16fdd9fe1750e,2024-11,Gloucestershire Constabulary,Gloucestershire Constabulary,-2.230369,51.749041,On or near Jack Russell Close,E01034803,Stroud 006F,Unable to prosecute suspect
16e12b31cd6379f29241e26cd301d24d07fbcbdcd1df039f5548c9aa0f0b24ab,2024-11,Gloucestershire Constabulary,Gloucestershire Constabulary,,,No location,,,Unable to prosecute suspect
4aa803ff1be252b872b3b27d4a1254957ecb1c32eb87abd1f3582a21543f22ae,2024-11,Gloucestershire Constabulary,Gloucestershire Constabulary,-2.231895,51.854367,On or near Vicarage Road,E01022288,Gloucester 005A,Unable to prosecute suspect
a44a966eaf22c5507629fa2b373231c4c099f1c2f4c7c238e034d33e129adeac,2024-11,Gloucestershire Constabulary,Gloucestershire Constabulary,-2.193740,51.844492,On or near Snead Park,E01022281,Gloucester 010D,Unable to prosecute suspect
11c9166aabb2b7a390cbb864bd8920e6ed7dbc20b35bfac6f0c6b23fd7ff22b5,2024-11,Gloucestershire Constabulary,Gloucestershire Constabulary,-2.143955,51.981944,On or near Cypress Road,E01032939,Tewkesbury 001G,Unable to prosecute suspect
0b561123ca8d3f46809de5fddebfb4e574dfbf3e3fd389f9ac66bb9fb3cd2372,2024-11,Gloucestershire Constabulary,Gloucestershire Constabulary,-2.356713,51.684142,On or near Sports/Recreation Area,E01022372,Stroud 014A,Suspect charged
fb92b5c915b85f7c1e9a886694433dba69c19cbccef6a43d32b18d7394e623f5,2024-11,Gloucestershire Constabulary,Gloucestershire Constabulary,-2.234731,51.860979,On or near Raglan Street,E01022289,Gloucester 005B,Formal action is not in the public interest
cdd5ed5478c0d315f36e45a290b0b0881b45b7d0f3bdd11bfe28d438fdc57ae1,2024-11,Gloucestershire Constabulary,Gloucestershire Constabulary,-2.224479,51.843422,On or near Badminton Road,E01022322,Gloucester 011D,Unable to prosecute suspect
746724282f963280e0a0c6f67e3da5ff085a7108195beab10dfcb54dbc8c3ca7,2024-11,Gloucestershire Constabulary,Gloucestershire Constabulary,-2.086998,51.916134,On or near Supermarket,E01022163,Cheltenham 001A,Unable to prosecute suspect
f61244db25b7d613c626a317d9ebd13c8f363b014af93a9521759fa2042071a2,2024-11,Gloucestershire Constabulary,Gloucestershire Constabulary,-2.241142,51.862270,On or near Theatre/Concert Hall,E01034793,Gloucester 004I,Unable to prosecute suspect
f7d75c3f141bbe53d389e5724909e333f956a729b306bee6e5e71e31f1b1f045,2024-11,Gloucestershire Constabulary,Gloucestershire Constabulary,-2.111359,51.907769,On or near Montreal Drive,E01022120,Cheltenham 005A,Unable to prosecute suspect
0e414672ff1b4ecdf0577de4e8847af2385a86e024dd27c56c785150718c3f6c,2024-11,Gloucestershire Constabulary,Gloucestershire Constabulary,-2.110252,51.906997,On or near Hawthorn Road,E01022121,Cheltenham 005B,Unable to prosecute suspect
bbaffdf1b3f06800524d4c86598698e55dbddb1953cdc7d903d661a422225f7a,2024-11,Gloucestershire Constabulary,Gloucestershire Constabulary,-2.022295,51.942335,On or near Park/Open Space,E01022434,Tewkesbury 004A,Unable to prosecute suspect
d38ee038cc614876f5a33eb1eb45ef6ec6e911aaf7051f044742528b78522b1b,2024-11,Gloucestershire Constabulary,Gloucestershire Constabulary,-2.263831,51.816169,On or near Silverstone Walk,E01034798,Gloucester 015L,Investigation complete; no suspect identified
90750649214e93ba74d39690343addd65fc63fd4e92c8da603a4f3ddc4d4f3d4,2024-11,Gloucestershire Constabulary,Gloucestershire Constabulary,-1.721826,51.697718,On or near Sports/Recreation Area,E01022208,Cotswold 009D,Unable to prosecute suspect
b6c34421e3f626372580128c5c2745e1b2c7c47547a7fbd21a187a81969efccb,2024-11,Gloucestershire Constabulary,Gloucestershire Constabulary,-2.208054,51.737780,On or near Eagle Mill Close,E01022410,Stroud 006C,Suspect charged
0c9cf843770076cad776250b5bf5d415d3d32d405a78a6492e3ee55381bcf67b,2024-11,Gloucestershire Constabulary,Gloucestershire Constabulary,-2.347392,51.631471,On or near Bearlands,E01022417,Stroud 015D,Unable to prosecute suspect
91d292a5f1a47f9bbe6c67048a06d7436111a55c9d4abb79061f93f61aabfcda,2024-11,Gloucestershire Constabulary,Gloucestershire Constabulary,-2.272363,51.816438,On or near Naas Lane,E01034797,Gloucester 015K,Suspect charged
403b1c140a5423b93bc7f662be22ca2a040c55ce85260eea3f9de3bafd80fff2,2024-11,Gloucestershire Constabulary,Gloucestershire Constabulary,-2.117699,52.008289,On or near Willis Walk,E01022451,Tewkesbury 001C,Unable to prosecute suspect
7effe3cddd6790b1f27078a5846db0fbfd71a766052d9604dcd4889a422addb2,2024-11,Gloucestershire Constabulary,Gloucestershire Constabulary,-2.242873,51.868245,On or near Shopping Area,E01032937,Gloucester 004F,Unable to prosecute suspect
22ab0dbb3fa92269c96c32a7c8ee3212bed72686f04913c5e7a55735140692fb,2024-11,Gloucestershire Constabulary,Gloucestershire Constabulary,-2.080469,51.899244,On or near Royal Well Lane,E01022127,Cheltenham 009G,Suspect charged
a989c243a30b5950214f1ce0b8549936e82096988abd7d08cb184bccd95eaf8a,2024-11,Gloucestershire Constabulary,Gloucestershire Constabulary,-2.080469,51.899244,On or near Royal Well Lane,E01022127,Cheltenham 009G,Unable to prosecute suspect
4d37c0144219dbf485b180dbc7eac7a3b3b29dc5acc4c443f3170b834ca77e45,2024-11,Gloucestershire Constabulary,Gloucestershire Constabulary,-2.157028,51.993993,On or near A38,E01022459,Tewkesbury 002D,Unable to prosecute suspect
c90e40a16749659c363873f2f327192420ab31c792caae76a7a6b563c98ddc48,2024-11,Gloucestershire Constabulary,Gloucestershire Constabulary,-2.350233,51.941295,On or near Forge Lane,E01022247,Forest of Dean 001C,Investigation complete; no suspect identified
b8d5109b89daf5eff355c911c777e8b2f324d633f88d146866b8e5a0a6f5b22a,2024-11,Gloucestershire Constabulary,Gloucestershire Constabulary,-2.197740,51.889458,On or near Roberts Road,E01022447,Tewkesbury 007H,Unable to prosecute suspect
f744e55eabcad06ff35e24d0fce5b59735610475e5cbd326ca0947252891526a,2024-11,Gloucestershire Constabulary,Gloucestershire Constabulary,-2.219371,51.694360,On or near Supermarket,E01022386,Stroud 013B,Unable to prosecute suspect
665e956b1f56e8dfe1ab0ee3dcf0aa28408990f8b5408f7929b2eb72ea9ef533,2024-11,Gloucestershire Constabulary,Gloucestershire Constabulary,,,No location,,,Unable to prosecute suspect
72a22ee73a05954227c1ec499106ef41aad3ff502c7b7ce24ae11a3a898e9470,2024-11,Gloucestershire Constabulary,Gloucestershire Constabulary,-1.775732,51.712211,On or near Sports/Recreation Area,E01022203,Cotswold 009B,Further action is not in the public interest
0d94cf39a35a299dbfa78fc08ae2fca51189293326fae52eb2fc0e9a3b6845ae,2024-11,Gloucestershire Constabulary,Gloucestershire Constabulary,-2.229433,51.858526,On or near Birchmore Road,E01022290,Gloucester 005C,Unable to prosecute suspect
79f7a7359c0cd1dfd056c7fcea0195ed893e28a3c896fc385f6f392d70970fd8,2024-11,Gloucestershire Constabulary,Gloucestershire Constabulary,-2.254418,51.855076,On or near Price Street,E01022332,Gloucester 004A,Unable to prosecute suspect
59e31c32a57201da04101d8116884725b9d9a61a63f6c0862108c5bd06f1dfd1,2024-11,Gloucestershire Constabulary,Gloucestershire Constabulary,-2.153426,51.996875,On or near Jeynes Row,E01022460,Tewkesbury 002E,Unable to prosecute suspect
b7bb122587cac190828c703b126062fc62a581f8b682ed5c6c5a1ad92f623a69,2024-11,Gloucestershire Constabulary,Gloucestershire Constabulary,-2.277381,51.837501,On or near Sims Lane,E01022339,Gloucester 014A,Suspect charged
3c26d7bd58c9d60d2824a78bfe16cf31ec6d439c883e0477671040ca09f92010,2024-11,Gloucestershire Constabulary,Gloucestershire Constabulary,-2.289828,51.744000,On or near Barlow Close,E01022400,Stroud 005A,Suspect charged
51f5a076000207065496f0eaa89d9dd9f817172b32099ad9f97bbb732f932162,2024-11,Gloucestershire Constabulary,Gloucestershire Constabulary,-2.228080,51.866504,On or near Mayhill Way,E01022312,Gloucester 002D,Unable to prosecute suspect
61792f0876e26e215ac436b44e3e25093475259092b9b357fe259577656ae801,2024-11,Gloucestershire Constabulary,Gloucestershire Constabulary,-2.075697,51.904993,On or near Dunalley Street,E01022153,Cheltenham 004D,Unable to prosecute suspect
830ae97f20f06c9e3fad9dd268430bc50224791c0c15269dc16933ae1c9d3d7a,2024-11,Gloucestershire Constabulary,Gloucestershire Constabulary,-2.161460,51.853478,On or near Saxon Drive,E01022423,Tewkesbury 009C,Unable to prosecute suspect
d14357f73148f3c3fd5db0c06a521c71e7b2af86caab513b7f981613f77978a9,2024-11,Gloucestershire Constabulary,Gloucestershire Constabulary,-2.193740,51.844492,On or near Snead Park,E01022281,Gloucester 010D,Unable to prosecute suspect
dcd5993cfa6da60c45572d2b2662ad6f81905cc771ddacd44250479ba6ad2b25,2024-11,Gloucestershire Constabulary,Gloucestershire Constabulary,-2.217194,51.747294,On or near Bus/Coach Station,E01034804,Stroud 006G,Suspect charged
622153cf662233dba505fb30965068b69bf5782f39ad7c51a61d926a3643b25c,2024-11,Gloucestershire Constabulary,Gloucestershire Constabulary,-2.241898,51.865118,On or near Bus/Coach Station,E01032937,Gloucester 004F,Suspect charged
c549a5102ab7c60bfe9d03edeedc5306a50343e7d6ae8825bdd234bb1205008b,2024-11,Gloucestershire Constabulary,Gloucestershire Constabulary,-2.262640,51.835817,On or near Emerald Close,E01022301,Gloucester 013C,Unable to prosecute suspect
7e1288c80722041e3f8834ad44af2d252b861610492b6b3a4672350fca4f984b,2024-11,Gloucestershire Constabulary,Gloucestershire Constabulary,-2.209126,51.859949,On or near Barnwood Avenue,E01022285,Gloucester 007E,Formal action is not in the public interest
22f0131b63f910651c08de194790a2831b4d86073ec36e8fefe9cbdca2141bfd,2024-11,Gloucestershire Constabulary,Gloucestershire Constabulary,-2.106400,51.912899,On or near Newdawn Place,E01022159,Cheltenham 005E,Unable to prosecute suspect
f4c377b1931f73e2dc64a9c8adca585ddd80a416001666dc7b47e525bf388637,2024-11,Gloucestershire Constabulary,Gloucestershire Constabulary,-2.068000,51.899945,On or near Tom Price Close,E01022102,Cheltenham 008C,Unable to prosecute suspect
7d5a2138e5085bb7608255bbb9ea3106e354e66d421bca8feb6a62c9421caee9,2024-11,Gloucestershire Constabulary,Gloucestershire Constabulary,-2.207529,51.853685,On or near Harleys Field,E01022282,Gloucester 007C,Unable to prosecute suspect
54f0934638877b81663646ffeffe1a0429fc2a3b7524cdcc7388ea8455d1975c,2024-11,Gloucestershire Constabulary,Gloucestershire Constabulary,-2.106435,51.915587,On or near Waldrist Close,E01022160,Cheltenham 003B,Unable to prosecute suspect
7fa17300c15730f1955352a4e34b1ff6a0ced4306146d484c700872e4e5cd225,2024-11,Gloucestershire Constabulary,Gloucestershire Constabulary,-2.050613,51.882358,On or near Church Street,E01022110,Cheltenham 012E,Unable to prosecute suspect
0c636d717f85a5a1749e0ced99fd5565f24d02345b89b868f036652d4faf6050,2024-11,Gloucestershire Constabulary,Gloucestershire Constabulary,-2.262640,51.835817,On or near Emerald Close,E01022301,Gloucester 013C,Unable to prosecute suspect
1d5c6dd2566406bff800c5ffdecd929d516795f2c2090aa7c81dbf5b165d7fa7,2024-11,Gloucestershire Constabulary,Gloucestershire Constabulary,-2.364531,51.648071,On or near Parking Area,E01022415,Stroud 015B,Unable to prosecute suspect
7152bc7ab9d1744695118d77b5db73f8f597fa8c2134128e90b11b65b21b566b,2024-11,Gloucestershire Constabulary,Gloucestershire Constabulary,-2.526779,51.728817,On or near Meadow Rise,E01022256,Forest of Dean 009E,Unable to prosecute suspect
0c94d3a77f7c1f04c2f5c5260e4a44a12ec5b44627677b03b16e542a0e4cf323,2024-11,Gloucestershire Constabulary,Gloucestershire Constabulary,-2.050303,51.943118,On or near Cowslip Meadow,E01022433,Tewkesbury 011C,Unable to prosecute suspect
c9fb096b222d3f9795dd5fd5aab26966dfd8211420f8a754670e146595ed819d,2024-11,Gloucestershire Constabulary,Gloucestershire Constabulary,-2.271814,51.828963,On or near Watermint Drive,E01022341,Gloucester 014C,Unable to prosecute suspect
0d55317309c30534c451579b5f88a47f1e55c93cea767272e1e60f9b6c4645f2,2024-11,Gloucestershire Constabulary,Gloucestershire Constabulary,-2.084405,51.905688,On or near White Hart Street,E01022151,Cheltenham 004B,Suspect charged
fbf0785f34b77b1f77dbeeaa6609f29b2bd38589043e27d7feb34a11b63c2151,2024-11,Gloucestershire Constabulary,Gloucestershire Constabulary,-1.964533,51.716363,On or near Dyer Street,E01022194,Cotswold 007A,Suspect charged as part of another case
8654330f8d8deab8c3cb613890e9bf703e546f2379e8216f527f7beac8c0a161,2024-11,Gloucestershire Constabulary,Gloucestershire Constabulary,-2.526779,51.728817,On or near Meadow Rise,E01022256,Forest of Dean 009E,Unable to prosecute suspect
92dfff998e7a149df91ba18279a33f289f5944ac304154d6b9ff986d91d8647c,2024-11,Gloucestershire Constabulary,Gloucestershire Constabulary,-1.964533,51.716363,On or near Dyer Street,E01022194,Cotswold 007A,Suspect charged as part of another case
442165449756ffb15713503ab574322ead61765a4aea57e8f64504ada173ccc6,2024-11,Gloucestershire Constabulary,Gloucestershire Constabulary,-2.083831,51.901930,On or near Supermarket,E01022127,Cheltenham 009G,Unable to prosecute suspect
44f57d68dd003c3b75b022f0ad42fee9bed23567ab66a97c125006d93a3f2b08,2024-11,Gloucestershire Constabulary,Gloucestershire Constabulary,-1.988000,51.644016,On or near Park/Open Space,E01031885,Wiltshire 002A,Unable to prosecute suspect
834fea166c6eab7504e9aa88de7ca679fe0804a96bf04578d25d03fcd6036782,2024-11,Gloucestershire Constabulary,Gloucestershire Constabulary,-2.586525,51.699079,On or near The Orchard,E01022248,Forest of Dean 010A,Unable to prosecute suspect
b0eb3232c716a28398546aec466716c7716495f922a614df867505aea2e88fcc,2024-11,Gloucestershire Constabulary,Gloucestershire Constabulary,-2.274051,51.822143,On or near Petrol Station,E01032933,Gloucester 015E,Suspect charged
b0eb3232c716a28398546aec466716c7716495f922a614df867505aea2e88fcc,2024-11,Gloucestershire Constabulary,Gloucestershire Constabulary,-2.274051,51.822143,On or near Petrol Station,E01032933,Gloucester 015E,Suspect charged
4bab430900ddc4aa1b7268adec5fc13f6835ed4455e01cc7219c2373c70cc18c,2024-11,Gloucestershire Constabulary,Gloucestershire Constabulary,-2.243385,51.860755,On or near Park Road,E01034792,Gloucester 004H,Unable to prosecute suspect
d9e35fb7b926a93647c120458a768a34aa7ee1c9bed263df4a2c9dc79526ec6b,2024-11,Gloucestershire Constabulary,Gloucestershire Constabulary,,,No location,,,Unable to prosecute suspect
4f417730da2a611a0eb6191a3b523efbb022ebe96d618b437901b8e36636b617,2024-11,Gloucestershire Constabulary,Gloucestershire Constabulary,-2.587189,51.700118,On or near Netherend Crescent,E01022248,Forest of Dean 010A,Suspect charged
8644844dd6ff3aab62fef31430991455b73f55c1335177ec17cd71041cfc690a,2024-11,Gloucestershire Constabulary,Gloucestershire Constabulary,-2.085304,51.996395,On or near Ellendene Drive,E01032938,Tewkesbury 001F,Investigation complete; no suspect identified
c267ddb4276f1ed406916cc7542fe8d4c2b9adba7125d7bdb3a2ac9663f59be9,2024-11,Gloucestershire Constabulary,Gloucestershire Constabulary,-2.112426,51.910196,On or near Pennington Court,E01022160,Cheltenham 003B,Investigation complete; no suspect identified
7cda592cee7df85e3d4600b82ca74672f6e6b47dd7ba5d5a0a826eda30f1a5b9,2024-11,Gloucestershire Constabulary,Gloucestershire Constabulary,-2.624032,51.812741,On or near Bracelands Drive,E01022234,Forest of Dean 006A,Investigation complete; no suspect identified
d2bf35235ab83d18a80b8a7c85296b2b840c81cfc41b8d5215fa8dca8a989fc8,2024-11,Gloucestershire Constabulary,Gloucestershire Constabulary,-2.268354,51.805828,On or near Sheldrake Lane,E01034802,Stroud 001H,Unable to prosecute suspect
871e573214fcb79db6fbf661984f48fe8df496d62ccac1f0d0b6bab54a446705,2024-11,Gloucestershire Constabulary,Gloucestershire Constabulary,-2.205761,51.841748,On or near Supermarket,E01022277,Gloucester 010B,Investigation complete; no suspect identified
6e928ad42cc363a38ced0f55c66defd074da143d1275f87203caa8c54a3cfa33,2024-11,Gloucestershire Constabulary,Gloucestershire Constabulary,-2.178454,51.880957,On or near Melville Road,E01022425,Tewkesbury 007A,Unable to prosecute suspect
10efbd2a91029a3c174379dc7a1459d4fd597abf4be2137f321914a02c5cc03a,2024-11,Gloucestershire Constabulary,Gloucestershire Constabulary,-1.755821,52.054496,On or near Battlebrook Drive,E01022182,Cotswold 001B,Investigation complete; no suspect identified
468ba596168d65294535b615e5a890f7cceb58f96c62ef955bf417015b6627f0,2024-11,Gloucestershire Constabulary,Gloucestershire Constabulary,-1.783849,51.997167,On or near Petrol Station,E01022205,Cotswold 002C,Investigation complete; no suspect identified
47dacb7b9aa14d6988bca6b897bab694b39e8b6c74f705e19e2d49ee03b270ce,2024-11,Gloucestershire Constabulary,Gloucestershire Constabulary,-2.246268,51.864813,On or near Shopping Area,E01032937,Gloucester 004F,Investigation complete; no suspect identified
e72a587ac8be321aeabf8d6984e29599f13f4232ad06acb93d2c5275daa0be52,2024-11,Gloucestershire Constabulary,Gloucestershire Constabulary,-2.242316,51.861854,On or near Wellington Street,E01034793,Gloucester 004I,Unable to prosecute suspect
54479883ff633f773dd762898e3af38618920c8bf20993f636b1f97777b53ba7,2024-11,Gloucestershire Constabulary,Gloucestershire Constabulary,-1.954459,51.715011,On or near Golden Farm Road,E01022188,Cotswold 006A,Investigation complete; no suspect identified
ff58708e729329cffba74110f8b2ab4f49f553703e5d4e4baace7638fe626351,2024-11,Gloucestershire Constabulary,Gloucestershire Constabulary,-2.246088,51.744046,On or near Upper Church Road,E01022356,Stroud 004B,Investigation complete; no suspect identified
41cd4ec152e4fe700a6b05ae4a9a63b8580cdc2f0481db3057476420c8856523,2024-11,Gloucestershire Constabulary,Gloucestershire Constabulary,-2.228449,51.744477,On or near Lodgemore Close,E01034804,Stroud 006G,Suspect charged
e2885abf47d3ce37aec6ed386873be44ef999a4d11f6db29fdbcb47008b50543,2024-11,Gloucestershire Constabulary,Gloucestershire Constabulary,-2.228449,51.744477,On or near Lodgemore Close,E01034804,Stroud 006G,Suspect charged
872a58ddcb9ba0ecbc6b9f8a40bac8b8cb53a1c2ca7e86829a52b3b4c5553a4a,2024-11,Gloucestershire Constabulary,Gloucestershire Constabulary,-2.243009,51.864339,On or near Shopping Area,E01032937,Gloucester 004F,Investigation complete; no suspect identified
f263e668e2913b01d1e2e064888f5384ae10e10909e69747f0e659f082d00ef6,2024-11,Gloucestershire Constabulary,Gloucestershire Constabulary,-2.249118,51.875955,On or near Bonnies Lane,E01032932,Gloucester 004E,Investigation complete; no suspect identified
38cea7010ece11406fb78ed0d5b606ac90cac2443810178578eae1a454a29574,2024-11,Gloucestershire Constabulary,Gloucestershire Constabulary,-1.767160,51.706707,On or near Austin Abbey Close,E01022202,Cotswold 009A,Unable to prosecute suspect
42df10702e6d06212c59ce9c43de867058631d5281ec682fc8270d31d3f8a691,2024-11,Gloucestershire Constabulary,Gloucestershire Constabulary,-2.242316,51.861854,On or near Wellington Street,E01034793,Gloucester 004I,Unable to prosecute suspect
298e1061bd7fb6fc144eecb824870dc23612910ca419a393927355949a1776b1,2024-11,Gloucestershire Constabulary,Gloucestershire Constabulary,-2.262640,51.835817,On or near Emerald Close,E01022301,Gloucester 013C,Suspect charged
b5080e4b452da71007438cf3e3526d523fcadb06f8e84c608d931217dcf5a0b5,2024-11,Gloucestershire Constabulary,Gloucestershire Constabulary,-2.212424,51.860392,On or near Wells Road,E01022287,Gloucester 007G,Formal action is not in the public interest
aaa0eeb601f000009d27b885e4c40a9790b4c0d9ad6d7bb21042887c1c7ce9ce,2024-11,Gloucestershire Constabulary,Gloucestershire Constabulary,-2.151361,51.993344,On or near Watledge Close,E01022460,Tewkesbury 002E,Local resolution
3680d21f7c9dc469f88f46738c0b7026a9c59cae5de9def2c00ddb39d64df999,2024-11,Gloucestershire Constabulary,Gloucestershire Constabulary,-2.214761,51.860118,On or near Shopping Area,E01022287,Gloucester 007G,Suspect charged as part of another case
907dce481ac81763f05b9c5813713c911b81202f220f4ae5c266b0a338738b16,2024-11,Gloucestershire Constabulary,Gloucestershire Constabulary,-2.447784,51.806558,On or near Unlawater Lane,E01022265,Forest of Dean 005C,Unable to prosecute suspect
e0c64e660245d839e4059e43732203b7d7a097194603bf574828fdca3aa070d5,2024-11,Gloucestershire Constabulary,Gloucestershire Constabulary,-2.236972,51.867268,On or near Claremont Road,E01022311,Gloucester 002C,Investigation complete; no suspect identified
ca010875e74ee3245c2f99e5752403fc401542017051de04d933a89f13182d63,2024-11,Gloucestershire Constabulary,Gloucestershire Constabulary,-2.231703,51.867980,On or near Hyde Close,E01022311,Gloucester 002C,Unable to prosecute suspect
3cf52e4cd3491db762b13a6ad41d71c78f387104ff769b261c461f222a72254c,2024-11,Gloucestershire Constabulary,Gloucestershire Constabulary,-2.095100,51.876594,On or near The Lanes,E01022128,Cheltenham 015A,Investigation complete; no suspect identified
d29f6713b22b015edd2b75be0c49ad782dc4ea5ddb6e744e791db8434c78fb82,2024-11,Gloucestershire Constabulary,Gloucestershire Constabulary,,,No location,,,Unable to prosecute suspect
17a7526007656a99df627d6c5175127eac6cc6c50e803b2c14ab67523ee9d9ce,2024-11,Gloucestershire Constabulary,Gloucestershire Constabulary,-2.090879,51.901197,On or near Steeplechase Close,E01022156,Cheltenham 007E,Investigation complete; no suspect identified
d5a6f2e6902b387662c5868186c29a0456fcbc933fa7bb6c9a3c14ebddfc07d2,2024-11,Gloucestershire Constabulary,Gloucestershire Constabulary,-2.600018,51.792528,On or near School Close,E01022243,Forest of Dean 007D,Suspect charged
3396ec82c3d76ded3c6a149a6e76e4b826fb694c12a7c6b6c807cfd14944241c,2024-11,Gloucestershire Constabulary,Gloucestershire Constabulary,-2.246268,51.864813,On or near Shopping Area,E01032937,Gloucester 004F,Local resolution
5929218ab452746ff01bb6b2daa6576b7fd1084c252f29cd4897376bfdd701b1,2024-11,Gloucestershire Constabulary,Gloucestershire Constabulary,-2.529816,51.854652,On or near Well Lane,E01022252,Forest of Dean 003B,Unable to prosecute suspect
aa1050848bb91853c399bf542db8245106d3221ffee7ada16178d928cdce7ca8,2024-11,Gloucestershire Constabulary,Gloucestershire Constabulary,-2.199220,51.744467,On or near Bisley Old Road,E01022399,Stroud 006B,Local resolution
df41680dec48ee397425623e1e3a5468c42b376a6753c64452b7bb9292eb0471,2024-11,Gloucestershire Constabulary,Gloucestershire Constabulary,-2.117206,51.897694,On or near Monks Croft,E01022147,Cheltenham 005C,Investigation complete; no suspect identified
1fcf4a0cf8912351b6263464b39b0901204a8e94b8348e4e9d97b0fc2921c038,2024-11,Gloucestershire Constabulary,Gloucestershire Constabulary,-2.270097,51.849925,On or near High View,E01034794,Gloucester 004J,Investigation complete; no suspect identified
c2bd7a2faa4d1ddaadc8b6f90cfcd0daf987770a2981f6a31c97d9d2314ad8cf,2024-11,Gloucestershire Constabulary,Gloucestershire Constabulary,-2.213240,51.833373,On or near Birchall Avenue,E01022320,Gloucester 011B,Investigation complete; no suspect identified
4c34017ca67ffd58f3112ae32fce7d42a99ef5b12835a241378f88c7d5f0c020,2024-11,Gloucestershire Constabulary,Gloucestershire Constabulary,-2.550128,51.833323,On or near Petrol Station,E01022252,Forest of Dean 003B,Investigation complete; no suspect identified
b0d4c27997c54e1c2d25282bc104b515717687b14bea9243f70f4537b56b24ab,2024-11,Gloucestershire Constabulary,Gloucestershire Constabulary,,,No location,,,Action to be taken by another organisation
e757c46b68b4f21f7b24421c1c8383529ca18fb993daf2531375c5449647d2d8,2024-11,Gloucestershire Constabulary,Gloucestershire Constabulary,-2.617433,51.792609,On or near High Street,E01022241,Forest of Dean 007B,Investigation complete; no suspect identified
ba6c55162b013f2621985d9a99f0be1340f324e0e281208e75de79b22adfb29c,2024-11,Gloucestershire Constabulary,Gloucestershire Constabulary,-2.072765,51.898278,On or near Bath Street,E01022117,Cheltenham 009B,Investigation complete; no suspect identified
b688c8fa825b7aff7216f5dc08bdadaa6925d26299236748ee98919b1bbc2edd,2024-11,Gloucestershire Constabulary,Gloucestershire Constabulary,-2.246268,51.864813,On or near Shopping Area,E01032937,Gloucester 004F,Investigation complete; no suspect identified
89d55d49a02994ebb3f6027fe5049f62043a665659f7ba994907aec13a356ea9,2024-11,Gloucestershire Constabulary,Gloucestershire Constabulary,-2.115243,51.897561,On or near Wasley Road,E01022147,Cheltenham 005C,Unable to prosecute suspect
3bd0018fb4f49802fece4b51cd8f53d94902cab6cd4d8e6e4c2dc523526caddc,2024-11,Gloucestershire Constabulary,Gloucestershire Constabulary,-3.374468,51.819931,On or near Parking Area,W01001897,Powys 020D,Investigation complete; no suspect identified
4e6380c8ce7ba0f07cd27b5a81865b1cdf421bb37a90a8b10e556c360ce9aa90,2024-11,Gloucestershire Constabulary,Gloucestershire Constabulary,-2.072765,51.898278,On or near Bath Street,E01022117,Cheltenham 009B,Investigation complete; no suspect identified
dff25c3a8b1f9208f4b8999e24243b5fa5897dc0380a0a8f1be18fc1ac1679a0,2024-11,Gloucestershire Constabulary,Gloucestershire Constabulary,-1.748953,51.704376,On or near Petrol Station,E01022202,Cotswold 009A,Investigation complete; no suspect identified
ea2357c4f8f483e4dba0945b3f4acb2ccc38b02627ebf54256cfa7e887c21c19,2024-11,Gloucestershire Constabulary,Gloucestershire Constabulary,-2.237596,51.861782,On or near Charles Street,E01022289,Gloucester 005B,Investigation complete; no suspect identified
88c44ee8efc0caa49a2b362dabfc53dc8322864dfac407db02309faf8b389bfe,2024-11,Gloucestershire Constabulary,Gloucestershire Constabulary,-2.078088,51.892638,On or near Montpellier Grove,E01022117,Cheltenham 009B,Unable to prosecute suspect
d275dd3744a55e2292ff1d2a075519bae611e3c536883ce509be87256c353e27,2024-11,Gloucestershire Constabulary,Gloucestershire Constabulary,-2.494803,51.827589,On or near Pinewood Close,E01022237,Forest of Dean 004B,Action to be taken by another organisation
2f69c3d76793f9f79bc0e117458a5e311afc1fd27219068b01c60325475e8a4f,2024-11,Gloucestershire Constabulary,Gloucestershire Constabulary,-2.247951,51.856690,On or near New Street,E01022332,Gloucester 004A,Investigation complete; no suspect identified
6ce064a8d064c6bca46f1bf83a8272ca71df1ebbff83b9464d73e65696fb3342,2024-11,Gloucestershire Constabulary,Gloucestershire Constabulary,-2.269565,51.824167,On or near Valley Gardens,E01034795,Gloucester 015I,Investigation complete; no suspect identified
4faf6f494a47f73f8ba81df3db8266dc01da3039b5513320097595386101fa15,2024-11,Gloucestershire Constabulary,Gloucestershire Constabulary,-2.217246,51.857605,On or near Eastbrook Road,E01022287,Gloucester 007G,Investigation complete; no suspect identified
f1c11b936db98cdd23cc7ecc0c763fd611ad5e9044baa248924dd2405b0b6804,2024-11,Gloucestershire Constabulary,Gloucestershire Constabulary,-2.101319,51.903310,On or near Somerset Avenue,E01022149,Cheltenham 007B,Investigation complete; no suspect identified
29a22ff92437521e6e2d9c715eb953b726c3446e0ab0e40e19f83a6808a31846,2024-11,Gloucestershire Constabulary,Gloucestershire Constabulary,-2.361480,51.698737,On or near The Corriett,E01022361,Stroud 011C,Local resolution
a529945bc1df875c981bb2c54c7f67ed18c5f7f2db1bd063b03a8a31f090bc50,2024-11,Gloucestershire Constabulary,Gloucestershire Constabulary,-2.451664,51.804395,On or near Manor Gardens,E01022265,Forest of Dean 005C,Unable to prosecute suspect
670f6458dbaa5c9233fc1820c503f2d76f6f759f2f86c5caf776e5aedcd33fb3,2024-11,Gloucestershire Constabulary,Gloucestershire Constabulary,-2.217246,51.857605,On or near Eastbrook Road,E01022287,Gloucester 007G,Investigation complete; no suspect identified
85037b319b346bba75b1cd577f59652102a0026917c7e7a30d73c8ebec0c0171,2024-11,Gloucestershire Constabulary,Gloucestershire Constabulary,-2.217234,51.861013,On or near Southbrook Road,E01022287,Gloucester 007G,Local resolution
f560d40041a36cdfa42fad352aa4750353b09a278ec836be9be65c4a7de82022,2024-11,Gloucestershire Constabulary,Gloucestershire Constabulary,,,No location,,,Unable to prosecute suspect
e864aaa0f729778b075621ce7a42f98b27fe3b9014c7e4a6e16d6e97e334979b,2024-11,Gloucestershire Constabulary,Gloucestershire Constabulary,-1.743063,52.084561,On or near Parking Area,E01022184,Cotswold 001D,Investigation complete; no suspect identified
40b20784a54c317e968104ca7c6429fd8caa945de2920362062f1bc089e46b4c,2024-11,Gloucestershire Constabulary,Gloucestershire Constabulary,-2.122366,51.903389,On or near Terry Ruck Close,E01022122,Cheltenham 003A,Investigation complete; no suspect identified
9eafa4a92ed9b2dfb99867a1a3c48b45a291d341458a7eb629606c9869264826,2024-11,Gloucestershire Constabulary,Gloucestershire Constabulary,-1.905354,51.795551,On or near The Hemplands,E01022186,Cotswold 004A,Investigation complete; no suspect identified
8d85bfcd984c02895c19ce00b45be4d715c1fe93340e2d848dd1c059f103a8a7,2024-11,Gloucestershire Constabulary,Gloucestershire Constabulary,-2.074495,51.898763,On or near Rodney Road,E01022117,Cheltenham 009B,Investigation complete; no suspect identified
999d2463ce36aa8bbe2ca0630a940e97f38b92cc6af9547486d232859cbdf1e2,2024-11,Gloucestershire Constabulary,Gloucestershire Constabulary,-2.119623,52.003279,On or near Oak Drive,E01022452,Tewkesbury 001D,Investigation complete; no suspect identified
b9c8d0dddf2ceb732d71aedc780a1ba5902bb6ef785d336ea9343e7388b3f278,2024-11,Gloucestershire Constabulary,Gloucestershire Constabulary,-2.241898,51.865118,On or near Bus/Coach Station,E01032937,Gloucester 004F,Investigation complete; no suspect identified
c78acdac5a9ba2bbfad84991d539e31ad3fddb4259a1e6ccf3e2acffbefe4025,2024-11,Gloucestershire Constabulary,Gloucestershire Constabulary,-2.103018,51.915392,On or near Petrol Station,E01022165,Cheltenham 001C,Investigation complete; no suspect identified
e06dc492b963ac96e7d5f9852c3a41ae1cde40e468b6e8c6aba3790ddc4fab79,2024-11,Gloucestershire Constabulary,Gloucestershire Constabulary,-2.222504,51.860823,On or near Supermarket,E01022312,Gloucester 002D,Investigation complete; no suspect identified
2d8ec305695f729e1ef9ee9eca81eafd84e834c409e8cb9eb9799b348e8ae79d,2024-11,Gloucestershire Constabulary,Gloucestershire Constabulary,-2.089936,51.916887,On or near Linwell Close,E01022163,Cheltenham 001A,Investigation complete; no suspect identified
aeb85b6864ed17a938f6abeb4e798562072dbf31392254da403f1cfd471aaeae,2024-11,Gloucestershire Constabulary,Gloucestershire Constabulary,-1.738654,51.736317,On or near Hammersmith Bottom,E01022215,Cotswold 005D,Investigation complete; no suspect identified
2f8dad8c044e2dddcd0578af44869969fdda6bce255c3ffd53a2941822d380c2,2024-11,Gloucestershire Constabulary,Gloucestershire Constabulary,-2.089464,51.906233,On or near Colletts Drive,E01034777,Cheltenham 007G,Investigation complete; no suspect identified
c4a972cef5dfeb547a3fcdcaf141b1ded7a3c6031ce471c97acc086da693641f,2024-11,Gloucestershire Constabulary,Gloucestershire Constabulary,-2.084196,51.894971,On or near Queens Lane,E01022126,Cheltenham 009F,Investigation complete; no suspect identified
226428d4dfad9a07fa6b042545fb6fc1718562a33f1f0f0e8234d828574ba223,2024-11,Gloucestershire Constabulary,Gloucestershire Constabulary,-2.113601,51.914798,On or near Seabright Close,E01022160,Cheltenham 003B,Investigation complete; no suspect identified
42805f033c95a34f4cfe58cc32d4ab8d15b37c76f41d909e2b19602bf40c023a,2024-11,Gloucestershire Constabulary,Gloucestershire Constabulary,-2.068822,51.028108,On or near Shave Lane,E01032029,Wiltshire 061B,Investigation complete; no suspect identified
5b1f61a126e795c007e75a6e76e20ec32bf757c0f030e95e515b4dce84e55a47,2024-11,Gloucestershire Constabulary,Gloucestershire Constabulary,-2.079617,51.898902,On or near Nightclub,E01022127,Cheltenham 009G,Investigation complete; no suspect identified
f4c7c63e700ccdc4aed2f43eb1f1a9f75ade0610fbd37467483a41dced93898e,2024-11,Gloucestershire Constabulary,Gloucestershire Constabulary,-2.072765,51.898278,On or near Bath Street,E01022117,Cheltenham 009B,Investigation complete; no suspect identified
b0c02c595c063cfbbaca6ff040efba525d29866c589d6c3a00325f0e38a688da,2024-11,Gloucestershire Constabulary,Gloucestershire Constabulary,-2.115428,51.901607,On or near Hamlet Close,E01022147,Cheltenham 005C,Action to be taken by another organisation
c6fa7d52edaced0a0f79799cf4126adb0ff9f0403095dcc9e9d4961126d6576b,2024-11,Gloucestershire Constabulary,Gloucestershire Constabulary,-2.115428,51.901607,On or near Hamlet Close,E01022147,Cheltenham 005C,Action to be taken by another organisation
c9015b07d8c735feeff72dd633df1f1327d93152864ff21376571e6b3b7c39a2,2024-11,Gloucestershire Constabulary,Gloucestershire Constabulary,-2.112562,51.952588,On or near Balladine Crescent,E01022453,Tewkesbury 004D,Investigation complete; no suspect identified
9ce2172f954949c661cd32ff87cd762207367220817a60566d3c4c00fbcc14f3,2024-11,Gloucestershire Constabulary,Gloucestershire Constabulary,-2.632909,51.735999,On or near Bream Road,E01022263,Forest of Dean 006C,Unable to prosecute suspect
a37251fe825f0f3a7123f1f00b5f749d9b66559d3806585b4559c3bceea36b1b,2024-11,Gloucestershire Constabulary,Gloucestershire Constabulary,-1.923909,51.807163,On or near Queen Street,E01022186,Cotswold 004A,Investigation complete; no suspect identified
e4d2e54b629bd3613145ab224af39e24fa3a7637ddcf6e931cb99e4b75e3a789,2024-11,Gloucestershire Constabulary,Gloucestershire Constabulary,-2.100036,51.882500,On or near Sports/Recreation Area,E01022172,Cheltenham 013F,Suspect charged as part of another case
59c826c0135f20476881f7b51134b6a573f4f7b5c435017beeec18900edda906,2024-11,Gloucestershire Constabulary,Gloucestershire Constabulary,-2.206858,51.862650,On or near Hammond Way,E01022287,Gloucester 007G,Suspect charged as part of another case
e4d98bac16ffab6c77575a18d4aa715cef3491d00ef17d7cf95ee5912dfcd27a,2024-11,Gloucestershire Constabulary,Gloucestershire Constabulary,-2.241269,51.861514,On or near Arthur Street,E01034793,Gloucester 004I,Local resolution
ce9769950e67ff58f19dcfd7a288badc197a7d22e0ef0d6ffba6c4b5ab55765e,2024-11,Gloucestershire Constabulary,Gloucestershire Constabulary,-2.310266,51.756904,On or near Gilbert Young Close,E01022376,Stroud 003A,Unable to prosecute suspect
3244cfe96d148701ad5188291560425347035a7d4f6f0474f5adc023101a3569,2024-11,Gloucestershire Constabulary,Gloucestershire Constabulary,-2.310266,51.756904,On or near Gilbert Young Close,E01022376,Stroud 003A,Unable to prosecute suspect
130291fef75572b75a08afc7541f139102c733b6d85adb9a9269966ba66acefb,2024-11,Gloucestershire Constabulary,Gloucestershire Constabulary,-2.548164,51.855476,On or near Highfield Road,E01022251,Forest of Dean 003A,Unable to prosecute suspect
43e9a2891e5a86fae5ee3c4fbbf3c6ee59de44cebc14e2ae43ce7ff8cce23365,2024-11,Gloucestershire Constabulary,Gloucestershire Constabulary,-2.354591,51.681873,On or near A4135,E01022374,Stroud 014C,Unable to prosecute suspect
c04a855c335bd84c38873f619fa1c6d2862d0e7ec366de8028fc4baf8f7f1c91,2024-11,Gloucestershire Constabulary,Gloucestershire Constabulary,-2.095607,51.910337,On or near St Peters Close,E01022155,Cheltenham 007D,Investigation complete; no suspect identified
3aeda8da477b976148e0a0b433084dd0e8bd8b36e941af0f291657c1c1a71aee,2024-11,Gloucestershire Constabulary,Gloucestershire Constabulary,-2.199406,51.724129,On or near Hope Mill Lane,E01022408,Stroud 007D,Investigation complete; no suspect identified
14f3d1ad434bd735f18571ee6fccee5df4726ddca343d5dcfb1d14f6b195fe56,2024-11,Gloucestershire Constabulary,Gloucestershire Constabulary,-2.236851,51.852559,On or near Victory Road,E01022294,Gloucester 008B,Unable to prosecute suspect
25c444485cac89e1186d9956904930da32f543e0c0e771476183ac10d2844649,2024-11,Gloucestershire Constabulary,Gloucestershire Constabulary,-2.359174,51.980675,On or near Rock Meadow,E01022270,Forest of Dean 001D,Unable to prosecute suspect
ee908833161445817ec2ab1a47033bd69addbc3252612d1fc6bd06f657a6f814,2024-11,Gloucestershire Constabulary,Gloucestershire Constabulary,-1.952210,51.706442,On or near Cricklade Road,E01022225,Cotswold 008E,Investigation complete; no suspect identified
a990c1efe7e2a52c2a511ef5098613cbfa7be3eb8b44cfbc678b50c237e910cc,2024-11,Gloucestershire Constabulary,Gloucestershire Constabulary,-2.209644,51.887046,On or near Wren Terrace,E01022447,Tewkesbury 007H,Investigation complete; no suspect identified
d81dc4548b69f6e0228e9a59be6a9205ac2a91864b3c3c2964110731194365af,2024-11,Gloucestershire Constabulary,Gloucestershire Constabulary,-2.100036,51.882500,On or near Sports/Recreation Area,E01022172,Cheltenham 013F,Investigation complete; no suspect identified
31d281d01491fa3a3b08617068c91d126a1092357770746fc5431466bca4cf78,2024-11,Gloucestershire Constabulary,Gloucestershire Constabulary,-2.071038,51.900392,On or near Parking Area,E01022102,Cheltenham 008C,Investigation complete; no suspect identified
0fc0b09f03c1ee9a9fe2ee59fe20e5be00ac75e32efb096790bab743cb7dcc58,2024-11,Gloucestershire Constabulary,Gloucestershire Constabulary,-2.275949,51.831120,On or near Fox Run,E01022341,Gloucester 014C,Investigation complete; no suspect identified
ceece11b749d2e9a22ea68bc5873e706a60188e21b42a829cc1ed6b9657d9d05,2024-11,Gloucestershire Constabulary,Gloucestershire Constabulary,-1.960721,51.704979,On or near Love Lane,E01022198,Cotswold 008D,Investigation complete; no suspect identified
aa1fbc688fa7803a2d0ba90fcde88212c3a537faff823d73c8e7b26f71279c03,2024-11,Gloucestershire Constabulary,Gloucestershire Constabulary,-2.075866,51.901792,On or near High Street,E01022127,Cheltenham 009G,Unable to prosecute suspect
1d9bda665b3ad14069e339866b2eb46a31066898c7bf86e8b898ec1a4a824da6,2024-11,Gloucestershire Constabulary,Gloucestershire Constabulary,-2.076508,51.886040,On or near Fairfield Parade,E01022119,Cheltenham 009C,Unable to prosecute suspect
ca7d7de5bd93b3888fdce56e4f1a8f9d5f4f0bf884e6e41003df85a829cf0995,2024-11,Gloucestershire Constabulary,Gloucestershire Constabulary,-2.246268,51.864813,On or near Shopping Area,E01032937,Gloucester 004F,Unable to prosecute suspect
7cc1484b94604f1410b1416e9e80ef3e959ea4446f8169a372978291b0fa9f10,2024-11,Gloucestershire Constabulary,Gloucestershire Constabulary,-2.189852,51.858776,On or near Hillview Drive,E01022303,Gloucester 006B,Unable to prosecute suspect
d41aeb1e99d51c6e362d263191ea35a77679d64b241a08d438caedd146a45d25,2024-11,Gloucestershire Constabulary,Gloucestershire Constabulary,-2.188650,51.703359,On or near King Street,E01022384,Stroud 010D,Local resolution
d1813228039c4c448abb12c41c24b5706f54ccb05d2fa16be3389a88d4acfe5a,2024-11,Gloucestershire Constabulary,Gloucestershire Constabulary,-2.182336,51.889016,On or near Holtham Avenue,E01022429,Tewkesbury 007E,Suspect charged as part of another case
90fd4d9a9dc797c94e4e1b36268c72f07cc5ce24f3be8e1a2f3e80508a999d26,2024-11,Gloucestershire Constabulary,Gloucestershire Constabulary,-2.282004,51.817925,On or near Furze Croft,E01034797,Gloucester 015K,Unable to prosecute suspect
5bb5d36b2edeb99c2f9759bf18aa282f2d42a0688417b3caadadaff4438f3dc0,2024-11,Gloucestershire Constabulary,Gloucestershire Constabulary,-2.261758,51.838939,On or near Hathaway Close,E01022333,Gloucester 009E,Investigation complete; no suspect identified
da810d4135347ceb597869d175599c23ccd82dc8b50bcbc7c090bc19d67f140c,2024-11,Gloucestershire Constabulary,Gloucestershire Constabulary,-2.293825,51.748422,On or near Stonedale Road,E01022400,Stroud 005A,Investigation complete; no suspect identified
fd4cd673d47670cf7a2f6b47daa5cd80f94dd30f70628b320da17df0a12a6562,2024-11,Gloucestershire Constabulary,Gloucestershire Constabulary,-2.146851,51.995022,On or near Supermarket,E01022455,Tewkesbury 001E,Unable to prosecute suspect
98557552acf9d153896d368391355db72f44f14e673b06686bdd7b881298b956,2024-11,Gloucestershire Constabulary,Gloucestershire Constabulary,,,No location,,,Unable to prosecute suspect
cf7516153355f952cbd9c8ed956e1ba2a9a7c819ca6c15ebdde0106329ba178b,2024-11,Gloucestershire Constabulary,Gloucestershire Constabulary,-2.659454,51.638531,On or near King Alfreds Road,E01022272,Forest of Dean 010B,Local resolution
f56242c2d7c1d2bd5f712187ad567b4301aabcf6282980efcf7095338d1776ab,2024-11,Gloucestershire Constabulary,Gloucestershire Constabulary,,,No location,,,Unable to prosecute suspect
2b5cd8c550a49160477df473a97b04c97a21a89af1a29a3f1beebfd941939677,2024-11,Gloucestershire Constabulary,Gloucestershire Constabulary,-2.137678,51.995923,On or near Ashchurch Road,E01022455,Tewkesbury 001E,Investigation complete; no suspect identified
9bf0d572f7dc5a48755febc707f218270bf1509d766621715cdd8403a75b5d21,2024-11,Gloucestershire Constabulary,Gloucestershire Constabulary,-2.189307,51.888016,On or near Japonica Close,E01022428,Tewkesbury 007D,Investigation complete; no suspect identified
f0bf99aa84ae90b94308992c1ee8f97cff822764e12698c361ae241c3a76e461,2024-11,Gloucestershire Constabulary,Gloucestershire Constabulary,-2.069292,51.759186,On or near Park/Open Space,E01022201,Cotswold 004C,Investigation complete; no suspect identified
6add38842a362f2ce49aa413992502673fd55b134b8cae7b652f4ebb25551625,2024-11,Gloucestershire Constabulary,Gloucestershire Constabulary,-2.139846,51.981059,On or near Sparrow Close,E01032940,Tewkesbury 001H,Investigation complete; no suspect identified
5e317d9d7248082fd3cdd5e1e83a2a5b22022612b2034109bc35d718fef87fc8,2024-11,Gloucestershire Constabulary,Gloucestershire Constabulary,-2.153083,51.644060,On or near Braybrooke Close,E01022219,Cotswold 011E,Investigation complete; no suspect identified
359357bb2f1f47369ff2a1e10f33e21720c20548e62ebb6a927656f838cdd6af,2024-11,Gloucestershire Constabulary,Gloucestershire Constabulary,-2.078088,51.892638,On or near Montpellier Grove,E01022117,Cheltenham 009B,Investigation complete; no suspect identified
a9a5b5cc9840e37dd2ce2f7f8b9172aefa7354ab3a6de3f842a53c9fff12805d,2024-11,Gloucestershire Constabulary,Gloucestershire Constabulary,-2.274096,51.808099,On or near Hunts Grove Drive,E01034802,Stroud 001H,Action to be taken by another organisation
d7e7e98ced48f38ff176bd44156f444b2cbf8c9527c5eb2210583d2c6bce7c13,2024-11,Gloucestershire Constabulary,Gloucestershire Constabulary,-2.080982,51.917990,On or near Swindon Lane,E01022166,Cheltenham 001D,Suspect charged
777027af867e173688c4606ad650491a9067d98692b2aa2def46a2a5870fc937,2024-11,Gloucestershire Constabulary,Gloucestershire Constabulary,-2.282098,51.730766,On or near Mankley Road,E01022405,Stroud 009C,Action to be taken by another organisation
5014aabbeb46b6f954d9bdce41d5e88f73c7015bc7bc2de6ac3bd60e07c084c1,2024-11,Gloucestershire Constabulary,Gloucestershire Constabulary,-1.724988,51.928801,On or near Wraggs Row,E01022177,Cotswold 002A,Investigation complete; no suspect identified
91e0df0d1f4ce228bd83f4ab0a522f97b9fe9a716d35b3ddf4f7bb3b0aaaa69d,2024-11,Gloucestershire Constabulary,Gloucestershire Constabulary,-2.198950,51.834342,On or near Walton Close,E01034801,Stroud 001G,Action to be taken by another organisation
674cf891a75ed5911cd5f6ec8c333a0a85cf492b0e4170f238a24d8509ff6377,2024-11,Gloucestershire Constabulary,Gloucestershire Constabulary,-2.198950,51.834342,On or near Walton Close,E01034801,Stroud 001G,Action to be taken by another organisation
8d680234daaaac9d8f41942713fb334c117e7a6a129f2f6d8c570390488fdf0b,2024-11,Gloucestershire Constabulary,Gloucestershire Constabulary,-2.133580,51.891491,On or near Tibberton Grove,E01022108,Cheltenham 010C,Unable to prosecute suspect
0935f4d04f22b1f895c754a1b478e9f86626564d289f52d4ebd4d41f0101e5ed,2024-11,Gloucestershire Constabulary,Gloucestershire Constabulary,,,No location,,,Local resolution
16b0b2a7832d0c6e1f49ce7d19773388e022dc29235b5bbea8af9db71156d23c,2024-11,Gloucestershire Constabulary,Gloucestershire Constabulary,-2.078550,51.915879,On or near St Nicholas Drive,E01022143,Cheltenham 002A,Investigation complete; no suspect identified
e4deba3b73529d796683ec44c930222cb83b4ba1f056e9eedaee18cc1ac3c527,2024-11,Gloucestershire Constabulary,Gloucestershire Constabulary,-2.161201,51.878581,On or near Brookfield Road,E01022426,Tewkesbury 007B,Investigation complete; no suspect identified
d3a66129348d1129e9db138baca79ebc04f4a0a700107d8ef0ef55215a420678,2024-11,Gloucestershire Constabulary,Gloucestershire Constabulary,-2.241135,51.849997,On or near B4072,E01022327,Gloucester 009B,Investigation complete; no suspect identified
b0cdbb1f1b7e632356ecd9f62f2f8883c17635780b818b610f2385d96ea01c45,2024-11,Gloucestershire Constabulary,Gloucestershire Constabulary,-2.089910,51.903841,On or near Old Millbrook Terrace,E01022156,Cheltenham 007E,Investigation complete; no suspect identified
990880e49fbd544bf52fc4ec77a83e32cd8c57ccace92f45277797c0ed848a36,2024-11,Gloucestershire Constabulary,Gloucestershire Constabulary,-2.534270,51.720673,On or near Bishops Gate,E01022226,Forest of Dean 009A,Investigation complete; no suspect identified
d1180224f50023995057743a7ea9558a6031158a1b56f2cc4a4dccd047bdc53f,2024-11,Gloucestershire Constabulary,Gloucestershire Constabulary,-2.534270,51.720673,On or near Bishops Gate,E01022226,Forest of Dean 009A,Investigation complete; no suspect identified
ddacc5993a93e6c70b363ee9a788525a09647a6fd5c72e0ac90d2ebf4279c2a7,2024-11,Gloucestershire Constabulary,Gloucestershire Constabulary,-2.246268,51.864813,On or near Shopping Area,E01032937,Gloucester 004F,Investigation complete; no suspect identified
8be9145b0696ee34850937f6ace0a694c8685a0f31a9a10a9f834344f022855f,2024-11,Gloucestershire Constabulary,Gloucestershire Constabulary,-2.118395,51.891264,On or near Robert Burns Avenue,E01022106,Cheltenham 010A,Investigation complete; no suspect identified
b9af4ea62a2f7a2a50ed5c270102587e54d7f1401a3a7ab3d1e961d12081dbbe,2024-11,Gloucestershire Constabulary,Gloucestershire Constabulary,-2.235898,51.870228,On or near Henry Road,E01022309,Gloucester 002A,Investigation complete; no suspect identified
54c08be4e1e7452f5ad8060e2bd11402d0b62a5337e8a59456058f62f6a217b0,2024-11,Gloucestershire Constabulary,Gloucestershire Constabulary,-2.291033,51.748897,On or near Midland Road,E01022403,Stroud 005D,Unable to prosecute suspect
be83d341a02bbb3337f2b4b282d6a4d649d4cb05d79468049ede73dfe197c152,2024-11,Gloucestershire Constabulary,Gloucestershire Constabulary,-2.218711,51.830297,On or near Caledonian Road,E01022319,Gloucester 011A,Investigation complete; no suspect identified
c04f747296405b5788dda6c2cde58dd56e4f923d0fa7e079fbecf665344b8f3a,2024-11,Gloucestershire Constabulary,Gloucestershire Constabulary,-2.249862,51.860966,On or near Norfolk Street,E01034792,Gloucester 004H,Investigation complete; no suspect identified
52886d8e1bc58fba836141cea0a831c671a24204d765c6cb62f8083d4595a160,2024-11,Gloucestershire Constabulary,Gloucestershire Constabulary,-1.952052,51.719838,On or near Fosse Close,E01022188,Cotswold 006A,Action to be taken by another organisation
8e40971b6cb84406778c8a50be22bead4fe4d501e6e44f306ba686017d0d53b0,2024-11,Gloucestershire Constabulary,Gloucestershire Constabulary,-2.125196,51.886231,On or near Planets Lane,E01034805,Tewkesbury 008D,Unable to prosecute suspect
b489c00793c8df6a9b1a348dd62126e99d021b483dd27f7733dedb71dad7c89d,2024-11,Gloucestershire Constabulary,Gloucestershire Constabulary,-2.238155,51.860343,On or near All Saints' Road,E01022289,Gloucester 005B,Investigation complete; no suspect identified
ff0be52448bb35fedfedbfad98829d827c35c8ec9d7b5be4f867eaeafedec5b2,2024-11,Gloucestershire Constabulary,Gloucestershire Constabulary,-2.620457,51.808013,On or near Adams Way,E01022229,Forest of Dean 007A,Local resolution
dab6954704b5256adafc9880c19d1064f3e3377509ad69aa9d6a24ad519c2b95,2024-11,Gloucestershire Constabulary,Gloucestershire Constabulary,-1.956311,51.716091,On or near Upper Churnside,E01022188,Cotswold 006A,Unable to prosecute suspect
40f262cc3f31528b70e2ac47a94e1d0a5cfadf718bca866d3927a38db1792c2a,2024-11,Gloucestershire Constabulary,Gloucestershire Constabulary,-2.064795,51.933884,On or near Sports/Recreation Area,E01022434,Tewkesbury 004A,Investigation complete; no suspect identified
d34862051589db9ef6069c0c1063530b148f8196f6697e0fb64efce69a220d62,2024-11,Gloucestershire Constabulary,Gloucestershire Constabulary,-2.254556,51.851317,On or near Cecil Road,E01022330,Gloucester 009C,Unable to prosecute suspect
d655b4ede39998b63954aeea85b395dc4711817baf0c0393bbfe3e0b6570dd88,2024-11,Gloucestershire Constabulary,Gloucestershire Constabulary,-1.699066,51.873066,On or near Meteor Close,E01034786,Cotswold 003H,Unable to prosecute suspect
1c4867d5ae790dbd4ccb2a3a9aef31e4c168185f53b8c81f3fc70df2d9de1764,2024-11,Gloucestershire Constabulary,Gloucestershire Constabulary,-2.518173,51.732155,On or near Wintour Drive,E01022255,Forest of Dean 009D,Investigation complete; no suspect identified
9f07d898a2ef1a15ba62bcc480149f9452fb732051891408c40d1f4a36992b27,2024-11,Gloucestershire Constabulary,Gloucestershire Constabulary,-2.255658,51.869009,On or near Petrol Station,E01032932,Gloucester 004E,Investigation complete; no suspect identified
8cbe81244b5f09595c4d506f75fc2f754aca886368d8508e4e929383e3488262,2024-11,Gloucestershire Constabulary,Gloucestershire Constabulary,-2.116517,51.996584,On or near Petrol Station,E01032938,Tewkesbury 001F,Investigation complete; no suspect identified
54290f48c3c128a8169b2fce5ebb7616c859ebe14afdf216bbaa8347f6de3528,2024-11,Gloucestershire Constabulary,Gloucestershire Constabulary,-2.197138,51.609150,On or near Sports/Recreation Area,E01034790,Cotswold 011H,Formal action is not in the public interest
ceb02ce385d3683b27427588c770ab4198f7049710898444a3c96423a8da6253,2024-11,Gloucestershire Constabulary,Gloucestershire Constabulary,-2.208796,51.744801,On or near Wood Street,E01022399,Stroud 006B,Unable to prosecute suspect
243ef2ae032c9c8f58ad6e0157e6ac43797ae65a33e00dd62957d001f361ecd4,2024-11,Gloucestershire Constabulary,Gloucestershire Constabulary,-2.197138,51.609150,On or near Sports/Recreation Area,E01034790,Cotswold 011H,Formal action is not in the public interest
a830881090e2e90ad555043f26ae94615f37daf5d122f8dfac3d7578171eb819,2024-11,Gloucestershire Constabulary,Gloucestershire Constabulary,-2.208796,51.744801,On or near Wood Street,E01022399,Stroud 006B,Unable to prosecute suspect
e82df2725769e45db307bf76103bf362a907774713f2b8d650880a0782e0a91a,2024-11,Gloucestershire Constabulary,Gloucestershire Constabulary,-2.109721,51.909686,On or near Tanner's Lane,E01022159,Cheltenham 005E,Investigation complete; no suspect identified
236bda2b5ac92ca336765dcdf77eebcb77d09e46b3fa58093e65278846c09dda,2024-11,Gloucestershire Constabulary,Gloucestershire Constabulary,-2.253825,51.863295,On or near Severn Road,E01032932,Gloucester 004E,Investigation complete; no suspect identified
fe1b7c2ef26e6a9789a87175b242d1fd1e2eaa7081083a7ab8f57246cd1bd3f9,2024-11,Gloucestershire Constabulary,Gloucestershire Constabulary,-2.046748,51.909989,On or near Petrol Station,E01022145,Cheltenham 002C,Investigation complete; no suspect identified
a9167ea76fd0a55e97bbe45c7d4a802b6ab281263385688b14105bf5b7561562,2024-11,Gloucestershire Constabulary,Gloucestershire Constabulary,-2.225758,51.849452,On or near Petrol Station,E01022321,Gloucester 011C,Investigation complete; no suspect identified
a8b642636032dda0500daab8dd7bd2b7101f832ecba7d582deb4a76f06eec694,2024-11,Gloucestershire Constabulary,Gloucestershire Constabulary,-2.271036,51.835234,On or near Shopping Area,E01022301,Gloucester 013C,Investigation complete; no suspect identified
d17eee87d50e784c89894233da65a673bdad458bf93583ef342ceaa6dcd6290f,2024-11,Gloucestershire Constabulary,Gloucestershire Constabulary,-2.240374,51.742709,On or near Fort View Terrace,E01022356,Stroud 004B,Unable to prosecute suspect
570b62481e7f42e9e4a279186ee0430beee28387d9a9fe53151f82ae98d69a83,2024-11,Gloucestershire Constabulary,Gloucestershire Constabulary,-2.250776,51.868606,On or near Clare Street,E01032932,Gloucester 004E,Unable to prosecute suspect
52c56d88fd1e9ae82f4a14e9cd700303a08948f8a6c397a95191a4a6a69fb5b9,2024-11,Gloucestershire Constabulary,Gloucestershire Constabulary,-2.216937,51.742044,On or near Dr Newton's Way,E01034804,Stroud 006G,Local resolution
fc46fc061754448cfebf3611fba7cf298ecdf935067e74ea5492dfdd585afc44,2024-11,Gloucestershire Constabulary,Gloucestershire Constabulary,-2.263048,51.823652,On or near Uxbridge Lane,E01034795,Gloucester 015I,Investigation complete; no suspect identified
08734338704b37fbfffb1cf9105b9545b4dda9cfe0a8c3edfdc7405cfd4016bb,2024-11,Gloucestershire Constabulary,Gloucestershire Constabulary,-2.206858,51.862650,On or near Hammond Way,E01022287,Gloucester 007G,Suspect charged
cfda20a6c60aca652babef21156548817eb3109c9a7359062ce942ded7b5f366,2024-11,Gloucestershire Constabulary,Gloucestershire Constabulary,-2.108714,51.895886,On or near Oldfield Crescent,E01022148,Cheltenham 007A,Investigation complete; no suspect identified
91cf7cd6557bd5e3aeb43148e0d891c615e9e1a883f1932bee3986e50c3ecd42,2024-11,Gloucestershire Constabulary,Gloucestershire Constabulary,-2.238962,51.867471,On or near Wellington Parade,E01022311,Gloucester 002C,Investigation complete; no suspect identified
1f3203e6f7dd09197c7353539e1f3a7735c436859c392c56f4845f581d289c38,2024-11,Gloucestershire Constabulary,Gloucestershire Constabulary,-2.112535,51.901412,On or near Goldsmith Close,E01022147,Cheltenham 005C,Unable to prosecute suspect
2ca82c1aca69f7045339a10180ba9155e984272c13f71efede9176e04c853518,2024-11,Gloucestershire Constabulary,Gloucestershire Constabulary,-2.111432,51.902015,On or near Britten Place,E01022147,Cheltenham 005C,Investigation complete; no suspect identified
2b8fcb9a096233252ceec52a4bc72410fefe665c162536f3aaaf2f3f1ce67f5c,2024-11,Gloucestershire Constabulary,Gloucestershire Constabulary,-2.353050,51.680853,On or near Silver Street,E01022372,Stroud 014A,Investigation complete; no suspect identified
93508d011acb473c35c638889d2abf5b9952d0f7580759d21ae082e75e8d45f7,2024-11,Gloucestershire Constabulary,Gloucestershire Constabulary,-2.112535,51.901412,On or near Goldsmith Close,E01022147,Cheltenham 005C,Unable to prosecute suspect
9d5364774e23a15a5cce27b9e2d2b0d46b67a83c6eb852572319086ae339d378,2024-11,Gloucestershire Constabulary,Gloucestershire Constabulary,-2.209911,51.869621,On or near Sandyleaze,E01022296,Gloucester 003B,Unable to prosecute suspect
e2cbc3186158448818b6008c41fa0b1c97b81aa4b540d209f82cfb53300f4946,2024-11,Gloucestershire Constabulary,Gloucestershire Constabulary,-2.246268,51.864813,On or near Shopping Area,E01032937,Gloucester 004F,Investigation complete; no suspect identified
a2a3decc59c0a5566078ce0cb8a8a3f41a70050080084700933e575f20f5e88e,2024-11,Gloucestershire Constabulary,Gloucestershire Constabulary,-2.090198,51.895039,On or near Lansdown Parade,E01022125,Cheltenham 009E,Unable to prosecute suspect
78771e40a4a2a3b2eec55888810c0705b5c689d4ebb3c1169ff818971d9157f0,2024-11,Gloucestershire Constabulary,Gloucestershire Constabulary,-1.747328,51.990753,On or near Chantry Gardens,E01022205,Cotswold 002C,Unable to prosecute suspect
165b24af91b96d0246fafac5f7059dd4f72904919d16c494a15041303eb0412a,2024-11,Gloucestershire Constabulary,Gloucestershire Constabulary,-2.221244,51.861491,On or near Rockhaven,E01022312,Gloucester 002D,Investigation complete; no suspect identified
1f56dab03e0b0cac435dfd120d5b2148db53c5b5716f861c6e6acb152b79788f,2024-11,Gloucestershire Constabulary,Gloucestershire Constabulary,-2.242020,51.744450,On or near Ashway Court,E01022356,Stroud 004B,Unable to prosecute suspect
965f44ef15b6f9a55d35b314b9b7998aeaa1825f001f846f342cc04abe94250b,2024-11,Gloucestershire Constabulary,Gloucestershire Constabulary,-2.516789,51.733978,On or near Parking Area,E01022255,Forest of Dean 009D,Investigation complete; no suspect identified
628375abe4d4a6ac5b519de9b4d0046f93f73fcb3f6aac77599efd7a291dff7e,2024-11,Gloucestershire Constabulary,Gloucestershire Constabulary,-2.224464,51.872481,On or near Further/Higher Educational Building,E01022318,Gloucester 001E,Investigation complete; no suspect identified
fb5148a98ee8215629b8abe62f966efbff985ae3f96753a8fc5d6eb0c0f99212,2024-11,Gloucestershire Constabulary,Gloucestershire Constabulary,-2.243783,51.856528,On or near Park End Road,E01022293,Gloucester 008A,Investigation complete; no suspect identified
34366239851379ac87aeb2d2456954519000c2a14d08ce271b51f3c1547d1193,2024-11,Gloucestershire Constabulary,Gloucestershire Constabulary,-2.262712,51.820847,On or near Boddington Drive,E01034795,Gloucester 015I,Investigation complete; no suspect identified
c40061ec87fb3c88a14eaaf68e4359e2132b4cc61cfb14c652f5f7a17eb6eb05,2024-11,Gloucestershire Constabulary,Gloucestershire Constabulary,-2.246049,51.861954,On or near Brunswick Road,E01034793,Gloucester 004I,Investigation complete; no suspect identified
4f415a4ef1d6176560e1cba98a9f5cc9349431f6b9126b90f5a5e3227b49441d,2024-11,Gloucestershire Constabulary,Gloucestershire Constabulary,-2.397478,51.932631,On or near Croft Road,E01022267,Forest of Dean 002C,Investigation complete; no suspect identified
e510816fad99cd1da98638ea10f42da9e622e621cf7569460970ae2ebd7add9c,2024-11,Gloucestershire Constabulary,Gloucestershire Constabulary,-2.076054,51.901189,On or near Church Street,E01022127,Cheltenham 009G,Investigation complete; no suspect identified
72cf8a275866d90ccdff377030e36ceeeb25295579f05c2de1ff3dba2373d232,2024-11,Gloucestershire Constabulary,Gloucestershire Constabulary,-2.245719,51.860102,On or near Montpellier,E01034792,Gloucester 004H,Investigation complete; no suspect identified
76423d028975999ee5b640f737447d453764fa71d772dde3e0b20c1cacd69cf0,2024-11,Gloucestershire Constabulary,Gloucestershire Constabulary,-2.223971,51.747030,On or near Supermarket,E01034804,Stroud 006G,Suspect charged as part of another case
a8fe4c8ac41ebdfa01c2e98f403d6232d7e077aa94eb4b364224273f0ecbec04,2024-11,Gloucestershire Constabulary,Gloucestershire Constabulary,-2.076597,51.895732,On or near Vittoria Walk,E01022117,Cheltenham 009B,Investigation complete; no suspect identified
76e381357b19ba8117ef64bec8413f098f875e80cee1879240387531692c5655,2024-11,Gloucestershire Constabulary,Gloucestershire Constabulary,-2.260389,51.855755,On or near Maritime Court,E01034791,Gloucester 004G,Unable to prosecute suspect
9cb59fd60a5e003c4e731a88ec5e398a4ff71abb8a28bebbb1ede47ff55d1da5,2024-11,Gloucestershire Constabulary,Gloucestershire Constabulary,-2.233382,51.698469,On or near Beechwood Close,E01022388,Stroud 013D,Unable to prosecute suspect
aa52c87919b5fa2a13d3559360b58b7d77e54e1c574370620e1030f6bbf05600,2024-11,Gloucestershire Constabulary,Gloucestershire Constabulary,-2.126705,51.900957,On or near Galileo Gardens,E01022123,Cheltenham 010D,Investigation complete; no suspect identified
c4e04c663669e5d7a55ac2742479df268c0c8598580cb69a9473d581ebd3be5e,2024-11,Gloucestershire Constabulary,Gloucestershire Constabulary,-2.073274,51.898764,On or near Cambray Place,E01022117,Cheltenham 009B,Investigation complete; no suspect identified
a70b35cd8f1ed6d928bd614f4443b1cd36a835f8fc579e9855e24205d6f04a61,2024-11,Gloucestershire Constabulary,Gloucestershire Constabulary,-2.247669,51.874106,On or near Parking Area,E01032932,Gloucester 004E,Investigation complete; no suspect identified
9664542b2439f1a33ea44a91d9870b00c60686f344ccaec9d4bf5943103c84a9,2024-11,Gloucestershire Constabulary,Gloucestershire Constabulary,-2.104420,51.905492,On or near Stone Crescent,E01022149,Cheltenham 007B,Unable to prosecute suspect
3363458dde04cfd46608016265dd7529fb2c0604f83e737492c50f3e3368d12e,2024-11,Gloucestershire Constabulary,Gloucestershire Constabulary,-2.052558,51.943585,On or near Hyatts Way,E01034815,Tewkesbury 011D,Investigation complete; no suspect identified
ea47150b57594cba97cbe0f279969e70f42e809248d2277f5935e61205d2bfef,2024-11,Gloucestershire Constabulary,Gloucestershire Constabulary,-2.052558,51.943585,On or near Hyatts Way,E01034815,Tewkesbury 011D,Investigation complete; no suspect identified
31884e89c5966f0c63d67b4a79c81540e0ee7a771a5a9cf0d2559fb62e8fe70c,2024-11,Gloucestershire Constabulary,Gloucestershire Constabulary,-2.205761,51.841748,On or near Supermarket,E01022277,Gloucester 010B,Investigation complete; no suspect identified
054d57342de551da172d51fd54b75473612e2e7b2770ca711114e401de6aea70,2024-11,Gloucestershire Constabulary,Gloucestershire Constabulary,-2.245463,51.866379,On or near St John's Lane,E01032937,Gloucester 004F,Investigation complete; no suspect identified
3975cf71f739b2cc77a46bda2813940891d83650536a48dd40a6edaa2bffe433,2024-11,Gloucestershire Constabulary,Gloucestershire Constabulary,-2.247242,51.827993,On or near Chalford Road,E01022346,Gloucester 012D,Action to be taken by another organisation
f8bc7fbe556379373890968df8f66611d101ff138400efe342aa1dbf3e43386a,2024-11,Gloucestershire Constabulary,Gloucestershire Constabulary,-2.220427,51.872740,On or near Keswick Close,E01022318,Gloucester 001E,Unable to prosecute suspect
e55df71d7bd99f962ba3cf27284e580508613703977251034b28db7420cf6b55,2024-11,Gloucestershire Constabulary,Gloucestershire Constabulary,-2.220427,51.872740,On or near Keswick Close,E01022318,Gloucester 001E,Unable to prosecute suspect
1edd37a51fb72ccac5185ff9b4d9643073c36cce9d50f9a97fcfe7cb19ae7c32,2024-11,Gloucestershire Constabulary,Gloucestershire Constabulary,-2.152783,51.842170,On or near Guise Avenue,E01034810,Tewkesbury 009I,Investigation complete; no suspect identified
cb5f9bab4a2af05c5c95c55914e39473e4f26ef86dd2dd7276be65a35d913606,2024-11,Gloucestershire Constabulary,Gloucestershire Constabulary,-1.699414,51.993050,On or near Roundhouse Mews,E01022211,Cotswold 002D,Unable to prosecute suspect
f27a72a104228eb0188c6816dffeb77406176c5adc751abd9872188b196e1692,2024-11,Gloucestershire Constabulary,Gloucestershire Constabulary,-1.924924,51.807703,On or near Gallows Lane,E01022186,Cotswold 004A,Investigation complete; no suspect identified
27b2e1591383d3b181c9ba7dc50ff7183e7450c29488d957af9401d6f9f601f7,2024-11,Gloucestershire Constabulary,Gloucestershire Constabulary,-2.343375,51.639054,On or near Court Meadow,E01022417,Stroud 015D,Investigation complete; no suspect identified
b10eaa10a7204a47fcd77c3e37d77723ef7867ef6ad1c359a7ddbdcec4ce33d8,2024-11,Gloucestershire Constabulary,Gloucestershire Constabulary,-2.232717,51.875782,On or near Alderman Road,E01022314,Gloucester 002E,Unable to prosecute suspect
2e1c134dba0f72703c6ab58fd9d3dc2e7bc81c40941e1d1902cb90290e748745,2024-11,Gloucestershire Constabulary,Gloucestershire Constabulary,-2.243009,51.864339,On or near Shopping Area,E01032937,Gloucester 004F,Investigation complete; no suspect identified
02e3fa31c7d3a44bbf82b72975bd262712157947cd39912579960019b78694c1,2024-11,Gloucestershire Constabulary,Gloucestershire Constabulary,-2.246049,51.861954,On or near Brunswick Road,E01034793,Gloucester 004I,Unable to prosecute suspect
12f8dda655e8c33e92f0cfa927cbef808fd2c749bc304e2f1272a91a5a047ca0,2024-11,Gloucestershire Constabulary,Gloucestershire Constabulary,-2.090253,51.893393,On or near Petrol Station,E01022136,Cheltenham 011B,Investigation complete; no suspect identified
691feb58c048dba0374fca578970b639df28b82afa0f8ed7019caca6fb1292fc,2024-11,Gloucestershire Constabulary,Gloucestershire Constabulary,-2.242965,51.866348,On or near Shopping Area,E01032937,Gloucester 004F,Unable to prosecute suspect
bd4220daa849f711ed650e4672af6d42b7ed283884f3601e027c78253ca34ae3,2024-11,Gloucestershire Constabulary,Gloucestershire Constabulary,-2.189510,51.632183,On or near Hookshouse Lane,E01034789,Cotswold 011G,Investigation complete; no suspect identified
14f47e22e439aa11e9209bc5b93e036d2ab7eeb12432f7f6c749eaa139fa5316,2024-11,Gloucestershire Constabulary,Gloucestershire Constabulary,-1.967370,51.715564,On or near Cricklade Street,E01022194,Cotswold 007A,Suspect charged as part of another case
0154d18f39e4d9551a09f0cb47e9a09816ff3d02bcd105f82dc9a7b723048bdd,2024-11,Gloucestershire Constabulary,Gloucestershire Constabulary,-2.120263,51.916176,On or near Cornmeadow Drive,E01022161,Cheltenham 003C,Unable to prosecute suspect
55b286f8bce2e131ff46718747937f0f258f1b136484e1167f7face83f36c0b3,2024-11,Gloucestershire Constabulary,Gloucestershire Constabulary,-2.120263,51.916176,On or near Cornmeadow Drive,E01022161,Cheltenham 003C,Unable to prosecute suspect
f1ad8c2d5772944e4f2529457b5d648d8a289af7346b4bc04f0dee8c6b9760ea,2024-11,Gloucestershire Constabulary,Gloucestershire Constabulary,-2.215113,51.748305,On or near Birches Drive,E01022411,Stroud 006D,Investigation complete; no suspect identified
29f8713b846e7b36b5f518afccc9406969571d90d201b2c3b6a7ae4f59ef3b95,2024-11,Gloucestershire Constabulary,Gloucestershire Constabulary,-2.246268,51.864813,On or near Shopping Area,E01032937,Gloucester 004F,Investigation complete; no suspect identified
b5521aa8f14c3eb5c2ee7c8c936e8d63668ab2533de76e2992e5d538715d7572,2024-11,Gloucestershire Constabulary,Gloucestershire Constabulary,-2.250872,51.857125,On or near Supermarket,E01022332,Gloucester 004A,Local resolution
aaa7fcf6dd7cd6e383284e8408a4df40c60c4741e76951355d9c813fdca5ab5d,2024-11,Gloucestershire Constabulary,Gloucestershire Constabulary,-1.961788,51.709781,On or near Stepstairs Lane,E01022200,Cotswold 007D,Unable to prosecute suspect
248e4a4e90bd1b5e52ecd00a727017cacf92000283926af4f5a22496c8efd924,2024-11,Gloucestershire Constabulary,Gloucestershire Constabulary,-2.617433,51.792609,On or near High Street,E01022241,Forest of Dean 007B,Investigation complete; no suspect identified
c96c5899dbe4b34c00204d8309bb64aa2029648ac7b63d6fb0b6a742a802edab,2024-11,Gloucestershire Constabulary,Gloucestershire Constabulary,-2.106658,51.880855,On or near Petrol Station,E01022169,Cheltenham 013C,Investigation complete; no suspect identified
308b09bf31812008f0058e676c86405c634d4cc5dce4c17deeeb53222104ae6e,2024-11,Gloucestershire Constabulary,Gloucestershire Constabulary,-2.163248,51.942323,On or near Petrol Station,E01022442,Tewkesbury 006B,Investigation complete; no suspect identified
8b0b42c4214134fbd4ef4b596b84632eb3f75797579b5add4d249a367a1754f5,2024-11,Gloucestershire Constabulary,Gloucestershire Constabulary,-2.163248,51.942323,On or near Petrol Station,E01022442,Tewkesbury 006B,Investigation complete; no suspect identified
079d4fc4215447fbc69456b65fc472223c5b0b675fd58413a5ee21328f1412f0,2024-11,Gloucestershire Constabulary,Gloucestershire Constabulary,-2.596585,51.789533,On or near Prosper Lane,E01022246,Forest of Dean 007G,Unable to prosecute suspect
75e36cd76be9f53c876f30e54b3ca7d65c3ef9e0e722f2286c16d2c1b69a9290,2024-11,Gloucestershire Constabulary,Gloucestershire Constabulary,-2.241704,51.874991,On or near Sandhurst Road,E01022310,Gloucester 002B,Unable to prosecute suspect
0e4645f4647e58f66b90f66a612509a6c8d57a643e04689287c7b18a9cd646c7,2024-11,Gloucestershire Constabulary,Gloucestershire Constabulary,,,No location,,,Investigation complete; no suspect identified
7edcfb56c8e06fae6e164f8a7294e99c35221885522b8a167108951dc11e1d53,2024-11,Gloucestershire Constabulary,Gloucestershire Constabulary,-2.218276,51.833409,On or near Capel Road,E01022320,Gloucester 011B,Investigation complete; no suspect identified
f4ec9840aab14f6491d522d20e13a374d2816b9ca7944ad964abfdde27dd4ad5,2024-11,Gloucestershire Constabulary,Gloucestershire Constabulary,-2.405610,51.871519,On or near Grange Court Lane,E01022235,Forest of Dean 001B,Investigation complete; no suspect identified
9a323e6593beaf8864b870514c246c4c2779f0b878c73aacfd8ef96ff28ae344,2024-11,Gloucestershire Constabulary,Gloucestershire Constabulary,-2.231950,51.893352,On or near Petrol Station,E01022440,Tewkesbury 006A,Investigation complete; no suspect identified
751eb4d35be850255e6ac8d87683e1069e1cefeca84ebf7fe89e762819da7d9b,2024-11,Gloucestershire Constabulary,Gloucestershire Constabulary,,,No location,,,Unable to prosecute suspect
52820965c4dac2adf79b6159d41a0eb75f0041fd444f386b5e36f7d293812d55,2024-11,Gloucestershire Constabulary,Gloucestershire Constabulary,-2.108173,51.900715,On or near Guinevere Road,E01022147,Cheltenham 005C,Investigation complete; no suspect identified
846c7ef2e77e7ba6b5f66389c16b4884642309ffd8247e1c444f00e5fad21f72,2024-11,Gloucestershire Constabulary,Gloucestershire Constabulary,-2.458566,51.691322,On or near Market Place,E01022353,Stroud 012C,Investigation complete; no suspect identified
b9d5907bfd0e6b43252252ff45ac5847b8f451396acb2b661062ed04931c62f5,2024-11,Gloucestershire Constabulary,Gloucestershire Constabulary,-2.100090,51.846244,On or near Park/Open Space,E01022187,Cotswold 004B,Investigation complete; no suspect identified
6b4c463abaded66126eaec0b82faf6ee500b923f10871ede363558c27582f48a,2024-11,Gloucestershire Constabulary,Gloucestershire Constabulary,-2.057360,51.955262,On or near Hedgerow Close,E01034812,Tewkesbury 010B,Unable to prosecute suspect
13a7df08e6c44933b97453b79dc7bde0c10366c368d7ad1a00f43e7f5ec26b10,2024-11,Gloucestershire Constabulary,Gloucestershire Constabulary,-1.966854,51.708937,On or near Meadow Close,E01022200,Cotswold 007D,Investigation complete; no suspect identified
af1fe62ee4985958997465ff690afbc1f3b85b1d735a9132cfadaff4af07a7eb,2024-11,Gloucestershire Constabulary,Gloucestershire Constabulary,-2.067937,51.896870,On or near Hewlett Mews,E01022102,Cheltenham 008C,Investigation complete; no suspect identified
e3dcb3fc1fabc76ef3704073d1225f70cf53bb434b468aca49f9d9ab434999d4,2024-11,Gloucestershire Constabulary,Gloucestershire Constabulary,-2.238725,51.866545,On or near Parking Area,E01022311,Gloucester 002C,Offender given a caution
ccee2f12fe2a83fc9351cb84dd6c27141ebac99a5af8c69c9f8559ec06489078,2024-11,Gloucestershire Constabulary,Gloucestershire Constabulary,-2.075767,51.877346,On or near Hillands Drive,E01022129,Cheltenham 015B,Unable to prosecute suspect
0cdb9591ad1095f55b2ea8a6406b81859c503a2f0c5177ed030dbe44d63b3ddd,2024-11,Gloucestershire Constabulary,Gloucestershire Constabulary,-2.128916,51.997767,On or near Furrowfield Park,E01022455,Tewkesbury 001E,Local resolution
113247f63363e7d0a150ed6a9df1abc2e6ae2e8ecfa27be03b38f7bb45632972,2024-11,Gloucestershire Constabulary,Gloucestershire Constabulary,-2.226974,51.863242,On or near Myers Road,E01022312,Gloucester 002D,Investigation complete; no suspect identified
548aa8ca46b3cc2d7f11b25f630640fcccae7850be2956ea864709f8bb4762c1,2024-11,Gloucestershire Constabulary,Gloucestershire Constabulary,-2.264924,51.814486,On or near Snetterton Heath,E01034798,Gloucester 015L,Investigation complete; no suspect identified
b92453b31cc757a2084f7462939b1cd273a1b934caa5779f261e1fbc0d2df9e1,2024-11,Gloucestershire Constabulary,Gloucestershire Constabulary,-2.091058,51.889248,On or near St Stephens Close,E01022135,Cheltenham 011A,Unable to prosecute suspect
a4c2f9d0876f7ae8d800c776fcd677092834eb2131c76616970d3a56909891d0,2024-11,Gloucestershire Constabulary,Gloucestershire Constabulary,-2.116068,51.907261,On or near Oldbury Road,E01022122,Cheltenham 003A,Unable to prosecute suspect
05ec17bd9baa0bfa33a387ce0f0dff5427df6ef22ef585634cb862942f3d9ec1,2024-11,Gloucestershire Constabulary,Gloucestershire Constabulary,-2.292091,51.755764,On or near Baker Close,E01022403,Stroud 005D,Unable to prosecute suspect
77d0aaf94ef6675425ca3375eb683c6ec0e86fd2cfa95058d543bd1ebf8ed645,2024-11,Gloucestershire Constabulary,Gloucestershire Constabulary,-2.155402,51.995299,On or near Parking Area,E01022459,Tewkesbury 002D,Unable to prosecute suspect
13243ae59320cc77908f9eb4079d1bee1c6848a45187c2491159f03f0a9ed98c,2024-11,Gloucestershire Constabulary,Gloucestershire Constabulary,-2.047108,51.947930,On or near Collyberry Road,E01022433,Tewkesbury 011C,Unable to prosecute suspect
3658f9ca2db52c2e2ab4573b184c0c382547d6dbca4b5cf766e045a5fb77c9c9,2024-11,Gloucestershire Constabulary,Gloucestershire Constabulary,-2.243009,51.864339,On or near Shopping Area,E01032937,Gloucester 004F,Suspect charged as part of another case
d7bbc881e97c802e53d8493f3f11a90958fa3c38e3faefd8a7d34d91c1797b1a,2024-11,Gloucestershire Constabulary,Gloucestershire Constabulary,-2.101756,51.916688,On or near Rutherford Way,E01022165,Cheltenham 001C,Investigation complete; no suspect identified
35e2875f05784cd0ec8b04079a817ef2a8cdc8d50f47c8bf3097feee39a21d5a,2024-11,Gloucestershire Constabulary,Gloucestershire Constabulary,-2.243009,51.864339,On or near Shopping Area,E01032937,Gloucester 004F,Suspect charged as part of another case
5ba23f074f2caec5ca1c847a7fb24bb3d672f1a4ac265f079204f036c17472fc,2024-11,Gloucestershire Constabulary,Gloucestershire Constabulary,-2.079736,51.895577,On or near Montpellier Spa Road,E01022126,Cheltenham 009F,Investigation complete; no suspect identified
e6067f8fde4d55c811ca6164f303e835ee22005e53207d7cef9ce7640d1db158,2024-11,Gloucestershire Constabulary,Gloucestershire Constabulary,-2.078085,51.907149,On or near Hungerford Street,E01022154,Cheltenham 004E,Investigation complete; no suspect identified
a971bc5934d393511af457c8d7569781278365e924ec07da23990c034943572e,2024-11,Gloucestershire Constabulary,Gloucestershire Constabulary,-2.062337,51.903850,On or near Moor Court Drive,E01022134,Cheltenham 006D,Investigation complete; no suspect identified
9a162fe60f3e9561f06dbfd233118f3c40cfc935e3e86e371b693895147047e8,2024-11,Gloucestershire Constabulary,Gloucestershire Constabulary,-2.061295,51.949191,On or near Shipway Court,E01034814,Tewkesbury 011B,Investigation complete; no suspect identified
c85df5c5ea3ede2e34302ed5ec70f07e5ebed8a720579d588ce1e48726d0e754,2024-11,Gloucestershire Constabulary,Gloucestershire Constabulary,-2.214017,51.855223,On or near Sports/Recreation Area,E01022286,Gloucester 007F,Unable to prosecute suspect
3d879b40b154169f64778a536a1323b8b0888b9cb741be2579cf6df4b5084ef9,2024-11,Gloucestershire Constabulary,Gloucestershire Constabulary,-1.948039,51.721905,On or near Ormand Close,E01022188,Cotswold 006A,Investigation complete; no suspect identified
ae9dfe144f6a60161693b6e2b3a210840ea6f8ffebc63aaf644ad33b102febe0,2024-11,Gloucestershire Constabulary,Gloucestershire Constabulary,-2.404387,51.922888,On or near Southend Lane,E01022261,Forest of Dean 002A,Unable to prosecute suspect
e9d7db6ef914375a796bbb8acdf68ac5ef5a8dd22faa677891f63e97a2e4a331,2024-11,Gloucestershire Constabulary,Gloucestershire Constabulary,-1.948039,51.721905,On or near Ormand Close,E01022188,Cotswold 006A,Investigation complete; no suspect identified
081e7ea48e194487751acf7e7040044a6cb1f1b4c41c6b364fa14c1036c32b5b,2024-11,Gloucestershire Constabulary,Gloucestershire Constabulary,-2.060151,51.909758,On or near Oakland Avenue,E01022140,Cheltenham 008D,Unable to prosecute suspect
ca3083d882e1ba0b8f8ad24f522e6d156bab0af14b9c76789dcdcc0f17524d62,2024-11,Gloucestershire Constabulary,Gloucestershire Constabulary,-2.240511,51.855591,On or near Howard Street,E01022292,Gloucester 005E,Unable to prosecute suspect
5aa5e40138b4f7aab3bd009cf89530cd0a17dd05fa769071a28f389f0e2b2d3e,2024-11,Gloucestershire Constabulary,Gloucestershire Constabulary,-2.246268,51.864813,On or near Shopping Area,E01032937,Gloucester 004F,Investigation complete; no suspect identified
d3c21093d1ef5b931d388c54c35a02d2cff06a73d16970e2911d5dd9d4de2ae4,2024-11,Gloucestershire Constabulary,Gloucestershire Constabulary,-2.293323,51.827248,On or near Sandpiper Close,E01022342,Gloucester 014D,Local resolution
008ca0db3a70930fb3893e6a21953023e5ffc429d1edbdfe5a3b6b31874d9c6f,2024-11,Gloucestershire Constabulary,Gloucestershire Constabulary,-2.107898,51.882832,On or near Hawcombe Mews,E01022169,Cheltenham 013C,Unable to prosecute suspect
112b7701fba38533377e8402fa84996b139042d371e8c8bdc927c7715b43e66a,2024-11,Gloucestershire Constabulary,Gloucestershire Constabulary,-2.249999,51.859482,On or near Somerset Place,E01034791,Gloucester 004G,Unable to prosecute suspect
081f30e04d4d527f30fe4c2a435f8c6fff7ea7461e76415c8647698235d8995e,2024-11,Gloucestershire Constabulary,Gloucestershire Constabulary,-2.255432,51.844393,On or near Thornhill Close,E01022334,Gloucester 009F,Unable to prosecute suspect
0102331a80deb3811f7c3a6893e77931049e991c9ef6dc2f9ff906fa648009af,2024-11,Gloucestershire Constabulary,Gloucestershire Constabulary,-2.115165,51.918141,On or near Appleyard Close,E01022441,Tewkesbury 004B,Investigation complete; no suspect identified
191e6eea9a2cb34fc9a1da836b2f303799af661875832295ae6bd15307376528,2024-11,Gloucestershire Constabulary,Gloucestershire Constabulary,-4.686746,53.303454,On or near Parking Area,W01000040,Isle of Anglesey 004D,Unable to prosecute suspect
e3f812a8e1ec74b97af2f438d7cf6f28a5ffdfcf40831456477c94e35d60a8b9,2024-11,Gloucestershire Constabulary,Gloucestershire Constabulary,-2.104318,51.918079,On or near Shopping Area,E01022165,Cheltenham 001C,Investigation complete; no suspect identified
95aa55a4d3cce7f2db784d9a905e1445b6a486e64205036b8012e7282f237ca0,2024-11,Gloucestershire Constabulary,Gloucestershire Constabulary,-2.149768,51.932689,On or near Sports/Recreation Area,E01034805,Tewkesbury 008D,Investigation complete; no suspect identified
f70a7b2eca01e239e33e43a6cc97c55003ab193b6d30185b451a941d2aa518be,2024-11,Gloucestershire Constabulary,Gloucestershire Constabulary,-2.054572,51.900860,On or near B4075,E01022100,Cheltenham 008A,Investigation complete; no suspect identified
23c84a3b13501ead17315a69549ba0cfd26ed336dce1c0baec64fe8bb04d0d59,2024-11,Gloucestershire Constabulary,Gloucestershire Constabulary,-2.196932,51.744390,On or near Hill Top Close,E01022399,Stroud 006B,Unable to prosecute suspect
a781497324a7d9f5f4d634c4d50ca76b71fd8e9fb43882307a6e481163b35d7c,2024-11,Gloucestershire Constabulary,Gloucestershire Constabulary,-2.233678,51.853905,On or near Moor Street,E01022288,Gloucester 005A,Unable to prosecute suspect
8f631af096a00eef47f0dacb176daca8078cb101910c24feeb4052e0a9047b98,2024-11,Gloucestershire Constabulary,Gloucestershire Constabulary,-2.504061,51.812022,On or near St White's Road,E01022250,Forest of Dean 004G,Investigation complete; no suspect identified
bb85fb1b81d23af9efd38eeae617bf79f60b33e0900eff786da79c349926eb09,2024-11,Gloucestershire Constabulary,Gloucestershire Constabulary,-2.100036,51.882500,On or near Sports/Recreation Area,E01022172,Cheltenham 013F,Investigation complete; no suspect identified
59486c0c725eda2585690bc79e11f7f41e7d6a3add20b74bc93bb6a355fb7b4b,2024-11,Gloucestershire Constabulary,Gloucestershire Constabulary,-2.216688,51.744391,On or near John Street,E01034804,Stroud 006G,Investigation complete; no suspect identified
8acd59779e08d719a8a3388ff52b14fda1a589da0efbf4f7ef91ffc00d14066a,2024-11,Gloucestershire Constabulary,Gloucestershire Constabulary,-2.235225,51.749579,On or near Duderstadt Close,E01022377,Stroud 004E,Investigation complete; no suspect identified
7b20fbbc1513371f2ee4d3547ba85daf8d6364bd2237621d4c739ebe024ebea1,2024-11,Gloucestershire Constabulary,Gloucestershire Constabulary,-2.274051,51.822143,On or near Petrol Station,E01032933,Gloucester 015E,Unable to prosecute suspect
e8d240e057e96cd2e26d9d406bdb28478f1332d70df01355213fea31daae0bc2,2024-11,Gloucestershire Constabulary,Gloucestershire Constabulary,-2.076678,51.898785,On or near Hospital,E01022117,Cheltenham 009B,Investigation complete; no suspect identified
c229620812b03476ca2021d481e10e2acab2adc2186ccbd3ebc4c3387d124e6b,2024-11,Gloucestershire Constabulary,Gloucestershire Constabulary,-2.248621,51.867595,On or near Further/Higher Educational Building,E01032937,Gloucester 004F,Investigation complete; no suspect identified
e51786bfcd9fdf6747125dbd7e2c8765cf152b77242aa75de48b01ac00dd28ef,2024-11,Gloucestershire Constabulary,Gloucestershire Constabulary,-2.616738,51.793790,On or near Market Place,E01022241,Forest of Dean 007B,Investigation complete; no suspect identified
cc54b3fa9720f503aa9833e23724f1cd4c65c85582636256f9e487d301fb4ab5,2024-11,Gloucestershire Constabulary,Gloucestershire Constabulary,-1.936514,51.671656,On or near Langet,E01034788,Cotswold 010E,Unable to prosecute suspect
af3bdcedbfb58de242c334ab6927ff4306fe5a3d96fd92ac972b96967443223e,2024-11,Gloucestershire Constabulary,Gloucestershire Constabulary,-2.235612,51.868287,On or near Bus/Coach Station,E01022311,Gloucester 002C,Unable to prosecute suspect
b4313e6bbce2bbea2362a800b95d0ed038cfd81b4cd8b9f8a1208ae918a7d04b,2024-11,Gloucestershire Constabulary,Gloucestershire Constabulary,-1.781920,52.058674,On or near The Bratches,E01022183,Cotswold 001C,Investigation complete; no suspect identified
930d0a21b73f1f339bfd7a53fc62ae45f8fa8758f93cd28abfd5ad1717372381,2024-11,Gloucestershire Constabulary,Gloucestershire Constabulary,-1.947667,51.718407,On or near Millennium Way,E01022188,Cotswold 006A,Local resolution
e9c016f3e20f09da7a8b13223d3935eb23903659365349bde2ddc3af4d1a5019,2024-11,Gloucestershire Constabulary,Gloucestershire Constabulary,-2.375786,51.694835,On or near Marment Road,E01022362,Stroud 011D,Investigation complete; no suspect identified
92797917797712f2bdd4c4e6c57ee6130beb9a6f9a944e4c5da613af3115c9ee,2024-11,Gloucestershire Constabulary,Gloucestershire Constabulary,-2.268705,51.806394,On or near Nuthatch Lane,E01034802,Stroud 001H,Formal action is not in the public interest
437f6facb290ad0ca03311f99faf51294163063558f95df1abcf6124dd7f3613,2024-11,Gloucestershire Constabulary,Gloucestershire Constabulary,-2.228486,51.846498,On or near Jenkinson Close,E01022321,Gloucester 011C,Unable to prosecute suspect
38874eb69fdfba1a26fda9914f8a6afff896dd37b8c9b44f3c5f1f92a0d5081c,2024-11,Gloucestershire Constabulary,Gloucestershire Constabulary,-2.210768,51.888267,On or near Bullfinch Way,E01022448,Tewkesbury 008B,Unable to prosecute suspect
c62bd0d30d1087724d37da15818ae9d182e2030d187c1f455550a7cac61548e5,2024-11,Gloucestershire Constabulary,Gloucestershire Constabulary,-2.063510,51.809819,On or near Parking Area,E01022201,Cotswold 004C,Investigation complete; no suspect identified
c1cb0998d640e087dd9fe92fa8559964d300cddbfbf484f7f7bd4622c65d8dde,2024-11,Gloucestershire Constabulary,Gloucestershire Constabulary,-2.358063,51.691114,On or near Oak Drive,E01022375,Stroud 014D,Unable to prosecute suspect
cff0ed955e93aab558c57faa3089f98593897bafcd2f0255363fa97fb411a559,2024-11,Gloucestershire Constabulary,Gloucestershire Constabulary,-2.205761,51.841748,On or near Supermarket,E01022277,Gloucester 010B,Investigation complete; no suspect identified
84c3f477050c9773b9103cd756b9d5f5ef9bfeb9caed2101c41ab22e62046813,2024-11,Gloucestershire Constabulary,Gloucestershire Constabulary,-2.624032,51.812741,On or near Bracelands Drive,E01022234,Forest of Dean 006A,Investigation complete; no suspect identified
ffafa1ace17cc1830e8254d17ef1b5203c3957ba1de9727f3f3c5ac517899143,2024-11,Gloucestershire Constabulary,Gloucestershire Constabulary,-2.243009,51.864339,On or near Shopping Area,E01032937,Gloucester 004F,Suspect charged as part of another case
a7241d547b50bdd1798c4c241fb1056295a0e8da5ed194436250efeab2b06dc6,2024-11,Gloucestershire Constabulary,Gloucestershire Constabulary,-2.241135,51.849997,On or near B4072,E01022327,Gloucester 009B,Investigation complete; no suspect identified
476acf4e0f5ff2c1c44aed6e815e26b783d1f0a686a3dbd46b4e582241c7eafc,2024-11,Gloucestershire Constabulary,Gloucestershire Constabulary,-2.169502,51.849286,On or near Hucclecote Road,E01022423,Tewkesbury 009C,Investigation complete; no suspect identified
6a84351783e4212fe4214052fa411d417253e7e79292e23331a76bc809c29902,2024-11,Gloucestershire Constabulary,Gloucestershire Constabulary,-1.952309,51.695050,On or near Ashton Road,E01022225,Cotswold 008E,Investigation complete; no suspect identified
d5ff234eeb0b1f21126f5e7fade17743b0ea8c74ef653c7c5ffb7c5a26e1e8c7,2024-11,Gloucestershire Constabulary,Gloucestershire Constabulary,-2.057513,51.904491,On or near Whaddon Road,E01022134,Cheltenham 006D,Suspect charged
d2765e246b92d50f920855d05aa0ddfcdcb548e5f5f901bf0e59cfc48a4250b5,2024-11,Gloucestershire Constabulary,Gloucestershire Constabulary,-2.168637,51.850825,On or near Prince Albert Court,E01034807,Tewkesbury 009F,Investigation complete; no suspect identified
f205da74ad7dd94750dedf8fae2bcc6412fe71e0ba360058a22a7132079a78dd,2024-11,Gloucestershire Constabulary,Gloucestershire Constabulary,-2.069386,51.912765,On or near The Gardens,E01022139,Cheltenham 004A,Investigation complete; no suspect identified
84e87e66ec5941c5421a6add86d3cd1a38ec1f248cceb85aeca4dbfd1f7478f6,2024-11,Gloucestershire Constabulary,Gloucestershire Constabulary,-2.246268,51.864813,On or near Shopping Area,E01032937,Gloucester 004F,Unable to prosecute suspect
923af3be9c5389e96a2f211eff1427835b2a7c0f29d88f9122ead7c402aad747,2024-11,Gloucestershire Constabulary,Gloucestershire Constabulary,-1.949330,51.992936,On or near Church Lane,E01022449,Tewkesbury 003A,Investigation complete; no suspect identified
b37744618bb5fcc08085d456f2fd56f5e2fd73151e958936fc8614379c7fcf03,2024-11,Gloucestershire Constabulary,Gloucestershire Constabulary,-2.246268,51.864813,On or near Shopping Area,E01032937,Gloucester 004F,Suspect charged
a8b6811d9ecc12ec553eb4326bb20523093a04d5ad8effae785bd87b3d26dda2,2024-11,Gloucestershire Constabulary,Gloucestershire Constabulary,-2.246268,51.864813,On or near Shopping Area,E01032937,Gloucester 004F,Unable to prosecute suspect
a3a3d5ad606d2a7f8ee68a8488d7a76dc7ef2db73c72b16ce276c747a8c8ad4c,2024-11,Gloucestershire Constabulary,Gloucestershire Constabulary,-2.363671,51.701383,On or near Noel Lee Way,E01022361,Stroud 011C,Investigation complete; no suspect identified
0bf3b7f1b129d2689906b4837d56eb6be9890d0114fe8349be8db7a6865e3da4,2024-11,Gloucestershire Constabulary,Gloucestershire Constabulary,-1.949330,51.992936,On or near Church Lane,E01022449,Tewkesbury 003A,Investigation complete; no suspect identified
4a5a6ba6a44649e7a7222874fcef9c5cd3c421474c40d8a3ea1dcd22eec944a2,2024-11,Gloucestershire Constabulary,Gloucestershire Constabulary,-2.222504,51.860823,On or near Supermarket,E01022312,Gloucester 002D,Investigation complete; no suspect identified
b42f15a86000f4db1c798c0e27a56fcdc7f7fad0034fea6919526c3ca2251441,2024-11,Gloucestershire Constabulary,Gloucestershire Constabulary,-1.965029,51.955846,On or near Stancombe View,E01022463,Tewkesbury 003B,Investigation complete; no suspect identified
334590fb72994d161102ecf208e835e3b10281e2810c4722676656431fb667bf,2024-11,Gloucestershire Constabulary,Gloucestershire Constabulary,-2.236639,51.853693,On or near Morton Street,E01022294,Gloucester 008B,Investigation complete; no suspect identified
bd0301002faa4ad1eda62006b42cb50fb52b58882017c457178c8639bfe10bb6,2024-11,Gloucestershire Constabulary,Gloucestershire Constabulary,-2.497079,51.822122,On or near Parking Area,E01022236,Forest of Dean 004A,Investigation complete; no suspect identified
9313e56bd8d2c50dd1e8aff519e831c310eec3e8d99854c808144042e72e3869,2024-11,Gloucestershire Constabulary,Gloucestershire Constabulary,-2.374017,51.696046,On or near Hadley Road,E01022364,Stroud 011F,Unable to prosecute suspect
f0001acaf1a4505e5fb561bbf95806c4a4206a8eebf51d57e82c701655848e97,2024-11,Gloucestershire Constabulary,Gloucestershire Constabulary,-2.220022,51.831301,On or near Bazeley Road,E01022320,Gloucester 011B,Action to be taken by another organisation
a244ba33aa48b4c1142a6305d598c1caaf7b59de2fab815ed98928ca1443b25a,2024-11,Gloucestershire Constabulary,Gloucestershire Constabulary,-2.055868,51.902621,On or near Whaddon Avenue,E01022133,Cheltenham 006C,Investigation complete; no suspect identified
1c632643b910b41b5871c4e4db5e3cc3649814fff67aaf37f6253d3ccf913b3c,2024-11,Gloucestershire Constabulary,Gloucestershire Constabulary,-2.218711,51.830297,On or near Caledonian Road,E01022319,Gloucester 011A,Action to be taken by another organisation
fe4a071d70d18328cf1bd9306966c1a721ff66ebc87a75e41fd445385cf6c97a,2024-11,Gloucestershire Constabulary,Gloucestershire Constabulary,-2.221856,51.738079,On or near Butterow West,E01022395,Stroud 007C,Unable to prosecute suspect
a243bc5b75fcc51b2f20e1f0de6d58d7b2aa2a7b4c4ac109bd60fceb42a3d922,2024-11,Gloucestershire Constabulary,Gloucestershire Constabulary,-2.236118,51.863077,On or near Supermarket,E01022289,Gloucester 005B,Suspect charged
62757183d870e076e580dc3b12f720b8bbd0aa3fbf320a648891365b1c24be39,2024-11,Gloucestershire Constabulary,Gloucestershire Constabulary,-2.236118,51.863077,On or near Supermarket,E01022289,Gloucester 005B,Suspect charged
1d149cda12ee8458ba54255ecbba83123782a9714630c4cc3d7123d5ddcbea02,2024-11,Gloucestershire Constabulary,Gloucestershire Constabulary,-2.262634,51.834882,On or near Russet Close,E01022301,Gloucester 013C,Unable to prosecute suspect
0e2ae55e024ee3403910e69f19376235a63267820ec6fd021badf8f21e13ebdf,2024-11,Gloucestershire Constabulary,Gloucestershire Constabulary,-2.073568,51.900643,On or near Shopping Area,E01022102,Cheltenham 008C,Investigation complete; no suspect identified
b7ce3144808b30348fd1d52faae2b00d08dfb18b14106027ed1e2408b52dce57,2024-11,Gloucestershire Constabulary,Gloucestershire Constabulary,-2.262995,51.822159,On or near Coningsby Walk,E01034795,Gloucester 015I,Investigation complete; no suspect identified
618413eab5df90baf7ba87c281263667295c865e26a89af9a3df4935af53e3af,2024-11,Gloucestershire Constabulary,Gloucestershire Constabulary,-2.246268,51.864813,On or near Shopping Area,E01032937,Gloucester 004F,Investigation complete; no suspect identified
569ebfe9a07db11948f33e8d5a8b2854bb9cd08e8bdad492509bedb2e053fcca,2024-11,Gloucestershire Constabulary,Gloucestershire Constabulary,-2.155402,51.995299,On or near Parking Area,E01022459,Tewkesbury 002D,Investigation complete; no suspect identified
10614ac41adc8de2cc0175fac16e9dcb089715e2e1853b10e97a62832bf3268c,2024-11,Gloucestershire Constabulary,Gloucestershire Constabulary,-2.071038,51.900392,On or near Parking Area,E01022102,Cheltenham 008C,Investigation complete; no suspect identified
248c0e444d73a8808086bc6df1ba3a0137f72a5db6713f87102bdf2787183e70,2024-11,Gloucestershire Constabulary,Gloucestershire Constabulary,-1.756154,51.697297,On or near Park/Open Space,E01022209,Cotswold 009E,Unable to prosecute suspect
ca6a3fc769ffcd9a7c1b78ab5b67a1a60c46bd7adece3039a7d92dc80939e65d,2024-11,Gloucestershire Constabulary,Gloucestershire Constabulary,-2.239474,51.857085,On or near Regent Street,E01022292,Gloucester 005E,Unable to prosecute suspect
7fcb4e3e4beb8b9f88e06ff33ffd874fdae2fc7073ca17b0d3544a9709ecd821,2024-11,Gloucestershire Constabulary,Gloucestershire Constabulary,-2.056845,51.905525,On or near Thames Road,E01022134,Cheltenham 006D,Unable to prosecute suspect
365c762cdeb5d334b9c1f33959f16ce9bd02234df59e236b21e9bf2e0ceedcfe,2024-11,Gloucestershire Constabulary,Gloucestershire Constabulary,-2.116517,51.996584,On or near Petrol Station,E01032938,Tewkesbury 001F,Investigation complete; no suspect identified
c5b10128908be7f9d4a780c1814976bd7ed5655a79963d4c02467f3d49d8011a,2024-11,Gloucestershire Constabulary,Gloucestershire Constabulary,-2.286641,51.741670,On or near Wharfdale Way,E01022400,Stroud 005A,Unable to prosecute suspect
d543d560f4f0515bd733f7f85894362a2efbd8e496e690d04eb6a14f2b3dc973,2024-11,Gloucestershire Constabulary,Gloucestershire Constabulary,-2.120421,51.915493,On or near Hallmead Close,E01022161,Cheltenham 003C,Unable to prosecute suspect
9ad2d5a2fd082f36c2fd2fd4f75b0a15d3e5dcf7733063aade52dd07c253ab7e,2024-11,Gloucestershire Constabulary,Gloucestershire Constabulary,-2.254083,51.852370,On or near Lysons Avenue,E01022326,Gloucester 009A,Suspect charged
ee468ce05086372d577be300c74dc6d14fa69750173205f8584e35d8a90308d7,2024-11,Gloucestershire Constabulary,Gloucestershire Constabulary,-2.103018,51.915392,On or near Petrol Station,E01022165,Cheltenham 001C,Investigation complete; no suspect identified
03bc6c839fa3ed3ae3e17ead11e28792cf37ac60738ef0ea0e4501de57a7cd02,2024-11,Gloucestershire Constabulary,Gloucestershire Constabulary,-2.204578,51.881679,On or near Melody Way,E01022316,Gloucester 001C,Investigation complete; no suspect identified
3a02422a646f41a745c50fff42d785ab471572610883cfb8b178cd3444f583d9,2024-11,Gloucestershire Constabulary,Gloucestershire Constabulary,-2.204578,51.881679,On or near Melody Way,E01022316,Gloucester 001C,Investigation complete; no suspect identified
610e84e04d6c779dd9091a6ad01eecfbe7386b40a58ee91acb2732fdfdcde5e5,2024-11,Gloucestershire Constabulary,Gloucestershire Constabulary,-1.967370,51.715564,On or near Cricklade Street,E01022194,Cotswold 007A,Suspect charged as part of another case
c0e264605c0f3a2b3eb30641b4df53884cf140e0f980d9e4a91f3156e3f5c6f0,2024-11,Gloucestershire Constabulary,Gloucestershire Constabulary,-1.968489,51.715816,On or near Nightclub,E01022194,Cotswold 007A,Suspect charged as part of another case
b77fd31d789bec3d3ac0c2a2001462282995055cf1e887b41e584b66a4d3decf,2024-11,Gloucestershire Constabulary,Gloucestershire Constabulary,-1.968489,51.715816,On or near Nightclub,E01022194,Cotswold 007A,Suspect charged as part of another case
64a39edb006c5a2952812d941c3a054563121518b0ecc680684d870bfc4ae3ab,2024-11,Gloucestershire Constabulary,Gloucestershire Constabulary,-2.507116,51.827015,On or near Supermarket,E01022240,Forest of Dean 004E,Investigation complete; no suspect identified
a4b51bd8065ac3642a0bfc3232af9d9d8ad2623e1437e2aaf40d25e41cb2262f,2024-11,Gloucestershire Constabulary,Gloucestershire Constabulary,-2.358748,51.693684,On or near Willow Close,E01022360,Stroud 011B,Investigation complete; no suspect identified
50cc6af6876bf730d6b7d5a9c87b179fc0ac42d0db3da6f8c8c81fafc8cb80fe,2024-11,Gloucestershire Constabulary,Gloucestershire Constabulary,-1.759088,51.883283,On or near Bow Lane,E01022181,Cotswold 003B,Investigation complete; no suspect identified
80dbe999becb249e5a8edd220b83f830f3445cb9e16f91a0a3de39d4d7167434,2024-11,Gloucestershire Constabulary,Gloucestershire Constabulary,-2.239797,51.863226,On or near Nettleton Road,E01032937,Gloucester 004F,Unable to prosecute suspect
c0f521fbed66f6cbe29fd518861f110d5313a3dc49dcfbea1535f6c368ac8b39,2024-11,Gloucestershire Constabulary,Gloucestershire Constabulary,-2.120793,51.999691,On or near Alexandra Way,E01022452,Tewkesbury 001D,Investigation complete; no suspect identified
558ca1633f653bd8d1def220d9356faa332c0dc8b43c6c37da7d6fa175b87513,2024-11,Gloucestershire Constabulary,Gloucestershire Constabulary,-2.106627,51.910741,On or near Dormer Road,E01022159,Cheltenham 005E,Unable to prosecute suspect
67bd1aa6fc971850c038813be2b7f9abfbb980a35486d4615ce44abdb22b55f9,2024-11,Gloucestershire Constabulary,Gloucestershire Constabulary,-2.106627,51.910741,On or near Dormer Road,E01022159,Cheltenham 005E,Unable to prosecute suspect
8a2026095a6310188ca2f66164526983a092886e2a4a6e21413ca23cd69c6955,2024-11,Gloucestershire Constabulary,Gloucestershire Constabulary,-2.106627,51.910741,On or near Dormer Road,E01022159,Cheltenham 005E,Unable to prosecute suspect
e7b326b2f3171b461b2298c997929bd37a81fa0044ceefea603b924635f99de2,2024-11,Gloucestershire Constabulary,Gloucestershire Constabulary,-2.222242,51.840072,On or near Juniper Avenue,E01022324,Gloucester 011E,Unable to prosecute suspect
1d48243d7a1a2fc412fdc7f780de0d4df6ced8e24a2486103944f10ea1edc20f,2024-11,Gloucestershire Constabulary,Gloucestershire Constabulary,-2.106627,51.910741,On or near Dormer Road,E01022159,Cheltenham 005E,Unable to prosecute suspect
4d343a097c2fd89cc2932557c38a3c65b71ea250681fda9cd5701c52c0494273,2024-11,Gloucestershire Constabulary,Gloucestershire Constabulary,-2.273681,51.928461,On or near Bloxhams Orchard,E01022445,Tewkesbury 004C,Action to be taken by another organisation
618bd0a4d30af3f13d8620284d9b18b6b417163b8010c0968d338f411542c2c7,2024-11,Gloucestershire Constabulary,Gloucestershire Constabulary,-2.248301,51.740885,On or near Greenaways,E01022356,Stroud 004B,Unable to prosecute suspect
b7d94a0b1ed391cb6c816e197af4269134436f9ea31efad647cb6432140e118f,2024-11,Gloucestershire Constabulary,Gloucestershire Constabulary,-2.605053,51.791720,On or near Coalway Road,E01022243,Forest of Dean 007D,Unable to prosecute suspect
2f0b3728cbb3bec8d26a27720941b6b94d817b1543ea4b87928d58cf573e7fe8,2024-11,Gloucestershire Constabulary,Gloucestershire Constabulary,-2.263831,51.816169,On or near Silverstone Walk,E01034798,Gloucester 015L,Action to be taken by another organisation
f7505f28a85d9c06a8e3a35fcc9f2c17ca877100250f06cae976dbfee1d45fd1,2024-11,Gloucestershire Constabulary,Gloucestershire Constabulary,-2.049123,51.901788,On or near Supermarket,E01034780,Cheltenham 012I,Suspect charged
c40ffbfcfc310c33d906fd3b648968fa28d447c91ee111193643f87229aee74a,2024-11,Gloucestershire Constabulary,Gloucestershire Constabulary,-2.232891,51.695736,On or near Higher Newmarket Road,E01022388,Stroud 013D,Investigation complete; no suspect identified
eb2e457467da1500ee828393ce5657bd0dba74d159e5c458fa6373e8c059e618,2024-11,Gloucestershire Constabulary,Gloucestershire Constabulary,-2.049123,51.901788,On or near Supermarket,E01034780,Cheltenham 012I,Suspect charged as part of another case
cc9bc8ff74fda21c86f6d3bcf98a474e72415bd1842ecf6a5649a421c62181e2,2024-11,Gloucestershire Constabulary,Gloucestershire Constabulary,-2.077117,51.885221,On or near Fairfield Walk,E01022119,Cheltenham 009C,Action to be taken by another organisation
b79cebb8b2e8d4e347ffc02693c6e3dc5377d1e10765f7e15b68bfb04912a6cf,2024-11,Gloucestershire Constabulary,Gloucestershire Constabulary,-2.259978,51.837244,On or near Cole Avenue,E01022301,Gloucester 013C,Unable to prosecute suspect
ce038186c63bc9a3f778bc003edbde7180c5f10c64fa7c805c0ee086f077c23f,2024-11,Gloucestershire Constabulary,Gloucestershire Constabulary,,,No location,,,Unable to prosecute suspect
25245cd770748a3e43f88ef0b59ef24ac5eb40cd032bed6de44e3702601f5411,2024-11,Gloucestershire Constabulary,Gloucestershire Constabulary,-2.259978,51.837244,On or near Cole Avenue,E01022301,Gloucester 013C,Unable to prosecute suspect
ad86086f746f57e7b5379edae190993e11f1e28c167caf6e2ee7989a6edced08,2024-11,Gloucestershire Constabulary,Gloucestershire Constabulary,-2.190055,51.845038,On or near Bay Tree Road,E01022281,Gloucester 010D,Unable to prosecute suspect
7334f40e8cc599d94a3a37a3ac5106d464a6e9780e02062426db093439890651,2024-11,Gloucestershire Constabulary,Gloucestershire Constabulary,-2.098234,51.914947,On or near Shopping Area,E01022165,Cheltenham 001C,Unable to prosecute suspect
bcfab1a9a01235a1170dffd1bee4bc82180d8190fa5867b1275a90c557552f7c,2024-11,Gloucestershire Constabulary,Gloucestershire Constabulary,-2.574332,51.705154,On or near Court Lane,E01022227,Forest of Dean 009B,Investigation complete; no suspect identified
210259022e980694248eee9ca478b6c857402d6211d9c9c62898d9a7367eae20,2024-11,Gloucestershire Constabulary,Gloucestershire Constabulary,-2.205761,51.841748,On or near Supermarket,E01022277,Gloucester 010B,Investigation complete; no suspect identified
e5cd5223d7ec4b14c5ff6ebf593b80a2ab40664b1c32f138731e58e211d36d3f,2024-11,Gloucestershire Constabulary,Gloucestershire Constabulary,-2.217500,51.841016,On or near Culverin Close,E01022324,Gloucester 011E,Investigation complete; no suspect identified
6022595eb60499114edc96f5585dda3c9f3b0b9831093f18fa17b0f06a9ff010,2024-11,Gloucestershire Constabulary,Gloucestershire Constabulary,-1.860527,52.004813,On or near Parking Area,E01022449,Tewkesbury 003A,Unable to prosecute suspect
022ad25c875193d97bde04f76744944f00cdd92f9086857723a9294c6a285c93,2024-11,Gloucestershire Constabulary,Gloucestershire Constabulary,-2.216688,51.744391,On or near John Street,E01034804,Stroud 006G,Investigation complete; no suspect identified
18123a873eb829f4813eaea7f571ede2d37d1694893e4a1550e5c3da8ccf487d,2024-11,Gloucestershire Constabulary,Gloucestershire Constabulary,-2.081814,51.895908,On or near Supermarket,E01022126,Cheltenham 009F,Investigation complete; no suspect identified
a836dcd2f2d702f26c0792604478125ec23905d03e5f89de4e9b9f84c04aad5c,2024-11,Gloucestershire Constabulary,Gloucestershire Constabulary,-2.350098,51.682543,On or near Bymacks Lane,E01022374,Stroud 014C,Investigation complete; no suspect identified
985902606c3eff98bcc1af32160aa3ae5606b1b5ba1777ebdd7da07d6a21e72f,2024-11,Gloucestershire Constabulary,Gloucestershire Constabulary,-2.196558,51.851627,On or near Hadrians Way,E01022307,Gloucester 010F,Investigation complete; no suspect identified
d81dc38fd7e36dd6514c64ff488dce20da48b458f75c77a698df4f0a9a03de49,2024-11,Gloucestershire Constabulary,Gloucestershire Constabulary,-2.238035,51.859597,On or near Victoria Street,E01022289,Gloucester 005B,Investigation complete; no suspect identified
3d0de1d32733a4adfb8e1ddb4f17ce192ab1b39a6bbcf767e4b596b2a2e1e613,2024-11,Gloucestershire Constabulary,Gloucestershire Constabulary,-2.223532,51.842776,On or near Langley Road,E01022322,Gloucester 011D,Unable to prosecute suspect
785eced281716e2a87d682e145a571332bd5640d8f32389960ae83c84c4fb1f1,2024-11,Gloucestershire Constabulary,Gloucestershire Constabulary,-2.160822,51.731741,On or near Farriers Croft,E01022369,Stroud 008D,Investigation complete; no suspect identified
1e6e677edfc37f4fb28aa33f91638922d538110119e75c95f22ea599e201ac93,2024-11,Gloucestershire Constabulary,Gloucestershire Constabulary,-2.223532,51.842776,On or near Langley Road,E01022322,Gloucester 011D,Unable to prosecute suspect
f9dc5b03ff6d50fc85ca7a08df024559b855fa05c899904d51627a07aa9f96fc,2024-11,Gloucestershire Constabulary,Gloucestershire Constabulary,-2.247538,51.868739,On or near St Mary's Street,E01032937,Gloucester 004F,Investigation complete; no suspect identified
51a27e3bb9fa955cfee76c19bff9079ec6d4becb541bed00d8596052bfb50cf4,2024-11,Gloucestershire Constabulary,Gloucestershire Constabulary,-2.197602,51.745225,On or near Reservoir Close,E01022399,Stroud 006B,Investigation complete; no suspect identified
8b5ec5bf1d69e7c2385f78f9c33b398a109c9ef70a5f8895bc8be42f55fb49f4,2024-11,Gloucestershire Constabulary,Gloucestershire Constabulary,-2.113074,51.901681,On or near Goldsmith Road,E01022147,Cheltenham 005C,Investigation complete; no suspect identified
e3610325a5461dc70001ab270a7bf30acdbc32dceedaab99f31922d97c1989f8,2024-11,Gloucestershire Constabulary,Gloucestershire Constabulary,-2.080079,51.892645,On or near Suffolk Parade,E01022117,Cheltenham 009B,Investigation complete; no suspect identified
e2d9a040c346fd64f9dff4f4d68713f53e663e01842d17cf5805ffbc8895b740,2024-11,Gloucestershire Constabulary,Gloucestershire Constabulary,-2.088562,51.905793,On or near Lower Mill Street,E01034777,Cheltenham 007G,Investigation complete; no suspect identified
8f874c4b276a24d1d93bd28676425b6a2d8a933a3fbc68fd263e315e2c9d00a4,2024-11,Gloucestershire Constabulary,Gloucestershire Constabulary,-2.090253,51.893393,On or near Petrol Station,E01022136,Cheltenham 011B,Investigation complete; no suspect identified
99fec344adc4a0d1e8234f426c1a7f209cf93fa4b07bccb7d8b294d8c319a9e5,2024-11,Gloucestershire Constabulary,Gloucestershire Constabulary,-2.138481,51.982274,On or near Jasper Drive,E01032940,Tewkesbury 001H,Unable to prosecute suspect
01c1e2476936a72a8997677e5b6bc1cee630b206a14f25ec86498575c0cae484,2024-11,Gloucestershire Constabulary,Gloucestershire Constabulary,-2.117642,51.886833,On or near Flint Road,E01022168,Cheltenham 013B,Investigation complete; no suspect identified
1276090bd640878634662d19a167539d770cbf64229c5c050a59d37f7feb14ed,2024-11,Gloucestershire Constabulary,Gloucestershire Constabulary,-2.255300,51.618221,On or near The Meads,E01034790,Cotswold 011H,Unable to prosecute suspect
8df716f1114cae2a488562305c8eb563adc53810e0cfe38cbff5b7f5be1cf024,2024-11,Gloucestershire Constabulary,Gloucestershire Constabulary,-2.361582,51.689782,On or near Blackboys,E01022375,Stroud 014D,Investigation complete; no suspect identified
4a53cb1a0e00f564152151ca244bedc00ac03045238ded89742cdb815036cc95,2024-11,Gloucestershire Constabulary,Gloucestershire Constabulary,-2.499983,51.824950,On or near Shopping Area,E01022240,Forest of Dean 004E,Unable to prosecute suspect
214523ea1c5d95c5ebcc2eeb31c5606f1e74772e8bfaeedc0e60fad37a8779a9,2024-11,Gloucestershire Constabulary,Gloucestershire Constabulary,-1.967370,51.715564,On or near Cricklade Street,E01022194,Cotswold 007A,Local resolution
e8a93141887679e9b9866e1ec484eb6ff41aa786c982b1aebb28895df61e0f15,2024-11,Gloucestershire Constabulary,Gloucestershire Constabulary,-2.120142,51.865324,On or near Atherton Close,E01022454,Tewkesbury 008C,Investigation complete; no suspect identified
61e704b7593d39e41961cee74888eb68db76caae0cf638f601a639224388d5ad,2024-11,Gloucestershire Constabulary,Gloucestershire Constabulary,-1.968489,51.715816,On or near Nightclub,E01022194,Cotswold 007A,Local resolution
1aa015168fb9a6aa26225d37c19c2f6537751e1a9c0c44038eded100a52cc343,2024-11,Gloucestershire Constabulary,Gloucestershire Constabulary,-2.277381,51.837501,On or near Sims Lane,E01022339,Gloucester 014A,Local resolution
44c41dc7c943fb749e3e16fa6bdd9e21efc483b537957a809a600f40057b5450,2024-11,Gloucestershire Constabulary,Gloucestershire Constabulary,-2.264273,51.814856,On or near Ampney Drive,E01034798,Gloucester 015L,Unable to prosecute suspect
eb534bcb13017da5b2d3c7c7d3600d1aeb760c3d2dbba05d6704f72562dd9209,2024-11,Gloucestershire Constabulary,Gloucestershire Constabulary,-2.361468,51.688209,On or near Supermarket,E01022375,Stroud 014D,Unable to prosecute suspect
023c9c07fcf075596a8a4f1a77b1882741d44a429ae783ec961fadefd75bc7fe,2024-11,Gloucestershire Constabulary,Gloucestershire Constabulary,-2.371304,51.696989,On or near The Close,E01022364,Stroud 011F,Unable to prosecute suspect
613a9329bb5adf7dfa7573b4791df7e2e44357bdf9a76d7ab03141a9f7039a16,2024-11,Gloucestershire Constabulary,Gloucestershire Constabulary,-2.055570,51.908528,On or near Lynworth Place,E01022131,Cheltenham 006A,Unable to prosecute suspect
5e63cf5ebd50cd3f1c92991e591dacc9ad993e4c8b3916da1d0db9a315a709f4,2024-11,Gloucestershire Constabulary,Gloucestershire Constabulary,-2.076929,51.902645,On or near Shopping Area,E01022153,Cheltenham 004D,Unable to prosecute suspect
58333b77727ef062c2d08bbb4b353619d6499a8e8c7a13281c8cc4bc868be784,2024-11,Gloucestershire Constabulary,Gloucestershire Constabulary,-2.242316,51.861854,On or near Wellington Street,E01034793,Gloucester 004I,Unable to prosecute suspect
35745531874eafd28f68b1785bcf87490a03a30851eee1a735181d05f30ce11a,2024-11,Gloucestershire Constabulary,Gloucestershire Constabulary,-2.609640,51.783532,On or near Ruffet Close,E01022245,Forest of Dean 007F,Unable to prosecute suspect
263b8e6507aa10cc7903ee6734fe700326f1844fcfc8d7380b526e7e5772b7ec,2024-11,Gloucestershire Constabulary,Gloucestershire Constabulary,-1.988000,51.644016,On or near Park/Open Space,E01031885,Wiltshire 002A,Unable to prosecute suspect
e7a00a84090061311134e5e975bd0596dd5387b62ce171ef7850a92e521e5a7b,2024-11,Gloucestershire Constabulary,Gloucestershire Constabulary,,,No location,,,Unable to prosecute suspect
9857e06a8112c95054c0ab63fc0536cd2d29619ea9cf7a9844b81cdfe14934e7,2024-11,Gloucestershire Constabulary,Gloucestershire Constabulary,-2.344037,51.634826,On or near Fountain Crescent,E01022416,Stroud 015C,Investigation complete; no suspect identified
df5a3eee21e316ee8a128a1a5fcb9c9fd62312b3582b4581eefdfef4b1252068,2024-11,Gloucestershire Constabulary,Gloucestershire Constabulary,-2.230105,51.745409,On or near John Harper Close,E01034804,Stroud 006G,Unable to prosecute suspect
5ab2d6fc6852e6e92d1d20a12a89caeaba3319e7bf3ee04290221dd4b6bed001,2024-11,Gloucestershire Constabulary,Gloucestershire Constabulary,-2.082638,51.885298,On or near Moorend Street,E01022130,Cheltenham 015C,Suspect charged
599e23750a864361e6814634a92ca7f3a273b8e2e8b0a70457b235cc0d606f6a,2024-11,Gloucestershire Constabulary,Gloucestershire Constabulary,-1.968489,51.715816,On or near Nightclub,E01022194,Cotswold 007A,Suspect charged as part of another case
f00c9bcffe2a5a350f5be5a92481d873cbf36cab91e040557da7b632e7cf97c8,2024-11,Gloucestershire Constabulary,Gloucestershire Constabulary,-2.278968,51.751417,On or near Pheasant Mead,E01022402,Stroud 005C,Formal action is not in the public interest
0aa5005c13ba51117bf40772e3b07e0536b267c822bfc5309859309a3216bceb,2024-11,Gloucestershire Constabulary,Gloucestershire Constabulary,-2.609392,51.784523,On or near Greenways Drive,E01022245,Forest of Dean 007F,Unable to prosecute suspect
d44ae78084ec1f7fdb8d284ce75b809754c7a1f361f1b077673dc434181d2826,2024-11,Gloucestershire Constabulary,Gloucestershire Constabulary,-2.280061,51.822614,On or near Giles Cox,E01034797,Gloucester 015K,Unable to prosecute suspect
8718a71e0cfe6a7d824bf183bdf896c75984c186073176ba5ba5441d056c1f1b,2024-11,Gloucestershire Constabulary,Gloucestershire Constabulary,-2.215449,51.852313,On or near Vestry Gardens,E01022286,Gloucester 007F,Unable to prosecute suspect
0385e8297b96faa8aa2af11ff64bd12686cb89c4ec0d61d442890cd4d8ff88e8,2024-11,Gloucestershire Constabulary,Gloucestershire Constabulary,-2.241804,51.866539,On or near Spread Eagle Road,E01032937,Gloucester 004F,Suspect charged
630040aab5758ce11fad53b1c87aefb938396a8c1e199f00c024f97321cc0f92,2024-11,Gloucestershire Constabulary,Gloucestershire Constabulary,-2.324785,51.745050,On or near Swallow Croft,E01022376,Stroud 003A,Unable to prosecute suspect
ec6fbfffb8833e01156aff30e63420fa016b628751d9f448fb16cbf3990e17fa,2024-11,Gloucestershire Constabulary,Gloucestershire Constabulary,-2.253311,51.861000,On or near Shopping Area,E01034791,Gloucester 004G,Investigation complete; no suspect identified
566084bce98fc87cb762f6dbf9989892200baa000fb2db0b5f6b90f2f32e4168,2024-11,Gloucestershire Constabulary,Gloucestershire Constabulary,-1.968489,51.715816,On or near Nightclub,E01022194,Cotswold 007A,Suspect charged as part of another case
1f54939208356ffa884ab70d19545641d850727f145723db9ce18a5dbf4446fe,2024-11,Gloucestershire Constabulary,Gloucestershire Constabulary,-2.247765,51.830716,On or near Windrush Road,E01022346,Gloucester 012D,Unable to prosecute suspect
b9acea778834a0f48e642c36334569e89c6484a227be7f2381edd3568a5ba1ed,2024-11,Gloucestershire Constabulary,Gloucestershire Constabulary,-2.586294,51.700258,On or near Swains Field,E01022248,Forest of Dean 010A,Unable to prosecute suspect
c760bc0d136f74dfed07d70b47c452b9c520fa110b87f42c536cd91d2600ce3a,2024-11,Gloucestershire Constabulary,Gloucestershire Constabulary,-1.760708,51.706280,On or near Park/Open Space,E01022202,Cotswold 009A,Investigation complete; no suspect identified
2f20aabde4a0e4e7af3c7400925e6407df7c47d0a90be88b09a25b506e863325,2024-11,Gloucestershire Constabulary,Gloucestershire Constabulary,-2.255397,51.855478,On or near Shopping Area,E01022332,Gloucester 004A,Unable to prosecute suspect
5b3afda0b4029c6d1a7d81eda2e7f63b97012bd7e35ebe4267d9e3bf976c5791,2024-11,Gloucestershire Constabulary,Gloucestershire Constabulary,-2.255396,51.858589,On or near St Ann Way,E01022332,Gloucester 004A,Investigation complete; no suspect identified
504673d2a3905deb6420d48adba73ecab0e85ae8103a24634b389478015fb3af,2024-11,Gloucestershire Constabulary,Gloucestershire Constabulary,-2.064001,51.908776,On or near Little Cleevemount,E01022140,Cheltenham 008D,Investigation complete; no suspect identified
2b78b1f2402c1d61d639d87128ec31a6c7f9a323d7d98b66e33114ca8100820f,2024-11,Gloucestershire Constabulary,Gloucestershire Constabulary,-2.232248,51.750907,On or near College Road,E01022377,Stroud 004E,Unable to prosecute suspect
51d3ef2f9aef370bc001eafa2b5e1a4f61e3d5a7bab8363b4905d299e396133e,2024-11,Gloucestershire Constabulary,Gloucestershire Constabulary,-2.170435,51.850292,On or near Bulford Close,E01034807,Tewkesbury 009F,Action to be taken by another organisation
ea6f33d73c2a04e0a761c7404cf730d30b2f2f2bfea3b1c490f01831f0e290e0,2024-11,Gloucestershire Constabulary,Gloucestershire Constabulary,-2.170435,51.850292,On or near Bulford Close,E01034807,Tewkesbury 009F,Action to be taken by another organisation
8a0623faa4b37cce1e554fb6875e039bd652157501e6d740e46adb3e8b859281,2024-11,Gloucestershire Constabulary,Gloucestershire Constabulary,-2.241023,51.864347,On or near Whitfield Street,E01032937,Gloucester 004F,Unable to prosecute suspect
f4ebcbd697a48692009c011f108a7497605f1fdce52b709628321dbd17a7c351,2024-11,Gloucestershire Constabulary,Gloucestershire Constabulary,-2.107926,51.894709,On or near Petrol Station,E01022106,Cheltenham 010A,Suspect charged
b8d9c605ce93d85054f1ba1abb452a611e8e3a8a55dfe625334b4653d6de0050,2024-11,Gloucestershire Constabulary,Gloucestershire Constabulary,-2.197138,51.609150,On or near Sports/Recreation Area,E01034790,Cotswold 011H,Formal action is not in the public interest
7bd31d03d8ac7653573a5c24456be275dad98ec66df1f710df85cfab99f4e602,2024-11,Gloucestershire Constabulary,Gloucestershire Constabulary,-2.075697,51.904993,On or near Dunalley Street,E01022153,Cheltenham 004D,Investigation complete; no suspect identified
a0544cbe95f18f5a042dc6f4c995904b17e21179a118bed341bc3a4210ca089c,2024-11,Gloucestershire Constabulary,Gloucestershire Constabulary,-2.242674,51.863615,On or near Eastgate Street,E01032937,Gloucester 004F,Local resolution
1437668f13ed1d3c061e65f7598e3850bd28b1844fc9fb8054d512719f601f41,2024-11,Gloucestershire Constabulary,Gloucestershire Constabulary,-2.242234,51.880568,On or near Hospital,E01022310,Gloucester 002B,Investigation complete; no suspect identified
571726589980ca74e9e1128c9b1f80647398e832a544016cebdf05ec3d9e3aad,2024-11,Gloucestershire Constabulary,Gloucestershire Constabulary,-1.977334,51.704192,On or near Haygarth Close,E01022193,Cotswold 008C,Investigation complete; no suspect identified
ce47301516156c592e9aaca8b048f683e3328ac6f316bb245c5ab2e127e79e7b,2024-11,Gloucestershire Constabulary,Gloucestershire Constabulary,-2.091938,51.893032,On or near Polefield Gardens,E01022136,Cheltenham 011B,Unable to prosecute suspect
350a3291a4b17b5e1568a64f9622f8cb00ba719c766141ec1e02c8557c3f46e3,2024-11,Gloucestershire Constabulary,Gloucestershire Constabulary,-2.513818,51.826869,On or near Birchwood Close,E01022238,Forest of Dean 004C,Investigation complete; no suspect identified
76ce4f1d142646b8a12e0f633827d0b9d66b720b666a47ec8c54613942bd49fe,2024-11,Gloucestershire Constabulary,Gloucestershire Constabulary,-2.501993,51.823036,On or near Rosedale Court,E01022240,Forest of Dean 004E,Investigation complete; no suspect identified
3a68b8971da03b63ec280ebe78034ff171506398d46c5e597f44cb2de597925b,2024-11,Gloucestershire Constabulary,Gloucestershire Constabulary,-2.242316,51.861854,On or near Wellington Street,E01034793,Gloucester 004I,Unable to prosecute suspect
c4714628d1d51f94711804898f8f569623c016731672b985b41917948e46260f,2024-11,Gloucestershire Constabulary,Gloucestershire Constabulary,-2.654287,51.633983,On or near Buttington Terrace,E01022273,Forest of Dean 010C,Investigation complete; no suspect identified
64c077010cee1d5f84772f342f47ab18474299eeae9a2594fe691b286910ddd6,2024-11,Gloucestershire Constabulary,Gloucestershire Constabulary,-2.112996,51.905295,On or near Braeburn Close,E01022121,Cheltenham 005B,Local resolution
b7fa8f1b44b9a3350033150bd43dd50b517d0d852791df2e65dda1cfcdd3a7a0,2024-11,Gloucestershire Constabulary,Gloucestershire Constabulary,-1.836371,51.829263,On or near The Peep,E01022213,Cotswold 005C,Investigation complete; no suspect identified
3525401b81e0ce78f130d34a20b1ad4cc89f2b58d324ec80660693582231331a,2024-11,Gloucestershire Constabulary,Gloucestershire Constabulary,-2.079321,51.907760,On or near Victoria Street,E01022154,Cheltenham 004E,Investigation complete; no suspect identified
f9e54788bef3150c37e01467fb9321e62a262e4e86bdc3d276eefa402847ef56,2024-11,Gloucestershire Constabulary,Gloucestershire Constabulary,-2.238898,51.868955,On or near Columbia Close,E01022311,Gloucester 002C,Investigation complete; no suspect identified
0d64e27b262f262274448ac2581c91519f7c33763673f755f3393cf028a54d5a,2024-11,Gloucestershire Constabulary,Gloucestershire Constabulary,-1.962453,51.710581,On or near Watermoor Road,E01022200,Cotswold 007D,Investigation complete; no suspect identified
63392d6c92a1ba065028eb04b2896d45212fa5c052670216ee96a917abde0d51,2024-11,Gloucestershire Constabulary,Gloucestershire Constabulary,-2.217667,51.746359,On or near Bath Street,E01034804,Stroud 006G,Suspect charged
b461387f55c8a7bc4fd159e9efa66a74a4060dc1cde491f1f4244077a361c986,2024-11,Gloucestershire Constabulary,Gloucestershire Constabulary,-2.205761,51.841748,On or near Supermarket,E01022277,Gloucester 010B,Investigation complete; no suspect identified
383fdfbeba8d84e6ff68d2876638fdc2f5b177a823f33dee218a13cce87a6351,2024-11,Gloucestershire Constabulary,Gloucestershire Constabulary,-2.063216,51.897798,On or near Prince's Street,E01022100,Cheltenham 008A,Investigation complete; no suspect identified
313a102bc92c6a34c1cd2441f556bfafa3c90388fe76722dda56a3406687625f,2024-11,Gloucestershire Constabulary,Gloucestershire Constabulary,-2.106658,51.880855,On or near Petrol Station,E01022169,Cheltenham 013C,Investigation complete; no suspect identified
af0438fc1932a5db387685a97f58b090d674a83561eac1740c8d46849846d362,2024-11,Gloucestershire Constabulary,Gloucestershire Constabulary,-2.242316,51.861854,On or near Wellington Street,E01034793,Gloucester 004I,Investigation complete; no suspect identified
9c4617e765a59ee1f7c27a8ac1a88c691eccebd60ef0ed72e21ee7f62659dce4,2024-11,Gloucestershire Constabulary,Gloucestershire Constabulary,-2.654287,51.633983,On or near Buttington Terrace,E01022273,Forest of Dean 010C,Investigation complete; no suspect identified
a21e373c9d0b3b4039620cd2a5414e2fd6daec2f34dc88e4aa3289d36e549a2f,2024-11,Gloucestershire Constabulary,Gloucestershire Constabulary,-2.394193,51.688535,On or near Echo Lane,E01022413,Stroud 012D,Unable to prosecute suspect
e8f1b1df454f45680463798c9f0b51beb878dc3c162b324be1d5959d88cae041,2024-11,Gloucestershire Constabulary,Gloucestershire Constabulary,-2.086746,51.905965,On or near Supermarket,E01034777,Cheltenham 007G,Investigation complete; no suspect identified
03162ca58c43109f22b361c62a175307797f6ed4dd042449a0a271e89db0e2eb,2024-11,Gloucestershire Constabulary,Gloucestershire Constabulary,-2.215177,51.743414,On or near Carlton Gardens,E01034804,Stroud 006G,Unable to prosecute suspect
14eb5989fe5652edfcc7fb7d99c63e99cd64e72c1863594a6611553c9b0cc328,2024-11,Gloucestershire Constabulary,Gloucestershire Constabulary,-2.079188,51.898005,On or near Nightclub,E01022127,Cheltenham 009G,Unable to prosecute suspect
7f3fbf407610bb577d95a2586fd452fd35b293324384266717cdfd315b515f98,2024-11,Gloucestershire Constabulary,Gloucestershire Constabulary,-2.252631,51.859614,On or near Shopping Area,E01034791,Gloucester 004G,Offender given a caution
dff58d50382eb86c9896eea70da002faa7fdabba1f836ba50dc6a1f789898459,2024-11,Gloucestershire Constabulary,Gloucestershire Constabulary,-2.616738,51.793790,On or near Market Place,E01022241,Forest of Dean 007B,Local resolution
c7a96afcbd8017a9a3b231523b515f5e059062875bb941f5bbcb2aa1017310a3,2024-11,Gloucestershire Constabulary,Gloucestershire Constabulary,-2.616738,51.793790,On or near Market Place,E01022241,Forest of Dean 007B,Offender given a caution
29258b9c08837ae0f1d5d3cee049bd0eea0e8d1bad6c14d0747844a5c414cea8,2024-11,Gloucestershire Constabulary,Gloucestershire Constabulary,-2.249915,51.862512,On or near Parking Area,E01034792,Gloucester 004H,Suspect charged
69e031300bbea9fbc9b7f441dae31c73001ccdc317e14acef44b37069f91b52d,2024-11,Gloucestershire Constabulary,Gloucestershire Constabulary,-2.113641,51.896286,On or near Campden Road,E01022106,Cheltenham 010A,Investigation complete; no suspect identified
f3807d6a3ced8b1f070966f9501c1f30abec672dc381c1a4f74608c0d010bd37,2024-11,Gloucestershire Constabulary,Gloucestershire Constabulary,-2.228718,51.855030,On or near Diamond Jubilee Close,E01022288,Gloucester 005A,Investigation complete; no suspect identified
7cecfa56a35d85a85e341ca15053d2b93acfb5cbb93e6190482a5b6bf2917ded,2024-11,Gloucestershire Constabulary,Gloucestershire Constabulary,-2.210699,51.864064,On or near Wellingtonia Gardens,E01022287,Gloucester 007G,Unable to prosecute suspect
4125d91103a34de16fdd098b9b4131e2404f4c72b50be84d0c42fde77dee29c2,2024-11,Gloucestershire Constabulary,Gloucestershire Constabulary,-2.222504,51.860823,On or near Supermarket,E01022312,Gloucester 002D,Investigation complete; no suspect identified
52041e7af94895a461c2202df1147a6f210525f23e8ace499820e07be7244e2c,2024-11,Gloucestershire Constabulary,Gloucestershire Constabulary,,,No location,,,Unable to prosecute suspect
368044c5e01c91f03a3c316b67e53be337441492b73791ea889436d3bb3b66c4,2024-11,Gloucestershire Constabulary,Gloucestershire Constabulary,-2.061757,51.946520,On or near Supermarket,E01034814,Tewkesbury 011B,Investigation complete; no suspect identified
5cb42e0d2b300a16fd2ebf3d035df8666e28bf3ae044033255fb95186a7853af,2024-11,Gloucestershire Constabulary,Gloucestershire Constabulary,-2.053659,51.903144,On or near Churn Avenue,E01022133,Cheltenham 006C,Unable to prosecute suspect
557f8fcf0b0898cec5b77d54102ae573191b3e3441cb1f270282c148a6d78c77,2024-11,Gloucestershire Constabulary,Gloucestershire Constabulary,-2.247242,51.827993,On or near Chalford Road,E01022346,Gloucester 012D,Unable to prosecute suspect
955f937375bcbea652924704800d3cd9856a4ad3f2f7449fa3cc44b6a218e72f,2024-11,Gloucestershire Constabulary,Gloucestershire Constabulary,-2.184124,51.842997,On or near Burroughs Close,E01034799,Stroud 001E,Investigation complete; no suspect identified
ac2cfebceffc543ba536d2c48cec26e4e8a918181aebb74a4c43afa61bd1a9d9,2024-11,Gloucestershire Constabulary,Gloucestershire Constabulary,-2.078311,51.728624,On or near Church Lane,E01022221,Cotswold 010A,Unable to prosecute suspect
f19b6f0b09ccdb353e0c421de1a7d0cd3a6391d4e693801612f53e52d84bdea1,2024-11,Gloucestershire Constabulary,Gloucestershire Constabulary,-2.148051,51.643167,On or near Cirencester Road,E01022219,Cotswold 011E,Unable to prosecute suspect
1e1d901a06f181da736c9140039aba098e0cdf393d96d3d315b46c0b8fbd4852,2024-11,Gloucestershire Constabulary,Gloucestershire Constabulary,-2.103942,51.906077,On or near South Bank,E01022149,Cheltenham 007B,Investigation complete; no suspect identified
1d7a968db2ad13c2526b907a0497a13ccc61c4c022c08e5e5debbf37dedb8435,2024-11,Gloucestershire Constabulary,Gloucestershire Constabulary,-2.255658,51.869009,On or near Petrol Station,E01032932,Gloucester 004E,Unable to prosecute suspect
3d0487892c0bbff0bc2448baaca8f9cdc2d0a73e7e26ebedec38cedbfd711ab3,2024-11,Gloucestershire Constabulary,Gloucestershire Constabulary,-2.272363,51.816438,On or near Naas Lane,E01034797,Gloucester 015K,Investigation complete; no suspect identified
ab951497b7817b86ccc7507d3d448c19b6ea5449693c997f4c02e41f0169ae58,2024-11,Gloucestershire Constabulary,Gloucestershire Constabulary,-2.272363,51.816438,On or near Naas Lane,E01034797,Gloucester 015K,Investigation complete; no suspect identified
ffe0d14aab9e96660868917048f73fb913c006e128a36bc3f03a0346ad429eb6,2024-11,Gloucestershire Constabulary,Gloucestershire Constabulary,-2.234227,51.763958,On or near Main Road,E01022389,Stroud 004F,Local resolution
fc1995ee0424d2fe77581e9fff36237a25097f3cf3c0fcb92ce4972dba024012,2024-11,Gloucestershire Constabulary,Gloucestershire Constabulary,-2.243792,51.866301,On or near St Aldate Street,E01032937,Gloucester 004F,Unable to prosecute suspect
e3813545fecbb41ff0011daab5bf10deb44eb5290ff625faf1effacfb2066231,2024-11,Gloucestershire Constabulary,Gloucestershire Constabulary,-2.063274,51.970417,On or near Woolstone Lane,E01022453,Tewkesbury 004D,Unable to prosecute suspect
089d9ca2bb3e3cc1169e195ed572bdbe3004447bd688455918623b0a52815590,2024-11,Gloucestershire Constabulary,Gloucestershire Constabulary,-2.086709,51.909741,On or near Bullingham Court,E01022151,Cheltenham 004B,Investigation complete; no suspect identified
6b683401d5cd3cba735f22835aa475496e01dfd9497ab427db6fef0a110bd0b6,2024-11,Gloucestershire Constabulary,Gloucestershire Constabulary,-2.103018,51.915392,On or near Petrol Station,E01022165,Cheltenham 001C,Investigation complete; no suspect identified
cb533e9255033ddb58bdb2fcef19d8390f7c3a80b1803fa19a6fdd9b8df5e33e,2024-11,Gloucestershire Constabulary,Gloucestershire Constabulary,-2.574833,51.750351,On or near High Street,E01022232,Forest of Dean 008B,Unable to prosecute suspect
e12fbe30c4e78c3581a7884120251acddff0d39929b5876476c5648d43c156e5,2024-11,Gloucestershire Constabulary,Gloucestershire Constabulary,-2.127949,51.893871,On or near Parking Area,E01022107,Cheltenham 010B,Investigation complete; no suspect identified
1afd48cacdc10e917f3d441ce8ec329f3536bec2900b8307fdae5b39f7cd5c93,2024-11,Gloucestershire Constabulary,Gloucestershire Constabulary,-2.057212,51.953599,On or near Fotescue Road,E01034813,Tewkesbury 011A,Investigation complete; no suspect identified
baf17dfeabe539e38bb97e2431c9ca47cb25d8b074bce35f0813819a58912cc8,2024-11,Gloucestershire Constabulary,Gloucestershire Constabulary,-2.057212,51.953599,On or near Fotescue Road,E01034813,Tewkesbury 011A,Investigation complete; no suspect identified
0242511b99df6ebf796837f0302b10177e8fd26789cb96da163258f11f7203da,2024-11,Gloucestershire Constabulary,Gloucestershire Constabulary,-1.885490,52.024197,On or near The Lane,E01022449,Tewkesbury 003A,Unable to prosecute suspect
062aab71e8a8cc575b4c3c3f141e399b3a85a64d1c18580755c8dfca021067c3,2024-11,Gloucestershire Constabulary,Gloucestershire Constabulary,-2.072765,51.898278,On or near Bath Street,E01022117,Cheltenham 009B,Unable to prosecute suspect
e4642809c5e9a39c53e9abfaa7e639d8e32d42507e6207a7f640653f984ae5ec,2024-11,Gloucestershire Constabulary,Gloucestershire Constabulary,-2.218153,51.744838,On or near Russell Street,E01034804,Stroud 006G,Local resolution
03cf896f50db455e644ce8490983a48d02e80e145315762f0778cdc1b38236d5,2024-11,Gloucestershire Constabulary,Gloucestershire Constabulary,-2.574332,51.705154,On or near Court Lane,E01022227,Forest of Dean 009B,Investigation complete; no suspect identified
c054547c0eba73a4e8cc961173d6233571f3bdc87201dd83090725ea7a729738,2024-11,Gloucestershire Constabulary,Gloucestershire Constabulary,-2.146851,51.995022,On or near Supermarket,E01022455,Tewkesbury 001E,Investigation complete; no suspect identified
a51d95037f4b025fbcaaf3ebed5b2c81c78e239f84545e576dd6d03b13cc8316,2024-11,Gloucestershire Constabulary,Gloucestershire Constabulary,-2.495324,51.791730,On or near Tramway Road,E01022250,Forest of Dean 004G,Investigation complete; no suspect identified
a8773462c3036166759cec8bdd0589fbe09f93b410d4a8e782c7e9eeb31c7d09,2024-11,Gloucestershire Constabulary,Gloucestershire Constabulary,-2.228486,51.846498,On or near Jenkinson Close,E01022321,Gloucester 011C,Investigation complete; no suspect identified
6aeb9351806c5953f36275f5b6667f624c0e6c3ad133a1a2d93f360d4796dd4f,2024-11,Gloucestershire Constabulary,Gloucestershire Constabulary,,,No location,,,Unable to prosecute suspect
56763976b409e05508cbfe8dfef9b383c0a7db821367c3b051140b55f2d91b97,2024-11,Gloucestershire Constabulary,Gloucestershire Constabulary,-2.077556,51.895893,On or near Trafalgar Street,E01022126,Cheltenham 009F,Investigation complete; no suspect identified
e6528179b5b5a79aae6e43a9befd56419bbd61439e16a9dd086692730f139158,2024-11,Gloucestershire Constabulary,Gloucestershire Constabulary,-2.161773,51.985122,On or near Supermarket,E01022456,Tewkesbury 002A,Investigation complete; no suspect identified
8988ab0eb3b3aa0b0bb70cbacfafaed48dd6c973d99f12070244efb247ce21b8,2024-11,Gloucestershire Constabulary,Gloucestershire Constabulary,-2.087118,51.903124,On or near Honeybourne Way,E01034778,Cheltenham 007H,Investigation complete; no suspect identified
69c5ebc788a9c337aee6ae9cf7cd704f4cab32eede90b26bb3d6653de9fda563,2024-11,Gloucestershire Constabulary,Gloucestershire Constabulary,-2.194729,51.841623,On or near Gorse Close,E01022281,Gloucester 010D,Unable to prosecute suspect
fc972092e31a90242d1f9fe317665baf47dc47b1c7c6bd468f71ef222d6d9584,2024-11,Gloucestershire Constabulary,Gloucestershire Constabulary,,,No location,,,Investigation complete; no suspect identified
381f43e86afe203b4f42df4a861f01b2305b4b900bb1720678bdb8fbf83a8f0d,2024-11,Gloucestershire Constabulary,Gloucestershire Constabulary,-1.964959,51.971706,On or near Neata Farm,E01022465,Tewkesbury 003D,Investigation complete; no suspect identified
420ed635649f78fbfe9de69c0b088998f19b96a4328085ea453a8dcd8e704299,2024-11,Gloucestershire Constabulary,Gloucestershire Constabulary,-2.222504,51.860823,On or near Supermarket,E01022312,Gloucester 002D,Investigation complete; no suspect identified
3f4bd659155ec799540280cf7a4ab8cf506e87b021a3f7aee0ef67c03a07a8ec,2024-11,Gloucestershire Constabulary,Gloucestershire Constabulary,-2.242965,51.866348,On or near Shopping Area,E01032937,Gloucester 004F,Investigation complete; no suspect identified
ec454201aa9d9ab385fcf9cf60a72ebbecf7cacf8352efa012728eafd8afe349,2024-11,Gloucestershire Constabulary,Gloucestershire Constabulary,-2.184543,51.884993,On or near Eastcott Way,E01022430,Tewkesbury 007F,Investigation complete; no suspect identified
caf9b5f381e0317f1aa044bc6e5de4d1681c6f7e736f9d40a10353c73c3fe540,2024-11,Gloucestershire Constabulary,Gloucestershire Constabulary,-2.115658,52.002141,On or near Stanford Road,E01022452,Tewkesbury 001D,Unable to prosecute suspect
4b48a94816f48fdc8875d9876e6d5e282389561d0e243ec569d0838b6eae0036,2024-11,Gloucestershire Constabulary,Gloucestershire Constabulary,-2.054452,51.909671,On or near Bowen Close,E01022131,Cheltenham 006A,Investigation complete; no suspect identified
fec48c6d7e724e06d2fc33b0c3368952648f00c2cda0e10520579ade43b58992,2024-11,Gloucestershire Constabulary,Gloucestershire Constabulary,-2.439812,51.863690,On or near Royal Spring,E01022230,Forest of Dean 005B,Investigation complete; no suspect identified
4f52829b08491cad7bfb3578db374ad03a76f6a1a40d4c6a7e0134bb056f61aa,2024-11,Gloucestershire Constabulary,Gloucestershire Constabulary,,,No location,,,Local resolution
d3eb56b1797e49c93bb3dfac17f03f2f85756accdf7befb8aad38e8442c5a23a,2024-11,Gloucestershire Constabulary,Gloucestershire Constabulary,-1.734296,52.059278,On or near Campden Road,E01022184,Cotswold 001D,Investigation complete; no suspect identified
b91a829d9e22eebf6b673d01260bbc1586ed3b6eaa0de4f1cafd81a4051742a4,2024-11,Gloucestershire Constabulary,Gloucestershire Constabulary,-2.252088,51.861626,On or near Parking Area,E01034791,Gloucester 004G,Investigation complete; no suspect identified
b7a5a9ad7059b240b5c1978fa27ae5c92d3cb4c719f196a48b1198b838f14044,2024-11,Gloucestershire Constabulary,Gloucestershire Constabulary,-2.222504,51.860823,On or near Supermarket,E01022312,Gloucester 002D,Investigation complete; no suspect identified
63195d3ef3db1aafbd9c871931063f2239a40985dd3df2e13223537c3d7c6c0d,2024-11,Gloucestershire Constabulary,Gloucestershire Constabulary,-2.096887,51.910650,On or near Moors Avenue,E01022155,Cheltenham 007D,Investigation complete; no suspect identified
78fd7a456688926ebdef4d410b8e898c2c4c31f30b109c34efaad9c2d7f3ec63,2024-11,Gloucestershire Constabulary,Gloucestershire Constabulary,,,No location,,,Local resolution
b815f582effd340e0f26ac6d8f04894387434d0a3b3ec38abc1c64861a3a0bc1,2024-11,Gloucestershire Constabulary,Gloucestershire Constabulary,-2.251630,51.828963,On or near Goddard Way,E01022346,Gloucester 012D,Unable to prosecute suspect
6007f66b9e915e35af5fceb46dc7a6646d27b357d14e1c5a9eb00dc612a49ac2,2024-11,Gloucestershire Constabulary,Gloucestershire Constabulary,-2.514538,51.730858,On or near Duncan Drive,E01022255,Forest of Dean 009D,Local resolution
b2e3f16a288fe17297315bee1cb990cbaa08a223a073e2424baeae1eb21d450c,2024-11,Gloucestershire Constabulary,Gloucestershire Constabulary,-2.108545,51.898125,On or near Milton Road,E01022148,Cheltenham 007A,Unable to prosecute suspect
7f5b8809158fb704e900626d91262d34a26901e76265ad1e3f00722cc76ff974,2024-11,Gloucestershire Constabulary,Gloucestershire Constabulary,-2.253217,51.831808,On or near Sports/Recreation Area,E01022302,Gloucester 013D,Investigation complete; no suspect identified
dc7c577b83a0190c8917e0cf4396c9d363ddaf10729c17c80a92bdd72acd9f10,2024-11,Gloucestershire Constabulary,Gloucestershire Constabulary,-2.289280,51.819031,On or near Cherry Close,E01022378,Stroud 001A,Unable to prosecute suspect
695c5002a090313f2b0e7d42c20405eb17ef1676cbb22c3bf3fdae3feaf9b07a,2024-11,Gloucestershire Constabulary,Gloucestershire Constabulary,-2.223694,51.755392,On or near Windsor Place,E01022411,Stroud 006D,Investigation complete; no suspect identified
370060bf37bf6566517100818ef5736522c0a3931785a81ecefd5d410cb9fb9a,2024-11,Gloucestershire Constabulary,Gloucestershire Constabulary,-2.191107,51.856985,On or near Supermarket,E01022303,Gloucester 006B,Investigation complete; no suspect identified
3db2b7cda6c0d9a8a2da8d792ef765d619cbfad7cb6fc21cc722220c0565802a,2024-11,Gloucestershire Constabulary,Gloucestershire Constabulary,-2.280061,51.822614,On or near Giles Cox,E01034797,Gloucester 015K,Investigation complete; no suspect identified
bc62edfe53cff7510a2d6f6dde9cd8ea796563d32efffe0458845075c4326a9c,2024-11,Gloucestershire Constabulary,Gloucestershire Constabulary,-2.061968,51.941755,On or near Crown Close,E01022432,Tewkesbury 011E,Unable to prosecute suspect
afc680816df683b7a767569283c146ad5a902e572978daab68053b1c390d5c62,2024-11,Gloucestershire Constabulary,Gloucestershire Constabulary,-2.073558,51.885763,On or near Naunton Lane,E01022118,Cheltenham 014D,Unable to prosecute suspect
d36b556944065c6183fc98b03817e4c414152aa3662d513d2e44ada5ba032039,2024-11,Gloucestershire Constabulary,Gloucestershire Constabulary,-2.237074,51.859095,On or near Blenheim Road,E01022289,Gloucester 005B,Unable to prosecute suspect
a36bd6e769129bc0a57c61a81c0013b367119ed8493cd9a3599c197786fdc826,2024-11,Gloucestershire Constabulary,Gloucestershire Constabulary,-2.075200,51.886049,On or near Naunton Way,E01022118,Cheltenham 014D,Unable to prosecute suspect
5286b9513f3da6c28a4e59e8503fa7b5158c9480876999a09cf9f765dc5ab23e,2024-11,Gloucestershire Constabulary,Gloucestershire Constabulary,-2.075200,51.886049,On or near Naunton Way,E01022118,Cheltenham 014D,Action to be taken by another organisation
c32d688c21794c5b27aafc2d1c3338a56855472429b1d31b805da3d7f7fdb7cd,2024-11,Gloucestershire Constabulary,Gloucestershire Constabulary,-2.075200,51.886049,On or near Naunton Way,E01022118,Cheltenham 014D,Unable to prosecute suspect
be1b6fce59ef3b789b73402c8988e23bd610b7023889c8bf4b33e708eff29de2,2024-11,Gloucestershire Constabulary,Gloucestershire Constabulary,-2.210744,51.740131,On or near Arundell Mill Lane,E01022410,Stroud 006C,Investigation complete; no suspect identified
c2919e496c64ef6605e5448622865e8d867d30e4ca1e86a635978a0e9b45516c,2024-11,Gloucestershire Constabulary,Gloucestershire Constabulary,-2.059355,51.912734,On or near Broad Acre Road,E01022143,Cheltenham 002A,Unable to prosecute suspect
46e6ebe5edb6a0467ed45d797bce96d7aede1d8699246a0c5d97aabd26cbf1c8,2024-11,Gloucestershire Constabulary,Gloucestershire Constabulary,-1.961106,51.966616,On or near The Finches,E01022466,Tewkesbury 003E,Unable to prosecute suspect
34e81319c70a1dd7ade2fa3272ac0f57e4b11b11461318ff1e09127c1ad3e748,2024-11,Gloucestershire Constabulary,Gloucestershire Constabulary,-2.217670,51.840072,On or near Rectory Road,E01022324,Gloucester 011E,Unable to prosecute suspect
7f77a65d74a84d2256bb5ed782a0bafb4e7e5aa3790f7ed0c39fa2821ee3164a,2024-11,Gloucestershire Constabulary,Gloucestershire Constabulary,-1.961106,51.966616,On or near The Finches,E01022466,Tewkesbury 003E,Unable to prosecute suspect
ecff0814cef827f9321f41b49dcd1478dbcfaaf044b37c21cf99a88ec959889b,2024-11,Gloucestershire Constabulary,Gloucestershire Constabulary,-2.238304,51.880275,On or near Plock Court,E01022314,Gloucester 002E,Unable to prosecute suspect
02466939b031e36b366cb226372b7482adc43b3c9a60104fc1cf70f1bb39cd44,2024-11,Gloucestershire Constabulary,Gloucestershire Constabulary,-2.066999,51.900862,On or near Fairview Close,E01022101,Cheltenham 008B,Unable to prosecute suspect
6a5c4ca79bc18129ed838f8b0be7e17d7c64c9a47ad3fe0b49c827d943e25dcd,2024-11,Gloucestershire Constabulary,Gloucestershire Constabulary,-2.066999,51.900862,On or near Fairview Close,E01022101,Cheltenham 008B,Action to be taken by another organisation
0f910f5ec72bff5d24694d47fdf067c1ccb62dba9bd79ac373d5a5686e9ad745,2024-11,Gloucestershire Constabulary,Gloucestershire Constabulary,-2.357895,51.691879,On or near Acacia Drive,E01022375,Stroud 014D,Action to be taken by another organisation
cfd5abb3f924824b2b32e9774274315f14b94638133d99ab5b2aeae9bbb5f4b3,2024-11,Gloucestershire Constabulary,Gloucestershire Constabulary,-2.240167,51.856356,On or near Brook Street,E01022293,Gloucester 008A,Investigation complete; no suspect identified
0237f73492a04d5de83e8bdeb313ec4f134f14289a670e437bb1bcb5aac6deb3,2024-11,Gloucestershire Constabulary,Gloucestershire Constabulary,-2.073568,51.900643,On or near Shopping Area,E01022102,Cheltenham 008C,Local resolution
baaea99e8a58820293eeaf4f1b73690182e19d71f8defd9672fb97374f9ccb13,2024-11,Gloucestershire Constabulary,Gloucestershire Constabulary,-2.098234,51.914947,On or near Shopping Area,E01022165,Cheltenham 001C,Suspect charged
300f33fa65581c00252900ea1c4704a27b22b5033c7e4c7f7653bce78b20b0b6,2024-11,Gloucestershire Constabulary,Gloucestershire Constabulary,-2.658378,51.642088,On or near Grahamstown Grove,E01022274,Forest of Dean 010D,Unable to prosecute suspect
bae2e194b05e5323f326770fe9f9fe07f887ef0c795d52691f5d8ac334c4e940,2024-11,Gloucestershire Constabulary,Gloucestershire Constabulary,-1.948345,51.720646,On or near Forstall Way,E01022188,Cotswold 006A,Investigation complete; no suspect identified
75c44d0dc45bcb3004b8b28f2419268906bbfa46986936e6e71c315000740e68,2024-11,Gloucestershire Constabulary,Gloucestershire Constabulary,-2.346669,51.631393,On or near Turnpike Avenue,E01022416,Stroud 015C,Unable to prosecute suspect
a4849f62a96a69d9a2c2544a9fe31dcb5a59f0812cfdbe8f6c1fd1c5b5368d3a,2024-11,Gloucestershire Constabulary,Gloucestershire Constabulary,-2.050217,51.905789,On or near Dart Road,E01022132,Cheltenham 006B,Action to be taken by another organisation
9939032f9eaf3b3e02bed24406c3382a533d483163175fcc0ab60068e3b5c44b,2024-11,Gloucestershire Constabulary,Gloucestershire Constabulary,-2.454966,51.695904,On or near Stump Street,E01022353,Stroud 012C,Unable to prosecute suspect
eea9545783eae6b4ee716deb50dc8a009e0aa621750dc29cbd3236114f7ea128,2024-11,Gloucestershire Constabulary,Gloucestershire Constabulary,-2.354591,51.681873,On or near A4135,E01022374,Stroud 014C,Investigation complete; no suspect identified
9d026ea7a11f07d8ea640cb1a83e0557ce005e58e9dfb56d630beb68b3095b91,2024-11,Gloucestershire Constabulary,Gloucestershire Constabulary,-2.249196,51.861327,On or near Albion Street,E01034792,Gloucester 004H,Suspect charged
9baa6386bbd83828038ed4f83c45dca2cda98304088cd7f278d2531e58e0b473,2024-11,Gloucestershire Constabulary,Gloucestershire Constabulary,-2.048012,51.896160,On or near Beechwood Close,E01034780,Cheltenham 012I,Investigation complete; no suspect identified
23d87783022a08fd552cfc12eaf43f5b2602086baccfb523a69aa07fecf642d2,2024-11,Gloucestershire Constabulary,Gloucestershire Constabulary,-2.077008,51.898114,On or near Nightclub,E01022117,Cheltenham 009B,Local resolution
330fefde47185b6d177895bbb7c68652e16211637b79afa7826476c4fba74516,2024-11,Gloucestershire Constabulary,Gloucestershire Constabulary,-2.257596,51.829436,On or near Nutley Avenue,E01022302,Gloucester 013D,Local resolution
8f15db12368005bab1c0b9a92e1fbd38774709e96e65de3df40617829fe1abb0,2024-11,Gloucestershire Constabulary,Gloucestershire Constabulary,-2.075402,51.902287,On or near Bennington Street,E01022153,Cheltenham 004D,Local resolution
d4b7bdd0b90b54538b0d9f0701f82682c8bda5b7ce313d48a2a42db12dab9639,2024-11,Gloucestershire Constabulary,Gloucestershire Constabulary,-2.454966,51.695904,On or near Stump Street,E01022353,Stroud 012C,Unable to prosecute suspect
ab8da6740d885b71f0852838817bc5b73ed41d2aded5db79cd6da7b2ba4b41f3,2024-11,Gloucestershire Constabulary,Gloucestershire Constabulary,-1.948039,51.721905,On or near Ormand Close,E01022188,Cotswold 006A,Investigation complete; no suspect identified
e22217d4a50782046a3214f443a2c03b68a35911a9927bc77cbbb571269a8af2,2024-11,Gloucestershire Constabulary,Gloucestershire Constabulary,-2.107898,51.882832,On or near Hawcombe Mews,E01022169,Cheltenham 013C,Unable to prosecute suspect
c3f313c8747ab61012c84e3ad3cd0d0db758aece32e504fb97944cd7c6196304,2024-11,Gloucestershire Constabulary,Gloucestershire Constabulary,-2.247669,51.874106,On or near Parking Area,E01032932,Gloucester 004E,Investigation complete; no suspect identified
ff52e80304a00c9aa2bd7d2059e5e536d9b038219dce5cab51ba927e0b06ddac,2024-11,Gloucestershire Constabulary,Gloucestershire Constabulary,-1.962825,51.715455,On or near Carpenters Lane,E01022199,Cotswold 007C,Investigation complete; no suspect identified
22f20c394d7f42882311d61f60fa27681400b2fdbead6fba0095129e13a89585,2024-11,Gloucestershire Constabulary,Gloucestershire Constabulary,-2.048861,51.914519,On or near The Burgage,E01022143,Cheltenham 002A,Local resolution
f75acc9b01442922ffd4fb75a264a031c691424c98208e55bebf904164cb743c,2024-11,Gloucestershire Constabulary,Gloucestershire Constabulary,-2.086652,51.894799,On or near Lansdown Walk,E01022126,Cheltenham 009F,Unable to prosecute suspect
4287221584308f8c1a42259c10fa467ca39e7fb943229a1ad30b08e05a1cb451,2024-11,Gloucestershire Constabulary,Gloucestershire Constabulary,-2.361582,51.689782,On or near Blackboys,E01022375,Stroud 014D,Local resolution
e43f7e90c7c9574f83887e39fc6b308c274db0b16b73865f317cf799c4231253,2024-11,Gloucestershire Constabulary,Gloucestershire Constabulary,-2.243009,51.864339,On or near Shopping Area,E01032937,Gloucester 004F,Investigation complete; no suspect identified
3dc97de4bc7627c357fb1d6d20f4e3254e6648fda4676a980209eb2683ad86c8,2024-11,Gloucestershire Constabulary,Gloucestershire Constabulary,-2.057477,51.887777,On or near Langton Place,E01022111,Cheltenham 012F,Unable to prosecute suspect
400ac7778d283ad4b560be1d76e76e80d7f09e8a4b06307f6b728cab49438471,2024-11,Gloucestershire Constabulary,Gloucestershire Constabulary,-1.962788,51.707354,On or near Petrol Station,E01022198,Cotswold 008D,Investigation complete; no suspect identified
00f9f1083ee1b8f6cb94654d02217a42da74433594890849782396a8a82139dc,2024-11,Gloucestershire Constabulary,Gloucestershire Constabulary,-1.948039,51.721905,On or near Ormand Close,E01022188,Cotswold 006A,Investigation complete; no suspect identified
017a72023f30eccb9f96684f5719293fd5d163371deda86100a66ef9a5004a51,2024-11,Gloucestershire Constabulary,Gloucestershire Constabulary,-1.947667,51.718407,On or near Millennium Way,E01022188,Cotswold 006A,Unable to prosecute suspect
e994805008163621471d237fba0dc8e3c28201b29bc7287f67c61a0ced403774,2024-11,Gloucestershire Constabulary,Gloucestershire Constabulary,-2.265893,51.821397,On or near Buchan Drive,E01034795,Gloucester 015I,Unable to prosecute suspect
869acc8389f38be9f59707f09fb462a75eaca77338583f3517459ff5c6154467,2024-11,Gloucestershire Constabulary,Gloucestershire Constabulary,-2.284974,51.808019,On or near Haresfield Lane,E01034802,Stroud 001H,Investigation complete; no suspect identified
26c984d26253982cff174e8edf02a6c6d3e314ca48a918d9862df07887deb469,2024-11,Gloucestershire Constabulary,Gloucestershire Constabulary,-2.245463,51.866379,On or near St John's Lane,E01032937,Gloucester 004F,Investigation complete; no suspect identified
ee7acf3022322a5f0fc122430fdb565529b292fb9fdc81d476eab559abe36773,2024-11,Gloucestershire Constabulary,Gloucestershire Constabulary,-2.069034,51.901365,On or near Fairview Road,E01022102,Cheltenham 008C,Suspect charged
6822bdbc9623e020c15e87147c37a9c5118c3b787cbf3b880c1e75ff554c5ab8,2024-11,Gloucestershire Constabulary,Gloucestershire Constabulary,-2.246268,51.864813,On or near Shopping Area,E01032937,Gloucester 004F,Unable to prosecute suspect
89b8ea89b0fb31c0da2ddafdcd73dde27b68a0ac84bbefc284b75bcc5f91b283,2024-11,Gloucestershire Constabulary,Gloucestershire Constabulary,-2.237963,51.851433,On or near Wellesley Street,E01022329,Gloucester 008E,Unable to prosecute suspect
19b8c4938df7c5e3a13f29c575d04cf9671ea1ddf96738b2cad3d66b4c9c20e1,2024-11,Gloucestershire Constabulary,Gloucestershire Constabulary,-2.117642,51.886833,On or near Flint Road,E01022168,Cheltenham 013B,Investigation complete; no suspect identified
f9dff636ebd2a5236bf94313d91c7bef8bdc91894e51abe629f3ec417eca46ab,2024-11,Gloucestershire Constabulary,Gloucestershire Constabulary,-2.117642,51.886833,On or near Flint Road,E01022168,Cheltenham 013B,Unable to prosecute suspect
35ab84f638efa56c4ebd7dafab1720037841776ed3ea75b891f590deea744c55,2024-11,Gloucestershire Constabulary,Gloucestershire Constabulary,-2.139846,51.981059,On or near Sparrow Close,E01032940,Tewkesbury 001H,Investigation complete; no suspect identified
248a4138530f8bd3849310754b0c7530cec5a00ca95526ee628d9a370e9ba500,2024-11,Gloucestershire Constabulary,Gloucestershire Constabulary,-2.245645,51.742518,On or near Church Road,E01022356,Stroud 004B,Investigation complete; no suspect identified
c7be0afeaabf0cbb9ea2996b117f146083a906fa8cf0ff4765c9d8ad131b5c90,2024-11,Gloucestershire Constabulary,Gloucestershire Constabulary,-2.219360,51.695187,On or near Parking Area,E01022386,Stroud 013B,Investigation complete; no suspect identified
5566d17244f76c3fc8639839eae7a42a466881c8bb59de916ab1742ad630c759,2024-11,Gloucestershire Constabulary,Gloucestershire Constabulary,-2.187891,51.886517,On or near Supermarket,E01022430,Tewkesbury 007F,Investigation complete; no suspect identified
bba95a556a69dd9c4216ba9e3fa29ce080bcc03298f1067431aeda4ac5a43e62,2024-11,Gloucestershire Constabulary,Gloucestershire Constabulary,-2.098234,51.914947,On or near Shopping Area,E01022165,Cheltenham 001C,Suspect charged as part of another case
e7a5b2701a69b47450200e54b68f1449456b77ee9a2187a4f330ca70cfad7b78,2024-11,Gloucestershire Constabulary,Gloucestershire Constabulary,-2.502452,51.829067,On or near Petrol Station,E01022240,Forest of Dean 004E,Investigation complete; no suspect identified
a7c9c2b9c04d39ba491d8a856b846d66ab63e366d307cf69eae8b01f2c9970aa,2024-11,Gloucestershire Constabulary,Gloucestershire Constabulary,-2.059860,51.942305,On or near Cleeve Court,E01022437,Tewkesbury 010D,Investigation complete; no suspect identified
a8a314fdbd6b8f75c831ac3aac5fbf4eb05345a20290c242f72c47513af57a68,2024-11,Gloucestershire Constabulary,Gloucestershire Constabulary,-2.258837,51.858609,On or near Petrol Station,E01034791,Gloucester 004G,Unable to prosecute suspect
fe95c897e423b48b3e4d129161666229a8c3a28d90d7a3de145fcc3358c320f3,2024-11,Gloucestershire Constabulary,Gloucestershire Constabulary,-2.072255,51.897604,On or near Nightclub,E01022116,Cheltenham 009A,Local resolution
ec3dc589aa847e08a7ad9711bcf4aae009e532c3289c8810b567efc12f72e82a,2024-11,Gloucestershire Constabulary,Gloucestershire Constabulary,-2.222504,51.860823,On or near Supermarket,E01022312,Gloucester 002D,Investigation complete; no suspect identified
e68a7644ba8bc49d4dc79c8850e9e6124b9773ef267c315f5d8c0569d9d137a5,2024-11,Gloucestershire Constabulary,Gloucestershire Constabulary,-2.237963,51.851433,On or near Wellesley Street,E01022329,Gloucester 008E,Unable to prosecute suspect
1cea66a6d50559dc9758131c5ecb34398ac6cf1e826df748e4fcd7fc9e438083,2024-11,Gloucestershire Constabulary,Gloucestershire Constabulary,-2.072255,51.897604,On or near Nightclub,E01022116,Cheltenham 009A,Local resolution
67b695b32d7655f5b574ba77d1159391ac68e892d1d49bfe81ceed1aad7d61ac,2024-11,Gloucestershire Constabulary,Gloucestershire Constabulary,-2.072255,51.897604,On or near Nightclub,E01022116,Cheltenham 009A,Local resolution
70eb0b5efe45d958da923082d662527d63f13f095cb6efead223cab00364f57e,2024-11,Gloucestershire Constabulary,Gloucestershire Constabulary,-2.274051,51.822143,On or near Petrol Station,E01032933,Gloucester 015E,Investigation complete; no suspect identified
823c65a54e9e16fea2fb53510367c1aded79da811ac449f98cafcb8645f9eb00,2024-11,Gloucestershire Constabulary,Gloucestershire Constabulary,-2.248073,51.860412,On or near Norfolk Street,E01034792,Gloucester 004H,Investigation complete; no suspect identified
2a67451e78fbeb44c129096d3666b7fb3632fa3a8d3f070b5002dad90a425087,2024-11,Gloucestershire Constabulary,Gloucestershire Constabulary,-2.069934,51.909923,On or near Park/Open Space,E01022141,Cheltenham 008E,Investigation complete; no suspect identified
1ab80811d2064e051b9bf52bee07812e512b768b15ae933de4aba7e0400574bd,2024-11,Gloucestershire Constabulary,Gloucestershire Constabulary,-1.970725,51.720923,On or near Priory Close,E01022194,Cotswold 007A,Unable to prosecute suspect
e2ca7a10df6a098d3cebf94c04f2ef0a82fe80d1376c443708cecfdbdb02e239,2024-11,Gloucestershire Constabulary,Gloucestershire Constabulary,-2.221235,51.901123,On or near Sandhurst Lane,E01022440,Tewkesbury 006A,Investigation complete; no suspect identified
bf2603acf6931553605394100f7ae967d039ffd7e200b186a2cf6c801affaa63,2024-11,Gloucestershire Constabulary,Gloucestershire Constabulary,-2.238898,51.868955,On or near Columbia Close,E01022311,Gloucester 002C,Investigation complete; no suspect identified
12ac3333a6e16319b3f50581d99e4f87ba9d6d044c7d4f3a422ccc57f6af68a3,2024-11,Gloucestershire Constabulary,Gloucestershire Constabulary,-2.265893,51.821397,On or near Buchan Drive,E01034795,Gloucester 015I,Investigation complete; no suspect identified
1f91ac947b45cf12051289d67cb272f8e4041c3169f69be6828984680a8c82ad,2024-11,Gloucestershire Constabulary,Gloucestershire Constabulary,-2.118190,51.901613,On or near Further/Higher Educational Building,E01022121,Cheltenham 005B,Investigation complete; no suspect identified
42749034aede0ef25c69cb7c94ee18ec0192fedfe701eef0f4e825fcab003854,2024-11,Gloucestershire Constabulary,Gloucestershire Constabulary,-1.749247,51.899842,On or near Slaughter Pike,E01022222,Cotswold 003D,Investigation complete; no suspect identified
db53a48a31b844af8e0bc4b17f8f246a668ab487414cf5cd7741bf5098c0a8b0,2024-11,Gloucestershire Constabulary,Gloucestershire Constabulary,-2.078795,51.889688,On or near Bath Terrace,E01022119,Cheltenham 009C,Investigation complete; no suspect identified
de7d4e88fd521bea06338cb3c7bd22035e8e1184e9acecd900c69925dba5300a,2024-11,Gloucestershire Constabulary,Gloucestershire Constabulary,-2.241137,51.863933,On or near Russell Street,E01032937,Gloucester 004F,Investigation complete; no suspect identified
245c9d41786608f13427d174d92e2ce039a4a056591c5a07370157d2a80c2872,2024-11,Gloucestershire Constabulary,Gloucestershire Constabulary,-2.094686,51.893866,On or near Lansdown Road,E01022136,Cheltenham 011B,Unable to prosecute suspect
d86e37a34d926151381174401d2fdbffbbafeebd89cf26543657192e66625cb8,2024-11,Gloucestershire Constabulary,Gloucestershire Constabulary,-2.094686,51.893866,On or near Lansdown Road,E01022136,Cheltenham 011B,Unable to prosecute suspect
7b39ebdf5a80b32d76fdec2b9bb33780bbb2a895d2666ce9f3bd9f069aca0a3e,2024-11,Gloucestershire Constabulary,Gloucestershire Constabulary,-2.238641,51.746345,On or near Paganhill Lane,E01034803,Stroud 006F,Investigation complete; no suspect identified
4491f8802f63a264d8ddcba622e7b5013e4b5eeefda7c06cc1186b25d9f89f4f,2024-11,Gloucestershire Constabulary,Gloucestershire Constabulary,-1.651641,52.023559,On or near Stone Bridge,E01022205,Cotswold 002C,Investigation complete; no suspect identified
9c5bbf11085b479ab74b96e5375e4a348cb503d27af0fc86aeaa82fd2a490580,2024-11,Gloucestershire Constabulary,Gloucestershire Constabulary,-2.104318,51.918079,On or near Shopping Area,E01022165,Cheltenham 001C,Local resolution
fb7e00af237e0d66f1df50b39605a7dd63d7362666f022e9f7041b65ff8a4996,2024-11,Gloucestershire Constabulary,Gloucestershire Constabulary,-2.242674,51.863615,On or near Eastgate Street,E01032937,Gloucester 004F,Investigation complete; no suspect identified
e071a25075bf1183726b5bd5325c93a414c3039f0ab3c674667cc18cb59530f7,2024-11,Gloucestershire Constabulary,Gloucestershire Constabulary,-2.195263,51.840858,On or near Buddleia Close,E01022281,Gloucester 010D,Unable to prosecute suspect
043850ca5170114569b864325f1d29ffd9524a5eff572762c34a129d0789328d,2024-11,Gloucestershire Constabulary,Gloucestershire Constabulary,-2.229370,51.883143,On or near Supermarket,E01022448,Tewkesbury 008B,Investigation complete; no suspect identified
53c96864d3a4c4e858e551a53d06c20668be241d24e09a29df59d3c1c66573eb,2024-11,Gloucestershire Constabulary,Gloucestershire Constabulary,-2.195263,51.840858,On or near Buddleia Close,E01022281,Gloucester 010D,Unable to prosecute suspect
1b16f991cd63428a17c42a9e559ef474fd635d8f1bfac862737c57795cf11b14,2024-11,Gloucestershire Constabulary,Gloucestershire Constabulary,-1.955297,51.716693,On or near The Green,E01022189,Cotswold 006B,Local resolution
f874a7ce8b2f1521e039391df6b45c52f32d735c92199654b37286b9adc13bc0,2024-11,Gloucestershire Constabulary,Gloucestershire Constabulary,-2.335367,51.750145,On or near Fullers Close,E01022376,Stroud 003A,Unable to prosecute suspect
e7a4eb89664e839d6eacf3ef93a1753a17a7a4320ae3fa519cb646f204eee90c,2024-11,Gloucestershire Constabulary,Gloucestershire Constabulary,-2.151097,51.992976,On or near Barton Road,E01022460,Tewkesbury 002E,Investigation complete; no suspect identified
67ac4d72442131ea9e4889087226cb66c1c10b525edd798f532059a51a909fc2,2024-11,Gloucestershire Constabulary,Gloucestershire Constabulary,-2.184124,51.842997,On or near Burroughs Close,E01034799,Stroud 001E,Unable to prosecute suspect
292610fbd4b8ac08b3dac4fdbc359500ad0fe1f84db69ba37aed8340d21d4c94,2024-11,Gloucestershire Constabulary,Gloucestershire Constabulary,-2.504868,51.810265,On or near Villa Close,E01022249,Forest of Dean 004F,Unable to prosecute suspect
c12508ec6e24c1707f6e62295f286567f740449caff450a04069950cf8cd7e73,2024-11,Gloucestershire Constabulary,Gloucestershire Constabulary,-2.238858,51.869701,On or near Union Street,E01022311,Gloucester 002C,Unable to prosecute suspect
e9a07dfcc812b8f0d28e6f69c0dcbec48a92c55e81fbfc83c9269870c40d56d1,2024-11,Gloucestershire Constabulary,Gloucestershire Constabulary,-2.065287,51.912920,On or near Marston Road,E01022139,Cheltenham 004A,Unable to prosecute suspect
96507cfb80095ba9444c0f7c675a21ba65ed65a14ec1e79a87b61f5c87b3db47,2024-11,Gloucestershire Constabulary,Gloucestershire Constabulary,-2.252204,51.874591,On or near Dexter Way,E01032932,Gloucester 004E,Unable to prosecute suspect
8bd64623219ccbf063099eba974250c89793f2ceeee27be23d6990414c10c558,2024-11,Gloucestershire Constabulary,Gloucestershire Constabulary,-2.265893,51.821397,On or near Buchan Drive,E01034795,Gloucester 015I,Unable to prosecute suspect
8f485f79c8a4103ef16a59b0dbb962dfa404db720151a6a69d8609ece7ac42b3,2024-11,Gloucestershire Constabulary,Gloucestershire Constabulary,-2.103112,51.886738,On or near Warden Hill Road,E01022174,Cheltenham 011E,Unable to prosecute suspect
63330203fdc44fe51d821f3b67dc5a3819b9990266065840e3629ea25bc0a79a,2024-11,Gloucestershire Constabulary,Gloucestershire Constabulary,-2.099721,51.896883,On or near Parking Area,E01022156,Cheltenham 007E,Investigation complete; no suspect identified
91461fa83409b87e84330666b6a9a98b955bf4d4dbca9bc75c0131f2570cebd7,2024-11,Gloucestershire Constabulary,Gloucestershire Constabulary,-2.250776,51.868606,On or near Clare Street,E01032932,Gloucester 004E,Unable to prosecute suspect
28f1f56adc46ddcd07ea94ba0a9b6d7877ed47091b35ec6430973bad256e114d,2024-11,Gloucestershire Constabulary,Gloucestershire Constabulary,-2.120142,51.865324,On or near Atherton Close,E01022454,Tewkesbury 008C,Unable to prosecute suspect
76f618750ae2eb2f5a4b056b8c3c767ac8c511d11123e5b9c26837b3ecf37dc5,2024-11,Gloucestershire Constabulary,Gloucestershire Constabulary,-2.039369,51.883900,On or near Chase Avenue,E01022112,Cheltenham 012G,Investigation complete; no suspect identified
d358ec61e6179a9bc4a464b860148f28b3536b90dee6eea0b75b642cbf34f0a0,2024-11,Gloucestershire Constabulary,Gloucestershire Constabulary,-2.199552,51.885194,On or near Tandey Walk,E01022447,Tewkesbury 007H,Investigation complete; no suspect identified
7c08298ba6bd2fb34b2463fcaadcd591ea07b83ddb18456ccd944df40c4550f1,2024-11,Gloucestershire Constabulary,Gloucestershire Constabulary,-2.293619,51.828165,On or near Teal Close,E01022342,Gloucester 014D,Unable to prosecute suspect
e17191eaae7d17fd20c9577de43ac1a62f1434bec02bc1875aa5d605764b38ce,2024-11,Gloucestershire Constabulary,Gloucestershire Constabulary,-2.247448,51.897258,On or near Base Lane,E01022442,Tewkesbury 006B,Investigation complete; no suspect identified
acd224226698eaf07791cff0625b94af8c4d1dc06a61162ef84257c80d3f9acf,2024-11,Gloucestershire Constabulary,Gloucestershire Constabulary,-2.447784,51.806558,On or near Unlawater Lane,E01022265,Forest of Dean 005C,Investigation complete; no suspect identified
03a35da1818114eecdcda1395b32878f71243d343383384f38053dd0c1eb4052,2024-11,Gloucestershire Constabulary,Gloucestershire Constabulary,-1.755274,51.991722,On or near Petrol Station,E01022205,Cotswold 002C,Unable to prosecute suspect
60bbd0ddf85950ea8e8372b6cf71b24a0d2b70bb1494591621096b4b4dd2cd55,2024-11,Gloucestershire Constabulary,Gloucestershire Constabulary,-2.498774,51.823193,On or near Parking Area,E01022236,Forest of Dean 004A,Local resolution
4cb575046da6c3235a0e72a3ac10068e541033358abd5cefe0441918094cc7d3,2024-11,Gloucestershire Constabulary,Gloucestershire Constabulary,-2.223566,51.875944,On or near Garden Way,E01022318,Gloucester 001E,Unable to prosecute suspect
c89ae1b3970aa42c24154ccfec4305aa299afa0b5bcf84a35feb4abe8c6e5e8d,2024-11,Gloucestershire Constabulary,Gloucestershire Constabulary,-1.828885,51.828830,On or near Ashway,E01022213,Cotswold 005C,Investigation complete; no suspect identified
5ebfc6af1e42c99f06f4bd2a67bd8396340daa9e5778e71396fafbdcff886bce,2024-11,Gloucestershire Constabulary,Gloucestershire Constabulary,-2.243783,51.856528,On or near Park End Road,E01022293,Gloucester 008A,Unable to prosecute suspect
b11ae79ec14bd738818842815db54fa02fcc44832021c2e93d9fa4ab9c6f436c,2024-11,Gloucestershire Constabulary,Gloucestershire Constabulary,-2.354206,51.638096,On or near High Street,E01022418,Stroud 015E,Local resolution
4a5d081aed31998c64a0fd95372e220a0ce180266273660bd01cf6b846289283,2024-11,Gloucestershire Constabulary,Gloucestershire Constabulary,-2.099721,51.896883,On or near Parking Area,E01022156,Cheltenham 007E,Investigation complete; no suspect identified
9d9fe81be970e5ddab3318be3bad57bc1eaa125ad9295770de64ef5326ee4ebb,2024-11,Gloucestershire Constabulary,Gloucestershire Constabulary,-2.071604,51.954409,On or near Opal Way,E01022439,Tewkesbury 010C,Unable to prosecute suspect
735ae1a27c146d94d7ec6dfda42bda7633e522ce033d6fec6681f4e2570f85d8,2024-11,Gloucestershire Constabulary,Gloucestershire Constabulary,-2.499506,51.822471,On or near Lamb Lane,E01022236,Forest of Dean 004A,Investigation complete; no suspect identified
dc16f8d399004c7ee10d9836f64f08f5ffceaaf6d4276cfdc9b3c1962dce96e6,2024-11,Gloucestershire Constabulary,Gloucestershire Constabulary,-2.248170,51.864827,On or near Parking Area,E01032937,Gloucester 004F,Investigation complete; no suspect identified
f50a5a827af6193e3a788c0324d96a8ea2b622c83beaafede6abe81d3d50a3b3,2024-11,Gloucestershire Constabulary,Gloucestershire Constabulary,-1.747522,51.927548,On or near Rectory Cottages,E01022222,Cotswold 003D,Investigation complete; no suspect identified
0fffd1f5e9b1f5d49cd3ad2fd2614df9c83ff82dec1f230e384549a94471ed92,2024-11,Gloucestershire Constabulary,Gloucestershire Constabulary,-2.254959,51.850687,On or near Granville Street,E01022330,Gloucester 009C,Investigation complete; no suspect identified
2d133daa6b30ddef73ad569df7d4263fc9ca773f47c416aacb08b82c8e117947,2024-11,Gloucestershire Constabulary,Gloucestershire Constabulary,-2.114467,51.883932,On or near Wimborne Close,E01022170,Cheltenham 013D,Investigation complete; no suspect identified
a432bc2451071cf058b94371a4f7e8757b985a01fab1e3f05c04127df1bdc030,2024-11,Gloucestershire Constabulary,Gloucestershire Constabulary,-2.112347,51.913181,On or near Persimmon Gardens,E01022160,Cheltenham 003B,Investigation complete; no suspect identified
497cf7ceac52869aec2306fb1df2e8f740c001b960bed5a0baec15b1b26ccb50,2024-11,Gloucestershire Constabulary,Gloucestershire Constabulary,-2.116535,51.913851,On or near Parking Area,E01022160,Cheltenham 003B,Investigation complete; no suspect identified
30d21f8eeeed296f8c74d74a0ba45da3fb16ee26f7d5903cec56fe1e3379b28e,2024-11,Gloucestershire Constabulary,Gloucestershire Constabulary,-2.365197,51.721950,On or near Dursley Road,E01022398,Stroud 003D,Investigation complete; no suspect identified
7f3ed7c079aee5d91bbfda7c510a888d1235245b7796d4ec6c9901f1b4126ad4,2024-11,Gloucestershire Constabulary,Gloucestershire Constabulary,-2.117206,51.897694,On or near Monks Croft,E01022147,Cheltenham 005C,Investigation complete; no suspect identified
67e030f2e7f532a841ac6a423d26e57acd8e24a0f4d43f1b3b2f503afea63465,2024-11,Gloucestershire Constabulary,Gloucestershire Constabulary,-2.092921,51.904872,On or near Sterling Court,E01034777,Cheltenham 007G,Investigation complete; no suspect identified
b0c4b08f2f70ad4afdb8fc3bfc12396d8d9902c2a3f7fbea28bef4e259bee46b,2024-11,Gloucestershire Constabulary,Gloucestershire Constabulary,-2.247135,51.853581,On or near Central Road,E01022332,Gloucester 004A,Investigation complete; no suspect identified
12ec656096117b9335de82ac46e19c975c22f14dbaeb9566e2cb7d49f5bbb281,2024-11,Gloucestershire Constabulary,Gloucestershire Constabulary,-1.747522,51.927548,On or near Rectory Cottages,E01022222,Cotswold 003D,Investigation complete; no suspect identified
0e567b6cdb5b5c4cc8d1b0a75bf7ef9c84827cce3ce96dfd60884e03f8e06907,2024-11,Gloucestershire Constabulary,Gloucestershire Constabulary,-2.201207,51.731939,On or near Thrupp Lane,E01022409,Stroud 007E,Investigation complete; no suspect identified
fba107a2b4f4e9eeb86ec952d197a5349198de88e7bf16fbf675abc3dc1a1ce3,2024-11,Gloucestershire Constabulary,Gloucestershire Constabulary,-2.245463,51.866379,On or near St John's Lane,E01032937,Gloucester 004F,Investigation complete; no suspect identified
af5a2a5b508109350ba55baf599ebfc907dc7d1fdfb2779238bae5263aa3bf2f,2024-11,Gloucestershire Constabulary,Gloucestershire Constabulary,-2.158110,51.846380,On or near Sayers Crescent,E01022421,Tewkesbury 009A,Suspect charged as part of another case
a0b57bf5947a79bd07155a55359938c4aba942b3d7ec5bddeff988fc35cbb537,2024-11,Gloucestershire Constabulary,Gloucestershire Constabulary,-2.294344,51.905898,On or near Dent's Lane,E01022247,Forest of Dean 001C,Investigation complete; no suspect identified
d0db124e0953f1d55e7e6832ce6de377209998e83854e3c2e8ff7dd0438d14ac,2024-11,Gloucestershire Constabulary,Gloucestershire Constabulary,-1.970455,51.713272,On or near Sheep Street,E01022194,Cotswold 007A,Unable to prosecute suspect
79ee4abe0903fe9ef24ab1e83231c8425c765a02c089a1a8695ec95a4797e508,2024-11,Gloucestershire Constabulary,Gloucestershire Constabulary,-2.224479,51.843422,On or near Badminton Road,E01022322,Gloucester 011D,Formal action is not in the public interest
566d41bd54444b09748a776dc980727ce1d67df49abbbaa3e97ba41157925c08,2024-11,Gloucestershire Constabulary,Gloucestershire Constabulary,-2.237963,51.851433,On or near Wellesley Street,E01022329,Gloucester 008E,Investigation complete; no suspect identified
bf7666cd9dfeea994de7d54c45144c67e5f52d1d507ebafb178a25b5c6cf58b1,2024-11,Gloucestershire Constabulary,Gloucestershire Constabulary,-2.065361,51.953639,On or near Bluebell Court,E01034811,Tewkesbury 010A,Investigation complete; no suspect identified
1b8118999922a7cd65825d8807aa5a2cb242eec1019fae37fcbcaf8980d34268,2024-11,Gloucestershire Constabulary,Gloucestershire Constabulary,-1.757978,51.892523,On or near Melville,E01034784,Cotswold 003F,Unable to prosecute suspect
f18fa818cb84a3f41390497417d39de0dc7901591c3643b8367a1d96228a313a,2024-11,Gloucestershire Constabulary,Gloucestershire Constabulary,-2.109721,51.909686,On or near Tanner's Lane,E01022159,Cheltenham 005E,Investigation complete; no suspect identified
dd759b8dd97dd4c45bd9d8c703ad36cfa9d980b3e3a3a5b63873e90e4fedf1cb,2024-11,Gloucestershire Constabulary,Gloucestershire Constabulary,-2.095901,51.911595,On or near A4019,E01022164,Cheltenham 001B,Investigation complete; no suspect identified
50ba43b66507f90b41fd2fa7c5adea7420c8b3429a19341ea105f555ff1c19d6,2024-11,Gloucestershire Constabulary,Gloucestershire Constabulary,-2.219360,51.695187,On or near Parking Area,E01022386,Stroud 013B,Investigation complete; no suspect identified
c9e4ce0517deec17751ee2fc5cd6fa844d7670beadce99b1c2151bae7fa3fbfc,2024-11,Gloucestershire Constabulary,Gloucestershire Constabulary,-1.757978,51.892523,On or near Melville,E01034784,Cotswold 003F,Unable to prosecute suspect
4f3899a67d7e6e809b9dda0b4adf465778898232a51a23b6b73b47780e4c905f,2024-11,Gloucestershire Constabulary,Gloucestershire Constabulary,-2.214761,51.860118,On or near Shopping Area,E01022287,Gloucester 007G,Investigation complete; no suspect identified
bb40eee715ee252f2982f8e57f37aadf6e27d2b2ee17ad4794b88d39aec01f80,2024-11,Gloucestershire Constabulary,Gloucestershire Constabulary,-2.477171,51.762881,On or near All Saints Road,E01022228,Forest of Dean 005A,Unable to prosecute suspect
df72fa5ea8e3ffa9d439a7bc6dc8dc80c3e5dd09a38597485d7db436f725fa8c,2024-11,Gloucestershire Constabulary,Gloucestershire Constabulary,-2.076503,51.900452,On or near Post Office Lane,E01022127,Cheltenham 009G,Unable to prosecute suspect
e8ff1d167e02e746c20d79aa4be93fb607acc3a2d6934ff719ff4495b7501e65,2024-11,Gloucestershire Constabulary,Gloucestershire Constabulary,-2.234707,51.859028,On or near Stratton Road,E01022291,Gloucester 005D,Suspect charged
e8ff1d167e02e746c20d79aa4be93fb607acc3a2d6934ff719ff4495b7501e65,2024-11,Gloucestershire Constabulary,Gloucestershire Constabulary,-2.234707,51.859028,On or near Stratton Road,E01022291,Gloucester 005D,Suspect charged
1583d041e0cb8ce311113adc01f9543cc4cfe3febb2c796a5499c662538d5b65,2024-11,Gloucestershire Constabulary,Gloucestershire Constabulary,-2.234108,51.858445,On or near Hopewell Street,E01022291,Gloucester 005D,Unable to prosecute suspect
65847d9d774c250ebeaadf07c83c7abfc9f9d124815c3f565136b716f22652cd,2024-11,Gloucestershire Constabulary,Gloucestershire Constabulary,-2.234108,51.858445,On or near Hopewell Street,E01022291,Gloucester 005D,Unable to prosecute suspect
7b328ca066e618c7fec5874e063ed6c66b750f86c94eaa043f0c0afd2f417c84,2024-11,Gloucestershire Constabulary,Gloucestershire Constabulary,-2.083617,51.903891,On or near Park Street,E01034777,Cheltenham 007G,Investigation complete; no suspect identified
2579a51c4c8efb9cac187314cb9a6fc767e4f7e522cd5f588fbd6df45699d584,2024-11,Gloucestershire Constabulary,Gloucestershire Constabulary,-2.242316,51.861854,On or near Wellington Street,E01034793,Gloucester 004I,Unable to prosecute suspect
919f5a34cc5f191fb56521ee10a19b1b874fe7d31e616206770180c8d6dbbf3e,2024-11,Gloucestershire Constabulary,Gloucestershire Constabulary,-2.245910,51.852424,On or near Churchill Road,E01022328,Gloucester 008D,Unable to prosecute suspect
b0aa7d4fad29a7f5a64f069550cc29156bd50b205f8d4355058afe1078791a7f,2024-11,Gloucestershire Constabulary,Gloucestershire Constabulary,-2.229887,51.859253,On or near Alfred Street,E01022290,Gloucester 005C,Investigation complete; no suspect identified
8582a0d37dc1844e9df39ed4b9cc98e2ea6fb68ad49c7911a919215a446ed2f5,2024-11,Gloucestershire Constabulary,Gloucestershire Constabulary,-2.245910,51.852424,On or near Churchill Road,E01022328,Gloucester 008D,Unable to prosecute suspect
93a0920ee1263bbfa2bd398086670c401aa670a0926fc5ab372e882da7d8b394,2024-11,Gloucestershire Constabulary,Gloucestershire Constabulary,-2.196932,51.744390,On or near Hill Top Close,E01022399,Stroud 006B,Unable to prosecute suspect
135dadfc3c09f18ac64eccda9ce0c441bd74a3f2ae4a50c564116410204778f2,2024-11,Gloucestershire Constabulary,Gloucestershire Constabulary,-2.293408,51.751076,On or near Oldends Lane,E01022403,Stroud 005D,Unable to prosecute suspect
209770fe53ee53372549fbb0bb09ffbeb0f451e9c838201a2ef4134ce4af5fe5,2024-11,Gloucestershire Constabulary,Gloucestershire Constabulary,-2.219360,51.695187,On or near Parking Area,E01022386,Stroud 013B,Investigation complete; no suspect identified
8b60465c762327498ab7c7f5c0825339d97d91c90654d4a2e83b58bb2723738f,2024-11,Gloucestershire Constabulary,Gloucestershire Constabulary,,,No location,,,Investigation complete; no suspect identified
6e29639988c06cdab5e5af2a6927432416d4499eb5fbbc513d3936aa528fcd47,2024-11,Gloucestershire Constabulary,Gloucestershire Constabulary,-2.133580,51.891491,On or near Tibberton Grove,E01022108,Cheltenham 010C,Investigation complete; no suspect identified
dad3d9016ac45ef4fa5def97aa90e88b9e0ecf371a2fb8a3b660f598bdd6a742,2024-11,Gloucestershire Constabulary,Gloucestershire Constabulary,-2.106658,51.880855,On or near Petrol Station,E01022169,Cheltenham 013C,Investigation complete; no suspect identified
2f26ca6f49299ecdbd49f8a86ed1f95b14b5d88a6c2c3034f5cc7a8d037bda06,2024-11,Gloucestershire Constabulary,Gloucestershire Constabulary,-2.106434,51.890332,On or near Bronte Close,E01022173,Cheltenham 013G,Investigation complete; no suspect identified
40c57447bc52e99d534fdf290b8c73e6bbdff510c16803a9b629118d37048d96,2024-11,Gloucestershire Constabulary,Gloucestershire Constabulary,-2.062022,51.906970,On or near Cakebridge Place,E01022134,Cheltenham 006D,Suspect charged
e8a2dc0bed8c976bf142e4225fd8cdbc602e0419c8a7f5c6da6fbe5416d4410c,2024-11,Gloucestershire Constabulary,Gloucestershire Constabulary,-2.049530,51.875661,On or near Timbercombe Gate,E01022109,Cheltenham 012D,Unable to prosecute suspect
67111304f60d6809656f2513c910ca26027bbe2d2b94cb7ef7bf5946acf16738,2024-11,Gloucestershire Constabulary,Gloucestershire Constabulary,-2.232783,51.866099,On or near Hospital,E01022312,Gloucester 002D,Investigation complete; no suspect identified
84c3b2df6a33e041f17f4e75e061a59e8b9f7a8a4ae6a03790a60976a77d7e91,2024-11,Gloucestershire Constabulary,Gloucestershire Constabulary,-1.969803,51.955227,On or near Barnmeadow Road,E01022463,Tewkesbury 003B,Formal action is not in the public interest
abec72b059193e9a3ff0e274cd05b86ac4e6b1ee8e6082d34829e86cd31554b8,2024-11,Gloucestershire Constabulary,Gloucestershire Constabulary,-2.448770,51.946242,On or near Park/Open Space,E01022267,Forest of Dean 002C,Unable to prosecute suspect
6594b7a226fbbc03c20383852d1e853ab4c75bbf6df60aacaa642daff712d6f6,2024-11,Gloucestershire Constabulary,Gloucestershire Constabulary,-2.079165,51.909935,On or near Parking Area,E01022139,Cheltenham 004A,Investigation complete; no suspect identified
910823b13ec60c3418c55cd6edbe5a56f5438e2e13fbf3699035fb70c57cb78f,2024-11,Gloucestershire Constabulary,Gloucestershire Constabulary,-2.114587,51.913844,On or near Gravney Court,E01022160,Cheltenham 003B,Unable to prosecute suspect
fe8e9f7aad0978875ed8b2951555d3377395cc0002a84154dd8e4e6fd45e1ac7,2024-11,Gloucestershire Constabulary,Gloucestershire Constabulary,-2.512048,51.858786,On or near Mannings Road,E01022260,Forest of Dean 003E,Unable to prosecute suspect
c598a2213583e61491240dc9867506f14f26a425a1ae61660273161ee12d8514,2024-11,Gloucestershire Constabulary,Gloucestershire Constabulary,-2.495725,51.827000,On or near Ferndale Close,E01022237,Forest of Dean 004B,Action to be taken by another organisation
78882e071d398bfa7d6e7adaf6aefc336b1e51cd2ab518ac68282b61aaab4718,2024-11,Gloucestershire Constabulary,Gloucestershire Constabulary,-2.495725,51.827000,On or near Ferndale Close,E01022237,Forest of Dean 004B,Action to be taken by another organisation
f30eabcc2b80bf521a380b3a1df390b1a9bf92d2062de6f3863eeb523ae712b6,2024-11,Gloucestershire Constabulary,Gloucestershire Constabulary,-2.495725,51.827000,On or near Ferndale Close,E01022237,Forest of Dean 004B,Action to be taken by another organisation
cad15f8ecb2dc736978e34ec3b34c40bdae388b82d6da86b2088b719b5deca0c,2024-11,Gloucestershire Constabulary,Gloucestershire Constabulary,-2.531486,51.733840,On or near Lynwood Road,E01022257,Forest of Dean 009F,Unable to prosecute suspect
2223b0c21babfff45d3a98f1076cc1809f579f7b087e2edb87627499d6e2890b,2024-11,Gloucestershire Constabulary,Gloucestershire Constabulary,-2.230804,51.871075,On or near Michaelmas Court,E01022312,Gloucester 002D,Unable to prosecute suspect
6352c93ce102839311cf509343233b7da11d15b91353fab314fefd9c46ea12f8,2024-11,Gloucestershire Constabulary,Gloucestershire Constabulary,-2.082995,51.905509,On or near Granville Street,E01022152,Cheltenham 004C,Unable to prosecute suspect
c57b8e91a226c8d290671d96c5d0fe2fbcaad60383e031cf68d6b2bcdcc3fd68,2024-11,Gloucestershire Constabulary,Gloucestershire Constabulary,-2.249565,51.862369,On or near Southgate Street,E01034792,Gloucester 004H,Investigation complete; no suspect identified
7b243537e5923929c98763d4fc419ce25b7803f2f8c445a802d55f3bc7286412,2024-11,Gloucestershire Constabulary,Gloucestershire Constabulary,-2.249565,51.862369,On or near Southgate Street,E01034792,Gloucester 004H,Investigation complete; no suspect identified
6f1d11fe3d98af6d32fd96fba8f42014c44fa5c0b8e808a94869fc4da39cd00e,2024-11,Gloucestershire Constabulary,Gloucestershire Constabulary,,,No location,,,Local resolution
db324174d28f7e4d443b1729d5df2dd20092e2448722d5758020cd45962a62f5,2024-11,Gloucestershire Constabulary,Gloucestershire Constabulary,-2.247745,51.866823,On or near College Street,E01032937,Gloucester 004F,Unable to prosecute suspect
117f7327b7177c7fdf6e08252dfddadf59559b19f1e94a6bf13fd05e3ab5898f,2024-11,Gloucestershire Constabulary,Gloucestershire Constabulary,-2.179471,51.851906,On or near Pineholt Gate,E01034807,Tewkesbury 009F,Unable to prosecute suspect
7b4a7258b9e83bfc98702e7e8fcaa79a4e40e247e5e0b896da2f216ba46c4e05,2024-11,Gloucestershire Constabulary,Gloucestershire Constabulary,-2.209256,51.887982,On or near Robins End,E01022447,Tewkesbury 007H,Unable to prosecute suspect
6f88e76010e395e2dbcc50cd205e101d5b5d7f358490f9a139d790681e587ebf,2024-11,Gloucestershire Constabulary,Gloucestershire Constabulary,,,No location,,,Investigation complete; no suspect identified
cd6fc10ea86cf670ad5f040ccbb3eda93ba91aa7d7086fe8d323ba6df5bfe3ce,2024-11,Gloucestershire Constabulary,Gloucestershire Constabulary,-2.209256,51.887982,On or near Robins End,E01022447,Tewkesbury 007H,Unable to prosecute suspect
832798df6c88114e8d3f3843b37fcc5881df3bd25e1b187e60c729e6551c2316,2024-11,Gloucestershire Constabulary,Gloucestershire Constabulary,-2.222504,51.860823,On or near Supermarket,E01022312,Gloucester 002D,Investigation complete; no suspect identified
6f3b600f0796308c1389a3bd741081fd2e1cf97c0f020829c948471ea1a7021e,2024-11,Gloucestershire Constabulary,Gloucestershire Constabulary,-2.279572,51.743764,On or near Bath Road,E01022404,Stroud 005E,Investigation complete; no suspect identified
808ebb92a0f2575e8fc690938156e1ecf0ce917442c7a3fe2dfbc7b746df6c80,2024-11,Gloucestershire Constabulary,Gloucestershire Constabulary,-2.159018,51.844653,On or near Green Way,E01022421,Tewkesbury 009A,Unable to prosecute suspect
04367d3ba07745a9183906e9e244250ec53070c11edd22842cfec9e41c30041d,2024-11,Gloucestershire Constabulary,Gloucestershire Constabulary,,,No location,,,Investigation complete; no suspect identified
63a284da68c6bd399e1a1d388e84731429e537197040d1cfd8c15ddfe1d5d371,2024-11,Gloucestershire Constabulary,Gloucestershire Constabulary,-2.167360,52.028319,On or near Sports/Recreation Area,E01022462,Tewkesbury 002G,Investigation complete; no suspect identified
2c07bcc7bf982bcb4ef8d69ecceba3bc97c4accf5205ed191029462f6c6ea982,2024-11,Gloucestershire Constabulary,Gloucestershire Constabulary,-2.291738,51.920920,On or near School Close,E01022247,Forest of Dean 001C,Action to be taken by another organisation
51fbfebf4ae3cbe1ce65051040f589b88ef4bdb195e76f5d42673d62179379ea,2024-11,Gloucestershire Constabulary,Gloucestershire Constabulary,-2.291738,51.920920,On or near School Close,E01022247,Forest of Dean 001C,Action to be taken by another organisation
02ae016936a3bfbd5fe1da3c08805351391eaebcaf128564593e927e9a30e0b8,2024-11,Gloucestershire Constabulary,Gloucestershire Constabulary,-2.291738,51.920920,On or near School Close,E01022247,Forest of Dean 001C,Action to be taken by another organisation
0219c659dc9e120692e4cadbb005c1c0fa30c4c9b36edbec16b49b5916723960,2024-11,Gloucestershire Constabulary,Gloucestershire Constabulary,-2.291738,51.920920,On or near School Close,E01022247,Forest of Dean 001C,Unable to prosecute suspect
5e8fc04fb97c0cf599bce505effd267b4f2a6ab77f2f9adde347fe61abe8c78b,2024-11,Gloucestershire Constabulary,Gloucestershire Constabulary,-2.079165,51.909935,On or near Parking Area,E01022139,Cheltenham 004A,Investigation complete; no suspect identified
56364984527b627bad36f0ecfd7ac70cc75cb3f0180f58d1139a87d38c0cd7bd,2024-11,Gloucestershire Constabulary,Gloucestershire Constabulary,-1.959143,51.705527,On or near Supermarket,E01022198,Cotswold 008D,Investigation complete; no suspect identified
bedee50a26a109def1862553bb4f61f94b5fa604eb1eb14a49c0cf6f63fc0c4a,2024-11,Gloucestershire Constabulary,Gloucestershire Constabulary,-2.274051,51.822143,On or near Petrol Station,E01032933,Gloucester 015E,Investigation complete; no suspect identified
93944bc02e32e1f83c131d5d196ab3f24948788b9350a7ab4a59b46f01a10901,2024-11,Gloucestershire Constabulary,Gloucestershire Constabulary,-2.495362,51.825581,On or near Moorland Close,E01022237,Forest of Dean 004B,Unable to prosecute suspect
107fec053482c82148f9c8505349b470eaba67b6bc36d6cdc9e7fb342789d6cb,2024-11,Gloucestershire Constabulary,Gloucestershire Constabulary,-2.402374,51.634029,On or near New Street,E01014885,South Gloucestershire 003B,Suspect charged
b2ad0ff840861146daf488936b9c0f591a6c261bdc0bbaf6d94ef63cf63ca40c,2024-11,Gloucestershire Constabulary,Gloucestershire Constabulary,-2.065287,51.912920,On or near Marston Road,E01022139,Cheltenham 004A,Offender given a caution
b5e0cf07784f32750914986cb471a1943c8f26bfa0a5b95fd27626b9c38c6087,2024-11,Gloucestershire Constabulary,Gloucestershire Constabulary,-2.067705,51.897113,On or near Sidney Street,E01022102,Cheltenham 008C,Investigation complete; no suspect identified
828a741fbc60a51c49129bc33d5d6e5f5c1a271b163dc57cb9684dc1b9cdc8b1,2024-11,Gloucestershire Constabulary,Gloucestershire Constabulary,-2.055570,51.908528,On or near Lynworth Place,E01022131,Cheltenham 006A,Suspect charged
9eebf79ea03e763ada43becc806327e0c15e276604f6d5bf1cb192fef3d3ed4d,2024-11,Gloucestershire Constabulary,Gloucestershire Constabulary,-2.206848,51.749588,On or near Slad Road,E01022414,Stroud 006E,Investigation complete; no suspect identified
53068ef228ba9f40aff2e1e0573d2e84183c54b6e3921662fb6d8fec48e7c58d,2024-11,Gloucestershire Constabulary,Gloucestershire Constabulary,-2.096887,51.910650,On or near Moors Avenue,E01022155,Cheltenham 007D,Investigation complete; no suspect identified
e26784d51ade3247be353c2b61cfe1ab1e97b28fe88afe9b13f20b78e6350d32,2024-11,Gloucestershire Constabulary,Gloucestershire Constabulary,-1.775074,51.672169,On or near Broadway Close,E01022209,Cotswold 009E,Action to be taken by another organisation
a9692005f50b65888d7026d4dbda7acfad207ee25fe9884f41d9cffd976d63bf,2024-11,Gloucestershire Constabulary,Gloucestershire Constabulary,-2.294344,51.905898,On or near Dent's Lane,E01022247,Forest of Dean 001C,Investigation complete; no suspect identified
6b85d734db3ef6beb9fc847421b77d3a2a07e071394660e4d06806aaf5470c87,2024-11,Gloucestershire Constabulary,Gloucestershire Constabulary,-2.507772,51.820799,On or near Crawshay Place,E01022238,Forest of Dean 004C,Unable to prosecute suspect
310dc27068c66598428352beccd47d738864b59c24bfd4a93d01508e252a0e3d,2024-11,Gloucestershire Constabulary,Gloucestershire Constabulary,-1.775074,51.672169,On or near Broadway Close,E01022209,Cotswold 009E,Action to be taken by another organisation
c922132ab095afbf2a251d43bc87b9f387044e6972634c25a5f27c9b34fb69a2,2024-11,Gloucestershire Constabulary,Gloucestershire Constabulary,-1.775074,51.672169,On or near Broadway Close,E01022209,Cotswold 009E,Action to be taken by another organisation
046a3a2cc61149e7b21679e4ce4c7b7589bd09a8d3321422b90f0f354f05832a,2024-11,Gloucestershire Constabulary,Gloucestershire Constabulary,-2.406623,51.930585,On or near Stokes Mews,E01022262,Forest of Dean 002B,Unable to prosecute suspect
1c858f691a435524dc0494be9a8bc6efa6b719b6c4a78bb2ed7f5032ca433e57,2024-11,Gloucestershire Constabulary,Gloucestershire Constabulary,-2.116068,51.907261,On or near Oldbury Road,E01022122,Cheltenham 003A,Unable to prosecute suspect
19c1945dd57fa61084e9138a0f00722dc789c5910c59969d49c3b919e8a998b2,2024-11,Gloucestershire Constabulary,Gloucestershire Constabulary,-2.106177,51.898397,On or near Hillfield,E01022148,Cheltenham 007A,Investigation complete; no suspect identified
94617c39b0443d8e9d116582f4ab5d5ac4436ebded08732f279026c87dbce150,2024-11,Gloucestershire Constabulary,Gloucestershire Constabulary,,,No location,,,Suspect charged
9c9dd2ac57ce7dca7bcf27665242fce40d88bee781e540169574cbfe299aea17,2024-11,Gloucestershire Constabulary,Gloucestershire Constabulary,-2.116068,51.907261,On or near Oldbury Road,E01022122,Cheltenham 003A,Unable to prosecute suspect
ae49fc06acbb14132e4e33c790f34f7dcf023cab13176f0d713b489bb4da3330,2024-11,Gloucestershire Constabulary,Gloucestershire Constabulary,-2.116068,51.907261,On or near Oldbury Road,E01022122,Cheltenham 003A,Unable to prosecute suspect
f8e6f78c804b0002cb6b9869bac3ef34da32eafffcb20a421f2ad492313acf6c,2024-11,Gloucestershire Constabulary,Gloucestershire Constabulary,-2.379532,51.692917,On or near Yewtree Close,E01022362,Stroud 011D,Investigation complete; no suspect identified
df012e6e270c795f97127ddaff0927023db4995df822dccfaf2ea73ee8637fe6,2024-11,Gloucestershire Constabulary,Gloucestershire Constabulary,-1.971127,51.954742,On or near Seymour Place,E01022463,Tewkesbury 003B,Investigation complete; no suspect identified
25f164fef7d454e66071d858eb87911559437b0a938f7bf4f5ffa710b2ab28e6,2024-11,Gloucestershire Constabulary,Gloucestershire Constabulary,-2.091398,51.925812,On or near Sports/Recreation Area,E01022165,Cheltenham 001C,Investigation complete; no suspect identified
9452f338c6c78503cb28f9e5b685a86c62767b22b6bd90bb098277d221050b77,2024-11,Gloucestershire Constabulary,Gloucestershire Constabulary,-1.936514,51.671656,On or near Langet,E01034788,Cotswold 010E,Unable to prosecute suspect
1293ffae3e3fdfa9e66e1c4e72a90bd874fc3e61a771eb11576bfc0752d79232,2024-11,Gloucestershire Constabulary,Gloucestershire Constabulary,-2.057360,51.955262,On or near Hedgerow Close,E01034812,Tewkesbury 010B,Investigation complete; no suspect identified
cb42910fa99bca653588cb38a1a6bcba749fec75db43ba30c353c7743e16660c,2024-11,Gloucestershire Constabulary,Gloucestershire Constabulary,-2.109931,51.888458,On or near Grasmere Road,E01022173,Cheltenham 013G,Investigation complete; no suspect identified
92bdc9524b8e3cb5a1c2f2a2cc13cbcebf6d5df67c58b45c70f2e6f1c2e456d7,2024-11,Gloucestershire Constabulary,Gloucestershire Constabulary,-2.249160,51.846834,On or near Henley Place,E01022331,Gloucester 009D,Action to be taken by another organisation
ba8c0338622e524c0550cd0d3458d11bc36ff225278505f06a459aea89b388ec,2024-11,Gloucestershire Constabulary,Gloucestershire Constabulary,-2.237135,51.845851,On or near Northfield Road,E01022323,Gloucester 008C,Local resolution
bc4ee46601f1427e967e135936b200dac2e0c0b1f39e4487c6bd8ea4d4d4e44b,2024-11,Gloucestershire Constabulary,Gloucestershire Constabulary,-2.368584,51.702258,On or near Manor Avenue,E01022363,Stroud 011E,Investigation complete; no suspect identified
613587846d289ce3a2b1e262b090fd25c9fe8a1c6d5cb8e157809ae1f21d0eab,2024-11,Gloucestershire Constabulary,Gloucestershire Constabulary,-2.236118,51.863077,On or near Supermarket,E01022289,Gloucester 005B,Investigation complete; no suspect identified
bf1add144ef379b1710e6556d204e734412d5723437b02bb4e500ede04bdce53,2024-11,Gloucestershire Constabulary,Gloucestershire Constabulary,-2.355790,51.681761,On or near Parsonage Street,E01022372,Stroud 014A,Local resolution
d769f2977c502d48e8c1f20a2b5d91e71314166f1a2edcc3e827a99ae4da3bcb,2024-11,Gloucestershire Constabulary,Gloucestershire Constabulary,-2.104318,51.918079,On or near Shopping Area,E01022165,Cheltenham 001C,Investigation complete; no suspect identified
451573fef86c72048ab32b8a3c65cf6e8c50161183a3e1b69a10d48e21991fb5,2024-11,Gloucestershire Constabulary,Gloucestershire Constabulary,-2.104318,51.918079,On or near Shopping Area,E01022165,Cheltenham 001C,Investigation complete; no suspect identified
a5f89df51ab15b87fb1637a0f258223a13c2a8b281b93229657947c2ffd86acc,2024-11,Gloucestershire Constabulary,Gloucestershire Constabulary,-2.242476,51.864506,On or near Clarence Street,E01032937,Gloucester 004F,Suspect charged as part of another case
541a93a7d916320a512b777ea8903301afcf48aadcb171450a888156ad22b2e2,2024-11,Gloucestershire Constabulary,Gloucestershire Constabulary,-2.140631,51.841457,On or near Bryerland Road,E01034806,Tewkesbury 008E,Unable to prosecute suspect
d3dfb84e7621132b630bfef013775bc22f7c945693d4fd317c5725226e0bf2a2,2024-11,Gloucestershire Constabulary,Gloucestershire Constabulary,-2.242476,51.864506,On or near Clarence Street,E01032937,Gloucester 004F,Suspect charged as part of another case
0dbe812bce34a4a6b762a64ee7a7df9556b590129860897a1c0672b13b2e2587,2024-11,Gloucestershire Constabulary,Gloucestershire Constabulary,-2.219138,51.694054,On or near Market Street,E01022386,Stroud 013B,Unable to prosecute suspect
170dac3eca6b2dcb7bafac8c8ccc13ddd37e11521e7f76990562cfc1469b15c9,2024-11,Gloucestershire Constabulary,Gloucestershire Constabulary,-2.209256,51.887982,On or near Robins End,E01022447,Tewkesbury 007H,Action to be taken by another organisation
b76da18c58a47131276a9773f7a2490ff98cd8ec3d42ba66ae44e9d3dbe2d6c0,2024-11,Gloucestershire Constabulary,Gloucestershire Constabulary,-2.586294,51.700258,On or near Swains Field,E01022248,Forest of Dean 010A,Action to be taken by another organisation
06e8dcef2746ce4cc628e73c164f02182c5f72f0852919935131eff176633b68,2024-11,Gloucestershire Constabulary,Gloucestershire Constabulary,-2.116431,52.002725,On or near Howard Close,E01022452,Tewkesbury 001D,Local resolution
0f64acff0a144c826b02b9c9c14e38b85ae8dd1c0c4269725a8fcd017e91c42a,2024-11,Gloucestershire Constabulary,Gloucestershire Constabulary,-2.086652,51.894799,On or near Lansdown Walk,E01022126,Cheltenham 009F,Unable to prosecute suspect
3c4c874167c0afcfed000971a1a491cbff4bc41d3812569cea39a3e57c6d102b,2024-11,Gloucestershire Constabulary,Gloucestershire Constabulary,-2.214761,51.860118,On or near Shopping Area,E01022287,Gloucester 007G,Investigation complete; no suspect identified
d98bde0f5de0b4779da73b81dcb0a7d2f2af2b4943c4e83fa1b49b4a781d7566,2024-11,Gloucestershire Constabulary,Gloucestershire Constabulary,-2.202554,51.744875,On or near Clare Court,E01022399,Stroud 006B,Investigation complete; no suspect identified
4f7a29a95800828412efbf3f7d234943d11c153ad966ef17249ed260f40c27b9,2024-11,Gloucestershire Constabulary,Gloucestershire Constabulary,-2.111819,51.888277,On or near Thirlmere Road,E01022169,Cheltenham 013C,Investigation complete; no suspect identified
16118c82a6bec091c7fcd5245921073375cb04fdccbda54733ba29d64fcdd7d4,2024-11,Gloucestershire Constabulary,Gloucestershire Constabulary,-2.280262,51.815367,On or near Meerbrook Way,E01034797,Gloucester 015K,Investigation complete; no suspect identified
410b6d3f6e92d2d55ea4a282af1afd76d6ecc4f3090d215e0d92960d64859588,2024-11,Gloucestershire Constabulary,Gloucestershire Constabulary,-2.249716,51.831835,On or near Supermarket,E01022346,Gloucester 012D,Investigation complete; no suspect identified
4c769659776d29e24a109c10637da129913779cf04d250c628a89959543586d8,2024-11,Gloucestershire Constabulary,Gloucestershire Constabulary,-2.249716,51.831835,On or near Supermarket,E01022346,Gloucester 012D,Investigation complete; no suspect identified
2263e0d27f2715854e2873f5e54c129ee05497416e657332a4f3a6e1cf1104a4,2024-11,Gloucestershire Constabulary,Gloucestershire Constabulary,-2.242965,51.866348,On or near Shopping Area,E01032937,Gloucester 004F,Unable to prosecute suspect
50a560a2d73c9978e30e0f691c3da2f5c19707648d1e2cdbbaa0d5ca046210da,2024-11,Gloucestershire Constabulary,Gloucestershire Constabulary,-2.129763,51.891862,On or near Hospital,E01022108,Cheltenham 010C,Investigation complete; no suspect identified
bf43e37732d0d8f33c1f93e0c96e3a02844704ee8de6f3c1584dba7dc97f0692,2024-11,Gloucestershire Constabulary,Gloucestershire Constabulary,-2.205761,51.841748,On or near Supermarket,E01022277,Gloucester 010B,Investigation complete; no suspect identified
8aff23573e6773aa6d112c1e7bede08418710159b13e4cf8f65c4504c9b48565,2024-11,Gloucestershire Constabulary,Gloucestershire Constabulary,-2.279949,51.818730,On or near Mansfield Mews,E01022338,Gloucester 015D,Investigation complete; no suspect identified
a0c90a64b30ce8fa6bf415ecfe1d5b5c3b71ee5c0b2bb70171a4728813c619c0,2024-11,Gloucestershire Constabulary,Gloucestershire Constabulary,-2.076678,51.898785,On or near Hospital,E01022117,Cheltenham 009B,Investigation complete; no suspect identified
2a70a6d0c10f928ae24109bb514817d813b2024b57c47facf5dfbea9de2c4e01,2024-11,Gloucestershire Constabulary,Gloucestershire Constabulary,-2.214761,51.860118,On or near Shopping Area,E01022287,Gloucester 007G,Investigation complete; no suspect identified
410306fda90ddffd1362b659cf1e2c7d576ffb1f73c96523b33cc97353507fc4,2024-11,Gloucestershire Constabulary,Gloucestershire Constabulary,-2.137542,51.980127,On or near Hazel Avenue,E01032940,Tewkesbury 001H,Unable to prosecute suspect
718da27d21ad99fe25bf492d3e0e4e9198211aa88790383d61af6b385e13c587,2024-11,Gloucestershire Constabulary,Gloucestershire Constabulary,-2.250872,51.857125,On or near Supermarket,E01022332,Gloucester 004A,Investigation complete; no suspect identified
e45493e126e61b52132f79fdbb8ceced1ef6ef75ee83ea7c0430355c22fa9b44,2024-11,Gloucestershire Constabulary,Gloucestershire Constabulary,-2.118597,51.907358,On or near Falkland Place,E01022122,Cheltenham 003A,Unable to prosecute suspect
d897e21e36d92aea219f8693821d0d7cf7b0ca4f42d204eb3cef0c1c68a38d85,2024-11,Gloucestershire Constabulary,Gloucestershire Constabulary,-2.091540,51.918989,On or near Drayton Close,E01022163,Cheltenham 001A,Investigation complete; no suspect identified
3ac1624a91e4dc64de40a20dc554c799a34995c073c3848f49a7c441336fdea8,2024-11,Gloucestershire Constabulary,Gloucestershire Constabulary,,,No location,,,Investigation complete; no suspect identified
2e93ef95f0f35852e25004e9081aa267ae0ff6bc087e82293470b0dd7a8a8da7,2024-11,Gloucestershire Constabulary,Gloucestershire Constabulary,-2.587656,51.849828,On or near Parking Area,E01022253,Forest of Dean 006B,Investigation complete; no suspect identified
f5ac9bccece232bf29318948e24574cce4b9e27b1b06fc283752dbee63e84bea,2024-11,Gloucestershire Constabulary,Gloucestershire Constabulary,-2.196932,51.744390,On or near Hill Top Close,E01022399,Stroud 006B,Unable to prosecute suspect
d20a2c05a4edf8e93c8da468ea0c442fe921d41e1f43838557066dad6c1a133e,2024-11,Gloucestershire Constabulary,Gloucestershire Constabulary,-2.527967,51.727607,On or near Shopping Area,E01022256,Forest of Dean 009E,Investigation complete; no suspect identified
1c13bdb44d598df2a9992bbea2b9767c666bb9c2604c552e10b43b1c54925d4e,2024-11,Gloucestershire Constabulary,Gloucestershire Constabulary,-2.054926,51.905202,On or near Tamar Road,E01022133,Cheltenham 006C,Unable to prosecute suspect
da084d462f882e2d13e19e0ea2386da2a915a27deead593b86093768b683cbfa,2024-11,Gloucestershire Constabulary,Gloucestershire Constabulary,-2.242006,51.858159,On or near Midland Road,E01022293,Gloucester 008A,Investigation complete; no suspect identified
da2f1386fbc8c70d46012be82ee9ef5652d8b1e34b2f3b6705537181c3521a1f,2024-11,Gloucestershire Constabulary,Gloucestershire Constabulary,,,No location,,,Unable to prosecute suspect
8a901881f30d4b8cf8fc3829900b695168616f085d3f7f915f94ecfe61c9648a,2024-11,Gloucestershire Constabulary,Gloucestershire Constabulary,-2.355790,51.681761,On or near Parsonage Street,E01022372,Stroud 014A,Local resolution
99b2d3b5fc777084ac4d9069e409c58f9d0edd1788f919c680112490f3449bb6,2024-11,Gloucestershire Constabulary,Gloucestershire Constabulary,-2.098234,51.914947,On or near Shopping Area,E01022165,Cheltenham 001C,Suspect charged
8442036c8fc5e99c61549aaddb5c0fa15a35f0755c78532d17c24f519a56c103,2024-11,Gloucestershire Constabulary,Gloucestershire Constabulary,-2.118190,51.901613,On or near Further/Higher Educational Building,E01022121,Cheltenham 005B,Investigation complete; no suspect identified
eef9e5c7763f59cfff51493d1fc3e0fd61d75398167950e56682f2b10cc980c1,2024-11,Gloucestershire Constabulary,Gloucestershire Constabulary,-2.098234,51.914947,On or near Shopping Area,E01022165,Cheltenham 001C,Suspect charged
f2b47d96cb627f8da5ace1aa48e4afcea682c18524df45aa10d0daf79f5d17c1,2024-11,Gloucestershire Constabulary,Gloucestershire Constabulary,-2.182546,51.843908,On or near Walnut Close,E01034808,Tewkesbury 009G,Unable to prosecute suspect
6d4e3b79719237d489b036fb62e353d493759b12763b1465226cc67e9803c240,2024-11,Gloucestershire Constabulary,Gloucestershire Constabulary,-2.076503,51.900452,On or near Post Office Lane,E01022127,Cheltenham 009G,Investigation complete; no suspect identified
e3fe10de104aaa600dc4b8417d17e5c80a3a1198b305743037d078c7f369bbdc,2024-11,Gloucestershire Constabulary,Gloucestershire Constabulary,-2.490001,51.759447,On or near Furnace Valley,E01022228,Forest of Dean 005A,Action to be taken by another organisation
48fea8f36a07af1d577ba09907be1706622a1aff06314d4acb7953451cf8731d,2024-11,Gloucestershire Constabulary,Gloucestershire Constabulary,-2.076503,51.900452,On or near Post Office Lane,E01022127,Cheltenham 009G,Unable to prosecute suspect
50ad7afded5dcb2dbe0ff72b9070ca38deb2087cfbddcea000885dfdfaf2f3e6,2024-11,Gloucestershire Constabulary,Gloucestershire Constabulary,-2.214965,51.747550,On or near Supermarket,E01022414,Stroud 006E,Unable to prosecute suspect
4a279cfb073dfc7e856bca8ce84e2127da7e2617dcbc7a7d1d0c9ae70210500a,2024-11,Gloucestershire Constabulary,Gloucestershire Constabulary,-2.170435,51.850292,On or near Bulford Close,E01034807,Tewkesbury 009F,Unable to prosecute suspect
895eb677f5deaf6b00cfcc375b760b6f4c3b7a01726a2bf0dd648e703fe7e25f,2024-11,Gloucestershire Constabulary,Gloucestershire Constabulary,-2.075267,51.900129,On or near County Court Road,E01022117,Cheltenham 009B,Investigation complete; no suspect identified
f266c9e6943a22e72b1fec4481c4d683da9e9ea512e735fde4240192be162aa3,2024-11,Gloucestershire Constabulary,Gloucestershire Constabulary,-2.219360,51.695187,On or near Parking Area,E01022386,Stroud 013B,Investigation complete; no suspect identified
228226b36ebd20ba01a2ad33aecf168a69a75aec10f0d3516c5d58aae5cb4078,2024-11,Gloucestershire Constabulary,Gloucestershire Constabulary,-1.747522,51.927548,On or near Rectory Cottages,E01022222,Cotswold 003D,Investigation complete; no suspect identified
aa6eaa39e6e4860c94baf53ba1f294dad195e7ad66c4d6c53674a9fdc7511993,2024-11,Gloucestershire Constabulary,Gloucestershire Constabulary,-2.070310,51.890089,On or near Christowe Lane,E01022118,Cheltenham 014D,Unable to prosecute suspect
75e5c4fef916342fcb62483a58f4a9658b8d61d62bd664234192ef42f48879f2,2024-11,Gloucestershire Constabulary,Gloucestershire Constabulary,-2.252631,51.859614,On or near Shopping Area,E01034791,Gloucester 004G,Investigation complete; no suspect identified
df53b352ce0ac6b3e7159962fa165f539c4ce79ef657f8efcacc1d9fd36a390d,2024-11,Gloucestershire Constabulary,Gloucestershire Constabulary,-2.218869,51.746212,On or near Shopping Area,E01034804,Stroud 006G,Local resolution
3df12012a120c86d4ef12862360c022f648d71b17368f86cf5c1f95dd6e70f3b,2024-11,Gloucestershire Constabulary,Gloucestershire Constabulary,-2.106435,51.915587,On or near Waldrist Close,E01022160,Cheltenham 003B,Investigation complete; no suspect identified
58096aec5f78c3aad27f362b7aaa9c1be79fdbfa5b19f2cba8e6ef9fe399eaaa,2024-11,Gloucestershire Constabulary,Gloucestershire Constabulary,-2.095208,51.893344,On or near Thorncliffe Drive,E01022136,Cheltenham 011B,Investigation complete; no suspect identified
b8385f55e7ee6ef6d2637a204949d8c11b419b08e7eb5fea3ddeb769c15c6ee6,2024-11,Gloucestershire Constabulary,Gloucestershire Constabulary,-2.048721,51.906158,On or near Priors Road,E01022132,Cheltenham 006B,Investigation complete; no suspect identified
9abd15b9b325d7ab692ab7767460dc3f7aea83a213194cd7736cbf948c8e6d81,2024-11,Gloucestershire Constabulary,Gloucestershire Constabulary,-2.274051,51.822143,On or near Petrol Station,E01032933,Gloucester 015E,Unable to prosecute suspect
38d8cd1876b813ad7a05e38195d5e6f3d9db12daed66f6d7292b596849913ef7,2024-11,Gloucestershire Constabulary,Gloucestershire Constabulary,-2.241227,51.872609,On or near Vine Terrace,E01022310,Gloucester 002B,Offender given a caution
c88bdd3e0af3a4d5f1a2f41462e5616530ba59a7f76bb8750b4e116a8c75a11d,2024-11,Gloucestershire Constabulary,Gloucestershire Constabulary,-2.237217,51.886176,On or near Lewis Avenue,E01022440,Tewkesbury 006A,Investigation complete; no suspect identified
493d8f396ef64cfa0b28ec5de1c58fd19a299147f4a30e960f039cc2d3d86a62,2024-11,Gloucestershire Constabulary,Gloucestershire Constabulary,-2.119945,51.862312,On or near Hillview Gardens,E01022454,Tewkesbury 008C,Unable to prosecute suspect
3218b6d783c5aa01685230d57af18740fc401aaea37174c104455d8a8ee62a2c,2024-11,Gloucestershire Constabulary,Gloucestershire Constabulary,-2.194551,51.847485,On or near Forbes Close,E01022307,Gloucester 010F,Investigation complete; no suspect identified
6326c921ae0815105e0f52b54c02575bd9f24ade9163ca878312af1b1a35725d,2024-11,Gloucestershire Constabulary,Gloucestershire Constabulary,-2.502452,51.829067,On or near Petrol Station,E01022240,Forest of Dean 004E,Investigation complete; no suspect identified
b659f29dbb01adf84a6e934236382fd15ac3f3809c177a3231a863c36426a835,2024-11,Gloucestershire Constabulary,Gloucestershire Constabulary,-2.104994,51.902273,On or near Surrey Mews,E01022149,Cheltenham 007B,Investigation complete; no suspect identified
359bef5213254104b1dab7cac51f433136a8a3059dd380c2f48bf6a5657e0936,2024-11,Gloucestershire Constabulary,Gloucestershire Constabulary,-2.235898,51.870228,On or near Henry Road,E01022309,Gloucester 002A,Unable to prosecute suspect
ca537d8498ed487a4d8c421e47980f2aebc1013a6e3503b7e85c5bdcc717a249,2024-11,Gloucestershire Constabulary,Gloucestershire Constabulary,-2.104994,51.902273,On or near Surrey Mews,E01022149,Cheltenham 007B,Investigation complete; no suspect identified
5f04efab2a9cdbed6f21502ffffc66cafc3f850fac75ab6985e9892f4ba2abcd,2024-11,Gloucestershire Constabulary,Gloucestershire Constabulary,-2.112578,51.906824,On or near Quebec Drive,E01022120,Cheltenham 005A,Investigation complete; no suspect identified
a9bb07af495c460bb5a17017dc8db71f7ae1fdd1743dc1a7761faf523f3ea59a,2024-11,Gloucestershire Constabulary,Gloucestershire Constabulary,-2.066420,51.902868,On or near Glenfall Street,E01022142,Cheltenham 008F,Investigation complete; no suspect identified
e9bc23c531c1b60c647fa525b99fe7627b5d048362c6e2251a9451d4a9934ec6,2024-11,Gloucestershire Constabulary,Gloucestershire Constabulary,-2.090791,51.915286,On or near Stanwick Drive,E01022164,Cheltenham 001B,Investigation complete; no suspect identified
ec04197b32cfac6f9426f4f49359e850ddcb26ec8615c6c7e312c2e36c1788e5,2024-11,Gloucestershire Constabulary,Gloucestershire Constabulary,-2.092026,51.999915,On or near Court Farm Close,E01032938,Tewkesbury 001F,Unable to prosecute suspect
ccda079bfa634891854758e92cb9a4586311fbce3bc0350f879f86b72094de6e,2024-11,Gloucestershire Constabulary,Gloucestershire Constabulary,-2.245463,51.866379,On or near St John's Lane,E01032937,Gloucester 004F,Investigation complete; no suspect identified
df0c150ffd602ab6dd2a2b66cb22f0d0b4de4d8163a909c65b7a932ac521028b,2024-11,Gloucestershire Constabulary,Gloucestershire Constabulary,-2.079673,51.893284,On or near Back Montpellier Terrace,E01022117,Cheltenham 009B,Investigation complete; no suspect identified
77799a3211f1a2d9804fb0f061035e51f049058baf0a2fe7e6502cd4fa77c2f9,2024-11,Gloucestershire Constabulary,Gloucestershire Constabulary,-2.275104,51.742480,On or near Brown's Lane,E01022404,Stroud 005E,Investigation complete; no suspect identified
0dfcca32239001951eb4e9a3a72f63960d25bbce8e87b1ac89d321e5c8330e93,2024-11,Gloucestershire Constabulary,Gloucestershire Constabulary,-1.965434,51.710906,On or near Trinity Road,E01022200,Cotswold 007D,Unable to prosecute suspect
1dc0662527620a2f224f02f2f13a1fa8191e024c9b1448aea7123e0710210872,2024-11,Gloucestershire Constabulary,Gloucestershire Constabulary,-2.216098,51.745291,On or near High Street,E01034804,Stroud 006G,Suspect charged
521ed93b41a4e1205120137b6d4defc0d58c2415035cf9389989d129c0992b22,2024-11,Gloucestershire Constabulary,Gloucestershire Constabulary,-2.153051,51.993800,On or near Chance Street,E01022460,Tewkesbury 002E,Investigation complete; no suspect identified
730f4e45db5682a5479f0c82cbd2744863147cf1f59941749ace123bbf2c7478,2024-11,Gloucestershire Constabulary,Gloucestershire Constabulary,-2.111500,51.888502,On or near Windermere Road,E01022173,Cheltenham 013G,Unable to prosecute suspect
c1f65ef235b8281491e90e447ebebb443af9d8f997fc6efdd1aaec903562d2e9,2024-11,Gloucestershire Constabulary,Gloucestershire Constabulary,-2.241137,51.863933,On or near Russell Street,E01032937,Gloucester 004F,Investigation complete; no suspect identified
e67fa7b60cb9f8b5c16adfb22b7760eefd66d548ca6920da88c365516f35595c,2024-11,Gloucestershire Constabulary,Gloucestershire Constabulary,-2.238438,51.749033,On or near Park End,E01022377,Stroud 004E,Investigation complete; no suspect identified
50a47b65cd83fd2e4fe9e45dcdad79eec7ec49db6d130d16c1966e5ce37871fa,2024-11,Gloucestershire Constabulary,Gloucestershire Constabulary,-2.271733,51.827498,On or near Henlow Drive,E01032933,Gloucester 015E,Unable to prosecute suspect
6bdbd79538d14e91269e1834bf72ce29aafabb011a961aa27b4bf910ac740893,2024-11,Gloucestershire Constabulary,Gloucestershire Constabulary,-2.218276,51.833409,On or near Capel Road,E01022320,Gloucester 011B,Action to be taken by another organisation
a95188be5324ae70b0eea66f0e7e211ffbd1e6460b5f65ea53868f1c260944f5,2024-11,Gloucestershire Constabulary,Gloucestershire Constabulary,-2.227943,51.865353,On or near The Crescent,E01022312,Gloucester 002D,Unable to prosecute suspect
cdfcbe63fd2d225bded8138115702d16ffa64e9a9e617e2ea3560b99203ecba7,2024-11,Gloucestershire Constabulary,Gloucestershire Constabulary,-2.239797,51.863226,On or near Nettleton Road,E01032937,Gloucester 004F,Investigation complete; no suspect identified
7a9c53e39a6fd556f5cb4e235eff15c9ea5aaad97cac7a444d5292521b5d0493,2024-11,Gloucestershire Constabulary,Gloucestershire Constabulary,-2.237753,51.850211,On or near St Aldwyn Road,E01022329,Gloucester 008E,Investigation complete; no suspect identified
cfa85576a1a85e83613886fca567c9c8321fccec39711c96015121bc925d6fb2,2024-11,Gloucestershire Constabulary,Gloucestershire Constabulary,-2.237963,51.851433,On or near Wellesley Street,E01022329,Gloucester 008E,Investigation complete; no suspect identified
045df592e6e1f15bd5772a7faf11622cfda0f13913a074c7630347d55dd46514,2024-11,Gloucestershire Constabulary,Gloucestershire Constabulary,-1.831891,51.828268,On or near East End,E01022213,Cotswold 005C,Unable to prosecute suspect
826228712cf9ac61cc9693266310933f45d5f9148c770f6b2e9472e5a2bb1482,2024-11,Gloucestershire Constabulary,Gloucestershire Constabulary,-1.955571,51.718617,On or near London Mews,E01022188,Cotswold 006A,Unable to prosecute suspect
d5e58da24748ad3d5b0ad3b2c5ecdce54aafe2901850d1b298b8b6803a862aa1,2024-11,Gloucestershire Constabulary,Gloucestershire Constabulary,-2.266943,51.819965,On or near Rudloe Drive Kingsway,E01034796,Gloucester 015J,Investigation complete; no suspect identified
6765bbf2f6d12df209f54ff7f8c69e9e952cea576d1870bb867bdeaa82fdb068,2024-11,Gloucestershire Constabulary,Gloucestershire Constabulary,-2.160260,51.605622,On or near The Street,E01034790,Cotswold 011H,Investigation complete; no suspect identified
6a7402f69e362d3f168425bccbd20f255470b94fc465d1ad20a772810167040c,2024-11,Gloucestershire Constabulary,Gloucestershire Constabulary,-2.246268,51.864813,On or near Shopping Area,E01032937,Gloucester 004F,Unable to prosecute suspect
78cdd816821df084e76f78854e094e975fc2436055daeedb498587eaa2a62ca5,2024-11,Gloucestershire Constabulary,Gloucestershire Constabulary,-2.256023,51.828369,On or near Osborne Avenue,E01022300,Gloucester 013B,Unable to prosecute suspect
a34a079bd623f9a237e74959ab352de37d01a657a6a2ea0d5b19cb6e91912aba,2024-11,Gloucestershire Constabulary,Gloucestershire Constabulary,-2.161923,51.840980,On or near Silk Close,E01034810,Tewkesbury 009I,Investigation complete; no suspect identified
678d254f3121355440b564133d1dcfd954b58723f88b1e7db74a2c1243cbe45d,2024-11,Gloucestershire Constabulary,Gloucestershire Constabulary,-2.161923,51.840980,On or near Silk Close,E01034810,Tewkesbury 009I,Formal action is not in the public interest
4a4d44c5291a03c873046a6a9f8274ac94e75d624e337936b77975280301189d,2024-11,Gloucestershire Constabulary,Gloucestershire Constabulary,-2.231703,51.867980,On or near Hyde Close,E01022311,Gloucester 002C,Unable to prosecute suspect
63c48df6027d6e306d1d4f855f94d0957c77c926ee641b8ad257c517891a2fcb,2024-11,Gloucestershire Constabulary,Gloucestershire Constabulary,-2.121190,51.914602,On or near Grist Mill Close,E01022161,Cheltenham 003C,Unable to prosecute suspect
dba43b0e87f761ef4b6ca1102ba9244aa92ea51e27fdeed3bbd5f0d0d1f8f067,2024-11,Gloucestershire Constabulary,Gloucestershire Constabulary,-2.235612,51.868287,On or near Bus/Coach Station,E01022311,Gloucester 002C,Investigation complete; no suspect identified
c9e2f9ccf442673f88bee92ec70954011e50569b3bd93a305911a9b5ffbc61a9,2024-11,Gloucestershire Constabulary,Gloucestershire Constabulary,-1.758925,52.052273,On or near The Cam,E01022182,Cotswold 001B,Investigation complete; no suspect identified
623d7a7c92cbcfabffeeec0dbffa4ae9bd4f9b9f69ef95ba7c3d319570c73bfe,2024-11,Gloucestershire Constabulary,Gloucestershire Constabulary,-2.222504,51.860823,On or near Supermarket,E01022312,Gloucester 002D,Investigation complete; no suspect identified
2027abe207727017c54dc54ece6c7cd1d5c12002f721541f03add3dd54322f27,2024-11,Gloucestershire Constabulary,Gloucestershire Constabulary,-2.098234,51.914947,On or near Shopping Area,E01022165,Cheltenham 001C,Investigation complete; no suspect identified
892f982b4bbe7b523c6426b95eb59ea5081b2ed4af41bd343e8f8b824340b295,2024-11,Gloucestershire Constabulary,Gloucestershire Constabulary,-2.187891,51.886517,On or near Supermarket,E01022430,Tewkesbury 007F,Investigation complete; no suspect identified
b1a7204ab77af3058bb8e4afb411169467481f2d6d1919c56184f38d54a2f832,2024-11,Gloucestershire Constabulary,Gloucestershire Constabulary,-2.057513,51.904491,On or near Whaddon Road,E01022134,Cheltenham 006D,Unable to prosecute suspect
4bc5734edfb177e1b9521caf99c3aa7cca91e1a80287ae550744a09d91c79214,2024-11,Gloucestershire Constabulary,Gloucestershire Constabulary,-2.187891,51.886517,On or near Supermarket,E01022430,Tewkesbury 007F,Investigation complete; no suspect identified
4fad70c185ce5da24bbf75787ae4aa471a03eb59ef6253498534c5588cb31219,2024-11,Gloucestershire Constabulary,Gloucestershire Constabulary,-2.246268,51.864813,On or near Shopping Area,E01032937,Gloucester 004F,Investigation complete; no suspect identified
16c0940674c1d3ec6b20b2a8c5b4376518e14e3d522f215e469a42385a1281f1,2024-11,Gloucestershire Constabulary,Gloucestershire Constabulary,-2.278474,51.821791,On or near Holly End,E01034797,Gloucester 015K,Investigation complete; no suspect identified
d076f96d3723f2588d1a0177b8913320df537b79fa4c1d5cc1d06742e015c87f,2024-11,Gloucestershire Constabulary,Gloucestershire Constabulary,-2.492771,51.823560,On or near Danby Close,E01022236,Forest of Dean 004A,Local resolution
a04773245d5b84790e1f2b16ac0a51b6b7fc59326c7c449b25685cf9cbf3b193,2024-11,Gloucestershire Constabulary,Gloucestershire Constabulary,-2.112578,51.906824,On or near Quebec Drive,E01022120,Cheltenham 005A,Investigation complete; no suspect identified
93d24b7465a6eb5189a1f9d0430f5b3894597af487b929b0e9252b2b4eac0258,2024-11,Gloucestershire Constabulary,Gloucestershire Constabulary,-2.151275,51.847000,On or near Tamar Road,E01022424,Tewkesbury 009D,Action to be taken by another organisation
bff32d2f036a7afaca3148eb249bcc68d427082a9450b8fed9673c69d527d970,2024-11,Gloucestershire Constabulary,Gloucestershire Constabulary,-1.958869,51.672646,On or near Park/Open Space,E01022224,Cotswold 010C,Investigation complete; no suspect identified
75d7c45a4ad1b4cb6574de79561202f397f264f90b7ad529efb84128e1f955dc,2024-11,Gloucestershire Constabulary,Gloucestershire Constabulary,-2.278399,51.748415,On or near Starling Court,E01022401,Stroud 005B,Investigation complete; no suspect identified
07f68235a2d40b5c477dc750d7fd362bea43b43d25297dd3c291000799eadd1e,2024-11,Gloucestershire Constabulary,Gloucestershire Constabulary,-2.072765,51.898278,On or near Bath Street,E01022117,Cheltenham 009B,Unable to prosecute suspect
553476b6744a9b21a23c9760c7dfbe1e190c486d197d6843ec339530960cddae,2024-11,Gloucestershire Constabulary,Gloucestershire Constabulary,-2.274051,51.822143,On or near Petrol Station,E01032933,Gloucester 015E,Suspect charged
c102cbbc3e4d0ef0dc7e8efbb31db6fd79a9aba1e9423799fb24c6632e45e9df,2024-11,Gloucestershire Constabulary,Gloucestershire Constabulary,-2.089180,51.909488,On or near Hope Street,E01022164,Cheltenham 001B,Investigation complete; no suspect identified
459a63833462ddd010cda36803a676455eee3e97925e09a87ecd1be9af4b12f7,2024-11,Gloucestershire Constabulary,Gloucestershire Constabulary,-1.762755,51.886269,On or near Sports/Recreation Area,E01022181,Cotswold 003B,Investigation complete; no suspect identified
d9783633a07d1592a5cae317523e5d40d209ce635cbef1224f8afe14cfbe5f8c,2024-11,Gloucestershire Constabulary,Gloucestershire Constabulary,-2.131018,51.999509,On or near Green Lane,E01022455,Tewkesbury 001E,Investigation complete; no suspect identified
1ead7f829b471265911b59b62f4fcd45b5cac94063f005d602febf62716dbc85,2024-11,Gloucestershire Constabulary,Gloucestershire Constabulary,-2.246268,51.864813,On or near Shopping Area,E01032937,Gloucester 004F,Unable to prosecute suspect
64dca0c17f7d2e99d2c648956e3af5dfe858f20f54dbf9aeb64bd3a5f04f4ec5,2024-11,Gloucestershire Constabulary,Gloucestershire Constabulary,-2.235556,51.860348,On or near Vauxhall Terrace,E01022289,Gloucester 005B,Investigation complete; no suspect identified
ec1e8acbe41327a22abdb22a453d64b701ffa395f3f23d2f8496611933fe961f,2024-11,Gloucestershire Constabulary,Gloucestershire Constabulary,-2.129389,51.889311,On or near Orchard Close,E01022108,Cheltenham 010C,Unable to prosecute suspect
0efbdac81e840b8d24751446b435fa1c227c2a087d46dc99845d6ecc0c920530,2024-11,Gloucestershire Constabulary,Gloucestershire Constabulary,-2.110211,51.907834,On or near Russet Road,E01022120,Cheltenham 005A,Unable to prosecute suspect
546895f92fd3f9b0756c25f333ab91e7874eb53840ed542bf0fed61c86ddb6b2,2024-11,Gloucestershire Constabulary,Gloucestershire Constabulary,-2.089910,51.903841,On or near Old Millbrook Terrace,E01022156,Cheltenham 007E,Investigation complete; no suspect identified
e41861c02384436b094bc5b9751b512780be25d062e0c9a7e975e3b67fdc9eb9,2024-11,Gloucestershire Constabulary,Gloucestershire Constabulary,-2.213050,51.873068,On or near Cheltenham Road,E01022297,Gloucester 003C,Investigation complete; no suspect identified
15d5d81b50d440e67d52824662643bafe8b11b56dc6a1f9ffcc3deff28782e17,2024-11,Gloucestershire Constabulary,Gloucestershire Constabulary,-2.104318,51.918079,On or near Shopping Area,E01022165,Cheltenham 001C,Investigation complete; no suspect identified
6760de8f3e8802fce9fe27bbecc5b4caebebc16e9e8b06d31d15e237a7968c90,2024-11,Gloucestershire Constabulary,Gloucestershire Constabulary,-1.975265,51.650748,On or near Parking Area,E01022224,Cotswold 010C,Investigation complete; no suspect identified
e174f6cff57b27b7898572c11d915c1df0d7e3b85daac50f57c57682af8c0af2,2024-11,Gloucestershire Constabulary,Gloucestershire Constabulary,-2.228632,51.895139,On or near Tewkesbury Road,E01022440,Tewkesbury 006A,Unable to prosecute suspect
228a2375c08f1b6f0a69442f39763870de9e13c0b2ea8e6a9f28c97c55868bbf,2024-11,Gloucestershire Constabulary,Gloucestershire Constabulary,-2.214026,51.833803,On or near Munsley Grove,E01022319,Gloucester 011A,Unable to prosecute suspect
b9d4b7081a15e8ff0015f37360fd7b8b5caaae32f761a45cb06ad6fdb6d4b99e,2024-11,Gloucestershire Constabulary,Gloucestershire Constabulary,-2.214026,51.833803,On or near Munsley Grove,E01022319,Gloucester 011A,Unable to prosecute suspect
fb5390794e6fe5327acb889492a8a20ae55d89c013ae0d82ffbe438d33c70aff,2024-11,Gloucestershire Constabulary,Gloucestershire Constabulary,-2.156769,51.899167,On or near Herrick Close,E01034805,Tewkesbury 008D,Investigation complete; no suspect identified
719397c0dca9d9f7cf0d019281f4fab67ec87c5c298794e53dc955ed375b594e,2024-11,Gloucestershire Constabulary,Gloucestershire Constabulary,-2.242476,51.864506,On or near Clarence Street,E01032937,Gloucester 004F,Investigation complete; no suspect identified
8265a62cb0ffd8ca78413e925792bcd6db497ff7c7deeeb46b65bfde007a20a5,2024-11,Gloucestershire Constabulary,Gloucestershire Constabulary,-2.090371,51.901854,On or near Queen's Retreat,E01034778,Cheltenham 007H,Suspect charged
2aafcb309c993fa4ee177c770b6d92512b7dc2c2018125de149310a4bf0fedbd,2024-11,Gloucestershire Constabulary,Gloucestershire Constabulary,-2.103650,51.893059,On or near Shelburne Road,E01022135,Cheltenham 011A,Unable to prosecute suspect
9b686ea6c625fcd5ffd194bf61900487961426db31fd342541a81d7411a81ecc,2024-11,Gloucestershire Constabulary,Gloucestershire Constabulary,-2.227657,51.857612,On or near Harbury Mews,E01022288,Gloucester 005A,Investigation complete; no suspect identified
365a7830012655183c30995bc111048b977463413c4d506aace00e22e92ee665,2024-11,Gloucestershire Constabulary,Gloucestershire Constabulary,-2.211787,51.863855,On or near Petrol Station,E01022287,Gloucester 007G,Local resolution
4c79ae4dbaed2c2062b3d6d2599dde5682c08043f0a2ce6876c4f7b247109cf8,2024-11,Gloucestershire Constabulary,Gloucestershire Constabulary,-2.073568,51.900643,On or near Shopping Area,E01022102,Cheltenham 008C,Investigation complete; no suspect identified
f03e23065ee123434f6393c705ac940421f78d7b48542513b0ce3841d60c1426,2024-11,Gloucestershire Constabulary,Gloucestershire Constabulary,-2.374324,51.661348,On or near Barrs Lane,E01022415,Stroud 015B,Unable to prosecute suspect
3f13d1f085ae4dfd2a9228557a333359a1199a5b2e97b85bdf724177311d7980,2024-11,Gloucestershire Constabulary,Gloucestershire Constabulary,-2.242161,51.730216,On or near Water Lane,E01022406,Stroud 009D,Investigation complete; no suspect identified
f90d720e03df057982cfdd04627931c9ee3ccda374c842a199d14dc7593cd189,2024-11,Gloucestershire Constabulary,Gloucestershire Constabulary,-2.151275,51.847000,On or near Tamar Road,E01022424,Tewkesbury 009D,Unable to prosecute suspect
75ce0f50d7fb116bd9fdc3d7655508c2e26a65239b44838ef0a4f9e3e296062a,2024-11,Gloucestershire Constabulary,Gloucestershire Constabulary,-2.602185,51.793065,On or near Trafalgar Mews,E01022243,Forest of Dean 007D,Investigation complete; no suspect identified
9182b3bb65523af22a613292f07a8d9012e80399c82bed897214576fbe6573a2,2024-11,Gloucestershire Constabulary,Gloucestershire Constabulary,-2.242506,51.878316,On or near Rivermead Close,E01022310,Gloucester 002B,Investigation complete; no suspect identified
3c47c100300618002dca922c10f96809ca7da2b86ae35f8afac18969244d6e52,2024-11,Gloucestershire Constabulary,Gloucestershire Constabulary,-2.333190,51.887175,On or near Whitehall Lane,E01022271,Forest of Dean 001E,Investigation complete; no suspect identified
8416ec8cdbd402fff2e96522e1a329c1c4ad25f9980c30d5f9848f6dff865112,2024-11,Gloucestershire Constabulary,Gloucestershire Constabulary,-2.246268,51.864813,On or near Shopping Area,E01032937,Gloucester 004F,Investigation complete; no suspect identified
03b7a82648090eb058fb08fba93b91c3f3710b31f84b17e45a5eb60bb0677830,2024-11,Gloucestershire Constabulary,Gloucestershire Constabulary,-1.953490,51.720275,On or near Petrol Station,E01022188,Cotswold 006A,Investigation complete; no suspect identified
fadf31435b546cd76f6ebd804a411b9a4e600c30649ad107a15304a771a4fab1,2024-11,Gloucestershire Constabulary,Gloucestershire Constabulary,-2.353771,51.636155,On or near Symn Lane,E01022417,Stroud 015D,Investigation complete; no suspect identified
b1c1816dc23a7f6f5b208717b2f330b6703044c35d22a91b91b47f9440a20963,2024-11,Gloucestershire Constabulary,Gloucestershire Constabulary,-2.059429,51.946594,On or near Shopping Area,E01034814,Tewkesbury 011B,Investigation complete; no suspect identified
a48e742f13314b7cbd6d57c896c3339cd255b827cc27d9483b48c53bddf59e71,2024-11,Gloucestershire Constabulary,Gloucestershire Constabulary,-2.272695,51.809028,On or near Acorn Way,E01034802,Stroud 001H,Investigation complete; no suspect identified
46b61a6c1aea8a1dd5683e7f4a72603373bc6499404a71687180bac3507d556c,2024-11,Gloucestershire Constabulary,Gloucestershire Constabulary,-2.241137,51.863933,On or near Russell Street,E01032937,Gloucester 004F,Unable to prosecute suspect
435e1c5ae3624836fdb8ce7f3da10ddabd767d4794df97e2ad265fe1108ae4fb,2024-11,Gloucestershire Constabulary,Gloucestershire Constabulary,-2.103018,51.915392,On or near Petrol Station,E01022165,Cheltenham 001C,Investigation complete; no suspect identified
ce1bb1770fe16b72ba6019076954b24024513e4199a21a78a09866a3ea2c8644,2024-11,Gloucestershire Constabulary,Gloucestershire Constabulary,-2.273468,51.840846,On or near Netheridge Close,E01034794,Gloucester 004J,Unable to prosecute suspect
d6466583292f8ee40af76488debde31730c910c9602d536145b7eef54602927e,2024-11,Gloucestershire Constabulary,Gloucestershire Constabulary,-2.136191,51.914010,On or near B4634,E01034805,Tewkesbury 008D,Unable to prosecute suspect
28b06ea7f65add2835a2e818b2d917671e3683ed60cb2fcdf8c6466341e03655,2024-11,Gloucestershire Constabulary,Gloucestershire Constabulary,-2.209696,51.745312,On or near The Knoll,E01022414,Stroud 006E,Unable to prosecute suspect
7ce124ac1499d7f6d86e9ac4b3c7531e73a9494fbad3fbed05ee34963e346f15,2024-11,Gloucestershire Constabulary,Gloucestershire Constabulary,-4.553680,53.392649,On or near Parking Area,W01000031,Isle of Anglesey 001E,Unable to prosecute suspect
b5b5dcb5dfc2dc2cb6aec35e7b78422b4f7e3423b226b71fc52238216efbf315,2024-11,Gloucestershire Constabulary,Gloucestershire Constabulary,-2.082497,51.903658,On or near Grove Street,E01034777,Cheltenham 007G,Unable to prosecute suspect
1c058836a7c0e231569b247f069aadb4629322f200cd6da34a0b0628e71795f2,2024-11,Gloucestershire Constabulary,Gloucestershire Constabulary,-2.271733,51.827498,On or near Henlow Drive,E01032933,Gloucester 015E,Unable to prosecute suspect
850e0e136f3a72db4009e7dfa800106d6c73d36000177708263a13de4fbe2d5f,2024-11,Gloucestershire Constabulary,Gloucestershire Constabulary,-2.113148,52.000553,On or near Davey Road,E01022450,Tewkesbury 001B,Unable to prosecute suspect
608d85e44a87830252aef8fd7ef049260c8048895bd271d6e3e3234015dd2f9b,2024-11,Gloucestershire Constabulary,Gloucestershire Constabulary,-2.247745,51.866823,On or near College Street,E01032937,Gloucester 004F,Investigation complete; no suspect identified
4cba01ff28b6178a2083d181f5be3a9c336ea4b8c721d85963b53bb2004d009e,2024-11,Gloucestershire Constabulary,Gloucestershire Constabulary,-2.232552,51.857944,On or near Barton Street,E01022288,Gloucester 005A,Unable to prosecute suspect
da8c518c30131b8fa5ed80ef50001257ef74847ec0b9d783e4d144fdb80a8a15,2024-11,Gloucestershire Constabulary,Gloucestershire Constabulary,-2.255658,51.869009,On or near Petrol Station,E01032932,Gloucester 004E,Investigation complete; no suspect identified
5bfee382e79016e89ef45f93f7ca4aa3427408a4f39e6ca7f9b0c992a6d1eda2,2024-11,Gloucestershire Constabulary,Gloucestershire Constabulary,-2.119204,52.009888,On or near Sallis Close,E01022451,Tewkesbury 001C,Investigation complete; no suspect identified
dae5728e673c3abd50fa9bba38204a4ab882fb4d78ff60b3010d2f76e78e3e33,2024-11,Gloucestershire Constabulary,Gloucestershire Constabulary,-2.103018,51.915392,On or near Petrol Station,E01022165,Cheltenham 001C,Investigation complete; no suspect identified
d60e9a201faae69cfb64e026c50bc1716d6bf2614bbb020dde49594400b32152,2024-11,Gloucestershire Constabulary,Gloucestershire Constabulary,-2.232889,51.847343,On or near Bibury Road,E01022323,Gloucester 008C,Investigation complete; no suspect identified
52430949bbabf6c71d5f53b7aeae01f7fb58bacd28fb1676829ec319231db2c6,2024-11,Gloucestershire Constabulary,Gloucestershire Constabulary,-2.277002,51.825463,On or near Bristol Road,E01022335,Gloucester 015A,Investigation complete; no suspect identified
dd283ff3fbe81e1abee00e0e1246ecb2a7b195c1e50c38b0bcc050683f1599dc,2024-11,Gloucestershire Constabulary,Gloucestershire Constabulary,-2.221153,51.842916,On or near Whiteway Road,E01022322,Gloucester 011D,Investigation complete; no suspect identified
6b5bac3c38547e1121b7efb9508de7b582019f520ea97d31b0a786f04162f748,2024-11,Gloucestershire Constabulary,Gloucestershire Constabulary,-2.064572,51.941871,On or near Petrol Station,E01022432,Tewkesbury 011E,Investigation complete; no suspect identified
c517730188e3959cdc041857ce9a50c4109a81983b096d080d58d70dbf950d8a,2024-11,Gloucestershire Constabulary,Gloucestershire Constabulary,-4.553680,53.392649,On or near Parking Area,W01000031,Isle of Anglesey 001E,Unable to prosecute suspect
d576eac28efb41554b30ab1415e0b543fa92c461c5e02bbaaa917359f66336d4,2024-11,Gloucestershire Constabulary,Gloucestershire Constabulary,-2.216850,51.871785,On or near Colebridge Court,E01022297,Gloucester 003C,Investigation complete; no suspect identified
1060cca79f05e1fcd9f7cd40baced6e79455a6b5cfd3e710dea2e69838e0bccf,2024-11,Gloucestershire Constabulary,Gloucestershire Constabulary,-2.241135,51.849997,On or near B4072,E01022327,Gloucester 009B,Investigation complete; no suspect identified
b01c45f56f4370ba338fceaf576eb35ca361a30cf25e3baf3b080d98559c424d,2024-11,Gloucestershire Constabulary,Gloucestershire Constabulary,-2.490481,51.823732,On or near The Oak Field,E01022237,Forest of Dean 004B,Investigation complete; no suspect identified
95b090eed6a66adebcadf320ba2f37f405675702aa49780eea1f312e14a4fa8d,2024-11,Gloucestershire Constabulary,Gloucestershire Constabulary,-2.243009,51.864339,On or near Shopping Area,E01032937,Gloucester 004F,Investigation complete; no suspect identified
d09f42eca01b2bca3980959ac84d7262fd13e4897c6bfef303901a738536fb30,2024-11,Gloucestershire Constabulary,Gloucestershire Constabulary,-2.240227,51.862182,On or near Nightclub,E01034793,Gloucester 004I,Investigation complete; no suspect identified
5b46d06994f689a8b54c084635b13b0b3e176b97558904d6d0d4f83e37aab1bb,2024-11,Gloucestershire Constabulary,Gloucestershire Constabulary,-2.237026,51.750610,On or near Paganhill Estate,E01022377,Stroud 004E,Investigation complete; no suspect identified
0bb2e445f0452684a47a7188b9a31da33f74045065182c551e3dc1955ea33e5f,2024-11,Gloucestershire Constabulary,Gloucestershire Constabulary,-2.245802,51.875297,On or near Suffolk Drive,E01032932,Gloucester 004E,Investigation complete; no suspect identified
90d8c90cd030f54f6f1482e20edb0aa9fc5df2a69844cdde2b3f045ff13fe152,2024-11,Gloucestershire Constabulary,Gloucestershire Constabulary,-2.265136,51.850710,On or near The Gallops,E01034794,Gloucester 004J,Investigation complete; no suspect identified
89ad948f2d13bbce530069bd056b498e9272cfcad60301a595c310caeb3c3938,2024-11,Gloucestershire Constabulary,Gloucestershire Constabulary,-2.088610,51.900228,On or near Western Road,E01022124,Cheltenham 009D,Investigation complete; no suspect identified
3715d909cf4ad40b9d9475bc57f37b520a5b10f10eb61a52edcd999ea897f311,2024-11,Gloucestershire Constabulary,Gloucestershire Constabulary,-2.288982,51.817854,On or near Westbourne Drive,E01022379,Stroud 001B,Investigation complete; no suspect identified
fd965673172f7bae3047d5f3c57b4b716557907c9db3653511b3fb3105a5bd11,2024-11,Gloucestershire Constabulary,Gloucestershire Constabulary,-2.245802,51.875297,On or near Suffolk Drive,E01032932,Gloucester 004E,Unable to prosecute suspect
699f42333c4babfa7558855d92536543379b2987412fa937920335683abd6fd5,2024-11,Gloucestershire Constabulary,Gloucestershire Constabulary,-2.239063,51.848077,On or near Bathurst Road,E01022329,Gloucester 008E,Unable to prosecute suspect
ef228576aaa84a29bc440e01b0516a7cec4eb0876b329d3be6cf7d8d16b75b83,2024-11,Gloucestershire Constabulary,Gloucestershire Constabulary,-2.236612,51.751699,On or near Wheelers Walk,E01022377,Stroud 004E,Investigation complete; no suspect identified
9026e9649d9e3f7d9bde156e0baad120288bb069b49d843d82383e8b624eefc3,2024-11,Gloucestershire Constabulary,Gloucestershire Constabulary,-2.087042,51.908770,On or near Queen Street,E01022164,Cheltenham 001B,Investigation complete; no suspect identified
2cfaadf4b2200adc16f2a0f331ecb92f5d4f055e22ac79d4363e15bdfcd805bb,2024-11,Gloucestershire Constabulary,Gloucestershire Constabulary,-2.276513,51.823845,On or near Stanbridge Way,E01032933,Gloucester 015E,Unable to prosecute suspect
7a633fbfe59ee54d2c3956ab682702583c8663670e1b7872b7e82842757b5c40,2024-11,Gloucestershire Constabulary,Gloucestershire Constabulary,-2.087042,51.908770,On or near Queen Street,E01022164,Cheltenham 001B,Investigation complete; no suspect identified
b67855fb9dee1159185be2b813c05aa1458c26bca4189cdd34a71ba368c98cc7,2024-11,Gloucestershire Constabulary,Gloucestershire Constabulary,-2.156628,51.991970,On or near Compton's Alley,E01022459,Tewkesbury 002D,Unable to prosecute suspect
e61a460d16cb14d1bc1305c7e68099f153eca7f088303ca27b89bb1b64249cab,2024-11,Gloucestershire Constabulary,Gloucestershire Constabulary,-2.162060,51.640811,On or near Courtfield,E01022220,Cotswold 011F,Investigation complete; no suspect identified
ee4b8ad935048c5bbfc1ce6140fc24ffcc9fbb3cd818c03f150866b92e57f12d,2024-11,Gloucestershire Constabulary,Gloucestershire Constabulary,-2.155037,51.986758,On or near Despenser Road,E01022458,Tewkesbury 002C,Investigation complete; no suspect identified
dae0e8723f77c720bf42543448f3c4d626c7617b947c79b4141d184cd1aadd6b,2024-11,Gloucestershire Constabulary,Gloucestershire Constabulary,-2.251661,51.860521,On or near Church Street,E01034791,Gloucester 004G,Unable to prosecute suspect
e9353e3c5dee3ecbc00959a3b55c4a054f6556812476f286d84c3abb2ddd2644,2024-11,Gloucestershire Constabulary,Gloucestershire Constabulary,-2.249915,51.862512,On or near Parking Area,E01034792,Gloucester 004H,Unable to prosecute suspect
da1d95970f653fc9b5f84e72229355d06eef7cbbfa991314e40d8e050550f144,2024-11,Gloucestershire Constabulary,Gloucestershire Constabulary,-2.249915,51.862512,On or near Parking Area,E01034792,Gloucester 004H,Unable to prosecute suspect
b3d70119f0c799acbaddc898c341aa548a67f6e74d119ae895e45f8b295a79ab,2024-11,Gloucestershire Constabulary,Gloucestershire Constabulary,-1.701783,51.877434,On or near Hawker Square,E01034785,Cotswold 003G,Local resolution
0ad0cbb75ffb507c806258c66b788775a4f45607cfeeed552be4ab3b46872fa0,2024-11,Gloucestershire Constabulary,Gloucestershire Constabulary,-2.357379,51.697941,On or near Millbank,E01022360,Stroud 011B,Unable to prosecute suspect
1c1cba833ca9a4a70a91e807f9e103e7c613bf0ec5580686067807a23f9c4767,2024-11,Gloucestershire Constabulary,Gloucestershire Constabulary,-2.279279,51.752522,On or near Woodcock Close,E01022402,Stroud 005C,Unable to prosecute suspect
dc6c05ea541ae4b80122e7d1e2f4aeb8c25b264724b09a98555bcf247fb94530,2024-11,Gloucestershire Constabulary,Gloucestershire Constabulary,-2.279279,51.752522,On or near Woodcock Close,E01022402,Stroud 005C,Unable to prosecute suspect
e4d06741e02d4696ac3f169ac0b561947e83c70ea9c1920e236aed87bb9481fd,2024-11,Gloucestershire Constabulary,Gloucestershire Constabulary,-2.252631,51.859614,On or near Shopping Area,E01034791,Gloucester 004G,Suspect charged as part of another case
65b8d8b090bef661728575b80b2869f49b133dc5b3d0e2ff3be332c9cf2b701e,2024-11,Gloucestershire Constabulary,Gloucestershire Constabulary,-2.239365,51.692172,On or near Sports/Recreation Area,E01022385,Stroud 013A,Unable to prosecute suspect
201a04adc9bf5777efeeff34fb670d1a1fcdc9dccb98abc71c0763f578a91d41,2024-11,Gloucestershire Constabulary,Gloucestershire Constabulary,-2.239365,51.692172,On or near Sports/Recreation Area,E01022385,Stroud 013A,Unable to prosecute suspect
28820c5ced28e0c5db6c0e0e4c6c278e96e300db38f2917b70842d48e156cdb6,2024-11,Gloucestershire Constabulary,Gloucestershire Constabulary,-2.617330,51.807346,On or near Crow Ash Road,E01022229,Forest of Dean 007A,Unable to prosecute suspect
28af69010692cd298a6dd7a917ef8b2e4c581e05cdf73a4a128635d4d14a911c,2024-11,Gloucestershire Constabulary,Gloucestershire Constabulary,-1.721653,51.929548,On or near Digbeth Street,E01022177,Cotswold 002A,Investigation complete; no suspect identified
2dc5c2f667f64191c5a218af0df7bf0712708d220f319b9f8c92a1ac22b5a2dc,2024-11,Gloucestershire Constabulary,Gloucestershire Constabulary,-2.263386,51.816953,On or near Goose Bay Drive,E01034798,Gloucester 015L,Unable to prosecute suspect
45af40a04993e8718506ec76829d08b66550992fe98309a0ad58567d52610622,2024-11,Gloucestershire Constabulary,Gloucestershire Constabulary,-2.240227,51.862182,On or near Nightclub,E01034793,Gloucester 004I,Investigation complete; no suspect identified
203407073229d388927303603650c9bfc83af513f3ae98cb68d2e7aeba232332,2024-11,Gloucestershire Constabulary,Gloucestershire Constabulary,-2.072255,51.897604,On or near Nightclub,E01022116,Cheltenham 009A,Investigation complete; no suspect identified
4b232aa80f85e46b7c4ba4e301b88f907799eac24e6514a6ff0a410dfaa77610,2024-11,Gloucestershire Constabulary,Gloucestershire Constabulary,-2.263386,51.816953,On or near Goose Bay Drive,E01034798,Gloucester 015L,Unable to prosecute suspect
060220d9f99a58f904ca55e2ac1ace0f272ca0cb61a589eaeab2bbe99a9a8d9d,2024-11,Gloucestershire Constabulary,Gloucestershire Constabulary,-2.076678,51.898785,On or near Hospital,E01022117,Cheltenham 009B,Unable to prosecute suspect
037cbc6aedbe5332dde803442895e1b1a85c23656a50cf2fd3454b46289db72d,2024-11,Gloucestershire Constabulary,Gloucestershire Constabulary,-2.240227,51.862182,On or near Nightclub,E01034793,Gloucester 004I,Investigation complete; no suspect identified
8ed0c38f59ac1c8633d960d72322e503207ee740290c2d69085091e27b359514,2024-11,Gloucestershire Constabulary,Gloucestershire Constabulary,-1.971477,51.722632,On or near Abbey Way,E01022196,Cotswold 006D,Investigation complete; no suspect identified
c7a9a83f1396f9eab89a638d81c8a77542ea7b75d28f9dec9eff94585cc396c3,2024-11,Gloucestershire Constabulary,Gloucestershire Constabulary,-2.205761,51.841748,On or near Supermarket,E01022277,Gloucester 010B,Investigation complete; no suspect identified
ff39b19d5a5e6693df3253c041f508c6ab009972fef318f74d90fac156320489,2024-11,Gloucestershire Constabulary,Gloucestershire Constabulary,-2.077243,51.899840,On or near Crescent Terrace,E01022127,Cheltenham 009G,Unable to prosecute suspect
8ed966d4abc56749534830f0e7a8c86e6081bddd4852c9ab679d49d075e66f92,2024-11,Gloucestershire Constabulary,Gloucestershire Constabulary,-2.077243,51.899840,On or near Crescent Terrace,E01022127,Cheltenham 009G,Unable to prosecute suspect
dba867d77b9d19bcc25852f4727ead2b06ad0523a0ad2d74cdb5bafb8a86ba57,2024-11,Gloucestershire Constabulary,Gloucestershire Constabulary,-2.619137,51.796394,On or near Sunny Bank,E01022242,Forest of Dean 007C,Unable to prosecute suspect
73105edc3b96482c6d809e328ca1f28086a009f032c1dcfeab4616de9ca0d7fd,2024-11,Gloucestershire Constabulary,Gloucestershire Constabulary,-2.077243,51.899840,On or near Crescent Terrace,E01022127,Cheltenham 009G,Offender given a caution
eb57367324702c6503cc37e04289356034fe06eeb5ec9bd5713363c244f249d5,2024-11,Gloucestershire Constabulary,Gloucestershire Constabulary,-2.619137,51.796394,On or near Sunny Bank,E01022242,Forest of Dean 007C,Unable to prosecute suspect
1923da63624e904e060d7126e434e9c97d965ab6b793d197dceab512a53d9fb6,2024-11,Gloucestershire Constabulary,Gloucestershire Constabulary,-2.074069,51.896075,On or near Belmore Place,E01022116,Cheltenham 009A,Unable to prosecute suspect
a4e651381ed1fc1670a1cc1fb333b3f5dc88b7f7f0d388b52e013f469fee5078,2024-11,Gloucestershire Constabulary,Gloucestershire Constabulary,-2.241898,51.865118,On or near Bus/Coach Station,E01032937,Gloucester 004F,Investigation complete; no suspect identified
89ca2ea7993abfc3306e20894b7229230e536fe207a1c3e551a1050121f97a5f,2024-11,Gloucestershire Constabulary,Gloucestershire Constabulary,-2.150889,51.644764,On or near Mercer Way,E01034789,Cotswold 011G,Unable to prosecute suspect
a8f925e1fd5343284381c48d2166b309e83b91d3ea069a23a03909e451d8f3f9,2024-11,Gloucestershire Constabulary,Gloucestershire Constabulary,-2.150889,51.644764,On or near Mercer Way,E01034789,Cotswold 011G,Unable to prosecute suspect
af7740bf32c72c52a9882c6abe89d11b4cb3d1d5645c1af0ed5208f02ddb0309,2024-11,Gloucestershire Constabulary,Gloucestershire Constabulary,-2.083617,51.903891,On or near Park Street,E01034777,Cheltenham 007G,Investigation complete; no suspect identified
8f41923d7d825105b35f36e0e69df538ecdbd6ba66d9b048c0dff8ffdf4de765,2024-11,Gloucestershire Constabulary,Gloucestershire Constabulary,-2.045012,51.904271,On or near Salamanca Road,E01022132,Cheltenham 006B,Unable to prosecute suspect
be340978530a337b23580c1e2eb8cfa1e01a028f4614c1971fe5a4da33163d1b,2024-11,Gloucestershire Constabulary,Gloucestershire Constabulary,-1.853996,51.677958,On or near Broadleaze,E01022207,Cotswold 005B,Unable to prosecute suspect
4cede1f0a596ad7d2b0f1430655abb2fb6915d7faf4a3cc727c8bfe3163bf834,2024-11,Gloucestershire Constabulary,Gloucestershire Constabulary,-2.228718,51.855030,On or near Diamond Jubilee Close,E01022288,Gloucester 005A,Unable to prosecute suspect
a93c539dbe956a349cdc0815ce55fcfc21e99bf1cfb6a1bc63c7a8faabaf7515,2024-11,Gloucestershire Constabulary,Gloucestershire Constabulary,-2.064572,51.941871,On or near Petrol Station,E01022432,Tewkesbury 011E,Investigation complete; no suspect identified
288edc9df8de163e2b98d101319cb907922fcaa9ee4336005809f9ca1667ec21,2024-11,Gloucestershire Constabulary,Gloucestershire Constabulary,-2.076949,51.906278,On or near Brunswick Street,E01022154,Cheltenham 004E,Unable to prosecute suspect
b25720a08bd0ac9a9a40962e69f94b17e8a80e95f77e2138596abeb6c35f90cc,2024-11,Gloucestershire Constabulary,Gloucestershire Constabulary,-2.223566,51.875944,On or near Garden Way,E01022318,Gloucester 001E,Unable to prosecute suspect
6e3e6d707d51bf53b9b3df32dc674ee205523d4fdb1b27a17beb0eadfae92068,2024-11,Gloucestershire Constabulary,Gloucestershire Constabulary,-2.205761,51.841748,On or near Supermarket,E01022277,Gloucester 010B,Investigation complete; no suspect identified
7d5e45c060e2123bd20078a98b0d754c578f7f2f56bce23e2821c4d8f3952798,2024-11,Gloucestershire Constabulary,Gloucestershire Constabulary,-1.692539,51.698947,On or near Gassons Road,E01022210,Cotswold 009F,Local resolution
a247c513a11ad09abd9c158ccf0014c69c2d71ac95c7c6b330500a45d93241ab,2024-11,Gloucestershire Constabulary,Gloucestershire Constabulary,-2.064006,51.942222,On or near Kingswood Close,E01022432,Tewkesbury 011E,Investigation complete; no suspect identified
3b5fae373f63955e64ef1160ebf50599e5338b325b77eb19f63b80b5467165cf,2024-11,Gloucestershire Constabulary,Gloucestershire Constabulary,-2.103018,51.915392,On or near Petrol Station,E01022165,Cheltenham 001C,Investigation complete; no suspect identified
a19c40764646958b373260511a82c71c594a301bd262de8326c866ef52f62874,2024-11,Gloucestershire Constabulary,Gloucestershire Constabulary,-2.265400,51.828816,On or near Avebury Close,E01022299,Gloucester 013A,Unable to prosecute suspect
eebaaa06facf44716249451aa6b910c63d751872ff1dd0d4c22aefe82ec4ce12,2024-11,Gloucestershire Constabulary,Gloucestershire Constabulary,-2.072456,51.896157,On or near Bath Parade,E01022116,Cheltenham 009A,Investigation complete; no suspect identified
a80e68002da85b101966a52a7638a186508a3debe4f857571d9ca4b611a0763c,2024-11,Gloucestershire Constabulary,Gloucestershire Constabulary,-2.254083,51.852370,On or near Lysons Avenue,E01022326,Gloucester 009A,Investigation complete; no suspect identified
77710fa3003121bec05fb7f0f87184b8a02a47801be41d8a47c3bb526fc6fc41,2024-11,Gloucestershire Constabulary,Gloucestershire Constabulary,-2.186643,51.855338,On or near Mogridge Close,E01022303,Gloucester 006B,Unable to prosecute suspect
307fbba60eb9ec73e52f1c2cf4d633d4949497df3213591087d103e3b5efbc0b,2024-11,Gloucestershire Constabulary,Gloucestershire Constabulary,-2.106400,51.912899,On or near Newdawn Place,E01022159,Cheltenham 005E,Investigation complete; no suspect identified
6308242ee9e984895570abb8f256a29d44424cb20e4c828c4128e81c9c29fcc7,2024-11,Gloucestershire Constabulary,Gloucestershire Constabulary,-2.061757,51.946520,On or near Supermarket,E01034814,Tewkesbury 011B,Suspect charged
5b3150dbd0d586a64fecf868a76bc6036c3f8c45211bcea4ae7aa8045a3bb613,2024-11,Gloucestershire Constabulary,Gloucestershire Constabulary,-2.275104,51.742480,On or near Brown's Lane,E01022404,Stroud 005E,Local resolution
7a1ad9d1ad2990b8fd8f8a31d0e6879c0e073d377d6df23240c4cd2f7aac67f2,2024-11,Gloucestershire Constabulary,Gloucestershire Constabulary,-2.508271,51.811033,On or near Valley Road,E01022249,Forest of Dean 004F,Investigation complete; no suspect identified
297ef311dd95e3ca922e76cae60dde06f24edfc307d1a3d19c8f810c09914645,2024-11,Gloucestershire Constabulary,Gloucestershire Constabulary,-2.201385,51.859674,On or near Cherston Court,E01022287,Gloucester 007G,Investigation complete; no suspect identified
d378df793c329aa7c92f78ef4a753e3c87a0cbb664b92289abe2273394cb421e,2024-11,Gloucestershire Constabulary,Gloucestershire Constabulary,-2.231703,51.867980,On or near Hyde Close,E01022311,Gloucester 002C,Unable to prosecute suspect
c1b1b446ad72e66ca225bf314f560838aea2fcb65673480fd81f71e8322754cb,2024-11,Gloucestershire Constabulary,Gloucestershire Constabulary,-2.427867,51.656652,On or near Motorway Service Area,E01022413,Stroud 012D,Investigation complete; no suspect identified
c478c8b72e259d98dadcad5f0ef81547dc7d5714f653bf36e667dd51f8c032db,2024-11,Gloucestershire Constabulary,Gloucestershire Constabulary,-1.692539,51.698947,On or near Gassons Road,E01022210,Cotswold 009F,Local resolution
399366b4e30823f80d0e0bc499f2ab15309bfea2251e3f9a902e5a1e8187f772,2024-11,Gloucestershire Constabulary,Gloucestershire Constabulary,-2.073568,51.900643,On or near Shopping Area,E01022102,Cheltenham 008C,Suspect charged
2f2c997ab32e8205b01bfe0f55a0e95e879ef1dfff72153b8fc6f00756041046,2024-11,Gloucestershire Constabulary,Gloucestershire Constabulary,-2.073568,51.900643,On or near Shopping Area,E01022102,Cheltenham 008C,Suspect charged
bd0788b80b755062f93eab5ecd58c80dd4bc0fa9d72a904c8c14b9811c6bc8cc,2024-11,Gloucestershire Constabulary,Gloucestershire Constabulary,-2.246268,51.864813,On or near Shopping Area,E01032937,Gloucester 004F,Investigation complete; no suspect identified
28a0f53607f7dd20fc5fe900208f3f9a1d8e01ba0e3ab23f57822cb3fe98d370,2024-11,Gloucestershire Constabulary,Gloucestershire Constabulary,-2.073568,51.900643,On or near Shopping Area,E01022102,Cheltenham 008C,Investigation complete; no suspect identified
71099f97d5c4a1e1a21e600529c84c5d95e982f29d7a3f30d79aa2c36f251c2d,2024-11,Gloucestershire Constabulary,Gloucestershire Constabulary,-2.104320,51.906283,On or near Wharfdale Square,E01022149,Cheltenham 007B,Investigation complete; no suspect identified
27a197922f8dc58bae22d81878c196ca04f050042e91101c7397e946ccac2327,2024-11,Gloucestershire Constabulary,Gloucestershire Constabulary,-2.488868,51.866428,On or near Court Farm Lane,E01022258,Forest of Dean 003C,Local resolution
29a63e617317e21964e76780568a76d2a8123db9020fd1d1825e11f7b95648f4,2024-11,Gloucestershire Constabulary,Gloucestershire Constabulary,-2.616738,51.793790,On or near Market Place,E01022241,Forest of Dean 007B,Investigation complete; no suspect identified
1ee7d77db61810ebb39b4a1361bedf7c29da33d45affd9a2bae93a730f661e41,2024-11,Gloucestershire Constabulary,Gloucestershire Constabulary,-2.208301,51.745534,On or near Sports/Recreation Area,E01022414,Stroud 006E,Investigation complete; no suspect identified
1b2376d239be32c6d411d5708e5bf8698a0c3f8b727983046f99a8e6c9ebd431,2024-11,Gloucestershire Constabulary,Gloucestershire Constabulary,-2.238781,51.841515,On or near Rivendell Court,E01022343,Gloucester 012A,Unable to prosecute suspect
4b5ad89aac0f707335281ce3fd760643352d88ed919c2dae2c4fd450dd3a26f0,2024-11,Gloucestershire Constabulary,Gloucestershire Constabulary,-2.243385,51.860755,On or near Park Road,E01034792,Gloucester 004H,Unable to prosecute suspect
39c4a3f9b1054e85a52d6dc33f0a076a203d2cffa9a5549d0bbc19f674e4170c,2024-11,Gloucestershire Constabulary,Gloucestershire Constabulary,-2.088248,51.908436,On or near Sun Street,E01022164,Cheltenham 001B,Investigation complete; no suspect identified
bb9363e4850e484b047db07edb35b6d65d492706a816a4493a0031befe084fe2,2024-11,Gloucestershire Constabulary,Gloucestershire Constabulary,-2.246518,51.857421,On or near Weston Road,E01022332,Gloucester 004A,Unable to prosecute suspect
3d100c23628360279fff167766e7a14153d07b7e7b1f26332010e4db2695d5c2,2024-11,Gloucestershire Constabulary,Gloucestershire Constabulary,-1.764575,51.886837,On or near Landsdowne,E01022181,Cotswold 003B,Investigation complete; no suspect identified
0d92fec2a63effc9d508dc9eb0d6a006764b5cb7ce677f42b0d2c1efd24078e0,2024-11,Gloucestershire Constabulary,Gloucestershire Constabulary,-2.246268,51.864813,On or near Shopping Area,E01032937,Gloucester 004F,Investigation complete; no suspect identified
1785e9f7ba9c53b7f8aede23b87f4ea179e44bc228511446bf7b4377e17ec8d7,2024-11,Gloucestershire Constabulary,Gloucestershire Constabulary,-2.170051,51.879441,On or near Far Sandfield,E01022427,Tewkesbury 007C,Investigation complete; no suspect identified
8321038f59565b397e2a718a50888badcab7d270bac627d24c03dd280179b745,2024-11,Gloucestershire Constabulary,Gloucestershire Constabulary,-2.359643,51.638592,On or near Dryleaze Court,E01022418,Stroud 015E,Unable to prosecute suspect
6538f3c2ee0bbeb82b4cb31ba08168a65f7a093e19053f2463ff051358beb4d0,2024-11,Gloucestershire Constabulary,Gloucestershire Constabulary,-2.232783,51.866099,On or near Hospital,E01022312,Gloucester 002D,Unable to prosecute suspect
c2330f3a34339abc99485111e9f9fd2afedf194a7e34fd60c67666e39daf99a7,2024-11,Gloucestershire Constabulary,Gloucestershire Constabulary,-2.087118,51.903124,On or near Honeybourne Way,E01034778,Cheltenham 007H,Investigation complete; no suspect identified
66a471f6ee6658d1bdeef48b312243794c8a2335b49fbe01eb8bbc329c6cd07b,2024-11,Gloucestershire Constabulary,Gloucestershire Constabulary,-2.196558,51.851627,On or near Hadrians Way,E01022307,Gloucester 010F,Investigation complete; no suspect identified
598c4b3da31fbdeb029af8eb1699c6b17709b78b2ddd682c5f4039153e1bd2e2,2024-11,Gloucestershire Constabulary,Gloucestershire Constabulary,-2.076597,51.895732,On or near Vittoria Walk,E01022117,Cheltenham 009B,Unable to prosecute suspect
4f3b78a2ade27f661463a218faf5e13457761b38da3ed6a129be2edd698ebe1f,2024-11,Gloucestershire Constabulary,Gloucestershire Constabulary,-2.112008,51.911410,On or near Lipson Road,E01022160,Cheltenham 003B,Investigation complete; no suspect identified
08b97142c11dcbdb4528c2833ad0c83dc39d149f186d3a73ed40b0e20aeb502a,2024-11,Gloucestershire Constabulary,Gloucestershire Constabulary,-2.355029,51.682447,On or near Supermarket,E01022374,Stroud 014C,Investigation complete; no suspect identified
146ea106c441ac55c8c9129b6ba9da8c0eb4b9cccb75b796ce52d9f12264692f,2024-11,Gloucestershire Constabulary,Gloucestershire Constabulary,-2.072363,51.901641,On or near Albion Place,E01022102,Cheltenham 008C,Investigation complete; no suspect identified
5d43b0266572600de5bae9b231242f117a4618ce89fd3d5d3cabc4b602ef319a,2024-11,Gloucestershire Constabulary,Gloucestershire Constabulary,-2.243009,51.864339,On or near Shopping Area,E01032937,Gloucester 004F,Investigation complete; no suspect identified
c88a4e5b52b1bef9ca05647f68cd9fe58bfbe6e952bed85db1d164fac30fac1b,2024-11,Gloucestershire Constabulary,Gloucestershire Constabulary,-2.083831,51.901930,On or near Supermarket,E01022127,Cheltenham 009G,Investigation complete; no suspect identified
8a21b780a40cf6f814a33e60f8eb6d1dbe1c1f9401a3ada6859b9cbb931eec9a,2024-11,Gloucestershire Constabulary,Gloucestershire Constabulary,-2.069854,51.904951,On or near Pittville Mews,E01022141,Cheltenham 008E,Investigation complete; no suspect identified
b0c2b094eb2d85a39d88f9dbfce8e5013bfe95e8a80d79d01790f6c1f23d5670,2024-11,Gloucestershire Constabulary,Gloucestershire Constabulary,-2.221437,51.897912,On or near Orchard Park,E01022440,Tewkesbury 006A,Suspect charged
8d386f11d7e2cc8a26523455e4ed322a38fdaf4eaf56f3cbe488eeff0fcd2b52,2024-11,Gloucestershire Constabulary,Gloucestershire Constabulary,-2.274096,51.808099,On or near Hunts Grove Drive,E01034802,Stroud 001H,Investigation complete; no suspect identified
2101e07569f935a46f7eff06e76d48157b9c022f561f4784fcc4493024e839ab,2024-11,Gloucestershire Constabulary,Gloucestershire Constabulary,-2.214761,51.860118,On or near Shopping Area,E01022287,Gloucester 007G,Investigation complete; no suspect identified
b4dc6115097c8628129021fdf5e2a64358e70d3e82734b1e484e7968e23dcb77,2024-11,Gloucestershire Constabulary,Gloucestershire Constabulary,-2.119953,51.898024,On or near Sotherby Drive,E01022123,Cheltenham 010D,Investigation complete; no suspect identified
97b2d405d25e462ad24c434a54bb4b943693330111f3e65bd9396997d84c2ad6,2024-11,Gloucestershire Constabulary,Gloucestershire Constabulary,-2.139131,51.980538,On or near Starling Road,E01032938,Tewkesbury 001F,Investigation complete; no suspect identified
c589fe0cb9d4735c7073eece27fb826e2f0c978deb2b01dcacfe03dfb7cd4d05,2024-11,Gloucestershire Constabulary,Gloucestershire Constabulary,-1.947667,51.718407,On or near Millennium Way,E01022188,Cotswold 006A,Unable to prosecute suspect
448ce96eb1cc7433339973383116f36bfd8e77bc2166d8e4fbaf19a8a69efcc7,2024-11,Gloucestershire Constabulary,Gloucestershire Constabulary,-2.221437,51.897912,On or near Orchard Park,E01022440,Tewkesbury 006A,Suspect charged
ca62bb04134fc2d33497c09337cbf4c393ffc3c91029a7f308fcabdcd68df256,2024-11,Gloucestershire Constabulary,Gloucestershire Constabulary,-2.232783,51.866099,On or near Hospital,E01022312,Gloucester 002D,Suspect charged
12fb13b8c7310e45b39e0fde826c5f3c2c1fb73ac59d9621924c3a5282d7dfc9,2024-11,Gloucestershire Constabulary,Gloucestershire Constabulary,-2.292765,51.922302,On or near Laburnum Villas,E01022247,Forest of Dean 001C,Investigation complete; no suspect identified
5576de2069762b7359bbd7627bb174713785920b818fa56b87927865f4763399,2024-11,Gloucestershire Constabulary,Gloucestershire Constabulary,-2.411603,51.931224,On or near Blackmans Close,E01022261,Forest of Dean 002A,Unable to prosecute suspect
6b37f8d8fcdc6337097737660168578e2789a291555956109ef16adc9f47bfa8,2024-11,Gloucestershire Constabulary,Gloucestershire Constabulary,-2.113049,51.880517,On or near Chasely Crescent,E01022170,Cheltenham 013D,Unable to prosecute suspect
d29bb3566e909c9045ca5eaebe3488c8ba5e389b78b838f7a27fd1e9d35375a9,2024-11,Gloucestershire Constabulary,Gloucestershire Constabulary,-2.213269,51.836340,On or near St Peter's Road,E01022319,Gloucester 011A,Unable to prosecute suspect
34a8173162fedc1a1c3585a5b48c0eb86136f6a342c452e053cea99eaf7e481f,2024-11,Gloucestershire Constabulary,Gloucestershire Constabulary,-2.071153,51.899349,On or near Grosvenor Terrace,E01022102,Cheltenham 008C,Unable to prosecute suspect
445bce9f391e03fba1a284991aecd7b34d8eaed78704ac30e1585b9bbedf811c,2024-11,Gloucestershire Constabulary,Gloucestershire Constabulary,-2.201437,51.728243,On or near The Rope Walk,E01022409,Stroud 007E,Investigation complete; no suspect identified
aa033aaa6c8e625e2681bec9ddafa2b23bbc98d683becdb56fe0d64a41e93a07,2024-11,Gloucestershire Constabulary,Gloucestershire Constabulary,-2.094469,51.901518,On or near Pates Avenue,E01022156,Cheltenham 007E,Unable to prosecute suspect
82f2dad1fe82371937a3c7fb016a62ee762142467e786641f211885ae458b135,2024-11,Gloucestershire Constabulary,Gloucestershire Constabulary,-2.042385,51.907995,On or near Black Berry Field,E01022145,Cheltenham 002C,Investigation complete; no suspect identified
b9b99f603982a826af076c88272abe2495091f976612269f0f0dc04c870aeca1,2024-11,Gloucestershire Constabulary,Gloucestershire Constabulary,-2.072765,51.898278,On or near Bath Street,E01022117,Cheltenham 009B,Investigation complete; no suspect identified
c93a964eff0f84796d1c906991e7b3a980fc75d2071aaec509fda3f3d73ee3f2,2024-11,Gloucestershire Constabulary,Gloucestershire Constabulary,-2.187989,51.753333,On or near Slad Lane,E01022354,Stroud 002A,Investigation complete; no suspect identified
56edd982b0a9bf6dde3d6e58b19bae9e6ac8554ee7638d86be2b549edfcb047c,2024-11,Gloucestershire Constabulary,Gloucestershire Constabulary,-2.251661,51.860521,On or near Church Street,E01034791,Gloucester 004G,Unable to prosecute suspect
789621dec7519ea821bca9cfc8b6e55158a00550863788c656e1183e3aaee6e6,2024-11,Gloucestershire Constabulary,Gloucestershire Constabulary,-2.216098,51.745291,On or near High Street,E01034804,Stroud 006G,Investigation complete; no suspect identified
426ec0668d8ce5bf6323f5b26628655aac2603a6503b7689267652b5e9ae77e7,2024-11,Gloucestershire Constabulary,Gloucestershire Constabulary,-2.248975,51.863377,On or near Kimbrose Way,E01034792,Gloucester 004H,Investigation complete; no suspect identified
db9a91b18e756e501625d135aa13c03d034eabd6bacfb611f1f73e9f0b93ad23,2024-11,Gloucestershire Constabulary,Gloucestershire Constabulary,-2.260389,51.855755,On or near Maritime Court,E01034791,Gloucester 004G,Unable to prosecute suspect
bd0175d788ea0bdc93a8254f4f5195d8675195fc92aa9b0768fb382be5da158d,2024-11,Gloucestershire Constabulary,Gloucestershire Constabulary,-2.043498,51.901835,On or near Alvington Drive,E01034779,Cheltenham 012H,Unable to prosecute suspect
1aa938044e0526914795d5ebc7b280fe470efc99cbb102e04a25d5b4167c8792,2024-11,Gloucestershire Constabulary,Gloucestershire Constabulary,-2.613637,51.792853,On or near Lord's Hill,E01022241,Forest of Dean 007B,Unable to prosecute suspect
9d9e8389c507c9945f5273e0b29ce15bf907fc55763ff5e835fdfc69d19a0c10,2024-11,Gloucestershire Constabulary,Gloucestershire Constabulary,-2.611323,51.784728,On or near Tufthorn Avenue,E01022245,Forest of Dean 007F,Investigation complete; no suspect identified
0f6f78f3004dec7419a9f907941433602fb0fb4d113640c4f6e8df721a3324ff,2024-11,Gloucestershire Constabulary,Gloucestershire Constabulary,-2.199552,51.885194,On or near Tandey Walk,E01022447,Tewkesbury 007H,Unable to prosecute suspect
466d5f7a8b003a6741f0ee0cd9a2a7b2acd25347f19f74e0446c85206371a6bf,2024-11,Gloucestershire Constabulary,Gloucestershire Constabulary,-2.193379,51.787472,On or near Petrol Station,E01022390,Stroud 002B,Investigation complete; no suspect identified
2579c17119014072894bd2a7a15f6b1aa0dcf6160ef62a56a78f329b730e1975,2024-11,Gloucestershire Constabulary,Gloucestershire Constabulary,-1.970432,51.703984,On or near Alexander Drive,E01022193,Cotswold 008C,Local resolution
ada7684891c7df8d66d49f213cfc85e63c5d4e0738d4718e43a1c35c6958a47d,2024-11,Gloucestershire Constabulary,Gloucestershire Constabulary,-1.970432,51.703984,On or near Alexander Drive,E01022193,Cotswold 008C,Local resolution
ac9552e9216675249572d26bfbd9e90602999df8779f1adc80b1a41e8b735784,2024-11,Gloucestershire Constabulary,Gloucestershire Constabulary,-2.043353,51.902267,On or near Yorkley Road,E01034779,Cheltenham 012H,Unable to prosecute suspect
9c190d92f9e7bc660ab9947ad76cba8d7d415ba08b7c5a99f6b70d087a09dd64,2024-11,Gloucestershire Constabulary,Gloucestershire Constabulary,-2.117523,51.902405,On or near Cassin Drive,E01022121,Cheltenham 005B,Investigation complete; no suspect identified
c7ad07901208b02630ada2653763dd455a6d62da6a2118932fcb5071121977d7,2024-11,Gloucestershire Constabulary,Gloucestershire Constabulary,-2.182336,51.889016,On or near Holtham Avenue,E01022429,Tewkesbury 007E,Suspect charged as part of another case
0f7d9ad0344114cd733a0d2beeab7147a81d855dc0f097bcc975d92364ee5e59,2024-11,Gloucestershire Constabulary,Gloucestershire Constabulary,-2.239797,51.863226,On or near Nettleton Road,E01032937,Gloucester 004F,Suspect charged
4160aa09f0486e7216c13a1f3309282eacd3ade4a9c14daa8e7a2f103901d129,2024-11,Gloucestershire Constabulary,Gloucestershire Constabulary,-2.154915,51.997853,On or near Twixtbears,E01022460,Tewkesbury 002E,Investigation complete; no suspect identified
e4633bdc7e228355093ae3eb68fd95a9b687401e5a0f52ac1fe5a09bdb909290,2024-11,Gloucestershire Constabulary,Gloucestershire Constabulary,-2.064022,51.943777,On or near Orchard Road,E01022437,Tewkesbury 010D,Unable to prosecute suspect
72996aee275428adf9259a107bbf1c6a6b1bfc722cebe3595be0ef00398711e3,2024-11,Gloucestershire Constabulary,Gloucestershire Constabulary,-1.959068,51.708881,On or near Mercian Close,E01022198,Cotswold 008D,Investigation complete; no suspect identified
aeeb191c61e3fa5921744cdcf62a6ac2eec55ed77e437e3e6f5e31334994e1a0,2024-11,Gloucestershire Constabulary,Gloucestershire Constabulary,-2.174937,51.839469,On or near Baltimore Court,E01034809,Tewkesbury 009H,Investigation complete; no suspect identified
988dc4512c0dcde586506c18e1b7558260dfafefa29c7b1852e3601c3a11db7b,2024-11,Gloucestershire Constabulary,Gloucestershire Constabulary,-2.370278,51.705921,On or near Jubilee Close,E01022363,Stroud 011E,Unable to prosecute suspect
faa8fa9d46a4a4775f757dbe1fe166fb0a72e9cdbe577530a55268257bb9ce0a,2024-11,Gloucestershire Constabulary,Gloucestershire Constabulary,-2.284036,51.730293,On or near Marsh Road,E01022405,Stroud 009C,Action to be taken by another organisation
3b35114743bd38c43bed53ed4d424cd6fa2c0b7225d40a91fe240197aa780e59,2024-11,Gloucestershire Constabulary,Gloucestershire Constabulary,-2.067437,51.940961,On or near The Holt,E01022432,Tewkesbury 011E,Unable to prosecute suspect
e67d93d9f39555bc36c78c5cdc0be0145f27a1fd6613d2a2df33314cde2f87dd,2024-11,Gloucestershire Constabulary,Gloucestershire Constabulary,-2.144084,51.981314,On or near Lime Road,E01032939,Tewkesbury 001G,Unable to prosecute suspect
cf0c5f5f40db45e279b48b7a1a85b5e2323a672584db85c4c63bca4f967d2fa2,2024-11,Gloucestershire Constabulary,Gloucestershire Constabulary,-2.113142,51.911490,On or near Welch Road,E01022160,Cheltenham 003B,Investigation complete; no suspect identified
2d9e766e181dc1ae451f8351b4008a04d16f1aee31709304fba5e7c1d215a4de,2024-11,Gloucestershire Constabulary,Gloucestershire Constabulary,-2.084378,51.906515,On or near Townsend Street,E01022151,Cheltenham 004B,Local resolution
18294dbd19eb74d1d6e3799d082f93bd9be9f433bd87c87f4fb56b7908a6ce3e,2024-11,Gloucestershire Constabulary,Gloucestershire Constabulary,-2.093410,51.902283,On or near Thornbury Close,E01022156,Cheltenham 007E,Investigation complete; no suspect identified
23ef52d36b84dd71b984f345f1c3f9d16ec6e5df33220cce3a4b3d1e71a68375,2024-11,Gloucestershire Constabulary,Gloucestershire Constabulary,-2.220128,51.746075,On or near Merrywalks,E01034804,Stroud 006G,Investigation complete; no suspect identified
4992a1a059708093e24e625946ffaef1df6e010400a4272145c660cabd0ed72e,2024-11,Gloucestershire Constabulary,Gloucestershire Constabulary,-2.063676,51.905027,On or near Selkirk Gardens,E01022134,Cheltenham 006D,Unable to prosecute suspect
b9e1d545d05383cbe3da714f062b7ae21ad534c994c2655044a8ffeb5eb3e204,2024-11,Gloucestershire Constabulary,Gloucestershire Constabulary,-2.252516,51.868099,On or near Westgate Street,E01032932,Gloucester 004E,Unable to prosecute suspect
9ddf6e4387b58d1db6ef738ce3e3d859767a85cab150fb248e99888adc074ca6,2024-11,Gloucestershire Constabulary,Gloucestershire Constabulary,-2.290537,51.825061,On or near Tirley Close,E01022340,Gloucester 014B,Action to be taken by another organisation
9c03e921239f7c056930dad19fc16110ad8bfa756af5d1919fbb55fd5aef6133,2024-11,Gloucestershire Constabulary,Gloucestershire Constabulary,-2.290537,51.825061,On or near Tirley Close,E01022340,Gloucester 014B,Action to be taken by another organisation
0b61687c54e5a9dcbf11e3c142353e7afe192714b23993b471ecf70674320b7e,2024-11,Gloucestershire Constabulary,Gloucestershire Constabulary,-2.222160,51.847014,On or near B4073,E01022321,Gloucester 011C,Investigation complete; no suspect identified
b214c11334bbd33e70f31c96f9076741e1e7026670478fa06949eca7b8165bf1,2024-11,Gloucestershire Constabulary,Gloucestershire Constabulary,-2.228632,51.895139,On or near Tewkesbury Road,E01022440,Tewkesbury 006A,Action to be taken by another organisation
8366fd1d7620bbe8e5ce086174479c1e37ec857061a34f31948d40d9e48bc193,2024-11,Gloucestershire Constabulary,Gloucestershire Constabulary,-2.264760,51.843419,On or near Byard Road,E01022333,Gloucester 009E,Unable to prosecute suspect
3a7b983597aee68047fb10bb7c9579ea719eb4c2e4b9089a90f36a6cd344e3be,2024-11,Gloucestershire Constabulary,Gloucestershire Constabulary,-2.064006,51.901619,On or near All Saints' Villas Road,E01022101,Cheltenham 008B,Investigation complete; no suspect identified
dfe5cdd97e39b2099e8cbdbaec4ff9e42a8ac8d6ef32a4d05128b51baceaa693,2024-11,Gloucestershire Constabulary,Gloucestershire Constabulary,-2.072765,51.898278,On or near Bath Street,E01022117,Cheltenham 009B,Unable to prosecute suspect
70076691a51a199b2f38fbbccf18f853773e2e5dacee1845b7c633763ad3e82f,2024-11,Gloucestershire Constabulary,Gloucestershire Constabulary,-2.243792,51.866301,On or near St Aldate Street,E01032937,Gloucester 004F,Suspect charged as part of another case
da0ca590efb306db9c084d203766890a1090b762b5996b795083e7c0b5e356d5,2024-11,Gloucestershire Constabulary,Gloucestershire Constabulary,-2.098234,51.914947,On or near Shopping Area,E01022165,Cheltenham 001C,Investigation complete; no suspect identified
c018c931dd1b37f453d03556a9f83ccc3c8740d1d08a827a6efd77f85cf46f6b,2024-11,Gloucestershire Constabulary,Gloucestershire Constabulary,-2.144084,51.981314,On or near Lime Road,E01032939,Tewkesbury 001G,Investigation complete; no suspect identified
d0bd006e2be7d1518aba785ba81f2901169a4cf00727c3f32da194e53cbfc858,2024-11,Gloucestershire Constabulary,Gloucestershire Constabulary,-2.076929,51.902645,On or near Shopping Area,E01022153,Cheltenham 004D,Suspect charged
2f25e2de3edcd74035908da5255ceb4673b1d3097e91490f54ac8c6826436783,2024-11,Gloucestershire Constabulary,Gloucestershire Constabulary,-2.158110,51.846380,On or near Sayers Crescent,E01022421,Tewkesbury 009A,Local resolution
f60392d44dcc16ec3cc6788f0fbaefe96b8a1b2f47e31e030c42cda7efabcec3,2024-11,Gloucestershire Constabulary,Gloucestershire Constabulary,-2.073568,51.900643,On or near Shopping Area,E01022102,Cheltenham 008C,Suspect charged
4e26f1164cb425bfd2041a5206d5c9d140d7fa6bf558f02d05459920fafd64fd,2024-11,Gloucestershire Constabulary,Gloucestershire Constabulary,-4.553680,53.392649,On or near Parking Area,W01000031,Isle of Anglesey 001E,Suspect charged
21e51693fceb73c3e5cee0023122fd2982802055ded8bf6ea851ae5a8506ba87,2024-11,Gloucestershire Constabulary,Gloucestershire Constabulary,-1.738973,52.019981,On or near Wydelands,E01022179,Cotswold 001A,Investigation complete; no suspect identified
8478a19dce51fea4628b2410b703396e71cda4b2d79b0d0fffaee6b4de81ef35,2024-11,Gloucestershire Constabulary,Gloucestershire Constabulary,-2.226414,51.852913,On or near Stonehenge Road,E01022284,Gloucester 007D,Investigation complete; no suspect identified
92e7a2d52d52bd3ddb8e3e3d866569d3bd83916abfa20fa44d068c37ea8339e4,2024-11,Gloucestershire Constabulary,Gloucestershire Constabulary,-2.482780,51.760251,On or near Colsty Meadow,E01022228,Forest of Dean 005A,Investigation complete; no suspect identified
f34144029c654d2d78dbe21b17645b04820630e5a2eea7faa81c5c7f27f967ff,2024-11,Gloucestershire Constabulary,Gloucestershire Constabulary,-2.242674,51.863615,On or near Eastgate Street,E01032937,Gloucester 004F,Offender given a caution
39baf93224bd28d750c617dfac3522c89f309b1fdec38db0bce2bbfc4a0b7733,2024-11,Gloucestershire Constabulary,Gloucestershire Constabulary,-2.223074,51.852856,On or near Fairford Way,E01022284,Gloucester 007D,Unable to prosecute suspect
00d711e0c52354cd7371a119db6d48ced984996e0ea5bb8de911426e7a8422eb,2024-11,Gloucestershire Constabulary,Gloucestershire Constabulary,-2.222504,51.860823,On or near Supermarket,E01022312,Gloucester 002D,Investigation complete; no suspect identified
46814f654fa4315e54d0efcc0537f8fa10ee7e4b65b7c679ed558b9c499485ef,2024-11,Gloucestershire Constabulary,Gloucestershire Constabulary,-2.254252,51.740594,On or near The Grove,E01022356,Stroud 004B,Investigation complete; no suspect identified
0be7144b0a8560d0a9dd105fd05b096854db64ed25c0851b7519cc5bc69d0ac0,2024-11,Gloucestershire Constabulary,Gloucestershire Constabulary,-2.344140,51.631265,On or near Wotton Crescent,E01022416,Stroud 015C,Investigation complete; no suspect identified
b020266509e4b05507a57de4f0581643b18715efda2047879d6f1a1f54673b8b,2024-11,Gloucestershire Constabulary,Gloucestershire Constabulary,-2.241716,51.860965,On or near Belgrave Road,E01034793,Gloucester 004I,Unable to prosecute suspect
45a07d9c32f3f4946e39eb8563079253c536dced848b6060dd2ba50fc88fa73b,2024-11,Gloucestershire Constabulary,Gloucestershire Constabulary,-2.251044,51.859408,On or near St Luke Street,E01034791,Gloucester 004G,Unable to prosecute suspect
8d02ec5228ff6195571fba646387108dbcde7403e5b1f592bc3a6f96714316d6,2024-11,Gloucestershire Constabulary,Gloucestershire Constabulary,,,No location,,,Unable to prosecute suspect
8ffbfa0013dd10ca6ef8c85ae75283aeaac6a5e9bcd3e7bebaef467c63639328,2024-11,Gloucestershire Constabulary,Gloucestershire Constabulary,-2.064006,51.942222,On or near Kingswood Close,E01022432,Tewkesbury 011E,Investigation complete; no suspect identified
26c596362e74894b90f5ec8f239685074d587d53a9e6d5265e093f0ad9247a8a,2024-11,Gloucestershire Constabulary,Gloucestershire Constabulary,-2.505563,51.828253,On or near Upper Bilson Road,E01022240,Forest of Dean 004E,Investigation complete; no suspect identified
05d994d21b0183b04f2d31cb276e33a1d1b202a70a31090db48fdb5e2836acab,2024-11,Gloucestershire Constabulary,Gloucestershire Constabulary,-2.064006,51.942222,On or near Kingswood Close,E01022432,Tewkesbury 011E,Unable to prosecute suspect
e7c600feff0fbfb79fab80c7b89553060125e5f66d94c1b189b0cd838ba815d9,2024-11,Gloucestershire Constabulary,Gloucestershire Constabulary,-2.064006,51.942222,On or near Kingswood Close,E01022432,Tewkesbury 011E,Unable to prosecute suspect
22c305bb0b823d6ca08bc9c9ec47116a08f5a2cc3460d3032ed8fb2b9f20302d,2024-11,Gloucestershire Constabulary,Gloucestershire Constabulary,-2.098234,51.914947,On or near Shopping Area,E01022165,Cheltenham 001C,Investigation complete; no suspect identified
361501192148447a5dfe31d4649a90d3aa6fbd03569d57dfe90dc90eb8981ed8,2024-11,Gloucestershire Constabulary,Gloucestershire Constabulary,-2.505563,51.828253,On or near Upper Bilson Road,E01022240,Forest of Dean 004E,Investigation complete; no suspect identified
32667749f7104b2bf44c1826abfb57cdacf7c592769a63a23aaec0958cd017d8,2024-11,Gloucestershire Constabulary,Gloucestershire Constabulary,-2.274051,51.822143,On or near Petrol Station,E01032933,Gloucester 015E,Investigation complete; no suspect identified
8e5ff627e98a8a2c840c5ffc966a117471be29dd84c2bb0bc2e6d4f894811e4f,2024-11,Gloucestershire Constabulary,Gloucestershire Constabulary,-2.505563,51.828253,On or near Upper Bilson Road,E01022240,Forest of Dean 004E,Investigation complete; no suspect identified
14c3e28fd486c5ca6f2da5cae1667bde1e45cdba71a7d328cb2db65a689fe444,2024-11,Gloucestershire Constabulary,Gloucestershire Constabulary,-2.515245,51.847587,On or near Bridge Road,E01022260,Forest of Dean 003E,Investigation complete; no suspect identified
5649575130755da502b7b5bff48d4a3090dc9bb0531c9da24bac52982565c36d,2024-11,Gloucestershire Constabulary,Gloucestershire Constabulary,-2.404773,51.930286,On or near Market Square,E01022262,Forest of Dean 002B,Unable to prosecute suspect
b5f9e410813c1a790b1d1e76db65146eec765879df29117396acf23c5188129d,2024-11,Gloucestershire Constabulary,Gloucestershire Constabulary,-2.222504,51.860823,On or near Supermarket,E01022312,Gloucester 002D,Investigation complete; no suspect identified
7209605943fbce3c4894790625bb50e210fdbe80a97b4a82dcb44862578c30a0,2024-11,Gloucestershire Constabulary,Gloucestershire Constabulary,-2.221045,51.711287,On or near Culver Hill,E01022350,Stroud 010A,Investigation complete; no suspect identified
ffaddbd099556938f272e7dfcbd74666d979bb48d43d79f8a2670750f521ac67,2024-11,Gloucestershire Constabulary,Gloucestershire Constabulary,-2.243009,51.864339,On or near Shopping Area,E01032937,Gloucester 004F,Local resolution
b42ac699ad75e0aef9d389e28174e15b498c2a3c30fa5a28b21b464697c23613,2024-11,Gloucestershire Constabulary,Gloucestershire Constabulary,-2.305342,51.860143,On or near Hygrove Lane,E01022444,Tewkesbury 006D,Unable to prosecute suspect
1985a0630a928042ebd48ec527cf0632ca4e9228aeac6fcbb8c1cabc908476b8,2024-11,Gloucestershire Constabulary,Gloucestershire Constabulary,-2.049123,51.901788,On or near Supermarket,E01034780,Cheltenham 012I,Investigation complete; no suspect identified
f1dcb7d1ff0a61e5787ae15706af9122d6ddd19c26f00a316430d783b1f36d3b,2024-11,Gloucestershire Constabulary,Gloucestershire Constabulary,-2.098382,51.903043,On or near School Mead,E01022150,Cheltenham 007C,Investigation complete; no suspect identified
c70868ab07cdcfd294d7fa072413c7cf451980ac7ca95b294b28334b7f5a57e7,2024-11,Gloucestershire Constabulary,Gloucestershire Constabulary,-2.256598,51.743106,On or near Robbins Close,E01022355,Stroud 004A,Unable to prosecute suspect
718898d69ffab156e9c61b416b6cd93dc8c44c9e31e3cb899b072cb309d86d3c,2024-11,Gloucestershire Constabulary,Gloucestershire Constabulary,-2.240293,51.871829,On or near Swan Road,E01022311,Gloucester 002C,Unable to prosecute suspect
9343dd6844a2ab381e848bfde6a9b653160e04494f1b5c165b51229e9c75dc8f,2024-11,Gloucestershire Constabulary,Gloucestershire Constabulary,,,No location,,,Investigation complete; no suspect identified
7d0af57aac5e593293759e02cd7baad962f9d9a7d835d0babea5933d3ec4194b,2024-11,Gloucestershire Constabulary,Gloucestershire Constabulary,-2.193188,51.744789,On or near Sports/Recreation Area,E01022399,Stroud 006B,Investigation complete; no suspect identified
778e94a33413f7b25c4131d64bcd1363b85883948486d1ab611c34f8f2c134cd,2024-11,Gloucestershire Constabulary,Gloucestershire Constabulary,-2.259536,51.838665,On or near Keats Avenue,E01022333,Gloucester 009E,Unable to prosecute suspect
be9a82b4594a4e05523663946c02f690a4446395e96e08ac00e841833b92fb5e,2024-11,Gloucestershire Constabulary,Gloucestershire Constabulary,-2.110914,51.904156,On or near Newton Close,E01022121,Cheltenham 005B,Investigation complete; no suspect identified
ba880b2c4c7f2c3fff4021e7a031078b22129a5431edb208d0047a11e13e72e0,2024-11,Gloucestershire Constabulary,Gloucestershire Constabulary,-2.116517,51.996584,On or near Petrol Station,E01032938,Tewkesbury 001F,Investigation complete; no suspect identified
8b51b83a6967648368458a2886d7824dd599ab21cc20e4da1f634db9bfcf3235,2024-11,Gloucestershire Constabulary,Gloucestershire Constabulary,-1.702675,51.949246,On or near Kennel Lane,E01022205,Cotswold 002C,Unable to prosecute suspect
58be1f981e6071ed1984756579e3e63e6ed26572e62e5e23f5bd67725ff6438a,2024-11,Gloucestershire Constabulary,Gloucestershire Constabulary,-3.053299,51.659108,On or near Ffordd Y Graig,W01001536,Torfaen 009C,Unable to prosecute suspect
e8541cb8241250dfca643aef419f925a74c622c2b2036a3b103a573c08a173ac,2024-11,Gloucestershire Constabulary,Gloucestershire Constabulary,-2.247669,51.874106,On or near Parking Area,E01032932,Gloucester 004E,Investigation complete; no suspect identified
6adb53da6c60a7507cc6d20f641452a5abff732d93028130c9cf9518e30adaae,2024-11,Gloucestershire Constabulary,Gloucestershire Constabulary,-1.973686,51.707347,On or near Apsley Road,E01022192,Cotswold 008B,Unable to prosecute suspect
9fe71ecdb3f48f3b80fe3dd49bd2958232b437b4bc05bf3481c88ff0bf428937,2024-11,Gloucestershire Constabulary,Gloucestershire Constabulary,-2.350630,51.682253,On or near Victoria Close,E01022374,Stroud 014C,Unable to prosecute suspect
6c1cbce5d22733a25fc815413822096e40dc07420344002974b5e2f90231c181,2024-11,Gloucestershire Constabulary,Gloucestershire Constabulary,-1.966690,51.715833,On or near West Way,E01022194,Cotswold 007A,Investigation complete; no suspect identified
17f338106aab34408aeb2e51ab1b3bd535e126571841ac1d6a4b4f5390898e60,2024-11,Gloucestershire Constabulary,Gloucestershire Constabulary,-2.504061,51.812022,On or near St White's Road,E01022250,Forest of Dean 004G,Unable to prosecute suspect
85a5ad4bf7921b6240f1dc580c5ec348c38701224cc25c33664972ebbb97eca8,2024-11,Gloucestershire Constabulary,Gloucestershire Constabulary,-2.038934,51.901594,On or near Newent Road,E01034779,Cheltenham 012H,Investigation complete; no suspect identified
9532b0afc78821290e533b28ffcc46a2ac9991cbddae0bcdd4007aabd3ced2b0,2024-11,Gloucestershire Constabulary,Gloucestershire Constabulary,-2.504061,51.812022,On or near St White's Road,E01022250,Forest of Dean 004G,Unable to prosecute suspect
e36f6301fbf8628f8868ff092512fa567a2ebd6d7893676b3937d9f40507501d,2024-11,Gloucestershire Constabulary,Gloucestershire Constabulary,-2.236972,51.867268,On or near Claremont Road,E01022311,Gloucester 002C,Investigation complete; no suspect identified
f3d8acea61682b4a08b4e331b0c8b8fcd103328dd5681d8a7a68b5fcb759cdc7,2024-11,Gloucestershire Constabulary,Gloucestershire Constabulary,-2.229917,51.870879,On or near Posy Lane,E01022312,Gloucester 002D,Unable to prosecute suspect
3eaee4cf699993079eff174f37f2eb362e6dcd408f1a06e1f4c70e21ad8560a7,2024-11,Gloucestershire Constabulary,Gloucestershire Constabulary,-2.229917,51.870879,On or near Posy Lane,E01022312,Gloucester 002D,Unable to prosecute suspect
297214386f96154ac49b15faa88631d801e34448a22c487d526c050e2280a38a,2024-11,Gloucestershire Constabulary,Gloucestershire Constabulary,,,No location,,,Unable to prosecute suspect
e78ecb3d5e9b0a28236bf59bbc4b1c13a3394b9d588ea8b0ac9c0fb98dfead54,2024-11,Gloucestershire Constabulary,Gloucestershire Constabulary,-2.073568,51.900643,On or near Shopping Area,E01022102,Cheltenham 008C,Investigation complete; no suspect identified
f8468b59e579e6e9e94e0b3a41f8e9468749df2e92124df6241a786ec2d81ecf,2024-11,Gloucestershire Constabulary,Gloucestershire Constabulary,-2.089464,51.906233,On or near Colletts Drive,E01034777,Cheltenham 007G,Investigation complete; no suspect identified
83ba4c114e494171b03b44ca8551a9649b574abfeb40cdab61faf0aaf4075419,2024-11,Gloucestershire Constabulary,Gloucestershire Constabulary,-2.108173,51.900715,On or near Guinevere Road,E01022147,Cheltenham 005C,Unable to prosecute suspect
9fe380409ae414aef6207fea5448a238dd8075d1bbb7ca08e5c7796e1ad6d029,2024-11,Gloucestershire Constabulary,Gloucestershire Constabulary,-2.213490,51.861532,On or near Overbrook Close,E01022287,Gloucester 007G,Investigation complete; no suspect identified
a16443c27f6605f6391eaafffcdd22a7a072c24d20134472fa902093562c6314,2024-11,Gloucestershire Constabulary,Gloucestershire Constabulary,-2.146992,51.895772,On or near Bamfurlong Lane,E01034805,Tewkesbury 008D,Unable to prosecute suspect
b3a7a04b054a9adba79eec2697d477a19634e10082ef1720c73c99341b143520,2024-11,Gloucestershire Constabulary,Gloucestershire Constabulary,-2.211787,51.863855,On or near Petrol Station,E01022287,Gloucester 007G,Suspect charged
d4ec4b15408918b07d4bdaa03c3fd53fe0a09b2a743c6978a206e2dd76a62ace,2024-11,Gloucestershire Constabulary,Gloucestershire Constabulary,-2.246268,51.864813,On or near Shopping Area,E01032937,Gloucester 004F,Unable to prosecute suspect
99145e772b502c0c18272ecfe8e6d0f05a13cfc177256a363c577aca8e5c2007,2024-11,Gloucestershire Constabulary,Gloucestershire Constabulary,-2.182336,51.889016,On or near Holtham Avenue,E01022429,Tewkesbury 007E,Suspect charged as part of another case
fc2e0bf6beded9637ddc802d621da48af9871bd353e0e9ce7e1c5753b9d7f531,2024-11,Gloucestershire Constabulary,Gloucestershire Constabulary,-2.469238,51.714693,On or near Baylands,E01022351,Stroud 012A,Unable to prosecute suspect
fde1cfe307c22756d54bb8181d2f7706924d43e20b03a88c90fb0e05fbc04738,2024-11,Gloucestershire Constabulary,Gloucestershire Constabulary,-2.103412,51.896844,On or near Fairmount Road,E01022148,Cheltenham 007A,Investigation complete; no suspect identified
664c71d6d668618ff6f6e257fea1ec3761379247525b469bbe3b746793ed98b1,2024-11,Gloucestershire Constabulary,Gloucestershire Constabulary,-2.267710,51.831751,On or near Stirling Way,E01022299,Gloucester 013A,Investigation complete; no suspect identified
5cb5fb55f8c4e49caf9b08a4671c1ea2b3181d43843781e22c07adc8c99b06ac,2024-11,Gloucestershire Constabulary,Gloucestershire Constabulary,-2.051193,51.906921,On or near Cam Road,E01022132,Cheltenham 006B,Investigation complete; no suspect identified
54042aa9af7f5cd462f0b87a4aadbc82796f8a0ad40c5ebd7d1d4e106b8bf08e,2024-11,Gloucestershire Constabulary,Gloucestershire Constabulary,-2.577042,51.837567,On or near Sports/Recreation Area,E01022253,Forest of Dean 006B,Unable to prosecute suspect
a07bc548df03ea9d3272f094a9353764b0ceca7300817e71d7c14bf94f64a243,2024-11,Gloucestershire Constabulary,Gloucestershire Constabulary,-2.577042,51.837567,On or near Sports/Recreation Area,E01022253,Forest of Dean 006B,Unable to prosecute suspect
63786f0fc3107a5b98e59b85ffb24024e55f39f8b3b8d96795019d7e88ea2750,2024-11,Gloucestershire Constabulary,Gloucestershire Constabulary,-2.481244,51.818798,On or near Parking Area,E01022249,Forest of Dean 004F,Investigation complete; no suspect identified
9d72f832b1714af3048dadfecfa6cd8dc7315082448cf67b66a18281a3fa6792,2024-11,Gloucestershire Constabulary,Gloucestershire Constabulary,-2.296343,51.745710,On or near A419,E01022400,Stroud 005A,Investigation complete; no suspect identified
31ea4badcb4ff0a07dd242f4a10da28681e3df955535f65018cb722411e7488c,2024-11,Gloucestershire Constabulary,Gloucestershire Constabulary,-2.532345,51.730545,On or near Springfield Road,E01022256,Forest of Dean 009E,Unable to prosecute suspect
d2db7b6eb57459039f4ae98008da37dbe06a9c5871d83d898d3ad81f542b64bf,2024-11,Gloucestershire Constabulary,Gloucestershire Constabulary,-2.116517,51.996584,On or near Petrol Station,E01032938,Tewkesbury 001F,Investigation complete; no suspect identified
4edf0a84496073f2962ffd10ced4f9b7ea0027ecc776dadc7a63e54135631a6a,2024-11,Gloucestershire Constabulary,Gloucestershire Constabulary,-2.414629,51.932931,On or near Ross Road,E01022267,Forest of Dean 002C,Unable to prosecute suspect
28ba8ebe9a77175d5acad187fbce9f60f6b8db816a882cb250d87fac034a36ab,2024-11,Gloucestershire Constabulary,Gloucestershire Constabulary,-2.257400,51.858585,On or near Supermarket,E01034791,Gloucester 004G,Investigation complete; no suspect identified
3a2a642888be2872e85d72904c1786bc9036dcea886dc0e522ab69095cb86162,2024-11,Gloucestershire Constabulary,Gloucestershire Constabulary,-2.257400,51.858585,On or near Supermarket,E01034791,Gloucester 004G,Investigation complete; no suspect identified
2b54317c7fb209620f4fa9098eeb5870db001a1e566eda17af89106b67ac7378,2024-11,Gloucestershire Constabulary,Gloucestershire Constabulary,-2.228080,51.866504,On or near Mayhill Way,E01022312,Gloucester 002D,Unable to prosecute suspect
cf06f1cb055960ab192daef95325def49999ceb5eee3cc4991182456ee3ffc00,2024-11,Gloucestershire Constabulary,Gloucestershire Constabulary,-2.198014,51.743372,On or near Ridgemont Road,E01022399,Stroud 006B,Investigation complete; no suspect identified
522c8a3b83ac6781fb86885b17ec2076c3da98f782f28bced2ba8d9183ca41de,2024-11,Gloucestershire Constabulary,Gloucestershire Constabulary,-2.344037,51.634826,On or near Fountain Crescent,E01022416,Stroud 015C,Unable to prosecute suspect
cc90c91e75b617f320f291faf3a84f5faa0958730353d1be5c3818647bbc8bbe,2024-11,Gloucestershire Constabulary,Gloucestershire Constabulary,-2.252827,51.750064,On or near Hawthorn Rise,E01022357,Stroud 004C,Local resolution
245941aeb75b539bd2d3c058c0e4ba08640c71556d457d94f3a183205cccd728,2024-11,Gloucestershire Constabulary,Gloucestershire Constabulary,-4.879016,51.873710,On or near Quarrypark Lane,W01000623,Pembrokeshire 004D,Suspect charged
eca0f9d115717e97a27699791b47b06153c76494cb54e05268795b76820cc3fa,2024-11,Gloucestershire Constabulary,Gloucestershire Constabulary,-4.879016,51.873710,On or near Quarrypark Lane,W01000623,Pembrokeshire 004D,Suspect charged
45e8cdc59e7d94906fcb0624bc9196a682831c894d6cf8e5abf7d489a819d79b,2024-11,Gloucestershire Constabulary,Gloucestershire Constabulary,-2.344037,51.634826,On or near Fountain Crescent,E01022416,Stroud 015C,Local resolution
4ed02866ba29f64874173ed6fc46e8a5349a33711d9b09ac0d6787eb5673cc64,2024-11,Gloucestershire Constabulary,Gloucestershire Constabulary,-2.252827,51.750064,On or near Hawthorn Rise,E01022357,Stroud 004C,Local resolution
f075a7ff1408f4cf769e6577f33248b501aea100f207480643dbc48641c1bc48,2024-11,Gloucestershire Constabulary,Gloucestershire Constabulary,-4.879016,51.873710,On or near Quarrypark Lane,W01000623,Pembrokeshire 004D,Suspect charged
cec10b7f29d7c58b398522403b779d93b46952aec6dc87e2c244cfc3f879db40,2024-11,Gloucestershire Constabulary,Gloucestershire Constabulary,-2.113142,51.911490,On or near Welch Road,E01022160,Cheltenham 003B,Unable to prosecute suspect
e80ce71d57f7423fd1eafe7b53fb63e53ba288a32b03b9e3f18af7874d22482f,2024-11,Gloucestershire Constabulary,Gloucestershire Constabulary,-2.113142,51.911490,On or near Welch Road,E01022160,Cheltenham 003B,Unable to prosecute suspect
049a0f7e40d0ffc44715f022128380048697ed2975f4b883ce961614a6ffe2a6,2024-11,Gloucestershire Constabulary,Gloucestershire Constabulary,-2.223971,51.747030,On or near Supermarket,E01034804,Stroud 006G,Suspect charged
2a7d4b86a8084da03a80bb5b8b008a3a74e6e7a15fe3ce5ab6b7532e01cef1d1,2024-11,Gloucestershire Constabulary,Gloucestershire Constabulary,-2.104865,51.896654,On or near Church Road,E01022150,Cheltenham 007C,Investigation complete; no suspect identified
459685356dd0fd8c03bb55dfd067889243141055484f357268f03b02b5372a9c,2024-11,Gloucestershire Constabulary,Gloucestershire Constabulary,-2.100036,51.882500,On or near Sports/Recreation Area,E01022172,Cheltenham 013F,Investigation complete; no suspect identified
4e9f3cf5773d458d18284365ea1e998bc3d4cef67003a38f41682b954f865975,2024-11,Gloucestershire Constabulary,Gloucestershire Constabulary,-2.157625,51.637032,On or near Chantry Court,E01022220,Cotswold 011F,Unable to prosecute suspect
b179a8e320de9e152d825b7b6751cb0662e33d16e3a03fe594c4d381b867e340,2024-11,Gloucestershire Constabulary,Gloucestershire Constabulary,-2.236972,51.867268,On or near Claremont Road,E01022311,Gloucester 002C,Unable to prosecute suspect
314bf31c2806eb9715b2e0501fd49cb143d2d4faee9923eeebd5b3b746a17770,2024-11,Gloucestershire Constabulary,Gloucestershire Constabulary,-4.553680,53.392649,On or near Parking Area,W01000031,Isle of Anglesey 001E,Investigation complete; no suspect identified
e19f3f81776437d905b4dc073ddfee804ccb402c15e1776b94dbd904a56ba4e9,2024-11,Gloucestershire Constabulary,Gloucestershire Constabulary,-2.252420,51.858731,On or near Shopping Area,E01034791,Gloucester 004G,Investigation complete; no suspect identified
6ee18491feb49f1502d0918c029e4b4cb635be86ca9a6d9c9e19367daa1043f9,2024-11,Gloucestershire Constabulary,Gloucestershire Constabulary,-2.251161,51.867347,On or near Lower Quay Street,E01032937,Gloucester 004F,Unable to prosecute suspect
2451a60c4842a399ecccd7d2f86bdcb9b35f1c40d09161229ba05625fd2e4c3b,2024-11,Gloucestershire Constabulary,Gloucestershire Constabulary,-2.242006,51.858159,On or near Midland Road,E01022293,Gloucester 008A,Investigation complete; no suspect identified
bebee2a95faa5d39cb3b7a7b0e088023782ca007e07876d0cc8f3be4721bdd75,2024-11,Gloucestershire Constabulary,Gloucestershire Constabulary,-2.256799,51.839804,On or near Kipling Close,E01022333,Gloucester 009E,Investigation complete; no suspect identified
8c7a70c5df1f75939af53eceac3f5922efe7779ab989897a540e7324fd66c0a2,2024-11,Gloucestershire Constabulary,Gloucestershire Constabulary,-1.952210,51.706442,On or near Cricklade Road,E01022225,Cotswold 008E,Unable to prosecute suspect
e7c21fb298351c3c34bf8ee32fb1df8c94f09a926be18639f63fff315b2a059e,2024-11,Gloucestershire Constabulary,Gloucestershire Constabulary,-2.249011,51.864573,On or near Ladybellegate Street,E01034792,Gloucester 004H,Unable to prosecute suspect
854bf5cec524db88c74e69a0dfb3ff795fdf43d9c4423851dcaf5047def9baa8,2024-11,Gloucestershire Constabulary,Gloucestershire Constabulary,-2.049123,51.901788,On or near Supermarket,E01034780,Cheltenham 012I,Investigation complete; no suspect identified
d8e59d7edaff0853a1491813bcc3ccb264a87d62107f5599e63dfdacbb4b9e0b,2024-11,Gloucestershire Constabulary,Gloucestershire Constabulary,-2.065657,51.947130,On or near Pullar Close,E01022437,Tewkesbury 010D,Investigation complete; no suspect identified
8903b7edd425f65d77fce2ff33c56f0beb12768dca43c06edd6bbfb69cf95dd7,2024-11,Gloucestershire Constabulary,Gloucestershire Constabulary,-2.227475,51.856156,On or near Ince Castle Way,E01022288,Gloucester 005A,Investigation complete; no suspect identified
c9a903ab4b658159a3e663e8ac08ad943582956d1d583dd8e62fd7482e5144b0,2024-11,Gloucestershire Constabulary,Gloucestershire Constabulary,-2.243385,51.860755,On or near Park Road,E01034792,Gloucester 004H,Investigation complete; no suspect identified
c0f53bee2ab1eedf0e0f2498a7ecd15f4bcaf0a3eca0c48557e6da4a5f126f98,2024-11,Gloucestershire Constabulary,Gloucestershire Constabulary,-2.243823,51.866643,On or near Northgate Street,E01032937,Gloucester 004F,Investigation complete; no suspect identified
64f6f3e246ac0ebdc4cf8ee4a3be903543636015816ba21a7697d5c9435ab1f5,2024-11,Gloucestershire Constabulary,Gloucestershire Constabulary,-2.137678,51.995923,On or near Ashchurch Road,E01022455,Tewkesbury 001E,Investigation complete; no suspect identified
68483ab815753abe12ec6fa829c42cf8160cae6e224e0b8471b6be1e2534c921,2024-11,Gloucestershire Constabulary,Gloucestershire Constabulary,-2.086652,51.894799,On or near Lansdown Walk,E01022126,Cheltenham 009F,Investigation complete; no suspect identified
f6c258610d114ced3b36bee70b987e4c835df322c524c5b4e14e4c20bba61333,2024-11,Gloucestershire Constabulary,Gloucestershire Constabulary,-2.242476,51.864506,On or near Clarence Street,E01032937,Gloucester 004F,Local resolution
e5f7692852d8c9f4c5f4ae8d74c48821ae228fa2d1d57c5af876de5e5c65169b,2024-11,Gloucestershire Constabulary,Gloucestershire Constabulary,-2.226248,51.898047,On or near Twigworth Views,E01022440,Tewkesbury 006A,Unable to prosecute suspect
eb180fd3808f658533c307b8a5f82fb70057ad062d80ab7f1afac8bff09eda17,2024-11,Gloucestershire Constabulary,Gloucestershire Constabulary,-1.723602,51.929526,On or near Church Street,E01022177,Cotswold 002A,Investigation complete; no suspect identified
778ecf79cf2e8d127c93e993ab7450af39c3bfada7f81bc4ae62660557b66245,2024-11,Gloucestershire Constabulary,Gloucestershire Constabulary,-2.257596,51.829436,On or near Nutley Avenue,E01022302,Gloucester 013D,Unable to prosecute suspect
145c90165d8e8fc1df4ee9809aef48f39ef34caec6711c69629374c1cba42e30,2024-11,Gloucestershire Constabulary,Gloucestershire Constabulary,-2.086747,51.899015,On or near Overton Road,E01022124,Cheltenham 009D,Investigation complete; no suspect identified
d56869c34b9520663b8794bbf55234d567a366feefd700eebb1c74e126724248,2024-11,Gloucestershire Constabulary,Gloucestershire Constabulary,-2.257596,51.829436,On or near Nutley Avenue,E01022302,Gloucester 013D,Unable to prosecute suspect
05783ffbcb85797e2a5305286616dc6d6b471d96e4d9fcedf3b6f01bb4081c33,2024-11,Gloucestershire Constabulary,Gloucestershire Constabulary,-2.239299,51.854263,On or near Slaney Street,E01022293,Gloucester 008A,Formal action is not in the public interest
7eb12b1aa2098c6554be267b1aaf7aaab2fb4431979731bc1dfe8d9e4831d852,2024-11,Gloucestershire Constabulary,Gloucestershire Constabulary,-2.243009,51.864339,On or near Shopping Area,E01032937,Gloucester 004F,Investigation complete; no suspect identified
b3fa9f296ec5cb7004cf2a19d427753c81afbd02abfd7cb66f13100b3f9fc776,2024-11,Gloucestershire Constabulary,Gloucestershire Constabulary,-2.243009,51.864339,On or near Shopping Area,E01032937,Gloucester 004F,Investigation complete; no suspect identified
114a804dadf2c913bbec4ef15e5fa781a88d9d704991114cce2c29e340edac28,2024-11,Gloucestershire Constabulary,Gloucestershire Constabulary,-2.032256,51.912403,On or near Tremblant Close,E01022434,Tewkesbury 004A,Unable to prosecute suspect
71a9fe7158757e2b0adae8b281648e3502341a942f8cdd46a1bfdf6f8a344b7c,2024-11,Gloucestershire Constabulary,Gloucestershire Constabulary,-2.182336,51.889016,On or near Holtham Avenue,E01022429,Tewkesbury 007E,Suspect charged
85642e7ecd24ce17097efb54b468db28a87e8e7bbeac94489bbeb956963465cf,2024-11,Gloucestershire Constabulary,Gloucestershire Constabulary,-1.964300,51.717199,On or near The Waterloo,E01022194,Cotswold 007A,Unable to prosecute suspect
4aa80db2608979e82e3beadc3c678ea7780da9f69bb0fc66dc2534ac80ae76ba,2024-11,Gloucestershire Constabulary,Gloucestershire Constabulary,-2.061757,51.946520,On or near Supermarket,E01034814,Tewkesbury 011B,Suspect charged
cce32c36a56396ce4187833c7c39e49a46da5fba3c891a822a509af449ca6874,2024-11,Gloucestershire Constabulary,Gloucestershire Constabulary,-2.223666,51.884251,On or near Godwine Drive,E01022448,Tewkesbury 008B,Unable to prosecute suspect
ae7cc2d948d8a7ea0994a0ee5c06713991c73d6fc12c1c03616e257d0b254bf9,2024-11,Gloucestershire Constabulary,Gloucestershire Constabulary,-2.158110,51.846380,On or near Sayers Crescent,E01022421,Tewkesbury 009A,Suspect charged as part of another case
19ed8906b4df87e56df11862e5a8a8de48a8d1a553a12c0aac3354c928a8a660,2024-11,Gloucestershire Constabulary,Gloucestershire Constabulary,-2.216755,51.691865,On or near The Ridings,E01022385,Stroud 013A,Unable to prosecute suspect
790bf43526fcc4591fab2be7cf0b3342c286607f145cef24c8ad3e223380a02a,2024-11,Gloucestershire Constabulary,Gloucestershire Constabulary,-2.158110,51.846380,On or near Sayers Crescent,E01022421,Tewkesbury 009A,Suspect charged as part of another case
d90be6a14ff8893bc1ea0ee061b6796608bf46bc1628386d03a2042c178289fd,2024-11,Gloucestershire Constabulary,Gloucestershire Constabulary,-2.227000,51.686694,On or near Horsley Road,E01022385,Stroud 013A,Formal action is not in the public interest
b61d01b41d130f2445bb1c7730e632cf4b75f9230aef456c7bbbecb99b94e215,2024-11,Gloucestershire Constabulary,Gloucestershire Constabulary,-2.617433,51.792609,On or near High Street,E01022241,Forest of Dean 007B,Local resolution
7391f9aeefe6c2360f2969659fadd7f7bb6d9145418aae67e3906a65a6c320a2,2024-11,Gloucestershire Constabulary,Gloucestershire Constabulary,-2.158110,51.846380,On or near Sayers Crescent,E01022421,Tewkesbury 009A,Suspect charged as part of another case
977d9e50b3b9bda6e804be71e188523a9ffd5d89d0dd92f87e7117570d2ff658,2024-11,Gloucestershire Constabulary,Gloucestershire Constabulary,-2.507116,51.827015,On or near Supermarket,E01022240,Forest of Dean 004E,Unable to prosecute suspect
f1f8e482fbd3df09001960957bb1d4e882131813a91d761cd31865cdbf3e7e8a,2024-11,Gloucestershire Constabulary,Gloucestershire Constabulary,-2.235768,51.859188,On or near Vauxhall Road,E01022291,Gloucester 005D,Unable to prosecute suspect
6dcb0055bdecd9f33c50f75b8fa25d0bdca63ac0befd042b03fd60acdb87b522,2024-11,Gloucestershire Constabulary,Gloucestershire Constabulary,-2.260389,51.855755,On or near Maritime Court,E01034791,Gloucester 004G,Investigation complete; no suspect identified
793a61aad22bc0d57ff47b9f1282409b484d3508bfd014ace1df845392b9cea8,2024-11,Gloucestershire Constabulary,Gloucestershire Constabulary,-2.256966,51.833384,On or near Ryelands,E01022301,Gloucester 013C,Unable to prosecute suspect
e30a400750c9a823a95d62d1aeb9701066ec19d7666fe14307bc1ed2397694fd,2024-11,Gloucestershire Constabulary,Gloucestershire Constabulary,-2.245463,51.866379,On or near St John's Lane,E01032937,Gloucester 004F,Unable to prosecute suspect
1d6ca8f52f13a7556338382d1aa37e1d631d48d1a0012eed35d1a367a37000d8,2024-11,Gloucestershire Constabulary,Gloucestershire Constabulary,-2.120525,51.905477,On or near Beale Road,E01022122,Cheltenham 003A,Investigation complete; no suspect identified
d896cc3ad3598748658a81ff00803dc88bb1592e05c39b925937838168797e9f,2024-11,Gloucestershire Constabulary,Gloucestershire Constabulary,-2.237484,51.843324,On or near Finlay Place,E01022343,Gloucester 012A,Investigation complete; no suspect identified
c06263a2f0f0506a29b0a55c44d234760eabeaeb35eb96bd8e29d416d7fe8eed,2024-11,Gloucestershire Constabulary,Gloucestershire Constabulary,-2.118190,51.901613,On or near Further/Higher Educational Building,E01022121,Cheltenham 005B,Unable to prosecute suspect
aa4584cbb40cdd23cc30bd3b9770e2a71998e2db3ecc8a7336d5b5a032d6fc4c,2024-11,Gloucestershire Constabulary,Gloucestershire Constabulary,-2.259536,51.838665,On or near Keats Avenue,E01022333,Gloucester 009E,Local resolution
b01a597dc334b1fd6df3a4718c2b2558357956a838901ee7991afc3818b95fb4,2024-11,Gloucestershire Constabulary,Gloucestershire Constabulary,-2.403179,51.927702,On or near Drovers Way,E01022262,Forest of Dean 002B,Unable to prosecute suspect
06aa90b4f10805f516a706cede9148b63aa7e8d2dfce1c84ff4063e4c4eb0cee,2024-11,Gloucestershire Constabulary,Gloucestershire Constabulary,-2.065361,51.953639,On or near Bluebell Court,E01034811,Tewkesbury 010A,Investigation complete; no suspect identified
1cf6f0a8c1f32cf4ea34dd097d1026f50f20e5c37b1ce13bbdcca39129c0d5c2,2024-11,Gloucestershire Constabulary,Gloucestershire Constabulary,,,No location,,,Unable to prosecute suspect
c5c8f11dc7e359f4cc1e53bb34024fcbde8b4d40e546242e019b886b39a29b77,2024-11,Gloucestershire Constabulary,Gloucestershire Constabulary,-2.076597,51.895732,On or near Vittoria Walk,E01022117,Cheltenham 009B,Investigation complete; no suspect identified
efa07b2fdcde8146183d5e04ff483e4ac68ff56ba5e867ae1510b20a05c1a9eb,2024-11,Gloucestershire Constabulary,Gloucestershire Constabulary,-2.070337,51.898127,On or near St James Street,E01022102,Cheltenham 008C,Local resolution
4300ea11099d594656f6fa5269edaa986dbf4d79f467df52afafdfd94d0b07ca,2024-11,Gloucestershire Constabulary,Gloucestershire Constabulary,-2.145391,51.985026,On or near Millennium Close,E01032939,Tewkesbury 001G,Unable to prosecute suspect
0ef3bf4bb1cc84bf415a66a5bed87e48ef984f4a6e6c0083ca095fb6f0cd4686,2024-11,Gloucestershire Constabulary,Gloucestershire Constabulary,-2.143955,51.981944,On or near Cypress Road,E01032939,Tewkesbury 001G,Investigation complete; no suspect identified
d6f533132b8513b2995f87adc92b1240f56565c20132913cb2e3c473a15b184f,2024-11,Gloucestershire Constabulary,Gloucestershire Constabulary,-1.776803,52.052407,On or near Church Street,E01022183,Cotswold 001C,Unable to prosecute suspect
40ba44dbfdf232aafddbcd4129afc4495c090a7bbff4b59f6e365b47da98eb68,2024-11,Gloucestershire Constabulary,Gloucestershire Constabulary,-2.231703,51.867980,On or near Hyde Close,E01022311,Gloucester 002C,Investigation complete; no suspect identified
21c7803284a887e70e905f2f30d13118fd05ec51774e599c9502ef8d0806f945,2024-11,Gloucestershire Constabulary,Gloucestershire Constabulary,-2.243385,51.860755,On or near Park Road,E01034792,Gloucester 004H,Unable to prosecute suspect
336d9aa3be6bcad53ee8518602df07921687264100b822f21ec0f965ed62afc8,2024-11,Gloucestershire Constabulary,Gloucestershire Constabulary,-2.211787,51.863855,On or near Petrol Station,E01022287,Gloucester 007G,Unable to prosecute suspect
1c460efe082baf87aed87523377526fa459d0e52de948cf58e26302f8634153a,2024-11,Gloucestershire Constabulary,Gloucestershire Constabulary,-2.119359,51.903994,On or near Marsland Road,E01022122,Cheltenham 003A,Unable to prosecute suspect
58cc78ec0d9d069ca6dbf184218e5ca276cec3c3128e3425c53283b4b7b2a4c3,2024-11,Gloucestershire Constabulary,Gloucestershire Constabulary,-2.325710,51.852535,On or near Parking Area,E01022444,Tewkesbury 006D,Investigation complete; no suspect identified
2eb5352c0641bc821ecff84d6d0a2b5f024b5557f395ae928cf812e780fe2067,2024-11,Gloucestershire Constabulary,Gloucestershire Constabulary,-2.083831,51.901930,On or near Supermarket,E01022127,Cheltenham 009G,Unable to prosecute suspect
0861cc7f17684551b4bf933979cb0a9cd187847b738fadb1cbbbad049a523f87,2024-11,Gloucestershire Constabulary,Gloucestershire Constabulary,-2.156677,51.638544,On or near Chipping Street,E01022219,Cotswold 011E,Investigation complete; no suspect identified
50fcb0bd2ebc7cde0659e12d94424441d4cdff4c56097ee491e7f45e9a2fb540,2024-11,Gloucestershire Constabulary,Gloucestershire Constabulary,-2.201628,51.712787,On or near Brimscombe Hill,E01022382,Stroud 010B,Investigation complete; no suspect identified
db3cb4e0f47f9295358e0e55466a4c1ed7593029accd4a1a114239d3341c9d38,2024-11,Gloucestershire Constabulary,Gloucestershire Constabulary,-2.100036,51.882500,On or near Sports/Recreation Area,E01022172,Cheltenham 013F,Investigation complete; no suspect identified
c6e1b65d7bf21a73892b390f82e04f309137008edfcd14b46cae4ed81d70866a,2024-11,Gloucestershire Constabulary,Gloucestershire Constabulary,-2.110914,51.904156,On or near Newton Close,E01022121,Cheltenham 005B,Unable to prosecute suspect
1b8620ef1b7a3f66c3b3f4e044d5f311abe6055d1a13525e7cbdbfa265ad2307,2024-11,Gloucestershire Constabulary,Gloucestershire Constabulary,-2.508726,51.820525,On or near White Chapel Row,E01022238,Forest of Dean 004C,Unable to prosecute suspect
6f378d1ae15a2b9c29ee6ffd727f51460404f9554475966319a74623124650bb,2024-11,Gloucestershire Constabulary,Gloucestershire Constabulary,-2.129763,51.891862,On or near Hospital,E01022108,Cheltenham 010C,Investigation complete; no suspect identified
d47257773cfad03c098b2f7637cbcb0f4f75c7d9515243fee86d30ffef90621e,2024-11,Gloucestershire Constabulary,Gloucestershire Constabulary,-2.054572,51.900860,On or near B4075,E01022100,Cheltenham 008A,Investigation complete; no suspect identified
06d380d45de9034c31084dfef84b9a7755ea3eb5e0067074ec7bbb70b501bbe2,2024-11,Gloucestershire Constabulary,Gloucestershire Constabulary,-2.161140,51.637989,On or near Long Street,E01022220,Cotswold 011F,Unable to prosecute suspect
79a650b7b7706aff3cc8b1ceb8c363f4d507d36122eff8fcda5264fbc7598834,2024-11,Gloucestershire Constabulary,Gloucestershire Constabulary,-2.161140,51.637989,On or near Long Street,E01022220,Cotswold 011F,Investigation complete; no suspect identified
ef1b476243c77786f227ab3fc2bc3f7a8106a2d47b3cc887bea9f93b72476de9,2024-11,Gloucestershire Constabulary,Gloucestershire Constabulary,-2.159356,51.849705,On or near Ansdell Drive,E01022423,Tewkesbury 009C,Investigation complete; no suspect identified
a1d8c3d646501a0c62b066bb3b1423b2eea9e2f0cd345e262bfeb446793101e7,2024-11,Gloucestershire Constabulary,Gloucestershire Constabulary,-2.082497,51.903658,On or near Grove Street,E01034777,Cheltenham 007G,Unable to prosecute suspect
e2d8eef5853cf9c5aaca4c5353018a72c1a9a1e407a9d8867335e525fc7b0506,2024-11,Gloucestershire Constabulary,Gloucestershire Constabulary,-2.277381,51.837501,On or near Sims Lane,E01022339,Gloucester 014A,Investigation complete; no suspect identified
0f84aca3add9aeb45cced1ca6118f4b2fe6f90d44a956e8b1b2b6b2724291c08,2024-11,Gloucestershire Constabulary,Gloucestershire Constabulary,-2.106195,51.919231,On or near Shopping Area,E01022165,Cheltenham 001C,Investigation complete; no suspect identified
cc30c492f4fa55b898ace702f68c6da9487ee6fbc933ae9565b991befadc572f,2024-11,Gloucestershire Constabulary,Gloucestershire Constabulary,-2.289160,51.811614,On or near Sticky Lane,E01034800,Stroud 001F,Investigation complete; no suspect identified
175cebdbb15ecd9ac85b806623d4d0b3e418a7603b1aa95a4dcf43ea639c441e,2024-11,Gloucestershire Constabulary,Gloucestershire Constabulary,-2.098234,51.914947,On or near Shopping Area,E01022165,Cheltenham 001C,Investigation complete; no suspect identified
19030a9627d293291fccee5d4a8fe275887898f9106ea16a71392d5e49000b41,2024-11,Gloucestershire Constabulary,Gloucestershire Constabulary,-2.602889,51.780555,On or near Station Road,E01022246,Forest of Dean 007G,Unable to prosecute suspect
5fbd9a6b37c7aa578d0a38a1203890ab5ebdaf7ccbe7fe2bf90a8cffe59f23ff,2024-11,Gloucestershire Constabulary,Gloucestershire Constabulary,-2.158110,51.846380,On or near Sayers Crescent,E01022421,Tewkesbury 009A,Suspect charged as part of another case
8e80444b2640b331440a806a193dc33c66a8dccfa983a580175116a41e9c2c8f,2024-11,Gloucestershire Constabulary,Gloucestershire Constabulary,-2.505563,51.828253,On or near Upper Bilson Road,E01022240,Forest of Dean 004E,Investigation complete; no suspect identified
0398f1d0b0c6dfe3e8469e3b02d051c4add4d43ed517eff21dc20c9536c05497,2024-11,Gloucestershire Constabulary,Gloucestershire Constabulary,-2.242006,51.858159,On or near Midland Road,E01022293,Gloucester 008A,Unable to prosecute suspect
034e7a6abc4b99caf45349b6d1c6e064493ffcbf4f66f7c71c977a5bbfd2f432,2024-11,Gloucestershire Constabulary,Gloucestershire Constabulary,-2.098234,51.914947,On or near Shopping Area,E01022165,Cheltenham 001C,Unable to prosecute suspect
dad68417cea0969cfb8b131ad12ecda54108a4ea3718f4616a9300a758dab366,2024-11,Gloucestershire Constabulary,Gloucestershire Constabulary,-2.238438,51.749033,On or near Park End,E01022377,Stroud 004E,Unable to prosecute suspect
3b3da671b2b5005f6b975a3315ebc761d5b0024b35d66d0ea689f533d2d82454,2024-11,Gloucestershire Constabulary,Gloucestershire Constabulary,-2.221872,51.882924,On or near Thistlebank,E01022313,Gloucester 001A,Unable to prosecute suspect
9d13b8388a299df414e48480fb7c9feee2983c10bdb95dfedf30c07202ad36e9,2024-11,Gloucestershire Constabulary,Gloucestershire Constabulary,-2.351645,51.637690,On or near Long Street,E01022418,Stroud 015E,Investigation complete; no suspect identified
61919d9faf58f3d5bcbcd16fa355f31a061493c12b3d34d1d8bdb69ec0be5464,2024-11,Gloucestershire Constabulary,Gloucestershire Constabulary,-2.256762,51.835767,On or near Tuffley Lane,E01022302,Gloucester 013D,Investigation complete; no suspect identified
db9618b6773638e421c4faab489838469c030456bf7ae2d923e911f102f53985,2024-11,Gloucestershire Constabulary,Gloucestershire Constabulary,-2.242006,51.858159,On or near Midland Road,E01022293,Gloucester 008A,Unable to prosecute suspect
cb0b192750f4997e17e0d4b07fb10dd4b2f3600d82055374547391d6f6656ff8,2024-11,Gloucestershire Constabulary,Gloucestershire Constabulary,-2.218869,51.746212,On or near Shopping Area,E01034804,Stroud 006G,Investigation complete; no suspect identified
73003fc71d2fdd4b11628ec3267356e37066157f951d471211dbaefbd021dca0,2024-11,Gloucestershire Constabulary,Gloucestershire Constabulary,-2.235768,51.859188,On or near Vauxhall Road,E01022291,Gloucester 005D,Unable to prosecute suspect
e9e2eb12acc71a146fa7cbb5ecb772ad958b0e77dd041b3f7a389b0d72c6eed5,2024-11,Gloucestershire Constabulary,Gloucestershire Constabulary,-2.144902,51.977726,On or near Angelica Mews,E01032938,Tewkesbury 001F,Investigation complete; no suspect identified
669d2e8bbbaca26e9182dbe772642cd5ed486dbb1e49b51f22a6a9c4799abd3d,2024-11,Gloucestershire Constabulary,Gloucestershire Constabulary,-2.113409,51.901986,On or near Amberley Road,E01022147,Cheltenham 005C,Investigation complete; no suspect identified
fbc8648d7e1cdf27828d1ad968198f1680de164aceb307172403feffb2262896,2024-11,Gloucestershire Constabulary,Gloucestershire Constabulary,-2.605053,51.791720,On or near Coalway Road,E01022243,Forest of Dean 007D,Unable to prosecute suspect
5682d429fb9569e681ada84fd09ae982da0b1ef154fa7d89dc22b28bc7ed7947,2024-11,Gloucestershire Constabulary,Gloucestershire Constabulary,-2.605053,51.791720,On or near Coalway Road,E01022243,Forest of Dean 007D,Unable to prosecute suspect
6982f2038264de87bb6823a2286bc09b5757b32e88ed0d9235446339b1b6c0c4,2024-11,Gloucestershire Constabulary,Gloucestershire Constabulary,-2.102752,51.913496,On or near Joyner Road,E01022159,Cheltenham 005E,Unable to prosecute suspect
39a2860d8152abeeb2ae1ff4c66e48d6d34dc328dc7567f8f3c7cbb6f840e417,2024-11,Gloucestershire Constabulary,Gloucestershire Constabulary,-2.075633,51.901774,On or near Bus/Coach Station,E01022153,Cheltenham 004D,Local resolution
bec183274fec905307e7197c0b9bbfa4d2e1c0a0a62241e13bc043128f466cb0,2024-11,Gloucestershire Constabulary,Gloucestershire Constabulary,-2.213186,51.837185,On or near Garnalls Road,E01022319,Gloucester 011A,Investigation complete; no suspect identified
6390415a9ad786fa8689fb7a06dbd979c6ae9ae3a384c86c3558c664b28c976b,2024-11,Gloucestershire Constabulary,Gloucestershire Constabulary,-2.404019,51.930477,On or near Cheapside,E01022262,Forest of Dean 002B,Investigation complete; no suspect identified
be3ffbf7fcc1ffacc4c72c9481413046beee5dd05ea83106fa46719cfdc3c315,2024-11,Gloucestershire Constabulary,Gloucestershire Constabulary,-2.071038,51.900392,On or near Parking Area,E01022102,Cheltenham 008C,Local resolution
72d6547480917c42e33d8a5f7854012da158dbf9044d04584e27dd406b8f9dbd,2024-11,Gloucestershire Constabulary,Gloucestershire Constabulary,-2.520001,51.724873,On or near St Mary's Square,E01022254,Forest of Dean 009C,Unable to prosecute suspect
e56de9646097ab2b513306dafe8b3a23752350293ec1bf1a2e0bdbe43fcf9aa2,2024-11,Gloucestershire Constabulary,Gloucestershire Constabulary,-2.274479,51.804214,On or near Cranes Bill Mead,E01034800,Stroud 001F,Unable to prosecute suspect
2b829a6622e941f12457815574faa0f09e8bb834932b3a7d9f37c2d4814cb8c8,2024-11,Gloucestershire Constabulary,Gloucestershire Constabulary,-2.570533,51.757466,On or near John Hale Close,E01022231,Forest of Dean 008A,Unable to prosecute suspect
62aa1c5e6f4265751a944a316e358697954a1de8c7b85253e8a3684bd5aa6dc7,2024-11,Gloucestershire Constabulary,Gloucestershire Constabulary,-2.067810,51.898956,On or near St Anne's Road,E01022102,Cheltenham 008C,Investigation complete; no suspect identified
65316623676961ea2ea7c4b133613e6c9ac2d9b888598c6501b1638acbab23d8,2024-11,Gloucestershire Constabulary,Gloucestershire Constabulary,-2.090198,51.895039,On or near Lansdown Parade,E01022125,Cheltenham 009E,Unable to prosecute suspect
0e27d45ce9dc5f8843626bf7a508977c53e61424134f6d33c1394dacd88839b0,2024-11,Gloucestershire Constabulary,Gloucestershire Constabulary,-2.246268,51.864813,On or near Shopping Area,E01032937,Gloucester 004F,Local resolution
a8e5a3ed0a8017f19347023a19e7365d873dbd0f6068cd28492927de8fbac2c8,2024-11,Gloucestershire Constabulary,Gloucestershire Constabulary,-2.213050,51.873068,On or near Cheltenham Road,E01022297,Gloucester 003C,Investigation complete; no suspect identified
56b3c05ecc35a4f49f81df63c94579945d80c38f519af0aa1e4ae07dfc1a10a5,2024-11,Gloucestershire Constabulary,Gloucestershire Constabulary,-2.218977,51.744666,On or near Parking Area,E01034804,Stroud 006G,Investigation complete; no suspect identified
936c729a14dc4b54cc0c88a97bfb3f4a8f04e23da2947967ddeb503da9728fd0,2024-11,Gloucestershire Constabulary,Gloucestershire Constabulary,-1.778339,52.045577,On or near Catbrook Gardens,E01022183,Cotswold 001C,Investigation complete; no suspect identified
8ecae01e8068f216ab3db85ced445159ad127362e5e3693d0de6c3e3b63d7f70,2024-11,Gloucestershire Constabulary,Gloucestershire Constabulary,-2.113220,51.907903,On or near Lechmere Road,E01022120,Cheltenham 005A,Investigation complete; no suspect identified
01434774909a4622b3216911fe5c8770fa844c353c50afba34c3f3f64a1427bf,2024-11,Gloucestershire Constabulary,Gloucestershire Constabulary,-1.971849,51.705315,On or near Countess Lilias Road,E01022191,Cotswold 008A,Local resolution
ec2b46626dc057f64e77aada3a1815d8ea24b0395f63de421659500d7b4e5618,2024-11,Gloucestershire Constabulary,Gloucestershire Constabulary,-2.205761,51.841748,On or near Supermarket,E01022277,Gloucester 010B,Investigation complete; no suspect identified
ddaafabb2d0e3e000b5b4e886fd277a31b7e32fe137d4387a3f8cc352fdfd85c,2024-11,Gloucestershire Constabulary,Gloucestershire Constabulary,-2.250589,51.863644,On or near Parking Area,E01034792,Gloucester 004H,Investigation complete; no suspect identified
4b9461fb1654c4f24af233e44c86095e9e12a01538485da2515020650752816e,2024-11,Gloucestershire Constabulary,Gloucestershire Constabulary,-2.414276,51.934128,On or near Mantley Grove,E01022267,Forest of Dean 002C,Investigation complete; no suspect identified
33943bd908890a9ff4c6e6855c637f595e11219f991d7bb99cf250aab39f410f,2024-11,Gloucestershire Constabulary,Gloucestershire Constabulary,-2.112829,51.902616,On or near Edinburgh Place,E01022147,Cheltenham 005C,Unable to prosecute suspect
fbf849cc692fc061003a80adbe65178d0f905d02054845d208a891206026e27f,2024-11,Gloucestershire Constabulary,Gloucestershire Constabulary,-2.522725,51.761464,On or near Slade Road,E01022268,Forest of Dean 008D,Investigation complete; no suspect identified
03d5e7657b4cb20f8fcd660b5088be0b3d4b37b8a853054a0e885da79d89e36a,2024-11,Gloucestershire Constabulary,Gloucestershire Constabulary,-2.229370,51.883143,On or near Supermarket,E01022448,Tewkesbury 008B,Suspect charged as part of another case
83768a79fa30df1440d10629d431c6c06e6ce2d238cd2d2c1dc30d7c2ee7dd7e,2024-11,Gloucestershire Constabulary,Gloucestershire Constabulary,-2.334598,51.910403,On or near Park Road,E01022271,Forest of Dean 001E,Investigation complete; no suspect identified
1317af3cbc3790450f27a70f9e8cf4010fa25557544a1997acd30f7186742569,2024-11,Gloucestershire Constabulary,Gloucestershire Constabulary,-2.061685,51.894383,On or near Coltham Fields,E01022104,Cheltenham 012B,Investigation complete; no suspect identified
cd28fa5d227873cb437cf35e4c4df0da903f75726bb8b0dd7bb44aa99373c997,2024-11,Gloucestershire Constabulary,Gloucestershire Constabulary,-2.080079,51.892645,On or near Suffolk Parade,E01022117,Cheltenham 009B,Investigation complete; no suspect identified
71d7fd4a87840d63d1beaca9699be30c64fac3d145a623c2582897bafe39cc2c,2024-11,Gloucestershire Constabulary,Gloucestershire Constabulary,-2.236373,51.861210,On or near Parking Area,E01022289,Gloucester 005B,Investigation complete; no suspect identified
9118e0e7b62bc00178c0907e55d0641e9d6c6195f9d91dae4d4ac4caab41f888,2024-11,Gloucestershire Constabulary,Gloucestershire Constabulary,-1.972969,51.721095,On or near St Lawrence Close,E01022195,Cotswold 007B,Investigation complete; no suspect identified
e61932a9942e23fb3c053f998ae6647989167f6171022a87a5c2f1f0fd4883b5,2024-11,Gloucestershire Constabulary,Gloucestershire Constabulary,-2.153483,51.983802,On or near Tudor Place,E01022457,Tewkesbury 002B,Investigation complete; no suspect identified
d0b99651daed70690f18621a35db5113c850fb602985bb5c8dfdbbf5e0edb762,2024-11,Gloucestershire Constabulary,Gloucestershire Constabulary,-2.509127,51.821351,On or near Furnaces Close,E01022238,Forest of Dean 004C,Suspect charged
e1363aaee58791e614c115a3df087f9ac8087e5d829661e71891d558cb14a0c8,2024-11,Gloucestershire Constabulary,Gloucestershire Constabulary,-2.214761,51.860118,On or near Shopping Area,E01022287,Gloucester 007G,Suspect charged as part of another case
88120e4dac8136bfe9924008d8c4fe2d057c4272ced1c93fef1e79dc4eceb5d5,2024-11,Gloucestershire Constabulary,Gloucestershire Constabulary,-1.967712,51.724222,On or near Pethera Close,E01022196,Cotswold 006D,Investigation complete; no suspect identified
1c35a6d6ddc3e162d3a6e3920824ca52d36b3e65c22844388aac7bb41ed3c231,2024-11,Gloucestershire Constabulary,Gloucestershire Constabulary,-2.214761,51.860118,On or near Shopping Area,E01022287,Gloucester 007G,Investigation complete; no suspect identified
5e2b21ace713a2b329cdf88028f19f893d77bfd9761c6f8ee5bc783fdadaff6e,2024-11,Gloucestershire Constabulary,Gloucestershire Constabulary,-2.438489,51.723129,On or near Riddle Street,E01022351,Stroud 012A,Investigation complete; no suspect identified
51ef21def1225f1402983cee10ca6c7094c3d0a4f24092f0820f3a1289ec5043,2024-11,Gloucestershire Constabulary,Gloucestershire Constabulary,-2.086946,51.904050,On or near Brookbank Close,E01034777,Cheltenham 007G,Investigation complete; no suspect identified
c409d6194810d438d67e150f87c7707f7c910b8fcb88b977d7614cac8fdc387c,2024-11,Gloucestershire Constabulary,Gloucestershire Constabulary,-2.195456,51.855279,On or near Brookfield Road,E01022283,Gloucester 006A,Unable to prosecute suspect
08036f356b6a015df77df6c40fd2d93b4ab3156387875e925d284249993e526f,2024-11,Gloucestershire Constabulary,Gloucestershire Constabulary,-2.075402,51.902287,On or near Bennington Street,E01022153,Cheltenham 004D,Investigation complete; no suspect identified
e16d216b82d93f77e45f544353fdf8e5f437ab053d5cd7fb0321b6956b0e1c5d,2024-11,Gloucestershire Constabulary,Gloucestershire Constabulary,,,No location,,,Unable to prosecute suspect
2345f1e60af24c4056e864254a7b4e009cdad0b51bde401f793b4077777fd56b,2024-11,Gloucestershire Constabulary,Gloucestershire Constabulary,-2.076929,51.902645,On or near Shopping Area,E01022153,Cheltenham 004D,Investigation complete; no suspect identified
83fa8d0f761d370eeb8350b59e0eebb8b526a653bc4cd6fe02d171ae1fd64e46,2024-11,Gloucestershire Constabulary,Gloucestershire Constabulary,-2.246268,51.864813,On or near Shopping Area,E01032937,Gloucester 004F,Unable to prosecute suspect
142d74683d51580954031f510cdb593e25791a084cd8ec1626775045fd56763f,2024-11,Gloucestershire Constabulary,Gloucestershire Constabulary,-2.205579,51.875051,On or near Kimberley Close,E01022295,Gloucester 003A,Unable to prosecute suspect
9a2cce489a55ed56af8cb8655cf3f17967632f75420dcec11703ff477c93763c,2024-11,Gloucestershire Constabulary,Gloucestershire Constabulary,-2.233145,51.860353,On or near Magdala Road,E01022290,Gloucester 005C,Unable to prosecute suspect
a7aac9df67551cd2bd8dcf0facbe16998b2b15059e4420578a3631bbfd05e254,2024-11,Gloucestershire Constabulary,Gloucestershire Constabulary,-2.116056,51.908430,On or near Ashlands Close,E01022120,Cheltenham 005A,Action to be taken by another organisation
310dd23871056a426c471ba3d7c8e5a6ee6196859533f36f739ef33a26724c5f,2024-11,Gloucestershire Constabulary,Gloucestershire Constabulary,-2.116056,51.908430,On or near Ashlands Close,E01022120,Cheltenham 005A,Action to be taken by another organisation
0fd1b21f131b05ccf589b402b9b69e22015707e0f51a62b4d351e88d07b44e79,2024-11,Gloucestershire Constabulary,Gloucestershire Constabulary,-2.116056,51.908430,On or near Ashlands Close,E01022120,Cheltenham 005A,Action to be taken by another organisation
4a0c9fa80b69ceabbcec15706939a3f6ff526e49564f255534f49956910c4bce,2024-11,Gloucestershire Constabulary,Gloucestershire Constabulary,-2.080958,51.904746,On or near Milsom Street,E01022152,Cheltenham 004C,Local resolution
b33411c854e69ccecfc5611660f287eae5b72279a140220893f617f220c65947,2024-11,Gloucestershire Constabulary,Gloucestershire Constabulary,-2.104994,51.902273,On or near Surrey Mews,E01022149,Cheltenham 007B,Investigation complete; no suspect identified
37fc65e505e4728fae34ad20e1a7eb06e0bbedd6870159c57753bd8bf05616af,2024-11,Gloucestershire Constabulary,Gloucestershire Constabulary,-1.705726,51.947689,On or near The Leasows,E01022205,Cotswold 002C,Unable to prosecute suspect
9dff4f1286bc9ed3df0db76d211b58ab2159fb33b09f5c868e5f4726835c38a4,2024-11,Gloucestershire Constabulary,Gloucestershire Constabulary,-2.115854,51.909150,On or near Ashlands Road,E01022120,Cheltenham 005A,Investigation complete; no suspect identified
524e022385949fba500eec2d319dc71e0a340fe7aad59073d9e1eb9e135aa2d5,2024-11,Gloucestershire Constabulary,Gloucestershire Constabulary,-2.266943,51.819965,On or near Rudloe Drive Kingsway,E01034796,Gloucester 015J,Investigation complete; no suspect identified
5cab1fcda00ec02d5eb3ed622eb0ed3bff5319993d701eb05508d44da4d445ef,2024-11,Gloucestershire Constabulary,Gloucestershire Constabulary,-2.161288,51.647133,On or near Blind Lane,E01034789,Cotswold 011G,Unable to prosecute suspect
64102d74c5f164aec322a35e75ae180172f9fc82f84705de4190a864e558cfe1,2024-11,Gloucestershire Constabulary,Gloucestershire Constabulary,-2.248860,51.853083,On or near Bloomfield Road,E01022328,Gloucester 008D,Unable to prosecute suspect
cdb99cdbcb3d3e94b73d7d716a945090330e47c05c115d81a815d8f87656526b,2024-11,Gloucestershire Constabulary,Gloucestershire Constabulary,-2.226248,51.898047,On or near Twigworth Views,E01022440,Tewkesbury 006A,Unable to prosecute suspect
fb74542dc41e46a932d352a50f805128c60190af12e771363498bf70bc5d1e8e,2024-11,Gloucestershire Constabulary,Gloucestershire Constabulary,-2.115243,51.897561,On or near Wasley Road,E01022147,Cheltenham 005C,Unable to prosecute suspect
8f14abc3bc64c502b9414cb263cc9f722a2aca1a9cf968211aafa3c77f39018e,2024-11,Gloucestershire Constabulary,Gloucestershire Constabulary,-2.115243,51.897561,On or near Wasley Road,E01022147,Cheltenham 005C,Unable to prosecute suspect
a6b0b324f0c2e2de18dbfa52c596e63a92a73d0fe95cf8d47689f71478245c41,2024-11,Gloucestershire Constabulary,Gloucestershire Constabulary,-2.219886,51.845193,On or near Saintbridge Place,E01022322,Gloucester 011D,Unable to prosecute suspect
7f015bdf7c44fa81f63081ea207064f54c589a2a66d905e0ee3084b56679c4c4,2024-11,Gloucestershire Constabulary,Gloucestershire Constabulary,-2.081104,51.888967,On or near Norwood Road,E01022138,Cheltenham 011D,Suspect charged
3eff910d09d1e00f165b7081cea38a87e33dcb8511996ec151323c6678705cec,2024-11,Gloucestershire Constabulary,Gloucestershire Constabulary,-2.130864,51.886998,On or near Leyson Road,E01022108,Cheltenham 010C,Unable to prosecute suspect
ece843db964c23c60e7c762de2ef430cbb7186aeaed94983d99d1120c3fb1565,2024-11,Gloucestershire Constabulary,Gloucestershire Constabulary,-2.232602,51.856281,On or near Upton Street,E01022288,Gloucester 005A,Investigation complete; no suspect identified
6ed74805ee3fc74634ee8aac229ffebaf5ab5248f2998b95d1e5309b76b19fc9,2024-11,Gloucestershire Constabulary,Gloucestershire Constabulary,-2.214026,51.833803,On or near Munsley Grove,E01022319,Gloucester 011A,Unable to prosecute suspect
e6a5d4c24a943c5a31125b8b7145110e418e4ec61e9f0ee0ea07dcd4c1be7675,2024-11,Gloucestershire Constabulary,Gloucestershire Constabulary,-2.667736,51.648518,On or near Watchtower Way,E01022275,Forest of Dean 010E,Unable to prosecute suspect
c5f0e3ca2965af31536670079500cdd506bc7515197d193f8b803913eb3a6f85,2024-11,Gloucestershire Constabulary,Gloucestershire Constabulary,-2.238962,51.867471,On or near Wellington Parade,E01022311,Gloucester 002C,Unable to prosecute suspect
aeca0204fc48385d0eb7be10fa714c86aa178de5c0cfeba7aee5b5122f0fd1f8,2024-11,Gloucestershire Constabulary,Gloucestershire Constabulary,-2.094248,51.899801,On or near Cobblestone Way,E01022156,Cheltenham 007E,Unable to prosecute suspect
be45016e8cb47489e99a80d65ea84a9f487cc5ede29dea04bf3ce1d6c9c49477,2024-11,Gloucestershire Constabulary,Gloucestershire Constabulary,-2.094248,51.899801,On or near Cobblestone Way,E01022156,Cheltenham 007E,Unable to prosecute suspect
494af7c145b6ef79c61b3070bf4bce0eb7722ef0749d9db69d5cfb704dfab8c2,2024-11,Gloucestershire Constabulary,Gloucestershire Constabulary,-2.232806,51.749647,On or near Archway Gardens,E01022377,Stroud 004E,Unable to prosecute suspect
268aa414aa85aeaff78d3c30b332b59d1a5ee9f2be20f3ea7f215e5a8e23d156,2024-11,Gloucestershire Constabulary,Gloucestershire Constabulary,-2.227000,51.686694,On or near Horsley Road,E01022385,Stroud 013A,Unable to prosecute suspect
f07a51c5936e1ec64234c8509b3e686f895e5721a2ef0482d48bd7c47b95b7f5,2024-11,Gloucestershire Constabulary,Gloucestershire Constabulary,-2.159651,51.736373,On or near Bracelands,E01022354,Stroud 002A,Investigation complete; no suspect identified
3ef23f21ba58dce8f8f18c9651aa0289cc2360eb6b3dd114ba35785992cbd84e,2024-11,Gloucestershire Constabulary,Gloucestershire Constabulary,-2.227000,51.686694,On or near Horsley Road,E01022385,Stroud 013A,Unable to prosecute suspect
2254d632cd5319c339d892901b977fd1c6c83cff9f2171856a37578edfd15910,2024-11,Gloucestershire Constabulary,Gloucestershire Constabulary,-2.046333,51.902652,On or near Joyford Passage,E01034779,Cheltenham 012H,Unable to prosecute suspect
348ea5e362ec3c974313d025837d74cd7bad22a1f7d72ecb2413b10132b102de,2024-11,Gloucestershire Constabulary,Gloucestershire Constabulary,-2.118190,51.901613,On or near Further/Higher Educational Building,E01022121,Cheltenham 005B,Local resolution
de09b74c6d2c590881cd77286f2a0d687292183f284577cf2ea7227feaae4323,2024-11,Gloucestershire Constabulary,Gloucestershire Constabulary,-2.118190,51.901613,On or near Further/Higher Educational Building,E01022121,Cheltenham 005B,Local resolution
cca25bdacab4531ee84ae487676a570f7a1ce76d273832e0b39c62df85b10ffa,2024-11,Gloucestershire Constabulary,Gloucestershire Constabulary,-2.207643,51.837474,On or near Wheatway,E01022276,Gloucester 010A,Investigation complete; no suspect identified
d6611f4528adeb58d7055df693dff15a82b103424dc2091f441307054e37fc05,2024-11,Gloucestershire Constabulary,Gloucestershire Constabulary,-2.117523,51.902405,On or near Cassin Drive,E01022121,Cheltenham 005B,Suspect charged
129b6e73a88a33599295ab5ff98d49a23a26f0361cff64febd042bf55e060509,2024-11,Gloucestershire Constabulary,Gloucestershire Constabulary,-2.236373,51.861210,On or near Parking Area,E01022289,Gloucester 005B,Unable to prosecute suspect
7de31740fb9ca7b885e23dafa77aa1f8a58b632f03b3af213ae9c2dd346e5028,2024-11,Gloucestershire Constabulary,Gloucestershire Constabulary,-2.344702,51.678674,On or near First Avenue,E01022373,Stroud 014B,Unable to prosecute suspect
686cbdd6d36773b665e63b091f356d3d18894bbbfb5e140a92ac8c0492e0b464,2024-11,Gloucestershire Constabulary,Gloucestershire Constabulary,-1.703691,51.987208,On or near Walnut Close,E01022211,Cotswold 002D,Investigation complete; no suspect identified
0c352de8890fc720240a5b9aec0ebe0a75259b86e619490e02748a9d3df14902,2024-11,Gloucestershire Constabulary,Gloucestershire Constabulary,-2.055665,51.891050,On or near Charlton Court Road,E01022104,Cheltenham 012B,Investigation complete; no suspect identified
c392c09705f7b9f7e4091fbe252d98ecbccbc4d23e31c809d7408a178e176549,2024-11,Gloucestershire Constabulary,Gloucestershire Constabulary,-2.245781,51.863420,On or near Shopping Area,E01032937,Gloucester 004F,Suspect charged as part of another case
fc7fcf7145008907a6df5e87452a3bd84c19480a9c2e49f50cc22bb05621dafd,2024-11,Gloucestershire Constabulary,Gloucestershire Constabulary,-2.074078,51.901406,On or near Albion Walk,E01022102,Cheltenham 008C,Unable to prosecute suspect
918f61e2fe0757b84f43b75a347f5f3c6a51861e0c35e7edb5e1665d50a76b57,2024-11,Gloucestershire Constabulary,Gloucestershire Constabulary,-2.169679,51.722728,On or near Browns Hill,E01022366,Stroud 008A,Unable to prosecute suspect
42a49b9d639ed433bc182feba208ca5e55991faa6eb46f9d6937799d3cc205a0,2024-11,Gloucestershire Constabulary,Gloucestershire Constabulary,-2.247123,51.827462,On or near Bisley Road,E01022346,Gloucester 012D,Unable to prosecute suspect
200a98f01fb7a7600d4919698cc08c56f213ae836469bd2ed1ce9e5d9c930fd5,2024-11,Gloucestershire Constabulary,Gloucestershire Constabulary,-2.239797,51.863226,On or near Nettleton Road,E01032937,Gloucester 004F,Unable to prosecute suspect
caabec90c8e400f33001c6011c60850543c2db8f16e7a86a7355ac0f7677b53c,2024-11,Gloucestershire Constabulary,Gloucestershire Constabulary,-2.239797,51.863226,On or near Nettleton Road,E01032937,Gloucester 004F,Unable to prosecute suspect
20636fbb59ed22f99ff817a6b3add1b3572a56dfeec070692a3335c88a1ab079,2024-11,Gloucestershire Constabulary,Gloucestershire Constabulary,-2.243247,51.749015,On or near Stanton Road,E01022358,Stroud 004D,Unable to prosecute suspect
cc1fe6e509ad85241427926cb5a8b60f18ed4cdcdfce9771e2bf080abc72602b,2024-11,Gloucestershire Constabulary,Gloucestershire Constabulary,-2.245463,51.866379,On or near St John's Lane,E01032937,Gloucester 004F,Suspect charged
b752064ec0591923a6bb05aca75b54d66ba963085aaeefff93ac087c0e863ef9,2024-11,Gloucestershire Constabulary,Gloucestershire Constabulary,-2.104507,51.661305,On or near Oxleaze Road,E01022176,Cotswold 011A,Unable to prosecute suspect
685ea3f116fb9adcf61acb9bc4dc69a32bccc12a20a4c8e29208edc7bc1e3b81,2024-11,Gloucestershire Constabulary,Gloucestershire Constabulary,-1.970004,51.716464,On or near Castle Street,E01022194,Cotswold 007A,Suspect charged
144d95e5a6cab4865ae0045007b5546dce2932e9001166aa8b5e6798bcbd7e7b,2024-11,Gloucestershire Constabulary,Gloucestershire Constabulary,,,No location,,,Unable to prosecute suspect
30af022242dabae2ebec3b771dbd9c6a99adafda8f05c730aca1f36dbfb2c13f,2024-11,Gloucestershire Constabulary,Gloucestershire Constabulary,-2.072676,51.879739,On or near Charlton Lane,E01022129,Cheltenham 015B,Investigation complete; no suspect identified
3bb7175f31bc10d22f99567fc6e395d937aa16b3ae418152251050221a763e39,2024-11,Gloucestershire Constabulary,Gloucestershire Constabulary,-2.240227,51.862182,On or near Nightclub,E01034793,Gloucester 004I,Unable to prosecute suspect
457482f7ff8c1ed5ea8fbff47217db2c4521f8d371e7631ad66d0456a6b613b9,2024-11,Gloucestershire Constabulary,Gloucestershire Constabulary,-2.160356,51.853399,On or near Plough Close,E01022423,Tewkesbury 009C,Local resolution
e7a1125e666512e9f2703da3048d3030bd9b0d5c7cc5ca6cb7f8e2a44763b3e1,2024-11,Gloucestershire Constabulary,Gloucestershire Constabulary,-2.221856,51.738079,On or near Butterow West,E01022395,Stroud 007C,Unable to prosecute suspect
f45742b7fe18b616cba3136d0359ceba70d6b34379f3221f5e721bafeec0b73e,2024-11,Gloucestershire Constabulary,Gloucestershire Constabulary,-2.249011,51.864573,On or near Ladybellegate Street,E01034792,Gloucester 004H,Investigation complete; no suspect identified
58e817745697a9c1b9b61afe8b5a2cd342f79f61ec1ca4a79185bd358c5b986c,2024-11,Gloucestershire Constabulary,Gloucestershire Constabulary,-2.190103,51.887304,On or near Lovage Close,E01022428,Tewkesbury 007D,Unable to prosecute suspect
2dc03fa523af2c17d45c812755c28f4586eb8b1dda75b2522ec4d77b6640f640,2024-11,Gloucestershire Constabulary,Gloucestershire Constabulary,-2.171040,51.688452,On or near Step's Lane,E01022176,Cotswold 011A,Unable to prosecute suspect
c32036d830b77335474482f88ab9fb45545445fa40161c510320979546fafaab,2024-11,Gloucestershire Constabulary,Gloucestershire Constabulary,-2.193195,51.863051,On or near Gilpin Avenue,E01022308,Gloucester 006E,Unable to prosecute suspect
b90a412cbb1ca0c556eccabc73662f0589f314d7f9d9caab83f691f3e4b77beb,2024-11,Gloucestershire Constabulary,Gloucestershire Constabulary,-2.193195,51.863051,On or near Gilpin Avenue,E01022308,Gloucester 006E,Unable to prosecute suspect
a128fa6b363f3d028165b92babffda39da3e7dd754e4f5dcb7c726f71209bceb,2024-11,Gloucestershire Constabulary,Gloucestershire Constabulary,-2.139746,51.841548,On or near Pillcroft Close,E01034806,Tewkesbury 008E,Unable to prosecute suspect
8f155ca06953cb92a16b1ff3762fd48810696abfc249071e4f7f9ac720b08100,2024-11,Gloucestershire Constabulary,Gloucestershire Constabulary,-2.142118,51.985956,On or near Harrier Close,E01032939,Tewkesbury 001G,Unable to prosecute suspect
d3177a82bed9ddc57b8002ec7ac4a5de04d172108a8c3811099d32ec8d90cfcc,2024-11,Gloucestershire Constabulary,Gloucestershire Constabulary,-2.189815,51.856996,On or near Foxwell Drive,E01022303,Gloucester 006B,Unable to prosecute suspect
ce0f58d90df016fe3e35e36a951d3c6ae9b32e0432211a79411c0cc2388f4d69,2024-11,Gloucestershire Constabulary,Gloucestershire Constabulary,-2.286406,51.830313,On or near Littlefield,E01022339,Gloucester 014A,Unable to prosecute suspect
ad54fe6e78b2727dd3a950986b9a840298c44ca53f776252e96e9abb0206a309,2024-11,Gloucestershire Constabulary,Gloucestershire Constabulary,-1.974147,51.659407,On or near Elm View,E01022224,Cotswold 010C,Unable to prosecute suspect
b9f092a2f3b9b8ac387b2822705231ff2a066b35aecdf153a2b454e9e85d819c,2024-11,Gloucestershire Constabulary,Gloucestershire Constabulary,-1.974147,51.659407,On or near Elm View,E01022224,Cotswold 010C,Unable to prosecute suspect
00821c9925cd8bc8cd97ac30c6594a7f82e0b85d8f3569f9e1617c00e3fb6683,2024-11,Gloucestershire Constabulary,Gloucestershire Constabulary,-2.651784,51.809866,On or near Staunton Road,E01022234,Forest of Dean 006A,Investigation complete; no suspect identified
5bcc74196b3d4c17d4919895f425639b321bd89d88303216573ce1591eb6b7f7,2024-11,Gloucestershire Constabulary,Gloucestershire Constabulary,-2.236118,51.863077,On or near Supermarket,E01022289,Gloucester 005B,Investigation complete; no suspect identified
94ccb04af7ede2d67141576cb85136da9333d46bc089c2633cb43d385252f33b,2024-11,Gloucestershire Constabulary,Gloucestershire Constabulary,-2.323239,51.869229,On or near Parking Area,E01022444,Tewkesbury 006D,Investigation complete; no suspect identified
26a820e71dcffe9816fd8d9901bcbaefc15d4ce7ab1b179e9621037f1f3e0791,2024-11,Gloucestershire Constabulary,Gloucestershire Constabulary,-2.247846,51.742379,On or near Parking Area,E01022356,Stroud 004B,Investigation complete; no suspect identified
7cdfd3d755e2ca14d39f4914778f1b6283f5d7820416b93afd796d307732e53e,2024-11,Gloucestershire Constabulary,Gloucestershire Constabulary,-2.117674,51.898871,On or near Cowper Road,E01022147,Cheltenham 005C,Investigation complete; no suspect identified
ef2addfffd52cc20fc6f5df064a1f22f71087f8150b56939aaada32b1726bb36,2024-11,Gloucestershire Constabulary,Gloucestershire Constabulary,-2.074071,51.897495,On or near Wellington Street,E01022117,Cheltenham 009B,Unable to prosecute suspect
b81676e8cfcca09f75a381c7d437e07213c34532e479fb82e7311f6b32e691a8,2024-11,Gloucestershire Constabulary,Gloucestershire Constabulary,-2.072765,51.898278,On or near Bath Street,E01022117,Cheltenham 009B,Investigation complete; no suspect identified
060bcd9be866a76eb1dae8dd592008bcbe42fe3da8c1490bd8085b8602b29cca,2024-11,Gloucestershire Constabulary,Gloucestershire Constabulary,-2.231703,51.867980,On or near Hyde Close,E01022311,Gloucester 002C,Suspect charged
b864d5653ba60b87ac7b4d6c4eb26a1ff2bda91d1574e08e667d36b1204bb199,2024-11,Gloucestershire Constabulary,Gloucestershire Constabulary,-2.234390,51.700265,On or near Nortonwood,E01022387,Stroud 013C,Unable to prosecute suspect
cae71860fcb01bb8a6205fc7d8cbc2192f0ceb8a80bd125fe5dc004bd210e8ad,2024-11,Gloucestershire Constabulary,Gloucestershire Constabulary,-2.081104,51.888967,On or near Norwood Road,E01022138,Cheltenham 011D,Investigation complete; no suspect identified
023afce2908c92d01311a07329e13762c9a3f95bc89a0855b687c8b23ad38bf5,2024-11,Gloucestershire Constabulary,Gloucestershire Constabulary,-2.072765,51.898278,On or near Bath Street,E01022117,Cheltenham 009B,Investigation complete; no suspect identified
95322d96f55014ff8dad915359a3c63b8f38171fc305960823c92238319e6415,2024-11,Gloucestershire Constabulary,Gloucestershire Constabulary,-2.493440,51.871435,On or near Lining Wood,E01022259,Forest of Dean 003D,Unable to prosecute suspect
470bd47540a4280edb5273c383afccd50a6090c8c1446a71e40cd1800f1297bf,2024-11,Gloucestershire Constabulary,Gloucestershire Constabulary,-2.214787,51.835258,On or near Matson Avenue,E01022319,Gloucester 011A,Investigation complete; no suspect identified
612d1a1507ba7a947be457d5f940bff29f7fc9f7172c52dd73c6e58e555f8eab,2024-11,Gloucestershire Constabulary,Gloucestershire Constabulary,-1.963376,51.714753,On or near Bingham Close,E01022199,Cotswold 007C,Investigation complete; no suspect identified
fa0787962aae7d09e7cb1cffafa4dd5bd92e36a9ecb2f123047dc96cd03ca60a,2024-11,Gloucestershire Constabulary,Gloucestershire Constabulary,-2.492231,51.852523,On or near Dockins Hill Way,E01022259,Forest of Dean 003D,Unable to prosecute suspect
54712c0417ceeaff8a84468d34743ca9ed0a7b385956b375f0b61a9deff4bf3e,2024-11,Gloucestershire Constabulary,Gloucestershire Constabulary,-2.052259,51.886664,On or near Grovelands Close,E01022111,Cheltenham 012F,Unable to prosecute suspect
d80c51fd8da8676ead0b390e9cb3e971eadb6c3af9c79acb26cc77e853e9620b,2024-11,Gloucestershire Constabulary,Gloucestershire Constabulary,-2.246268,51.864813,On or near Shopping Area,E01032937,Gloucester 004F,Investigation complete; no suspect identified
8c067fac883e1937cc06bd57970266e4b99769f02e997c4f6c181f44a031df77,2024-11,Gloucestershire Constabulary,Gloucestershire Constabulary,-2.241142,51.862270,On or near Theatre/Concert Hall,E01034793,Gloucester 004I,Unable to prosecute suspect
42efe0af5c58894b29ba7ee3a42d5b5fccc8396ac109fda0b5770a2a16cfa88c,2024-11,Gloucestershire Constabulary,Gloucestershire Constabulary,-2.064664,51.904577,On or near Selkirk Close,E01022141,Cheltenham 008E,Investigation complete; no suspect identified
6cf4cfbc719fe0e5b9d03168076194c70c7e2621311533b4660975488847c04c,2024-11,Gloucestershire Constabulary,Gloucestershire Constabulary,-2.157296,51.991565,On or near Swilgate Road,E01022459,Tewkesbury 002D,Unable to prosecute suspect
e6f76da8035157b1643639eaba275800b872361a4f37866aba3013f1746dad50,2024-11,Gloucestershire Constabulary,Gloucestershire Constabulary,-2.246268,51.864813,On or near Shopping Area,E01032937,Gloucester 004F,Unable to prosecute suspect
cacc90a00f426184114d6b1203ac9759d8460251d4fccd4436cf1c2c0ff82f38,2024-11,Gloucestershire Constabulary,Gloucestershire Constabulary,-2.235024,51.853039,On or near Paul Street,E01022294,Gloucester 008B,Unable to prosecute suspect
cbc4ec227d30381bf0d5978fff69a8b62327f7462e41ab45bb09dbb79fbc0778,2024-11,Gloucestershire Constabulary,Gloucestershire Constabulary,-2.075402,51.902287,On or near Bennington Street,E01022153,Cheltenham 004D,Local resolution
f0753a42689224b905ceebefd7c956a7639c5ed41c5f763e0e4479466d035b1e,2024-11,Gloucestershire Constabulary,Gloucestershire Constabulary,-2.206858,51.862650,On or near Hammond Way,E01022287,Gloucester 007G,Unable to prosecute suspect
34bd79bdad52526edc9200a2c871539e4fd8e26ffbc26c5376c39b27089ac417,2024-11,Gloucestershire Constabulary,Gloucestershire Constabulary,-2.071175,51.904321,On or near Clarence Road,E01022142,Cheltenham 008F,Investigation complete; no suspect identified
3ef62d5037f3e7d9a9ed7c0f45370d79a1b749b06c6d733fa1e78b674d4735fd,2024-11,Gloucestershire Constabulary,Gloucestershire Constabulary,-2.304517,51.957075,On or near Gloucester Road,E01022247,Forest of Dean 001C,Suspect charged
a6cfc5785eb85376795012cf1da838d4476b94808c3a6d9534e9cf312b5f70af,2024-11,Gloucestershire Constabulary,Gloucestershire Constabulary,-2.215789,51.747216,On or near Locking Hill,E01022414,Stroud 006E,Investigation complete; no suspect identified
0f863ad551d49ece90a94b6d402aebb5505c96795b9f2efe53774e5c5f5f395f,2024-11,Gloucestershire Constabulary,Gloucestershire Constabulary,-2.069034,51.901365,On or near Fairview Road,E01022102,Cheltenham 008C,Suspect charged
eba0b67df28897735e0a97d01f85cbc3bcd0f1bd552716154fa8059e72ddb90a,2024-11,Gloucestershire Constabulary,Gloucestershire Constabulary,-2.235237,51.871686,On or near Seabroke Road,E01022309,Gloucester 002A,Investigation complete; no suspect identified
d0c2a9e6ca7b8284109ea0bb6d91f6ec932d8882adf799b29d60fbc6304c630f,2024-11,Gloucestershire Constabulary,Gloucestershire Constabulary,-2.070337,51.898127,On or near St James Street,E01022102,Cheltenham 008C,Investigation complete; no suspect identified
cde38e61db0e9698c4365aa2c80f5ea6c65906d8ed350df7b8796ed10f576b31,2024-11,Gloucestershire Constabulary,Gloucestershire Constabulary,-2.159231,51.990807,On or near Parking Area,E01022459,Tewkesbury 002D,Unable to prosecute suspect
d1ac3b9d9513b04837dd4b2953464aa182544aa6e5509e5438c1e4be19b5eb35,2024-11,Gloucestershire Constabulary,Gloucestershire Constabulary,-2.159231,51.990807,On or near Parking Area,E01022459,Tewkesbury 002D,Unable to prosecute suspect
b87da329bab42f986ae7e00d1aa034c73c183d9e98e43e5c88d9565790b694e8,2024-11,Gloucestershire Constabulary,Gloucestershire Constabulary,-2.155402,51.995299,On or near Parking Area,E01022459,Tewkesbury 002D,Investigation complete; no suspect identified
96d9a001016dbb679a4d5e87e92ee2b6033cac5a8a7c85393190f3abb6524c64,2024-11,Gloucestershire Constabulary,Gloucestershire Constabulary,-2.236995,51.868869,On or near Henry Street,E01022309,Gloucester 002A,Investigation complete; no suspect identified
4b30037dd6e6007dc6352cf2067bb6b070e058c88568edc8ec60467e5c31e6c0,2024-11,Gloucestershire Constabulary,Gloucestershire Constabulary,-2.079868,51.888537,On or near A46,E01022138,Cheltenham 011D,Investigation complete; no suspect identified
1dbb76e96896ffb6feb05738e35316496e82e276a9d14b3de2a672064b0ee62d,2024-11,Gloucestershire Constabulary,Gloucestershire Constabulary,-2.256023,51.828369,On or near Osborne Avenue,E01022300,Gloucester 013B,Investigation complete; no suspect identified
c2c32f062e3c58d52acf724fdbef73b04caa6481492c1dc16857b6ecabd0207d,2024-11,Gloucestershire Constabulary,Gloucestershire Constabulary,-2.153051,51.993800,On or near Chance Street,E01022460,Tewkesbury 002E,Investigation complete; no suspect identified
c73cad76575d916501f48203e619fd1b3165c0e2993637bd027471fad6767c18,2024-11,Gloucestershire Constabulary,Gloucestershire Constabulary,-2.424669,51.692753,On or near Petrol Station,E01022352,Stroud 012B,Investigation complete; no suspect identified
75100be032f51383f6e45d50a6ccd956165f660735a2971e10e562c64a381f23,2024-11,Gloucestershire Constabulary,Gloucestershire Constabulary,-2.181552,51.845798,On or near Hawthorne Close,E01034808,Tewkesbury 009G,Unable to prosecute suspect
1f9c13d864653adbf30be536aa47eaadc7eb4ebae74216ccf8dce0deb6fa7ecf,2024-11,Gloucestershire Constabulary,Gloucestershire Constabulary,-2.237048,51.854258,On or near Morpeth Street,E01022294,Gloucester 008B,Unable to prosecute suspect
32a2a9143c06e5942c85f37f6603fd60e7ed84ebbdff5d079ca01ec42336424c,2024-11,Gloucestershire Constabulary,Gloucestershire Constabulary,-2.221452,51.744185,On or near Wallbridge,E01034804,Stroud 006G,Local resolution
f56c2f375f7b77e4fe5df76ceab29fa63cc72282866a8ef770c56d5c11c7e80f,2024-11,Gloucestershire Constabulary,Gloucestershire Constabulary,-2.088001,51.893943,On or near Lansdown Place,E01022126,Cheltenham 009F,Investigation complete; no suspect identified
e0453d441ab3036931ec9b4002132f4a72f2afc61cd778363335cbebdfdc5f44,2024-11,Gloucestershire Constabulary,Gloucestershire Constabulary,-2.185146,51.766509,On or near Slad Road,E01022391,Stroud 002C,Investigation complete; no suspect identified
e53ba705297843c9c04635dfd7d89ba4927a6101df43a3ddf2e9fc152abf1315,2024-11,Gloucestershire Constabulary,Gloucestershire Constabulary,-2.274051,51.822143,On or near Petrol Station,E01032933,Gloucester 015E,Investigation complete; no suspect identified
d4766f185ba55b74212d4018fde75b066220d2c0fb75cce723ee79dbe10a3cc8,2024-11,Gloucestershire Constabulary,Gloucestershire Constabulary,-2.226414,51.852913,On or near Stonehenge Road,E01022284,Gloucester 007D,Unable to prosecute suspect
93a32151357242779c21bed3dbabf0ee8075e31d5d774d5f139f6ee60faf43ef,2024-11,Gloucestershire Constabulary,Gloucestershire Constabulary,-2.235768,51.859188,On or near Vauxhall Road,E01022291,Gloucester 005D,Unable to prosecute suspect
62ce50f5957defc6389a47899c87010b34548caffca772fb4e1e4a0fb2dfabb6,2024-11,Gloucestershire Constabulary,Gloucestershire Constabulary,-2.075582,51.896847,On or near Oriel Road,E01022117,Cheltenham 009B,Unable to prosecute suspect
b598fd49b2db09b4b263a7eb22372cdc4bcae46dd3848c078bba3f54b68976a0,2024-11,Gloucestershire Constabulary,Gloucestershire Constabulary,-1.699414,51.993050,On or near Roundhouse Mews,E01022211,Cotswold 002D,Investigation complete; no suspect identified
3d1d812fc540462d4a81b846be94081044e961b442eb2de2bfcb864f7a51ca5f,2024-11,Gloucestershire Constabulary,Gloucestershire Constabulary,-2.259153,51.850282,On or near Supermarket,E01022330,Gloucester 009C,Investigation complete; no suspect identified
a76a38f1b1f79b88d36c1c22b8b6a4043ad64f7282ded3e4a1c1dd54e5853011,2024-11,Gloucestershire Constabulary,Gloucestershire Constabulary,-2.265046,51.818046,On or near Boulmer Avenue,E01034796,Gloucester 015J,Unable to prosecute suspect
e6f3b77d87d23615bece1f6229eac150edfb5624c7473adcf8d0480a8c8a1401,2024-11,Gloucestershire Constabulary,Gloucestershire Constabulary,-2.200852,51.746640,On or near St Brendan's Road,E01022414,Stroud 006E,Suspect charged
88c3bf37c2749e888d3d494dd7c7c6b8ee35152e6aab699eb1b85af38d8bc149,2024-11,Gloucestershire Constabulary,Gloucestershire Constabulary,-2.231703,51.867980,On or near Hyde Close,E01022311,Gloucester 002C,Suspect charged
6dae710814d7407af2d5b2f53d29b645960237a9efa1b51b9f7912f80c17824e,2024-11,Gloucestershire Constabulary,Gloucestershire Constabulary,-2.274051,51.822143,On or near Petrol Station,E01032933,Gloucester 015E,Suspect charged
7a7996438ac6242cd7a9481b49c2244511b08ed77ccaa372b9f5fe6d8f3b5cff,2024-11,Gloucestershire Constabulary,Gloucestershire Constabulary,-2.156041,51.844054,On or near Gladiator Close,E01022421,Tewkesbury 009A,Unable to prosecute suspect
e50515e405e1c236f065b04bddcbab2b9cc8e3230bf7714ccdaacc509a7f77fa,2024-11,Gloucestershire Constabulary,Gloucestershire Constabulary,-2.199622,51.746750,On or near Summer Close,E01022414,Stroud 006E,Investigation complete; no suspect identified
7e2c919e543ade77492f43937bbe17748455be197b5190c39c01beb387d66558,2024-11,Gloucestershire Constabulary,Gloucestershire Constabulary,-2.253816,51.833337,On or near Randwick Road,E01022302,Gloucester 013D,Investigation complete; no suspect identified
dc0bb7484576c71d0bb7c6860f717709f895d03364f4bac9ac6f94c67150049c,2024-11,Gloucestershire Constabulary,Gloucestershire Constabulary,-2.283426,51.744006,On or near Regent Street,E01022404,Stroud 005E,Investigation complete; no suspect identified
8175eec9e50defe0d4d9e1ce38e44e963f57085ac773132ccbac2178824a4ec2,2024-11,Gloucestershire Constabulary,Gloucestershire Constabulary,-2.506538,51.824590,On or near The Keelings,E01022238,Forest of Dean 004C,Investigation complete; no suspect identified
e68b8fbcf4e669027d865949fb170fa05fd13932aed1ecc1a36180a9a2014da8,2024-11,Gloucestershire Constabulary,Gloucestershire Constabulary,-2.245802,51.875297,On or near Suffolk Drive,E01032932,Gloucester 004E,Suspect charged as part of another case
d3aea50d074f2146dd33bb407ef518021514461db1aba0b6a43660ab27d9427c,2024-11,Gloucestershire Constabulary,Gloucestershire Constabulary,-2.244705,51.831154,On or near Petrol Station,E01022345,Gloucester 012C,Investigation complete; no suspect identified
5b058819330cca307a112478fb56a22d70045a519bf51a0a159949abcdccae06,2024-11,Gloucestershire Constabulary,Gloucestershire Constabulary,-2.091027,51.909765,On or near Elm Close,E01022164,Cheltenham 001B,Investigation complete; no suspect identified
2686c1d7a3830f907dd79cd31cb74a06e9064ebc8e5fb78f958360fad907d3cd,2024-11,Gloucestershire Constabulary,Gloucestershire Constabulary,-2.054201,51.882447,On or near Gladstone Road,E01022110,Cheltenham 012E,Investigation complete; no suspect identified
469b6f0b0e4db28847172ae4bb9883ec84fcd2ab19c0d8fa6afbc8c77f12854a,2024-11,Gloucestershire Constabulary,Gloucestershire Constabulary,-2.245802,51.875297,On or near Suffolk Drive,E01032932,Gloucester 004E,Suspect charged as part of another case
0de4822fd0070f68bf2aa0a0ef78d846493a93c97b3c0771d74339742f815fc2,2024-11,Gloucestershire Constabulary,Gloucestershire Constabulary,-2.526689,51.849244,On or near Ashfield Road,E01022252,Forest of Dean 003B,Investigation complete; no suspect identified
82b91a6a50a96b84b1e0841cd3a4191732e856af3fb8ca45f21f0e5381083c9e,2024-11,Gloucestershire Constabulary,Gloucestershire Constabulary,-2.216098,51.745291,On or near High Street,E01034804,Stroud 006G,Investigation complete; no suspect identified
71f90ccf1f193381ebbaf4c4560e9c1eab156471dd95136573f3f1663d781f89,2024-11,Gloucestershire Constabulary,Gloucestershire Constabulary,-2.502691,51.769707,On or near Parking Area,E01022228,Forest of Dean 005A,Investigation complete; no suspect identified
4ed7ee1ae6bfedd67da1894a815db781fed0610ca44b856018457e4fca7dc8eb,2024-11,Gloucestershire Constabulary,Gloucestershire Constabulary,-2.246268,51.864813,On or near Shopping Area,E01032937,Gloucester 004F,Investigation complete; no suspect identified
32326e6b9659326adccfe6aecc2cc4a9aad0f6af079a5ceaa9996306c243c1e4,2024-11,Gloucestershire Constabulary,Gloucestershire Constabulary,-2.105214,51.915480,On or near Gara Close,E01022165,Cheltenham 001C,Suspect charged
9658f47d07ebcc5a2a1742590a6780d39effe1222bd7ab7f7359b75053ed4b7e,2024-11,Gloucestershire Constabulary,Gloucestershire Constabulary,-2.236972,51.867268,On or near Claremont Road,E01022311,Gloucester 002C,Investigation complete; no suspect identified
c42fcfcee2cf997f8e0caf972c0384a9d06105cd3e7639fc4ec31e88f8017536,2024-11,Gloucestershire Constabulary,Gloucestershire Constabulary,-2.241142,51.862270,On or near Theatre/Concert Hall,E01034793,Gloucester 004I,Unable to prosecute suspect
7e8937d80fa122af41cb10dc8a8f32520097f62b185025daeff4fedc8efa872d,2024-11,Gloucestershire Constabulary,Gloucestershire Constabulary,-2.222504,51.860823,On or near Supermarket,E01022312,Gloucester 002D,Investigation complete; no suspect identified
a6d5ba5832b48149d91ecaeb74be206a8e7c463dfdc3f702402d72a116d6de33,2024-11,Gloucestershire Constabulary,Gloucestershire Constabulary,-2.163262,51.733841,On or near Hidcote Close,E01022368,Stroud 008C,Investigation complete; no suspect identified
82971d564aaf138c6917cee54d4239d0da89991d59b7e64fa95f02d44fa84520,2024-11,Gloucestershire Constabulary,Gloucestershire Constabulary,-2.279072,51.749591,On or near Robin Court,E01022401,Stroud 005B,Investigation complete; no suspect identified
5c56b35d67dd9fbe28cc37b2aaf1065e7c5cfd9a693b257774d82b991c13ca54,2024-11,Gloucestershire Constabulary,Gloucestershire Constabulary,-2.180458,51.855339,On or near Bircher Way,E01022304,Gloucester 006C,Unable to prosecute suspect
a7b7962f853e5fe69cd200aa8111d45806cf707516c63be5439c6465a8ff604d,2024-11,Gloucestershire Constabulary,Gloucestershire Constabulary,-2.076678,51.898785,On or near Hospital,E01022117,Cheltenham 009B,Investigation complete; no suspect identified
7405b31587e9b6ff4d12a6b614c78652ec4eb013ae882e272c4dc8defb1e58ed,2024-11,Gloucestershire Constabulary,Gloucestershire Constabulary,-2.137678,51.995923,On or near Ashchurch Road,E01022455,Tewkesbury 001E,Investigation complete; no suspect identified
8f438b4264ef9f92ff2876bdc3ce8d769e535b5b6875338dec526ff99ce1e3ec,2024-11,Gloucestershire Constabulary,Gloucestershire Constabulary,-2.080208,51.907759,On or near Margrett Road,E01022152,Cheltenham 004C,Investigation complete; no suspect identified
3867e90c30f72aa438769add02e5ab99d5b216cedde8f531a74cd918472d74bb,2024-11,Gloucestershire Constabulary,Gloucestershire Constabulary,-2.256218,51.740095,On or near Hoopers Yard,E01022355,Stroud 004A,Investigation complete; no suspect identified
559a697d16e7ab773324537a53b0b551c8f2a506ae7bb70adf4d9ede038e030b,2024-11,Gloucestershire Constabulary,Gloucestershire Constabulary,-2.206858,51.862650,On or near Hammond Way,E01022287,Gloucester 007G,Investigation complete; no suspect identified
7960f4bb7af683202d11923f2089b83deb1dafdec7deed920bde264871424e39,2024-11,Gloucestershire Constabulary,Gloucestershire Constabulary,-2.078314,51.905513,On or near St Paul's Street North,E01022154,Cheltenham 004E,Suspect charged
0c3a473cfef19650f6503210f3a3f98d85f21f0c39f483bf24d9fe3d7018423a,2024-11,Gloucestershire Constabulary,Gloucestershire Constabulary,-2.110914,51.904156,On or near Newton Close,E01022121,Cheltenham 005B,Unable to prosecute suspect
6ce3c333ca11455b60be4b74e4662e82059d6481f49e179e65f7714e2b47bc20,2024-11,Gloucestershire Constabulary,Gloucestershire Constabulary,-2.580252,51.745954,On or near Parawell Lane,E01022232,Forest of Dean 008B,Unable to prosecute suspect
7af5e2584a43182ebd2a46dc0e273cefeb4b6536995dfe17af72d0d8c11ddf67,2024-11,Gloucestershire Constabulary,Gloucestershire Constabulary,-2.180016,51.842851,On or near Linden Close,E01034808,Tewkesbury 009G,Action to be taken by another organisation
49ba2287edb51ca3108e04cacef8ab33ca50fcfe485dcda91b37b850236d9270,2024-11,Gloucestershire Constabulary,Gloucestershire Constabulary,-2.239797,51.863226,On or near Nettleton Road,E01032937,Gloucester 004F,Unable to prosecute suspect
fe0a81770f7b7b34e11ed3c6ac9b284fb16e44d9ea066860267408e728496347,2024-11,Gloucestershire Constabulary,Gloucestershire Constabulary,-2.241137,51.863933,On or near Russell Street,E01032937,Gloucester 004F,Local resolution
32b767c216c832bce2a9bef882e8db7833b601f4dd23d11e98131b087c7707c8,2024-11,Gloucestershire Constabulary,Gloucestershire Constabulary,-2.192544,51.894232,On or near Katherine Close,E01022431,Tewkesbury 007G,Unable to prosecute suspect
314a1f7bfdb4abf35114e574577dbb3df8408afcc3c1c6b026637877df440264,2024-11,Gloucestershire Constabulary,Gloucestershire Constabulary,-2.241137,51.863933,On or near Russell Street,E01032937,Gloucester 004F,Unable to prosecute suspect
9e35fb5e6f1737f4b91e6cf2ce8f5192e15f1400f1ad23dba50790db7a6fba68,2024-11,Gloucestershire Constabulary,Gloucestershire Constabulary,-2.528109,51.729908,On or near Queen Street,E01022256,Forest of Dean 009E,Local resolution
bd3fc1120fc78647ca01e89ccc4d8df2a58fd2bfbf5e9e8279ea0bd05e28ceed,2024-11,Gloucestershire Constabulary,Gloucestershire Constabulary,-2.217914,51.746430,On or near Parking Area,E01034804,Stroud 006G,Unable to prosecute suspect
60d1bafcafe4042514b376b9d64a479bf5af73e6d82f9cdbc5fddaae6e8c2e12,2024-11,Gloucestershire Constabulary,Gloucestershire Constabulary,-2.231703,51.867980,On or near Hyde Close,E01022311,Gloucester 002C,Unable to prosecute suspect
1b10b605e204e4de3c9209f25135da5efc5e3b64dac1fceb01d83740d7b40015,2024-11,Gloucestershire Constabulary,Gloucestershire Constabulary,-2.075582,51.896847,On or near Oriel Road,E01022117,Cheltenham 009B,Unable to prosecute suspect
56e69dd2a98622c4cfed2f3cf240ccac13d24521612bdb5ae286ff63fd21122c,2024-11,Gloucestershire Constabulary,Gloucestershire Constabulary,-2.073274,51.898764,On or near Cambray Place,E01022117,Cheltenham 009B,Unable to prosecute suspect
5390e1326309bf72aa671f1f41521156ddfc5716888b7c1ffef6659cba6745dd,2024-11,Gloucestershire Constabulary,Gloucestershire Constabulary,-2.246268,51.864813,On or near Shopping Area,E01032937,Gloucester 004F,Local resolution
cef51d33674ccbaf4a173a448d45d93989286cab150a7b3d6fb73d9e0d86c6fd,2024-11,Gloucestershire Constabulary,Gloucestershire Constabulary,-2.075582,51.896847,On or near Oriel Road,E01022117,Cheltenham 009B,Unable to prosecute suspect
4c8a298cc07199e1ad5040b92d5a1a6c94f8aa0aec2e57fb9b01f376b3ef0e76,2024-11,Gloucestershire Constabulary,Gloucestershire Constabulary,-2.045012,51.904271,On or near Salamanca Road,E01022132,Cheltenham 006B,Unable to prosecute suspect
4a0d22c27ec980bb6ae9444628676daa3f21db805c2a27c38844c8aace47d7a2,2024-11,Gloucestershire Constabulary,Gloucestershire Constabulary,-2.235476,51.845001,On or near Sapperton Road,E01022323,Gloucester 008C,Unable to prosecute suspect
9d2f408d2101a098d068e70cc61d18b2cd75f0f3cfac949c18bf256fd0cce91f,2024-11,Gloucestershire Constabulary,Gloucestershire Constabulary,-2.175322,51.837877,On or near De Haviland Gardens,E01034809,Tewkesbury 009H,Unable to prosecute suspect
d7d51faba86ea0dc91b0065b29aabbab53ab0c336b454a7ab0abf1d6f816c48b,2024-11,Gloucestershire Constabulary,Gloucestershire Constabulary,-1.952210,51.706442,On or near Cricklade Road,E01022225,Cotswold 008E,Local resolution
626e949e1b190fcaeed40b0017d954aca913ad7101759021b203a0d36e471f39,2024-11,Gloucestershire Constabulary,Gloucestershire Constabulary,-2.043339,51.902797,On or near Goodrich Road,E01034779,Cheltenham 012H,Investigation complete; no suspect identified
aa141c6d580b5aee14c9efca3675614fa5a21621f7c7f4aa7f4d6e3d82bb4392,2024-11,Gloucestershire Constabulary,Gloucestershire Constabulary,-2.222504,51.860823,On or near Supermarket,E01022312,Gloucester 002D,Investigation complete; no suspect identified
ce5205e1caa4d230fbdc1c98767c0cbb2007bd838524337590be0d34dca59069,2024-11,Gloucestershire Constabulary,Gloucestershire Constabulary,-2.254083,51.852370,On or near Lysons Avenue,E01022326,Gloucester 009A,Unable to prosecute suspect
d05201816da0932dd7b627f4789827fd2336ae9f0f63060b9d493346c00bc5dd,2024-11,Gloucestershire Constabulary,Gloucestershire Constabulary,-2.076929,51.902645,On or near Shopping Area,E01022153,Cheltenham 004D,Investigation complete; no suspect identified
5ddafae54b673688f6d0bd91a684d47c2be4f651b267beea4b8d3a439f00efa2,2024-11,Gloucestershire Constabulary,Gloucestershire Constabulary,-2.076929,51.902645,On or near Shopping Area,E01022153,Cheltenham 004D,Investigation complete; no suspect identified
9e5897098946be43deda05fabfcc9c606545c58ff5c6364ab700c8098f39b605,2024-11,Gloucestershire Constabulary,Gloucestershire Constabulary,-2.279949,51.818730,On or near Mansfield Mews,E01022338,Gloucester 015D,Suspect charged
e7daf3d90658630f9f9626486187ae3fafa9d2ff1be940011af3e75251c7edb4,2024-11,Gloucestershire Constabulary,Gloucestershire Constabulary,-2.161460,51.853478,On or near Saxon Drive,E01022423,Tewkesbury 009C,Unable to prosecute suspect
27990bc482f7cbce9bcc873276371fec96d4eb5ebd6fb0b6d97e5163c2e9b2d9,2024-11,Gloucestershire Constabulary,Gloucestershire Constabulary,-2.274051,51.822143,On or near Petrol Station,E01032933,Gloucester 015E,Suspect charged
90c328706cce82f97a462c42d98977934f7a9f664162130a81bf6195b66b77f7,2024-11,Gloucestershire Constabulary,Gloucestershire Constabulary,-2.218432,51.835575,On or near Marlstone Close,E01022320,Gloucester 011B,Unable to prosecute suspect
75cdac336f90e8129c7f5cd0fc4edad010c2bf578b0a186ae3dfb2abaa4e0cb1,2024-11,Gloucestershire Constabulary,Gloucestershire Constabulary,-2.279949,51.818730,On or near Mansfield Mews,E01022338,Gloucester 015D,Suspect charged
1f79e7dd6f295c6f831abfc55909f36b603027e08d72d2789f87733a4db1ed0f,2024-11,Gloucestershire Constabulary,Gloucestershire Constabulary,-2.274051,51.822143,On or near Petrol Station,E01032933,Gloucester 015E,Unable to prosecute suspect
733b512169755ee12752d56d8c5585c1188ba31cccbae63673ae16f5acf5fcff,2024-11,Gloucestershire Constabulary,Gloucestershire Constabulary,-2.279949,51.818730,On or near Mansfield Mews,E01022338,Gloucester 015D,Suspect charged
fa112890a58ace5c1b3e46f634b6d5d4fcaaa666b48c203d7ffaf34d3b8770e7,2024-11,Gloucestershire Constabulary,Gloucestershire Constabulary,-2.525675,51.727303,On or near The Folders,E01022256,Forest of Dean 009E,Unable to prosecute suspect
2ca721f93536fc02fddb5b5ce418652889deb3ceb1067855022b238cfb254b5a,2024-11,Gloucestershire Constabulary,Gloucestershire Constabulary,-2.621780,51.794546,On or near Victoria Road,E01022242,Forest of Dean 007C,Unable to prosecute suspect
84bd8795db6d26df98dbe0a1d12e9e4d1079f4c495f9fcff58563468f3decf00,2024-11,Gloucestershire Constabulary,Gloucestershire Constabulary,-2.236118,51.863077,On or near Supermarket,E01022289,Gloucester 005B,Investigation complete; no suspect identified
41c2829b42a371985e621d1433045d46217bb1a65430c26ac5a49e641ab7cb05,2024-11,Gloucestershire Constabulary,Gloucestershire Constabulary,-2.113133,51.913846,On or near Bodnam Road,E01022160,Cheltenham 003B,Investigation complete; no suspect identified
4236a7736b77d19e529c8f54e033ee11989532e285731c3412a06183a26d85b9,2024-11,Gloucestershire Constabulary,Gloucestershire Constabulary,-2.245781,51.863420,On or near Shopping Area,E01032937,Gloucester 004F,Suspect charged as part of another case
1123d68b9c665c2b5a7ca3d93e54d7445ef9f09a85c947a1e2c8ecced80eb3e4,2024-11,Gloucestershire Constabulary,Gloucestershire Constabulary,-2.251661,51.860521,On or near Church Street,E01034791,Gloucester 004G,Unable to prosecute suspect
5b74c02d9e380107574e6b8150c209c09c28ae825a07c41857ca9a1e40d031d0,2024-11,Gloucestershire Constabulary,Gloucestershire Constabulary,-2.245781,51.863420,On or near Shopping Area,E01032937,Gloucester 004F,Unable to prosecute suspect
81c779d173d61ee6c8dd16e032a843a4054fa413ff7eb6cfa815c8f28aa37858,2024-11,Gloucestershire Constabulary,Gloucestershire Constabulary,-2.245781,51.863420,On or near Shopping Area,E01032937,Gloucester 004F,Suspect charged as part of another case
afa001646ddec35961313cb844992d70570a5ab8806d4a4f7a068d2e22e68f0c,2024-11,Gloucestershire Constabulary,Gloucestershire Constabulary,-2.242316,51.861854,On or near Wellington Street,E01034793,Gloucester 004I,Unable to prosecute suspect
d42da621f3e44d6f886764bb373603c2b8802d06847f525667503818cecfec09,2024-11,Gloucestershire Constabulary,Gloucestershire Constabulary,-2.523899,51.723921,On or near Rushyleaze,E01022254,Forest of Dean 009C,Investigation complete; no suspect identified
1cb2a932eafbf9363702f41cf4cee12e27746d09e4f249adc06763d5809aa80a,2024-11,Gloucestershire Constabulary,Gloucestershire Constabulary,-2.253217,51.831808,On or near Sports/Recreation Area,E01022302,Gloucester 013D,Investigation complete; no suspect identified
285b9146e21406e2105524771c286d43f1f4e021acc693fbdc7b2389575bbb7f,2024-11,Gloucestershire Constabulary,Gloucestershire Constabulary,-2.288298,51.747043,On or near Festival Road,E01022403,Stroud 005D,Unable to prosecute suspect
e1087a7a554da8aba43fe6e9cd5c672d4d059664b2c2e2cbb104bd19c1726dc3,2024-11,Gloucestershire Constabulary,Gloucestershire Constabulary,-2.222504,51.860823,On or near Supermarket,E01022312,Gloucester 002D,Investigation complete; no suspect identified
c760bb8ddb4cd428061d4ae81e249730b76c186dbfd3160c655092aed10437b8,2024-11,Gloucestershire Constabulary,Gloucestershire Constabulary,-1.968489,51.715816,On or near Nightclub,E01022194,Cotswold 007A,Investigation complete; no suspect identified
86a3c5188b23fc4f2ff5853620fbcccf47527e912fc3fcfd6969aa2dd543d411,2024-11,Gloucestershire Constabulary,Gloucestershire Constabulary,-2.220021,51.851927,On or near Willow Way,E01022286,Gloucester 007F,Unable to prosecute suspect
5a53931ffe9485e17783296496503fc29ec8a5e2508fe27b7b5b584a77a65354,2024-11,Gloucestershire Constabulary,Gloucestershire Constabulary,-2.246268,51.864813,On or near Shopping Area,E01032937,Gloucester 004F,Suspect charged
7dfce251c13ab3769c4e99b1385589362cc9b0c5109ac071ef5d3f626329d557,2024-11,Gloucestershire Constabulary,Gloucestershire Constabulary,-2.118294,52.002076,On or near Warren Road,E01022452,Tewkesbury 001D,Unable to prosecute suspect
a5af597d54d1d5295253905899b59f414c48f9fca5a7e4021affa28bad618127,2024-11,Gloucestershire Constabulary,Gloucestershire Constabulary,-2.118294,52.002076,On or near Warren Road,E01022452,Tewkesbury 001D,Action to be taken by another organisation
888094557721c00c6066b1945bf1fe212685c0b271a3418dcb130d8ab5829b23,2024-11,Gloucestershire Constabulary,Gloucestershire Constabulary,-2.238430,51.851945,On or near Faraday Close,E01022329,Gloucester 008E,Investigation complete; no suspect identified
a447e7c2e1253d3adeb51e81b934bfbdc1f3873cf6ae04a485021d0588364284,2024-11,Gloucestershire Constabulary,Gloucestershire Constabulary,-2.269663,51.828420,On or near Lasborough Drive,E01022341,Gloucester 014C,Unable to prosecute suspect
e1d133e38152b03b044f93d8271ac755329efddecde4dc30a2a04822d825bc82,2024-11,Gloucestershire Constabulary,Gloucestershire Constabulary,-2.217162,51.746710,On or near Gloucester Street,E01034804,Stroud 006G,Investigation complete; no suspect identified
6d33c700bdc2fce1e5587fde90c1a8ece56a685ba262aaf20a4684c30df8f775,2024-11,Gloucestershire Constabulary,Gloucestershire Constabulary,-2.211787,51.863855,On or near Petrol Station,E01022287,Gloucester 007G,Suspect charged as part of another case
c8e1c60f04648022caa591c984025335e8eac56462789308e7487c2790bd9193,2024-11,Gloucestershire Constabulary,Gloucestershire Constabulary,-2.217162,51.746710,On or near Gloucester Street,E01034804,Stroud 006G,Investigation complete; no suspect identified
30a43c35831936de3973631e64144d4ef5f749820115faafe7a46db4408c01a1,2024-11,Gloucestershire Constabulary,Gloucestershire Constabulary,-2.238354,51.865000,On or near Parking Area,E01022311,Gloucester 002C,Unable to prosecute suspect
1684a4e470109006ab4ea1529bbba468a4d567995578c466dc5c1d3d887bc5f5,2024-11,Gloucestershire Constabulary,Gloucestershire Constabulary,-2.228486,51.846498,On or near Jenkinson Close,E01022321,Gloucester 011C,Investigation complete; no suspect identified
cd729121f4e715823f127caf71fd630d578832d4bccb69420fb11e36831bfe48,2024-11,Gloucestershire Constabulary,Gloucestershire Constabulary,-2.274051,51.822143,On or near Petrol Station,E01032933,Gloucester 015E,Unable to prosecute suspect
8384e235f397073d701d5240c30e126cea10811451776d5119ef335ddfa5c869,2024-11,Gloucestershire Constabulary,Gloucestershire Constabulary,-2.206858,51.862650,On or near Hammond Way,E01022287,Gloucester 007G,Suspect charged as part of another case
a1b553be552a4a60a41a717ae7b137b6b2cab36e524c6bcb2abfa10a9484d9ec,2024-11,Gloucestershire Constabulary,Gloucestershire Constabulary,-2.079736,51.895577,On or near Montpellier Spa Road,E01022126,Cheltenham 009F,Investigation complete; no suspect identified
a34175ef2519e772e18bfba885964f9b9661202504b468d1333afe5e57304e17,2024-11,Gloucestershire Constabulary,Gloucestershire Constabulary,-2.059355,51.912734,On or near Broad Acre Road,E01022143,Cheltenham 002A,Unable to prosecute suspect
29ae2d612817b73bd0a1c5b0d92c8ddf1ae82c1986dfd4b5ec4853908e006306,2024-11,Gloucestershire Constabulary,Gloucestershire Constabulary,-2.247669,51.874106,On or near Parking Area,E01032932,Gloucester 004E,Investigation complete; no suspect identified
277228eee605107deec25a119e8d19ce523faae9bca64742440a84fbfdf7fc42,2024-11,Gloucestershire Constabulary,Gloucestershire Constabulary,-2.261271,51.819942,On or near Mona Avenue,E01034795,Gloucester 015I,Investigation complete; no suspect identified
f483643c0336b777a910cb0f2bd57c7071d7b83e6fad43d7e0b2c2fd9f0ba20f,2024-11,Gloucestershire Constabulary,Gloucestershire Constabulary,-2.234108,51.858445,On or near Hopewell Street,E01022291,Gloucester 005D,Investigation complete; no suspect identified
5970dbcfd6dc406e67b360b79165cc7a1d06f4c1f36d17e4c80a6d83354bf17f,2024-11,Gloucestershire Constabulary,Gloucestershire Constabulary,-2.269911,51.818853,On or near Wycombe Road,E01034796,Gloucester 015J,Unable to prosecute suspect
83141a88eef6342904da4a85409e7d719343c3816fe44be4208370154ef85a91,2024-11,Gloucestershire Constabulary,Gloucestershire Constabulary,-2.077008,51.898114,On or near Nightclub,E01022117,Cheltenham 009B,Investigation complete; no suspect identified
498166bb2a91a541199f3e09036d80a7127fe6c88b519ff5c97c5e70a0839d6f,2024-11,Gloucestershire Constabulary,Gloucestershire Constabulary,,,No location,,,Investigation complete; no suspect identified
f5bf717ff762405a77b4b052f905e51f40b59106cd084d5ac4eb697453ff4314,2024-11,Gloucestershire Constabulary,Gloucestershire Constabulary,-2.073568,51.900643,On or near Shopping Area,E01022102,Cheltenham 008C,Local resolution
65bd127a16c3f2571ad7ca58d5832e72c11e796c1deadf5d9cca8de528384b25,2024-11,Gloucestershire Constabulary,Gloucestershire Constabulary,-2.239627,51.858623,On or near Goodyere Street,E01022292,Gloucester 005E,Investigation complete; no suspect identified
f3433396db7f2b959c670faca1e7a826afa0fdc895606f27238b0f86699a9f9a,2024-11,Gloucestershire Constabulary,Gloucestershire Constabulary,-2.242930,51.849094,On or near Tweenbrook Avenue,E01022327,Gloucester 009B,Unable to prosecute suspect
ee2add77f25b73e907331b1791f0d7ec634a4aa57183f0d3921a9e26dbccc683,2024-11,Gloucestershire Constabulary,Gloucestershire Constabulary,-2.255401,51.849302,On or near Gladstone Road,E01022330,Gloucester 009C,Investigation complete; no suspect identified
f66c3973115eaaaef3978432b57edf95ad77a7d55b702631c8d00862ce435a5b,2024-11,Gloucestershire Constabulary,Gloucestershire Constabulary,-2.178295,51.884958,On or near Golden Vale,E01022429,Tewkesbury 007E,Investigation complete; no suspect identified
02e5d377913a7dea4723e7d8c0f9dc069c87cefc5007cee9e4c163f708d439b0,2024-11,Gloucestershire Constabulary,Gloucestershire Constabulary,-2.271036,51.835234,On or near Shopping Area,E01022301,Gloucester 013C,Investigation complete; no suspect identified
6ab3f7bd42d010045563563d03563c3580dadfc3f4fbe2df4981fb84926bfd99,2024-11,Gloucestershire Constabulary,Gloucestershire Constabulary,-2.505991,51.817201,On or near Hodges Way,E01022238,Forest of Dean 004C,Unable to prosecute suspect
9a7f3ec03ba09a3d706e51ab2417bcc24bc68582d4181f2027e7130c4898393a,2024-11,Gloucestershire Constabulary,Gloucestershire Constabulary,-2.238898,51.868955,On or near Columbia Close,E01022311,Gloucester 002C,Unable to prosecute suspect
5e44ae8831baaa26e333c2c2a3190b02801be0932230d71c5b13951f426277d4,2024-11,Gloucestershire Constabulary,Gloucestershire Constabulary,-2.074688,51.910046,On or near Park/Open Space,E01022139,Cheltenham 004A,Investigation complete; no suspect identified
74f1c5ce92246528aa5b7bc9a55fb810963d382c0903a015b8b100a8340a49d0,2024-11,Gloucestershire Constabulary,Gloucestershire Constabulary,-2.229396,51.731375,On or near Fishers Way,E01022393,Stroud 007A,Suspect charged
ceacfa6227596606b2b80f697465425d4e3ec6d3d7a7f28819065757ff8921b3,2024-11,Gloucestershire Constabulary,Gloucestershire Constabulary,-2.182336,51.889016,On or near Holtham Avenue,E01022429,Tewkesbury 007E,Suspect charged as part of another case
abe814d33afd1e77e5c808abf84f5108a4f8bdcbccae73d41368529dbedac792,2024-11,Gloucestershire Constabulary,Gloucestershire Constabulary,-2.104318,51.918079,On or near Shopping Area,E01022165,Cheltenham 001C,Unable to prosecute suspect
1ccf824ed821f989770b4a4ea1b0872b75c67f16c0a1dddf8e18c585e6150b44,2024-11,Gloucestershire Constabulary,Gloucestershire Constabulary,-2.097822,51.899204,On or near Stow Court,E01022156,Cheltenham 007E,Unable to prosecute suspect
0db445610ac63bbe990745ea1d4a7678c2504fd3bae1e5ded887da3404e2726a,2024-11,Gloucestershire Constabulary,Gloucestershire Constabulary,,,No location,,,Unable to prosecute suspect
16d9c95207c81d2b464ff20a1be8113bb23379ac81859f1cd94084a0ae470966,2024-11,Gloucestershire Constabulary,Gloucestershire Constabulary,,,No location,,,Unable to prosecute suspect
054ac608573c22fc8b069114b1fcdf2c16b5d33a24f0ec13344ccddfbefdda1d,2024-11,Gloucestershire Constabulary,Gloucestershire Constabulary,-1.798871,52.071111,On or near Aston Road,E01022184,Cotswold 001D,Investigation complete; no suspect identified
c3698ebfcb340193076017f5489d247286167c79fde4bb30c1c2e9d656f5a87b,2024-11,Gloucestershire Constabulary,Gloucestershire Constabulary,-1.850927,52.057262,On or near Badsey Lane,E01022182,Cotswold 001B,Investigation complete; no suspect identified
b84dc05a823934987dc16d8cdff47658c0e70104c24730551b6f2bbee82bddf3,2024-11,Gloucestershire Constabulary,Gloucestershire Constabulary,-2.228718,51.855030,On or near Diamond Jubilee Close,E01022288,Gloucester 005A,Local resolution
cf2152216cf50c17da5281896efe86e717c10664ffd4a7d6cc644aaaf117dca1,2024-11,Gloucestershire Constabulary,Gloucestershire Constabulary,-2.075568,51.880250,On or near Treelands Close,E01022129,Cheltenham 015B,Investigation complete; no suspect identified
63623389f77151209e4624dc7b97dd7dc89c3059e09aad4bbc8b1d5574c6816f,2024-11,Gloucestershire Constabulary,Gloucestershire Constabulary,-2.245463,51.866379,On or near St John's Lane,E01032937,Gloucester 004F,Investigation complete; no suspect identified
3a8061886f8837db1cf24c4ff0a36343b9eaf12d6fb98af1c1ce07206dfb9d12,2024-11,Gloucestershire Constabulary,Gloucestershire Constabulary,-2.112208,52.002954,On or near Steward Road,E01022450,Tewkesbury 001B,Investigation complete; no suspect identified
68721c723893913695416ef749c243dcad4e39d5375cd3f79b8a8723cddf6f57,2024-11,Gloucestershire Constabulary,Gloucestershire Constabulary,-2.233726,51.857538,On or near St James Street,E01022291,Gloucester 005D,Unable to prosecute suspect
ae47c663baefd0278eef99d233a2f493b17a71e51cbb1427903d510e136b3b9e,2024-11,Gloucestershire Constabulary,Gloucestershire Constabulary,-2.234284,51.855855,On or near Albany Street,E01022291,Gloucester 005D,Unable to prosecute suspect
5763f3985a218b6e16b47cda2d67d5b0acd3a0172000c47730a5be16e0053d65,2024-11,Gloucestershire Constabulary,Gloucestershire Constabulary,-2.058931,51.954820,On or near Barleyfields Avenue,E01034811,Tewkesbury 010A,Unable to prosecute suspect
ed8f3650060e8f70b7ebae343b6c275da43e005a3a9a8f8f77799ec99d53a57e,2024-11,Gloucestershire Constabulary,Gloucestershire Constabulary,-2.248975,51.863377,On or near Kimbrose Way,E01034792,Gloucester 004H,Local resolution
a1b008edbff4eb4e105d898f138abed9d426d63042b6eb8ef7e83907906a6bc1,2024-11,Gloucestershire Constabulary,Gloucestershire Constabulary,-2.245394,51.861677,On or near St Michael's Square,E01034793,Gloucester 004I,Local resolution
ba68f88b02c3a8e85184d6ab55456d58e3cf2d9ed2a86757122c248da0881b07,2024-11,Gloucestershire Constabulary,Gloucestershire Constabulary,-2.222504,51.860823,On or near Supermarket,E01022312,Gloucester 002D,Investigation complete; no suspect identified
14336a10ca81844135594aa7a4e3782c40f189ee2120dcc48dbbe51dfd1a5b53,2024-11,Gloucestershire Constabulary,Gloucestershire Constabulary,-2.044609,51.908272,On or near Willowherb Close,E01022145,Cheltenham 002C,Investigation complete; no suspect identified
967c2e8b08474ecf2f591e0ccbf4342644ec88c603a6ae7b14c429b79783e59b,2024-11,Gloucestershire Constabulary,Gloucestershire Constabulary,-2.235556,51.860348,On or near Vauxhall Terrace,E01022289,Gloucester 005B,Investigation complete; no suspect identified
fac1f48e4488328baa6e7e94e66be175e92f503012bcabb6c89173373ee31379,2024-11,Gloucestershire Constabulary,Gloucestershire Constabulary,-2.243792,51.866301,On or near St Aldate Street,E01032937,Gloucester 004F,Investigation complete; no suspect identified
bac76ec3d57ccb39da14cb3b43262ac4a5d8790aa3d463c39103d508255b6ab8,2024-11,Gloucestershire Constabulary,Gloucestershire Constabulary,-2.209911,51.869621,On or near Sandyleaze,E01022296,Gloucester 003B,Unable to prosecute suspect
320da1fea6f61daab5acf68646a6df3bfe0a94509b9254a424787d5eb000e8f3,2024-11,Gloucestershire Constabulary,Gloucestershire Constabulary,-2.283875,51.822389,On or near Courtfield Road,E01034797,Gloucester 015K,Investigation complete; no suspect identified
2e9ec162c4ce56eca0dd19ffb972bd8167eb6a63e340393c30ad01656832c3a1,2024-11,Gloucestershire Constabulary,Gloucestershire Constabulary,-2.227569,51.742357,On or near A46,E01022394,Stroud 007B,Unable to prosecute suspect
62deb90e033b296a0785f55e318038f21844fe12ec17360b051ee16dbf730b7f,2024-11,Gloucestershire Constabulary,Gloucestershire Constabulary,-2.237596,51.861782,On or near Charles Street,E01022289,Gloucester 005B,Investigation complete; no suspect identified
6152cd1a3a0333f4cc8f4e614c835eef1b6e4c205d0dec0b91f2ec2616d89bb1,2024-11,Gloucestershire Constabulary,Gloucestershire Constabulary,-2.375359,51.660733,On or near Tyndale Close,E01022415,Stroud 015B,Investigation complete; no suspect identified
97d4a9e88141ae87f64f69a6d0f497a92b3adc8d86f3a12c6af2e0c4a316f723,2024-11,Gloucestershire Constabulary,Gloucestershire Constabulary,-2.245463,51.866379,On or near St John's Lane,E01032937,Gloucester 004F,Suspect charged
137bcc7099d298d56a8b8456718fb227974885497a5bf82a7b489ada05f1b25e,2024-11,Gloucestershire Constabulary,Gloucestershire Constabulary,-2.251089,51.851712,On or near Seymour Road,E01022326,Gloucester 009A,Investigation complete; no suspect identified
205e9bad3b78e3dea1dd76c042f2e08acb48e6914fed241b886ab2d07589571d,2024-11,Gloucestershire Constabulary,Gloucestershire Constabulary,-2.063216,51.897798,On or near Prince's Street,E01022100,Cheltenham 008A,Unable to prosecute suspect
baad5fe83999c82263a39cc68ff461c17ee712272b700f7624379d283594baec,2024-11,Gloucestershire Constabulary,Gloucestershire Constabulary,-2.259536,51.838665,On or near Keats Avenue,E01022333,Gloucester 009E,Unable to prosecute suspect
6e83d3c53209944fd3355307703a41f7c15416dbe4ddfc2efdbc40ee51bf227e,2024-11,Gloucestershire Constabulary,Gloucestershire Constabulary,-2.081523,51.903254,On or near Devonshire Street,E01034777,Cheltenham 007G,Investigation complete; no suspect identified
06157edb6e8b43af1fe676d18d8fa4fe001a23b69a2228a5126743bb0934d448,2024-11,Gloucestershire Constabulary,Gloucestershire Constabulary,-2.158110,51.846380,On or near Sayers Crescent,E01022421,Tewkesbury 009A,Investigation complete; no suspect identified
8a1ae4aad1432fa0ab9cfdefec59a33150d8ed006322dcdddac9877b6117188c,2024-11,Gloucestershire Constabulary,Gloucestershire Constabulary,-2.246268,51.864813,On or near Shopping Area,E01032937,Gloucester 004F,Investigation complete; no suspect identified
4ba742c4f13c31e3fd4397e9a05dda4a351b7178996da8214f7804a340dbb6be,2024-11,Gloucestershire Constabulary,Gloucestershire Constabulary,-2.187420,51.853656,On or near Pinemount Road,E01022304,Gloucester 006C,Action to be taken by another organisation
ad6139c425bdf3cebc381ae736299761c3ddf43c5cd2e6c3873019a685a49ac7,2024-11,Gloucestershire Constabulary,Gloucestershire Constabulary,-2.248323,51.866157,On or near Berkeley Street,E01032937,Gloucester 004F,Investigation complete; no suspect identified
d692df336e73483fe3faadfc453fe1ca2af030d333c73f40ba32221974b7e843,2024-11,Gloucestershire Constabulary,Gloucestershire Constabulary,-2.284980,51.815805,On or near Elmgrove Road East,E01034800,Stroud 001F,Investigation complete; no suspect identified
4fdb752502639af898b53b6dd366c91e6a7f5fa74e607f8b79fe666224525a19,2024-11,Gloucestershire Constabulary,Gloucestershire Constabulary,-2.349216,51.675083,On or near Cambridge Avenue,E01022374,Stroud 014C,Unable to prosecute suspect
0e21337e66ce6b22d8820db307364ff9b9c83f216f316a2aec92714cbc82a83a,2024-11,Gloucestershire Constabulary,Gloucestershire Constabulary,-2.084637,51.890215,On or near Park Place,E01022138,Cheltenham 011D,Investigation complete; no suspect identified
d3682c8b7ac94fec07845edeac437f6cf8a006772c5f164d4a6154c24f8eb637,2024-11,Gloucestershire Constabulary,Gloucestershire Constabulary,,,No location,,,Unable to prosecute suspect
9db3509622a7c2c289777bca1c1fc59f69593dc75dfd5e573469d65f97bac16e,2024-11,Gloucestershire Constabulary,Gloucestershire Constabulary,-2.217681,51.851392,On or near Richmond Avenue,E01022286,Gloucester 007F,Investigation complete; no suspect identified
f2e3c3faba1cf79dab4c9e019603acc4f02fe0c95bd2147092029e2dc7bafb06,2024-11,Gloucestershire Constabulary,Gloucestershire Constabulary,-2.140804,51.980231,On or near Cornflower Close,E01032938,Tewkesbury 001F,Local resolution
2001a73cfaa4643aab6af3990dd6746bfa860912e59f63c38fd5f4e381416a6b,2024-11,Gloucestershire Constabulary,Gloucestershire Constabulary,-2.228580,51.870755,On or near Hampton Court,E01022312,Gloucester 002D,Investigation complete; no suspect identified
46489414ebdc0afb0865219e9fbdba21db779bc3401079cf261546e654a39450,2024-11,Gloucestershire Constabulary,Gloucestershire Constabulary,-2.269565,51.824167,On or near Valley Gardens,E01034795,Gloucester 015I,Investigation complete; no suspect identified
47db2452186e7f0898b208547407d533f8ec2635dceb68beb0306e61a6030639,2024-11,Gloucestershire Constabulary,Gloucestershire Constabulary,-2.229370,51.883143,On or near Supermarket,E01022448,Tewkesbury 008B,Suspect charged as part of another case
16b7af1681dfe2de9fcea896d3f1ea6fd39ca83ed0809de808c5c9d6a6545ff0,2024-11,Gloucestershire Constabulary,Gloucestershire Constabulary,-2.242965,51.866348,On or near Shopping Area,E01032937,Gloucester 004F,Unable to prosecute suspect
c82d6f872510fd00f4166075e3d2ae5dcc588003a4b9a43e47cf9fa6cd678976,2024-11,Gloucestershire Constabulary,Gloucestershire Constabulary,-2.242965,51.866348,On or near Shopping Area,E01032937,Gloucester 004F,Unable to prosecute suspect
e859ea515bfb2e7e5a68d1d545d42b620676239e85ced6395e82d4af2bfb07c1,2024-11,Gloucestershire Constabulary,Gloucestershire Constabulary,-2.200852,51.746640,On or near St Brendan's Road,E01022414,Stroud 006E,Suspect charged
d7a57c642ce045584d33a54b39bd69d3655d280b8dd9bbd6483c8836aefc63cb,2024-11,Gloucestershire Constabulary,Gloucestershire Constabulary,-2.245802,51.875297,On or near Suffolk Drive,E01032932,Gloucester 004E,Local resolution
f23b94a8bb27a2b6e8f2db0de67a9f7888d135753fcec26eb937a9c8427eb4d7,2024-11,Gloucestershire Constabulary,Gloucestershire Constabulary,-1.756195,52.017824,On or near Springfield,E01022179,Cotswold 001A,Investigation complete; no suspect identified
32de581e6b86a70446c1eb612c249677c0687e1d8254e8444af07d2cae35b131,2024-11,Gloucestershire Constabulary,Gloucestershire Constabulary,-2.248170,51.864827,On or near Parking Area,E01032937,Gloucester 004F,Unable to prosecute suspect
3751dcf8f534822cbfb9726bec50750ca2d55eea30567c1b3f29a29321fdbb87,2024-11,Gloucestershire Constabulary,Gloucestershire Constabulary,-2.503107,51.829226,On or near A4151,E01022240,Forest of Dean 004E,Investigation complete; no suspect identified
1b45d2437c7acfe316f06d4533ba826f48b6fce29441a86c83556f4339291bfa,2024-11,Gloucestershire Constabulary,Gloucestershire Constabulary,-2.355029,51.682447,On or near Supermarket,E01022374,Stroud 014C,Investigation complete; no suspect identified
d53d630578948289dcdd8f7314dac816c5580ee9bcdc985d9921deca91af80e1,2024-11,Gloucestershire Constabulary,Gloucestershire Constabulary,-2.218859,51.699315,On or near Watledge Bank,E01022386,Stroud 013B,Unable to prosecute suspect
cbff79ecc370982f19a3b4097dc85e53fac773266d807f580f21c9a1637c83e0,2024-11,Gloucestershire Constabulary,Gloucestershire Constabulary,-2.277097,51.751133,On or near Cedar Gardens,E01022401,Stroud 005B,Investigation complete; no suspect identified
35bec4667c2001d196e967bba337f32a5fe3abfae7d0d97e24f738503a969b33,2024-11,Gloucestershire Constabulary,Gloucestershire Constabulary,-2.073568,51.900643,On or near Shopping Area,E01022102,Cheltenham 008C,Unable to prosecute suspect
2bfa82a36d25755139b7510a4d3df40a8496aea478e450d6e943ae944583903b,2024-11,Gloucestershire Constabulary,Gloucestershire Constabulary,,,No location,,,Unable to prosecute suspect
08f85670746193c0363c9d4ea93cfbd0883d6ad421e834d4cac6c23b40bd73d9,2024-11,Gloucestershire Constabulary,Gloucestershire Constabulary,-2.072765,51.898278,On or near Bath Street,E01022117,Cheltenham 009B,Investigation complete; no suspect identified
dd8a673083fba9df798dc72464aa489b6deea339f80ef361a85cdf14067a7009,2024-11,Gloucestershire Constabulary,Gloucestershire Constabulary,-2.093967,51.904494,On or near Arle Close,E01022155,Cheltenham 007D,Unable to prosecute suspect
ab407a5dff3fa7f98998aa2f8757a93404276ea275d78f4715f93e49cfd77dc6,2024-11,Gloucestershire Constabulary,Gloucestershire Constabulary,-2.072765,51.898278,On or near Bath Street,E01022117,Cheltenham 009B,Investigation complete; no suspect identified
8d5b1c9fc2b5aa4e6626ca7139ced16fd1a9f473cbec164d9f1f37cf9aedfb87,2024-11,Gloucestershire Constabulary,Gloucestershire Constabulary,-2.663964,51.656199,On or near Sports/Recreation Area,E01022274,Forest of Dean 010D,Suspect charged
c7a7d8234822a4e30791b75cd2381b299b503388d33fbbaf9c45ff8882c8ecc3,2024-11,Gloucestershire Constabulary,Gloucestershire Constabulary,-2.086746,51.905965,On or near Supermarket,E01034777,Cheltenham 007G,Investigation complete; no suspect identified
6bbb1d5069470c85fe6a59d9c7d3e5991f60b08be775caa7f525d74d0f6c494f,2024-11,Gloucestershire Constabulary,Gloucestershire Constabulary,-2.240511,51.855591,On or near Howard Street,E01022292,Gloucester 005E,Local resolution
748ce120ea68b2c7bbc10d5dd886145f948313c948cc334d41448d3a86daf43b,2024-11,Gloucestershire Constabulary,Gloucestershire Constabulary,-2.086746,51.905965,On or near Supermarket,E01034777,Cheltenham 007G,Investigation complete; no suspect identified
0651f99e596d5715acf8cf1cf38b0a919ef9253a2152eabc85accb8814878a22,2024-11,Gloucestershire Constabulary,Gloucestershire Constabulary,-2.245394,51.861677,On or near St Michael's Square,E01034793,Gloucester 004I,Investigation complete; no suspect identified
e2b64681cb7707a7208a25398d6830466091ace814b1283f852fc0252d0cd836,2024-11,Gloucestershire Constabulary,Gloucestershire Constabulary,-2.254476,51.834460,On or near Nympsfield Road,E01022302,Gloucester 013D,Investigation complete; no suspect identified
b7c2770e1d9008f270310cbcb407c7b8a5bdd8c4dd5f408e43aff2e626cdf811,2024-11,Gloucestershire Constabulary,Gloucestershire Constabulary,-2.225072,51.848779,On or near The Lampreys,E01022321,Gloucester 011C,Investigation complete; no suspect identified
2e2ae3bd35009f69e394c0fe20c2a7be5d9ef2603fb98633436a04747f56f037,2024-11,Gloucestershire Constabulary,Gloucestershire Constabulary,-2.232552,51.857944,On or near Barton Street,E01022288,Gloucester 005A,Investigation complete; no suspect identified
bd66144c61ffd13a1774aa749e844ff0a74478297db0296a130b04e9ffd785c7,2024-11,Gloucestershire Constabulary,Gloucestershire Constabulary,-2.138473,51.979649,On or near Nightingale Way,E01032940,Tewkesbury 001H,Investigation complete; no suspect identified
a84eb46e3940bb00fb5aa4621e02861206c76c3bf8622fa0d6315ff63f9cb818,2024-11,Gloucestershire Constabulary,Gloucestershire Constabulary,-2.100699,51.912059,On or near Petrol Station,E01022157,Cheltenham 005D,Investigation complete; no suspect identified
a5b436e278fd37b76df92798804c9e889083561b06006996ec4fdcb0b481e6d1,2024-11,Gloucestershire Constabulary,Gloucestershire Constabulary,-1.766375,52.091676,On or near Vine Court,E01022185,Cotswold 001E,Unable to prosecute suspect
21061ada19ce44e031d6728474c33ba1d96336a006384bb24c990a8ebde1a552,2024-11,Gloucestershire Constabulary,Gloucestershire Constabulary,-1.959853,51.705231,On or near Esland Place,E01022198,Cotswold 008D,Unable to prosecute suspect
e3fe2caa300320e8c8a3aa4b18c885e645fec6335cb0976f155eacc6522a0694,2024-11,Gloucestershire Constabulary,Gloucestershire Constabulary,-2.478562,51.820391,On or near Oak Way,E01022250,Forest of Dean 004G,Unable to prosecute suspect
5a28f4e0d955b76fb1298c40db0f6c5a73ce0405dce989b2d3e96476a3617bac,2024-11,Gloucestershire Constabulary,Gloucestershire Constabulary,-2.116243,51.918976,On or near Homecroft Drive,E01022441,Tewkesbury 004B,Investigation complete; no suspect identified
ec0a33c7cab4b9ce7f8897731d97117b9216f281d86333e8966583d788222390,2024-11,Gloucestershire Constabulary,Gloucestershire Constabulary,-1.957825,51.707388,On or near Kingsmead,E01022198,Cotswold 008D,Investigation complete; no suspect identified
4cc448d110b3c7968a30050b6007b54cb2fa3c8123f5f8ab141a819a0fd870f2,2024-11,Gloucestershire Constabulary,Gloucestershire Constabulary,-2.066780,51.880822,On or near Greenhills Road,E01022113,Cheltenham 014A,Investigation complete; no suspect identified
4d89a1f534e0d0d2187171635161ef5569f0300307f80a3263e5aad6bcce8da6,2024-11,Gloucestershire Constabulary,Gloucestershire Constabulary,-2.222504,51.860823,On or near Supermarket,E01022312,Gloucester 002D,Investigation complete; no suspect identified
a1291f8448491c4fd05f026636da0eb98028d68fe6d9c65892bbac562d58a69e,2024-11,Gloucestershire Constabulary,Gloucestershire Constabulary,-2.227657,51.857612,On or near Harbury Mews,E01022288,Gloucester 005A,Investigation complete; no suspect identified
e9de1820fced4f408fdf4bc7b6307ba1bd7ca8a69a34125c76d202ace42be06c,2024-11,Gloucestershire Constabulary,Gloucestershire Constabulary,-2.087916,51.894932,On or near Lansdown Crescent Lane,E01022126,Cheltenham 009F,Unable to prosecute suspect
1b46dcaead2fb7cac725245353426946191fb5a358a0b019eebb79537800b24e,2024-11,Gloucestershire Constabulary,Gloucestershire Constabulary,-2.241429,51.869669,On or near Worcester Parade,E01022311,Gloucester 002C,Unable to prosecute suspect
79de704402d94220fc0a26f61c60a6f690a25e0897dc465e1160b653c3a76570,2024-11,Gloucestershire Constabulary,Gloucestershire Constabulary,-2.240454,51.863934,On or near Bedford Street,E01032937,Gloucester 004F,Investigation complete; no suspect identified
2bec91ea7eb26ea80c838c076b8fbbd47d74cad65dc982fe31bc883df3554c2d,2024-11,Gloucestershire Constabulary,Gloucestershire Constabulary,-1.714984,51.746800,On or near Blunts Hay,E01022215,Cotswold 005D,Investigation complete; no suspect identified
b11fc629fff9159360580acd6de5cc51afe2398b4bd2470345615b24ee428f04,2024-11,Gloucestershire Constabulary,Gloucestershire Constabulary,-2.203466,51.751329,On or near Woodlands Drive,E01022414,Stroud 006E,Suspect charged
24f4d98bd7ea7d7da624bb9f2a73a422c90e3923a9514de66d18ad9e34ab08b1,2024-11,Gloucestershire Constabulary,Gloucestershire Constabulary,-2.081217,51.878808,On or near Charnwood Close,E01022128,Cheltenham 015A,Investigation complete; no suspect identified
11efd898375b5500755a5d424e19cb69f0014264a91865215ffe964036e2bf1e,2024-11,Gloucestershire Constabulary,Gloucestershire Constabulary,-2.087596,51.894708,On or near Lansdown Place Lane,E01022126,Cheltenham 009F,Investigation complete; no suspect identified
bb3d9089ab6a7c8a17969fca1d84bf52cc89c47f74e21b515aae704e70d400eb,2024-11,Gloucestershire Constabulary,Gloucestershire Constabulary,-2.083831,51.901930,On or near Supermarket,E01022127,Cheltenham 009G,Suspect charged as part of another case
dfdd1b91737c6cdaab9f8a2cb80aa47b963ac64a907b76b78a0bac3bf7f7a06f,2024-11,Gloucestershire Constabulary,Gloucestershire Constabulary,-2.083831,51.901930,On or near Supermarket,E01022127,Cheltenham 009G,Suspect charged as part of another case
80cd7ffb751a7376ef441d95446cf6e15750d2b8eb3eaa60877a55594d9467f1,2024-11,Gloucestershire Constabulary,Gloucestershire Constabulary,,,No location,,,Unable to prosecute suspect
0fa522f3e7aa0a665d8fcbde0411e77af20e26923bed3a769d9fb17c906a9f6e,2024-11,Gloucestershire Constabulary,Gloucestershire Constabulary,-2.207930,51.840081,On or near Brae Walk,E01022277,Gloucester 010B,Unable to prosecute suspect
6295ea47e41438e8378c5832abf5731b6c5da3a6e7acd0792a39e16bdfd07435,2024-11,Gloucestershire Constabulary,Gloucestershire Constabulary,-2.071153,51.899349,On or near Grosvenor Terrace,E01022102,Cheltenham 008C,Investigation complete; no suspect identified
6d8780317190d9de4230a319e4f66f61560bc42a93db22912749d5b51a69dc5d,2024-11,Gloucestershire Constabulary,Gloucestershire Constabulary,-2.071153,51.899349,On or near Grosvenor Terrace,E01022102,Cheltenham 008C,Investigation complete; no suspect identified
309e3bc67cfb23271fe4f0c859c3132b5e78efd6bd5bca542854959b4c46b427,2024-11,Gloucestershire Constabulary,Gloucestershire Constabulary,-2.252631,51.859614,On or near Shopping Area,E01034791,Gloucester 004G,Unable to prosecute suspect
b8bd58303eb58b9a39e24b8d1a95e16e56b1963e546e49276d3a1b79e5ff87dd,2024-11,Gloucestershire Constabulary,Gloucestershire Constabulary,,,No location,,,Unable to prosecute suspect
981876130942b7e2551f6f07550729934f66a642272f7783f1f9a52377ea1eb8,2024-11,Gloucestershire Constabulary,Gloucestershire Constabulary,-2.354591,51.681873,On or near A4135,E01022374,Stroud 014C,Local resolution
0c09ff4c6629ba25bce7349e345d29a5e0ab63707243944d0face0339babeb38,2024-11,Gloucestershire Constabulary,Gloucestershire Constabulary,-2.104318,51.918079,On or near Shopping Area,E01022165,Cheltenham 001C,Investigation complete; no suspect identified
41a850381dc9c8743ec2cf23f2e983e8539ad5b25580de7812daa98205562abb,2024-11,Gloucestershire Constabulary,Gloucestershire Constabulary,-2.259473,51.837928,On or near Byron Avenue,E01022333,Gloucester 009E,Unable to prosecute suspect
120bcef1c6225a9509f4c369ba13067ff8c1af2a048cd430f725177550fdd96d,2024-11,Gloucestershire Constabulary,Gloucestershire Constabulary,-2.245463,51.866379,On or near St John's Lane,E01032937,Gloucester 004F,Suspect charged
d82ca86176c15ebc2f6b2d8061a7028e4b7f81b9718d6525b4b8076df462cef7,2024-11,Gloucestershire Constabulary,Gloucestershire Constabulary,-2.243792,51.866301,On or near St Aldate Street,E01032937,Gloucester 004F,Local resolution
a40d3da96c791fa05cf55c988578549365e504b98682e9e715b93e16d4a79d84,2024-11,Gloucestershire Constabulary,Gloucestershire Constabulary,-2.104318,51.918079,On or near Shopping Area,E01022165,Cheltenham 001C,Investigation complete; no suspect identified
2ba3d1bda55284151e40a97049f40f7c8487f8935ae94812e2d1bc2be65dc0c6,2024-11,Gloucestershire Constabulary,Gloucestershire Constabulary,-2.104318,51.918079,On or near Shopping Area,E01022165,Cheltenham 001C,Investigation complete; no suspect identified
9ec213ad30408e77cb452855ed16826f5f71f942910fcfb6308f05432a2e1659,2024-11,Gloucestershire Constabulary,Gloucestershire Constabulary,-2.071790,51.897461,On or near Vernon Place,E01022116,Cheltenham 009A,Unable to prosecute suspect
7342dbcbf9740f67abe977a4a38a02b70d462649c2387c6085067c6778247343,2024-11,Gloucestershire Constabulary,Gloucestershire Constabulary,-2.232581,51.697472,On or near Lawnside,E01022388,Stroud 013D,Unable to prosecute suspect
e2169631e30b03be85c75b3fd8ce369bf10b48645a988872863e10b70485391e,2024-11,Gloucestershire Constabulary,Gloucestershire Constabulary,-2.116713,51.909562,On or near Brown Close,E01022162,Cheltenham 003D,Local resolution
da5ca43df949ed17cc7df6ff36b5a877d1a853da36b1cd5fd9d659642960a5be,2024-11,Gloucestershire Constabulary,Gloucestershire Constabulary,-2.078545,51.895892,On or near Imperial,E01022126,Cheltenham 009F,Unable to prosecute suspect
b32e165f3e66011414b8c245239731e6b50a1c0923986149148c5e3e07ef223c,2024-11,Gloucestershire Constabulary,Gloucestershire Constabulary,-2.238438,51.749033,On or near Park End,E01022377,Stroud 004E,Unable to prosecute suspect
5e5e957dc6bf9a5e10bee131f9c58858799f29f5d7925cb3843f4593b79b955e,2024-11,Gloucestershire Constabulary,Gloucestershire Constabulary,-2.098234,51.914947,On or near Shopping Area,E01022165,Cheltenham 001C,Suspect charged
75a2636370f5d36f08b9c925487aac2ae5eef554d37d78cf23d1a801a16225aa,2024-11,Gloucestershire Constabulary,Gloucestershire Constabulary,,,No location,,,Unable to prosecute suspect
1da5c4316a910589243d2c732d88e9edb073e55e439db0806706bcfde0a4f92e,2024-11,Gloucestershire Constabulary,Gloucestershire Constabulary,-2.518269,51.720295,On or near Kingfisher Drive,E01022254,Forest of Dean 009C,Investigation complete; no suspect identified
4470a16e7677e676f163cc75e5198028dfe18c2d33252094b1ce925737dadde7,2024-11,Gloucestershire Constabulary,Gloucestershire Constabulary,-2.286412,51.815154,On or near Barley Close,E01022379,Stroud 001B,Unable to prosecute suspect
0fb46dba26c8052c677139739eee2936c53d0054f06cdcbebc22653b93b94aa2,2024-11,Gloucestershire Constabulary,Gloucestershire Constabulary,-2.347986,51.678818,On or near Stanthill Drive,E01022374,Stroud 014C,Unable to prosecute suspect
15597512b4c7f45ce435621278d4a56eb5eca39ea259c9fd9a8bff2fe0292d32,2024-11,Gloucestershire Constabulary,Gloucestershire Constabulary,-2.145092,51.847314,On or near Goldfinch Walk,E01022423,Tewkesbury 009C,Unable to prosecute suspect
93a1a9f3ad38b44820197de00013c3bec19d019edccd2bd473ed4dc4864aa5e7,2024-11,Gloucestershire Constabulary,Gloucestershire Constabulary,-1.956311,51.716091,On or near Upper Churnside,E01022188,Cotswold 006A,Unable to prosecute suspect
c07b42e4ef2a9dce567b2b98b093bcdb346e11f65542b40495905b3f666b7370,2024-11,Gloucestershire Constabulary,Gloucestershire Constabulary,-2.222504,51.860823,On or near Supermarket,E01022312,Gloucester 002D,Investigation complete; no suspect identified
a8e496596f5067d3b3a22efa6f6284e99678d97118eca476e14b06927fb79d10,2024-11,Gloucestershire Constabulary,Gloucestershire Constabulary,-2.192920,51.890383,On or near Silcock Close,E01022428,Tewkesbury 007D,Unable to prosecute suspect
6423c31956f3669b19d715689b8d9432dcd15fdc3f446b51e221bf515728947c,2024-11,Gloucestershire Constabulary,Gloucestershire Constabulary,-2.236373,51.861210,On or near Parking Area,E01022289,Gloucester 005B,Unable to prosecute suspect
a9e249dbe736502f91456ac72e45da0fbae40bb735399a49a1a109b93ca0c000,2024-11,Gloucestershire Constabulary,Gloucestershire Constabulary,-2.075582,51.896847,On or near Oriel Road,E01022117,Cheltenham 009B,Unable to prosecute suspect
480dfc60c7d738d8114a32d379f7ca9d13431f799fbe5d92a2cc9732428c37fb,2024-11,Gloucestershire Constabulary,Gloucestershire Constabulary,-2.246049,51.861954,On or near Brunswick Road,E01034793,Gloucester 004I,Investigation complete; no suspect identified
b47a7d9bd4833a72a8639a0c08dbc64135f2752ee28a1b3f5a1f08710e437d40,2024-11,Gloucestershire Constabulary,Gloucestershire Constabulary,-2.075582,51.896847,On or near Oriel Road,E01022117,Cheltenham 009B,Unable to prosecute suspect
db53a8e3669743b8cf9313adcf2bb3f9861aa2a4b84a438c542f4af2aa3f2b32,2024-11,Gloucestershire Constabulary,Gloucestershire Constabulary,-2.079430,51.903723,On or near St Paul's Street South,E01022153,Cheltenham 004D,Unable to prosecute suspect
79f5c673007a3efa5fd4d3a4e64efe8c68c1a6655658b32bb9ed0756c76f3f32,2024-11,Gloucestershire Constabulary,Gloucestershire Constabulary,,,No location,,,Investigation complete; no suspect identified
503600a199e40aaafa005ffac44c116fb11983d8c56a393e9f474f672054399a,2024-11,Gloucestershire Constabulary,Gloucestershire Constabulary,-2.090230,51.896513,On or near Well Place,E01022125,Cheltenham 009E,Investigation complete; no suspect identified
72df1bb638f15308c4059bc459384029228d3ef4247df6d48b95298d0f61ea91,2024-11,Gloucestershire Constabulary,Gloucestershire Constabulary,-2.361724,51.696750,On or near Woodview Road,E01022361,Stroud 011C,Unable to prosecute suspect
c4d569ca933873fb33c9da99740d15aef317905a48b500ce11e06b2358675bf9,2024-11,Gloucestershire Constabulary,Gloucestershire Constabulary,-2.076054,51.901189,On or near Church Street,E01022127,Cheltenham 009G,Investigation complete; no suspect identified
284981e185aef11f83f4b251eca5ebe523ead6397bcd93ce59a4c500ff40509c,2024-11,Gloucestershire Constabulary,Gloucestershire Constabulary,-2.207698,51.862037,On or near Wotton Court,E01022287,Gloucester 007G,Investigation complete; no suspect identified
d5d9ccbb1d644ba60235a9328217c277a721c040e8bcf6479c20db46a5457a7f,2024-11,Gloucestershire Constabulary,Gloucestershire Constabulary,-2.245184,51.751007,On or near Elm Road,E01022358,Stroud 004D,Investigation complete; no suspect identified
92758e9ea61fae1ccc26dafd818e9081122ea7d9218d0dd86f8a4282bd60e187,2024-11,Gloucestershire Constabulary,Gloucestershire Constabulary,-2.492771,51.823560,On or near Danby Close,E01022236,Forest of Dean 004A,Unable to prosecute suspect
3394abbc0f8612836150eb97956b53099c41a7d1aed2be42bdedd93ba6d1e2e8,2024-11,Gloucestershire Constabulary,Gloucestershire Constabulary,-2.350630,51.682253,On or near Victoria Close,E01022374,Stroud 014C,Investigation complete; no suspect identified
7d29b7a43766918895bca22970fd0b23fa7a34422a06685c7e364c0cbb97f5db,2024-11,Gloucestershire Constabulary,Gloucestershire Constabulary,-2.232269,51.862252,On or near Lobb Court,E01022289,Gloucester 005B,Unable to prosecute suspect
9ef8bae0811eb536852184855876e625cbce89303c995a716c984485c354e926,2024-11,Gloucestershire Constabulary,Gloucestershire Constabulary,-2.113220,51.907903,On or near Lechmere Road,E01022120,Cheltenham 005A,Investigation complete; no suspect identified
7e0b633fae126ba3a32a93b765ee6c89ebd06bccb87a346a7309d8cc262b3727,2024-11,Gloucestershire Constabulary,Gloucestershire Constabulary,-2.362621,51.696657,On or near Leaside Close,E01022361,Stroud 011C,Unable to prosecute suspect
d0f7134e6a325ea4e2ead840f4e785f04b3241e082ee5127576bade3e02f1c79,2024-11,Gloucestershire Constabulary,Gloucestershire Constabulary,-2.240387,51.739607,On or near Supermarket,E01022394,Stroud 007B,Investigation complete; no suspect identified
4336fbb79723c6cd133cb6e2806110d8332c2e7906f8ebc0aa90456423b8a636,2024-11,Gloucestershire Constabulary,Gloucestershire Constabulary,-2.238641,51.746345,On or near Paganhill Lane,E01034803,Stroud 006F,Unable to prosecute suspect
91884f2da0fc1f033c215f703992dd1230648511b17dc494b30cadbd5b22251b,2024-11,Gloucestershire Constabulary,Gloucestershire Constabulary,-2.083151,51.911371,On or near Pas Seul Street,E01022139,Cheltenham 004A,Investigation complete; no suspect identified
657252e629302d68fdf6717a1f1f186aa487544978ab192112b93f208fd197ac,2024-11,Gloucestershire Constabulary,Gloucestershire Constabulary,-2.237596,51.861782,On or near Charles Street,E01022289,Gloucester 005B,Investigation complete; no suspect identified
33c6bcea001b5283f83eb5e3661b657619c61262b8c916ed7cc0086b25a606cc,2024-11,Gloucestershire Constabulary,Gloucestershire Constabulary,-2.113409,51.901986,On or near Amberley Road,E01022147,Cheltenham 005C,Investigation complete; no suspect identified
0cf46c8efdabb8cdafba2548f0b41ffc5ae008b4b5938f615f863b0b0e1d4883,2024-11,Gloucestershire Constabulary,Gloucestershire Constabulary,,,No location,,,Investigation complete; no suspect identified
cd1c28b22bfc8f9177d28674ec65d65579dea78d3de62ffe638de5efbe5428e9,2024-11,Gloucestershire Constabulary,Gloucestershire Constabulary,-2.157068,51.847173,On or near Vicarage Lane,E01022424,Tewkesbury 009D,Investigation complete; no suspect identified
c457f6e467229d9d4fc941eeba21f5b4d42a058b73f7cadca30e1fe298471458,2024-11,Gloucestershire Constabulary,Gloucestershire Constabulary,-2.129763,51.891862,On or near Hospital,E01022108,Cheltenham 010C,Investigation complete; no suspect identified
bf16f55e359783553fb26e2029beb1a782feb64cf4348d2e11c7b261e710ade9,2024-11,Gloucestershire Constabulary,Gloucestershire Constabulary,-2.117275,52.002122,On or near Howard Road,E01022452,Tewkesbury 001D,Unable to prosecute suspect
867bc9d4bbbaccac2296d6e8d5dd89721c176dc6bf2fc5be848d33d2308d9437,2024-11,Gloucestershire Constabulary,Gloucestershire Constabulary,-2.282098,51.730766,On or near Mankley Road,E01022405,Stroud 009C,Unable to prosecute suspect
b4f2cb89076c02c4fc863cb8c89bbf631e864e36ea4b91e5888b11480c58f8b4,2024-11,Gloucestershire Constabulary,Gloucestershire Constabulary,-2.243009,51.864339,On or near Shopping Area,E01032937,Gloucester 004F,Investigation complete; no suspect identified
0453b3acd58263150a9e9a4433608bc3f2d6188fd8e6f37b2c110efeb5569172,2024-11,Gloucestershire Constabulary,Gloucestershire Constabulary,-2.245781,51.863420,On or near Shopping Area,E01032937,Gloucester 004F,Unable to prosecute suspect
1279a7d89d70de56bf3b5bf3554d86e8d81645c873003f2abffd7faa6c11144a,2024-11,Gloucestershire Constabulary,Gloucestershire Constabulary,-2.119953,51.898024,On or near Sotherby Drive,E01022123,Cheltenham 010D,Investigation complete; no suspect identified
a583b9a279a97f08716e8d43a71b8839bd0b69d46897f906091055974153e918,2024-11,Gloucestershire Constabulary,Gloucestershire Constabulary,-2.247846,51.742379,On or near Parking Area,E01022356,Stroud 004B,Investigation complete; no suspect identified
e0f6beaa0a6b322068a3e6dd362e63824cca844d5ea5de2a2d72f70ae6636bc6,2024-11,Gloucestershire Constabulary,Gloucestershire Constabulary,-4.590676,53.245374,On or near Parking Area,W01002007,Isle of Anglesey 004G,Investigation complete; no suspect identified
cfca76a25bc6e2779044c1da16f62c5da9d0bc96e9df6e361d021028d02a39f8,2024-11,Gloucestershire Constabulary,Gloucestershire Constabulary,-2.218084,51.745603,On or near King Street,E01034804,Stroud 006G,Unable to prosecute suspect
296cec05da613e62ec0adcaf4c3d0e890a886a95aa9cf5eccd781f787ff59c04,2024-11,Gloucestershire Constabulary,Gloucestershire Constabulary,,,No location,,,Unable to prosecute suspect
21749a3114021abfc8423bfcc660dff8136d5fc1d413c2274dbae68b646de2fe,2024-11,Gloucestershire Constabulary,Gloucestershire Constabulary,-1.777225,51.743980,On or near Sports/Recreation Area,E01022202,Cotswold 009A,Investigation complete; no suspect identified
3383eeea7ab32e67400b35eb0eca141c6028d5479564d79ed877088aaf8bf20d,2024-11,Gloucestershire Constabulary,Gloucestershire Constabulary,-2.212827,51.834938,On or near Quenneys Close,E01022319,Gloucester 011A,Unable to prosecute suspect
d3d22598cb7ce475d1366135bab14b69ebb28fa00630e8a66ee537e15923c0d2,2024-11,Gloucestershire Constabulary,Gloucestershire Constabulary,-2.248323,51.866157,On or near Berkeley Street,E01032937,Gloucester 004F,Unable to prosecute suspect
f9b5401676dc770a62aad09ea4ed98a0d079400b216e3a620b5aaa1abe650eb9,2024-11,Gloucestershire Constabulary,Gloucestershire Constabulary,-2.223971,51.747030,On or near Supermarket,E01034804,Stroud 006G,Suspect charged
f19020dca277deffde476471111d9637daa25b83d83ed6404fd9b3bee1773e70,2024-11,Gloucestershire Constabulary,Gloucestershire Constabulary,-2.110730,51.894482,On or near Rissington Close,E01022106,Cheltenham 010A,Unable to prosecute suspect
28ddc5fb0c48ed7c90db03f184863c099184de475c06d26d9a7215bed514fd25,2024-11,Gloucestershire Constabulary,Gloucestershire Constabulary,-2.244705,51.831154,On or near Petrol Station,E01022345,Gloucester 012C,Further action is not in the public interest
61cf56f74be0c61630afd7f99acc49372dbd1770d6515942e0495d3ba0c51498,2024-11,Gloucestershire Constabulary,Gloucestershire Constabulary,-2.076929,51.902645,On or near Shopping Area,E01022153,Cheltenham 004D,Investigation complete; no suspect identified
c8b29735bb60a8df2bfd94700916a52d7ad71f23de8c4f06fc24d71ef87a5cab,2024-11,Gloucestershire Constabulary,Gloucestershire Constabulary,-2.125936,51.886105,On or near Fantasia Drive,E01034805,Tewkesbury 008D,Investigation complete; no suspect identified
65529dedce60017939a15f783ee7bfa59baa06775ef539b5b27e3dff9d58bf4b,2024-11,Gloucestershire Constabulary,Gloucestershire Constabulary,-2.249332,51.825426,On or near Harwell Close,E01022345,Gloucester 012C,Unable to prosecute suspect
9d7f150174177ac5d1fb2e7e7701fcb81ef1654355c4653642b202184be60619,2024-11,Gloucestershire Constabulary,Gloucestershire Constabulary,-2.249332,51.825426,On or near Harwell Close,E01022345,Gloucester 012C,Suspect charged
80672e42c6806ae5ad4eba747d5d9b9cbc09f43c6b9bb6dc94c509ecfd51a537,2024-11,Gloucestershire Constabulary,Gloucestershire Constabulary,-2.157426,51.995215,On or near Quay Street,E01022459,Tewkesbury 002D,Investigation complete; no suspect identified
dd42541f6decafc1cf6214dde675d721525e2a689703a5ca91550cab2235cd3c,2024-11,Gloucestershire Constabulary,Gloucestershire Constabulary,-2.243783,51.856528,On or near Park End Road,E01022293,Gloucester 008A,Unable to prosecute suspect
2ec24419c4cb5fddf825ef49046037b772d5f3c74d10e6cc95c232dfccb16b04,2024-11,Gloucestershire Constabulary,Gloucestershire Constabulary,-2.214581,51.859067,On or near York Road,E01022287,Gloucester 007G,Unable to prosecute suspect
eea23ac8ec09efc9ad762b871a98aa3b099ebcdb3f64f7da81c55889b90b8da4,2024-11,Gloucestershire Constabulary,Gloucestershire Constabulary,-2.241137,51.863933,On or near Russell Street,E01032937,Gloucester 004F,Unable to prosecute suspect
c53b13e6fc748f48ad6e125af1acfe2a3c1bc37f37a6e81a2ff5402c9bedcf2b,2024-11,Gloucestershire Constabulary,Gloucestershire Constabulary,-2.063676,51.905027,On or near Selkirk Gardens,E01022134,Cheltenham 006D,Unable to prosecute suspect
a9d2fe1c6f8d5202d75276794fe4e165dedefc1cba4981e353d945df87d7f5ed,2024-11,Gloucestershire Constabulary,Gloucestershire Constabulary,-2.175322,51.837877,On or near De Haviland Gardens,E01034809,Tewkesbury 009H,Unable to prosecute suspect
015d24427cf210c1e89a65c913f003332656dd603deafe167cd82672d3b16d16,2024-11,Gloucestershire Constabulary,Gloucestershire Constabulary,-2.246268,51.864813,On or near Shopping Area,E01032937,Gloucester 004F,Investigation complete; no suspect identified
efa27cff145875dfd5c60ea3be9944bf68f427732af7ae20c5b50785726548b5,2024-11,Gloucestershire Constabulary,Gloucestershire Constabulary,-2.073049,51.903133,On or near North Place,E01022153,Cheltenham 004D,Investigation complete; no suspect identified
07b626ccc9e03d65f81ba95a31322dbf83b2f89192ce715e2873991bc75062a2,2024-11,Gloucestershire Constabulary,Gloucestershire Constabulary,-2.177619,51.720810,On or near Brownshill Road,E01022366,Stroud 008A,Unable to prosecute suspect
dda5f977d34374c6072ed915071990d1ffc8b14a5d4f9ad650a4144afa8d1de4,2024-11,Gloucestershire Constabulary,Gloucestershire Constabulary,-2.177619,51.720810,On or near Brownshill Road,E01022366,Stroud 008A,Investigation complete; no suspect identified
435dd054ec3a5dedcaa497d753297e617d6d544ba2972cbdc6b56cf1caf8c3dc,2024-11,Gloucestershire Constabulary,Gloucestershire Constabulary,,,No location,,,Investigation complete; no suspect identified
0773128ffa6eeea0e8fbca4548d59ce8562e0f3ed45b65ca9a68df1317fca710,2024-11,Gloucestershire Constabulary,Gloucestershire Constabulary,-2.139268,51.982660,On or near Henry Crescent,E01032940,Tewkesbury 001H,Investigation complete; no suspect identified
6e8e0d1acb5e1db6755f6135a69a7e0bcd6f31e6d99c57c9dddc89b323792e96,2024-11,Gloucestershire Constabulary,Gloucestershire Constabulary,-2.204581,51.842783,On or near Sports/Recreation Area,E01022277,Gloucester 010B,Unable to prosecute suspect
eece6e4a584e66f2fd4efb5d6be8bdd6a1452f085585aef64653a1d44cc0e0eb,2024-11,Gloucestershire Constabulary,Gloucestershire Constabulary,-2.161091,51.847788,On or near Boverton Avenue,E01022423,Tewkesbury 009C,Investigation complete; no suspect identified
80171ab99e68d21439ded8bce786cd469b85a79c83fd17d5eb6e262fe77319ed,2024-11,Gloucestershire Constabulary,Gloucestershire Constabulary,-2.357004,51.637512,On or near Westfields,E01022418,Stroud 015E,Unable to prosecute suspect
6916de7907d8ffbc1d19847cf5029cae4e127df314467fa3ecfa798f70f904a3,2024-11,Gloucestershire Constabulary,Gloucestershire Constabulary,-2.357004,51.637512,On or near Westfields,E01022418,Stroud 015E,Unable to prosecute suspect
14b6fb758723368969c30303c00e54a0d342a1bb12034d1c4794f1c153926db8,2024-11,Gloucestershire Constabulary,Gloucestershire Constabulary,-2.243687,51.747368,On or near Mosley Road,E01022358,Stroud 004D,Investigation complete; no suspect identified
f97628ae0a473a111e96db3ba5e35457208171e13d784e945087641ec45f5d53,2024-11,Gloucestershire Constabulary,Gloucestershire Constabulary,-2.272907,51.824951,On or near Digby Green,E01032933,Gloucester 015E,Unable to prosecute suspect
86965419d069f92300c21afa5e89084ba7d4eba870d6a715731ceac0cb283d34,2024-11,Gloucestershire Constabulary,Gloucestershire Constabulary,-2.213649,51.843136,On or near Robin Close,E01022278,Gloucester 007A,Investigation complete; no suspect identified
7b347d7ad650d125704c7b973786c69830ff37ee9cdcf4d21bd933006c413fcc,2024-11,Gloucestershire Constabulary,Gloucestershire Constabulary,-2.215387,51.839240,On or near Matson Court,E01022319,Gloucester 011A,Investigation complete; no suspect identified
e55cfa28e2dc8d262773d239e2fe254cb24691eeae4b79d991a29156f2312349,2024-11,Gloucestershire Constabulary,Gloucestershire Constabulary,-2.232602,51.856281,On or near Upton Street,E01022288,Gloucester 005A,Unable to prosecute suspect
0711a5ceb1f16191ff99ac1ae5439517a5aac6c7959afb6d7737a3f781239074,2024-11,Gloucestershire Constabulary,Gloucestershire Constabulary,-1.704361,51.876352,On or near Snipe Road,E01034786,Cotswold 003H,Investigation complete; no suspect identified
258416b4081853f6b9314a0beaadc8fa739ceecd59309e2175d3e2b52c941081,2024-11,Gloucestershire Constabulary,Gloucestershire Constabulary,,,No location,,,Unable to prosecute suspect
43bcfb3c6b2c8bdab41d7462287cb7c0484bcc2fae25b94b5720d1d7ae8d0a17,2024-11,Gloucestershire Constabulary,Gloucestershire Constabulary,-2.524101,51.733918,On or near Minerva Walk,E01022255,Forest of Dean 009D,Unable to prosecute suspect
04bf1acb657e1a6690b3048926dcf0c816c446ea67b91fcf4a2f3d68fb09091d,2024-11,Gloucestershire Constabulary,Gloucestershire Constabulary,-2.117206,51.897694,On or near Monks Croft,E01022147,Cheltenham 005C,Local resolution
d49b7731ab6e323d0c46230559571bc6c745a36c330dede284a07c88fedca49c,2024-11,Gloucestershire Constabulary,Gloucestershire Constabulary,-2.232602,51.856281,On or near Upton Street,E01022288,Gloucester 005A,Unable to prosecute suspect
bfc182580dc03d682eaf19e93376cfb42e39944cf67f30567736398a6a20c91b,2024-11,Gloucestershire Constabulary,Gloucestershire Constabulary,-2.070338,51.898729,On or near Grosvenor Street,E01022102,Cheltenham 008C,Unable to prosecute suspect
46b73a56da1e6d46710a0a335e588db55750bbf85b79dc61dcfc925fae81f15b,2024-11,Gloucestershire Constabulary,Gloucestershire Constabulary,-2.139538,51.980286,On or near Bluebell Grove,E01032938,Tewkesbury 001F,Investigation complete; no suspect identified
d467b2101f7eb3d8cdd521d6250363b781c6fc1c0acead5b7bfdfc42a651a095,2024-11,Gloucestershire Constabulary,Gloucestershire Constabulary,-2.246268,51.864813,On or near Shopping Area,E01032937,Gloucester 004F,Offender given a caution
30540e8a3b297d0ddafed4c8ecd933b9871d66d0f911e663315bd8f054011386,2024-11,Gloucestershire Constabulary,Gloucestershire Constabulary,-2.235513,51.854927,On or near The Laurels,E01022294,Gloucester 008B,Unable to prosecute suspect
a811ef7dea5842307af9a8237e55d3e733a1a29caa7f3af55d6c5fa1118636c0,2024-11,Gloucestershire Constabulary,Gloucestershire Constabulary,-2.187891,51.886517,On or near Supermarket,E01022430,Tewkesbury 007F,Investigation complete; no suspect identified
914940bae0b1f3eb82f2e7e78f5b6b43b1df596be6d28e14d93165a3516dbc65,2024-11,Gloucestershire Constabulary,Gloucestershire Constabulary,-2.084196,51.894971,On or near Queens Lane,E01022126,Cheltenham 009F,Investigation complete; no suspect identified
1ee1a4718e4de52cfef6cb9ce747998ae68d4e7f23c306f2ae3e51e10382a6e8,2024-11,Gloucestershire Constabulary,Gloucestershire Constabulary,-2.235513,51.854927,On or near The Laurels,E01022294,Gloucester 008B,Unable to prosecute suspect
c9145b27019acebc14d4c627508d6ff4540aaf78558e9c48f9ecb83bdc0845fd,2024-11,Gloucestershire Constabulary,Gloucestershire Constabulary,-2.235513,51.854927,On or near The Laurels,E01022294,Gloucester 008B,Unable to prosecute suspect
d2e091bc8a8b5ea22bb1e89d6d99569a3e0af40992366292a199c87b281ac24c,2024-11,Gloucestershire Constabulary,Gloucestershire Constabulary,-2.217670,51.840072,On or near Rectory Road,E01022324,Gloucester 011E,Unable to prosecute suspect
5675c5519a46d9d8d1c3481e1e7b5e543e06462bd3a60c96b49fcb88e35b8c4b,2024-11,Gloucestershire Constabulary,Gloucestershire Constabulary,-2.251661,51.860521,On or near Church Street,E01034791,Gloucester 004G,Investigation complete; no suspect identified
4d71c4f2815a6335b3523f9852c241d41f12db1f574dfaadaa86169f2ef453a9,2024-11,Gloucestershire Constabulary,Gloucestershire Constabulary,-2.374574,51.695163,On or near Phillimore Road,E01022362,Stroud 011D,Unable to prosecute suspect
5bf020e533aa4e7a2c478503e8506b98b7b35d0fa3b8bab353504c24e7b2a82a,2024-11,Gloucestershire Constabulary,Gloucestershire Constabulary,-2.236373,51.861210,On or near Parking Area,E01022289,Gloucester 005B,Investigation complete; no suspect identified
240824f7e5c8796d04ef0243abff0f009400631c90c6b9c03aec1828ee1a2d93,2024-11,Gloucestershire Constabulary,Gloucestershire Constabulary,-2.247765,51.830716,On or near Windrush Road,E01022346,Gloucester 012D,Unable to prosecute suspect
48bd67b15ce244e2a00a570414ee695bf6f0e8c6be0b6409c8c1de61f1df4702,2024-11,Gloucestershire Constabulary,Gloucestershire Constabulary,-2.111289,52.002577,On or near Woodward Close,E01022450,Tewkesbury 001B,Unable to prosecute suspect
ceb139c93f8ffbc37dc5d7e9fea3e58a5c518035df8a20f3281fcd935d9b574d,2024-11,Gloucestershire Constabulary,Gloucestershire Constabulary,-2.069102,51.954716,On or near Cape Ruby Close,E01022439,Tewkesbury 010C,Investigation complete; no suspect identified
86871560dfe77463f8d65f4d6a5f2d0ae2e0aac489af40f0a126fa379423cc4d,2024-11,Gloucestershire Constabulary,Gloucestershire Constabulary,-2.439671,51.978639,On or near Crown Close,E01022233,Forest of Dean 001A,Unable to prosecute suspect
981d750142081f190c518fd753a21445db220dad5b9929eb9ab50c2be309f139,2024-11,Gloucestershire Constabulary,Gloucestershire Constabulary,-2.524628,51.720627,On or near Lakeside Gardens,E01022254,Forest of Dean 009C,Unable to prosecute suspect
ebeb2a4f4261aa79dd2e7ad140f94d35cffff398abcdacd95ba047f8c2f8a34b,2024-11,Gloucestershire Constabulary,Gloucestershire Constabulary,-2.236118,51.863077,On or near Supermarket,E01022289,Gloucester 005B,Investigation complete; no suspect identified
4989a0b387c88545f49aa270fea8766774b2fae7ffe64db5d5152ef48cf3111a,2024-11,Gloucestershire Constabulary,Gloucestershire Constabulary,-2.043498,51.901835,On or near Alvington Drive,E01034779,Cheltenham 012H,Unable to prosecute suspect
da21adefb9c70976a23679457b5ef13c026a126d16eb2de5c60d17b138f6e9f3,2024-11,Gloucestershire Constabulary,Gloucestershire Constabulary,-2.245463,51.866379,On or near St John's Lane,E01032937,Gloucester 004F,Unable to prosecute suspect
414e2a6fdd599d0fc25a1ea7c84728f601ff8cbbf3b371cfa5b3680e14c4e2ec,2024-11,Gloucestershire Constabulary,Gloucestershire Constabulary,-2.103148,51.902338,On or near Buckingham Avenue,E01022149,Cheltenham 007B,Investigation complete; no suspect identified
72ed177978d049910e0480014b314dfe01419f15a6475879e71a150d304fbec6,2024-11,Gloucestershire Constabulary,Gloucestershire Constabulary,-2.237596,51.861782,On or near Charles Street,E01022289,Gloucester 005B,Investigation complete; no suspect identified
11525703e06ea3d094966a48efba40454b5e0a62e926a904375a78cccaacef9e,2024-11,Gloucestershire Constabulary,Gloucestershire Constabulary,-2.241137,51.863933,On or near Russell Street,E01032937,Gloucester 004F,Unable to prosecute suspect
194e91201523954d1b585fed5ddc833b022ae02677a80926280311730fadad0b,2024-11,Gloucestershire Constabulary,Gloucestershire Constabulary,-2.534252,51.725268,On or near Petrol Station,E01022226,Forest of Dean 009A,Unable to prosecute suspect
685ec9f79c8f3f5168d74c02c91ada05043ea2b8151ff682387e07b514a42daf,2024-11,Gloucestershire Constabulary,Gloucestershire Constabulary,-2.272363,51.816438,On or near Naas Lane,E01034797,Gloucester 015K,Unable to prosecute suspect
d01276bb9f7e181e3135e98fee4d19185b6034f3d1a53b7102ae96ee511c5b40,2024-11,Gloucestershire Constabulary,Gloucestershire Constabulary,-2.115243,51.897561,On or near Wasley Road,E01022147,Cheltenham 005C,Unable to prosecute suspect
87de9d3f7fb7b7b696ea092c4a7f3bfe4cb02c2dfaee62286c2b35bcd408511c,2024-11,Gloucestershire Constabulary,Gloucestershire Constabulary,-2.218432,51.835575,On or near Marlstone Close,E01022320,Gloucester 011B,Investigation complete; no suspect identified
4c5b49acbdbf65c4dbf3a0290db6514230af2cd04df4ebb097a226ce10070ce2,2024-11,Gloucestershire Constabulary,Gloucestershire Constabulary,-2.060434,51.904545,On or near Sports/Recreation Area,E01022134,Cheltenham 006D,Investigation complete; no suspect identified
b048c77c327c561de4790feb3bb5416dac03cf7a7ddd23be85765294df8e8489,2024-11,Gloucestershire Constabulary,Gloucestershire Constabulary,-2.227057,51.868169,On or near Royal Lane,E01022311,Gloucester 002C,Unable to prosecute suspect
6a39aadcfb11ad03608daeb9fe3fb45063c75d5253499ee083a2a5755593b326,2024-11,Gloucestershire Constabulary,Gloucestershire Constabulary,-2.086652,51.894799,On or near Lansdown Walk,E01022126,Cheltenham 009F,Unable to prosecute suspect
b800f945170cd37eaa64d3a3fda1b88a14856d347a991ada15cd956860cc63e0,2024-11,Gloucestershire Constabulary,Gloucestershire Constabulary,-2.167360,52.028319,On or near Sports/Recreation Area,E01022462,Tewkesbury 002G,Unable to prosecute suspect
5e7175cd6bc495b3fa8f3e27f4b6171cc8556f7097781df328aab8841476d5f8,2024-11,Gloucestershire Constabulary,Gloucestershire Constabulary,,,No location,,,Investigation complete; no suspect identified
e150bd87f74c0e9454fe20cb19c91f7f8692c416b25e2e3b9e7845378d0a45ba,2024-11,Gloucestershire Constabulary,Gloucestershire Constabulary,-2.236972,51.867268,On or near Claremont Road,E01022311,Gloucester 002C,Investigation complete; no suspect identified
92263b4e4d6d725c94ae2cf795d7380e80528dfee70efe336fee73159d63ac5c,2024-11,Gloucestershire Constabulary,Gloucestershire Constabulary,-2.166268,51.732246,On or near The Ridgeway,E01022368,Stroud 008C,Investigation complete; no suspect identified
fc3eb0ac8fbb0fb27585cb509532e93e6ed81a693113222f4c26c0fe69455a99,2024-11,Gloucestershire Constabulary,Gloucestershire Constabulary,-2.273006,51.834121,On or near Greenhill Drive,E01022341,Gloucester 014C,Investigation complete; no suspect identified
2f38e2eed17480f9e4dc93ff4a46387d0ef848443a588710e74b8605719b6c61,2024-11,Gloucestershire Constabulary,Gloucestershire Constabulary,-2.147842,51.844793,On or near Avon Crescent,E01022424,Tewkesbury 009D,Unable to prosecute suspect
56fa1e4be731bd332d1ecd3684ea5cdcdee5af97f993c1eec288537487db32a0,2024-11,Gloucestershire Constabulary,Gloucestershire Constabulary,-2.262196,51.849287,On or near Kaskelot Way,E01034794,Gloucester 004J,Unable to prosecute suspect
8f9e7055acc5c6645ab9a2de64ca15bc8b26581c97821091413a1fe861dd83fb,2024-11,Gloucestershire Constabulary,Gloucestershire Constabulary,-2.285116,51.819078,On or near Field Court Drive,E01022338,Gloucester 015D,Investigation complete; no suspect identified
e6ece64e50fb595aabf5e149242625d1c4b1446a7131db054d0964a1b30bff88,2024-11,Gloucestershire Constabulary,Gloucestershire Constabulary,-2.074078,51.901406,On or near Albion Walk,E01022102,Cheltenham 008C,Investigation complete; no suspect identified
ced03e9079a38caee1ed9fba0ccdd04a87a268209e7d0c66e7aca3ef86a70398,2024-11,Gloucestershire Constabulary,Gloucestershire Constabulary,-2.262196,51.849287,On or near Kaskelot Way,E01034794,Gloucester 004J,Investigation complete; no suspect identified
56df2f991adf4ac8eceb7d92b3a861687e2119500481bc74b2c66b007525d9fe,2024-11,Gloucestershire Constabulary,Gloucestershire Constabulary,-2.127949,51.893871,On or near Parking Area,E01022107,Cheltenham 010B,Unable to prosecute suspect
620cd7420711aa25e986239dc71004351720560a2316136d48f75112dbfe46b0,2024-11,Gloucestershire Constabulary,Gloucestershire Constabulary,-2.242674,51.863615,On or near Eastgate Street,E01032937,Gloucester 004F,Investigation complete; no suspect identified
710f733f4524ab3330843a104b5d0adffae997b45c1269e78183034782ccd2f7,2024-11,Gloucestershire Constabulary,Gloucestershire Constabulary,-2.286412,51.815154,On or near Barley Close,E01022379,Stroud 001B,Suspect charged
3d2e0fd41292c94cd4c898ce620f0864edd3fcac460608266ecc4e13b17d249a,2024-11,Gloucestershire Constabulary,Gloucestershire Constabulary,-2.147288,52.030283,On or near Norman Close,E01022462,Tewkesbury 002G,Unable to prosecute suspect
29e8084f6d49a8db880e3a10b8a4a4d85119e2dda47b73efb6edec3216eed770,2024-11,Gloucestershire Constabulary,Gloucestershire Constabulary,-2.117674,51.898871,On or near Cowper Road,E01022147,Cheltenham 005C,Unable to prosecute suspect
15b777bb0d0f2987c6ef75603bfd166fec42d57a3733ef48c4042c05c8a3bf67,2024-11,Gloucestershire Constabulary,Gloucestershire Constabulary,-2.117674,51.898871,On or near Cowper Road,E01022147,Cheltenham 005C,Unable to prosecute suspect
ece211ee8a3b84a02d989a5d5cb337481a8357686d3c5915a6e20b96a1e34a84,2024-11,Gloucestershire Constabulary,Gloucestershire Constabulary,-1.690175,51.987532,On or near Evenlode Gardens,E01034782,Cotswold 002G,Investigation complete; no suspect identified
55cb2921cea2363bc06f983abe5e1ea9cb1ca7ba7e691e4e63f93a4f0ea4951c,2024-11,Gloucestershire Constabulary,Gloucestershire Constabulary,-2.489203,51.865123,On or near High Street,E01022258,Forest of Dean 003C,Local resolution
0685e40760bd26ca0b0eecfc18d93d813bcfbc0187ec1ea333abab59fbfa5f6d,2024-11,Gloucestershire Constabulary,Gloucestershire Constabulary,-2.161140,51.637989,On or near Long Street,E01022220,Cotswold 011F,Unable to prosecute suspect
51f1226f857b60dead7014e443c3697eaf0ac38f1624cc2ef0a98f430e8f2040,2024-11,Gloucestershire Constabulary,Gloucestershire Constabulary,-2.073568,51.900643,On or near Shopping Area,E01022102,Cheltenham 008C,Investigation complete; no suspect identified
12baa5197b9b7ce0015badf2471284b8ef632b5956ac44171558aa81dfbc8057,2024-11,Gloucestershire Constabulary,Gloucestershire Constabulary,-2.065998,51.912092,On or near East Approach Drive,E01022139,Cheltenham 004A,Unable to prosecute suspect
9ab9aefdbf14143e6c25a1c42df3976c49c54b29cf1933b358e2cbdaf2d0f7af,2024-11,Gloucestershire Constabulary,Gloucestershire Constabulary,-2.245463,51.866379,On or near St John's Lane,E01032937,Gloucester 004F,Suspect charged
7cbebbb66d5e386b321d75c364cfc962b39bfef900d9458befe9da9fbabcc6ff,2024-11,Gloucestershire Constabulary,Gloucestershire Constabulary,-2.228141,51.737986,On or near Walkley Hill,E01022395,Stroud 007C,Investigation complete; no suspect identified
701417f0dd87fb76f8444b26e94f73a3d5a10546a62f190a75e99d9eeca0976e,2024-11,Gloucestershire Constabulary,Gloucestershire Constabulary,-2.245645,51.742518,On or near Church Road,E01022356,Stroud 004B,Investigation complete; no suspect identified
f9844f246e9dc22185c7cf6b6f3726b11a56767c7f24aad4e3b1e3bb1274d156,2024-11,Gloucestershire Constabulary,Gloucestershire Constabulary,-2.284543,51.820149,On or near Field Court Gardens,E01022338,Gloucester 015D,Investigation complete; no suspect identified
c56cec1ac7617cc98d6f1754cce6a16d9fc69d6e25719e4a68169ba4a14d3446,2024-11,Gloucestershire Constabulary,Gloucestershire Constabulary,-2.231653,51.736639,On or near Southgate Gardens,E01022395,Stroud 007C,Suspect charged
6c22e010bf6ae5e8b864b39b744b64fcc652b1610ef597b8921f5e91532c75ba,2024-11,Gloucestershire Constabulary,Gloucestershire Constabulary,-1.779604,52.049194,On or near Badgers Field,E01022183,Cotswold 001C,Unable to prosecute suspect
14eaaa9f77a86ec85e4474ffe24d43d320dbde1614b661cf2b7f5db1ade24665,2024-11,Gloucestershire Constabulary,Gloucestershire Constabulary,-2.083038,51.897588,On or near Parabola Close,E01022127,Cheltenham 009G,Investigation complete; no suspect identified
a38091291b80363e5833fe4b4fe4b4a3c3dcf2567560428229bf3eea4981bc7e,2024-11,Gloucestershire Constabulary,Gloucestershire Constabulary,-2.198014,51.743372,On or near Ridgemont Road,E01022399,Stroud 006B,Unable to prosecute suspect
264b9c1312816787e7c1be809e2b10d604d737df60f7d5da032b9a2c58ffadf3,2024-11,Gloucestershire Constabulary,Gloucestershire Constabulary,-2.402679,51.925393,On or near Town Farm Road,E01022261,Forest of Dean 002A,Investigation complete; no suspect identified
7b0db128796a41d526358b97dd5ca1b9ebfc0cc3f9fb37bf4b0ad47690c7b81e,2024-11,Gloucestershire Constabulary,Gloucestershire Constabulary,-2.267508,51.834377,On or near Tolsey Gardens,E01022301,Gloucester 013C,Investigation complete; no suspect identified
3b0c08efa0f2ca39c76968bd73ed5678c664e88f54cff1a3783c7df96ab8f2cd,2024-11,Gloucestershire Constabulary,Gloucestershire Constabulary,-2.111170,51.896046,On or near Kingsley Gardens,E01022148,Cheltenham 007A,Investigation complete; no suspect identified
05470619e51ba2daf6eb54992ccc38ca37876a0c0b4083a66ab315f52e82c636,2024-11,Gloucestershire Constabulary,Gloucestershire Constabulary,-2.076929,51.902645,On or near Shopping Area,E01022153,Cheltenham 004D,Unable to prosecute suspect
2050d683a8b6e7f47db4f73e542287e1dd8428709c1ba73ede739b4330b44558,2024-11,Gloucestershire Constabulary,Gloucestershire Constabulary,-2.235513,51.854927,On or near The Laurels,E01022294,Gloucester 008B,Investigation complete; no suspect identified
cb4f3ca1a0834f70a3260db46bfd5ef8c41ba38c832acbd80adf81f31296c0f8,2024-11,Gloucestershire Constabulary,Gloucestershire Constabulary,-2.104266,51.914411,On or near Carter Road,E01022159,Cheltenham 005E,Investigation complete; no suspect identified
20aed28f9f8fa2ed5ba3f6348f1180f9e7ea1043ea1b28a98c5fc8fd046656c7,2024-11,Gloucestershire Constabulary,Gloucestershire Constabulary,-2.139538,51.980286,On or near Bluebell Grove,E01032938,Tewkesbury 001F,Investigation complete; no suspect identified
323918ccd2d0acc0a2c5e1f2545ba744aac2f32a8d50e0eca2061f36cd592677,2024-11,Gloucestershire Constabulary,Gloucestershire Constabulary,-2.246268,51.864813,On or near Shopping Area,E01032937,Gloucester 004F,Unable to prosecute suspect
8a480c8f906033fc3447263b639d0f1cbb7ff513622f21ae6a7dd801eecdb91d,2024-11,Gloucestershire Constabulary,Gloucestershire Constabulary,-2.075267,51.900129,On or near County Court Road,E01022117,Cheltenham 009B,Investigation complete; no suspect identified
c26114f6e48a920aec3a1b1edcf8c9e50e51ccf1e88f1a2ba1db2c3281587075,2024-11,Gloucestershire Constabulary,Gloucestershire Constabulary,-2.091976,51.911643,On or near Richards Road,E01022164,Cheltenham 001B,Unable to prosecute suspect
cabaf4b0470acbc1f227d34493eee5df2acfb3bf78d9fe9da1c264e20d83f508,2024-11,Gloucestershire Constabulary,Gloucestershire Constabulary,-2.242316,51.861854,On or near Wellington Street,E01034793,Gloucester 004I,Investigation complete; no suspect identified
d8f765822346d8a9fc1ffadd5c12bbd001ddfe00802b3078a56cbee4f7e47868,2024-11,Gloucestershire Constabulary,Gloucestershire Constabulary,-2.234045,51.851828,On or near Tarrington Road,E01022294,Gloucester 008B,Investigation complete; no suspect identified
440ce56aa52ffb6397c26bef047bb9c2e07b26a5cd8c0511256f2bc6e24102da,2024-11,Gloucestershire Constabulary,Gloucestershire Constabulary,-2.158110,51.846380,On or near Sayers Crescent,E01022421,Tewkesbury 009A,Suspect charged as part of another case
5e1e1937c1183a35528c9d9b0e6193ffcf3458f30920fc686e8e9a2c5fcfc3eb,2024-11,Gloucestershire Constabulary,Gloucestershire Constabulary,-2.261758,51.838939,On or near Hathaway Close,E01022333,Gloucester 009E,Investigation complete; no suspect identified
50a3423d40d52f7a492f314c7c5b03cbe9a6bc03c3084e432c17fea8752669f4,2024-11,Gloucestershire Constabulary,Gloucestershire Constabulary,-2.248560,51.864430,On or near Blackfriars,E01034792,Gloucester 004H,Unable to prosecute suspect
17324e2e749737aec1c212257c45faf14e3eeaaf752a5427c594960dda1d3ecc,2024-11,Gloucestershire Constabulary,Gloucestershire Constabulary,-2.258850,51.744450,On or near Devereaux Crescent,E01022355,Stroud 004A,Investigation complete; no suspect identified
b4848a2851d95cff5a436f2ea36d3bb217338bf29e0ac923b85d832616dd5c3d,2024-11,Gloucestershire Constabulary,Gloucestershire Constabulary,-2.158110,51.846380,On or near Sayers Crescent,E01022421,Tewkesbury 009A,Suspect charged
b4848a2851d95cff5a436f2ea36d3bb217338bf29e0ac923b85d832616dd5c3d,2024-11,Gloucestershire Constabulary,Gloucestershire Constabulary,-2.158110,51.846380,On or near Sayers Crescent,E01022421,Tewkesbury 009A,Suspect charged
b0ac498e17613c01a352ed36542c2569cf2434537f72f52b5721e938c01b2efc,2024-11,Gloucestershire Constabulary,Gloucestershire Constabulary,-2.670447,51.808281,On or near Parking Area,E01022234,Forest of Dean 006A,Unable to prosecute suspect
2bc9612041cf5e602032cad24d77090f3cb0c7505a7272bf4e3fe5bbd35078ec,2024-11,Gloucestershire Constabulary,Gloucestershire Constabulary,-2.230573,51.740696,On or near Frome Park Road,E01022394,Stroud 007B,Unable to prosecute suspect
718adb6035ba997658b55b3d3fb8b83043bdcffbc584c7e0836ae6ecf61c46d1,2024-11,Gloucestershire Constabulary,Gloucestershire Constabulary,-2.142219,51.981155,On or near Monterey Road,E01032939,Tewkesbury 001G,Unable to prosecute suspect
c7a4c40c9ba80df3804cd4db90c440792ff24afe5b9b7ea9d909ec7f95b84e32,2024-11,Gloucestershire Constabulary,Gloucestershire Constabulary,-2.286406,51.830313,On or near Littlefield,E01022339,Gloucester 014A,Unable to prosecute suspect
b69a5a907252784754ffead2733bdf3d72ce07bf910893709ebbb9cc21012deb,2024-11,Gloucestershire Constabulary,Gloucestershire Constabulary,-2.117275,52.002122,On or near Howard Road,E01022452,Tewkesbury 001D,Unable to prosecute suspect
84007eaa19c99dad90ecd3329c025500e60b3f5b7edc6ef467d6863d4a7cf387,2024-11,Gloucestershire Constabulary,Gloucestershire Constabulary,-2.071751,51.891500,On or near Sandford Road,E01022116,Cheltenham 009A,Unable to prosecute suspect
ba18dd2a8d8a3a4c57f29d3071588690dbef382599c5989459495eba0c85b43a,2024-11,Gloucestershire Constabulary,Gloucestershire Constabulary,-2.096887,51.910650,On or near Moors Avenue,E01022155,Cheltenham 007D,Investigation complete; no suspect identified
4eed9cd6b032576f0f7b5da645328bb48e19f5a6a224873ae3f90db85d628f3e,2024-11,Gloucestershire Constabulary,Gloucestershire Constabulary,-2.171253,51.847737,On or near Whittle Way,E01022423,Tewkesbury 009C,Investigation complete; no suspect identified
ad6109936026880e46e3dbf1a31ddc09242fea7423eb71a22ccc364311cdc3d5,2024-11,Gloucestershire Constabulary,Gloucestershire Constabulary,,,No location,,,Unable to prosecute suspect
071ebcc25fd9ebb706c010de25bd99ac5d35df8b242fd52d15c8f1c15163329e,2024-11,Gloucestershire Constabulary,Gloucestershire Constabulary,-2.083831,51.901930,On or near Supermarket,E01022127,Cheltenham 009G,Suspect charged
73f25016853ee7395cfde02baa320b0ec8a9569f2291564d16daef41e5fe4ac2,2024-11,Gloucestershire Constabulary,Gloucestershire Constabulary,-2.083831,51.901930,On or near Supermarket,E01022127,Cheltenham 009G,Suspect charged
2c7a61223cd00d670055af635c48894f2408298a3ce97f4cc9f08e386bff0cfe,2024-11,Gloucestershire Constabulary,Gloucestershire Constabulary,-2.226248,51.898047,On or near Twigworth Views,E01022440,Tewkesbury 006A,Investigation complete; no suspect identified
6d98c0009b1e623ec669cfaf4bdea4418b4b2b35d73d988a9aea15778ced7527,2024-11,Gloucestershire Constabulary,Gloucestershire Constabulary,-2.249011,51.864573,On or near Ladybellegate Street,E01034792,Gloucester 004H,Investigation complete; no suspect identified
3eb354194a8e4352ec1f2a53745bf184379b6687ca70d7b5edb33bacfa054f76,2024-11,Gloucestershire Constabulary,Gloucestershire Constabulary,-2.085304,51.996395,On or near Ellendene Drive,E01032938,Tewkesbury 001F,Investigation complete; no suspect identified
aa87f5d172c18395be1e79be5d2c52781d5433085fae9764f6349555511b5c84,2024-11,Gloucestershire Constabulary,Gloucestershire Constabulary,-2.076929,51.902645,On or near Shopping Area,E01022153,Cheltenham 004D,Investigation complete; no suspect identified
46b1b9aabcdf2142f8be1c8d574557de8370eeba282e81ca667c6639f2d613c5,2024-11,Gloucestershire Constabulary,Gloucestershire Constabulary,-2.344156,51.637190,On or near Reynolds Close,E01022416,Stroud 015C,Unable to prosecute suspect
d7686e18a4966c61eaa5b94a8401e75f60f075683431fbc8027ad9dc4640f4f8,2024-11,Gloucestershire Constabulary,Gloucestershire Constabulary,-2.208241,51.693508,On or near Avening Road,E01022386,Stroud 013B,Investigation complete; no suspect identified
af10cfca9a3c355567b73c781248d8b32bd3fe5d1485aef14aa527bffd65091a,2024-11,Gloucestershire Constabulary,Gloucestershire Constabulary,-2.084021,51.917727,On or near Arkle Close,E01022166,Cheltenham 001D,Investigation complete; no suspect identified
393870a1eb77be143c8649af30ee895e8fcb5c85b1c6b4ae0438273d92212e33,2024-11,Gloucestershire Constabulary,Gloucestershire Constabulary,-1.849339,51.739155,On or near Welsh Way,E01022175,Cotswold 005A,Unable to prosecute suspect
907956a222831cbbae698a136cd472d35e885f6e997a62c37761eb5fc73f6d66,2024-11,Gloucestershire Constabulary,Gloucestershire Constabulary,-2.254083,51.852370,On or near Lysons Avenue,E01022326,Gloucester 009A,Investigation complete; no suspect identified
d787e0a8919cbb306c62a1df839bc5e068ff4d77972769caf69782e3948444f0,2024-11,Gloucestershire Constabulary,Gloucestershire Constabulary,-2.063427,51.964870,On or near Wickham Grove,E01022453,Tewkesbury 004D,Investigation complete; no suspect identified
98391baba0bb850e5854db5d5d41751f290cc93d8db32f324d69198201a0f418,2024-11,Gloucestershire Constabulary,Gloucestershire Constabulary,-2.234696,51.815170,On or near Gilberts Lane,E01034801,Stroud 001G,Investigation complete; no suspect identified
4b28f88031ab1d2490924abeb0ca350a16d64ce542b327b20697301f8629598e,2024-11,Gloucestershire Constabulary,Gloucestershire Constabulary,-2.293408,51.751076,On or near Oldends Lane,E01022403,Stroud 005D,Investigation complete; no suspect identified
d77dd4a0db92d492869e33240eb6898b770a31165d99e58cb1613d7cc55aa080,2024-11,Gloucestershire Constabulary,Gloucestershire Constabulary,-2.295337,51.937571,On or near Petrol Station,E01022247,Forest of Dean 001C,Investigation complete; no suspect identified
f75df04610e874fd5bc2463e6fa5c15424f6e8fe00808e9c372f1a7f5a4a4d84,2024-11,Gloucestershire Constabulary,Gloucestershire Constabulary,-2.236257,51.852893,On or near Ducie Street,E01022294,Gloucester 008B,Unable to prosecute suspect
2efa40176106bd0a692d7c679de520c8fa671c06bc2f35f1082d808930990063,2024-11,Gloucestershire Constabulary,Gloucestershire Constabulary,-2.246268,51.864813,On or near Shopping Area,E01032937,Gloucester 004F,Unable to prosecute suspect
7d87bf2b43314c07223ae9c7e6335d66e33c5768cd3f9ae2fbed68d292ef0285,2024-11,Gloucestershire Constabulary,Gloucestershire Constabulary,-2.237057,51.855823,On or near Llandilo Street,E01022291,Gloucester 005D,Unable to prosecute suspect
1422e8001426e8d84822389dabcf584174514de7d48eb6dc9dadd12e416e5424,2024-11,Gloucestershire Constabulary,Gloucestershire Constabulary,-2.210699,51.864064,On or near Wellingtonia Gardens,E01022287,Gloucester 007G,Unable to prosecute suspect
0ff0cad9c5552c7d35133df87b8b03f95665e1d4622830629a9016567a3cd678,2024-11,Gloucestershire Constabulary,Gloucestershire Constabulary,-2.239063,51.848077,On or near Bathurst Road,E01022329,Gloucester 008E,Unable to prosecute suspect
b4c3c53738a4166344b3be0942e28b4d1c6340d75066d12e7fca729b5fc63aa5,2024-11,Gloucestershire Constabulary,Gloucestershire Constabulary,-2.251161,51.867347,On or near Lower Quay Street,E01032937,Gloucester 004F,Unable to prosecute suspect
dd258d885f948f4545874da37e5a0eeb5c9a5ccc220f4bb8e58d3de74e7c25b0,2024-11,Gloucestershire Constabulary,Gloucestershire Constabulary,-2.370278,51.705921,On or near Jubilee Close,E01022363,Stroud 011E,Unable to prosecute suspect
20b806b01eeeb96e0fc219d6ac497fdce49f602f3fe13b5d9d4c796e681462f6,2024-11,Gloucestershire Constabulary,Gloucestershire Constabulary,-2.115658,52.002141,On or near Stanford Road,E01022452,Tewkesbury 001D,Unable to prosecute suspect
531c110ff19a9b025c6f527881c4b420a9b16f58d00a43a878ac181b80be1ba7,2024-11,Gloucestershire Constabulary,Gloucestershire Constabulary,-2.313012,51.680526,On or near Fop Street,E01022370,Stroud 009A,Action to be taken by another organisation
3c46ea7b371cc9880943ddb22bfbb8c4b315e5baa77e37d73d643134396c1660,2024-11,Gloucestershire Constabulary,Gloucestershire Constabulary,-2.052569,51.902632,On or near Humber Road,E01022133,Cheltenham 006C,Investigation complete; no suspect identified
76fe9de0c93875d41db4caa581836d2f6597c7a0eb6f1ca5bfce76278dcba661,2024-11,Gloucestershire Constabulary,Gloucestershire Constabulary,-2.078635,51.905908,On or near St Paul's Lane,E01022154,Cheltenham 004E,Investigation complete; no suspect identified
94f6192e7d983f9548c51ba8b48b112d5a2b26291125ba7afd310c423c8f6fc3,2024-11,Gloucestershire Constabulary,Gloucestershire Constabulary,-2.230804,51.871075,On or near Michaelmas Court,E01022312,Gloucester 002D,Unable to prosecute suspect
efb4cf019aff3834477a28ba171fe308a83230ac9207d0b8f2c1d4318ad10fc3,2024-11,Gloucestershire Constabulary,Gloucestershire Constabulary,,,No location,,,Unable to prosecute suspect
8f64dce094ea49a061d133445493f8cfd1118dd9a2596aa3cc22880ea3efefe2,2024-11,Gloucestershire Constabulary,Gloucestershire Constabulary,-2.098234,51.914947,On or near Shopping Area,E01022165,Cheltenham 001C,Investigation complete; no suspect identified
a62ed68a361937ade3394690c4fd4748bdd08fdab84f06053532cba926e4e33b,2024-11,Gloucestershire Constabulary,Gloucestershire Constabulary,-2.220581,51.898058,On or near The Ribstons,E01022440,Tewkesbury 006A,Unable to prosecute suspect
2b48d793b2ff7de24d9ecb3e5cc90dc3456c4a5b5aa690a4e01f003f1732fd3b,2024-11,Gloucestershire Constabulary,Gloucestershire Constabulary,-2.214761,51.860118,On or near Shopping Area,E01022287,Gloucester 007G,Investigation complete; no suspect identified
ea95041b24a3113a915502e5029ca68bb717feee30ed0ac3ef7367ffaea4c323,2024-11,Gloucestershire Constabulary,Gloucestershire Constabulary,-2.606835,51.770006,On or near Gorse Lane,E01022264,Forest of Dean 008C,Unable to prosecute suspect
3a19b5b55531ac7c719f5283644c7e7ae0c062a64cb8a7d9ea97369ac5d62957,2024-11,Gloucestershire Constabulary,Gloucestershire Constabulary,-2.249196,51.861327,On or near Albion Street,E01034792,Gloucester 004H,Unable to prosecute suspect
04480897200982c08888ed464750f326705973373df388cc302f85ffc15f9fd5,2024-11,Gloucestershire Constabulary,Gloucestershire Constabulary,-2.129763,51.891862,On or near Hospital,E01022108,Cheltenham 010C,Suspect charged
8a9fa3b71d5c03340e00a21127b95f573daf0f87a504ea7b6ce8ff43a6fd6bbf,2024-11,Gloucestershire Constabulary,Gloucestershire Constabulary,-2.385168,51.850459,On or near Frowens Lane,E01022266,Forest of Dean 005D,Unable to prosecute suspect
f547e5bb73c252a314bd7eb4ba735315731f99d2cbbe66f80a2411b7f4169225,2024-11,Gloucestershire Constabulary,Gloucestershire Constabulary,-2.082638,51.885298,On or near Moorend Street,E01022130,Cheltenham 015C,Suspect charged
6d921b66422724e0562031cbe7adef24ca6f03601d0f90db88a30334eb71b2cd,2024-11,Gloucestershire Constabulary,Gloucestershire Constabulary,-2.243783,51.856528,On or near Park End Road,E01022293,Gloucester 008A,Unable to prosecute suspect
802aa33d5895fb7ab6a2773713a9a5b0564732256c3258ab4490d56a882fffd8,2024-11,Gloucestershire Constabulary,Gloucestershire Constabulary,-2.109067,51.885681,On or near Dinas Close,E01022173,Cheltenham 013G,Unable to prosecute suspect
0a322eea34a61ad15ce5cf75e52b8da353862ab7456c3e8879152e0aa264508e,2024-11,Gloucestershire Constabulary,Gloucestershire Constabulary,-2.210024,51.875115,On or near Old Cheltenham Road,E01022317,Gloucester 001D,Unable to prosecute suspect
ee01348fa2455ac0d3645bb9edbf26d476bbd71afb2f5bb59da3c038277c65cc,2024-11,Gloucestershire Constabulary,Gloucestershire Constabulary,-2.217670,51.840072,On or near Rectory Road,E01022324,Gloucester 011E,Unable to prosecute suspect
cf2617e68ea65a3109796cdb40d527937da631ff20c22c28eb5ddea4148c2ba3,2024-11,Gloucestershire Constabulary,Gloucestershire Constabulary,-2.115550,51.898307,On or near Wordsworth Avenue,E01022147,Cheltenham 005C,Unable to prosecute suspect
7429376cd69559c39c3701cc79757631c7f67977cd70b26f2e88b8d4d07ff78f,2024-11,Gloucestershire Constabulary,Gloucestershire Constabulary,-2.228632,51.895139,On or near Tewkesbury Road,E01022440,Tewkesbury 006A,Unable to prosecute suspect
effaef8f04af8e0ebf0f0fd66052179c69a73d664c3ff2c075706a03e4b14731,2024-11,Gloucestershire Constabulary,Gloucestershire Constabulary,-2.268816,51.810386,On or near Marconi Drive,E01034797,Gloucester 015K,Investigation complete; no suspect identified
44148dfcffae4dd39f8dc6e0eaf367f70af23f12bc5b7b4eb17b5a79f4b884f2,2024-11,Gloucestershire Constabulary,Gloucestershire Constabulary,,,No location,,,Unable to prosecute suspect
7bec4b36676251f6030a7da24fa247ec973766c28b9dacd8552a35b6030bb2fc,2024-11,Gloucestershire Constabulary,Gloucestershire Constabulary,-1.955136,51.704096,On or near North Hill Road,E01022225,Cotswold 008E,Unable to prosecute suspect
2ac631b25bd4e9f9cd8e7465cf3b50be27c05d915c13fa38f9d431fdb414fa7b,2024-11,Gloucestershire Constabulary,Gloucestershire Constabulary,-2.104318,51.918079,On or near Shopping Area,E01022165,Cheltenham 001C,Unable to prosecute suspect
f2f8bbe2bf0cb89721f1b3a883222aa30d772b4a4e516b1956eaa55dc84a10ef,2024-11,Gloucestershire Constabulary,Gloucestershire Constabulary,-1.693215,51.990211,On or near A44,E01034782,Cotswold 002G,Unable to prosecute suspect
805169ba991511b6c5470d4d5e0e2d4b666f6319adacff42d16c7143d70c1b53,2024-11,Gloucestershire Constabulary,Gloucestershire Constabulary,-2.242674,51.863615,On or near Eastgate Street,E01032937,Gloucester 004F,Investigation complete; no suspect identified
2f1ea506be8bf5f617da4931ee8ac91057fe20fd01819a16b205231667f50be5,2024-11,Gloucestershire Constabulary,Gloucestershire Constabulary,-2.106658,51.880855,On or near Petrol Station,E01022169,Cheltenham 013C,Unable to prosecute suspect
71ab76fff0c148966c4ad62c0891cf859ebf58cd85e36ada08a94aba3c2a588f,2024-11,Gloucestershire Constabulary,Gloucestershire Constabulary,,,No location,,,Unable to prosecute suspect
0e04eaeb47f4d18c6f462d754a2bf29a6e2ec634138475834f83142f8221aa7b,2024-11,Gloucestershire Constabulary,Gloucestershire Constabulary,-2.104318,51.918079,On or near Shopping Area,E01022165,Cheltenham 001C,Investigation complete; no suspect identified
4ff6ac7f17cfce1b7571c7d51819847275fcacb7f01b6288c10260ea25123e86,2024-11,Gloucestershire Constabulary,Gloucestershire Constabulary,-2.083989,51.892921,On or near Southwood Lane,E01022137,Cheltenham 011C,Investigation complete; no suspect identified
379b64c866d9304791472e72367edc96f45e808d451af6e2d03227eff4c147b0,2024-11,Gloucestershire Constabulary,Gloucestershire Constabulary,-2.570533,51.757466,On or near John Hale Close,E01022231,Forest of Dean 008A,Unable to prosecute suspect
45435722da277c09e59b8bcf05024c4700b0f96f6216d2c3329174549bd18fa2,2024-11,Gloucestershire Constabulary,Gloucestershire Constabulary,-2.049123,51.901788,On or near Supermarket,E01034780,Cheltenham 012I,Unable to prosecute suspect
7f6df1cebb63f4335e2be370fd721c8197decc386eb63eb6c69eb1c3adf8a98e,2024-11,Gloucestershire Constabulary,Gloucestershire Constabulary,-1.772013,52.088055,On or near Arbour Close,E01022185,Cotswold 001E,Investigation complete; no suspect identified
86205ea7420333963d38d9196ba1d611677e8d9506b640a12cf1ad67ea96da02,2024-11,Gloucestershire Constabulary,Gloucestershire Constabulary,-2.505182,51.818832,On or near Albert Road,E01022238,Forest of Dean 004C,Unable to prosecute suspect
10d859f3c23779e031898ea789e3136be4f7e86bf786df2e5ad1ae6a7769ffc2,2024-11,Gloucestershire Constabulary,Gloucestershire Constabulary,-2.264787,51.664964,On or near The Walled Garden,E01034790,Cotswold 011H,Investigation complete; no suspect identified
7ba57c5a28bc2f0921e3ce97f9444b162e2466ba332f9a5ee04911dd83c2af13,2024-11,Gloucestershire Constabulary,Gloucestershire Constabulary,-2.238486,51.868083,On or near Oxford Street,E01022311,Gloucester 002C,Investigation complete; no suspect identified
872261bf22a0a6214593b4567448be983e442a578f7c0228048fbdacad3aba4e,2024-11,Gloucestershire Constabulary,Gloucestershire Constabulary,-2.616738,51.793790,On or near Market Place,E01022241,Forest of Dean 007B,Unable to prosecute suspect
ac3912ffce38f81004017ef57287e02f36ea0d65740042a1d09b42d8f0a2242d,2024-11,Gloucestershire Constabulary,Gloucestershire Constabulary,-2.232806,51.749647,On or near Archway Gardens,E01022377,Stroud 004E,Unable to prosecute suspect
8df5693ea90365e473570035f23a367d422a2262580c543995afd0c14e08af0f,2024-11,Gloucestershire Constabulary,Gloucestershire Constabulary,-2.157918,51.986161,On or near Foresters Road,E01022458,Tewkesbury 002C,Unable to prosecute suspect
ac95ea97ddd0683aae9e4cd0ee861b196279ee1197c7eb8724cc6a880d64e6a3,2024-11,Gloucestershire Constabulary,Gloucestershire Constabulary,-2.079617,51.898902,On or near Nightclub,E01022127,Cheltenham 009G,Investigation complete; no suspect identified
bf607420323643b27a14aebfa5c2ecde73dbf11785b7ee15aa3b65e06644ad10,2024-11,Gloucestershire Constabulary,Gloucestershire Constabulary,-2.219130,51.841984,On or near Cleeve Road,E01022324,Gloucester 011E,Unable to prosecute suspect
3d3816f265908f6bd5df9ebdee2c2dfdba8cb745ad3239bd3313b8c4a1c4a991,2024-11,Gloucestershire Constabulary,Gloucestershire Constabulary,-2.079617,51.898902,On or near Nightclub,E01022127,Cheltenham 009G,Investigation complete; no suspect identified
f4356d85936b4875b4b4e4e2a015f6eb51744293d5d809ad80957ed3d284c0ad,2024-11,Gloucestershire Constabulary,Gloucestershire Constabulary,-2.157918,51.986161,On or near Foresters Road,E01022458,Tewkesbury 002C,Unable to prosecute suspect
a7af5a350f91eb4fc2555509223532fdc261b8517d50b7fd08fac16335780509,2024-11,Gloucestershire Constabulary,Gloucestershire Constabulary,-2.090253,51.893393,On or near Petrol Station,E01022136,Cheltenham 011B,Investigation complete; no suspect identified
6832708512da5dca3d0a704f0cb548dc0c1cbeeafa8fdbf22595dd860ecf89bb,2024-11,Gloucestershire Constabulary,Gloucestershire Constabulary,-2.272363,51.816438,On or near Naas Lane,E01034797,Gloucester 015K,Unable to prosecute suspect
68f05d67641373a8033453dd154d838abd4b98b233503df94bb332ad66e92dba,2024-11,Gloucestershire Constabulary,Gloucestershire Constabulary,-1.857673,51.704702,On or near Cricklade Street,E01022207,Cotswold 005B,Investigation complete; no suspect identified
e06b455969df836e5acb540a3200cd1f9f8448dee9e57905acd80f4c65e40337,2024-11,Gloucestershire Constabulary,Gloucestershire Constabulary,-2.064572,51.941871,On or near Petrol Station,E01022432,Tewkesbury 011E,Investigation complete; no suspect identified
daf32132f36fa1178f9e2c03a18e920bfbe52a2f9adbb734974250dbe8f1dcbf,2024-11,Gloucestershire Constabulary,Gloucestershire Constabulary,-2.077278,51.902942,On or near Henrietta Street,E01022153,Cheltenham 004D,Investigation complete; no suspect identified
eba515e248a8db68292f731ac1adf122b4ce788ceb5bfc3ce377dbb7ed8658e1,2024-11,Gloucestershire Constabulary,Gloucestershire Constabulary,-2.048617,51.877495,On or near Vineyards Close,E01022109,Cheltenham 012D,Unable to prosecute suspect
d61399ef965d27f92f1a456c051c4f9ca7b88d1dc59be52b81d3cb372374f410,2024-11,Gloucestershire Constabulary,Gloucestershire Constabulary,-1.915416,51.991751,On or near Sports/Recreation Area,E01022466,Tewkesbury 003E,Investigation complete; no suspect identified
6fe53f5b45b748126511b8479c35ea60410b14f1d654f25b661a6bedfa5e362b,2024-11,Gloucestershire Constabulary,Gloucestershire Constabulary,-2.226832,51.884083,On or near Clock Tower Road,E01022448,Tewkesbury 008B,Investigation complete; no suspect identified
17f05c4c2fca6a44f2a421471c65627b7dc679714752ecfe7fa9185295aed86f,2024-11,Gloucestershire Constabulary,Gloucestershire Constabulary,-2.279949,51.818730,On or near Mansfield Mews,E01022338,Gloucester 015D,Investigation complete; no suspect identified
db2db16dc5ae2152c5d91d76bce220f9f88c68c8b476482d5602713329f56fca,2024-11,Gloucestershire Constabulary,Gloucestershire Constabulary,-2.088589,51.889807,On or near Dagmar Road,E01022136,Cheltenham 011B,Investigation complete; no suspect identified
774c8117e093de134f4b9eeb51262e7aaf34d4346cf7c395dcf27e4a59aab6b7,2024-11,Gloucestershire Constabulary,Gloucestershire Constabulary,-2.222242,51.840072,On or near Juniper Avenue,E01022324,Gloucester 011E,Investigation complete; no suspect identified
2fa0147833d20c46faa61f0e64bc607aa1e58c5619e75593489aa92faae08590,2024-11,Gloucestershire Constabulary,Gloucestershire Constabulary,-2.242674,51.863615,On or near Eastgate Street,E01032937,Gloucester 004F,Investigation complete; no suspect identified
fec7cf3a6e42c98d8dd1be030cce32d7e9d913408261824e8c163309bf29a811,2024-11,Gloucestershire Constabulary,Gloucestershire Constabulary,-2.531660,51.754834,On or near Yorkley Wood Road,E01022268,Forest of Dean 008D,Formal action is not in the public interest
6e5d6fcc8dd9c458e7877a7936d9152cab78bab8e96c33e0ed2a570f72f8b7e8,2024-11,Gloucestershire Constabulary,Gloucestershire Constabulary,-2.531660,51.754834,On or near Yorkley Wood Road,E01022268,Forest of Dean 008D,Investigation complete; no suspect identified
db364f4104a7c281b82fe4d4c4304cc4eb71c64b7c8092152891e2353b8b80c7,2024-11,Gloucestershire Constabulary,Gloucestershire Constabulary,-2.518474,51.719243,On or near Overstreet Green,E01022254,Forest of Dean 009C,Unable to prosecute suspect
0f12f72fe1b9259a6710aedca8f940439125e4e4e529ed41d79951776751ac2d,2024-11,Gloucestershire Constabulary,Gloucestershire Constabulary,-2.120142,51.865324,On or near Atherton Close,E01022454,Tewkesbury 008C,Unable to prosecute suspect
f744e0c89c26e0b21c758a70893c84a2b0c52ade3597294e745b60eba1629477,2024-11,Gloucestershire Constabulary,Gloucestershire Constabulary,-2.158110,51.846380,On or near Sayers Crescent,E01022421,Tewkesbury 009A,Investigation complete; no suspect identified
9cade45f4b6ac24de787cf6d24b3ffcd2fcecb3a9338c887cebcb7933167e814,2024-11,Gloucestershire Constabulary,Gloucestershire Constabulary,-2.066744,51.915041,On or near Lexington Square,E01022143,Cheltenham 002A,Investigation complete; no suspect identified
6690b308481e004162549961dff28d456fb814f300ed83d8c960a1922d850352,2024-11,Gloucestershire Constabulary,Gloucestershire Constabulary,-2.072255,51.897604,On or near Nightclub,E01022116,Cheltenham 009A,Investigation complete; no suspect identified
00c8cb2311ffe31b30a70632b4dc85e4173f09e320f79c19c79c752001056f2d,2024-11,Gloucestershire Constabulary,Gloucestershire Constabulary,-2.369225,51.693912,On or near Exell Close,E01022359,Stroud 011A,Unable to prosecute suspect
08b239620a0887521b1ec0d003b98b1483b297b88f990bbf468157c3d314bf3e,2024-11,Gloucestershire Constabulary,Gloucestershire Constabulary,-2.369225,51.693912,On or near Exell Close,E01022359,Stroud 011A,Unable to prosecute suspect
98d17442af9ae7a83c86afcef2ad62cc84f13be141a5a0d9660d6c3c5bde3812,2024-11,Gloucestershire Constabulary,Gloucestershire Constabulary,-2.076503,51.900452,On or near Post Office Lane,E01022127,Cheltenham 009G,Investigation complete; no suspect identified
dd76e0a993fd369fbfdb0edd731b86b46b69c12fba4618522b1fb80b9e8abbd7,2024-11,Gloucestershire Constabulary,Gloucestershire Constabulary,-2.075402,51.902287,On or near Bennington Street,E01022153,Cheltenham 004D,Unable to prosecute suspect
7696d3e221906f493ed75566999edb791c8532e1317d7ab19fb4ca3ae12626d1,2024-11,Gloucestershire Constabulary,Gloucestershire Constabulary,-2.241142,51.862270,On or near Theatre/Concert Hall,E01034793,Gloucester 004I,Investigation complete; no suspect identified
15dad7752a26fc1777053f901a2a1e66b153171a5adb5acae880ef0f93d53a8f,2024-11,Gloucestershire Constabulary,Gloucestershire Constabulary,-2.049683,51.908630,On or near Pennine Road,E01022131,Cheltenham 006A,Unable to prosecute suspect
96f9ff5b027fec65055f391152aac9dc1fec7e97ca4700849f9371dfc2196a66,2024-11,Gloucestershire Constabulary,Gloucestershire Constabulary,-2.000011,51.817814,On or near Petrol Station,E01022187,Cotswold 004B,Unable to prosecute suspect
afb3b0db0c57140e1f343b91aaa0a54f3e6157af796fb2c89dabe2b379fc0b03,2024-11,Gloucestershire Constabulary,Gloucestershire Constabulary,-1.975192,51.705657,On or near Springfield Road,E01022192,Cotswold 008B,Unable to prosecute suspect
db8e997d11bcbe4444d144123d24fd42a9b65b60694fc064cf71501e4dd1edd5,2024-11,Gloucestershire Constabulary,Gloucestershire Constabulary,-2.196134,51.861050,On or near Kennedy Close,E01022308,Gloucester 006E,Investigation complete; no suspect identified
e16b9ad6c9c6ac3c5db914094c79dc6977a2c2cdf1712cdd0539288541311a76,2024-11,Gloucestershire Constabulary,Gloucestershire Constabulary,-2.615063,51.808095,On or near Hillcrest Road,E01022229,Forest of Dean 007A,Unable to prosecute suspect
48da1a5db44004446634c620c217b90a276f32422c9d7840c47898abf376c311,2024-11,Gloucestershire Constabulary,Gloucestershire Constabulary,-2.069102,51.954716,On or near Cape Ruby Close,E01022439,Tewkesbury 010C,Investigation complete; no suspect identified
562179633704d6ed0462729a2033d1f7a70713ffa1e81c7cfc9470a1fb171104,2024-11,Gloucestershire Constabulary,Gloucestershire Constabulary,-2.246268,51.864813,On or near Shopping Area,E01032937,Gloucester 004F,Investigation complete; no suspect identified
1b22e914fa901a8d54ed9ff2630cb64841319fd02f72ab1d3b919c54d6133f89,2024-11,Gloucestershire Constabulary,Gloucestershire Constabulary,-2.214826,51.745806,On or near Parking Area,E01034804,Stroud 006G,Investigation complete; no suspect identified
1529b7f5ca2e6de191ddd6644747ccd48e01ac1cc4eaab155dc74968768458ca,2024-11,Gloucestershire Constabulary,Gloucestershire Constabulary,-1.703161,51.990227,On or near High Street,E01022211,Cotswold 002D,Unable to prosecute suspect
65bfce0c2198b65dda1ef5f04f303d09a291069e74e2e909d16f74b6664300bd,2024-11,Gloucestershire Constabulary,Gloucestershire Constabulary,,,No location,,,Unable to prosecute suspect
dd1ae7ed0a29306998e11e728200b58aefd5626af2e617c3b9dfab020d6ee545,2024-11,Gloucestershire Constabulary,Gloucestershire Constabulary,-2.245781,51.863420,On or near Shopping Area,E01032937,Gloucester 004F,Suspect charged as part of another case
d71bb076a9ad7cd4aaad20b61ca9a68c5be3d73aecbb20498992e39ac3d95ae1,2024-11,Gloucestershire Constabulary,Gloucestershire Constabulary,-2.110117,51.887164,On or near Buttermere Close,E01022169,Cheltenham 013C,Unable to prosecute suspect
28b2d3963218dd1b07d7d7ec3045d69c3548c9b122286cabc6b959b9e54fe20c,2024-11,Gloucestershire Constabulary,Gloucestershire Constabulary,-2.250776,51.868606,On or near Clare Street,E01032932,Gloucester 004E,Unable to prosecute suspect
3405b2b35779e305ecdd98ce7ec98e51c97e0dd9f6be9a3a426a6bf050356979,2024-11,Gloucestershire Constabulary,Gloucestershire Constabulary,-2.113220,51.907903,On or near Lechmere Road,E01022120,Cheltenham 005A,Unable to prosecute suspect
b62350640895cb5acb2757356e76d89333f0a991fb9ea4ff31e1130896363ed3,2024-11,Gloucestershire Constabulary,Gloucestershire Constabulary,,,No location,,,Unable to prosecute suspect
bb08c006112cbae5bbf9a35bfef21eb7e2add9949763b39b9191341e661f8663,2024-11,Gloucestershire Constabulary,Gloucestershire Constabulary,-2.242316,51.861854,On or near Wellington Street,E01034793,Gloucester 004I,Unable to prosecute suspect
8f8735e64c4b07ae68b548d52b0955b847fb473c6da03c3f1a0b0a8763152a5f,2024-11,Gloucestershire Constabulary,Gloucestershire Constabulary,-2.240988,51.868654,On or near Clarence Row,E01022311,Gloucester 002C,Investigation complete; no suspect identified
d15db8670c2104d5658a48d0a018410eb6f4b792122ebe3be4a7f521a5e16891,2024-11,Gloucestershire Constabulary,Gloucestershire Constabulary,-2.205579,51.875051,On or near Kimberley Close,E01022295,Gloucester 003A,Unable to prosecute suspect
d8fc363aa9e8a2b1bbb79ae447c5180efd6e191ef9667bb692715f4afa29721f,2024-11,Gloucestershire Constabulary,Gloucestershire Constabulary,-2.259650,51.858418,On or near Burrows Close,E01034791,Gloucester 004G,Investigation complete; no suspect identified
14103e1280cf3e9f9124ac45126c5abfd38be3bbc8d7eb62a726f3a26216876a,2024-11,Gloucestershire Constabulary,Gloucestershire Constabulary,-2.527967,51.727607,On or near Shopping Area,E01022256,Forest of Dean 009E,Unable to prosecute suspect
481bde43b792e1495039abe07f4f448917fc1c6073eec0e3e8d4f2c9c86c01ec,2024-11,Gloucestershire Constabulary,Gloucestershire Constabulary,-2.249473,51.837779,On or near Westbury Road,E01022344,Gloucester 012B,Unable to prosecute suspect
9c83a006c21bd03fe78601c1901108c52417152f060bc316d96d8817d9a953c8,2024-11,Gloucestershire Constabulary,Gloucestershire Constabulary,-2.274051,51.822143,On or near Petrol Station,E01032933,Gloucester 015E,Investigation complete; no suspect identified
632e4d5e56c06268b7e4d7398aa154398c0336eb0c0d6dac31bafa14c60aa43e,2024-11,Gloucestershire Constabulary,Gloucestershire Constabulary,-2.272695,51.809028,On or near Acorn Way,E01034802,Stroud 001H,Investigation complete; no suspect identified
0d3fb870523a72d9bebe457d6b8576cd5fa1c13dba7f4f1b84ac28095f9a3bd0,2024-11,Gloucestershire Constabulary,Gloucestershire Constabulary,-2.234476,51.750453,On or near Mathews Way,E01022377,Stroud 004E,Unable to prosecute suspect
53072e52e1046a644d00b16a6953e20a4df6989eb9ff41b92801c49273649117,2024-11,Gloucestershire Constabulary,Gloucestershire Constabulary,-2.208026,51.744380,On or near Hollow Lane,E01022399,Stroud 006B,Unable to prosecute suspect
62bce7436f9e54f9dce46069e5018a51d57c2610b1ef057eb1c23f84be843ca7,2024-11,Gloucestershire Constabulary,Gloucestershire Constabulary,-2.227552,51.842508,On or near Baneberry Road,E01022325,Gloucester 011F,Investigation complete; no suspect identified
8db36ce9b9f3c9857a3e6547757fb751f40998a24c22509a876d86b19fa29abf,2024-11,Gloucestershire Constabulary,Gloucestershire Constabulary,-2.237057,51.855823,On or near Llandilo Street,E01022291,Gloucester 005D,Investigation complete; no suspect identified
bb9b3690d83d49bde599b7708b23dc8805e05db7dc2db0e4243af2a8f0ce6ab3,2024-11,Gloucestershire Constabulary,Gloucestershire Constabulary,-2.252782,51.853398,On or near Clegram Road,E01022326,Gloucester 009A,Investigation complete; no suspect identified
36af8fd99ea65c8489a67ba5f789345204450cbb83c4a152a76c9086d8c21cda,2024-11,Gloucestershire Constabulary,Gloucestershire Constabulary,-2.243477,51.743350,On or near Shopping Area,E01022356,Stroud 004B,Investigation complete; no suspect identified
3fc943a06152e582ec1abb0c7b7809278c794a9cff3844635919c329f886e92f,2024-11,Gloucestershire Constabulary,Gloucestershire Constabulary,-2.216690,51.744922,On or near Kendrick Street,E01034804,Stroud 006G,Investigation complete; no suspect identified
6aab32baeb9427c1c68c057f7d1f6188d809e025d181d6b7c0dcfc8839bfbf51,2024-11,Gloucestershire Constabulary,Gloucestershire Constabulary,-1.781799,51.954544,On or near Close Gardens,E01022205,Cotswold 002C,Investigation complete; no suspect identified
ad45ac2c71e9c6ca10a2d47980de73df3acbe1519adace035a55726cb4c8184a,2024-11,Gloucestershire Constabulary,Gloucestershire Constabulary,-2.230023,51.857527,On or near India Road,E01022288,Gloucester 005A,Investigation complete; no suspect identified
b17fed2e147799004642f117ada717a2be40fbe69c7256ab78f78ffcc2c31289,2024-11,Gloucestershire Constabulary,Gloucestershire Constabulary,-2.214761,51.860118,On or near Shopping Area,E01022287,Gloucester 007G,Investigation complete; no suspect identified
3ff45a0818f6eae0800375c55d55334908395a8b2c7d3a41710eca4e9ee4b4db,2024-11,Gloucestershire Constabulary,Gloucestershire Constabulary,-2.158110,51.846380,On or near Sayers Crescent,E01022421,Tewkesbury 009A,Suspect charged as part of another case
9f8a3d265fee570ebc6c7f298e16dff6f01e78a9cec56a022a04d5da56c0ee8f,2024-11,Gloucestershire Constabulary,Gloucestershire Constabulary,-2.152124,51.986573,On or near Queens Road,E01022458,Tewkesbury 002C,Unable to prosecute suspect
0cc7f36b3f905fccdd8374b16c3e30576039f1b1132713a6f35f94130789658c,2024-11,Gloucestershire Constabulary,Gloucestershire Constabulary,-2.152124,51.986573,On or near Queens Road,E01022458,Tewkesbury 002C,Unable to prosecute suspect
0e591b3c7a8ae7f17386db39f9840ea0274cc95390c9e83d1d26d9f2e43cae72,2024-11,Gloucestershire Constabulary,Gloucestershire Constabulary,-2.056126,51.911414,On or near Bushel Close,E01022140,Cheltenham 008D,Suspect charged
672f37565a8ba6e117fe4be303e2a8bbd4792be3f4d140a30080b4259e41887f,2024-11,Gloucestershire Constabulary,Gloucestershire Constabulary,-2.079165,51.909935,On or near Parking Area,E01022139,Cheltenham 004A,Investigation complete; no suspect identified
7bce820faf35ff13ddfc015a5a8e7b56bccbf8e4d2a0cf8bec79982205e8d387,2024-11,Gloucestershire Constabulary,Gloucestershire Constabulary,-2.231703,51.867980,On or near Hyde Close,E01022311,Gloucester 002C,Investigation complete; no suspect identified
161a122663f57ee77a99811a1abdaeca36f22bd9bbdc1e8c47344bbc2f7e4d56,2024-11,Gloucestershire Constabulary,Gloucestershire Constabulary,-2.231703,51.867980,On or near Hyde Close,E01022311,Gloucester 002C,Unable to prosecute suspect
f759354941bb9b57b151aba922e89c5cdb851d7ed7923935e6947fd30777acf8,2024-11,Gloucestershire Constabulary,Gloucestershire Constabulary,-2.211787,51.863855,On or near Petrol Station,E01022287,Gloucester 007G,Investigation complete; no suspect identified
e79951dd1b12051c62578917c56d7931e9e637467a90f302c171a6e8cd42a73d,2024-11,Gloucestershire Constabulary,Gloucestershire Constabulary,-2.076503,51.900452,On or near Post Office Lane,E01022127,Cheltenham 009G,Local resolution
73165fe19a9992503dfae905a5df0a5fa9ead40f87f0e434917152b1a435b6f3,2024-11,Gloucestershire Constabulary,Gloucestershire Constabulary,-2.245394,51.861677,On or near St Michael's Square,E01034793,Gloucester 004I,Unable to prosecute suspect
11d488df1045e2416fccef36c5829800c3687f882215cfc0ebdbb85d14a48bed,2024-11,Gloucestershire Constabulary,Gloucestershire Constabulary,-2.234108,51.858445,On or near Hopewell Street,E01022291,Gloucester 005D,Unable to prosecute suspect
dcec393bc8de3b613edc1447ad70cb4a19bf81421098569545aa0a022eef254f,2024-11,Gloucestershire Constabulary,Gloucestershire Constabulary,-2.231703,51.867980,On or near Hyde Close,E01022311,Gloucester 002C,Local resolution
76489516b2cd6c1ddd398cb23d9c4ec0738072301955fbca0d14a23e80e64603,2024-11,Gloucestershire Constabulary,Gloucestershire Constabulary,-2.234108,51.858445,On or near Hopewell Street,E01022291,Gloucester 005D,Investigation complete; no suspect identified
3983e9fc4381be9b19479e06fb7caa78b516da533ab5e4438565a918163e083c,2024-11,Gloucestershire Constabulary,Gloucestershire Constabulary,-2.242965,51.866348,On or near Shopping Area,E01032937,Gloucester 004F,Investigation complete; no suspect identified
4890a30acfb3220fc90e8d86f60b14bb75c1a98abeef03e0f857b57771b27a02,2024-11,Gloucestershire Constabulary,Gloucestershire Constabulary,-2.072765,51.898278,On or near Bath Street,E01022117,Cheltenham 009B,Unable to prosecute suspect
cc5e54af5e93c8c7b4891ac80edb309dd1a9c63dd6086ce5d4545502b3c87056,2024-11,Gloucestershire Constabulary,Gloucestershire Constabulary,-2.220128,51.746075,On or near Merrywalks,E01034804,Stroud 006G,Unable to prosecute suspect
58cb36e06fb1c8703212524e4bbeb45bd0f016dfe50887b8e6dbf0e26341f403,2024-11,Gloucestershire Constabulary,Gloucestershire Constabulary,-2.074675,51.902512,On or near Rose And Crown Passage,E01022153,Cheltenham 004D,Unable to prosecute suspect
a63c3a826d240acc3b3d255bd635516d8f7fbd351e7f954458273ca83f7128d7,2024-11,Gloucestershire Constabulary,Gloucestershire Constabulary,-2.076503,51.900452,On or near Post Office Lane,E01022127,Cheltenham 009G,Unable to prosecute suspect
e378034abbdb8c079056323f17d6d74a65d7ad26757d7f31cc154d09fd4dc957,2024-11,Gloucestershire Constabulary,Gloucestershire Constabulary,-1.773751,52.087905,On or near Porter Close,E01022185,Cotswold 001E,Unable to prosecute suspect
df2da75c42c1388b67f40204931fe3fdd9b3f4a36dde495a3fae29522eeb0ec4,2024-11,Gloucestershire Constabulary,Gloucestershire Constabulary,-2.219205,51.833407,On or near Beacon Road,E01022320,Gloucester 011B,Unable to prosecute suspect
c9c87c7ba48bddec9818e8ad220dca2bcb4533f1881f01aab754e8b0e4dd85f4,2024-11,Gloucestershire Constabulary,Gloucestershire Constabulary,-2.246268,51.864813,On or near Shopping Area,E01032937,Gloucester 004F,Investigation complete; no suspect identified
22135fa78ae4048d3c5e54cf784e66a450c765adc587338f92756dfa657d0ff9,2024-11,Gloucestershire Constabulary,Gloucestershire Constabulary,-2.130864,51.886998,On or near Leyson Road,E01022108,Cheltenham 010C,Unable to prosecute suspect
734c0eabbaa90a73897851435eb93abe2d46cdbe7231c72954a1e7866ad67daf,2024-11,Gloucestershire Constabulary,Gloucestershire Constabulary,-2.184225,51.888959,On or near Magnolia Close,E01022429,Tewkesbury 007E,Local resolution
4d3bc3466dbef328b528fc5d1d2a7b159354dd4b28ed9bab5808660dfc21ec9e,2024-11,Gloucestershire Constabulary,Gloucestershire Constabulary,-2.195713,51.744033,On or near Target Close,E01022399,Stroud 006B,Unable to prosecute suspect
6a09748e9cd84a9fa9556424445074f5aeb3030f0e9c73202a377aa09d856d96,2024-11,Gloucestershire Constabulary,Gloucestershire Constabulary,-1.761963,51.676738,On or near Washpool Lane,E01022209,Cotswold 009E,Unable to prosecute suspect
430a53edb591b10d324f5b739f882c37dc2acaa48e71df12dc77f0cf278eb409,2024-11,Gloucestershire Constabulary,Gloucestershire Constabulary,-2.272907,51.824951,On or near Digby Green,E01032933,Gloucester 015E,Investigation complete; no suspect identified
4a0e1e1533c65dbb0e25276b0e2480eddff175f92510212a8dbde3b369e45a3d,2024-11,Gloucestershire Constabulary,Gloucestershire Constabulary,-1.783849,51.997167,On or near Petrol Station,E01022205,Cotswold 002C,Investigation complete; no suspect identified
74e8f72ed598e3e68c349468c1881ec3695b446fd020df4d9fa3dcfbba55435d,2024-11,Gloucestershire Constabulary,Gloucestershire Constabulary,-2.243009,51.864339,On or near Shopping Area,E01032937,Gloucester 004F,Suspect charged
59cdc6a26517f6c887ee2e496401bfe1971db7d929afe235b0f8762186098b3b,2024-11,Gloucestershire Constabulary,Gloucestershire Constabulary,-2.110624,52.004772,On or near Supermarket,E01022450,Tewkesbury 001B,Investigation complete; no suspect identified
6497c657911097f2322ecb48753ec2cfd464f59039500626e2a06f90cde6c755,2024-11,Gloucestershire Constabulary,Gloucestershire Constabulary,-2.182674,51.857601,On or near Horsbere Road,E01022304,Gloucester 006C,Unable to prosecute suspect
e90c8ed23f3f613e19accd996ce28d80965190727a0e68a523750a493987a074,2024-11,Gloucestershire Constabulary,Gloucestershire Constabulary,-2.120728,51.905333,On or near Hicks Beach Road,E01022122,Cheltenham 003A,Investigation complete; no suspect identified
00289511d0eb6e5954e2a9291c7b632259c9f72c73477a964d308c9a91200e35,2024-11,Gloucestershire Constabulary,Gloucestershire Constabulary,-2.283811,51.823819,On or near Druids Oak,E01022335,Gloucester 015A,Unable to prosecute suspect
b85cfbafc2b49c79cc28d1c886e3a438a08ad2b83ca1925da45a38f659dc129c,2024-11,Gloucestershire Constabulary,Gloucestershire Constabulary,-2.247669,51.874106,On or near Parking Area,E01032932,Gloucester 004E,Investigation complete; no suspect identified
072bf540fff3f179a5f05ba575c61fab6b1e45762f58da95d74892c2673149b1,2024-11,Gloucestershire Constabulary,Gloucestershire Constabulary,,,No location,,,Investigation complete; no suspect identified
d144b83fbdc9cc6d1cb75d5dceac3eea593a38515d5b52f0000b0481aa058246,2024-11,Gloucestershire Constabulary,Gloucestershire Constabulary,-2.250776,51.868606,On or near Clare Street,E01032932,Gloucester 004E,Investigation complete; no suspect identified
5929e027c5bb9718f7aa5d91d67dc0ec6a1867620af36c30b8dedecc38f3a74d,2024-11,Gloucestershire Constabulary,Gloucestershire Constabulary,-2.055868,51.949014,On or near Station Road,E01034813,Tewkesbury 011A,Unable to prosecute suspect
3838d1e3ce8c1ed4ee50d001e4e92000e96c4ac000ecbf337989a45e690cbf32,2024-11,Gloucestershire Constabulary,Gloucestershire Constabulary,-2.250788,51.740259,On or near Home Orchard,E01022356,Stroud 004B,Unable to prosecute suspect
242b8c0667449024771c6e65cee63ed966126af20380ce25c8ebe537c0a9e3c3,2024-11,Gloucestershire Constabulary,Gloucestershire Constabulary,-2.268800,51.819970,On or near Wycombe Road,E01034796,Gloucester 015J,Investigation complete; no suspect identified
fc5b0055383999eb3b9de748a28247905f4b07eb12db4e4d3952449ce000d471,2024-11,Gloucestershire Constabulary,Gloucestershire Constabulary,-2.278575,51.828786,On or near Farriers End,E01022335,Gloucester 015A,Unable to prosecute suspect
54b3dd4f3541d74df87e0f1ad4aa73353bcce66529fbc821a1cf5f6d785f5841,2024-11,Gloucestershire Constabulary,Gloucestershire Constabulary,-2.268800,51.819970,On or near Wycombe Road,E01034796,Gloucester 015J,Investigation complete; no suspect identified
9f78adf0523bd97d63b1d4df91d00a8eeb4c32f67923d9f2a67cc68ae009c42a,2024-11,Gloucestershire Constabulary,Gloucestershire Constabulary,-2.252631,51.859614,On or near Shopping Area,E01034791,Gloucester 004G,Investigation complete; no suspect identified
aca3d3f8c6d0565fcb7d7354d15d8eda19743210e2bae287d4ad15360ac46004,2024-11,Gloucestershire Constabulary,Gloucestershire Constabulary,-2.159768,51.728424,On or near Hawk Close,E01022369,Stroud 008D,Action to be taken by another organisation
303474af1b38c3352df18cabe76230def47b46a1a7a16e734f7aece143291593,2024-11,Gloucestershire Constabulary,Gloucestershire Constabulary,-2.413791,51.935074,On or near Horsefair Lane,E01022267,Forest of Dean 002C,Investigation complete; no suspect identified
4ce10191ced37f71f523d84ab9f3c13a1ca357b02ef9f70a462e8f749abcd98d,2024-11,Gloucestershire Constabulary,Gloucestershire Constabulary,-2.159768,51.728424,On or near Hawk Close,E01022369,Stroud 008D,Action to be taken by another organisation
517acc38ab5e2f3952360925d239b3e52924e973dba3acd6a5e95c99e23ae55b,2024-11,Gloucestershire Constabulary,Gloucestershire Constabulary,-2.236639,51.853693,On or near Morton Street,E01022294,Gloucester 008B,Investigation complete; no suspect identified
1220fdf963a0972562aa1d297253b4664c709f5ee8aba7576ef1ec1e283cbab5,2024-11,Gloucestershire Constabulary,Gloucestershire Constabulary,-2.159768,51.728424,On or near Hawk Close,E01022369,Stroud 008D,Action to be taken by another organisation
5e2adf2ada812f122afac1c97458f20d00eb9d5e58ad00657b4ebf9555b69221,2024-11,Gloucestershire Constabulary,Gloucestershire Constabulary,-2.490228,51.865955,On or near Churchill Way,E01022258,Forest of Dean 003C,Local resolution
13f6fe1536b7a173c0a8d88d6d3557e64cfa89ada58ebdabf18defac2cc49d73,2024-11,Gloucestershire Constabulary,Gloucestershire Constabulary,-2.104292,51.918042,On or near Shopping Area,E01022165,Cheltenham 001C,Investigation complete; no suspect identified
0c08a1459a4e68ea8403f4bb481704746b2e45df8a5c37301e559375990f67c9,2024-11,Gloucestershire Constabulary,Gloucestershire Constabulary,-2.523224,51.725686,On or near Klondyke Avenue,E01022256,Forest of Dean 009E,Unable to prosecute suspect
697e190b48233686078751ae033a0c891f91b97665657fbf02dbcae81c6e4296,2024-11,Gloucestershire Constabulary,Gloucestershire Constabulary,-1.962788,51.707354,On or near Petrol Station,E01022198,Cotswold 008D,Investigation complete; no suspect identified
48212106186505c6c61dae31da2d288b85359ebdd31390db9f04417cb8ae8128,2024-11,Gloucestershire Constabulary,Gloucestershire Constabulary,,,No location,,,Formal action is not in the public interest
a81697109864f7ee01969ede6c0619f746535f2cf87a8869873fb91ac690e5b9,2024-11,Gloucestershire Constabulary,Gloucestershire Constabulary,,,No location,,,Unable to prosecute suspect
5f7688a613ccd7ada79fcbb7b8b87527b0017a01c6a18e6a77ad94d92e6f86ef,2024-11,Gloucestershire Constabulary,Gloucestershire Constabulary,-1.689888,51.701457,On or near Roman Way,E01022208,Cotswold 009D,Action to be taken by another organisation
8be324afb9d42a6506dfdb75cdbc88bed9752ec092888d4fe694e34d27373d50,2024-11,Gloucestershire Constabulary,Gloucestershire Constabulary,-2.265893,51.821397,On or near Buchan Drive,E01034795,Gloucester 015I,Unable to prosecute suspect
0513f04c0797f27f11a82123b9a5ba4c447acf0eff28e4219e078fedc1ead5c9,2024-11,Gloucestershire Constabulary,Gloucestershire Constabulary,-2.406903,51.926143,On or near Culver Street,E01022261,Forest of Dean 002A,Investigation complete; no suspect identified
180dd627ccc57b579911487aaefe8fdd7dc24c7a8c00736c9b617dfbf3632bc9,2024-11,Gloucestershire Constabulary,Gloucestershire Constabulary,-2.077278,51.902942,On or near Henrietta Street,E01022153,Cheltenham 004D,Investigation complete; no suspect identified
1153f296020461090fd9014ce06692ca655bf7f90bf4c6494c4c26ee24a51ca0,2024-11,Gloucestershire Constabulary,Gloucestershire Constabulary,-2.255396,51.858589,On or near St Ann Way,E01022332,Gloucester 004A,Investigation complete; no suspect identified
ec5f4eeda4df4dda0db0907092692ab790d7cfdbfdfe2ddfb75cc2d143536419,2024-11,Gloucestershire Constabulary,Gloucestershire Constabulary,-1.983193,51.710289,On or near A419,E01022195,Cotswold 007B,Unable to prosecute suspect
99d60050a7a3195cd02ea04c2e6c6ffbb7b95002e6e281f4e95cf6c7f5b9de35,2024-11,Gloucestershire Constabulary,Gloucestershire Constabulary,-2.220022,51.831301,On or near Bazeley Road,E01022320,Gloucester 011B,Investigation complete; no suspect identified
192e73bddb827fa4a1886a36531e94f7b9303a3cba413426aaf8325c0fae8890,2024-11,Gloucestershire Constabulary,Gloucestershire Constabulary,-2.472206,51.714762,On or near New Street,E01022351,Stroud 012A,Unable to prosecute suspect
69830bea322540fb60e9286e145042575084cf69174d46e2371ba7aa851ae882,2024-11,Gloucestershire Constabulary,Gloucestershire Constabulary,-2.211128,51.831803,On or near Corncroft Lane,E01022320,Gloucester 011B,Unable to prosecute suspect
7481d9fca501c76d28c4082524cde5af5c71f153e8d48241d305c27cb92f9236,2024-11,Gloucestershire Constabulary,Gloucestershire Constabulary,-2.211128,51.831803,On or near Corncroft Lane,E01022320,Gloucester 011B,Unable to prosecute suspect
c2cbc66d1d2a210cfd2cfad217f2074c84d7dc3ddb7cfa1306785591207ff646,2024-11,Gloucestershire Constabulary,Gloucestershire Constabulary,-2.276067,51.829133,On or near Queen Anne Court,E01022335,Gloucester 015A,Unable to prosecute suspect
753bdc947a38c2f63d0c6bed25c2290b168e17f336fc1468d6a0c9cb33dbb9cd,2024-11,Gloucestershire Constabulary,Gloucestershire Constabulary,,,No location,,,Investigation complete; no suspect identified
f1177fa7846806a582f2c264f3556bbdb015aafe4c8157214ab12f3905f8f4d6,2024-11,Gloucestershire Constabulary,Gloucestershire Constabulary,-2.066999,51.900862,On or near Fairview Close,E01022101,Cheltenham 008B,Investigation complete; no suspect identified
4fc8492b9bfcd6436251bb286d108d5db30de0503c6631ad204645e56245a6fe,2024-11,Gloucestershire Constabulary,Gloucestershire Constabulary,-2.056948,51.940265,On or near Moreton Close,E01022432,Tewkesbury 011E,Unable to prosecute suspect
c6c9725ce321874248ae3966a6d51561350f9a0ffb81753c7b4609dc384b4e76,2024-11,Gloucestershire Constabulary,Gloucestershire Constabulary,-2.063985,51.948344,On or near Hill View Close,E01034814,Tewkesbury 011B,Investigation complete; no suspect identified
b5c23212ebb4e18d1dfd031e7862f2df93630be0d32f2d007ae82cc1bc3651c7,2024-11,Gloucestershire Constabulary,Gloucestershire Constabulary,-2.077598,51.903355,On or near Parking Area,E01022153,Cheltenham 004D,Investigation complete; no suspect identified
ef68ad43dd6d207ce87c161b87578f748126386f66bd47c24b77580412390b6d,2024-11,Gloucestershire Constabulary,Gloucestershire Constabulary,-2.057505,51.943646,On or near Courtiers Drive,E01034815,Tewkesbury 011D,Unable to prosecute suspect
fe35d88a5309b62760dbaa060add63aabfa50e0209ba42500553ee2d28e53b1b,2024-11,Gloucestershire Constabulary,Gloucestershire Constabulary,-2.259536,51.838665,On or near Keats Avenue,E01022333,Gloucester 009E,Unable to prosecute suspect
fedd475adb2d22c0dd866a408e6d1ff34a870b8fa79444399f8b49ee967e2a53,2024-11,Gloucestershire Constabulary,Gloucestershire Constabulary,-2.042531,51.909010,On or near Honeysuckle Close,E01022145,Cheltenham 002C,Investigation complete; no suspect identified
72b83b0459ef4f089fcbdce26be7da783654c4cf890e83a81c024dfb7d3cd7b5,2024-11,Gloucestershire Constabulary,Gloucestershire Constabulary,,,No location,,,Investigation complete; no suspect identified
402e93c1edd52d40acb4ebc386415d873f67c3379aa8e9fcf557db22f717706e,2024-11,Gloucestershire Constabulary,Gloucestershire Constabulary,-2.233795,51.870898,On or near Heathville Road,E01022312,Gloucester 002D,Unable to prosecute suspect
5470fafece298c91cc07ca92a268e95deba360638fa896bc2593cedb451653b3,2024-11,Gloucestershire Constabulary,Gloucestershire Constabulary,-1.767393,52.089583,On or near High Street,E01022185,Cotswold 001E,Investigation complete; no suspect identified
bd4c7abf534352c21cd85c583821c5af70a7f9459ca2fb271e4fddf005eb049f,2024-11,Gloucestershire Constabulary,Gloucestershire Constabulary,-2.152485,51.985700,On or near Warwick Place,E01022457,Tewkesbury 002B,Unable to prosecute suspect
43bb33676ad8ac4b5750b52a99ecfa3bf3d47f3b69e71ad2b9bf81d180088242,2024-11,Gloucestershire Constabulary,Gloucestershire Constabulary,-2.252827,51.750064,On or near Hawthorn Rise,E01022357,Stroud 004C,Investigation complete; no suspect identified
1ca2dd6ff4a9c04f102342402965222b3c7ebe9debf846ca517f2721b2841727,2024-11,Gloucestershire Constabulary,Gloucestershire Constabulary,-2.055570,51.908528,On or near Lynworth Place,E01022131,Cheltenham 006A,Investigation complete; no suspect identified
ff95ca69cbcc7b677cd588836c79a5f404e71a6180cf9afa54aa7356e8fa0b2b,2024-11,Gloucestershire Constabulary,Gloucestershire Constabulary,-2.196489,51.859170,On or near Supermarket,E01022308,Gloucester 006E,Investigation complete; no suspect identified
8ac78a972784cbedf66e4e897c6874cb2799b6e1ca2ab33185128a1ffc44a0ca,2024-11,Gloucestershire Constabulary,Gloucestershire Constabulary,-2.363455,51.697877,On or near Hill Close,E01022361,Stroud 011C,Unable to prosecute suspect
b11034e037b9edff843a2353a6782acac27cde994b8800ff6b742e8b1910f8a2,2024-11,Gloucestershire Constabulary,Gloucestershire Constabulary,-2.234696,51.815170,On or near Gilberts Lane,E01034801,Stroud 001G,Investigation complete; no suspect identified
dee8e3f48e706d441cb469e3dc63e7c1eb8575a67431dd5cb499f0c5e4f7dfe4,2024-11,Gloucestershire Constabulary,Gloucestershire Constabulary,-1.717693,51.927876,On or near Parking Area,E01022177,Cotswold 002A,Investigation complete; no suspect identified
8a3851b42569335e474371fcad843eced03eb0236ffa8e57605100c3c208eca1,2024-11,Gloucestershire Constabulary,Gloucestershire Constabulary,-2.234045,51.851828,On or near Tarrington Road,E01022294,Gloucester 008B,Unable to prosecute suspect
ca88ee61ea1da9bbed2a7f8440db1bd088f3154bd43264ee605f29bc60a42d20,2024-11,Gloucestershire Constabulary,Gloucestershire Constabulary,-2.054572,51.900860,On or near B4075,E01022100,Cheltenham 008A,Unable to prosecute suspect
4b50a20cde94ee40ed2014b8dd8e30b295c61163514bbe485975f41edbdfae1d,2024-11,Gloucestershire Constabulary,Gloucestershire Constabulary,-2.192689,51.883991,On or near Dancey Road,E01022428,Tewkesbury 007D,Investigation complete; no suspect identified
6b08b8c1a99b9465f57787c76fea8834d1cc456d340c7033f7f61f15f4e3f2a4,2024-11,Gloucestershire Constabulary,Gloucestershire Constabulary,-2.078113,51.889779,On or near Clare Street,E01022119,Cheltenham 009C,Investigation complete; no suspect identified
b1210a3f5f1d5c31cc63d694d91224c8bc768418bc882a91d1bbadfde4e1e7e4,2024-11,Gloucestershire Constabulary,Gloucestershire Constabulary,-2.236118,51.863077,On or near Supermarket,E01022289,Gloucester 005B,Investigation complete; no suspect identified
dfe18c6679ab7a5f9518390bc1c86c1748da03e92324bec3bec47fedff88e9eb,2024-11,Gloucestershire Constabulary,Gloucestershire Constabulary,-2.059860,51.942305,On or near Cleeve Court,E01022437,Tewkesbury 010D,Unable to prosecute suspect
6e298b837c8a419f5770bc92ec27dbbff610f631158b26415ff9996f5273e488,2024-11,Gloucestershire Constabulary,Gloucestershire Constabulary,-2.122636,51.864108,On or near Lambert Avenue,E01022454,Tewkesbury 008C,Unable to prosecute suspect
5b5b8a433f8ba0a1b4cfafe24bdd1bc623a035c3ecbd3f0e0168106e45f17c1e,2024-11,Gloucestershire Constabulary,Gloucestershire Constabulary,-2.271036,51.835234,On or near Shopping Area,E01022301,Gloucester 013C,Investigation complete; no suspect identified
5a844a52c25a77084508d5d035c337258e27588b287d47afe77c70c6186c3325,2024-11,Gloucestershire Constabulary,Gloucestershire Constabulary,-2.238264,51.848276,On or near Sports/Recreation Area,E01022329,Gloucester 008E,Unable to prosecute suspect
51615f84616bb412b8af77725f19dd454450c73b80bbd89cfcc25a78ab87178c,2024-11,Gloucestershire Constabulary,Gloucestershire Constabulary,-2.223552,51.849636,On or near Old Painswick Road,E01022284,Gloucester 007D,Suspect charged
5af885851de98c6eb5044b8c5a67b39928a54be213984784c3a620e17d9e2878,2024-11,Gloucestershire Constabulary,Gloucestershire Constabulary,-2.223683,51.694459,On or near The Rollers,E01022386,Stroud 013B,Suspect charged
5b09aaa129dd4cf79217c07be5e0df2dd3a957611db7c11f3819d7524a4bf257,2024-11,Gloucestershire Constabulary,Gloucestershire Constabulary,-2.117674,51.898871,On or near Cowper Road,E01022147,Cheltenham 005C,Unable to prosecute suspect
71164ad02ccf39573fb592529c4a6abc87f42447ae8bd8f6f1e4be7736300c79,2024-11,Gloucestershire Constabulary,Gloucestershire Constabulary,-2.291036,51.823738,On or near Goss Wood Corner,E01022336,Gloucester 015B,Unable to prosecute suspect
ce4a5c54b3bf938d9db7ab5ebad564bb055ffb1fe368d4dea8b77e58ab66daef,2024-11,Gloucestershire Constabulary,Gloucestershire Constabulary,-2.077598,51.903355,On or near Parking Area,E01022153,Cheltenham 004D,Investigation complete; no suspect identified
eebaae974385e22e4be2719f92a18ee01d484b4dec463fa347663c78fc597982,2024-11,Gloucestershire Constabulary,Gloucestershire Constabulary,-2.217670,51.840072,On or near Rectory Road,E01022324,Gloucester 011E,Investigation complete; no suspect identified
569f467b1e28e08ddc6e260488f276e1c85a820cac2eadf437d4b8e872f53906,2024-11,Gloucestershire Constabulary,Gloucestershire Constabulary,-2.230804,51.871075,On or near Michaelmas Court,E01022312,Gloucester 002D,Unable to prosecute suspect
c18e9e8e5e081df6f2d551d149615c8d19e869abb8269a5c30b15ff124f8a2e2,2024-11,Gloucestershire Constabulary,Gloucestershire Constabulary,-2.230804,51.871075,On or near Michaelmas Court,E01022312,Gloucester 002D,Unable to prosecute suspect
9129a3019cafed755e7e03739bfb0fc534d291eff4521a363af3c88cea906203,2024-11,Gloucestershire Constabulary,Gloucestershire Constabulary,-2.662014,51.643704,On or near Crane Pool Avenue,E01022274,Forest of Dean 010D,Local resolution
46ed633b0afd70686b13f0858fd073e195ff1312194e58b3302d223f65a0f7f6,2024-11,Gloucestershire Constabulary,Gloucestershire Constabulary,-2.111432,51.902015,On or near Britten Place,E01022147,Cheltenham 005C,Investigation complete; no suspect identified
85894e92f88ebea4f7a2775ff75b2359b1f8a797a62607a30db655229bc4397d,2024-11,Gloucestershire Constabulary,Gloucestershire Constabulary,-2.234284,51.855855,On or near Albany Street,E01022291,Gloucester 005D,Investigation complete; no suspect identified
f117fd4ab39edcbdb9dba9363804b68390ad21d13ab470510f167c69b9729976,2024-11,Gloucestershire Constabulary,Gloucestershire Constabulary,-2.237752,51.858294,On or near Thomas Street,E01022289,Gloucester 005B,Unable to prosecute suspect
180ad857936ca855a49b50f2aa3795de5d590f103abe8b8197c926dcacb58b00,2024-11,Gloucestershire Constabulary,Gloucestershire Constabulary,-1.948027,51.720052,On or near Parry Close,E01022188,Cotswold 006A,Unable to prosecute suspect
7916b2730db3681e4b648c03c46762a96423f6bf07c0e822dbdeca59f7b233b6,2024-11,Gloucestershire Constabulary,Gloucestershire Constabulary,-2.078087,51.900289,On or near Crescent Place,E01022127,Cheltenham 009G,Investigation complete; no suspect identified
e9fb16f76c2b7026e7582c76eebda39806cfb058e46c7f3314b4e235121d5a1f,2024-11,Gloucestershire Constabulary,Gloucestershire Constabulary,-2.194859,51.744124,On or near Gibson Close,E01022399,Stroud 006B,Formal action is not in the public interest
df90c2e45fc810fc73dd7793cc1e3572c9e4f31849ad8df46ffa8cc8382dcb4f,2024-11,Gloucestershire Constabulary,Gloucestershire Constabulary,-2.536065,51.725583,On or near Raglan Gardens,E01022226,Forest of Dean 009A,Unable to prosecute suspect
ce19879db9c0ade13dd0f233e6189ad5bbb04032f9b398925b591b04a2bc3655,2024-11,Gloucestershire Constabulary,Gloucestershire Constabulary,-2.112039,51.999601,On or near Northway Lane,E01022450,Tewkesbury 001B,Investigation complete; no suspect identified
cfc97f612866eb3026b3635d4dfab9f993bb351b45ad1e7d76aad07da4381710,2024-11,Gloucestershire Constabulary,Gloucestershire Constabulary,-2.241429,51.869669,On or near Worcester Parade,E01022311,Gloucester 002C,Unable to prosecute suspect
34704d516f2c005ddbfa8f73a81f512ed4dcf0f75481361d8f35856972da7c52,2024-11,Gloucestershire Constabulary,Gloucestershire Constabulary,-2.386359,51.994371,On or near Sandfields,E01022233,Forest of Dean 001A,Investigation complete; no suspect identified
f0047d33598646bf625b6c5a27784a160b9998f0949a4e352549400d8eb7ff6f,2024-11,Gloucestershire Constabulary,Gloucestershire Constabulary,-2.214238,51.838820,On or near Winsley Road,E01022319,Gloucester 011A,Local resolution
31c4aacd3e4a5e829869eeacad77ca6020867fc90bd6f7820efaa08229c92da3,2024-11,Gloucestershire Constabulary,Gloucestershire Constabulary,-2.239897,51.742827,On or near Bridge Street,E01022356,Stroud 004B,Unable to prosecute suspect
68e03fca719053ac0076551c5dcef8192c48ed2f251cd29c8df9a31204f65e02,2024-11,Gloucestershire Constabulary,Gloucestershire Constabulary,-2.099893,51.915449,On or near Shopping Area,E01022165,Cheltenham 001C,Investigation complete; no suspect identified
853ac3e38878abdac6b06b4147202980b598649e2d19addd78de9d6546a97dd2,2024-11,Gloucestershire Constabulary,Gloucestershire Constabulary,-2.222504,51.860823,On or near Supermarket,E01022312,Gloucester 002D,Investigation complete; no suspect identified
a9e67e67b903f71d2dc3cd2136802dba625a3708220f7b793d72b7ece505ca9a,2024-11,Gloucestershire Constabulary,Gloucestershire Constabulary,-2.115959,51.741037,On or near Limekiln Lane,E01022354,Stroud 002A,Unable to prosecute suspect
ec654866246fda429243dab15042170be35cd8b25b1006b09fdb0d3f539a16c6,2024-11,Gloucestershire Constabulary,Gloucestershire Constabulary,,,No location,,,Unable to prosecute suspect
73396e2c963c1ec02c72229c558e5c067814e80f07a726f2ef72039d66b8abae,2024-11,Gloucestershire Constabulary,Gloucestershire Constabulary,-2.534252,51.725268,On or near Petrol Station,E01022226,Forest of Dean 009A,Unable to prosecute suspect
ad89ad071d1e727c365831c1353d18961d1870cd5e1c0c87df36b542b89fda83,2024-11,Gloucestershire Constabulary,Gloucestershire Constabulary,-2.439864,51.977569,On or near Western Way,E01022233,Forest of Dean 001A,Unable to prosecute suspect
799677f66b4caba06b01a5cdd63b2856c04919b8c9d8d0f23ec52f422a887cd4,2024-11,Gloucestershire Constabulary,Gloucestershire Constabulary,-2.247123,51.827462,On or near Bisley Road,E01022346,Gloucester 012D,Unable to prosecute suspect
debf5570f961cc03c4c84b466ff1c8c31b95ae5118622ed9df6cb8fc7968c9d0,2024-11,Gloucestershire Constabulary,Gloucestershire Constabulary,-2.221456,51.878088,On or near Longland Court,E01022318,Gloucester 001E,Investigation complete; no suspect identified
ea4e7d99e676309a54cc457a0c11062369cff220a5db60f3351e70bb5811b116,2024-11,Gloucestershire Constabulary,Gloucestershire Constabulary,-1.947485,51.838374,On or near The Farthings,E01022186,Cotswold 004A,Investigation complete; no suspect identified
50bf609cab5343294666129847754d0ba179a1f4ecf8469a096ec99a0e6ecea0,2024-11,Gloucestershire Constabulary,Gloucestershire Constabulary,-2.109141,51.916070,On or near Newland View,E01022165,Cheltenham 001C,Unable to prosecute suspect
286fade8290e39d0409d3e2ee0ba7472deac11c8ab0dc47bf4b9aeea92203c0e,2024-11,Gloucestershire Constabulary,Gloucestershire Constabulary,-1.949374,51.836541,On or near Kings Head Lane,E01022186,Cotswold 004A,Investigation complete; no suspect identified
64aa6d41c664d04a7ffc41486212da0344c02aaeb585cfeaf2ae3d83f465825e,2024-11,Gloucestershire Constabulary,Gloucestershire Constabulary,-1.774198,52.088967,On or near Dixon Close,E01022185,Cotswold 001E,Suspect charged
64aa6d41c664d04a7ffc41486212da0344c02aaeb585cfeaf2ae3d83f465825e,2024-11,Gloucestershire Constabulary,Gloucestershire Constabulary,-1.774198,52.088967,On or near Dixon Close,E01022185,Cotswold 001E,Suspect charged
2f824d7a864ec1d1e434f00b1b7bfdf168be188246b260fadf0865e1ab41764a,2024-11,Gloucestershire Constabulary,Gloucestershire Constabulary,-1.697464,51.871588,On or near Sparrows Way,E01034786,Cotswold 003H,Unable to prosecute suspect
0ada0be1b9243083f2029c403135a6e6d7fc3459eeaff6d1cfc7e292e4084e85,2024-11,Gloucestershire Constabulary,Gloucestershire Constabulary,-2.439864,51.977569,On or near Western Way,E01022233,Forest of Dean 001A,Unable to prosecute suspect
bf9985e2cdf85b380c76aa7be0cf32849cd593ed7136f25b450e3ca758fa96a6,2024-11,Gloucestershire Constabulary,Gloucestershire Constabulary,-2.262196,51.849287,On or near Kaskelot Way,E01034794,Gloucester 004J,Unable to prosecute suspect
0a3720b913145fe64054fb2330bbae737e54d925ac7e2de44890f5461f753332,2024-11,Gloucestershire Constabulary,Gloucestershire Constabulary,-1.975350,51.708013,On or near Apsley Close,E01022192,Cotswold 008B,Investigation complete; no suspect identified
bc2c88d7ef3a1b4a18e32dbb26ee751c10555528c4746cb9decb485ffc16afe7,2024-11,Gloucestershire Constabulary,Gloucestershire Constabulary,-1.949889,51.712087,On or near Crabtree Lane,E01022190,Cotswold 006C,Investigation complete; no suspect identified
b0efcfac9dcea95b7dec6805d62ff23070043d0aa8bdaa0b4f41bae118823504,2024-11,Gloucestershire Constabulary,Gloucestershire Constabulary,-2.145391,51.985026,On or near Millennium Close,E01032939,Tewkesbury 001G,Investigation complete; no suspect identified
1bd966c670ccb526229ed7ad39d5129bb5606766c28669e54978c5b2308d0f26,2024-11,Gloucestershire Constabulary,Gloucestershire Constabulary,-2.424669,51.692753,On or near Petrol Station,E01022352,Stroud 012B,Investigation complete; no suspect identified
b04a4aadcb4bff342ad7a86d1fd7e70abaec4f7ccac4a932a3a8fd72f8c63750,2024-11,Gloucestershire Constabulary,Gloucestershire Constabulary,-2.079836,51.755605,On or near Farm Road,E01022201,Cotswold 004C,Unable to prosecute suspect
d2fbe2a38920611f1b5ff81bb5542fb25afa0b88fdb985cc358f3532fd8d45bd,2024-11,Gloucestershire Constabulary,Gloucestershire Constabulary,-2.072255,51.897604,On or near Nightclub,E01022116,Cheltenham 009A,Investigation complete; no suspect identified
aaa4533af55787f87751c475bc9c5a94e2c6162c390b2c4609de8e197470016c,2024-11,Gloucestershire Constabulary,Gloucestershire Constabulary,-2.361910,51.714588,On or near Box Road,E01022363,Stroud 011E,Investigation complete; no suspect identified
ae2bfc576d4774cb03e6d6357845edad1ec23889bea3ab12eed6c37d4f48ef87,2024-11,Gloucestershire Constabulary,Gloucestershire Constabulary,-2.519543,51.760651,On or near Oaklea Road,E01022268,Forest of Dean 008D,Investigation complete; no suspect identified
a5ea467d60f6d2dde5cc71b3f0ca91ad265c3071c60561128666fd696d2d9c83,2024-11,Gloucestershire Constabulary,Gloucestershire Constabulary,-2.243009,51.864339,On or near Shopping Area,E01032937,Gloucester 004F,Unable to prosecute suspect
57350994b00190d43af356f430eb2f23fcdc199409c860172362974eb791ad30,2024-11,Gloucestershire Constabulary,Gloucestershire Constabulary,-2.526772,51.726150,On or near Bus/Coach Station,E01022256,Forest of Dean 009E,Investigation complete; no suspect identified
42ceb797fe1531a94eb71bab20f6e0a8003c9baacb1e5f5b694a1a3cc1f944a9,2024-11,Gloucestershire Constabulary,Gloucestershire Constabulary,-1.972133,51.714010,On or near Hammond Way,E01022194,Cotswold 007A,Investigation complete; no suspect identified
d0505fab84c9d6ed264edf5d227535fc8dd255a981e003f1b180a62ee8193b0e,2024-11,Gloucestershire Constabulary,Gloucestershire Constabulary,-2.083333,51.907757,On or near Vine Court,E01022151,Cheltenham 004B,Unable to prosecute suspect
533863ea39ec3b2e70d200c68980404f5ee2d8560a481b2356b462df07199980,2024-11,Gloucestershire Constabulary,Gloucestershire Constabulary,-2.071038,51.900392,On or near Parking Area,E01022102,Cheltenham 008C,Suspect charged
54042de4aca1f3ada6f0567bd968c5efda467c0333a9bdeb77aa0ea0a6e9981c,2024-11,Gloucestershire Constabulary,Gloucestershire Constabulary,-1.952210,51.706442,On or near Cricklade Road,E01022225,Cotswold 008E,Investigation complete; no suspect identified
f20b4b2d41b7c42ffd6f217d7c131b3e20db537786049ee233db899ba6e050c9,2024-11,Gloucestershire Constabulary,Gloucestershire Constabulary,-2.247669,51.874106,On or near Parking Area,E01032932,Gloucester 004E,Investigation complete; no suspect identified
08b094688bf0f1447159a04dab60d519c8ee0646302d567347624680921d2665,2024-11,Gloucestershire Constabulary,Gloucestershire Constabulary,-2.073568,51.900643,On or near Shopping Area,E01022102,Cheltenham 008C,Suspect charged as part of another case
200fdcfe1a7e9366310253600bebfa194dd514b31b9b632f220d8c417913f2dc,2024-11,Gloucestershire Constabulary,Gloucestershire Constabulary,-4.553680,53.392649,On or near Parking Area,W01000031,Isle of Anglesey 001E,Suspect charged
d01574aa2eb374806cf515c4c74d4939b6af827663fecd61e08e9b97024e8c77,2024-11,Gloucestershire Constabulary,Gloucestershire Constabulary,-2.197029,51.839767,On or near Kennett Gardens,E01022281,Gloucester 010D,Unable to prosecute suspect
41fcb35a8a12441e079f522fbcf411cb31a499a83d5338b324f46abee619698a,2024-11,Gloucestershire Constabulary,Gloucestershire Constabulary,-2.454306,51.694980,On or near Jester Court,E01022353,Stroud 012C,Investigation complete; no suspect identified
f7b64f26e96bf98f859280fbbeb43526e6cc08110dcbcba5cdea905300b70946,2024-11,Gloucestershire Constabulary,Gloucestershire Constabulary,-2.217234,51.861013,On or near Southbrook Road,E01022287,Gloucester 007G,Unable to prosecute suspect
92908250157ca898dd7a9dc9ea898f52f1660112e54eec54c0fd769a9d37dbd4,2024-11,Gloucestershire Constabulary,Gloucestershire Constabulary,-1.967370,51.715564,On or near Cricklade Street,E01022194,Cotswold 007A,Suspect charged
9d87463df8cf18d69d72554adadf0aa0264e7b1f370fac484f1c269aa3b645b9,2024-11,Gloucestershire Constabulary,Gloucestershire Constabulary,-1.967370,51.715564,On or near Cricklade Street,E01022194,Cotswold 007A,Suspect charged
50cfcc5d4e2c0b6011be1dde42e3f9c194cb32b89a2e55a3e064e35556f83ab7,2024-11,Gloucestershire Constabulary,Gloucestershire Constabulary,-1.967370,51.715564,On or near Cricklade Street,E01022194,Cotswold 007A,Suspect charged
af595e074af05a01270317d0c84d2a0c654acbb844f6b11ad7fbc6a9618edc4f,2024-11,Gloucestershire Constabulary,Gloucestershire Constabulary,-2.232269,51.862252,On or near Lobb Court,E01022289,Gloucester 005B,Unable to prosecute suspect
bcd984c33c563dd6f04ee580e7a8083d7c98876949651999680b18f9908979e5,2024-11,Gloucestershire Constabulary,Gloucestershire Constabulary,-2.243009,51.864339,On or near Shopping Area,E01032937,Gloucester 004F,Investigation complete; no suspect identified
7a5256519307c4b358dba6411eb930d32549046e9bc67f0f8a41216bc80cb264,2024-11,Gloucestershire Constabulary,Gloucestershire Constabulary,-2.083333,51.907757,On or near Vine Court,E01022151,Cheltenham 004B,Investigation complete; no suspect identified
3ad9cf7403b6da2b2e46ba89c9817a30f4fe89e0891a74b0a11ff54b4c78b183,2024-11,Gloucestershire Constabulary,Gloucestershire Constabulary,-2.086998,51.916134,On or near Supermarket,E01022163,Cheltenham 001A,Investigation complete; no suspect identified
eb1be7bd2908797cdd037c5534dc250248cbb3895abd3f5d26de402d6595eaf0,2024-11,Gloucestershire Constabulary,Gloucestershire Constabulary,-2.237236,51.851354,On or near Nelson Street,E01022329,Gloucester 008E,Unable to prosecute suspect
b945838294576785fb1e58be2a720a31f64e58fbab1565fb08d1f47da854b7c6,2024-11,Gloucestershire Constabulary,Gloucestershire Constabulary,-2.232602,51.856281,On or near Upton Street,E01022288,Gloucester 005A,Unable to prosecute suspect
a723e64b15661db60f4a70fa1dea2aed53aecea1f974f498e4bf3cff985df5a5,2024-11,Gloucestershire Constabulary,Gloucestershire Constabulary,-2.152652,51.846414,On or near Clyde Road,E01022424,Tewkesbury 009D,Investigation complete; no suspect identified
5ec1038fd05d25631baea904f8a1b591202c37efa74d5c929cb5e921145db033,2024-11,Gloucestershire Constabulary,Gloucestershire Constabulary,-2.115443,51.868008,On or near School Lane,E01022454,Tewkesbury 008C,Investigation complete; no suspect identified
12418847693f753dc8943bdca85a66ac118fa2f135258c8e7ff2a4a4ed39901e,2024-11,Gloucestershire Constabulary,Gloucestershire Constabulary,-2.113142,51.911490,On or near Welch Road,E01022160,Cheltenham 003B,Investigation complete; no suspect identified
332c242f41071ea96af453d45f66c4905fc92f2f2774960a1a9068aad898d116,2024-11,Gloucestershire Constabulary,Gloucestershire Constabulary,-2.242965,51.866348,On or near Shopping Area,E01032937,Gloucester 004F,Investigation complete; no suspect identified
816fb30b0f3555eefc927ac0d018eb8edeebc0f5d2c611bc511fe780a6b0f973,2024-11,Gloucestershire Constabulary,Gloucestershire Constabulary,-2.125563,51.903197,On or near Laburnum Court,E01022122,Cheltenham 003A,Investigation complete; no suspect identified
bbd184f44eb60bb22b9cfebdddbf68757ebb53553b7f763ee28afb21958df846,2024-11,Gloucestershire Constabulary,Gloucestershire Constabulary,-2.090752,51.910440,On or near Compton Road,E01022164,Cheltenham 001B,Unable to prosecute suspect
b648672ef388c14a1781e79b4f88c4ac51415770813c948b4089a6f29b918f50,2024-11,Gloucestershire Constabulary,Gloucestershire Constabulary,-2.244689,51.841574,On or near New Dawn View,E01022334,Gloucester 009F,Unable to prosecute suspect
2771cffde6ac062c2bc59bceeaf4c80b94a7fb17ec76587ec28496d3ee3db5cd,2024-11,Gloucestershire Constabulary,Gloucestershire Constabulary,-2.236746,51.843685,On or near Selwyn Road,E01022343,Gloucester 012A,Investigation complete; no suspect identified
23892d12569ed6bcff60a8525542dd0b8c103b365f3fd71d29b46d6e98a4e7af,2024-11,Gloucestershire Constabulary,Gloucestershire Constabulary,-2.088248,51.908436,On or near Sun Street,E01022164,Cheltenham 001B,Unable to prosecute suspect
246d9e3a7a184185b9b0736155c52b87af54ef4fc5e33401b51c91ef43c3fbd6,2024-11,Gloucestershire Constabulary,Gloucestershire Constabulary,,,No location,,,Unable to prosecute suspect
e29622bab2ffc952d7399ceef360122ae7e6c0e8f3d316a8647d0f3c9096543c,2024-11,Gloucestershire Constabulary,Gloucestershire Constabulary,-2.158110,51.846380,On or near Sayers Crescent,E01022421,Tewkesbury 009A,Suspect charged as part of another case
ce5ffcb2d3a655947d65388371eb8ef5d238448414f4717c83921f1a1c3ffee0,2024-11,Gloucestershire Constabulary,Gloucestershire Constabulary,-2.069260,51.897148,On or near Berkeley Street,E01022102,Cheltenham 008C,Unable to prosecute suspect
bac2e0825037f27ff7870697679a6b5a038b29934c4ce149756c6d9348fdfb6c,2024-11,Gloucestershire Constabulary,Gloucestershire Constabulary,-2.228632,51.895139,On or near Tewkesbury Road,E01022440,Tewkesbury 006A,Investigation complete; no suspect identified
5b1a7f6ee10ec0e057dbdd1369f6cba7330ec5122ca5b46aa2535351c7bebb0a,2024-11,Gloucestershire Constabulary,Gloucestershire Constabulary,-2.043498,51.901835,On or near Alvington Drive,E01034779,Cheltenham 012H,Unable to prosecute suspect
a79f106ad2118f1562390c39cab09cb225a77bcb247577c38d7093da87dc58f7,2024-11,Gloucestershire Constabulary,Gloucestershire Constabulary,-2.182336,51.889016,On or near Holtham Avenue,E01022429,Tewkesbury 007E,Suspect charged as part of another case
47c92cb713392df174d7ccbd9334c2f987b24685069a18d49ac2a70c54703537,2024-11,Gloucestershire Constabulary,Gloucestershire Constabulary,-2.209680,51.751246,On or near Capel Court,E01022411,Stroud 006D,Investigation complete; no suspect identified
5144e909ad80e3937884ba134be97582f5097e215c2f97e077f8d8a6011f175a,2024-11,Gloucestershire Constabulary,Gloucestershire Constabulary,-2.102905,51.904190,On or near Bedford Avenue,E01022149,Cheltenham 007B,Investigation complete; no suspect identified
dd8e219023f2e5cef5329108d22d55fe8b7399f1136c79d723d4af3406286cc6,2024-11,Gloucestershire Constabulary,Gloucestershire Constabulary,-2.279949,51.818730,On or near Mansfield Mews,E01022338,Gloucester 015D,Investigation complete; no suspect identified
608dac66f3a928f6ae99d71b2cf55d896b3dff00a52cde6842768759f8b39bb6,2024-11,Gloucestershire Constabulary,Gloucestershire Constabulary,-2.234108,51.858445,On or near Hopewell Street,E01022291,Gloucester 005D,Local resolution
a93c8aaf55a346084c62adafb8774a3aa7d642dd9e8f998c17754d6cdbb62a02,2024-11,Gloucestershire Constabulary,Gloucestershire Constabulary,-2.234108,51.858445,On or near Hopewell Street,E01022291,Gloucester 005D,Local resolution
36afa3d624326ba909b2a54ea9b200eab7d3f5374b9406c049c5ddfb3462146b,2024-11,Gloucestershire Constabulary,Gloucestershire Constabulary,-2.075569,51.915027,On or near Paddocks Lane,E01022139,Cheltenham 004A,Local resolution
cc1c707f1752a83b78fe0e20d2fbea28b3966dcd2645da0cd207ddcab5ee1b58,2024-11,Gloucestershire Constabulary,Gloucestershire Constabulary,-2.257682,51.831728,On or near Notgrove Close,E01022301,Gloucester 013C,Unable to prosecute suspect
4082705f763578f69f22d93028e5c66afc7fd8f6b0289658588f52a09f52fc4d,2024-11,Gloucestershire Constabulary,Gloucestershire Constabulary,-2.091976,51.911643,On or near Richards Road,E01022164,Cheltenham 001B,Unable to prosecute suspect
2ec8c81695d8853aeb08e64fe0f2f547e8ce04b70695f461947f97f8d3b6902a,2024-11,Gloucestershire Constabulary,Gloucestershire Constabulary,-2.238898,51.868955,On or near Columbia Close,E01022311,Gloucester 002C,Investigation complete; no suspect identified
9f8508d5f949ef763c64a19a7b0b533a6e69d229e84deda1abd2302c32ca55a2,2024-11,Gloucestershire Constabulary,Gloucestershire Constabulary,-2.241023,51.864347,On or near Whitfield Street,E01032937,Gloucester 004F,Investigation complete; no suspect identified
ba07b9292827140961f59459628690c3d4a08ec096bd40c7975d696d00ecb695,2024-11,Gloucestershire Constabulary,Gloucestershire Constabulary,-2.215783,51.834123,On or near Red Well Road,E01022320,Gloucester 011B,Unable to prosecute suspect
bae977a28a9de71a9a524eb4c3e836f8c20b9096fd356ec53dcdcb06fa8b3adc,2024-11,Gloucestershire Constabulary,Gloucestershire Constabulary,-2.215783,51.834123,On or near Red Well Road,E01022320,Gloucester 011B,Unable to prosecute suspect
8356d86aa71b82e7218e7c5384ec7dc231ee381cbb56d66ca0d7d045c89afabb,2024-11,Gloucestershire Constabulary,Gloucestershire Constabulary,-2.161967,51.990435,On or near Parking Area,E01022459,Tewkesbury 002D,Investigation complete; no suspect identified
968c89ec1eb7263714302a3668856e09fa5bf0147099ffaebccd6da1febbe1fe,2024-11,Gloucestershire Constabulary,Gloucestershire Constabulary,-2.344140,51.631265,On or near Wotton Crescent,E01022416,Stroud 015C,Unable to prosecute suspect
018410d9e6ea2e389d3586ee9e7a8e16acdfd801c41da8dd203b911f78e58a56,2024-11,Gloucestershire Constabulary,Gloucestershire Constabulary,-2.247143,51.831167,On or near Kemble Road,E01022346,Gloucester 012D,Investigation complete; no suspect identified
3210bcf03f5b16449720be1bce955904359a215115f558b18a7bf54dbc880ac4,2024-11,Gloucestershire Constabulary,Gloucestershire Constabulary,-2.255401,51.849302,On or near Gladstone Road,E01022330,Gloucester 009C,Investigation complete; no suspect identified
99cd46440b87722d7fda9fbaf5e2a102dc67ba464afea04d5f85d81225e600af,2024-11,Gloucestershire Constabulary,Gloucestershire Constabulary,-2.255401,51.849302,On or near Gladstone Road,E01022330,Gloucester 009C,Investigation complete; no suspect identified
b9f087a4338c36719a29556970b40d870223ac860418bd1b68d54afc864ec158,2024-11,Gloucestershire Constabulary,Gloucestershire Constabulary,-2.255401,51.849302,On or near Gladstone Road,E01022330,Gloucester 009C,Investigation complete; no suspect identified
bf6a51be03b2590b30abc60ab731e924853508ff0b4935925e97aaf0302f71e6,2024-11,Gloucestershire Constabulary,Gloucestershire Constabulary,-2.255401,51.849302,On or near Gladstone Road,E01022330,Gloucester 009C,Investigation complete; no suspect identified
497649cbf31327d009af366ccf7ff0302dad6d3a4bb5dbe9058f45e104208c75,2024-11,Gloucestershire Constabulary,Gloucestershire Constabulary,-2.237596,51.861782,On or near Charles Street,E01022289,Gloucester 005B,Investigation complete; no suspect identified
c80fd4062f7a1aa94ed4dacc8b6a58d721573fdc4fa1318d45a714e2c68f47cc,2024-11,Gloucestershire Constabulary,Gloucestershire Constabulary,-1.755160,51.892149,On or near Kings Meadow,E01034783,Cotswold 003E,Investigation complete; no suspect identified
010521be0acaa33be1334c3e1be7651c6d536087484cbeea500cbdab8844f300,2024-11,Gloucestershire Constabulary,Gloucestershire Constabulary,-2.065652,51.904549,On or near Pittville Circus,E01022141,Cheltenham 008E,Unable to prosecute suspect
4bb2a2b3869a25b482a9fe082baf620e5774a9f21a11cd59d05f4b53dfd33919,2024-11,Gloucestershire Constabulary,Gloucestershire Constabulary,-2.113220,51.907903,On or near Lechmere Road,E01022120,Cheltenham 005A,Unable to prosecute suspect
b4d5629583525ed653914412df5bd93942dc038ffe8a47aa45ac42c11654d050,2024-11,Gloucestershire Constabulary,Gloucestershire Constabulary,-2.227552,51.842508,On or near Baneberry Road,E01022325,Gloucester 011F,Unable to prosecute suspect
0260eb2b5a0baa4c760df4e611eeaf8842232edd1875d98dc9e7684038546171,2024-11,Gloucestershire Constabulary,Gloucestershire Constabulary,,,No location,,,Unable to prosecute suspect
369b1bae07f8bed56ed69ba6a10b805e39867c3765521207b7f4b03bc0073f84,2024-11,Gloucestershire Constabulary,Gloucestershire Constabulary,-2.214826,51.745806,On or near Parking Area,E01034804,Stroud 006G,Investigation complete; no suspect identified
d34175d87832c9d772a82ef56f2068ab0168da69f8ccdae2137074af0736cd6a,2024-11,Gloucestershire Constabulary,Gloucestershire Constabulary,-2.214826,51.745806,On or near Parking Area,E01034804,Stroud 006G,Investigation complete; no suspect identified
cb407741efb54900eec6f3ee2862836d499747dbd656fcee90486c292c884ee7,2024-11,Gloucestershire Constabulary,Gloucestershire Constabulary,-2.256762,51.835767,On or near Tuffley Lane,E01022302,Gloucester 013D,Investigation complete; no suspect identified
e1859ee1dc4e5e6aeab3485c5c24f82b2212e0626aef309ac3a00d1a93df4317,2024-11,Gloucestershire Constabulary,Gloucestershire Constabulary,-2.406492,51.925731,On or near Whitegates,E01022261,Forest of Dean 002A,Unable to prosecute suspect
dbab2366fbbad72a33700b5e49a97cf3eaef36b2c424ce5ec5217ac687ca66f1,2024-11,Gloucestershire Constabulary,Gloucestershire Constabulary,-2.118190,51.901613,On or near Further/Higher Educational Building,E01022121,Cheltenham 005B,Unable to prosecute suspect
3092b3935a0994ed4278c43084e2dfb88eecadac5cef800da8baea325cae06ce,2024-11,Gloucestershire Constabulary,Gloucestershire Constabulary,-2.209680,51.751246,On or near Capel Court,E01022411,Stroud 006D,Unable to prosecute suspect
64b7cf8bce7eda23358773cfecc7ff3b516e5185fba49edd2f00bac5e558d6d4,2024-11,Gloucestershire Constabulary,Gloucestershire Constabulary,-2.232552,51.857944,On or near Barton Street,E01022288,Gloucester 005A,Unable to prosecute suspect
535d6d36368d4b72d391477dca65f9504f51e6c5a433fbbc3131252230e2a08c,2024-11,Gloucestershire Constabulary,Gloucestershire Constabulary,-2.043353,51.902267,On or near Yorkley Road,E01034779,Cheltenham 012H,Unable to prosecute suspect
4fe9c8c4b89ef879959680d285668a37d1493d74b1b710e1edaf553279bc4350,2024-11,Gloucestershire Constabulary,Gloucestershire Constabulary,-2.087158,51.916259,On or near Windyridge Road,E01022163,Cheltenham 001A,Local resolution
ee8d7302d793aa6853b9a6c867deb9a3fabfd0a6cad4455865490850304a5dab,2024-11,Gloucestershire Constabulary,Gloucestershire Constabulary,-2.249196,51.861327,On or near Albion Street,E01034792,Gloucester 004H,Investigation complete; no suspect identified
6335c038029fa00576b0ca94a26f6111ea5cc7388780e9eaff5a197a9763e9a3,2024-11,Gloucestershire Constabulary,Gloucestershire Constabulary,-2.246268,51.864813,On or near Shopping Area,E01032937,Gloucester 004F,Investigation complete; no suspect identified
20e112a11b17e7caab09c8b32799425fc2e44632bd7867de298a8007ff4caf7f,2024-11,Gloucestershire Constabulary,Gloucestershire Constabulary,-2.249196,51.861327,On or near Albion Street,E01034792,Gloucester 004H,Investigation complete; no suspect identified
a2fda4990e1a6e3147f2635223f73fe06d07ba848d557fba0998df27192329a3,2024-11,Gloucestershire Constabulary,Gloucestershire Constabulary,-2.246268,51.864813,On or near Shopping Area,E01032937,Gloucester 004F,Investigation complete; no suspect identified
5c009b9286142eab659ca3747cc013f28e2def8fa603fd97a82395a851990c13,2024-11,Gloucestershire Constabulary,Gloucestershire Constabulary,-2.113744,51.908163,On or near Barbridge Road,E01022120,Cheltenham 005A,Investigation complete; no suspect identified
6d788738bca0c0b9f619ddb92608c6b786678448131eda30a9ac92584552f753,2024-11,Gloucestershire Constabulary,Gloucestershire Constabulary,-2.226853,51.850817,On or near Lancaster Grove,E01022321,Gloucester 011C,Unable to prosecute suspect
0e1ae9391d805fedc460f05f5f6edcdd80c4b35cece0a081a08b2a01c7e1cbed,2024-11,Gloucestershire Constabulary,Gloucestershire Constabulary,-2.080653,51.896565,On or near Queen's Circus,E01022126,Cheltenham 009F,Investigation complete; no suspect identified
b84974b3e922a289a01111edbbae0728948c6b7f4d9a26ae0e90670ee1fe43ce,2024-11,Gloucestershire Constabulary,Gloucestershire Constabulary,-2.083151,51.911371,On or near Pas Seul Street,E01022139,Cheltenham 004A,Investigation complete; no suspect identified
f5dbb0a6d721caa648d1daefcfdd2bf89e1f04ece7c397a987bdf72eef455d7a,2024-11,Gloucestershire Constabulary,Gloucestershire Constabulary,-1.761954,52.094166,On or near Granbrook Lane,E01022185,Cotswold 001E,Investigation complete; no suspect identified
51fa8666096df52304d688dd8aa39d45bb0a4464078b4b370277704f5f6cd65b,2024-11,Gloucestershire Constabulary,Gloucestershire Constabulary,-2.083794,51.889658,On or near Northwick Close,E01022137,Cheltenham 011C,Investigation complete; no suspect identified
0b02e63bb626a48d8e9b762a247dc52d66acba03911212f6e451315089e46476,2024-11,Gloucestershire Constabulary,Gloucestershire Constabulary,-2.245463,51.866379,On or near St John's Lane,E01032937,Gloucester 004F,Unable to prosecute suspect
727b93b2277085403bf28dc8f7d02917587ee6824060aaf67211090e111c20d6,2024-11,Gloucestershire Constabulary,Gloucestershire Constabulary,-2.241269,51.861514,On or near Arthur Street,E01034793,Gloucester 004I,Investigation complete; no suspect identified
50fba89d7eb690ffa88a54b6f549b31866ab0ddd4b7c51ec46e33d253a745191,2024-11,Gloucestershire Constabulary,Gloucestershire Constabulary,-1.971143,51.953061,On or near Abbey View,E01022464,Tewkesbury 003C,Investigation complete; no suspect identified
da9cfdfced8a711e749715e1e9e1320370afdba1dae325bd656ccdb333668f8f,2024-11,Gloucestershire Constabulary,Gloucestershire Constabulary,-2.214581,51.859067,On or near York Road,E01022287,Gloucester 007G,Unable to prosecute suspect
9811c705b1bd337f17a94d882326d454682d20e6b798adcb0a32ab809edafdbc,2024-11,Gloucestershire Constabulary,Gloucestershire Constabulary,-2.214761,51.860118,On or near Shopping Area,E01022287,Gloucester 007G,Unable to prosecute suspect
87c46772b4af1304e7ca0dc5678226d4f2308b2e1005324fe1b2c41596aa3e96,2024-11,Gloucestershire Constabulary,Gloucestershire Constabulary,-2.077008,51.898114,On or near Nightclub,E01022117,Cheltenham 009B,Investigation complete; no suspect identified
e3564fcf104ce5bd20675cb70a26277e289b2599378cdd7c1c4498bcccdbd3e8,2024-11,Gloucestershire Constabulary,Gloucestershire Constabulary,-2.091027,51.909765,On or near Elm Close,E01022164,Cheltenham 001B,Investigation complete; no suspect identified
91ed4158e42233c2ea6ba9b4da6fe34e8e910121a34b80469062efe5c9172274,2024-11,Gloucestershire Constabulary,Gloucestershire Constabulary,-2.271036,51.835234,On or near Shopping Area,E01022301,Gloucester 013C,Investigation complete; no suspect identified
d242079e29732576ec0043e9d0768530987d8af877aa349242aa435c7a5b3d40,2024-11,Gloucestershire Constabulary,Gloucestershire Constabulary,-2.104507,51.661305,On or near Oxleaze Road,E01022176,Cotswold 011A,Investigation complete; no suspect identified
c39529fe4aec2512364c062e354c5bfae518712d8a0d58b6f1059896407149a7,2024-11,Gloucestershire Constabulary,Gloucestershire Constabulary,-2.098734,51.904319,On or near Alstone Lane,E01022149,Cheltenham 007B,Investigation complete; no suspect identified
8bc113b5a164d045fc20b7c8860d65209e7c422462b7a8fc212d074176f1635c,2024-11,Gloucestershire Constabulary,Gloucestershire Constabulary,-2.200387,51.746156,On or near Catherine's Close,E01022414,Stroud 006E,Local resolution
ac4498e43e9acdec70ac5d6ea55b5afb30edb0d4669eca8cd19c1b8cbf6d4539,2024-11,Gloucestershire Constabulary,Gloucestershire Constabulary,-2.200387,51.746156,On or near Catherine's Close,E01022414,Stroud 006E,Local resolution
3319be3b2c047d25af6ea889d1ef969e1a973c068f7921a36033a1284e2ccbcb,2024-11,Gloucestershire Constabulary,Gloucestershire Constabulary,-2.166411,51.849731,On or near Westfield Road,E01022423,Tewkesbury 009C,Local resolution
378dc94547d45c0ef58ba5a8da7f30537f213e63ccf60aebef7f61a876ddc2ca,2024-11,Gloucestershire Constabulary,Gloucestershire Constabulary,-2.214581,51.859067,On or near York Road,E01022287,Gloucester 007G,Unable to prosecute suspect
4fe46c20bbb350a459114398a26ba9dfc57d66310c44cf5db55d73b35d600325,2024-11,Gloucestershire Constabulary,Gloucestershire Constabulary,-2.071038,51.900392,On or near Parking Area,E01022102,Cheltenham 008C,Investigation complete; no suspect identified
895eccfa6255e09a2f6dbd034344c06ab28923e46ebab9097bf455d1dc2ee33c,2024-11,Gloucestershire Constabulary,Gloucestershire Constabulary,-2.064572,51.941871,On or near Petrol Station,E01022432,Tewkesbury 011E,Investigation complete; no suspect identified
a7926bdf1d46d32e63c4de687e841a5eaf057a906f3612310e1db20b985ca0b2,2024-11,Gloucestershire Constabulary,Gloucestershire Constabulary,-2.117521,51.912699,On or near Blake Croft,E01022160,Cheltenham 003B,Investigation complete; no suspect identified
451ebd01941d471289b959490f2d74bd656f4b396eec14acbef2cbe93f18ec49,2024-11,Gloucestershire Constabulary,Gloucestershire Constabulary,-2.064572,51.941871,On or near Petrol Station,E01022432,Tewkesbury 011E,Investigation complete; no suspect identified
3c4eaad89ddd29fe80d4ce453439823f6f231dfa168b18fdcaf678fd78e90bd4,2024-11,Gloucestershire Constabulary,Gloucestershire Constabulary,-1.719548,51.928896,On or near Park Street,E01022177,Cotswold 002A,Investigation complete; no suspect identified
e6842bed780bc19e3076f16ed9b103f0f11c6fcb1a66e93bfa52d92fa1a10e46,2024-11,Gloucestershire Constabulary,Gloucestershire Constabulary,,,No location,,,Unable to prosecute suspect
a8500b74ded2b26dd15cbf4cd2746b809b47c25451df20ac4311c3d400651d1e,2024-11,Gloucestershire Constabulary,Gloucestershire Constabulary,-2.187156,51.709691,On or near Cirencester Road,E01022383,Stroud 010C,Investigation complete; no suspect identified
8198cfec9b747daa89d26b6ac3d816bdd8271f02f9dda40ba50ce1b47a3d006d,2024-11,Gloucestershire Constabulary,Gloucestershire Constabulary,-2.235556,51.860348,On or near Vauxhall Terrace,E01022289,Gloucester 005B,Suspect charged
2a54b4a19c4e7e0a32d566f3f7d16e8e79e752001cdf2def7fe97a3c31340f6a,2024-11,Gloucestershire Constabulary,Gloucestershire Constabulary,-1.719548,51.928896,On or near Park Street,E01022177,Cotswold 002A,Investigation complete; no suspect identified
8a08133e8a4098684be5b2bf5258e03ac57ac7ba0161995849fcdfc0c2d8271b,2024-11,Gloucestershire Constabulary,Gloucestershire Constabulary,-2.230193,51.737110,On or near Court Way,E01022395,Stroud 007C,Unable to prosecute suspect
49d4412595c4964b8fff8b0f38b342ff7521b08b3909628fecfd48ea93bb4798,2024-11,Gloucestershire Constabulary,Gloucestershire Constabulary,-2.247242,51.827993,On or near Chalford Road,E01022346,Gloucester 012D,Investigation complete; no suspect identified
8bb5617ebfc562cb15178e51b180467a7796119c3d076fe41448f674a853af29,2024-11,Gloucestershire Constabulary,Gloucestershire Constabulary,-2.513584,51.733542,On or near Abbots Gate,E01022255,Forest of Dean 009D,Unable to prosecute suspect
0866afb946e3a079471c8b0bb4ca17a2602c9ed15365d5aa5c06b38d9e197a12,2024-11,Gloucestershire Constabulary,Gloucestershire Constabulary,-1.979259,52.024485,On or near Beckford Road,E01022449,Tewkesbury 003A,Investigation complete; no suspect identified
ba8e457182f0531c39121f43a7ecd5bba7183a4d2ccd29cf8cfdd31aac3271d3,2024-11,Gloucestershire Constabulary,Gloucestershire Constabulary,-2.113220,51.907903,On or near Lechmere Road,E01022120,Cheltenham 005A,Investigation complete; no suspect identified
bafab04251e4e1ae1a9b5dda9d9ee48f62ede9a23c5865084eade8749ba66971,2024-11,Gloucestershire Constabulary,Gloucestershire Constabulary,-2.513584,51.733542,On or near Abbots Gate,E01022255,Forest of Dean 009D,Unable to prosecute suspect
f7513af02a8ed817b35724012983164d6fc821a7ce6d1d1c086588c103cb1bae,2024-11,Gloucestershire Constabulary,Gloucestershire Constabulary,-2.210530,51.874565,On or near Parking Area,E01022317,Gloucester 001D,Unable to prosecute suspect
cb36a3416940f0fb2b77a7f8915c70c4eb9b9dfe9999609419bceff06ced629e,2024-11,Gloucestershire Constabulary,Gloucestershire Constabulary,-2.057513,51.904491,On or near Whaddon Road,E01022134,Cheltenham 006D,Investigation complete; no suspect identified
8e2bf7e74fe8d27f40bca7d1c643ef084a74a4103de516a44bc8dd01960b2446,2024-11,Gloucestershire Constabulary,Gloucestershire Constabulary,-2.113220,51.907903,On or near Lechmere Road,E01022120,Cheltenham 005A,Investigation complete; no suspect identified
f692e6ceb0741b88a759a717022341b7784f82b213db43505cc3d710c7d166e1,2024-11,Gloucestershire Constabulary,Gloucestershire Constabulary,-2.253816,51.833337,On or near Randwick Road,E01022302,Gloucester 013D,Unable to prosecute suspect
3dea96f8a339524ab5b74ed1809385bdc385c89780fa122293e55c4e1dde5f66,2024-11,Gloucestershire Constabulary,Gloucestershire Constabulary,-2.237135,51.845851,On or near Northfield Road,E01022323,Gloucester 008C,Investigation complete; no suspect identified
bbd109db8c388a94ddd1c05f326cf86896da5d8182a841462410305c7b90b099,2024-11,Gloucestershire Constabulary,Gloucestershire Constabulary,-2.265818,51.816039,On or near Pucklechurch Close,E01034798,Gloucester 015L,Unable to prosecute suspect
7494455bd1f3e6f3c675a221b97e96e2f5268268ae764d07c59e070742734ca4,2024-11,Gloucestershire Constabulary,Gloucestershire Constabulary,-2.231703,51.867980,On or near Hyde Close,E01022311,Gloucester 002C,Local resolution
a7370d65f143d5616b1920d3a6509ce2fb6771d5b81fe34ac3958ac32c3756ed,2024-11,Gloucestershire Constabulary,Gloucestershire Constabulary,-2.231703,51.867980,On or near Hyde Close,E01022311,Gloucester 002C,Local resolution
9dc04ff073f7b78d9c2b91df4061675ed262ca9afdee849c7b190806421620c0,2024-11,Gloucestershire Constabulary,Gloucestershire Constabulary,-2.231703,51.867980,On or near Hyde Close,E01022311,Gloucester 002C,Local resolution
5bc14b216e9d19f38b56f6bd4958f74a9921b98a19d4c5a1c466099528b313d4,2024-11,Gloucestershire Constabulary,Gloucestershire Constabulary,-2.076929,51.902645,On or near Shopping Area,E01022153,Cheltenham 004D,Investigation complete; no suspect identified
b069db1dd0da7c8959d9fd996f77d17b36d7d44d9606a04f7227fc3f20897b2f,2024-11,Gloucestershire Constabulary,Gloucestershire Constabulary,-2.067501,51.906149,On or near Malden Road,E01022141,Cheltenham 008E,Investigation complete; no suspect identified
9d780483b190017b38512001d2ea59e5a02da1c62144c46ab63652b4160412bd,2024-11,Gloucestershire Constabulary,Gloucestershire Constabulary,-2.196932,51.744390,On or near Hill Top Close,E01022399,Stroud 006B,Unable to prosecute suspect
7c5b487fb617efe8d1df60379cbdd63a243f077342c9885e544d9c448812babb,2024-11,Gloucestershire Constabulary,Gloucestershire Constabulary,-2.353050,51.680853,On or near Silver Street,E01022372,Stroud 014A,Local resolution
97e5de651e57d045abfca08593ac19bc0715a389f7cd6d2d3cbbed7bddceeab5,2024-11,Gloucestershire Constabulary,Gloucestershire Constabulary,-2.200387,51.746156,On or near Catherine's Close,E01022414,Stroud 006E,Unable to prosecute suspect
2ba7f14d16403983eaffceefa1b4912315ef39e159db70015d40eec6d4606ac4,2024-11,Gloucestershire Constabulary,Gloucestershire Constabulary,-2.208796,51.744801,On or near Wood Street,E01022399,Stroud 006B,Unable to prosecute suspect
50a6b7273f9cc10ccd3f9c1c9ccd7200fae532930456e0c7ef151f28d5916758,2024-11,Gloucestershire Constabulary,Gloucestershire Constabulary,-1.679668,51.929352,On or near Back Lane,E01022178,Cotswold 002B,Investigation complete; no suspect identified
147194f5b2d5f517b333a42814472cac1488e4eccc2ea14e1990af2fa7d52703,2024-11,Gloucestershire Constabulary,Gloucestershire Constabulary,-1.662870,51.876888,On or near Idbury Road,E01028798,West Oxfordshire 003C,Investigation complete; no suspect identified
abc178edf7a2763755fbf390727aa6dd2d802dd9eae7e75b894d4ad9aa9d78af,2024-11,Gloucestershire Constabulary,Gloucestershire Constabulary,-2.137678,51.995923,On or near Ashchurch Road,E01022455,Tewkesbury 001E,Investigation complete; no suspect identified
e6579f380fc7619b02652967add41f30e9ca68e373d4ad3a51ad4878d1bbc334,2024-11,Gloucestershire Constabulary,Gloucestershire Constabulary,-2.501392,51.823740,On or near Foundry Road,E01022240,Forest of Dean 004E,Unable to prosecute suspect
73b4af2a063f6330d29287aa8f6a19daa5c597b7896c775edf692bc286b49d5a,2024-11,Gloucestershire Constabulary,Gloucestershire Constabulary,-2.199220,51.744467,On or near Bisley Old Road,E01022399,Stroud 006B,Unable to prosecute suspect
8d06c08bdc62b5fa682457b72161f37db455727bdc5275a4d5c834832eed4cd8,2024-11,Gloucestershire Constabulary,Gloucestershire Constabulary,-2.245463,51.866379,On or near St John's Lane,E01032937,Gloucester 004F,Investigation complete; no suspect identified
5bfc1b0405d2e91cd32f97ad19f99d812f15a86088cf4f696b18ae0089943982,2024-11,Gloucestershire Constabulary,Gloucestershire Constabulary,-2.241898,51.865118,On or near Bus/Coach Station,E01032937,Gloucester 004F,Unable to prosecute suspect
bbb3075e1f037ebbd8ba108917ac3226c15f989ff8cfad958acdbf1a1caceff1,2024-11,Gloucestershire Constabulary,Gloucestershire Constabulary,-2.513803,51.732363,On or near Winter Crescent,E01022255,Forest of Dean 009D,Unable to prosecute suspect
d932b06dd2b7f0271e258ea44ea4292aa85696351feacf860186748fc667f2d9,2024-11,Gloucestershire Constabulary,Gloucestershire Constabulary,,,No location,,,Unable to prosecute suspect
93b381f8a7783511419da1d433b66571582b08822adec512dade0bf6fbc0e5b8,2024-11,Gloucestershire Constabulary,Gloucestershire Constabulary,-2.137091,51.899057,On or near Pheasant Lane,E01022123,Cheltenham 010D,Unable to prosecute suspect
dfa551cf347bc12c54fe5c920cd72f0408f1ea050c08614727bea5b0e946c7ee,2024-11,Gloucestershire Constabulary,Gloucestershire Constabulary,-2.242476,51.864506,On or near Clarence Street,E01032937,Gloucester 004F,Investigation complete; no suspect identified
196b65e765f60469bac2abf683e40000b4d2cecc817591cf473e7f550ab280f5,2024-11,Gloucestershire Constabulary,Gloucestershire Constabulary,-2.110624,52.004772,On or near Supermarket,E01022450,Tewkesbury 001B,Local resolution
957c642dc1b478b494c82d62f834c66017d63a7010f536754a7be9cab9627edc,2024-11,Gloucestershire Constabulary,Gloucestershire Constabulary,-2.084219,51.907486,On or near Baker Street,E01022151,Cheltenham 004B,Investigation complete; no suspect identified
108a716eb5f55dc93765a923f3ea38cac7031377ae801dbf75a609d668770128,2024-11,Gloucestershire Constabulary,Gloucestershire Constabulary,-2.071038,51.900392,On or near Parking Area,E01022102,Cheltenham 008C,Investigation complete; no suspect identified
e7f813eba05a5f1f33f7ff8964d565038a8cf19b597c1a33d59c8b26e8121d27,2024-11,Gloucestershire Constabulary,Gloucestershire Constabulary,-1.948039,51.721905,On or near Ormand Close,E01022188,Cotswold 006A,Investigation complete; no suspect identified
9e2fa0eb1c885ae760b3a65039c257bc245fc2c659d414d97659cd452612e758,2024-11,Gloucestershire Constabulary,Gloucestershire Constabulary,-2.311551,51.959979,On or near Hetherington Close,E01022270,Forest of Dean 001D,Unable to prosecute suspect
e956ccef9ac8eeaa0abd30263375b44a06e42172920c2347b74abd25d139428e,2024-11,Gloucestershire Constabulary,Gloucestershire Constabulary,-2.241898,51.865118,On or near Bus/Coach Station,E01032937,Gloucester 004F,Investigation complete; no suspect identified
d195c6c21d846bf9f51726fff7784b8ec2e5aef347fcd2391659f2d08c4954bd,2024-11,Gloucestershire Constabulary,Gloucestershire Constabulary,-2.204726,51.866340,On or near Corinium Avenue,E01022287,Gloucester 007G,Local resolution
d2b5b7b58d8e487778e5d73362c5ac66e6cc652adc4e504e4d3cf37c78ed27fe,2024-11,Gloucestershire Constabulary,Gloucestershire Constabulary,-2.246268,51.864813,On or near Shopping Area,E01032937,Gloucester 004F,Unable to prosecute suspect
a976ba0d7056ca1b947522fc40c96e8170235bbf480394433b37c2f82e1af77d,2024-11,Gloucestershire Constabulary,Gloucestershire Constabulary,-1.778339,52.045577,On or near Catbrook Gardens,E01022183,Cotswold 001C,Investigation complete; no suspect identified
fd793bfc5814664011351c338950015ceba5918eb3b7edecc957f76e6d6d8fdc,2024-11,Gloucestershire Constabulary,Gloucestershire Constabulary,-2.109166,51.998345,On or near Parking Area,E01022450,Tewkesbury 001B,Investigation complete; no suspect identified
aae344c7a3618bd8c0056796061127458b31ac8210a622cd5380b9653c028884,2024-11,Gloucestershire Constabulary,Gloucestershire Constabulary,-2.074495,51.898763,On or near Rodney Road,E01022117,Cheltenham 009B,Investigation complete; no suspect identified
53e1f049a5d7100d4b2adb296021a730c6ba5f8f7345b95ed1643d9a75f9743c,2024-11,Gloucestershire Constabulary,Gloucestershire Constabulary,-2.206858,51.862650,On or near Hammond Way,E01022287,Gloucester 007G,Suspect charged as part of another case
a415a46e82a20d5b99da901ed5fc7f1603b2abd6dbd207f04a0187e59a2eb5d0,2024-11,Gloucestershire Constabulary,Gloucestershire Constabulary,-2.522372,51.763462,On or near Morris Close,E01022268,Forest of Dean 008D,Unable to prosecute suspect
b1af736a4a247e8db21540c49b197a3c090b3f0f8e75ed2b8d4e7f957a158f31,2024-11,Gloucestershire Constabulary,Gloucestershire Constabulary,-2.461296,51.690889,On or near Jenner Court,E01022353,Stroud 012C,Unable to prosecute suspect
79fffed04ab7cb17d34831c016cc09618d2827583158252d24f2e66e7da2442f,2024-11,Gloucestershire Constabulary,Gloucestershire Constabulary,-2.522372,51.763462,On or near Morris Close,E01022268,Forest of Dean 008D,Unable to prosecute suspect
8b4e1817b6448ec44116ad709e1741b0b64b7d2743e68dc76d9e23230bcf36f6,2024-11,Gloucestershire Constabulary,Gloucestershire Constabulary,-2.612867,51.813060,On or near Nine Wells Close,E01022234,Forest of Dean 006A,Unable to prosecute suspect
a83f279ba8c0a81ef9f99281bd472093c4241fa1d384465ae1e193841f687a2b,2024-11,Gloucestershire Constabulary,Gloucestershire Constabulary,-2.166429,51.850666,On or near Westfield Avenue,E01022423,Tewkesbury 009C,Investigation complete; no suspect identified
53bc3211a4b5b59eeb0c1b2a9122db30d3e003b2f6146a6ab8d06c63162fbd24,2024-11,Gloucestershire Constabulary,Gloucestershire Constabulary,-2.073022,51.904374,On or near Northfield Terrace,E01022153,Cheltenham 004D,Unable to prosecute suspect
90aa59ed633c9990b3637a087749e6484bbae9ad72f066a87c540b16d1a0a667,2024-11,Gloucestershire Constabulary,Gloucestershire Constabulary,-2.236972,51.867268,On or near Claremont Road,E01022311,Gloucester 002C,Unable to prosecute suspect
a72ef05313cc601a09c63d9c96bcd666b419eec4ed759e03c0db2fe3e77c496f,2024-11,Gloucestershire Constabulary,Gloucestershire Constabulary,-2.333189,52.120250,On or near North Malvern Road,E01032220,Malvern Hills 006C,Unable to prosecute suspect
115e2d2d371e3a7ee6edd7997e77ed5563c52264a00085eb0fadb2b4a7020a21,2024-11,Gloucestershire Constabulary,Gloucestershire Constabulary,-2.195444,51.859298,On or near Ellesmere Close,E01022308,Gloucester 006E,Investigation complete; no suspect identified
3a47a7a1113b93d18d64fba7eaaac58657761fd0a2f9fa89eaa0e57e3a6fbe1c,2024-11,Gloucestershire Constabulary,Gloucestershire Constabulary,-2.242388,51.869784,On or near Skinner Street,E01022311,Gloucester 002C,Unable to prosecute suspect
a95ef704e1149833b5fa69bcce7cbd21d8d737987e195b4f22f61463d6c38459,2024-11,Gloucestershire Constabulary,Gloucestershire Constabulary,-2.403913,51.926827,On or near Bullock Way,E01022262,Forest of Dean 002B,Unable to prosecute suspect
f5920d69645a6bff28ed1ba86175521aa3a3bffc6eaf62e86ef9eba149aa643e,2024-11,Gloucestershire Constabulary,Gloucestershire Constabulary,-2.211740,51.751845,On or near Wickridge Close,E01022411,Stroud 006D,Investigation complete; no suspect identified
681a0e57ab9c935696121e00ffb8500fe7099666b781d731e8dea7bcdef46799,2024-11,Gloucestershire Constabulary,Gloucestershire Constabulary,-2.070338,51.898729,On or near Grosvenor Street,E01022102,Cheltenham 008C,Local resolution
73cfda992a9e6c6c4cb0dcb14595c9a369047bbd90a21130cbe6b948e9fb3a77,2024-11,Gloucestershire Constabulary,Gloucestershire Constabulary,-2.220170,51.882505,On or near Brionne Way,E01022313,Gloucester 001A,Unable to prosecute suspect
1168fd682e076c5f2a62fb3885ae60a83a36e6bb60b69e926addc0674d132b1c,2024-11,Gloucestershire Constabulary,Gloucestershire Constabulary,-2.081104,51.888967,On or near Norwood Road,E01022138,Cheltenham 011D,Unable to prosecute suspect
ebf28bb34fcb1cd6326cb1e66fd23bf225348ab4bc806aa9273fc1b40d7f846f,2024-11,Gloucestershire Constabulary,Gloucestershire Constabulary,-2.401417,51.873601,On or near Westwick Road,E01022235,Forest of Dean 001B,Unable to prosecute suspect
d1b62f7064356c65ec22e8c9b9c03d973aac2cbe3cf110d97ea2c24284e839d2,2024-11,Gloucestershire Constabulary,Gloucestershire Constabulary,-2.368168,51.706287,On or near Everside Lane,E01022363,Stroud 011E,Unable to prosecute suspect
1b0767d31d7f8c207818c504215c4d35061bc7e8cc8a8e27b89d61ebf1ac7ac0,2024-11,Gloucestershire Constabulary,Gloucestershire Constabulary,-2.211787,51.863855,On or near Petrol Station,E01022287,Gloucester 007G,Local resolution
bd0797cbabf2dbb83bdbe0277ab8d90aa4ff4ceb4bd80cf69eb97e16e14940e6,2024-11,Gloucestershire Constabulary,Gloucestershire Constabulary,-1.957727,51.953308,On or near Rushley Lane,E01022463,Tewkesbury 003B,Unable to prosecute suspect
eceb717c891cd9239d72293e0087a48acfc683bc2b404b806f9d4d9dbc098fff,2024-11,Gloucestershire Constabulary,Gloucestershire Constabulary,-2.243783,51.856528,On or near Park End Road,E01022293,Gloucester 008A,Investigation complete; no suspect identified
a0765a3bf96aac47123201f71a8ecd6e388f4816a10eee056e3edc4b71b78cc5,2024-11,Gloucestershire Constabulary,Gloucestershire Constabulary,-2.103256,51.917712,On or near Parking Area,E01022165,Cheltenham 001C,Unable to prosecute suspect
769d1f709c395e9552d0a50dfcd17dcbb7e174730f6dd60286b15a5c4352466f,2024-11,Gloucestershire Constabulary,Gloucestershire Constabulary,-2.064572,51.941871,On or near Petrol Station,E01022432,Tewkesbury 011E,Investigation complete; no suspect identified
35f4c82f7c776135c7570004bb3ab3a91ab07839833004d3c4650154ff0ac681,2024-11,Gloucestershire Constabulary,Gloucestershire Constabulary,-2.235242,51.842052,On or near Ashmore Road,E01022325,Gloucester 011F,Unable to prosecute suspect
aaff03c75537e3f748a664bb5968e2e54e77b279779cb6f858d27a2f31a128e6,2024-11,Gloucestershire Constabulary,Gloucestershire Constabulary,-2.246268,51.864813,On or near Shopping Area,E01032937,Gloucester 004F,Investigation complete; no suspect identified
2b6ffb459b8eac529c52bfcb62499f17d14717129c2cfe8fea48081e38ef95b6,2024-11,Gloucestershire Constabulary,Gloucestershire Constabulary,-2.222444,51.854691,On or near Supermarket,E01022284,Gloucester 007D,Investigation complete; no suspect identified
2dffb4d27e745453b00a81c7a188b13c221cc2da0ed4c770a9847e160740fca8,2024-11,Gloucestershire Constabulary,Gloucestershire Constabulary,-2.171253,51.847737,On or near Whittle Way,E01022423,Tewkesbury 009C,Investigation complete; no suspect identified
2cd609090b1f8868f9b203bd067e0b3cb3f39c29f57f4087eef8e827c0c64a2b,2024-11,Gloucestershire Constabulary,Gloucestershire Constabulary,-2.065423,51.896790,On or near Priory Terrace,E01022100,Cheltenham 008A,Investigation complete; no suspect identified
0f8119b59a4b4cd3b44f763556c8b513a5444412ddab42f23ab812d1a77ac47c,2024-11,Gloucestershire Constabulary,Gloucestershire Constabulary,-2.085213,51.910003,On or near Midwinter Avenue,E01022151,Cheltenham 004B,Investigation complete; no suspect identified
0fea0d5ca38989ffc25eb2f68b6faa03cbae93a2e041fc046c118df2880f2f83,2024-11,Gloucestershire Constabulary,Gloucestershire Constabulary,-2.241023,51.864347,On or near Whitfield Street,E01032937,Gloucester 004F,Investigation complete; no suspect identified
29618f1f983fe4414cbab24bb345a1c8a3af5b328425b0bffe66d991fb130843,2024-11,Gloucestershire Constabulary,Gloucestershire Constabulary,-2.204252,51.873893,On or near Little Elmbridge,E01022295,Gloucester 003A,Unable to prosecute suspect
dca98619188cb11da1f53f781740aa50797a7ffebd008b6dc174f4602c721c09,2024-11,Gloucestershire Constabulary,Gloucestershire Constabulary,-2.279949,51.818730,On or near Mansfield Mews,E01022338,Gloucester 015D,Investigation complete; no suspect identified
e636b267e2c5ccf1e7acae35177a846f101a132191d19c23d49879f5d874451e,2024-11,Gloucestershire Constabulary,Gloucestershire Constabulary,,,No location,,,Unable to prosecute suspect
9c47bd0d4cd738c68d920906e7ea057ab99773d144fdf2a8540bdfdbd2098b86,2024-11,Gloucestershire Constabulary,Gloucestershire Constabulary,-2.228718,51.855030,On or near Diamond Jubilee Close,E01022288,Gloucester 005A,Unable to prosecute suspect
629bb83d4ab03f03dfcd89df7aacab025e7d14225e96c0afe06b901ac0de24e7,2024-11,Gloucestershire Constabulary,Gloucestershire Constabulary,-2.228718,51.855030,On or near Diamond Jubilee Close,E01022288,Gloucester 005A,Unable to prosecute suspect
a6b02dea5ef9b5eeb14b67c11deac746b0008a72f09ea4f55020756742c37ad6,2024-11,Gloucestershire Constabulary,Gloucestershire Constabulary,,,No location,,,Unable to prosecute suspect
b377240923c5dc1140c0f1a6712e1ca21606f590b048def06a7b3a173ceab6cc,2024-11,Gloucestershire Constabulary,Gloucestershire Constabulary,-2.122160,51.908028,On or near Kingsbridge Mews,E01022162,Cheltenham 003D,Unable to prosecute suspect
bfa22200a457407610ac80c562f178ded42fc36d78ee584f88990fa331a0d0f1,2024-11,Gloucestershire Constabulary,Gloucestershire Constabulary,-2.261975,51.836268,On or near Silver Close,E01022301,Gloucester 013C,Unable to prosecute suspect
7c9daefe4bd480dedaf2054e3d41561d76329daa55d5d124952477f23934d7f8,2024-11,Gloucestershire Constabulary,Gloucestershire Constabulary,-2.264795,51.819826,On or near Portreath Way,E01034796,Gloucester 015J,Unable to prosecute suspect
3d01e35aa1299f43e3d9ac9a72492101f90c9153e99d9926e560cc52b358d349,2024-11,Gloucestershire Constabulary,Gloucestershire Constabulary,-2.059765,51.893377,On or near Coltham Close,E01034780,Cheltenham 012I,Action to be taken by another organisation
0e57e54986c7a007875cc27ab5acf6ce21ff54a1f8c10a3d5aee443bf380cfa7,2024-11,Gloucestershire Constabulary,Gloucestershire Constabulary,-2.045122,51.898095,On or near Camp Road,E01034780,Cheltenham 012I,Unable to prosecute suspect
fd1529eec92f0bab9429efbd6eb86c459767a190c660a7909493c47f843376d1,2024-11,Gloucestershire Constabulary,Gloucestershire Constabulary,-2.660446,51.651131,On or near Willow View,E01022275,Forest of Dean 010E,Investigation complete; no suspect identified
cbd85a377967bb1ec5f7fd4353b58f9591b0dc81ce4f73fcdfc037b8b3a625ef,2024-11,Gloucestershire Constabulary,Gloucestershire Constabulary,-2.526202,51.731544,On or near Hadrian Close,E01022255,Forest of Dean 009D,Unable to prosecute suspect
a4d24939e62750335a24074b40916ea14aa47a62dbad69713f21babccf42b1e9,2024-11,Gloucestershire Constabulary,Gloucestershire Constabulary,-2.324056,51.742382,On or near Bath Road,E01022376,Stroud 003A,Unable to prosecute suspect
693f5e42c1297e89dc7b53e257b7da706a43e0e74fe45b0729c57192883d6dcf,2024-11,Gloucestershire Constabulary,Gloucestershire Constabulary,-2.614436,51.807900,On or near Aston Close,E01022229,Forest of Dean 007A,Investigation complete; no suspect identified
24bf9cba6ee0d4320c4c36d7d3e42ba974804854ab9ccaf7b063bfebaf2d279c,2024-11,Gloucestershire Constabulary,Gloucestershire Constabulary,-2.086400,51.915127,On or near Windyridge Gardens,E01022163,Cheltenham 001A,Unable to prosecute suspect
34f2ab3bec7d2c52909dd836762ff1d3d8c8f93dea6ee6a86fbd9bace88c851f,2024-11,Gloucestershire Constabulary,Gloucestershire Constabulary,-2.081346,51.902166,On or near Knapp Road,E01022127,Cheltenham 009G,Investigation complete; no suspect identified
15db39112be71c6afd35020b95333abd814328692c30c00b99cea703d8cbddeb,2024-11,Gloucestershire Constabulary,Gloucestershire Constabulary,,,No location,,,Investigation complete; no suspect identified
528b34eb775e4fc643711f82b3770005428248831c8508319429af16c5a31a26,2024-11,Gloucestershire Constabulary,Gloucestershire Constabulary,-2.080592,51.902976,On or near Royal Oak Mews,E01034777,Cheltenham 007G,Unable to prosecute suspect
134e62aa905df3469063ed9c6591f97e75615ae2dafed5a1669d41bb85222a18,2024-11,Gloucestershire Constabulary,Gloucestershire Constabulary,-2.456516,51.869759,On or near The Napping,E01022230,Forest of Dean 005B,Investigation complete; no suspect identified
4b6c01a45931431d9d6a26d05ecaf4cbae031b7090e5def0f4eae17321277dab,2024-11,Gloucestershire Constabulary,Gloucestershire Constabulary,-2.450777,51.866715,On or near Old Monmouth Road,E01022230,Forest of Dean 005B,Investigation complete; no suspect identified
440eba13650f950dbf171483277eda34c55c2c9725bc364e5919f8690ba231ed,2024-11,Gloucestershire Constabulary,Gloucestershire Constabulary,-1.709230,52.020046,On or near Church View,E01022179,Cotswold 001A,Local resolution
bb9333e4e352bdb246a826ac354e9abb45c18c946fd5915e00dc7a1d8a2f987d,2024-11,Gloucestershire Constabulary,Gloucestershire Constabulary,-2.214985,51.840158,On or near Prinknash Road,E01022324,Gloucester 011E,Investigation complete; no suspect identified
c237c36e232f0d555f16f73fcb76d5db76713cd397683c80343f4db6398afeb9,2024-11,Gloucestershire Constabulary,Gloucestershire Constabulary,-2.646955,51.717715,On or near Belmont Road,E01022248,Forest of Dean 010A,Investigation complete; no suspect identified
cdb601d1afe0af7273295ce523001cecac98564b89c2d7f924ba571efa17a0b1,2024-11,Gloucestershire Constabulary,Gloucestershire Constabulary,-2.363816,51.627447,On or near Vineyard Lane,E01022415,Stroud 015B,Further action is not in the public interest
e125f526aa0af7c7e145d5c1b0772934f95702689b29ffde3d3dd7360cacff74,2024-11,Gloucestershire Constabulary,Gloucestershire Constabulary,-1.772600,52.090411,On or near Millard Close,E01022185,Cotswold 001E,Unable to prosecute suspect
76fdc69556d00faccbc7ed3d4fc04dd022350110a87e921f6f2eb6e223a93e06,2024-11,Gloucestershire Constabulary,Gloucestershire Constabulary,-2.577070,51.704296,On or near Main Road,E01022227,Forest of Dean 009B,Unable to prosecute suspect
8a37bfc126a4f4df76153a80d1b2e9a08ec4c37c4cf281ae1ac345bf38a10e1d,2024-11,Gloucestershire Constabulary,Gloucestershire Constabulary,-2.031081,51.936472,On or near Lye Lane,E01022434,Tewkesbury 004A,Unable to prosecute suspect
0ca1ed25fedefe7ad44d8e1a668625dfb8af846a0ad52e8971d9099db93b8838,2024-11,Gloucestershire Constabulary,Gloucestershire Constabulary,-2.082339,51.912307,On or near Fort Leney Walk,E01022139,Cheltenham 004A,Unable to prosecute suspect
f4fdcdafef94bdbb392c77354e06c266fb4728878feb3dda661a285fda98bc26,2024-11,Gloucestershire Constabulary,Gloucestershire Constabulary,-2.031081,51.936472,On or near Lye Lane,E01022434,Tewkesbury 004A,Unable to prosecute suspect
1f52df7144b40f3967c8913ecd649396421d76c8c7f80ee25dd43ac84cfe5404,2024-11,Gloucestershire Constabulary,Gloucestershire Constabulary,-2.234707,51.859028,On or near Stratton Road,E01022291,Gloucester 005D,Investigation complete; no suspect identified
a83a34a80883320729ab789c7e0d94d2f868b24e5846fb5bc2e4d2d37a0f1c11,2024-11,Gloucestershire Constabulary,Gloucestershire Constabulary,-2.184225,51.888959,On or near Magnolia Close,E01022429,Tewkesbury 007E,Unable to prosecute suspect
d1e63013975455a28dfd4f0ef410720e2b3c69dc78b695ce3a244a311ec63ca4,2024-11,Gloucestershire Constabulary,Gloucestershire Constabulary,-2.233726,51.857538,On or near St James Street,E01022291,Gloucester 005D,Investigation complete; no suspect identified
3f58912b3b5421f5855a825bf18ab6d1f21ea2710d2f4aa5a764af126c101a73,2024-11,Gloucestershire Constabulary,Gloucestershire Constabulary,-2.273006,51.834121,On or near Greenhill Drive,E01022341,Gloucester 014C,Unable to prosecute suspect
f111264ebe377a5928942737d121cc5ec35d85ee293bacaa0960d06f6c93bd3d,2024-11,Gloucestershire Constabulary,Gloucestershire Constabulary,-2.068293,51.891628,On or near Murvagh Close,E01022116,Cheltenham 009A,Investigation complete; no suspect identified
961fc80804ab4c31006ce4ad6e698297d9f94297cc98bbf283ab86f55e6351f3,2024-11,Gloucestershire Constabulary,Gloucestershire Constabulary,-2.260389,51.855755,On or near Maritime Court,E01034791,Gloucester 004G,Formal action is not in the public interest
daad36b9a61735caedaebb64cc26db62214554667f3a640895b935fb124dda8e,2024-11,Gloucestershire Constabulary,Gloucestershire Constabulary,-2.434993,51.692239,On or near Ironmonger's Lane,E01022352,Stroud 012B,Unable to prosecute suspect
e84594cf48f836dd08c9b9ad920202e10908a776da8e2801546dc8e5d1d79884,2024-11,Gloucestershire Constabulary,Gloucestershire Constabulary,-2.273006,51.834121,On or near Greenhill Drive,E01022341,Gloucester 014C,Investigation complete; no suspect identified
d2bfde2aba486b42ec9ebc818244cef52e525a433cfbc12c77c9caf906f7cc67,2024-11,Gloucestershire Constabulary,Gloucestershire Constabulary,-1.726209,51.933632,On or near B4077,E01022177,Cotswold 002A,Unable to prosecute suspect
0d8997a32afb46af388fb0f50616a2c008f7b0fb9109609a6bd67a9b84311c98,2024-11,Gloucestershire Constabulary,Gloucestershire Constabulary,-2.615445,51.790416,On or near Nash Way,E01022245,Forest of Dean 007F,Unable to prosecute suspect
7977d2abc7c6846f22ae5067d66c6b7eb32872c3c7da74474b4c46529057aaa2,2024-11,Gloucestershire Constabulary,Gloucestershire Constabulary,-2.404019,51.930477,On or near Cheapside,E01022262,Forest of Dean 002B,Unable to prosecute suspect
2c207484eb258d222982bd89c9061657720f0f5622b0940a6f450630eeb77feb,2024-11,Gloucestershire Constabulary,Gloucestershire Constabulary,-2.263386,51.816953,On or near Goose Bay Drive,E01034798,Gloucester 015L,Investigation complete; no suspect identified
6aaf21e8e1367fa29cb309a84eb33ac39ca9f5f5b462e94f4b3c6cb5bfad72d3,2024-11,Gloucestershire Constabulary,Gloucestershire Constabulary,-2.257681,51.839191,On or near Scott Avenue,E01022333,Gloucester 009E,Investigation complete; no suspect identified
0cc3b164339d3e9eb7b9b50f3d00f82cf2739afb1d94c9b512a9d1b57ff11317,2024-11,Gloucestershire Constabulary,Gloucestershire Constabulary,-2.288431,51.749704,On or near Park Road,E01022403,Stroud 005D,Action to be taken by another organisation
1cfb8a26117560300bae7442172a12d404b6872888b4f8578e218b1098b6c5f1,2024-11,Gloucestershire Constabulary,Gloucestershire Constabulary,-2.288431,51.749704,On or near Park Road,E01022403,Stroud 005D,Action to be taken by another organisation
9226184bc9f48360ecc6424b5078b8ed2c5282dc9886cb61eb88f6be550e03de,2024-11,Gloucestershire Constabulary,Gloucestershire Constabulary,-2.288431,51.749704,On or near Park Road,E01022403,Stroud 005D,Action to be taken by another organisation
a8a0cf8f3f7216c6b211800221f079b5886ff2df3674cf79df5554e3c0883a74,2024-11,Gloucestershire Constabulary,Gloucestershire Constabulary,-2.288431,51.749704,On or near Park Road,E01022403,Stroud 005D,Action to be taken by another organisation
d1abe26fb68a4ea8e234226a362a618ac4683ee2cb06b8f286da8de7855ca889,2024-11,Gloucestershire Constabulary,Gloucestershire Constabulary,-2.288431,51.749704,On or near Park Road,E01022403,Stroud 005D,Action to be taken by another organisation
e1831c46aecdc15aad44c18079caab624d09f662d0a38baa82c1a57916f2dd4b,2024-11,Gloucestershire Constabulary,Gloucestershire Constabulary,-2.288431,51.749704,On or near Park Road,E01022403,Stroud 005D,Action to be taken by another organisation
d6b9175006a8312e86943ce50a9101945cea28486d967d6639d576fa1216abb4,2024-11,Gloucestershire Constabulary,Gloucestershire Constabulary,-2.066109,51.938274,On or near Cantors Court,E01022432,Tewkesbury 011E,Investigation complete; no suspect identified
bd8e1b366a3fd3ba48d7606f596a3ce68be974c630ddd4637fda34ea0520a541,2024-11,Gloucestershire Constabulary,Gloucestershire Constabulary,-2.624287,51.797545,On or near Inwood Drive,E01022242,Forest of Dean 007C,Unable to prosecute suspect
3e939d303bad54f9735f04ad1fcc034140430076ff8a2ae327e12ef30fb499e3,2024-11,Gloucestershire Constabulary,Gloucestershire Constabulary,,,No location,,,Unable to prosecute suspect
e4d3a347d960e5c5a1387cd02a53a2e187624bfbecf2d2b8cb4c2efb13974b92,2024-11,Gloucestershire Constabulary,Gloucestershire Constabulary,-2.149914,51.843693,On or near Tone Drive,E01034810,Tewkesbury 009I,Local resolution
f225ee1ec514c30db8c066f4e00d0459592bb2896196d5eab8480c7a973cd0bb,2024-11,Gloucestershire Constabulary,Gloucestershire Constabulary,-2.078363,51.908686,On or near Manser Street,E01022152,Cheltenham 004C,Suspect charged
cc34779ae339b9ace3f260272b3960d204a0cccd82ea14e588f371dde70a40d0,2024-11,Gloucestershire Constabulary,Gloucestershire Constabulary,-2.078363,51.908686,On or near Manser Street,E01022152,Cheltenham 004C,Suspect charged
5b0975db0881fc9ffc4a0360b53aa5d4cac67ad28a59abc9f8be2eb04309ad5c,2024-11,Gloucestershire Constabulary,Gloucestershire Constabulary,-2.140631,51.841457,On or near Bryerland Road,E01034806,Tewkesbury 008E,Action to be taken by another organisation
21a07267b34cc20256ce02a7c6e8c0c2c42ed4283324ff240ec1fa93eeab2608,2024-11,Gloucestershire Constabulary,Gloucestershire Constabulary,-2.236118,51.863077,On or near Supermarket,E01022289,Gloucester 005B,Offender given a caution
7ba33d0ac4272cde0578a8070b1b002d302c95ee48ebe68dc38d1c0ae88d2631,2024-11,Gloucestershire Constabulary,Gloucestershire Constabulary,-2.102088,51.883700,On or near Norwich Drive,E01022174,Cheltenham 011E,Investigation complete; no suspect identified
4bc9ef1bfc0b4136dda854929bb224b996181a032f91498eb56a7f012f77a59b,2024-11,Gloucestershire Constabulary,Gloucestershire Constabulary,-2.229370,51.883143,On or near Supermarket,E01022448,Tewkesbury 008B,Local resolution
73dd350c93b996281fabe0adfdd344be97f6a6de3de07a81231ad674720d3685,2024-11,Gloucestershire Constabulary,Gloucestershire Constabulary,-2.249862,51.860966,On or near Norfolk Street,E01034792,Gloucester 004H,Unable to prosecute suspect
156374b9bf2315e6a68a7317b9828b22125b768f14aca189cbdfbfd98258ed0f,2024-11,Gloucestershire Constabulary,Gloucestershire Constabulary,-2.208398,51.856344,On or near St Lawrence Road,E01022285,Gloucester 007E,Unable to prosecute suspect
43e17e06a8ab23cd91eba3bbb36d6dc26d0345e4514d62a53d0837364009b37b,2024-11,Gloucestershire Constabulary,Gloucestershire Constabulary,-2.113601,51.914798,On or near Seabright Close,E01022160,Cheltenham 003B,Unable to prosecute suspect
28c0f9b82021f0ef2d83f6d32d4613952679c718ca55f4f388d1fb9959889751,2024-11,Gloucestershire Constabulary,Gloucestershire Constabulary,-2.278041,51.925727,On or near Broad Street,E01022445,Tewkesbury 004C,Investigation complete; no suspect identified
0075c27f11c2cf0fd4f73bba2974aec4047f25bf18b8cb92addd032ba8e73079,2024-11,Gloucestershire Constabulary,Gloucestershire Constabulary,-2.242522,51.851505,On or near Sydenham Terrace,E01022327,Gloucester 009B,Unable to prosecute suspect
06d20b50a465de5a4c59ad17bc6ad5223dac31430fa72899ee4b5b9bfcf1a10a,2024-11,Gloucestershire Constabulary,Gloucestershire Constabulary,-2.217670,51.840072,On or near Rectory Road,E01022324,Gloucester 011E,Unable to prosecute suspect
9d33e93f29adb6ccf05d5a5b7d983bb90571837b6fff35a495adba3f7bad4c2d,2024-11,Gloucestershire Constabulary,Gloucestershire Constabulary,-2.457820,51.865222,On or near Bathams Close,E01022230,Forest of Dean 005B,Unable to prosecute suspect
1138ddecb7444b24c3fce3b2377da1d7081eb58fe2de7b078fad94dfebb765b8,2024-11,Gloucestershire Constabulary,Gloucestershire Constabulary,-2.111200,51.884591,On or near Broad Oak Way,E01022169,Cheltenham 013C,Unable to prosecute suspect
4a18ab0e5eecb3af63713bceb753694bd441fe4202582971234a02d2a4376acc,2024-11,Gloucestershire Constabulary,Gloucestershire Constabulary,-2.076678,51.898785,On or near Hospital,E01022117,Cheltenham 009B,Investigation complete; no suspect identified
d7c8cd7f4771875d9fa8ae3b303eca4e09bd5b253a4fdac3e6f07dd9bf9e0f64,2024-11,Gloucestershire Constabulary,Gloucestershire Constabulary,-2.206858,51.862650,On or near Hammond Way,E01022287,Gloucester 007G,Suspect charged
d7c8cd7f4771875d9fa8ae3b303eca4e09bd5b253a4fdac3e6f07dd9bf9e0f64,2024-11,Gloucestershire Constabulary,Gloucestershire Constabulary,-2.206858,51.862650,On or near Hammond Way,E01022287,Gloucester 007G,Suspect charged
e5d4d9a2996a4086e267e7043fbffec0ab87284d3d074ddc78bcee3aa33ac95a,2024-11,Gloucestershire Constabulary,Gloucestershire Constabulary,-2.272907,51.824951,On or near Digby Green,E01032933,Gloucester 015E,Unable to prosecute suspect
a5c3969374818d9fa5bf70b9e270a466cebb64ad3e6ef08a1587b29577277b60,2024-11,Gloucestershire Constabulary,Gloucestershire Constabulary,-2.204578,51.881679,On or near Melody Way,E01022316,Gloucester 001C,Unable to prosecute suspect
ba6fbe04d68a93308de6e63a11f6af8a55d4df6124cc8fb7c92930f611f7c353,2024-11,Gloucestershire Constabulary,Gloucestershire Constabulary,-2.259663,51.832965,On or near Elderwood Way,E01022301,Gloucester 013C,Unable to prosecute suspect
7e41bb75fd75549073fcd574b76fcee3f1c4fed7441aa7416f234988be328320,2024-11,Gloucestershire Constabulary,Gloucestershire Constabulary,,,No location,,,Unable to prosecute suspect
5ba9d495d686d909ffc1d8601937adf3b13d960b6c7adb1989ebe7c7d99f9532,2024-11,Gloucestershire Constabulary,Gloucestershire Constabulary,-2.200449,51.956004,On or near Oaklands,E01022441,Tewkesbury 004B,Unable to prosecute suspect
d4734758a46f72beb06094acaa7bdf7f860a2b12ecf3efce0337cf78dfcb5e9c,2024-11,Gloucestershire Constabulary,Gloucestershire Constabulary,-2.158110,51.846380,On or near Sayers Crescent,E01022421,Tewkesbury 009A,Suspect charged as part of another case
36a04f9af6c18dc812c23cef329df0014cc7853dc256bbde358a227fb4372154,2024-11,Gloucestershire Constabulary,Gloucestershire Constabulary,-2.363246,51.772741,On or near Sports/Recreation Area,E01022397,Stroud 003C,Local resolution
98f8e5da99969c9b1285d8b1339f22fd44b2941082028ed64727aa452d682f37,2024-11,Gloucestershire Constabulary,Gloucestershire Constabulary,-2.234696,51.815170,On or near Gilberts Lane,E01034801,Stroud 001G,Unable to prosecute suspect
581b7c07d8583abf7e26f67663a500c09829c2393af22cd89e68e6a78382227b,2024-11,Gloucestershire Constabulary,Gloucestershire Constabulary,-2.239826,51.879661,On or near Tewkesbury Road,E01022314,Gloucester 002E,Unable to prosecute suspect
7b26339c898bc003c959a6ae02169643be02fce5c586192d743e64bfff7e69c1,2024-11,Gloucestershire Constabulary,Gloucestershire Constabulary,-2.091976,51.911643,On or near Richards Road,E01022164,Cheltenham 001B,Investigation complete; no suspect identified
e18ec31dfd7c11cebf4e4cde2677ca35e654d4b0069ca83d18010f2397eaf301,2024-11,Gloucestershire Constabulary,Gloucestershire Constabulary,-2.668464,51.649656,On or near Sports/Recreation Area,E01022275,Forest of Dean 010E,Unable to prosecute suspect
5af753d2251265f41195fe95e012774a072859993fcb0336c7dabcd57f5449ae,2024-11,Gloucestershire Constabulary,Gloucestershire Constabulary,-1.928991,51.988430,On or near Toddington,E01022466,Tewkesbury 003E,Formal action is not in the public interest
bb4dc901745c20cbe698f80bd051ab640b44a5387492ead385d72e2f09f0748e,2024-11,Gloucestershire Constabulary,Gloucestershire Constabulary,-2.242930,51.849094,On or near Tweenbrook Avenue,E01022327,Gloucester 009B,Investigation complete; no suspect identified
c24978aa4a372a6ba1c6e0d0296de932663dbb58faf37f64a98c815639a8855f,2024-11,Gloucestershire Constabulary,Gloucestershire Constabulary,-2.382099,51.693718,On or near Tait's Hill Road,E01022413,Stroud 012D,Unable to prosecute suspect
9f855543418b323e68e38f67fc7a4cf129edcb3d17ef00a6beea95678026a8f5,2024-11,Gloucestershire Constabulary,Gloucestershire Constabulary,-2.171253,51.847737,On or near Whittle Way,E01022423,Tewkesbury 009C,Unable to prosecute suspect
b7d3a293ade976e27fd1b2466d7d7fe5fe54387d484ea4db07baa272ad17856a,2024-11,Gloucestershire Constabulary,Gloucestershire Constabulary,-2.158110,51.846380,On or near Sayers Crescent,E01022421,Tewkesbury 009A,Suspect charged as part of another case
91e45d1a342c6368bb98417473876651e52d4bb8ef667e9f7bee3c70a96394d6,2024-11,Gloucestershire Constabulary,Gloucestershire Constabulary,-2.263386,51.816953,On or near Goose Bay Drive,E01034798,Gloucester 015L,Suspect charged
0358a68d94bbb3f7c9152ed0c690b655c6c7dbcf0686051c08c9b3685748342f,2024-11,Gloucestershire Constabulary,Gloucestershire Constabulary,-2.051849,51.908539,On or near Cotswold Road,E01022132,Cheltenham 006B,Unable to prosecute suspect
f5a369a0900c7f0643f929b1f50b9ec09fb4870f8a4273b27f3c095fe2d6d450,2024-11,Gloucestershire Constabulary,Gloucestershire Constabulary,-1.784311,51.703377,On or near Little Horcott Lane,E01022203,Cotswold 009B,Unable to prosecute suspect
748cdeadf3ab7269d6fd8fef9243c7c79b4c6b2410d5408323b597c72ff43faf,2024-11,Gloucestershire Constabulary,Gloucestershire Constabulary,-2.256571,51.843005,On or near Partridge Close,E01022333,Gloucester 009E,Unable to prosecute suspect
624a5fa6657f9c93f9b9a414a16e5e073463650f598adb3ea1eff225c101ce18,2024-11,Gloucestershire Constabulary,Gloucestershire Constabulary,-1.691689,51.987554,On or near Wellington Road,E01034781,Cotswold 002F,Local resolution
d8b038b1e9febe408d43e27bab464c17cf1648f2985db31e9357058d7df9222d,2024-11,Gloucestershire Constabulary,Gloucestershire Constabulary,-2.112578,51.906824,On or near Quebec Drive,E01022120,Cheltenham 005A,Unable to prosecute suspect
e91904efd1007fcf7cce6449536f76def14eaea484255dcaa20bb024f82330f5,2024-11,Gloucestershire Constabulary,Gloucestershire Constabulary,-1.772313,51.712246,On or near Warmick Close,E01022202,Cotswold 009A,Local resolution
baffc7018546c2e43321dfc8c2d4a9354f7ca17bcf413fa001142af99fd26ac1,2024-11,Gloucestershire Constabulary,Gloucestershire Constabulary,-2.274552,51.930563,On or near Parking Area,E01022445,Tewkesbury 004C,Investigation complete; no suspect identified
1fb4a057d7d98c348c084c40eb7791180ef30d6bbc5d83f50c6beb6801e2d41b,2024-11,Gloucestershire Constabulary,Gloucestershire Constabulary,-2.115729,51.917062,On or near B4634,E01022160,Cheltenham 003B,Investigation complete; no suspect identified
79d2d682067844108fdf182303202944897b8a2b64cf0554fb58ad60987d757a,2024-11,Gloucestershire Constabulary,Gloucestershire Constabulary,-2.112996,51.905295,On or near Braeburn Close,E01022121,Cheltenham 005B,Unable to prosecute suspect
ecb74f09e59d2cb3164cb375f65199385fbb81b85f8a9e44aebe0f8895a8079c,2024-11,Gloucestershire Constabulary,Gloucestershire Constabulary,-2.237048,51.854258,On or near Morpeth Street,E01022294,Gloucester 008B,Unable to prosecute suspect
e8996b8d1fce58c44bbe4bd5410283bb901533ffdf9101a1c3cc17794d53c918,2024-11,Gloucestershire Constabulary,Gloucestershire Constabulary,-2.229917,51.870879,On or near Posy Lane,E01022312,Gloucester 002D,Unable to prosecute suspect
c12538b228b94ea3d91b08d00da0066201c8c49d17bdd37d421a9d37bc5adb5f,2024-11,Gloucestershire Constabulary,Gloucestershire Constabulary,-2.246268,51.864813,On or near Shopping Area,E01032937,Gloucester 004F,Suspect charged
e6b2af63920fc8f81dbdf1bfea0e17abd6295c225ac5f61b2a3972791d8a8249,2024-11,Gloucestershire Constabulary,Gloucestershire Constabulary,-2.246268,51.864813,On or near Shopping Area,E01032937,Gloucester 004F,Suspect charged
824c3fbcaa1643276b992242e5f7d903b443d407904343975f7b935b14e621b9,2024-11,Gloucestershire Constabulary,Gloucestershire Constabulary,-2.122276,51.913252,On or near Hazledean Road,E01022161,Cheltenham 003C,Investigation complete; no suspect identified
916d061866ce83c2fae372ac4072e7ac597f95221c11d1307182ff322dc554d5,2024-11,Gloucestershire Constabulary,Gloucestershire Constabulary,-2.257599,51.840108,On or near Masefield Avenue,E01022333,Gloucester 009E,Investigation complete; no suspect identified
111705ed51673363bf57261264657d7661606ebc7d511a3fb8fb76365e2c9b7d,2024-11,Gloucestershire Constabulary,Gloucestershire Constabulary,-2.100036,51.882500,On or near Sports/Recreation Area,E01022172,Cheltenham 013F,Investigation complete; no suspect identified
1fe6f69269832c6e67b2ce940042d6b3a169a8233c606d5bc6ebd62875006f79,2024-11,Gloucestershire Constabulary,Gloucestershire Constabulary,-2.237596,51.861782,On or near Charles Street,E01022289,Gloucester 005B,Unable to prosecute suspect
8644b1a437e6f4d6e2516dd476471369a559b9ba0a12cb53532422d7d2808ec4,2024-11,Gloucestershire Constabulary,Gloucestershire Constabulary,-2.119723,51.915368,On or near Rye Avenue,E01022161,Cheltenham 003C,Investigation complete; no suspect identified
e2de41f04eb8f2d35c9c922b755da58c02602d7fd04ceaf2dfeb5e3a1e87fae6,2024-11,Gloucestershire Constabulary,Gloucestershire Constabulary,,,No location,,,Investigation complete; no suspect identified
be2150a9b02eabe3de6aaf35b8bfa2b1fc45184841173c8587db5869e49aadf0,2024-11,Gloucestershire Constabulary,Gloucestershire Constabulary,-1.968513,51.716301,On or near Brewery Court,E01022194,Cotswold 007A,Investigation complete; no suspect identified
2ced5627c3c1cbff43d6290358ef3edd403c16be61c847327b62165313185800,2024-11,Gloucestershire Constabulary,Gloucestershire Constabulary,-2.248860,51.853083,On or near Bloomfield Road,E01022328,Gloucester 008D,Investigation complete; no suspect identified
261198865a5224fea1cd65b22593dc9262e2b838eeca44cd01b84d735e7e0d77,2024-11,Gloucestershire Constabulary,Gloucestershire Constabulary,-2.256966,51.833384,On or near Ryelands,E01022301,Gloucester 013C,Investigation complete; no suspect identified
7ae34093f32022dfc5aad92b6fc880365666a640e09243a912bcb56e8479c5a8,2024-11,Gloucestershire Constabulary,Gloucestershire Constabulary,-2.089936,51.916887,On or near Linwell Close,E01022163,Cheltenham 001A,Investigation complete; no suspect identified
df6c831e8b34f385da7124237beed77e217948fbbc67b474d3cba7161acfd3ea,2024-11,Gloucestershire Constabulary,Gloucestershire Constabulary,-2.289618,51.749647,On or near Severn Road,E01022403,Stroud 005D,Unable to prosecute suspect
a7dae954cf604987ba444a0a57fe6df41fb483412d82d6678c28d562923b1ec8,2024-11,Gloucestershire Constabulary,Gloucestershire Constabulary,-2.248735,51.872486,On or near Parking Area,E01032932,Gloucester 004E,Investigation complete; no suspect identified
5e0623bc123a48153fc3eb3993edbb3acf4300ff0f8463228be955b367e09097,2024-11,Gloucestershire Constabulary,Gloucestershire Constabulary,-2.151275,51.847000,On or near Tamar Road,E01022424,Tewkesbury 009D,Investigation complete; no suspect identified
668b9bea9bab23c6d4f4ea0d806ec77fc0b1ef59911c56bfd1e40ed38bdfd1b8,2024-11,Gloucestershire Constabulary,Gloucestershire Constabulary,-2.307654,51.960484,On or near Cullingham Close,E01022270,Forest of Dean 001D,Unable to prosecute suspect
cb6b6ea7393ad3487060c3f4cafb897462658582de2f58072b6992d162216cee,2024-11,Gloucestershire Constabulary,Gloucestershire Constabulary,-2.031081,51.936472,On or near Lye Lane,E01022434,Tewkesbury 004A,Unable to prosecute suspect
d215bcdc3c2c720e9fdf5288731365c08870656e0a2be4a518e1ff4bcf73b232,2024-11,Gloucestershire Constabulary,Gloucestershire Constabulary,-2.236118,51.863077,On or near Supermarket,E01022289,Gloucester 005B,Investigation complete; no suspect identified
1464951a7f3c2fa3304900c5b4587e0a992db0be49da5571fc5969ad475660e3,2024-11,Gloucestershire Constabulary,Gloucestershire Constabulary,-2.233980,51.716081,On or near Atcombe Road,E01022350,Stroud 010A,Unable to prosecute suspect
4a715d7f5c6a3dc64244c31a9050a3bf916ecb4a013e067bbf1fde6d9ab2fc46,2024-11,Gloucestershire Constabulary,Gloucestershire Constabulary,,,No location,,,Unable to prosecute suspect
89be5cd16bdb067220ab6407861df79640de4be58da4608ed6e73f1d1d539776,2024-11,Gloucestershire Constabulary,Gloucestershire Constabulary,-1.951976,51.900989,On or near Park/Open Space,E01022216,Cotswold 004D,Unable to prosecute suspect
c4f7add264eb4da1895fc3e02320c2b6904f0e1b3201f67342db2ba7a6752425,2024-11,Gloucestershire Constabulary,Gloucestershire Constabulary,-2.234108,51.858445,On or near Hopewell Street,E01022291,Gloucester 005D,Investigation complete; no suspect identified
d21db10e256424ecda1524f8fdfa9dc509d0240d1e21782562582b7bb8e188db,2024-11,Gloucestershire Constabulary,Gloucestershire Constabulary,-2.078363,51.908686,On or near Manser Street,E01022152,Cheltenham 004C,Unable to prosecute suspect
62874bb787ef738e03e63d759c76057cb4f33581e97c928b3af574d8358ddada,2024-11,Gloucestershire Constabulary,Gloucestershire Constabulary,-2.242762,51.869207,On or near Parking Area,E01022311,Gloucester 002C,Investigation complete; no suspect identified
0f9b17f29fb74834a0be829cb4db6bfc77f3f7cb90953cc6330ae23299502638,2024-11,Gloucestershire Constabulary,Gloucestershire Constabulary,-2.232891,51.695736,On or near Higher Newmarket Road,E01022388,Stroud 013D,Investigation complete; no suspect identified
2d089f8c47155cf552b7b718abd0f20eecd5c049a717afdb3f64386516bb3747,2024-11,Gloucestershire Constabulary,Gloucestershire Constabulary,-1.958098,51.709564,On or near City Bank Road,E01022198,Cotswold 008D,Unable to prosecute suspect
2bf829c5a2512dd1c8c8a37a6b8de21fd6d4088502e450a6db2ad278b60bcb99,2024-11,Gloucestershire Constabulary,Gloucestershire Constabulary,-1.958098,51.709564,On or near City Bank Road,E01022198,Cotswold 008D,Unable to prosecute suspect
cc0ed97f428823d3b8ecab6868c7604f7a1069357e164dc9ac6b5a4004ae3fa6,2024-11,Gloucestershire Constabulary,Gloucestershire Constabulary,-2.194877,51.711198,On or near Burleigh Tor,E01022382,Stroud 010B,Unable to prosecute suspect
27559a4afd8ce098273d2fafdad4dad8964d1646e3937994c6e4adc29401dfd6,2024-11,Gloucestershire Constabulary,Gloucestershire Constabulary,-2.616129,51.793793,On or near B4228,E01022241,Forest of Dean 007B,Unable to prosecute suspect
fd128091b2e3d3ee0ce11d392aa238de7f4b5d712d63999eed4748ba423d1383,2024-11,Gloucestershire Constabulary,Gloucestershire Constabulary,-2.075582,51.896847,On or near Oriel Road,E01022117,Cheltenham 009B,Unable to prosecute suspect
9e640f116b85113c284c5e0b530574bc43ea2b65bd80faf25246a8c4c4963b49,2024-11,Gloucestershire Constabulary,Gloucestershire Constabulary,-2.072765,51.898278,On or near Bath Street,E01022117,Cheltenham 009B,Unable to prosecute suspect
6861e8b340dcc7259cc3dc58212ca975b749e9127364445fa297df5c524a1622,2024-11,Gloucestershire Constabulary,Gloucestershire Constabulary,-2.073568,51.900643,On or near Shopping Area,E01022102,Cheltenham 008C,Unable to prosecute suspect
0f9dff19565c57edd60fe3d53360d6b03139bbf373b44c0a80cdd15682c7f399,2024-11,Gloucestershire Constabulary,Gloucestershire Constabulary,-2.241704,51.874991,On or near Sandhurst Road,E01022310,Gloucester 002B,Unable to prosecute suspect
59e0e6176b307fe7af964985e18bdf5fd6eac6017029907fe93ca118f4c549c2,2024-11,Gloucestershire Constabulary,Gloucestershire Constabulary,-2.274293,51.830927,On or near Olympus Park,E01022341,Gloucester 014C,Unable to prosecute suspect
9adff6b02e88bb2869c856b4868e67b21095409377f5158e117378915e8a884e,2024-11,Gloucestershire Constabulary,Gloucestershire Constabulary,-2.274293,51.830927,On or near Olympus Park,E01022341,Gloucester 014C,Unable to prosecute suspect
e2fa754fb804da359a6442d126adef241a3689eff74730db69a8069e3b79a16b,2024-11,Gloucestershire Constabulary,Gloucestershire Constabulary,-2.152652,51.846414,On or near Clyde Road,E01022424,Tewkesbury 009D,Investigation complete; no suspect identified
f414cf78b3efa33bc2b4de207343954819294e44a07922c3d3893757e6239206,2024-11,Gloucestershire Constabulary,Gloucestershire Constabulary,-2.245848,51.872473,On or near Supermarket,E01022310,Gloucester 002B,Investigation complete; no suspect identified
249d1f6a64c7f8a30d04a7057883f8d98e47c93fb396783e1ee7e3d3ab4e3f4c,2024-11,Gloucestershire Constabulary,Gloucestershire Constabulary,-2.527967,51.727607,On or near Shopping Area,E01022256,Forest of Dean 009E,Investigation complete; no suspect identified
0b7719db6f21f672430301cbabf44dea9f90cb680d063b3b5ae9be786d294d14,2024-11,Gloucestershire Constabulary,Gloucestershire Constabulary,-2.086747,51.899015,On or near Overton Road,E01022124,Cheltenham 009D,Unable to prosecute suspect
2927300d380f59888bacae97b7fb93d36e5ad48df197c8977dee2c85d33a8cf6,2024-11,Gloucestershire Constabulary,Gloucestershire Constabulary,-2.214965,51.747550,On or near Supermarket,E01022414,Stroud 006E,Suspect charged as part of another case
46d41a383f9536f8e10506949f26b2ff8914eca17dbb1cf393938df347373aff,2024-11,Gloucestershire Constabulary,Gloucestershire Constabulary,-2.085605,51.902397,On or near Petrol Station,E01034777,Cheltenham 007G,Unable to prosecute suspect
11dc4eb326a64be917422015ea9304af7701654915b2d6915a3263f5fa25becc,2024-11,Gloucestershire Constabulary,Gloucestershire Constabulary,-2.288816,51.814527,On or near Sports/Recreation Area,E01034800,Stroud 001F,Unable to prosecute suspect
d623b88a771f75d159a6b417bab9b5070ce3a45416c29511fbec519d2315e97d,2024-11,Gloucestershire Constabulary,Gloucestershire Constabulary,-2.215789,51.747216,On or near Locking Hill,E01022414,Stroud 006E,Unable to prosecute suspect
8a075f6c5bd0652379a24ba3dada7583624c74ba97c0e8ebdb3e0ea1291db552,2024-11,Gloucestershire Constabulary,Gloucestershire Constabulary,-2.057103,51.902018,On or near Bell View Close,E01022133,Cheltenham 006C,Unable to prosecute suspect
770491f05a339aa141c20badff8f751177670de5c6692ac730382a1de60c660b,2024-11,Gloucestershire Constabulary,Gloucestershire Constabulary,-2.100215,51.903491,On or near Catkin Drive,E01022150,Cheltenham 007C,Unable to prosecute suspect
124a7c7dd55486a82fed33502a746cdd9799c7d110f4d0a2fabf192095e8f50b,2024-11,Gloucestershire Constabulary,Gloucestershire Constabulary,-2.223971,51.747030,On or near Supermarket,E01034804,Stroud 006G,Suspect charged
a42af524a27c50518ce3320cb58dda5bc1f4594bc4b0139560c7517fe0bb1298,2024-11,Gloucestershire Constabulary,Gloucestershire Constabulary,-2.073568,51.900643,On or near Shopping Area,E01022102,Cheltenham 008C,Unable to prosecute suspect
e23bdfbd91d15ef379f22a80455c3ed2e20a2313c680ab7f539b8b56366eb1e5,2024-11,Gloucestershire Constabulary,Gloucestershire Constabulary,-2.073568,51.900643,On or near Shopping Area,E01022102,Cheltenham 008C,Unable to prosecute suspect
536f181c3c3604424e2cd9526338a5bf61deaec06d10cf4a308b59bda3075cde,2024-11,Gloucestershire Constabulary,Gloucestershire Constabulary,-2.523934,51.725719,On or near Steel Avenue,E01022256,Forest of Dean 009E,Unable to prosecute suspect
4f5f3d7a6818b213ad1f87f72c287197026be23b004e8f27252b3b40e4dafef1,2024-11,Gloucestershire Constabulary,Gloucestershire Constabulary,-2.080958,51.904746,On or near Milsom Street,E01022152,Cheltenham 004C,Investigation complete; no suspect identified
79a74773026882fa23689cfcac1e18d81bc13964a1f31499025c5f4f6ca3c6f3,2024-11,Gloucestershire Constabulary,Gloucestershire Constabulary,-2.080958,51.904746,On or near Milsom Street,E01022152,Cheltenham 004C,Investigation complete; no suspect identified
cc11dc6402f38fdd5d03bedfcb910303d8508c9cd7ed254337414e2771a517bd,2024-11,Gloucestershire Constabulary,Gloucestershire Constabulary,-2.080958,51.904746,On or near Milsom Street,E01022152,Cheltenham 004C,Investigation complete; no suspect identified
a99fe83843cbd2c6dde6db557aec423f1393f631d63b3141e22b371147c21ff0,2024-11,Gloucestershire Constabulary,Gloucestershire Constabulary,-2.080958,51.904746,On or near Milsom Street,E01022152,Cheltenham 004C,Investigation complete; no suspect identified
e0e5b4f7598df811df18990187a0621673f17e904a14a6f6532fb6ff32155541,2024-11,Gloucestershire Constabulary,Gloucestershire Constabulary,-2.080958,51.904746,On or near Milsom Street,E01022152,Cheltenham 004C,Investigation complete; no suspect identified
eb109bd729a6980c22022f966be44fdc14961dda214805bfc8d3be3756dcda41,2024-11,Gloucestershire Constabulary,Gloucestershire Constabulary,-2.080958,51.904746,On or near Milsom Street,E01022152,Cheltenham 004C,Investigation complete; no suspect identified
fc125b445128d2c8c9c2952ff39d03486dcc92db5f126e830a3a372522d47e2f,2024-11,Gloucestershire Constabulary,Gloucestershire Constabulary,-1.957825,51.707388,On or near Kingsmead,E01022198,Cotswold 008D,Unable to prosecute suspect
9d6a9b2d9feaccf276f2dedb1a450c927438553fe42ef9a21f749960b24ec7e7,2024-11,Gloucestershire Constabulary,Gloucestershire Constabulary,-1.721653,51.929548,On or near Digbeth Street,E01022177,Cotswold 002A,Unable to prosecute suspect
b218330dbb499bff2ef856d59c19f857d64711431d0d32ae2060bb09a0eb7424,2024-11,Gloucestershire Constabulary,Gloucestershire Constabulary,-2.108173,51.900715,On or near Guinevere Road,E01022147,Cheltenham 005C,Investigation complete; no suspect identified
f33d2cf782e0150fddc7ff10672b7d4ac94bbfb20328f57d29a3c3374c657377,2024-11,Gloucestershire Constabulary,Gloucestershire Constabulary,-2.201628,51.712787,On or near Brimscombe Hill,E01022382,Stroud 010B,Unable to prosecute suspect
26623b76dbf99057a131970fba6b7c5b3925d30045f1b6ebb36f6885e0b5a310,2024-11,Gloucestershire Constabulary,Gloucestershire Constabulary,-2.108173,51.900715,On or near Guinevere Road,E01022147,Cheltenham 005C,Investigation complete; no suspect identified
6d9123e504748ed55f7b6a71360b7f79e8815f79b9caaee362dfbfa350d38594,2024-11,Gloucestershire Constabulary,Gloucestershire Constabulary,-2.119489,51.887496,On or near Wards Road,E01022168,Cheltenham 013B,Unable to prosecute suspect
008f41fad9eae5577e9c90c5132ae784ef6b0518a3edfa7c54b1217c45616ce8,2024-11,Gloucestershire Constabulary,Gloucestershire Constabulary,-2.220581,51.898058,On or near The Ribstons,E01022440,Tewkesbury 006A,Unable to prosecute suspect
23cdc9760b807a097d2236f70dd1c54920c258b180a7a50cc0fdaea18c064fc8,2024-11,Gloucestershire Constabulary,Gloucestershire Constabulary,-2.240227,51.862182,On or near Nightclub,E01034793,Gloucester 004I,Unable to prosecute suspect
51e02b0b202c6a3c76a55a84d689af16866f446a90ba7a567d0f693521f39484,2024-11,Gloucestershire Constabulary,Gloucestershire Constabulary,-2.240227,51.862182,On or near Nightclub,E01034793,Gloucester 004I,Unable to prosecute suspect
d1653e22e98b858f0a1e3c714bc239be0a09405c987b40aa847a1317894275fa,2024-11,Gloucestershire Constabulary,Gloucestershire Constabulary,-2.234039,51.850731,On or near Leonard Road,E01022294,Gloucester 008B,Unable to prosecute suspect
ce368966cae02a7c8527fd046d6483bff8c389938bfdda6b466d4606f59af256,2024-11,Gloucestershire Constabulary,Gloucestershire Constabulary,-2.272798,51.826102,On or near Headley Court,E01032933,Gloucester 015E,Unable to prosecute suspect
193d272c27ffafe555f8c57d6ea8238031477fb5b48fb9ab18349cc8f8682dd4,2024-11,Gloucestershire Constabulary,Gloucestershire Constabulary,-2.272798,51.826102,On or near Headley Court,E01032933,Gloucester 015E,Unable to prosecute suspect
8c1c7fb75c9eb441bc5a53f8d2bc952e6034be12af20779cecdc217b0da123dc,2024-11,Gloucestershire Constabulary,Gloucestershire Constabulary,-2.046470,51.908730,On or near Bouncer's Lane,E01022145,Cheltenham 002C,Local resolution
d1c6fcd27e92fcf6061703f39cc3b4993fd867753a950ef164fcfc122b686294,2024-11,Gloucestershire Constabulary,Gloucestershire Constabulary,-2.085052,51.917151,On or near Limber Hill,E01022166,Cheltenham 001D,Suspect charged
6f1aa5a6027436220dfd49695b8139458b04adab4fb45d058e567dcb1eff4ac5,2024-11,Gloucestershire Constabulary,Gloucestershire Constabulary,-2.152652,51.846414,On or near Clyde Road,E01022424,Tewkesbury 009D,Unable to prosecute suspect
791d8f07c82c1621bfef8cdf62b8d1818619e85863e7e61e11d358720cf793ea,2024-11,Gloucestershire Constabulary,Gloucestershire Constabulary,-2.241898,51.865118,On or near Bus/Coach Station,E01032937,Gloucester 004F,Investigation complete; no suspect identified
93abcd040152a67b70991bff48bc1c7eef3dbbe11bd251039d5b0bcdf257ee06,2024-11,Gloucestershire Constabulary,Gloucestershire Constabulary,-2.249196,51.861327,On or near Albion Street,E01034792,Gloucester 004H,Investigation complete; no suspect identified
6b872fb3172eb5195d3202d1396186aa4edc66cc609443a30ac744a0fb0d6580,2024-11,Gloucestershire Constabulary,Gloucestershire Constabulary,-2.251044,51.859408,On or near St Luke Street,E01034791,Gloucester 004G,Investigation complete; no suspect identified
a3379ef6095ec779779fab7b856eb50b44b90ab3904cf8d03ab84152b6b60c10,2024-11,Gloucestershire Constabulary,Gloucestershire Constabulary,-2.602185,51.793065,On or near Trafalgar Mews,E01022243,Forest of Dean 007D,Unable to prosecute suspect
1ccb331bae4ed7a296f0c2ce903e9988bd44339e37f02b3020776c28eb51bfe3,2024-11,Gloucestershire Constabulary,Gloucestershire Constabulary,-2.049683,51.908630,On or near Pennine Road,E01022131,Cheltenham 006A,Unable to prosecute suspect
06e5309f264361afa04b8862c54f1038f4532653494be40e929a22b7553194e8,2024-11,Gloucestershire Constabulary,Gloucestershire Constabulary,-2.095893,51.887464,On or near Sir Charles Irving Close,E01022135,Cheltenham 011A,Investigation complete; no suspect identified
d7996bff0ec9ba211ef06738c3de0d90c1e4621bfcae8b649e891651589338c7,2024-11,Gloucestershire Constabulary,Gloucestershire Constabulary,-2.056637,51.890151,On or near Brook Vale,E01022104,Cheltenham 012B,Unable to prosecute suspect
d5ef7b06426df1ef91212ce09cdaa6a86f408723cf0e85303a2af95af77f0c37,2024-11,Gloucestershire Constabulary,Gloucestershire Constabulary,-2.246669,51.906359,On or near St Lawrence Close,E01022442,Tewkesbury 006B,Unable to prosecute suspect
64ea899389b312c68ba4a31cce9994ba5bb2749ccd544cd2687e7d738a9a139a,2024-11,Gloucestershire Constabulary,Gloucestershire Constabulary,-2.246669,51.906359,On or near St Lawrence Close,E01022442,Tewkesbury 006B,Unable to prosecute suspect
b39bf376d8332d5919d4a34a5a9225780ca1210e14a2242a2263767341a709cf,2024-11,Gloucestershire Constabulary,Gloucestershire Constabulary,-2.246669,51.906359,On or near St Lawrence Close,E01022442,Tewkesbury 006B,Unable to prosecute suspect
36767a5d24bddffdb421e7efc1099102bfc91431b173afca1d1d0f60bd9b80c6,2024-11,Gloucestershire Constabulary,Gloucestershire Constabulary,-2.246669,51.906359,On or near St Lawrence Close,E01022442,Tewkesbury 006B,Unable to prosecute suspect
adc2a9b4cadb8aa0ee9d57866832cfafabd225bc4de6ed9db4d6cd96439381f7,2024-11,Gloucestershire Constabulary,Gloucestershire Constabulary,-2.498499,51.821954,On or near Woodside Street,E01022236,Forest of Dean 004A,Unable to prosecute suspect
ebd3866dd8307483254505dfcca75cfa22c6c420fbbca0659ce63f19f9449543,2024-11,Gloucestershire Constabulary,Gloucestershire Constabulary,-2.236304,51.856193,On or near Grove Street,E01022291,Gloucester 005D,Unable to prosecute suspect
94179c9528782a07c8385f19ef313dd26d717ad6f957fe0b03680b84de95077c,2024-11,Gloucestershire Constabulary,Gloucestershire Constabulary,-2.214026,51.833803,On or near Munsley Grove,E01022319,Gloucester 011A,Unable to prosecute suspect
01150f42741e1175d8ef991366320c4c67c82bc9237de94e3ece05d9a1e9049a,2024-11,Gloucestershire Constabulary,Gloucestershire Constabulary,-2.659917,51.640596,On or near Beachley Road,E01022272,Forest of Dean 010B,Unable to prosecute suspect
c2d7c1e1222435a74b4faa702ca7e4d3d854014ba7153ae313f4d2962a1fdbd6,2024-11,Gloucestershire Constabulary,Gloucestershire Constabulary,-2.254972,51.829828,On or near Holmwood Close,E01022300,Gloucester 013B,Investigation complete; no suspect identified
b600003668ca43987db3b7d8f08ed4118ee4d0a09ffccd9ffb26189c44e537d6,2024-11,Gloucestershire Constabulary,Gloucestershire Constabulary,-2.230311,51.754714,On or near Barrowfield Road,E01022377,Stroud 004E,Unable to prosecute suspect
e20188177fd5df6b4ec1a47d8a79636817ffb07721a1d43d833f6803a95dd0b4,2024-11,Gloucestershire Constabulary,Gloucestershire Constabulary,-2.494273,51.825505,On or near Greenhill Close,E01022237,Forest of Dean 004B,Unable to prosecute suspect
1e567a8c1c4684f1a54be763752f34ff2548190aa3e59ea390196f8eed4effe5,2024-11,Gloucestershire Constabulary,Gloucestershire Constabulary,-2.240227,51.862182,On or near Nightclub,E01034793,Gloucester 004I,Unable to prosecute suspect
74b8d24801022e55fef4afddf29a87255a170d45fff9238ad8e2607ba819e605,2024-11,Gloucestershire Constabulary,Gloucestershire Constabulary,-2.077309,51.946583,On or near Huxley Way,E01022438,Tewkesbury 010E,Unable to prosecute suspect
ac20d3d85a347dc08c518717cd1659a3745056a64c7d8d81867e7cbd22828395,2024-11,Gloucestershire Constabulary,Gloucestershire Constabulary,-2.263831,51.816169,On or near Silverstone Walk,E01034798,Gloucester 015L,Local resolution
e61a2e09de9f45383e3ebe71f8c52ab50503b4297cd144b3a875a30050cffac3,2024-11,Gloucestershire Constabulary,Gloucestershire Constabulary,-2.153483,51.983802,On or near Tudor Place,E01022457,Tewkesbury 002B,Unable to prosecute suspect
617fcc73a87b36a1d2cb654a8e47254d08f1a6982acf34c10af6e3b1267e462a,2024-11,Gloucestershire Constabulary,Gloucestershire Constabulary,-2.010884,51.942533,On or near Park/Open Space,E01022434,Tewkesbury 004A,Investigation complete; no suspect identified
83adf30ff067fabc0aac46b77ac31113f1f8f7b986ea836f100e7b6d3917c8df,2024-11,Gloucestershire Constabulary,Gloucestershire Constabulary,-2.409381,51.931646,On or near Holts Road,E01022261,Forest of Dean 002A,Unable to prosecute suspect
90b1f3b456cc101644fc68c32a8fcdc86af8f13e9ad785dfe0aeccc4d30e00e4,2024-11,Gloucestershire Constabulary,Gloucestershire Constabulary,-2.409381,51.931646,On or near Holts Road,E01022261,Forest of Dean 002A,Unable to prosecute suspect
7e6d0237e929dbde52ef923319949fa45fe466301ed9c21af743197feb674f19,2024-11,Gloucestershire Constabulary,Gloucestershire Constabulary,-2.246268,51.864813,On or near Shopping Area,E01032937,Gloucester 004F,Unable to prosecute suspect
c79c109fa58917beb25c9ff60261708159ed6fd9ced2fb1995562d3f8a054635,2024-11,Gloucestershire Constabulary,Gloucestershire Constabulary,-2.247123,51.827462,On or near Bisley Road,E01022346,Gloucester 012D,Local resolution
a28ba32c39bf2ac828419b849fc9ea3f665f74f65c26471e2e4e966bc19d5c1c,2024-11,Gloucestershire Constabulary,Gloucestershire Constabulary,-2.247123,51.827462,On or near Bisley Road,E01022346,Gloucester 012D,Unable to prosecute suspect
053d799dcc386febbe483427427315bf4aff81bb2501030bb983989188ae02bf,2024-11,Gloucestershire Constabulary,Gloucestershire Constabulary,-2.187891,51.886517,On or near Supermarket,E01022430,Tewkesbury 007F,Suspect charged
5756b1b4050a946198959771996488240b10c09d4995c6a0b4ce9ba1239a4d64,2024-11,Gloucestershire Constabulary,Gloucestershire Constabulary,-2.099907,51.915440,On or near Shopping Area,E01022165,Cheltenham 001C,Suspect charged
9fd651f4a44ff7ec7a6efcc87e1b4d22d04f312088eadcb9b7c42052cda24a4d,2024-11,Gloucestershire Constabulary,Gloucestershire Constabulary,-2.099907,51.915440,On or near Shopping Area,E01022165,Cheltenham 001C,Suspect charged
9f6425ee8f84059b3a6d68ecebd2c4c8f1045d1b4a74962a9de8aeb07ce229c3,2024-11,Gloucestershire Constabulary,Gloucestershire Constabulary,-2.524628,51.720627,On or near Lakeside Gardens,E01022254,Forest of Dean 009C,Unable to prosecute suspect
86a6a1eaaccc84da4dea35e7c6ea1141d1678d0143bfd36accb4e4f71a19bdad,2024-11,Gloucestershire Constabulary,Gloucestershire Constabulary,-2.237928,51.855767,On or near Dainty Street,E01022292,Gloucester 005E,Suspect charged
97acb9ce923a3c7d65759916470ab8459386132a28e6c34402ea79a9731ccba0,2024-11,Gloucestershire Constabulary,Gloucestershire Constabulary,-2.117232,51.913500,On or near Peter Pennell Close,E01022160,Cheltenham 003B,Unable to prosecute suspect
754b781ffa1c5a1e50046c1982cd1b192e348f0ebae7c7b51b1c8712d91cbb58,2024-11,Gloucestershire Constabulary,Gloucestershire Constabulary,-2.109097,51.886194,On or near Florence Mews,E01022173,Cheltenham 013G,Investigation complete; no suspect identified
3d02dddb0cea3d3117e7644164a5dbc5c98dc5670fb82f1ed060c2715369bc9d,2024-11,Gloucestershire Constabulary,Gloucestershire Constabulary,-1.689410,51.990722,On or near Proctor Road,E01034781,Cotswold 002F,Unable to prosecute suspect
7dfb5b315b5950a7f557440adc733a5aa37c7b57359028f057e6f2692283f540,2024-11,Gloucestershire Constabulary,Gloucestershire Constabulary,-2.347989,51.635821,On or near Mitre Pitch,E01022417,Stroud 015D,Local resolution
74a18cbc0396ed263beb4794e741aa539b54ea8f6a747711f5ca38b4261ae4e1,2024-11,Gloucestershire Constabulary,Gloucestershire Constabulary,-2.190652,51.886701,On or near Salvia Close,E01022428,Tewkesbury 007D,Unable to prosecute suspect
92514887f96dc2ac7f07aaa9e4dc1ab5bfa17eb0aa593234fe1d2d2526aa5134,2024-11,Gloucestershire Constabulary,Gloucestershire Constabulary,-2.294344,51.905898,On or near Dent's Lane,E01022247,Forest of Dean 001C,Unable to prosecute suspect
1179d46f0f8aecf00a464efd514e0ef1349465a6d54bf2cd9b61bfca5730ce0a,2024-11,Gloucestershire Constabulary,Gloucestershire Constabulary,-2.257681,51.839191,On or near Scott Avenue,E01022333,Gloucester 009E,Unable to prosecute suspect
9373d7a533b916d6baaf79aad1c06c4c6c9b7089d14285f0d5a53b0b5929f28d,2024-11,Gloucestershire Constabulary,Gloucestershire Constabulary,-2.182336,51.889016,On or near Holtham Avenue,E01022429,Tewkesbury 007E,Suspect charged
85f46898b1581e2d072deadeac003e2ad38bc93f4c9a2095b527c1a6c41c39bb,2024-11,Gloucestershire Constabulary,Gloucestershire Constabulary,-2.146077,51.645166,On or near Jasmine Gardens,E01034789,Cotswold 011G,Unable to prosecute suspect
c02a5089f9122f5426e4d596f7742f6f0db16bb7429e9aef6b76fe26cdf8d982,2024-11,Gloucestershire Constabulary,Gloucestershire Constabulary,-2.281564,51.814771,On or near Foxwhelp Way,E01034797,Gloucester 015K,Unable to prosecute suspect
aae3486aea50a0a9bdfe2c766dd68777db2a241b7bfeac3c1a786c517e6a4587,2024-11,Gloucestershire Constabulary,Gloucestershire Constabulary,-2.098382,51.903043,On or near School Mead,E01022150,Cheltenham 007C,Investigation complete; no suspect identified
ec32c918699d6f4435f50b08f3ebd0f0f9be0d2e4dfa8f1d55633f75f0c9fd53,2024-11,Gloucestershire Constabulary,Gloucestershire Constabulary,-2.245848,51.872473,On or near Supermarket,E01022310,Gloucester 002B,Investigation complete; no suspect identified
e87475b929b8388495649923e7bf0b8ce8b0ae158ffc35f481f4c05e16501a3c,2024-11,Gloucestershire Constabulary,Gloucestershire Constabulary,-2.245848,51.872473,On or near Supermarket,E01022310,Gloucester 002B,Investigation complete; no suspect identified
8f66052b00edf2de7b9ac6869e1cd75484808b8bcf858f9279f0bc5bc31dc450,2024-11,Gloucestershire Constabulary,Gloucestershire Constabulary,-2.232248,51.750907,On or near College Road,E01022377,Stroud 004E,Unable to prosecute suspect
a66b70f60fac9d50336bdb262434753c4c8edc253a190e6b6c74342225e49336,2024-11,Gloucestershire Constabulary,Gloucestershire Constabulary,-2.216396,51.846970,On or near Curlew Road,E01022279,Gloucester 007B,Unable to prosecute suspect
08af0d273302ff0e4ff3762a628c18183765b088247d0e72dffbd1be1cf7619c,2024-11,Gloucestershire Constabulary,Gloucestershire Constabulary,-2.076929,51.902645,On or near Shopping Area,E01022153,Cheltenham 004D,Unable to prosecute suspect
5133acaaef5b119212244fbf1c8f6863b565d6af3c52f47dd6e0e7f6e07b749d,2024-11,Gloucestershire Constabulary,Gloucestershire Constabulary,-2.232248,51.750907,On or near College Road,E01022377,Stroud 004E,Unable to prosecute suspect
ec65db00f6a1164dbc1bf0b512c0e368ad5849385c812057bda4370e9afb87bf,2024-11,Gloucestershire Constabulary,Gloucestershire Constabulary,-2.356676,51.739266,On or near Parking Area,E01022398,Stroud 003D,Unable to prosecute suspect
b0b526c443d574d9c3d700382fc7644d8f6ab2fb609693f6cf67f4647328b3db,2024-11,Gloucestershire Constabulary,Gloucestershire Constabulary,-2.112008,51.911410,On or near Lipson Road,E01022160,Cheltenham 003B,Action to be taken by another organisation
f8d3dba139d671819a9e0ae398cb6f2006ab43fe016cec43de9d0d2e3edcc491,2024-11,Gloucestershire Constabulary,Gloucestershire Constabulary,-2.055114,51.880666,On or near Cirencester Road,E01022114,Cheltenham 014B,Investigation complete; no suspect identified
bb786f0940c2cec088d95612e2a80efc6900639ca6b73adf19d07f880fb6c4e0,2024-11,Gloucestershire Constabulary,Gloucestershire Constabulary,-2.112008,51.911410,On or near Lipson Road,E01022160,Cheltenham 003B,Action to be taken by another organisation
e3c7565dfd069ed48a989bb683cf25e9b165e530933e09a6ca4e966d89f35ce9,2024-11,Gloucestershire Constabulary,Gloucestershire Constabulary,-2.099954,51.884071,On or near Canterbury Walk,E01022174,Cheltenham 011E,Action to be taken by another organisation
0e689c08c40bfc567f4fed5b490961800c8fb970c3e0df3db16fbf6b4fd36527,2024-11,Gloucestershire Constabulary,Gloucestershire Constabulary,-2.205761,51.841748,On or near Supermarket,E01022277,Gloucester 010B,Investigation complete; no suspect identified
a1d46b7e37a6d78d7d9f3d34f0d99887cb49348f5d62679609667c653a30b4b1,2024-11,Gloucestershire Constabulary,Gloucestershire Constabulary,-2.214761,51.860118,On or near Shopping Area,E01022287,Gloucester 007G,Investigation complete; no suspect identified
a6eaa259ed9ab571d94222eadade4e7e4d639cb1f028d85cbce5fc0f2a9e4af2,2024-11,Gloucestershire Constabulary,Gloucestershire Constabulary,-2.246268,51.864813,On or near Shopping Area,E01032937,Gloucester 004F,Investigation complete; no suspect identified
a043b55cb90aa8eac4bf76eedfdafef9f2b3dbe9b0d2b9620ed37cc4ba2300da,2024-11,Gloucestershire Constabulary,Gloucestershire Constabulary,-2.146019,51.846863,On or near Sparrow Hawk Way,E01022423,Tewkesbury 009C,Investigation complete; no suspect identified
8dc81a1fe28d4eb2d1028059303d4b59a06e9ca628f7af00d2ca129705424504,2024-11,Gloucestershire Constabulary,Gloucestershire Constabulary,-1.851298,52.051095,On or near Folly View,E01022182,Cotswold 001B,Investigation complete; no suspect identified
89db1005482671f5a22e3a511940cc02762373e1f9e881fcc7168c52522d4ea9,2024-11,Gloucestershire Constabulary,Gloucestershire Constabulary,-2.076280,51.897440,On or near Imperial Lane,E01022117,Cheltenham 009B,Investigation complete; no suspect identified
f3b45f6dca6793f67fab9f8fd4b54b5c87800a389153540b047ffdba5f9bfacc,2024-11,Gloucestershire Constabulary,Gloucestershire Constabulary,-2.197138,51.609150,On or near Sports/Recreation Area,E01034790,Cotswold 011H,Investigation complete; no suspect identified
c8d33ec7d48075c80e69d03385d69f482b9061864fa2e18710006ac457d90c2c,2024-11,Gloucestershire Constabulary,Gloucestershire Constabulary,-2.217162,51.746710,On or near Gloucester Street,E01034804,Stroud 006G,Local resolution
cbf817f0981911779820e8f63f9ef92ab79fda3fa4ab2ebc29e41682606d8e2f,2024-11,Gloucestershire Constabulary,Gloucestershire Constabulary,-1.772313,51.712246,On or near Warmick Close,E01022202,Cotswold 009A,Investigation complete; no suspect identified
d4bd612329f66742d278afb1a771548ec25f33fb8db30a13f6f8ba69492f92df,2024-11,Gloucestershire Constabulary,Gloucestershire Constabulary,-1.705726,51.947689,On or near The Leasows,E01022205,Cotswold 002C,Offender given a caution
520b6fe0ef748cb51af7e3c2b68c772e55081d654be8c70cdfa0764e995064d7,2024-11,Gloucestershire Constabulary,Gloucestershire Constabulary,-2.246268,51.864813,On or near Shopping Area,E01032937,Gloucester 004F,Local resolution
6034917a2aecd606c1810e1904f5db8f78b7f66b1ae2b49809121eb8d6b4d886,2024-11,Gloucestershire Constabulary,Gloucestershire Constabulary,-2.242316,51.861854,On or near Wellington Street,E01034793,Gloucester 004I,Action to be taken by another organisation
da17e44d49e465e78e590305be8a61e65b0d838f3b01b8ccc07ca3fed1edfdce,2024-11,Gloucestershire Constabulary,Gloucestershire Constabulary,-2.117206,51.897694,On or near Monks Croft,E01022147,Cheltenham 005C,Unable to prosecute suspect
4f74670013ffad312db9a7ed8435ff202845e8ce8250163a9ef6553b6f19af7d,2024-11,Gloucestershire Constabulary,Gloucestershire Constabulary,-1.703370,51.989463,On or near A429,E01022211,Cotswold 002D,Investigation complete; no suspect identified
d924356548cc220df8aa7d2c975f7ebecf54ed6881184a225d3adeb417b629bd,2024-11,Gloucestershire Constabulary,Gloucestershire Constabulary,-2.115854,51.909150,On or near Ashlands Road,E01022120,Cheltenham 005A,Investigation complete; no suspect identified
3246729de7bb583ba1e1634f55b694b5228e7cf1988dc0826ab84cbe34e90ccc,2024-11,Gloucestershire Constabulary,Gloucestershire Constabulary,-2.230369,51.749041,On or near Jack Russell Close,E01034803,Stroud 006F,Investigation complete; no suspect identified
0e5ad4ced9d51c63c9198d167dd1c2bd3d23cb702dac9110c332b1b420ff8805,2024-11,Gloucestershire Constabulary,Gloucestershire Constabulary,-2.076503,51.900452,On or near Post Office Lane,E01022127,Cheltenham 009G,Investigation complete; no suspect identified
022f122a72e12d1c41268e5aa21b4557ef561d22f020ccb4dff1184577399f98,2024-11,Gloucestershire Constabulary,Gloucestershire Constabulary,-2.086747,51.899015,On or near Overton Road,E01022124,Cheltenham 009D,Unable to prosecute suspect
77c4c5b4f6b4e1958fa32e582b1cae3ea904a1c02bee6d80400ba48f13220330,2024-11,Gloucestershire Constabulary,Gloucestershire Constabulary,-2.234108,51.858445,On or near Hopewell Street,E01022291,Gloucester 005D,Unable to prosecute suspect
2aee47ffcf0651722654fb9b8ab5189d4e906f803d30c23bdc982c8ed0f17db9,2024-11,Gloucestershire Constabulary,Gloucestershire Constabulary,-2.047213,51.909566,On or near Chiltern Road,E01022131,Cheltenham 006A,Investigation complete; no suspect identified
a4140693e4d4e871c9966874f7c368a8dde7d0a7a39809a5ea4cc2e7ab197c8a,2024-11,Gloucestershire Constabulary,Gloucestershire Constabulary,-2.529240,51.726316,On or near Bath Place,E01022256,Forest of Dean 009E,Investigation complete; no suspect identified
058da5077de9d3c17ff11eec3d97ff905c7bea47c974179c811c27455fdadd4f,2024-11,Gloucestershire Constabulary,Gloucestershire Constabulary,-2.236972,51.867268,On or near Claremont Road,E01022311,Gloucester 002C,Investigation complete; no suspect identified
bde1b3d1c153e890db7dfb3b4a17e7748f5ec3c8a47d9e495bcae5a8f767c0be,2024-11,Gloucestershire Constabulary,Gloucestershire Constabulary,-2.236118,51.863077,On or near Supermarket,E01022289,Gloucester 005B,Unable to prosecute suspect
b8ddd220b5ebcd28328a7210f2214f77f6481f5e807d0dc661c445a646f284fc,2024-11,Gloucestershire Constabulary,Gloucestershire Constabulary,-2.529373,51.729039,On or near Albert Street,E01022256,Forest of Dean 009E,Action to be taken by another organisation
e5ecd27057d7eae9e78093f90f725fb3b239dc9ca7d275fd35736c36489f1e74,2024-11,Gloucestershire Constabulary,Gloucestershire Constabulary,-2.243792,51.866301,On or near St Aldate Street,E01032937,Gloucester 004F,Unable to prosecute suspect
99bae74bd0b16aa733f8d2c263a3bdcf95d1b89bb5481477a021d4d7314d61f3,2024-11,Gloucestershire Constabulary,Gloucestershire Constabulary,-2.205289,51.856143,On or near Ebrington Close,E01022282,Gloucester 007C,Unable to prosecute suspect
6fddefea26d7ef540c8a2260145d590eb78a712d67cc1d53b88b6adc009ff993,2024-11,Gloucestershire Constabulary,Gloucestershire Constabulary,-2.529373,51.729039,On or near Albert Street,E01022256,Forest of Dean 009E,Action to be taken by another organisation
253c749fc2193e2a4b6230b8a6643b69fc8f2569239306ed1f2fb18fb72fdc1d,2024-11,Gloucestershire Constabulary,Gloucestershire Constabulary,-2.201991,51.839291,On or near Rumsey Close,E01022277,Gloucester 010B,Investigation complete; no suspect identified
246d2ed71aa1a34f08c8a9f0db36abf46435a6df1011dd29a8274d88545cfc64,2024-11,Gloucestershire Constabulary,Gloucestershire Constabulary,,,No location,,,Unable to prosecute suspect
d2ba2e122bc4f61bc1b9fa43403adcf16f553cd1a2de2fb863865c9d153b45f8,2024-11,Gloucestershire Constabulary,Gloucestershire Constabulary,-2.249644,51.826729,On or near Linsley Way,E01022345,Gloucester 012C,Investigation complete; no suspect identified
f279e1b70faa70d681b6227a603f393dbc833359f0426a46331383e076158a48,2024-11,Gloucestershire Constabulary,Gloucestershire Constabulary,-1.954580,51.696148,On or near The Twenties,E01022225,Cotswold 008E,Unable to prosecute suspect
65a86182d175ada425725bfd820e62be24438c9b13799c11bd23761e7ccecc94,2024-11,Gloucestershire Constabulary,Gloucestershire Constabulary,-2.221153,51.842916,On or near Whiteway Road,E01022322,Gloucester 011D,Unable to prosecute suspect
b23f7ba216198c998ea548c4c09035b666dccdc5f4b81c89babb7232569cb078,2024-11,Gloucestershire Constabulary,Gloucestershire Constabulary,-2.075838,51.893655,On or near Paragon Terrace,E01022116,Cheltenham 009A,Unable to prosecute suspect
cb3f7b1fcbdc54caa7e1bc2d34b3afb941c15986e4533c876db8e4b678f1dd15,2024-11,Gloucestershire Constabulary,Gloucestershire Constabulary,-2.261020,51.811815,On or near Naas Lane,E01034798,Gloucester 015L,Investigation complete; no suspect identified
243ddb6f649872bed9d080df7d145b2df7db0baab234804d2d2b8ac6146d7e89,2024-11,Gloucestershire Constabulary,Gloucestershire Constabulary,-2.120974,51.953424,On or near Whittle Close,E01022453,Tewkesbury 004D,Unable to prosecute suspect
91b385879fcfc5dd63be3990a5a29fd1d543f25198162e34aa4d7fc6bd667692,2024-11,Gloucestershire Constabulary,Gloucestershire Constabulary,-2.251044,51.859408,On or near St Luke Street,E01034791,Gloucester 004G,Investigation complete; no suspect identified
1df03d13918f49ad61792af742505b0ec9e3fc1889dcda5bf2a95c91c7e23857,2024-11,Gloucestershire Constabulary,Gloucestershire Constabulary,-2.257400,51.858585,On or near Supermarket,E01034791,Gloucester 004G,Investigation complete; no suspect identified
16cac96db89592473d08360193a81e9e34fbc346c424087037ff6866b5c57656,2024-11,Gloucestershire Constabulary,Gloucestershire Constabulary,-2.295932,51.817999,On or near Purton Close,E01022378,Stroud 001A,Unable to prosecute suspect
4abd589fb2793248adb1097dfdd038cf037253d18aeb2a1a3a23ff7721d8800e,2024-11,Gloucestershire Constabulary,Gloucestershire Constabulary,-2.496547,51.851533,On or near Wilderness Drive,E01022259,Forest of Dean 003D,Action to be taken by another organisation
094f654b7b6aedbd372ebadd9abfb7902e54cada995dd6dc5b56b350da1067b5,2024-11,Gloucestershire Constabulary,Gloucestershire Constabulary,-2.240387,51.739607,On or near Supermarket,E01022394,Stroud 007B,Unable to prosecute suspect
3ec54e20a718977f41a6ad64d6ea8583dc0af01f44cb170abc4c8ad6e52d0fa2,2024-11,Gloucestershire Constabulary,Gloucestershire Constabulary,,,No location,,,Investigation complete; no suspect identified
a3d7641f0db7081c0899dec2679de1cc67f5973f060b53982ed9394ea56bf0f2,2024-11,Gloucestershire Constabulary,Gloucestershire Constabulary,-2.232176,51.855338,On or near The Conifers,E01022288,Gloucester 005A,Investigation complete; no suspect identified
eefdae2651adc1d4175ed012c86643aa0dc2f0c887c8324b330a45f20fdcdf9b,2024-11,Gloucestershire Constabulary,Gloucestershire Constabulary,-2.094469,51.901518,On or near Pates Avenue,E01022156,Cheltenham 007E,Action to be taken by another organisation
1502638a6a4b8fc488de61e4063162c948fca8677f3e77800e21d4880bf83898,2024-11,Gloucestershire Constabulary,Gloucestershire Constabulary,-2.094469,51.901518,On or near Pates Avenue,E01022156,Cheltenham 007E,Action to be taken by another organisation
91adf96a04ef90a490594c900f446242a9d796acdafab82a3640b71915d48582,2024-11,Gloucestershire Constabulary,Gloucestershire Constabulary,-2.094469,51.901518,On or near Pates Avenue,E01022156,Cheltenham 007E,Action to be taken by another organisation
473e2c745e8f4f2f1eb03139332f5acaa32eb9935124aaa9ff8e312a49d355bb,2024-11,Gloucestershire Constabulary,Gloucestershire Constabulary,-1.798871,52.071111,On or near Aston Road,E01022184,Cotswold 001D,Investigation complete; no suspect identified
0766b79013df8f2178f68c462bc9f7270cb778a1c9ac8f089fd72c3adb1ee2b1,2024-11,Gloucestershire Constabulary,Gloucestershire Constabulary,-2.178295,51.884958,On or near Golden Vale,E01022429,Tewkesbury 007E,Unable to prosecute suspect
e8216aee92b40f4f130d4fea310763c58d7237480831951732e3e3484259dc66,2024-11,Gloucestershire Constabulary,Gloucestershire Constabulary,-2.069102,51.954716,On or near Cape Ruby Close,E01022439,Tewkesbury 010C,Unable to prosecute suspect
37120c7e4803e515716f82655103fff57a34ab1c46cd85c5f24dc4c8353bc4d6,2024-11,Gloucestershire Constabulary,Gloucestershire Constabulary,-2.078311,51.728624,On or near Church Lane,E01022221,Cotswold 010A,Unable to prosecute suspect
29910bf1cb6756598746400b3c70fdf547a35515f8750451d80911921775e9b0,2024-11,Gloucestershire Constabulary,Gloucestershire Constabulary,-2.219332,51.746032,On or near Rowcroft Retreat,E01034804,Stroud 006G,Unable to prosecute suspect
804b19643c3c12360c4cfefd0c8ac383bfd7d5e083334cd5ecc4385008ea1e22,2024-11,Gloucestershire Constabulary,Gloucestershire Constabulary,-2.247306,51.871401,On or near Mercia Road,E01022310,Gloucester 002B,Investigation complete; no suspect identified
2ff1e06e8b10cd7dac7288873a6397b454741e1ec0af55e215727aa4a09de55a,2024-11,Gloucestershire Constabulary,Gloucestershire Constabulary,-2.099721,51.896883,On or near Parking Area,E01022156,Cheltenham 007E,Investigation complete; no suspect identified
93d2f990ab0561ae3a6b3f2f6610ec888da512f41e1f28f4b355b4eef3a6edb3,2024-11,Gloucestershire Constabulary,Gloucestershire Constabulary,-2.241137,51.863933,On or near Russell Street,E01032937,Gloucester 004F,Investigation complete; no suspect identified
91ffd8800ce977eee86412c4fbe2e62b27f5065bfe5c3ae3276f7e98b47a46db,2024-11,Gloucestershire Constabulary,Gloucestershire Constabulary,-2.241137,51.863933,On or near Russell Street,E01032937,Gloucester 004F,Investigation complete; no suspect identified
dbff0c0218ad480f5b250eb42f97a89153db0a50f4cecb16f9fa2a521c2af7b1,2024-11,Gloucestershire Constabulary,Gloucestershire Constabulary,-2.252827,51.750064,On or near Hawthorn Rise,E01022357,Stroud 004C,Local resolution
b0884484c5bf500dd8fac4b96770b8d8d306e64ae324343a3257285009a8ae10,2024-11,Gloucestershire Constabulary,Gloucestershire Constabulary,-2.284974,51.808019,On or near Haresfield Lane,E01034802,Stroud 001H,Unable to prosecute suspect
47502167f83f410580839dafcf8e4ef6dff337924cc2d401235c793181f032b6,2024-11,Gloucestershire Constabulary,Gloucestershire Constabulary,-2.085463,51.903844,On or near Market Street,E01034777,Cheltenham 007G,Unable to prosecute suspect
1f79d333a5cfeeeca6d4287cdea20a51b34a204735a9b0c019eaf19c3c0dba6b,2024-11,Gloucestershire Constabulary,Gloucestershire Constabulary,-2.225072,51.848779,On or near The Lampreys,E01022321,Gloucester 011C,Unable to prosecute suspect
c48d4343fd24af14d781c39fb894d154e339a8702a2735d55c73d2f886cc7c7d,2024-11,Gloucestershire Constabulary,Gloucestershire Constabulary,-2.054572,51.900860,On or near B4075,E01022100,Cheltenham 008A,Unable to prosecute suspect
7990c930d58802155c25d27538b0656d1a60430c94c069f630d8f153fc14da8d,2024-11,Gloucestershire Constabulary,Gloucestershire Constabulary,-2.241898,51.865118,On or near Bus/Coach Station,E01032937,Gloucester 004F,Investigation complete; no suspect identified
de1c2f60ee14098fe2ad33930ceb1ed94c1f925e1fb55fa00ed1d6265e312bf4,2024-11,Gloucestershire Constabulary,Gloucestershire Constabulary,-1.957825,51.707388,On or near Kingsmead,E01022198,Cotswold 008D,Unable to prosecute suspect
a1a7130592ea36fe4ab8709b8e41981401921f1578b7fc24594f42a51405467b,2024-11,Gloucestershire Constabulary,Gloucestershire Constabulary,-2.212893,51.747410,On or near Lansdown,E01022414,Stroud 006E,Unable to prosecute suspect
b4464c33a5675176eed9a87b5c3c78f81aa917c5aa8ae36339631926784ecde6,2024-11,Gloucestershire Constabulary,Gloucestershire Constabulary,-2.237786,51.737985,On or near Stanley View,E01022394,Stroud 007B,Investigation complete; no suspect identified
84721c0f4a4526fd316b5e4cfbd1bb5ab45fec70352cb248235406d7bca21819,2024-11,Gloucestershire Constabulary,Gloucestershire Constabulary,-2.220324,51.842647,On or near Penhill Road,E01022322,Gloucester 011D,Unable to prosecute suspect
8c0f31fa308328692a390300eb9555d75e2f1a058b988d39c7a8636beed6cf97,2024-11,Gloucestershire Constabulary,Gloucestershire Constabulary,-2.251661,51.860521,On or near Church Street,E01034791,Gloucester 004G,Investigation complete; no suspect identified
7311ccf2458f3089c4e5fc4b596fe8ac5e03cc7da598ed2df938e1c2dce27b8f,2024-11,Gloucestershire Constabulary,Gloucestershire Constabulary,-2.246268,51.864813,On or near Shopping Area,E01032937,Gloucester 004F,Investigation complete; no suspect identified
b49892e4ccdd5e0cd79872efea826a1559be379265ca57e229653219dbe0724e,2024-11,Gloucestershire Constabulary,Gloucestershire Constabulary,-2.522725,51.761464,On or near Slade Road,E01022268,Forest of Dean 008D,Unable to prosecute suspect
62a274e3487a89ce72036b597f56406b659d63120971daeb5e110f58e62343ce,2024-11,Gloucestershire Constabulary,Gloucestershire Constabulary,-2.234039,51.850731,On or near Leonard Road,E01022294,Gloucester 008B,Unable to prosecute suspect
22c43f0c0cbe2fbe0a1593e2773599d83ab1076ebb0633b007ad3bead6773a54,2024-11,Gloucestershire Constabulary,Gloucestershire Constabulary,-1.777878,52.056059,On or near Lavender Close,E01022183,Cotswold 001C,Action to be taken by another organisation
b96807da989fea102d6425302396c4d3578e97261cad9162e3526466546becda,2024-11,Gloucestershire Constabulary,Gloucestershire Constabulary,,,No location,,,Unable to prosecute suspect
af94b38b0d7a04413758743f7003d546da08c5894d6f6b42999dd68c6396df69,2024-11,Gloucestershire Constabulary,Gloucestershire Constabulary,-2.082497,51.903658,On or near Grove Street,E01034777,Cheltenham 007G,Unable to prosecute suspect
c66f8e8536e797ebc40f80f2c5413c113efac4cea7e08736568b74a28ef74b13,2024-11,Gloucestershire Constabulary,Gloucestershire Constabulary,-2.239797,51.863226,On or near Nettleton Road,E01032937,Gloucester 004F,Unable to prosecute suspect
9dc62a9bc88d983dc5415bef2629b2ba47d990733e3c82d0715e4c839616fc22,2024-11,Gloucestershire Constabulary,Gloucestershire Constabulary,-2.506363,51.818090,On or near Office Road,E01022239,Forest of Dean 004D,Unable to prosecute suspect
d02cd20ab60bfd5bdbb6dc3633a4caf7ab81fea95410e318b4be9a21f7e1b08e,2024-11,Gloucestershire Constabulary,Gloucestershire Constabulary,-2.311342,51.755408,On or near Duxbury Close,E01022376,Stroud 003A,Unable to prosecute suspect
451e28a8901b255481fec6586acf4f1027faf68410bc00ad9566efdb4f91a026,2024-11,Gloucestershire Constabulary,Gloucestershire Constabulary,-2.214581,51.859067,On or near York Road,E01022287,Gloucester 007G,Unable to prosecute suspect
5e1f08e3905facd25323b4fe114b7bc546e9ee28815da6ae5b86c0700bec6c81,2024-11,Gloucestershire Constabulary,Gloucestershire Constabulary,-2.217670,51.840072,On or near Rectory Road,E01022324,Gloucester 011E,Unable to prosecute suspect
44d3af6b93114fbafae7ad1062ca4d14c93cb33aef04cc12324dcc3e0323ee26,2024-11,Gloucestershire Constabulary,Gloucestershire Constabulary,-2.236054,51.739211,On or near Dudbridge Hill,E01022394,Stroud 007B,Unable to prosecute suspect
3eb689db483252ff73d9c4fa8429c33ab1d7dcc2c0b610b02b3e491158b884b2,2024-11,Gloucestershire Constabulary,Gloucestershire Constabulary,-2.071772,51.950318,On or near Little Acorns,E01022439,Tewkesbury 010C,Unable to prosecute suspect
04a0b8365c3f403c07708cee1cc4e93cf5f7f3693df44c8ca215b270a1359039,2024-11,Gloucestershire Constabulary,Gloucestershire Constabulary,-2.243783,51.856528,On or near Park End Road,E01022293,Gloucester 008A,Local resolution
3d200aae3695a60fd22dfef93d6bd584f524ae3256e1e67f0761537700f0fe64,2024-11,Gloucestershire Constabulary,Gloucestershire Constabulary,-2.310266,51.756904,On or near Gilbert Young Close,E01022376,Stroud 003A,Unable to prosecute suspect
385a5270f50e277311fde70f54d2b6905b99d20c912611dbfc29a77c50e408d2,2024-11,Gloucestershire Constabulary,Gloucestershire Constabulary,-2.235513,51.854927,On or near The Laurels,E01022294,Gloucester 008B,Unable to prosecute suspect
7b637d93fccddbb8caa61474f76deba94d10cb36a5323983301a79f062196cb6,2024-11,Gloucestershire Constabulary,Gloucestershire Constabulary,-2.499670,51.824179,On or near Market Street,E01022240,Forest of Dean 004E,Investigation complete; no suspect identified
0e6473039c7570ae0f747dca11ae23e115205d4d091f8524145c93ce6eec23e0,2024-11,Gloucestershire Constabulary,Gloucestershire Constabulary,-2.115165,51.918141,On or near Appleyard Close,E01022441,Tewkesbury 004B,Investigation complete; no suspect identified
d5e94393eb0d8b2d6de02aab1448dfb04a9a8c24945a3f0befc1cfbbfe1f3a73,2024-11,Gloucestershire Constabulary,Gloucestershire Constabulary,-2.244012,51.745848,On or near Hyett Road,E01022358,Stroud 004D,Unable to prosecute suspect
235416bb6c15cd79db915ae0c91bba744b1fff09af6cb16072fdfd8a33b9c787,2024-11,Gloucestershire Constabulary,Gloucestershire Constabulary,-1.688044,51.990350,On or near Fedden Road,E01034781,Cotswold 002F,Unable to prosecute suspect
d69ce2d588b22ca347f5f137305c53d0055d079f5349478a451c457fd8b09170,2024-11,Gloucestershire Constabulary,Gloucestershire Constabulary,-1.688044,51.990350,On or near Fedden Road,E01034781,Cotswold 002F,Unable to prosecute suspect
64b82c1f4ef98ad1f08a340e1b307d5194797dd60994c3cb8418aafb3f3bfada,2024-11,Gloucestershire Constabulary,Gloucestershire Constabulary,-2.356733,51.685787,On or near Rednock Drive,E01022372,Stroud 014A,Unable to prosecute suspect
75c57f762d18a84bd85fbd2967ee7099f6c51935a1b6d9927563b3e23c5b63c7,2024-11,Gloucestershire Constabulary,Gloucestershire Constabulary,-2.054879,51.902469,On or near Mersey Road,E01022133,Cheltenham 006C,Unable to prosecute suspect
3485942b5ec8db6e6f031ecbc83daeca788874409449bb42b1fdda98d5622dd1,2024-11,Gloucestershire Constabulary,Gloucestershire Constabulary,,,No location,,,Unable to prosecute suspect
7322b0382ea672a6fa8eca1cffb2224456bb161c9c2888e7b14e493f9dc1cb06,2024-11,Gloucestershire Constabulary,Gloucestershire Constabulary,-2.048554,51.886720,On or near Acomb Crescent,E01022105,Cheltenham 012C,Unable to prosecute suspect
208b44f15cae86f78d643206b298f204f91a7c6bca390edbef1f1cd73e48a90b,2024-11,Gloucestershire Constabulary,Gloucestershire Constabulary,-2.364102,51.641455,On or near Ellerncroft Road,E01022418,Stroud 015E,Unable to prosecute suspect
f861dd1b4da1c650ae4552ff5af0c6e12fb3852d5b586260b5fa13f630522d0a,2024-11,Gloucestershire Constabulary,Gloucestershire Constabulary,-2.225131,51.843241,On or near Amberley Road,E01022322,Gloucester 011D,Unable to prosecute suspect
c0d59f198fdadb726507c12136b5f61be9831a02a31420d354e2d5935c68af40,2024-11,Gloucestershire Constabulary,Gloucestershire Constabulary,-2.659195,51.638622,On or near Penda Place,E01022272,Forest of Dean 010B,Unable to prosecute suspect
b765dc5b81ea3b473d16a57faa27b2a387934a83cf6c6b4973ad7037dfbc3d32,2024-11,Gloucestershire Constabulary,Gloucestershire Constabulary,-2.111359,51.907769,On or near Montreal Drive,E01022120,Cheltenham 005A,Offender given a caution
74dc1488fe4ffa95f6f445461c72d209a111c7a70fafc14747dfb2391668815e,2024-11,Gloucestershire Constabulary,Gloucestershire Constabulary,-2.361910,51.714588,On or near Box Road,E01022363,Stroud 011E,Investigation complete; no suspect identified
90f9d1ef4288f54dc0f635ad3010a9ea5301718971049cf59393e5d33083c694,2024-11,Gloucestershire Constabulary,Gloucestershire Constabulary,-2.238898,51.868955,On or near Columbia Close,E01022311,Gloucester 002C,Investigation complete; no suspect identified
4925aa788df63169cfde7b7f382a90f98869da56a204fc122adf2b07238af97e,2024-11,Gloucestershire Constabulary,Gloucestershire Constabulary,-2.152652,51.846414,On or near Clyde Road,E01022424,Tewkesbury 009D,Unable to prosecute suspect
21cb6a1e24d19fddc31c3093f45366787c42eab4fe0308570bf92441d38d0c02,2024-11,Gloucestershire Constabulary,Gloucestershire Constabulary,-2.054532,51.903872,On or near Windrush Road,E01022133,Cheltenham 006C,Investigation complete; no suspect identified
3894e1c0f16416e21f420430a2376925b96c842d0c0da0f769e2773557ab8766,2024-11,Gloucestershire Constabulary,Gloucestershire Constabulary,-2.054666,51.941939,On or near Two Hedges Road,E01022432,Tewkesbury 011E,Unable to prosecute suspect
89b44e3da19136c037091651f6015aed41c7e84234264ec8b68e8feaec48a2e2,2024-11,Gloucestershire Constabulary,Gloucestershire Constabulary,-2.215789,51.747216,On or near Locking Hill,E01022414,Stroud 006E,Unable to prosecute suspect
8670931ec6c714d02cccc78a6c394e3dfc770db13fb5cb67dc7bb8f73865454d,2024-11,Gloucestershire Constabulary,Gloucestershire Constabulary,-2.215789,51.747216,On or near Locking Hill,E01022414,Stroud 006E,Unable to prosecute suspect
ddac81009080950529eaa3ad0b2a847c0142fd383b810b9d5fb94f7c12046b75,2024-11,Gloucestershire Constabulary,Gloucestershire Constabulary,-2.222050,51.854153,On or near Highfield Place,E01022284,Gloucester 007D,Suspect charged
2674a5e9654e3563cd93c789018f9624a01d096ae3c668e4068fa3fd9a147c51,2024-11,Gloucestershire Constabulary,Gloucestershire Constabulary,,,No location,,,Suspect charged
ac4aae52bffe2744ae99cccf08a1bb5b34ae1527da494bf140caa36aab8c44fb,2024-11,Gloucestershire Constabulary,Gloucestershire Constabulary,-2.059297,51.901478,On or near Teme Road,E01022101,Cheltenham 008B,Unable to prosecute suspect
e373798dd9df5c5e12e4aa5e1515803c9379af274ae9023c96b8b206770fa8e3,2024-11,Gloucestershire Constabulary,Gloucestershire Constabulary,-2.073024,51.896912,On or near Parking Area,E01022116,Cheltenham 009A,Unable to prosecute suspect
ad1fcf7f1181a3a8231301aa96ea68cac0a1db485d5d71ae03d8f37840333f34,2024-11,Gloucestershire Constabulary,Gloucestershire Constabulary,-2.367244,51.866229,On or near Parking Area,E01022235,Forest of Dean 001B,Investigation complete; no suspect identified
85e57d446b128f85ad97c8107c3ef74bdfc551fa1261e49e0c4d9ddec95b5b4d,2024-11,Gloucestershire Constabulary,Gloucestershire Constabulary,-2.269590,51.823448,On or near Lyneham Drive,E01034795,Gloucester 015I,Unable to prosecute suspect
4a78e18a7fc390e54c32ef55c2116b1fac1f7d5d10b4a4882802994d537c3ca1,2024-11,Gloucestershire Constabulary,Gloucestershire Constabulary,-2.196932,51.744390,On or near Hill Top Close,E01022399,Stroud 006B,Unable to prosecute suspect
682f4252de097b2c1e3cbbf0c6c0a240f6fbaf1d3fc15721868d7c5da528989e,2024-11,Gloucestershire Constabulary,Gloucestershire Constabulary,-2.243477,51.743350,On or near Shopping Area,E01022356,Stroud 004B,Investigation complete; no suspect identified
993bd6dd53d73b325167a992e1f7e928cdc6a1d0cef7b88f4319465d9581fb78,2024-11,Gloucestershire Constabulary,Gloucestershire Constabulary,-2.243477,51.743350,On or near Shopping Area,E01022356,Stroud 004B,Investigation complete; no suspect identified
f41d07b32382a486ca6e28c5c87efd792eeacbee79b1c7ac60b717fb78ee0869,2024-11,Gloucestershire Constabulary,Gloucestershire Constabulary,-2.243009,51.864339,On or near Shopping Area,E01032937,Gloucester 004F,Unable to prosecute suspect
ec830c705fcbf95d14043e14e43b64f2606c7009356f2894bc080add9d694416,2024-11,Gloucestershire Constabulary,Gloucestershire Constabulary,-2.349366,51.681457,On or near Townsend Close,E01022374,Stroud 014C,Unable to prosecute suspect
9130635e81d8c8211487c470110b3b694012d051fc180abcb87cff70706f33bf,2024-11,Gloucestershire Constabulary,Gloucestershire Constabulary,-2.182336,51.889016,On or near Holtham Avenue,E01022429,Tewkesbury 007E,Suspect charged
22d29a170cddaa11b76c38a0ce1c442507bf064ffa6893f9cb7a168fdb43589e,2024-11,Gloucestershire Constabulary,Gloucestershire Constabulary,-2.182336,51.889016,On or near Holtham Avenue,E01022429,Tewkesbury 007E,Suspect charged
b158fc192f0f4391b5dd62a39685265381e031bc5f643cf63eafe5a7e39878a0,2024-11,Gloucestershire Constabulary,Gloucestershire Constabulary,-2.222444,51.854691,On or near Supermarket,E01022284,Gloucester 007D,Investigation complete; no suspect identified
15452692ba91b73ff96a8dedc9723e76b56c22166abc3364c5903525838d5dfb,2024-11,Gloucestershire Constabulary,Gloucestershire Constabulary,-2.222444,51.854691,On or near Supermarket,E01022284,Gloucester 007D,Unable to prosecute suspect
be207392dd218097ecb9002f50fc1a77fb34dfcfc799482f8239ae1565002c8f,2024-11,Gloucestershire Constabulary,Gloucestershire Constabulary,-2.112578,51.906824,On or near Quebec Drive,E01022120,Cheltenham 005A,Unable to prosecute suspect
8eb658cebb9857ec0d13c08eef1db3cc839714a3f1e87bb1c5ebb25bfec54dd0,2024-11,Gloucestershire Constabulary,Gloucestershire Constabulary,-2.261020,51.811815,On or near Naas Lane,E01034798,Gloucester 015L,Unable to prosecute suspect
3cd1ea2eb5335141613116e9a8a00c3757e80228ee9796925b4088272289b2d7,2024-11,Gloucestershire Constabulary,Gloucestershire Constabulary,-2.213068,51.864500,On or near A417,E01022287,Gloucester 007G,Unable to prosecute suspect
261466ce29d043f706d0c25247fee79f6f3c60bcc028f3ca447b0883b1295738,2024-11,Gloucestershire Constabulary,Gloucestershire Constabulary,-2.261020,51.811815,On or near Naas Lane,E01034798,Gloucester 015L,Investigation complete; no suspect identified
2e9305d9946ca308c567286e7909429452d00b036cc519f15c0732655cb286e1,2024-11,Gloucestershire Constabulary,Gloucestershire Constabulary,-2.093410,51.902283,On or near Thornbury Close,E01022156,Cheltenham 007E,Unable to prosecute suspect
1bd671606d6c45b83ab07bdd2eaaee31ea19b9d386482804e5f1e6ee91d0776c,2024-11,Gloucestershire Constabulary,Gloucestershire Constabulary,-2.242308,51.871141,On or near Sports/Recreation Area,E01022310,Gloucester 002B,Unable to prosecute suspect
4c49960dfd468168475c1829c1f3d9051adcea627afa9202324d99bdddbbd542,2024-11,Gloucestershire Constabulary,Gloucestershire Constabulary,-2.247200,51.875995,On or near The Stockyards,E01032932,Gloucester 004E,Unable to prosecute suspect
f8d7b4077bf9bb7f35567b96093a45ff104b23a099a8c6553624cbb0609baa1b,2024-11,Gloucestershire Constabulary,Gloucestershire Constabulary,-2.079617,51.898902,On or near Nightclub,E01022127,Cheltenham 009G,Unable to prosecute suspect
e78150e206d833c67de08eac6e437c5531377c0c33c950eae1c118e70a2a61a4,2024-11,Gloucestershire Constabulary,Gloucestershire Constabulary,-2.241137,51.863933,On or near Russell Street,E01032937,Gloucester 004F,Unable to prosecute suspect
0fba15ecb2a7d42da6ce356629b5bdbc0f98a783436f1ffba4d3ccdd7803fd1e,2024-11,Gloucestershire Constabulary,Gloucestershire Constabulary,-2.462630,51.880982,On or near Parking Area,E01022230,Forest of Dean 005B,Investigation complete; no suspect identified
69a79b8e67f4eaa14c2e18ab0ea23b9e88293137a498ab904466c7be5537fee3,2024-11,Gloucestershire Constabulary,Gloucestershire Constabulary,-2.242308,51.871141,On or near Sports/Recreation Area,E01022310,Gloucester 002B,Unable to prosecute suspect
68972444b7f628d850dabf2125477257ba841e84acdc2bcfdb8da5b78a43a252,2024-11,Gloucestershire Constabulary,Gloucestershire Constabulary,-2.403256,51.926488,On or near Knowles Road,E01022262,Forest of Dean 002B,Unable to prosecute suspect
742ace6b39d20617aaced54072ce470c11185e1c58493ba16bec04484abe6b8c,2024-11,Gloucestershire Constabulary,Gloucestershire Constabulary,-2.246268,51.864813,On or near Shopping Area,E01032937,Gloucester 004F,Unable to prosecute suspect
e54ec4ada526d907e0b59c1bc9ec4263f178b6d13bffa200cab062358bd53ab2,2024-11,Gloucestershire Constabulary,Gloucestershire Constabulary,-2.241898,51.865118,On or near Bus/Coach Station,E01032937,Gloucester 004F,Unable to prosecute suspect
ea363d6048af072ddf351171b657141df128f0ebcece3b0a0cd6f8cb4bc838d0,2024-11,Gloucestershire Constabulary,Gloucestershire Constabulary,-2.241137,51.863933,On or near Russell Street,E01032937,Gloucester 004F,Unable to prosecute suspect
e62b7b71942b7c7b205f0d8861b6d8c8b9708d633aac3ab877d1a877679aa22d,2024-11,Gloucestershire Constabulary,Gloucestershire Constabulary,-2.241137,51.863933,On or near Russell Street,E01032937,Gloucester 004F,Unable to prosecute suspect
fbdeb84a24a68ec14edff39fa23fb6d5a395ae9b61815e159089d83eae063dd8,2024-11,Gloucestershire Constabulary,Gloucestershire Constabulary,-1.967239,51.717002,On or near Parking Area,E01022194,Cotswold 007A,Investigation complete; no suspect identified
13c2f6c9513c6626e835aac92ac00539c8d4c3e9f116e57c06883cb10d6c4c23,2024-11,Gloucestershire Constabulary,Gloucestershire Constabulary,-2.057224,51.951890,On or near Washpool Road,E01034811,Tewkesbury 010A,Investigation complete; no suspect identified
f01c9e1fa75e0c26808b09cd70a21b8a09efabd573fe011e82deb83ff1f4ad9d,2024-11,Gloucestershire Constabulary,Gloucestershire Constabulary,-2.241898,51.865118,On or near Bus/Coach Station,E01032937,Gloucester 004F,Unable to prosecute suspect
16665d0c5e4a925b1be3eff394e45de7b38dc264d19956488693d5495a5bd554,2024-11,Gloucestershire Constabulary,Gloucestershire Constabulary,-2.272204,51.828648,On or near Meadowsweet Walk,E01022341,Gloucester 014C,Unable to prosecute suspect
7bd5e626dcec68284032036dc5be1783d762698969b239f62fde9a539e5fb12d,2024-11,Gloucestershire Constabulary,Gloucestershire Constabulary,-2.272204,51.828648,On or near Meadowsweet Walk,E01022341,Gloucester 014C,Unable to prosecute suspect
7a772c5cba6a392ff16f049ef85855463636cc51062a53fd53308a33fc4f28a6,2024-11,Gloucestershire Constabulary,Gloucestershire Constabulary,-1.688467,51.996573,On or near 7th Avenue,E01034781,Cotswold 002F,Unable to prosecute suspect
822252e4f110ac09a3c90441ef0d236266989dcc930129f4d14a94bb0590c36d,2024-11,Gloucestershire Constabulary,Gloucestershire Constabulary,-2.246268,51.864813,On or near Shopping Area,E01032937,Gloucester 004F,Investigation complete; no suspect identified
835d7c46aee97079c64e6f0a6d563e3a5da06b3155d801326809cdf6c0453dfc,2024-11,Gloucestershire Constabulary,Gloucestershire Constabulary,-2.236304,51.856193,On or near Grove Street,E01022291,Gloucester 005D,Unable to prosecute suspect
bd05a86e33f80541d6eb0af96907535409f6f201f51bfc57aa3c75af744d4f10,2024-11,Gloucestershire Constabulary,Gloucestershire Constabulary,-2.216098,51.745291,On or near High Street,E01034804,Stroud 006G,Unable to prosecute suspect
fc33187ffe254ceca8b103761362b73bb5c5c72839ce5fd1b2d754deb3b57151,2024-11,Gloucestershire Constabulary,Gloucestershire Constabulary,-2.206858,51.862650,On or near Hammond Way,E01022287,Gloucester 007G,Suspect charged as part of another case
45622bde833fc60578a9679530b2e071b6df332bdc0201e6b9788ec11130b8aa,2024-11,Gloucestershire Constabulary,Gloucestershire Constabulary,-1.690783,51.992272,On or near Sunderland Road,E01034781,Cotswold 002F,Unable to prosecute suspect
ecf676fbc7b2279247a102e1bb1d0550b835c9d07c918ef0f89530e07fad720f,2024-11,Gloucestershire Constabulary,Gloucestershire Constabulary,-2.534337,51.726346,On or near The Orchards,E01022226,Forest of Dean 009A,Investigation complete; no suspect identified
4518e28b437511643f328aa5571c5407d42392b408b5934c78356fbcb95c3d6d,2024-11,Gloucestershire Constabulary,Gloucestershire Constabulary,,,No location,,,Investigation complete; no suspect identified
53850cfb7ed8939193a6147fb1166ef324f94540654e3cbb3e866fe125f4b069,2024-11,Gloucestershire Constabulary,Gloucestershire Constabulary,-2.159651,51.736373,On or near Bracelands,E01022354,Stroud 002A,Unable to prosecute suspect
f5b835d4e7f925a6eeb5365e685a6637c0cdd9ae6ed4e7185312881fe8e8d5f1,2024-11,Gloucestershire Constabulary,Gloucestershire Constabulary,-2.267289,51.726404,On or near Coldwell Close,E01022406,Stroud 009D,Investigation complete; no suspect identified
5f7ae0d80569f3faca4b87deeb2a020e32e9467a06bb0cba6942abea3ea3e9db,2024-11,Gloucestershire Constabulary,Gloucestershire Constabulary,-2.082075,51.903343,On or near Station Street,E01034777,Cheltenham 007G,Unable to prosecute suspect
90758691e7dcbdf380de96779b37bb873da31db501635578ac2246f120dabb1d,2024-11,Gloucestershire Constabulary,Gloucestershire Constabulary,-2.222444,51.854691,On or near Supermarket,E01022284,Gloucester 007D,Unable to prosecute suspect
a81662072b252477708b6f1573d55492548c9455da3f27a2f004a30ca885c755,2024-11,Gloucestershire Constabulary,Gloucestershire Constabulary,-1.857673,51.704702,On or near Cricklade Street,E01022207,Cotswold 005B,Investigation complete; no suspect identified
e38d7c7ab47b18f83473ee7150ed5c80fb4a76bb1bd5963ab1d0a3ddea2bea9e,2024-11,Gloucestershire Constabulary,Gloucestershire Constabulary,-2.243261,51.861969,On or near Cromwell Street,E01034793,Gloucester 004I,Unable to prosecute suspect
32deb0bee79f7885b2464911e47e3eddefde0be8c3a0bcba7047876ca119ff72,2024-11,Gloucestershire Constabulary,Gloucestershire Constabulary,-2.236972,51.867268,On or near Claremont Road,E01022311,Gloucester 002C,Unable to prosecute suspect
52aa38968fc3727326934367e160e150b8a8dd71764bedcebd2c8f8a72974004,2024-11,Gloucestershire Constabulary,Gloucestershire Constabulary,-2.079165,51.909935,On or near Parking Area,E01022139,Cheltenham 004A,Investigation complete; no suspect identified
667b51804bc55044bb52d93b4c0bdf88d524ccb19fa415fc852f038c86d29072,2024-11,Gloucestershire Constabulary,Gloucestershire Constabulary,-2.089043,51.898771,On or near Malvern Road,E01022124,Cheltenham 009D,Investigation complete; no suspect identified
2c4bf89e5886d12508b019d5025b27a7ce898183f5a3668151d61ebae449904a,2024-11,Gloucestershire Constabulary,Gloucestershire Constabulary,-2.240227,51.862182,On or near Nightclub,E01034793,Gloucester 004I,Investigation complete; no suspect identified
f4815dc361ec7a0560303471df50e90dde0165c5cc7518b0d0272979940dec68,2024-11,Gloucestershire Constabulary,Gloucestershire Constabulary,-2.240227,51.862182,On or near Nightclub,E01034793,Gloucester 004I,Investigation complete; no suspect identified
5a32e82437848e151b5b02551086986d74a105a21fc1f63dbc5c68ae74aa3148,2024-11,Gloucestershire Constabulary,Gloucestershire Constabulary,,,No location,,,Local resolution
2116602f09ab8b79337e1e4cc11bd6abf80731565793145d5ab62fce5a024475,2024-11,Gloucestershire Constabulary,Gloucestershire Constabulary,-2.246268,51.864813,On or near Shopping Area,E01032937,Gloucester 004F,Investigation complete; no suspect identified
f6dabd9c580e1bb81d389475a5162652406b24b08a57e9b429a4e4555024d5c6,2024-11,Gloucestershire Constabulary,Gloucestershire Constabulary,-2.275462,51.806091,On or near Niblett Close,E01034802,Stroud 001H,Unable to prosecute suspect
b468cabeda7191c350557f263e391c2b16095d1e481806dc3d18b9de25f74206,2024-11,Gloucestershire Constabulary,Gloucestershire Constabulary,-2.264273,51.814856,On or near Ampney Drive,E01034798,Gloucester 015L,Unable to prosecute suspect
3a7032121e516052edda87cc0931ffee33999207b3dcc4c84ff9b669f7a6d9e1,2024-11,Gloucestershire Constabulary,Gloucestershire Constabulary,-2.228718,51.855030,On or near Diamond Jubilee Close,E01022288,Gloucester 005A,Unable to prosecute suspect
edf7d3884b4eba3d24e2261b6fabf000c2d173feedf4a3ca7db8849744901194,2024-11,Gloucestershire Constabulary,Gloucestershire Constabulary,-2.241898,51.865118,On or near Bus/Coach Station,E01032937,Gloucester 004F,Unable to prosecute suspect
2f57c0551ec33874c0053e04d05e477a940db96cabc4bb193e0c3c47fb7e16dc,2024-11,Gloucestershire Constabulary,Gloucestershire Constabulary,-2.260822,51.840209,On or near Shakespeare Avenue,E01022333,Gloucester 009E,Unable to prosecute suspect
381585368a0052bb8e6cc0e2266024e8aaf04b0cc90720bb5f313a2786e51685,2024-11,Gloucestershire Constabulary,Gloucestershire Constabulary,-2.213315,51.750889,On or near Grove Park Road,E01022411,Stroud 006D,Local resolution
5e1af2907f203fb4a94d44f3e32fe347ca6813f11db12beea0333ce8cd7157ae,2024-11,Gloucestershire Constabulary,Gloucestershire Constabulary,-2.085425,51.914651,On or near Midwinter Gardens,E01022163,Cheltenham 001A,Unable to prosecute suspect
ab543d21ddf5a537671b357675c30845dc66c996c5388fa9e32b3982c01ca837,2024-11,Gloucestershire Constabulary,Gloucestershire Constabulary,-2.268925,51.816598,On or near Fersfield Gardens,E01034798,Gloucester 015L,Investigation complete; no suspect identified
080e5ffaad5ca19e1b11a610aa9f6e26d54dc5cde87aac5df8e73f5812e3bf56,2024-11,Gloucestershire Constabulary,Gloucestershire Constabulary,-2.243623,51.748978,On or near Moor Hall Place,E01022358,Stroud 004D,Unable to prosecute suspect
2ec37a154ceb42e126bfb49e444ba7fb52f866403203e868874e7390910a3ea9,2024-11,Gloucestershire Constabulary,Gloucestershire Constabulary,-2.259594,51.826087,On or near Sulgrave Close,E01022300,Gloucester 013B,Unable to prosecute suspect
e932102a6fd7fcdedecb857307c2d2aa61e380fe7ad1d598f2f9b67ec50ef839,2024-11,Gloucestershire Constabulary,Gloucestershire Constabulary,-2.247605,51.865070,On or near Parking Area,E01032937,Gloucester 004F,Unable to prosecute suspect
c4e1e7330da6ebc59454065a61f74197656baf7d0071e61eb4414e5cfdde5d17,2024-11,Gloucestershire Constabulary,Gloucestershire Constabulary,-2.259663,51.832965,On or near Elderwood Way,E01022301,Gloucester 013C,Unable to prosecute suspect
2c9f2f1d200debd1b84fb4c45304dab69207843697838c9ce524b37705af0f3d,2024-11,Gloucestershire Constabulary,Gloucestershire Constabulary,-2.058507,51.942216,On or near Dale Walk,E01034815,Tewkesbury 011D,Unable to prosecute suspect
6102feef6acb50ff5eaebe8054c5d77f309d403100cd3166147f9657c20c1c7f,2024-11,Gloucestershire Constabulary,Gloucestershire Constabulary,-1.696765,51.694336,On or near West Allcourt,E01022208,Cotswold 009D,Unable to prosecute suspect
c661ed3e34f3b2d49c1dd2c55f75673f7c2e53a6c4e20e736a6ff294f157e80f,2024-11,Gloucestershire Constabulary,Gloucestershire Constabulary,-2.241429,51.869669,On or near Worcester Parade,E01022311,Gloucester 002C,Unable to prosecute suspect
de6f35754c399af9f552bd9cc80913e063a9b1bfad2996b779bd0f6b085902ee,2024-11,Gloucestershire Constabulary,Gloucestershire Constabulary,-2.217500,51.841016,On or near Culverin Close,E01022324,Gloucester 011E,Action to be taken by another organisation
b7f76bc813509f712b4e524a052df14881990903862804306502a510485f16a1,2024-11,Gloucestershire Constabulary,Gloucestershire Constabulary,-2.217500,51.841016,On or near Culverin Close,E01022324,Gloucester 011E,Action to be taken by another organisation
60ec615c9510d57f05fff75cd277dc4303723ecd378aa6a1d322fe86497898d8,2024-11,Gloucestershire Constabulary,Gloucestershire Constabulary,-2.234696,51.815170,On or near Gilberts Lane,E01034801,Stroud 001G,Investigation complete; no suspect identified
a377a39431bdc1117be1197dba7c38b7a34ac1d07e3149bd9539de49f9a8c8a6,2024-11,Gloucestershire Constabulary,Gloucestershire Constabulary,-2.238781,51.841515,On or near Rivendell Court,E01022343,Gloucester 012A,Unable to prosecute suspect
21c83b047402b1a274f45e1a7dad3005f0b9238e9c7a91f3a1cb6cb51d48015d,2024-11,Gloucestershire Constabulary,Gloucestershire Constabulary,-2.247200,51.875995,On or near The Stockyards,E01032932,Gloucester 004E,Suspect charged
8b392a2fb5e38ce30d0eea7307eee41dca64ea6253f3bc2ad8368380abee6af7,2024-11,Gloucestershire Constabulary,Gloucestershire Constabulary,-2.227657,51.857612,On or near Harbury Mews,E01022288,Gloucester 005A,Unable to prosecute suspect
f2a620ac5ff74bf9744ef757121137935fd6af912cac62e1e0e159da1ecdca0b,2024-11,Gloucestershire Constabulary,Gloucestershire Constabulary,-2.277060,51.745020,On or near Anderson Drive,E01022404,Stroud 005E,Investigation complete; no suspect identified
34487c4f6bef657873028e4713b028321e6ba2d98e965a801ef33bb57709edf7,2024-11,Gloucestershire Constabulary,Gloucestershire Constabulary,-2.214069,51.741960,On or near Parking Area,E01034804,Stroud 006G,Investigation complete; no suspect identified
d451fbd305d781e74e06d4d6720f07a083fbbd0e915603b234d8127ba051dc11,2024-11,Gloucestershire Constabulary,Gloucestershire Constabulary,-2.246268,51.864813,On or near Shopping Area,E01032937,Gloucester 004F,Unable to prosecute suspect
c1d8488c6ff80b05baa311a99296fe570529d0d28a30fb9cda1361b1260d597f,2024-11,Gloucestershire Constabulary,Gloucestershire Constabulary,-2.156041,51.844054,On or near Gladiator Close,E01022421,Tewkesbury 009A,Unable to prosecute suspect
753d29fb2e05be29593deb239a556ac9069d909161414ef1d7b14859b197a505,2024-11,Gloucestershire Constabulary,Gloucestershire Constabulary,-2.615445,51.790416,On or near Nash Way,E01022245,Forest of Dean 007F,Local resolution
91893b743b682f09e538d0c7ab1aca6453d0d37c604b30a3c73d95a0068ed560,2024-11,Gloucestershire Constabulary,Gloucestershire Constabulary,-2.249878,51.866432,On or near Upper Quay Street,E01032937,Gloucester 004F,Unable to prosecute suspect
cb4dfbfe4fcd0c9099ddecf12d5b43fb3b6b254ff4e69c54e0e17c7c817fcf32,2024-11,Gloucestershire Constabulary,Gloucestershire Constabulary,-2.112242,51.900270,On or near Shakespeare Road,E01022148,Cheltenham 007A,Unable to prosecute suspect
70eb1565a00f612ad8b067464c0b365b625fb09d6f6292f228b4537b626e1f56,2024-11,Gloucestershire Constabulary,Gloucestershire Constabulary,-2.260520,51.850729,On or near Midsummer Walk,E01034794,Gloucester 004J,Unable to prosecute suspect
63b75cb07fd56fe882f46d53949a7044f9478d4637619425f18b5ade93d8a413,2024-11,Gloucestershire Constabulary,Gloucestershire Constabulary,-2.242674,51.863615,On or near Eastgate Street,E01032937,Gloucester 004F,Unable to prosecute suspect
833c3580cd4a16cda5b91ddcdddc5d814b80a28f186126ce516309cbfea8518e,2024-11,Gloucestershire Constabulary,Gloucestershire Constabulary,-2.077243,51.899840,On or near Crescent Terrace,E01022127,Cheltenham 009G,Investigation complete; no suspect identified
7135d213cf7725b3f874b59600bfabe4aa4f4ded2a516191b9418eb4a80ff4de,2024-11,Gloucestershire Constabulary,Gloucestershire Constabulary,-2.275462,51.806091,On or near Niblett Close,E01034802,Stroud 001H,Unable to prosecute suspect
44d102c9634c2944c9666bdfc4856aba28aac14f38e169006dd6eba0fdcf2542,2024-11,Gloucestershire Constabulary,Gloucestershire Constabulary,-2.241898,51.865118,On or near Bus/Coach Station,E01032937,Gloucester 004F,Unable to prosecute suspect
439ffe9502e5d718eb90d0020f135ae002336afb7db453624f3f5b8807494891,2024-11,Gloucestershire Constabulary,Gloucestershire Constabulary,-1.953715,51.706748,On or near Supermarket,E01022198,Cotswold 008D,Local resolution
35c32ba2a1afea1a356f4adfb6408bfe2a6e6a09bdb0eb6977ba51759a4a4515,2024-11,Gloucestershire Constabulary,Gloucestershire Constabulary,-2.235476,51.845001,On or near Sapperton Road,E01022323,Gloucester 008C,Unable to prosecute suspect
516fb094089acedab9405373eb796da1d12019b4eb649f7efa965f4a826e7935,2024-11,Gloucestershire Constabulary,Gloucestershire Constabulary,,,No location,,,Unable to prosecute suspect
ecca9e6a2deb2c33d96398ca6d78b7b0fff8f6742a633045a738cf576155f6eb,2024-11,Gloucestershire Constabulary,Gloucestershire Constabulary,-2.237135,51.845851,On or near Northfield Road,E01022323,Gloucester 008C,Investigation complete; no suspect identified
63c2293fa1efc801ad03d88c1f207af4e46df85e9aa9694debcadf720627b61c,2024-11,Gloucestershire Constabulary,Gloucestershire Constabulary,-2.161201,51.878581,On or near Brookfield Road,E01022426,Tewkesbury 007B,Action to be taken by another organisation
1af21168f940d51beafbc80f0ca45a7b3591fe4a9dd5e42e83c97cbfb153c606,2024-11,Gloucestershire Constabulary,Gloucestershire Constabulary,-2.194524,51.716567,On or near Spinney Court,E01022382,Stroud 010B,Unable to prosecute suspect
618f026683fc2d88242fef0d04cd6ca06595641a6489c097539e549a8a9bab4b,2024-11,Gloucestershire Constabulary,Gloucestershire Constabulary,-2.234284,51.855855,On or near Albany Street,E01022291,Gloucester 005D,Unable to prosecute suspect
5a13d5c8695f545d7b0efa084da537ecf45e87c7aa9206bff9eb4102c4f9315f,2024-11,Gloucestershire Constabulary,Gloucestershire Constabulary,-2.363671,51.701383,On or near Noel Lee Way,E01022361,Stroud 011C,Investigation complete; no suspect identified
7674a289af62cce499f6ae4712f53ed6ac6c5f0a679d1f3ce50e7e2079f89be9,2024-11,Gloucestershire Constabulary,Gloucestershire Constabulary,-2.076597,51.895732,On or near Vittoria Walk,E01022117,Cheltenham 009B,Unable to prosecute suspect
a142a7a50b6d4a290cf2b374f73a4745a41a1d3a86f0e169a1db908512870ced,2024-11,Gloucestershire Constabulary,Gloucestershire Constabulary,-2.259473,51.837928,On or near Byron Avenue,E01022333,Gloucester 009E,Unable to prosecute suspect
6e2461354368d7980d85338c5e10c516f3138bd19854580d6f4178a3c1d0f865,2024-11,Gloucestershire Constabulary,Gloucestershire Constabulary,-2.238438,51.749033,On or near Park End,E01022377,Stroud 004E,Investigation complete; no suspect identified
555f61ca6c019192f8f5b60946b3d5a15f77d9a543bad5456d59036b7cb5fe2e,2024-11,Gloucestershire Constabulary,Gloucestershire Constabulary,-2.144578,51.845642,On or near Shurdington Road,E01022424,Tewkesbury 009D,Investigation complete; no suspect identified
6a7dd0907e80a2f4ae29fc0fdf37cc301b804cdf85562727325d1d6e9b48c626,2024-11,Gloucestershire Constabulary,Gloucestershire Constabulary,-2.520382,51.725249,On or near Rodley Road,E01022254,Forest of Dean 009C,Unable to prosecute suspect
ae944f0011c84a0314fa1f99f45ccf41ebabb9a5d0b16c24cd27177e7c34cc8a,2024-11,Gloucestershire Constabulary,Gloucestershire Constabulary,-2.158110,51.846380,On or near Sayers Crescent,E01022421,Tewkesbury 009A,Suspect charged as part of another case
3dc478327d7e541bd5a8cb712782a193abf2dd4b5afbcdfa76a69e744f2cc6c8,2024-11,Gloucestershire Constabulary,Gloucestershire Constabulary,-2.212463,51.859511,On or near Chester Road,E01022287,Gloucester 007G,Formal action is not in the public interest
13bba9287504c3ddc183e71ea76df0d8933f22a7a2a51029ef9a0c4cff412a5f,2024-11,Gloucestershire Constabulary,Gloucestershire Constabulary,-2.243823,51.866643,On or near Northgate Street,E01032937,Gloucester 004F,Unable to prosecute suspect
7d19ed119f18bfc7de554b0a3ee00428099df1ae3dcecfc012668629af3a6258,2024-11,Gloucestershire Constabulary,Gloucestershire Constabulary,-2.237035,51.873831,On or near Hinton Road,E01022309,Gloucester 002A,Unable to prosecute suspect
445f65abad75d1b03e3b36ed2990d931ef541248c8b2911e536fac1efc045dfa,2024-11,Gloucestershire Constabulary,Gloucestershire Constabulary,-2.501171,51.826042,On or near Supermarket,E01022240,Forest of Dean 004E,Investigation complete; no suspect identified
82d194fdb7bd97d7263917e586d34b9de0ace432b9dcad4ca5c74106bececf36,2024-11,Gloucestershire Constabulary,Gloucestershire Constabulary,-2.227894,51.852829,On or near Salaam Close,E01022321,Gloucester 011C,Unable to prosecute suspect
9ce52d6d62a30e06f4af1c5ff64ec24e503405e0ba262ae01d9cf6a664cce4da,2024-11,Gloucestershire Constabulary,Gloucestershire Constabulary,-1.970121,51.715106,On or near Cripps Road,E01022194,Cotswold 007A,Investigation complete; no suspect identified
27d9206c7431e8289b2af5c9ce5775b82aa35d9d73951a72a07d92748d651bab,2024-11,Gloucestershire Constabulary,Gloucestershire Constabulary,-2.182309,51.842776,On or near Lobleys Drive,E01034808,Tewkesbury 009G,Unable to prosecute suspect
59da932ee2b76f7adbbf5216905eb69c376a0a198f1e3c5c8bbcc5218b885681,2024-11,Gloucestershire Constabulary,Gloucestershire Constabulary,-2.129763,51.891862,On or near Hospital,E01022108,Cheltenham 010C,Investigation complete; no suspect identified
bad1a8d3812295bcb0c93fc3f004d9a215e73a80e43f4502c5e851e15dd2c2a3,2024-11,Gloucestershire Constabulary,Gloucestershire Constabulary,-1.783849,51.997167,On or near Petrol Station,E01022205,Cotswold 002C,Local resolution
a03b8aae739d34870a8d11f348bcfcbd17a35cdba0d13bb50c7915cdca0bf16c,2024-11,Gloucestershire Constabulary,Gloucestershire Constabulary,,,No location,,,Investigation complete; no suspect identified
5fde5a4b257993dae1d673a09e7ebc2bf557ca5229594789e61b12c11c5eb7ed,2024-11,Gloucestershire Constabulary,Gloucestershire Constabulary,-2.157642,51.994469,On or near Smith's Lane,E01022459,Tewkesbury 002D,Offender given a caution
02ff16505c67d7e3a332c53a4ffc9aba1667a3018a7cdbd39e3c37e7e582e8b4,2024-11,Gloucestershire Constabulary,Gloucestershire Constabulary,-1.643579,51.902698,On or near Main Street,E01022178,Cotswold 002B,Investigation complete; no suspect identified
6f6217241cd866ce2c3b8d78f880f7fd98ff331b6967466d397e3e870072b300,2024-11,Gloucestershire Constabulary,Gloucestershire Constabulary,-2.048721,51.906158,On or near Priors Road,E01022132,Cheltenham 006B,Unable to prosecute suspect
12fbc44521176b434659f89344d4ab898f76207058c1ce9af9ec595e4e0f15fb,2024-11,Gloucestershire Constabulary,Gloucestershire Constabulary,-2.205761,51.841748,On or near Supermarket,E01022277,Gloucester 010B,Investigation complete; no suspect identified
be3ca29239fba50fbfa5cc33a3c48225fe19e30c5f6bb65e19ee1c95c45bbb68,2024-11,Gloucestershire Constabulary,Gloucestershire Constabulary,,,No location,,,Investigation complete; no suspect identified
09125ba65ade0ea96a2dca5e57eded27e03691fc5f5eb31a1931e560fc3b5ed6,2024-11,Gloucestershire Constabulary,Gloucestershire Constabulary,-2.145092,51.847314,On or near Goldfinch Walk,E01022423,Tewkesbury 009C,Unable to prosecute suspect
5c998bacace6b45cf861835c47ae10aed94971821f0da089fbf494a39f259c98,2024-11,Gloucestershire Constabulary,Gloucestershire Constabulary,,,No location,,,Investigation complete; no suspect identified
da36580956113cbc6d98a507e62e16ac3b09884bcd4dbef4daeabfceec18819b,2024-11,Gloucestershire Constabulary,Gloucestershire Constabulary,-2.214761,51.860118,On or near Shopping Area,E01022287,Gloucester 007G,Investigation complete; no suspect identified
e08c7f9a55bda1271e3dc82d2e9ddb88a76b89399f31225733c69e3035570455,2024-11,Gloucestershire Constabulary,Gloucestershire Constabulary,-2.234696,51.815170,On or near Gilberts Lane,E01034801,Stroud 001G,Investigation complete; no suspect identified
1945bf6db416b4fa3be8826698b69c8998303a59ed21cc3f18a9db0624c77c53,2024-11,Gloucestershire Constabulary,Gloucestershire Constabulary,-2.214761,51.860118,On or near Shopping Area,E01022287,Gloucester 007G,Investigation complete; no suspect identified
243de9cc3ce7fca6cb684625456ae91546f866098242b9eee067bb02ca653268,2024-11,Gloucestershire Constabulary,Gloucestershire Constabulary,,,No location,,,Unable to prosecute suspect
8a1e2558eee88026f7b55bd7f8adacdd6cddfd83187da236e54a7ce91bba9179,2024-11,Gloucestershire Constabulary,Gloucestershire Constabulary,-1.981241,51.706153,On or near Drift Way,E01022191,Cotswold 008A,Unable to prosecute suspect
1621c11ec8542e4cd405f2052816c2078a6500b2f7793d32fec25b5fe8f1dba6,2024-11,Gloucestershire Constabulary,Gloucestershire Constabulary,-2.238962,51.867471,On or near Wellington Parade,E01022311,Gloucester 002C,Unable to prosecute suspect
8704a8decbf779808160b5e1b7c7de9a707e87cc52505812a7144764b24f7194,2024-11,Gloucestershire Constabulary,Gloucestershire Constabulary,-2.360773,51.688094,On or near Kings Drive,E01022372,Stroud 014A,Unable to prosecute suspect
1fd1a9699df46f8408e7daaf25618df6ea0591be4a11a6fc7e070f0e361dceca,2024-11,Gloucestershire Constabulary,Gloucestershire Constabulary,-2.228486,51.846498,On or near Jenkinson Close,E01022321,Gloucester 011C,Unable to prosecute suspect
dae96b85fc4d425c9f524bebeeb85f321f490ffaa59a9de72bb824a14520a4b3,2024-11,Gloucestershire Constabulary,Gloucestershire Constabulary,-2.246268,51.864813,On or near Shopping Area,E01032937,Gloucester 004F,Investigation complete; no suspect identified
4d90939d5d59b734ff6ec5ba517c5558269a647b9d9c7a08cb1bd2b466bdaa94,2024-11,Gloucestershire Constabulary,Gloucestershire Constabulary,-2.078363,51.908686,On or near Manser Street,E01022152,Cheltenham 004C,Suspect charged
196920a97242ec274fb585142ad3b4904c29bc3b31ebbf4be0c431d0cccb1e7c,2024-11,Gloucestershire Constabulary,Gloucestershire Constabulary,-2.117674,51.898871,On or near Cowper Road,E01022147,Cheltenham 005C,Unable to prosecute suspect
e09d519f99a9685f8024fa22b46fb24f3c36ef5505ce5d319c028d1d01e389a6,2024-11,Gloucestershire Constabulary,Gloucestershire Constabulary,-2.117674,51.898871,On or near Cowper Road,E01022147,Cheltenham 005C,Unable to prosecute suspect
c0ba7d3e1aceabaea2b916aa1eaa1d0b1144945f6ae1c078e81deef013548922,2024-11,Gloucestershire Constabulary,Gloucestershire Constabulary,-2.232889,51.847343,On or near Bibury Road,E01022323,Gloucester 008C,Unable to prosecute suspect
7b715b17278003c84080d0f48e806eb4e021df8f419d31257a45ee3c6b8b3bf6,2024-11,Gloucestershire Constabulary,Gloucestershire Constabulary,-2.140631,51.841457,On or near Bryerland Road,E01034806,Tewkesbury 008E,Action to be taken by another organisation
e1649a007c6e3920ee15ecb9ebe7cb832a3e0b48289725158888b6f4bf07f56d,2024-11,Gloucestershire Constabulary,Gloucestershire Constabulary,-2.526772,51.726150,On or near Bus/Coach Station,E01022256,Forest of Dean 009E,Unable to prosecute suspect
e06688a10153be062e890599d73acc7f053954d5b1823e2581cbf2216d64ce20,2024-11,Gloucestershire Constabulary,Gloucestershire Constabulary,-2.516572,51.723764,On or near Wyedean Close,E01022254,Forest of Dean 009C,Unable to prosecute suspect
48026b489fff8cf1ff5d52bb58ba15308a82a0eaef68decb6823492d2b8c4a1f,2024-11,Gloucestershire Constabulary,Gloucestershire Constabulary,-2.653522,51.622946,On or near Hitchen Hollow,E01022273,Forest of Dean 010C,Unable to prosecute suspect
38ea38a8227138cb8e16e552275d7548a1378145dfae22004ba7eff28ded2690,2024-11,Gloucestershire Constabulary,Gloucestershire Constabulary,-2.534252,51.725268,On or near Petrol Station,E01022226,Forest of Dean 009A,Investigation complete; no suspect identified
4ca2e31716acb340369b575c45772ed72248dc7eb58b337651d61a516a689c46,2024-11,Gloucestershire Constabulary,Gloucestershire Constabulary,-2.185320,51.780715,On or near Greenhouse Lane,E01022390,Stroud 002B,Local resolution
2d879f0d2eeba63768137c947added40a7e4efd1bc6e1814226e642a7b7d5a6a,2024-11,Gloucestershire Constabulary,Gloucestershire Constabulary,-2.239224,51.851170,On or near Dorrit Close,E01022328,Gloucester 008D,Unable to prosecute suspect
1d78434aab9186291119836308c8c473387c4c9c742975233c8e629d18b4ef5c,2024-11,Gloucestershire Constabulary,Gloucestershire Constabulary,-2.227000,51.686694,On or near Horsley Road,E01022385,Stroud 013A,Local resolution
0c4927ad7bae4a63a31707ead44350e856db788c381f19758ff2f37de378732e,2024-11,Gloucestershire Constabulary,Gloucestershire Constabulary,-2.185700,51.883805,On or near Pelham Crescent,E01022430,Tewkesbury 007F,Investigation complete; no suspect identified
98421220ed34c21b44a6e3d0613184156d224a21675f3e8dbd08d978100634e6,2024-11,Gloucestershire Constabulary,Gloucestershire Constabulary,,,No location,,,Unable to prosecute suspect
5196f5b4285fb7f46f844d31da5350728028d68935cfd1d490933ebf697295d2,2024-11,Gloucestershire Constabulary,Gloucestershire Constabulary,-2.161460,51.853478,On or near Saxon Drive,E01022423,Tewkesbury 009C,Unable to prosecute suspect
95c822e1839ee89441550f05c559aafb64d19bfdc085c8000bb14363d1537dba,2024-11,Gloucestershire Constabulary,Gloucestershire Constabulary,-2.195828,51.787180,On or near Ashwell,E01022390,Stroud 002B,Unable to prosecute suspect
6409368a66190e9ee23a068ba55d65dfa0e0e07a9cc7ba7a8f27a72996a203e9,2024-11,Gloucestershire Constabulary,Gloucestershire Constabulary,-2.080966,51.901015,On or near St James' Square,E01022127,Cheltenham 009G,Suspect charged
45fc477ac2a434390c1656e47186df1ee0fbd9f50e9290b9f6047365e9245da4,2024-11,Gloucestershire Constabulary,Gloucestershire Constabulary,-2.078085,51.907149,On or near Hungerford Street,E01022154,Cheltenham 004E,Unable to prosecute suspect
ea6477edaf7b1287e903a4d386cac5b24ff5ba266c0bbd4f3da13fa273a5888b,2024-11,Gloucestershire Constabulary,Gloucestershire Constabulary,-2.187923,51.859364,On or near Wilkes Avenue,E01022303,Gloucester 006B,Unable to prosecute suspect
7a585c8c3cde8cc39f89b36a176dad4501ab68873d92f98deb2f655ab3b7556d,2024-11,Gloucestershire Constabulary,Gloucestershire Constabulary,-2.187923,51.859364,On or near Wilkes Avenue,E01022303,Gloucester 006B,Unable to prosecute suspect
b31a45fa2df74d66812eee0869c02716498828f473e692a77c6c557bb1bee90e,2024-11,Gloucestershire Constabulary,Gloucestershire Constabulary,-2.241135,51.849997,On or near B4072,E01022327,Gloucester 009B,Investigation complete; no suspect identified
4a5f9e368e7df20be77635a6340c027411761b907df3ff36ec4b5f82076aab37,2024-11,Gloucestershire Constabulary,Gloucestershire Constabulary,-2.247605,51.865070,On or near Parking Area,E01032937,Gloucester 004F,Offender given a caution
915c9ef30ae687838f23b29c64fac34c6b02e96a5b467c3d445bd54fa4d40fe5,2024-11,Gloucestershire Constabulary,Gloucestershire Constabulary,-1.679668,51.929352,On or near Back Lane,E01022178,Cotswold 002B,Investigation complete; no suspect identified
8785bc3bc9d6713ccca857f0162e5ee52c4cf7ca4bcd2a75c1d7b8f42dc96556,2024-11,Gloucestershire Constabulary,Gloucestershire Constabulary,-2.400282,51.843971,On or near Grange Court Road,E01022266,Forest of Dean 005D,Investigation complete; no suspect identified
081b0714f06f05f765e31ba73d87a56d78f13d191557c5c456a931206b06ee6c,2024-11,Gloucestershire Constabulary,Gloucestershire Constabulary,-2.202476,51.740524,On or near Highfield Road,E01022410,Stroud 006C,Unable to prosecute suspect
7878a885962287cae012eb139ead1156572b47da26b16d2f6396a51ff8a3db9c,2024-11,Gloucestershire Constabulary,Gloucestershire Constabulary,-2.158110,51.846380,On or near Sayers Crescent,E01022421,Tewkesbury 009A,Suspect charged as part of another case
b0605fdc431cf733d0cd89e692a7fea628f985cf25d3c63061cc3bd86d921954,2024-11,Gloucestershire Constabulary,Gloucestershire Constabulary,-2.106435,51.915587,On or near Waldrist Close,E01022160,Cheltenham 003B,Unable to prosecute suspect
93b64f539aa279d4bc2be6c728aa095aae859b4081add8613947506ef705251e,2024-11,Gloucestershire Constabulary,Gloucestershire Constabulary,-2.271814,51.828963,On or near Watermint Drive,E01022341,Gloucester 014C,Unable to prosecute suspect
c5a3c2b5851788d31a3a0ae15de74a25c3d750eef4e8499ea051427840a805df,2024-11,Gloucestershire Constabulary,Gloucestershire Constabulary,-2.237016,51.723744,On or near The Headlands,E01022350,Stroud 010A,Unable to prosecute suspect
9d818146da506a871daab85bcd66ec091ecd0888f43c05a2bfa8d1d31c85f6d2,2024-11,Gloucestershire Constabulary,Gloucestershire Constabulary,-1.715602,51.929651,On or near St Edwards Drive,E01022177,Cotswold 002A,Investigation complete; no suspect identified
350a98f28324409d2d4d90e523fc25bdeaed4427a8759ec14176c7b42f66326d,2024-11,Gloucestershire Constabulary,Gloucestershire Constabulary,-2.217666,51.842401,On or near Painswick Road,E01022324,Gloucester 011E,Investigation complete; no suspect identified
ae2f005344bbbba0725604d5e8cc12bfb8656f9fbbb6533ae790b1bbbc6ad46f,2024-11,Gloucestershire Constabulary,Gloucestershire Constabulary,-2.081710,51.902669,On or near New Street,E01022127,Cheltenham 009G,Local resolution
469a250694c5e032c5249d48697ed24566aa9a61f4c383c881a69b43efb88c17,2024-11,Gloucestershire Constabulary,Gloucestershire Constabulary,-2.080592,51.902976,On or near Royal Oak Mews,E01034777,Cheltenham 007G,Unable to prosecute suspect
bbac5868545869e397c33defd041d227bd46eb6ea88a16dfc739c2eb9445429a,2024-11,Gloucestershire Constabulary,Gloucestershire Constabulary,-1.711364,51.930666,On or near Bailey Close,E01022177,Cotswold 002A,Investigation complete; no suspect identified
ec57f49901b14466304c7e88fbae8af51d1e29625de2fec09c145866dbda001a,2024-11,Gloucestershire Constabulary,Gloucestershire Constabulary,-1.699278,51.987286,On or near Warneford Place,E01034782,Cotswold 002G,Investigation complete; no suspect identified
5c00854defba731bffa9d0073411f17a8af5dc9580d2df1446599073707bf9e0,2024-11,Gloucestershire Constabulary,Gloucestershire Constabulary,-2.500159,51.822468,On or near Commercial Street,E01022240,Forest of Dean 004E,Unable to prosecute suspect
77b1b924d8cedcedf6bb22388482922611495cc0fde27859ce0f664abe674856,2024-11,Gloucestershire Constabulary,Gloucestershire Constabulary,-2.159651,51.736373,On or near Bracelands,E01022354,Stroud 002A,Unable to prosecute suspect
21dfc0f17fa33f5caad60d9381b078208e99ac742cc872f139206c627a876593,2024-11,Gloucestershire Constabulary,Gloucestershire Constabulary,-2.243009,51.864339,On or near Shopping Area,E01032937,Gloucester 004F,Investigation complete; no suspect identified
a091a6766e53336501fe3de3bd67cf4e2e9e5ea520165c7913d3716245efefce,2024-11,Gloucestershire Constabulary,Gloucestershire Constabulary,-2.257599,51.840108,On or near Masefield Avenue,E01022333,Gloucester 009E,Investigation complete; no suspect identified
2c2878fad5bbc723b185175fc159f4bea64b1bdba1803c0d1ec0e2c9ae7e54de,2024-11,Gloucestershire Constabulary,Gloucestershire Constabulary,-2.123559,51.951516,On or near Swan Lane,E01022453,Tewkesbury 004D,Formal action is not in the public interest
aa7faef98d16d50e3c6e640d21393be79c2c766d700a74ff8a5e35b99dd38690,2024-11,Gloucestershire Constabulary,Gloucestershire Constabulary,-2.239474,51.857085,On or near Regent Street,E01022292,Gloucester 005E,Unable to prosecute suspect
f72bcd07a4e6546e9c4797a2134c903bed43904a6aa483377e0759e831e771e5,2024-11,Gloucestershire Constabulary,Gloucestershire Constabulary,-2.570027,51.758709,On or near Knockley Patch,E01022232,Forest of Dean 008B,Unable to prosecute suspect
d7baba2c3020bfbfc332e84aba91e5a49b4723912c9c70f0535acd08de7e852d,2024-11,Gloucestershire Constabulary,Gloucestershire Constabulary,-2.217234,51.861013,On or near Southbrook Road,E01022287,Gloucester 007G,Unable to prosecute suspect
3dc4ee8f354c08b3d2c0ec536007ed8962c89e1bc5746238dd024cad87af0a04,2024-11,Gloucestershire Constabulary,Gloucestershire Constabulary,-2.056845,51.905525,On or near Thames Road,E01022134,Cheltenham 006D,Investigation complete; no suspect identified
7f7cacdc3673996c8a2cffbcbe6b580c51de46af4c9ae53d9672c7ed176ae473,2024-11,Gloucestershire Constabulary,Gloucestershire Constabulary,-2.246268,51.864813,On or near Shopping Area,E01032937,Gloucester 004F,Investigation complete; no suspect identified
d8a7c18d01b56e2b3e89cf02cc806201d91342030dad082f3b5b0da30cb55219,2024-11,Gloucestershire Constabulary,Gloucestershire Constabulary,-2.597093,51.799439,On or near Hillcrest Lane,E01022244,Forest of Dean 007E,Formal action is not in the public interest
a4b65efc75164b966fd9cd05602eab445d88ba0d2b09bdd9ca8cae68fc4fee31,2024-11,Gloucestershire Constabulary,Gloucestershire Constabulary,-2.597093,51.799439,On or near Hillcrest Lane,E01022244,Forest of Dean 007E,Formal action is not in the public interest
6223febc34bdeb8e9ee0a900e59aec582ed75acebc78d62f5ff3b3c7b16d0f28,2024-11,Gloucestershire Constabulary,Gloucestershire Constabulary,-2.494803,51.827589,On or near Pinewood Close,E01022237,Forest of Dean 004B,Unable to prosecute suspect
edde4f75c80f7890e37652bd68d5c73778aad2639637c86c1ee12db2f1151627,2024-11,Gloucestershire Constabulary,Gloucestershire Constabulary,-2.601293,51.789516,On or near Sports/Recreation Area,E01022245,Forest of Dean 007F,Unable to prosecute suspect
fb99ca2fa975994ad502c1277b5002b378a52c106d30569bf9a48e391e73de0d,2024-11,Gloucestershire Constabulary,Gloucestershire Constabulary,-2.169066,51.682646,On or near The Sunground,E01022176,Cotswold 011A,Unable to prosecute suspect
19f6855625e9f20aad1094c2aefaa3aa24461d04ac6bb39decb4dfcaef821017,2024-11,Gloucestershire Constabulary,Gloucestershire Constabulary,-1.948781,51.718866,On or near Century Close,E01022188,Cotswold 006A,Formal action is not in the public interest
32d0a9a7d0cca08cd27f3f2b98e5b9a96012509c8c87c57671c823bafb0c4ff1,2024-11,Gloucestershire Constabulary,Gloucestershire Constabulary,-2.363816,51.627447,On or near Vineyard Lane,E01022415,Stroud 015B,Unable to prosecute suspect
2e73428a61d8ae1bcbcf922d5d3429fe53acbb36214d1a425e3735708f42a857,2024-11,Gloucestershire Constabulary,Gloucestershire Constabulary,-2.208398,51.856344,On or near St Lawrence Road,E01022285,Gloucester 007E,Action to be taken by another organisation
be0e4bc47200edeefa2bbd14243c3dfdc318714d0109012ad636ec7fdc32a85a,2024-11,Gloucestershire Constabulary,Gloucestershire Constabulary,-1.949889,51.712087,On or near Crabtree Lane,E01022190,Cotswold 006C,Unable to prosecute suspect
590325ae82ffe44b71de1698c9b708ee15cab74f4c98f6b9e7f34869806dd40b,2024-11,Gloucestershire Constabulary,Gloucestershire Constabulary,-2.236118,51.863077,On or near Supermarket,E01022289,Gloucester 005B,Unable to prosecute suspect
2d05e2f7e14ffd2c929a5056b1d001b13052ee2eceeacb4ad2a332c0280dc747,2024-11,Gloucestershire Constabulary,Gloucestershire Constabulary,-2.079430,51.903723,On or near St Paul's Street South,E01022153,Cheltenham 004D,Unable to prosecute suspect
daf0c176568b6cf8cf8cbf341f5bab45b8999df0b9902fbba000774fdceb6b65,2024-11,Gloucestershire Constabulary,Gloucestershire Constabulary,-2.055414,51.911711,On or near Furrow Close,E01022144,Cheltenham 002B,Unable to prosecute suspect
7a4049260d67f64f437e5b06f1001295c94da3c95dd09c6ad8eb7b53ddffa37d,2024-11,Gloucestershire Constabulary,Gloucestershire Constabulary,-2.078314,51.905513,On or near St Paul's Street North,E01022154,Cheltenham 004E,Suspect charged
d9f494ec3358ab5f487d6b02943ebfad562cb9455bf0525c40e9891bd868ea95,2024-11,Gloucestershire Constabulary,Gloucestershire Constabulary,-2.117206,51.897694,On or near Monks Croft,E01022147,Cheltenham 005C,Unable to prosecute suspect
c9d3aef945cd230c49649e7352087ce4a0dcbac1bb35354066a3606264134fd7,2024-11,Gloucestershire Constabulary,Gloucestershire Constabulary,-2.117206,51.897694,On or near Monks Croft,E01022147,Cheltenham 005C,Unable to prosecute suspect
534b7d42ea2c4de5f58919821d1139974dc828ce678cbd104104a82a2fbd83e0,2024-11,Gloucestershire Constabulary,Gloucestershire Constabulary,-2.246518,51.857421,On or near Weston Road,E01022332,Gloucester 004A,Unable to prosecute suspect
ebad6fec42400971831afa36eda5a3677c1c75917b2179c60313eee0392e266e,2024-11,Gloucestershire Constabulary,Gloucestershire Constabulary,-1.757368,51.888038,On or near Sports/Recreation Area,E01034784,Cotswold 003F,Unable to prosecute suspect
662e42a0d5f4e44716dd9c8a277f9165987e596d72e3caeeb1f33fc64049c2e6,2024-11,Gloucestershire Constabulary,Gloucestershire Constabulary,-2.245070,51.748741,On or near Queen's Drive,E01022358,Stroud 004D,Unable to prosecute suspect
510294a76ef57eed44dc6f8ae26108f59dc1f203e4d4f288cfe4284412e21af3,2024-11,Gloucestershire Constabulary,Gloucestershire Constabulary,-2.259536,51.838665,On or near Keats Avenue,E01022333,Gloucester 009E,Local resolution
7894ddf6e3f8223087b8521004115548dfccd55560360b6abb3677ee5d669686,2024-11,Gloucestershire Constabulary,Gloucestershire Constabulary,-2.050359,51.902507,On or near Petrol Station,E01034780,Cheltenham 012I,Unable to prosecute suspect
23d3457b76471fbbebad88f61fc9e5c967fad914e3f81732956e5d1f33c5900f,2024-11,Gloucestershire Constabulary,Gloucestershire Constabulary,-1.755160,51.892149,On or near Kings Meadow,E01034783,Cotswold 003E,Investigation complete; no suspect identified
222aa70a2502488f21e179fb9e03016692ecaffbac8f948105961cf1a25cca83,2024-11,Gloucestershire Constabulary,Gloucestershire Constabulary,-2.523405,51.762603,On or near Tower Road,E01022268,Forest of Dean 008D,Unable to prosecute suspect
77f0085e38a664ac5722031c25493fe154481706b3b7d6e3afec8cd4fb12f160,2024-11,Gloucestershire Constabulary,Gloucestershire Constabulary,-2.509459,51.825027,On or near Foxes Bridge Road,E01022238,Forest of Dean 004C,Investigation complete; no suspect identified
c62339b977361a3467c338782bfa2962f50bcb11af1248de54158341cd412483,2024-11,Gloucestershire Constabulary,Gloucestershire Constabulary,-2.068789,51.911866,On or near West Approach Drive,E01022139,Cheltenham 004A,Unable to prosecute suspect
e707c4184b200741bc7a251ca41de9c1e58a0cf709ebb75ae9c29e2ae2af70eb,2024-11,Gloucestershire Constabulary,Gloucestershire Constabulary,-2.337234,51.864488,On or near Church Lane,E01022235,Forest of Dean 001B,Investigation complete; no suspect identified
330023cc36ee3e319a2223b79533b7276471f9f175b80a77db3e54b01c33922a,2024-11,Gloucestershire Constabulary,Gloucestershire Constabulary,-1.772600,52.090411,On or near Millard Close,E01022185,Cotswold 001E,Investigation complete; no suspect identified
dedf6f6620e3519c85d499cde375223b84e1b8c5eebbce1daf0a78275e9a048a,2024-11,Gloucestershire Constabulary,Gloucestershire Constabulary,-2.079165,51.909935,On or near Parking Area,E01022139,Cheltenham 004A,Investigation complete; no suspect identified
c08762d65c17bced7b51346d054b91456747aa1b7db47b96706d444733613c59,2024-11,Gloucestershire Constabulary,Gloucestershire Constabulary,-2.057360,51.955262,On or near Hedgerow Close,E01034812,Tewkesbury 010B,Unable to prosecute suspect
f75b430be4a5d315df798c5eb0d2adac4c85422e22c8ac0e31451707753cd4ed,2024-11,Gloucestershire Constabulary,Gloucestershire Constabulary,-1.757136,51.889546,On or near The Avenue,E01034784,Cotswold 003F,Investigation complete; no suspect identified
62d173e1974dd34ae8af437271b456fe40d6b0a72f7dfee3e7f5de067815d8b1,2024-11,Gloucestershire Constabulary,Gloucestershire Constabulary,-2.278472,51.826812,On or near Shopping Area,E01022335,Gloucester 015A,Unable to prosecute suspect
8a69b8a5286c4c9551ade39814e14633bd8e68bc4b099f1d0f78855c47c85bd6,2024-11,Gloucestershire Constabulary,Gloucestershire Constabulary,-1.959853,51.705231,On or near Esland Place,E01022198,Cotswold 008D,Unable to prosecute suspect
368f17f8317d988f35e42d3e9786a9a41e3aa48bbfe4714489a907451332e57c,2024-11,Gloucestershire Constabulary,Gloucestershire Constabulary,-2.179115,51.718389,On or near Valley Close,E01022368,Stroud 008C,Unable to prosecute suspect
908af4fb3f55695966106c2dbb5c551132f7ebada42b1a685cdb7b88da17af7e,2024-11,Gloucestershire Constabulary,Gloucestershire Constabulary,-2.196489,51.859170,On or near Supermarket,E01022308,Gloucester 006E,Unable to prosecute suspect
392db6bf899da842fc61fc81c9e9c26b3e1e621d3f3773fa153dc8a193e62e8f,2024-11,Gloucestershire Constabulary,Gloucestershire Constabulary,-2.246163,51.843091,On or near Romney Close,E01022334,Gloucester 009F,Suspect charged
7cf53b398d18d07a91f6e7f241f28bd1e83f73cc3764d0c51baadaa7f47520d9,2024-11,Gloucestershire Constabulary,Gloucestershire Constabulary,-2.247605,51.865070,On or near Parking Area,E01032937,Gloucester 004F,Unable to prosecute suspect
f6e055300790fae3960ce6f3a65ea2aedfc17bcd3a4c69e1257ce35f08e8a9b8,2024-11,Gloucestershire Constabulary,Gloucestershire Constabulary,-2.235476,51.845001,On or near Sapperton Road,E01022323,Gloucester 008C,Unable to prosecute suspect
413135c7e999a670708114fe6b45181a664b3c7a309c8c8adead558831516f21,2024-11,Gloucestershire Constabulary,Gloucestershire Constabulary,-2.235898,51.870228,On or near Henry Road,E01022309,Gloucester 002A,Unable to prosecute suspect
c99bb57f66471e1d99a6d90c38aeb045723ac97d2513f2b2105a40f043a9890c,2024-11,Gloucestershire Constabulary,Gloucestershire Constabulary,-2.460884,51.875073,On or near School Lane,E01022230,Forest of Dean 005B,Unable to prosecute suspect
ae020c589536bfe5e6d2a7985fc11d719d7b15ba63b12fffd6d34f45b8e88047,2024-11,Gloucestershire Constabulary,Gloucestershire Constabulary,-2.237786,51.737985,On or near Stanley View,E01022394,Stroud 007B,Unable to prosecute suspect
79f964977c727c2db2e08177af65c86c0993a1fdc6c6d311dd19a88fe1696915,2024-11,Gloucestershire Constabulary,Gloucestershire Constabulary,-2.075825,51.946431,On or near Farriers Reach,E01022438,Tewkesbury 010E,Unable to prosecute suspect
cacc8d059eb05fb7ccbbcae34935ce279c5e95f00adc0f9c2a37ccf8016b0373,2024-11,Gloucestershire Constabulary,Gloucestershire Constabulary,-2.262739,51.817907,On or near Sealand Way,E01034796,Gloucester 015J,Unable to prosecute suspect
9ef3ea716d1f3bfddd14bedc178e9e38d622fef8102c912cae627e5c71678d83,2024-11,Gloucestershire Constabulary,Gloucestershire Constabulary,-2.262739,51.817907,On or near Sealand Way,E01034796,Gloucester 015J,Unable to prosecute suspect
8e4783118dbdb4f05ab93e49ad205daea7613fc3d4c6499aead137e00e24fbfd,2024-11,Gloucestershire Constabulary,Gloucestershire Constabulary,-2.153585,51.996488,On or near Old Hospital Lane,E01022460,Tewkesbury 002E,Investigation complete; no suspect identified
8a3663b10f0dac68ec46f8eca8ca97c50303b6d73dc38c0e2b4a245a8fb46ee2,2024-11,Gloucestershire Constabulary,Gloucestershire Constabulary,-1.966399,51.875172,On or near Waterside Close,E01022216,Cotswold 004D,Investigation complete; no suspect identified
949a68f808c163819051a4e4e0eb9f3235a7ba7765696ac3eed07e8bb7003512,2024-11,Gloucestershire Constabulary,Gloucestershire Constabulary,-2.242316,51.861854,On or near Wellington Street,E01034793,Gloucester 004I,Unable to prosecute suspect
a140784e641c93036e0b14db29026a200e0ae2eaa4e982436dbe21711d098e3a,2024-11,Gloucestershire Constabulary,Gloucestershire Constabulary,-2.151362,51.643802,On or near Hatter Close,E01022219,Cotswold 011E,Investigation complete; no suspect identified
0818226df6676bbd1939ef96b43f7742e25f39f9818e8632c91e73ea131339ca,2024-11,Gloucestershire Constabulary,Gloucestershire Constabulary,-2.243493,51.837810,On or near Barnpear Court,E01022343,Gloucester 012A,Unable to prosecute suspect
d48bc9a967af894e3fdd94321572acaee00cce5983f376139c8ac4cb0c5a8da1,2024-11,Gloucestershire Constabulary,Gloucestershire Constabulary,-2.192793,51.789325,On or near Upper Washwell,E01022390,Stroud 002B,Unable to prosecute suspect
e2a28e865963adb22238fb7863a306d64d0d208923033a9070d34534612e4bec,2024-11,Gloucestershire Constabulary,Gloucestershire Constabulary,-2.110914,51.904156,On or near Newton Close,E01022121,Cheltenham 005B,Unable to prosecute suspect
4c044b6025a1e88db5858dedf477419b1794cda91da60b477aeff1ace5681da3,2024-11,Gloucestershire Constabulary,Gloucestershire Constabulary,-2.181986,51.845437,On or near Juniper Way,E01034808,Tewkesbury 009G,Action to be taken by another organisation
f9effcc71c4e529f4360899baf197a3ce3f161e113d235ded09800ca29397428,2024-11,Gloucestershire Constabulary,Gloucestershire Constabulary,-1.741309,51.961124,On or near Banks Fee Lane,E01022205,Cotswold 002C,Unable to prosecute suspect
4e693b55f06a9df24a84b5f3c17c27e9861e6e9c3ba681c28d4b706261e3d4b8,2024-11,Gloucestershire Constabulary,Gloucestershire Constabulary,-2.229177,51.748153,On or near Stratford Road,E01034803,Stroud 006F,Local resolution
851cb4e5579410fbcb01e325546b2d976302eb3dfebaf45f041865bba4e5271f,2024-11,Gloucestershire Constabulary,Gloucestershire Constabulary,-2.219371,51.694360,On or near Supermarket,E01022386,Stroud 013B,Unable to prosecute suspect
9d07c8528d75ff4b83bd079c6e6a4e5edfbc6136a04e19afcfb8dcca0985d4f7,2024-11,Gloucestershire Constabulary,Gloucestershire Constabulary,-2.217666,51.842401,On or near Painswick Road,E01022324,Gloucester 011E,Unable to prosecute suspect
1819752830bea76f13f04c0b4eb859f0757574f742e2633f04735ecfa28f3572,2024-11,Gloucestershire Constabulary,Gloucestershire Constabulary,-2.210024,51.875115,On or near Old Cheltenham Road,E01022317,Gloucester 001D,Investigation complete; no suspect identified
1e2f1e3e4248cf745bf38da8b1fcde3d1cd9f007bbdeaf48501fb4d728d7eea4,2024-11,Gloucestershire Constabulary,Gloucestershire Constabulary,-2.074078,51.901406,On or near Albion Walk,E01022102,Cheltenham 008C,Investigation complete; no suspect identified
9ba43eb6424565d17ffd371b26fac0fd6b0b0fff0324eed612db450b4a8e9663,2024-11,Gloucestershire Constabulary,Gloucestershire Constabulary,-2.518074,51.863911,On or near The Cutting,E01022260,Forest of Dean 003E,Unable to prosecute suspect
c06a1f0e5c785298f64419f37740704dc6c85cb7e226c2a976d265e3b9df1e6c,2024-11,Gloucestershire Constabulary,Gloucestershire Constabulary,-2.234821,51.710757,On or near Convent Lane,E01022350,Stroud 010A,Investigation complete; no suspect identified
c35d2f77ce7637fbc37901fe3635c0ecfa13db1ab900653bcb01f0b15d3eae3a,2024-11,Gloucestershire Constabulary,Gloucestershire Constabulary,,,No location,,,Unable to prosecute suspect
fb0b790217aa5cd06706bfe8eb5e0a6d344feca72c52a796633051cf932e66e0,2024-11,Gloucestershire Constabulary,Gloucestershire Constabulary,-2.213879,51.876348,On or near The Elms,E01022317,Gloucester 001D,Investigation complete; no suspect identified
4afbdc24863a65a73f36a8806f4d95a67c0b61ebf8bb82b2a38ea411fe624824,2024-11,Gloucestershire Constabulary,Gloucestershire Constabulary,,,No location,,,Investigation complete; no suspect identified
ec7c2864343dd8a0f3073bc3c493a3b00d61f99a77d0d48aa55278cf3587027e,2024-11,Gloucestershire Constabulary,Gloucestershire Constabulary,-2.140542,51.873357,On or near Badgeworth Lane,E01034805,Tewkesbury 008D,Unable to prosecute suspect
f4d468b30d5774599b3ef13923e223c37461810be93161aacf5d9a324172f4df,2024-11,Gloucestershire Constabulary,Gloucestershire Constabulary,-2.246881,51.862698,On or near Friars Orchard,E01034793,Gloucester 004I,Investigation complete; no suspect identified
2b199e28826d68ae7f6e088d2f9cc39e5bf0e6103ed9bb1848a9316391cc4fd0,2024-11,Gloucestershire Constabulary,Gloucestershire Constabulary,-2.237135,51.845851,On or near Northfield Road,E01022323,Gloucester 008C,Investigation complete; no suspect identified
c85a8bc6b5326ee0b1c8aecb12a07ed23b89987c942bd8652af9843e1a2b2653,2024-11,Gloucestershire Constabulary,Gloucestershire Constabulary,-2.079430,51.903723,On or near St Paul's Street South,E01022153,Cheltenham 004D,Unable to prosecute suspect
cb514a17d5f77e9fbd55f154af818f0b3a1a31c7588b44b2f29934b563f83788,2024-11,Gloucestershire Constabulary,Gloucestershire Constabulary,-2.228718,51.855030,On or near Diamond Jubilee Close,E01022288,Gloucester 005A,Investigation complete; no suspect identified
dd48559f82201fd6cf514f010cc41a865398bdf638f88a781346cdef180b60bc,2024-11,Gloucestershire Constabulary,Gloucestershire Constabulary,-2.154353,51.995426,On or near Parking Area,E01022459,Tewkesbury 002D,Unable to prosecute suspect
f7d9237a78d856f991ca21779ff2108b4f19db4fc98ecd1df18de0c8bcb0b95a,2024-11,Gloucestershire Constabulary,Gloucestershire Constabulary,-2.258837,51.858609,On or near Petrol Station,E01034791,Gloucester 004G,Unable to prosecute suspect
fb5bd91360255f6a9c5839c0cf5b2d85584a1dcd96086b434704e1f3553fa7c9,2024-11,Gloucestershire Constabulary,Gloucestershire Constabulary,-2.241804,51.866539,On or near Spread Eagle Road,E01032937,Gloucester 004F,Investigation complete; no suspect identified
c514d19ca9a51b0e0d3092216cd63e2fab20915a29af6c33821fe46f823de80b,2024-11,Gloucestershire Constabulary,Gloucestershire Constabulary,-2.212000,51.869006,On or near Sisson Road,E01022296,Gloucester 003B,Unable to prosecute suspect
79c766b216858e190b7a8f8e60a72878b8d4589b542fa2da2525344c91560d4a,2024-11,Gloucestershire Constabulary,Gloucestershire Constabulary,-1.929284,51.671418,On or near The Limes,E01034787,Cotswold 010D,Investigation complete; no suspect identified
1647323b96a5514e6aeaeed6e3a19584e0cff8f19e1475324b59b1e3bb4a897a,2024-11,Gloucestershire Constabulary,Gloucestershire Constabulary,-1.929284,51.671418,On or near The Limes,E01034787,Cotswold 010D,Investigation complete; no suspect identified
fbaab2c5f48b71025d1b6bb92a13cd66172058d5cfd77b09ac2b4f704f46066a,2024-11,Gloucestershire Constabulary,Gloucestershire Constabulary,-1.929284,51.671418,On or near The Limes,E01034787,Cotswold 010D,Investigation complete; no suspect identified
2de52883c245a411ad9eea150702920217cd802b25754df73aaf51bdd76be573,2024-11,Gloucestershire Constabulary,Gloucestershire Constabulary,-2.501171,51.826042,On or near Supermarket,E01022240,Forest of Dean 004E,Investigation complete; no suspect identified
16ffa84312e4799a947cdbe2f9b6fde9c0d22cc3b60f378bbf58668ee90d2c3a,2024-11,Gloucestershire Constabulary,Gloucestershire Constabulary,-2.086886,51.910757,On or near Elmfield Road,E01022151,Cheltenham 004B,Unable to prosecute suspect
1704cf4038a7588a2b0d9527e131aebb6d50e76bc82239b9c67cba50601c6b74,2024-11,Gloucestershire Constabulary,Gloucestershire Constabulary,-1.926543,51.667416,On or near Grebe Close,E01034788,Cotswold 010E,Investigation complete; no suspect identified
577591f147095cb1b701f6a6d0e1a393d67b810739d194e29791bd5159a8a728,2024-11,Gloucestershire Constabulary,Gloucestershire Constabulary,-2.217226,51.841484,On or near Musket Close,E01022324,Gloucester 011E,Unable to prosecute suspect
dd7e77c09d388695fd3a14ef09bd1f6a6f2dd9ddf436ad12e4d1b9f8063f24a8,2024-11,Gloucestershire Constabulary,Gloucestershire Constabulary,-2.114178,51.884337,On or near Long Mynd Avenue,E01022170,Cheltenham 013D,Investigation complete; no suspect identified
19126e7d1adcf80bfffec467adbbaec248cb7d533960e770455edcdebff447d7,2024-11,Gloucestershire Constabulary,Gloucestershire Constabulary,-2.218661,51.745071,On or near Station Road,E01034804,Stroud 006G,Unable to prosecute suspect
89e7631e12cebb69471a4dea821c5be8b35abed2bc94a67cb6e53e5e9503e75d,2024-11,Gloucestershire Constabulary,Gloucestershire Constabulary,-2.115729,51.917062,On or near B4634,E01022160,Cheltenham 003B,Unable to prosecute suspect
cb4b18a4dabe8a9f66b8d85c1e7cab88f0368249f16e33ef55d2775a71b87494,2024-11,Gloucestershire Constabulary,Gloucestershire Constabulary,-2.155402,51.995299,On or near Parking Area,E01022459,Tewkesbury 002D,Suspect charged
df057fb446b78e1d440c98ee4ca7a47b1895a52ad44d81badbb3e4313a35dad8,2024-11,Gloucestershire Constabulary,Gloucestershire Constabulary,-2.182791,51.703800,On or near Tobacconist Road,E01022384,Stroud 010D,Unable to prosecute suspect
a4bc66b611b5974d76abcdfe04e4de25bddb15f375e3f5cda4a15148102700e5,2024-11,Gloucestershire Constabulary,Gloucestershire Constabulary,-2.245335,51.749406,On or near Princes Road,E01022358,Stroud 004D,Unable to prosecute suspect
73ac8dac410bfa7e8cc8394b5522afb7cc1f3f19db9800ef9df6d74607a01076,2024-11,Gloucestershire Constabulary,Gloucestershire Constabulary,-2.246268,51.864813,On or near Shopping Area,E01032937,Gloucester 004F,Unable to prosecute suspect
14cefaabffea5778ff809ac4147fda7b6c7395e937cf29db51afe7957eb32d65,2024-11,Gloucestershire Constabulary,Gloucestershire Constabulary,-2.536065,51.725583,On or near Raglan Gardens,E01022226,Forest of Dean 009A,Action to be taken by another organisation
98ac53870a548df3043038ba566e41b9da4409832ac9013bbaf54a80a4f9f78b,2024-11,Gloucestershire Constabulary,Gloucestershire Constabulary,-2.115729,51.917062,On or near B4634,E01022160,Cheltenham 003B,Unable to prosecute suspect
83bb420666a8e25d36eb5c6c93ce0f411c7671f38b2c429ab5a9aa092447ea79,2024-11,Gloucestershire Constabulary,Gloucestershire Constabulary,-2.117206,51.897694,On or near Monks Croft,E01022147,Cheltenham 005C,Unable to prosecute suspect
30d03134d510a42ca6c623593fcafadf5c5588bcca165d477fb44eea48ab9025,2024-11,Gloucestershire Constabulary,Gloucestershire Constabulary,-2.283922,51.746891,On or near Orchard Court,E01022400,Stroud 005A,Unable to prosecute suspect
f8bc22600cb2643f6c708cff41bc2ea22d862de7bae5029072260c224a287410,2024-11,Gloucestershire Constabulary,Gloucestershire Constabulary,-2.268758,51.815322,On or near Hunts Grove View,E01034797,Gloucester 015K,Suspect charged
adc37535ab3d298a8a3e131498ab18816af91631cd632e7d38baf9dd66afc571,2024-11,Gloucestershire Constabulary,Gloucestershire Constabulary,-2.124521,51.904960,On or near Aston Grove,E01022122,Cheltenham 003A,Unable to prosecute suspect
6edb73ae075a0036a1b2d388c5bb64ccfe8524c87679636d593efd25b4031535,2024-11,Gloucestershire Constabulary,Gloucestershire Constabulary,-2.151728,51.998756,On or near Petrol Station,E01022461,Tewkesbury 002F,Investigation complete; no suspect identified
bba9e8b079e1869a5c897fdfaacaade84f8ea68c4f13eccd06e1035f327dcca3,2024-11,Gloucestershire Constabulary,Gloucestershire Constabulary,-2.132887,51.996001,On or near Walton Close,E01022455,Tewkesbury 001E,Local resolution
91baa75be24ec66de652552dcdf11b22a92c8728797af01bdf41cd4e9269c373,2024-11,Gloucestershire Constabulary,Gloucestershire Constabulary,-1.954580,51.696148,On or near The Twenties,E01022225,Cotswold 008E,Investigation complete; no suspect identified
5bdd47e3023c7aee078f70469b52f3dd18e0c5c114dd2a99e9cf05a3ab0dcd4f,2024-11,Gloucestershire Constabulary,Gloucestershire Constabulary,-2.049409,51.910500,On or near Cheviot Road,E01022131,Cheltenham 006A,Unable to prosecute suspect
315d7951fc16f82d11c8b9d8d41d0b189851051cdac0b6c56a385a4b10c1685e,2024-11,Gloucestershire Constabulary,Gloucestershire Constabulary,-1.954459,51.715011,On or near Golden Farm Road,E01022188,Cotswold 006A,Investigation complete; no suspect identified
87045509d5d307ef514ce2351616aaea812e52ba07cff77e8dbf88a1f004610f,2024-11,Gloucestershire Constabulary,Gloucestershire Constabulary,-1.954459,51.715011,On or near Golden Farm Road,E01022188,Cotswold 006A,Investigation complete; no suspect identified
22eb97ad51e94f67a1f697221144904cee7b5599d9e8ea5018890ea9550501d7,2024-11,Gloucestershire Constabulary,Gloucestershire Constabulary,-1.958411,51.715075,On or near Beeches Road,E01022199,Cotswold 007C,Investigation complete; no suspect identified
8451343a212469e17c4f6c3beed280227479187fb14745e10ca1e434f00dc2c6,2024-11,Gloucestershire Constabulary,Gloucestershire Constabulary,-2.086400,51.915127,On or near Windyridge Gardens,E01022163,Cheltenham 001A,Unable to prosecute suspect
74fe9b6beb66ad9aeafd0fbed5be8c8c6c5d56755113559bba8b99573bb29164,2024-11,Gloucestershire Constabulary,Gloucestershire Constabulary,-1.952496,51.709795,On or near Fry Close,E01022225,Cotswold 008E,Investigation complete; no suspect identified
90d02dc0c8ce41b03396234d4c8a1b24074fb13ff905cdde618cd1eebeff73e6,2024-11,Gloucestershire Constabulary,Gloucestershire Constabulary,-2.309216,51.791954,On or near Parking Area,E01022396,Stroud 003B,Unable to prosecute suspect
753e5ed91127bae85eecab54dbaba0e4f6a6d04cadc297392fd83cd234b7130e,2024-11,Gloucestershire Constabulary,Gloucestershire Constabulary,-2.283922,51.746891,On or near Orchard Court,E01022400,Stroud 005A,Unable to prosecute suspect
e38254c21804502d76fe2331a1c986e9384700d09e6619734cbbfa8f608628bf,2024-11,Gloucestershire Constabulary,Gloucestershire Constabulary,-2.249473,51.837779,On or near Westbury Road,E01022344,Gloucester 012B,Unable to prosecute suspect
ff69a2025e6fe72a484e0620b38f123b7568d5122cfd5763b65fa11a179a6ede,2024-11,Gloucestershire Constabulary,Gloucestershire Constabulary,-2.241137,51.863933,On or near Russell Street,E01032937,Gloucester 004F,Unable to prosecute suspect
d1de8d47414f318edcbf60d2b164b6cec5604b10daefab9f34e45ea8158a4c38,2024-11,Gloucestershire Constabulary,Gloucestershire Constabulary,-1.755039,51.886923,On or near Supermarket,E01034784,Cotswold 003F,Unable to prosecute suspect
cc37fd8150a0f781b80ace19af47a1a934c62d8fe23420680a5e2f522fc297cf,2024-11,Gloucestershire Constabulary,Gloucestershire Constabulary,-2.331169,51.710893,On or near Fox Meadow,E01022371,Stroud 009B,Unable to prosecute suspect
f685d3ef3cf6b0a4f8ad0e709b168e02880e5119ce01b92da2b70f993cf0d358,2024-11,Gloucestershire Constabulary,Gloucestershire Constabulary,-1.980768,51.730231,On or near Gloucester Road,E01022197,Cotswold 006E,Investigation complete; no suspect identified
ae2e3bcf430cfff39f8a2c5927d5901b30e00a372559f3c4e4e7a49ee03de505,2024-11,Gloucestershire Constabulary,Gloucestershire Constabulary,-2.498869,51.814741,On or near Limekiln Close,E01022250,Forest of Dean 004G,Unable to prosecute suspect
9019603387a161269d80f18edcd3e88ae856aafd81c03463fe3a1b288e5774be,2024-11,Gloucestershire Constabulary,Gloucestershire Constabulary,-2.264088,51.815431,On or near Babdown Close,E01034798,Gloucester 015L,Unable to prosecute suspect
52bc7a0c21da8ceea40ce7c246030ab51ebf2d3a326bab09c761c6516e0a76af,2024-11,Gloucestershire Constabulary,Gloucestershire Constabulary,-2.139296,51.982273,On or near Second Crossing Road,E01032940,Tewkesbury 001H,Unable to prosecute suspect
72a6ce903edcb1a0453f2cf7f8869b2f1afa767930aab388c8558e59cb629eb1,2024-11,Gloucestershire Constabulary,Gloucestershire Constabulary,-2.139296,51.982273,On or near Second Crossing Road,E01032940,Tewkesbury 001H,Unable to prosecute suspect
fac6f22c98d9aea4f7c0d8ae0e50e73fa0868509ad31bee6a8e3945e01fba31a,2024-11,Gloucestershire Constabulary,Gloucestershire Constabulary,-2.072765,51.898278,On or near Bath Street,E01022117,Cheltenham 009B,Unable to prosecute suspect
5bf44b501c089fb97dd5b804e9ca31398d8b762e1952e211b97eb18cf5d934dd,2024-11,Gloucestershire Constabulary,Gloucestershire Constabulary,-2.139296,51.982273,On or near Second Crossing Road,E01032940,Tewkesbury 001H,Unable to prosecute suspect
cb75b012e7ec92b4142ccfae31764be1a967f2a216ceee3247d9609a824a50ca,2024-11,Gloucestershire Constabulary,Gloucestershire Constabulary,-2.236930,51.870406,On or near Oxford Road,E01022309,Gloucester 002A,Unable to prosecute suspect
614355aee1d21c24f1910ed34e8add16517462f002d0e4c23b5920a4fb923511,2024-11,Gloucestershire Constabulary,Gloucestershire Constabulary,-2.089910,51.903841,On or near Old Millbrook Terrace,E01022156,Cheltenham 007E,Investigation complete; no suspect identified
eee763adc9fd2b92bd1300b868e6fd804d55e63f2e7d72947067c48e49e401b6,2024-11,Gloucestershire Constabulary,Gloucestershire Constabulary,-2.228622,51.864561,On or near Harescombe Drive,E01022312,Gloucester 002D,Action to be taken by another organisation
1b05d3ff1aa937894eb04b48082f1ab2732e068e7411a7f21e9f864101961ef3,2024-11,Gloucestershire Constabulary,Gloucestershire Constabulary,-2.248975,51.863377,On or near Kimbrose Way,E01034792,Gloucester 004H,Suspect charged
1b05d3ff1aa937894eb04b48082f1ab2732e068e7411a7f21e9f864101961ef3,2024-11,Gloucestershire Constabulary,Gloucestershire Constabulary,-2.248975,51.863377,On or near Kimbrose Way,E01034792,Gloucester 004H,Suspect charged
07c3f3309872ce1d41d38414c2c9ed8de1682e364b59c9d0f25af030c340df3d,2024-11,Gloucestershire Constabulary,Gloucestershire Constabulary,-1.719824,51.926685,On or near Fisher Close,E01022177,Cotswold 002A,Unable to prosecute suspect
c51d6c114d3aaf68422249acf8aa6cbcac29a6fde4903ecf6dd16fcdc49346ca,2024-11,Gloucestershire Constabulary,Gloucestershire Constabulary,-2.259536,51.838665,On or near Keats Avenue,E01022333,Gloucester 009E,Unable to prosecute suspect
c41f0b4d9f23f16499798dd2203247a10ede79db96f29b55be67354714f20803,2024-11,Gloucestershire Constabulary,Gloucestershire Constabulary,-2.293229,51.879783,On or near Brimsome Meadow,E01022444,Tewkesbury 006D,Unable to prosecute suspect
a346dc029ddbaf99f209cf43b9f0559f54a0a1858268054ef6f90aa4964063d3,2024-11,Gloucestershire Constabulary,Gloucestershire Constabulary,-1.806764,51.934417,On or near Park/Open Space,E01022222,Cotswold 003D,Investigation complete; no suspect identified
c7ccaffa09712869cea8d70a577bdbc41d8f7225bd52341e2eee219f34cc719b,2024-11,Gloucestershire Constabulary,Gloucestershire Constabulary,-1.961065,51.708854,On or near School Lane,E01022200,Cotswold 007D,Investigation complete; no suspect identified
5a2bf732b47b2ce754a3926c0226bb7ae57c11e6e1537b997a7cb6354972e166,2024-11,Gloucestershire Constabulary,Gloucestershire Constabulary,-2.097822,51.899204,On or near Stow Court,E01022156,Cheltenham 007E,Unable to prosecute suspect
b09a3963f1ce7ef533456fde50417dc871463f132298c0543ec49b1ae6e0deac,2024-11,Gloucestershire Constabulary,Gloucestershire Constabulary,-1.927085,51.672020,On or near Willow Grove,E01034787,Cotswold 010D,Unable to prosecute suspect
cac3ce70a506112bdcf4ec241067be16cd9d94d83a3999232d3c50f8eaab856d,2024-11,Gloucestershire Constabulary,Gloucestershire Constabulary,-2.196633,51.709047,On or near Hiatt Road,E01022382,Stroud 010B,Investigation complete; no suspect identified
955af07323125ac5cb3b461c64b312bdce5065e28431887176a9258bfe40b204,2024-11,Gloucestershire Constabulary,Gloucestershire Constabulary,-2.246268,51.864813,On or near Shopping Area,E01032937,Gloucester 004F,Investigation complete; no suspect identified
b0fb214ac97930456948b7a65e45947609153ccac2f09de17cf1a72dcf88619e,2024-11,Gloucestershire Constabulary,Gloucestershire Constabulary,-2.359303,51.692495,On or near Maple Close,E01022375,Stroud 014D,Unable to prosecute suspect
e2ad50337f3a9a9443b44d3ae5caa0135eb4c41df48fc0a14262401a83ea160c,2024-11,Gloucestershire Constabulary,Gloucestershire Constabulary,-2.179175,51.839490,On or near Parnall Close,E01034809,Tewkesbury 009H,Unable to prosecute suspect
3da08997b0ddada66da2e078bda76a625c206f08987a48054cb686d5ae088d1d,2024-11,Gloucestershire Constabulary,Gloucestershire Constabulary,-2.213730,51.835755,On or near Oaktree Garden,E01022319,Gloucester 011A,Unable to prosecute suspect
91208bc7604d2a589a4a31cb44d9680fbeb4db6e6313231606182df49714159a,2024-11,Gloucestershire Constabulary,Gloucestershire Constabulary,-2.158110,51.846380,On or near Sayers Crescent,E01022421,Tewkesbury 009A,Suspect charged as part of another case
7a98d563bb0578b78439a21436f12fe8a43ca2ec99ef391cf94c8c9135634fec,2024-11,Gloucestershire Constabulary,Gloucestershire Constabulary,-2.115658,52.002141,On or near Stanford Road,E01022452,Tewkesbury 001D,Unable to prosecute suspect
353c4c9c54ddcad9cd946033245a81824ceefeaa4b5bbf13e8c70f5f6b879108,2024-11,Gloucestershire Constabulary,Gloucestershire Constabulary,-2.368659,51.699021,On or near Addymore,E01022359,Stroud 011A,Unable to prosecute suspect
8d2b9dfbb3e3340f0002b1dcb93e890895272be0e18ca7d043542a587fea9d7e,2024-11,Gloucestershire Constabulary,Gloucestershire Constabulary,-2.208398,51.856344,On or near St Lawrence Road,E01022285,Gloucester 007E,Unable to prosecute suspect
4f658a75452305490b260b28623e24d9762712e84c2b3ae3ea02195f890c11a2,2024-11,Gloucestershire Constabulary,Gloucestershire Constabulary,-2.362520,51.714891,On or near Box Road Avenue,E01022363,Stroud 011E,Investigation complete; no suspect identified
84e89dd8ff1094d04a52672fc67b1ea3199b70af07e9ce91c8118abe0535635c,2024-11,Gloucestershire Constabulary,Gloucestershire Constabulary,-2.057360,51.955262,On or near Hedgerow Close,E01034812,Tewkesbury 010B,Unable to prosecute suspect
0b8435969da56509980758df8b61ce9772f3dcd6b8e593530812a9fa749ae6c8,2024-11,Gloucestershire Constabulary,Gloucestershire Constabulary,-2.093069,51.871022,On or near Leckhampton Lane,E01022454,Tewkesbury 008C,Local resolution
f2e68d2b520980baa34010432571beb2e0c6934aa2c2df34affd359029d7b83d,2024-11,Gloucestershire Constabulary,Gloucestershire Constabulary,-2.532345,51.730545,On or near Springfield Road,E01022256,Forest of Dean 009E,Unable to prosecute suspect
77b7c5ab9dd335d630f8d574e475fae82ddaa9cfb0fa3cf17caf913f693954ea,2024-11,Gloucestershire Constabulary,Gloucestershire Constabulary,-2.156041,51.844054,On or near Gladiator Close,E01022421,Tewkesbury 009A,Local resolution
993907202680a316d816f059d14a662aa55e089b6a507281de0f7d5102489a1e,2024-11,Gloucestershire Constabulary,Gloucestershire Constabulary,-2.075866,51.901792,On or near High Street,E01022127,Cheltenham 009G,Unable to prosecute suspect
ddfc2bb6ef181a9a1878c5aef9e4bbb196add2e66fb413c305399c1bbaff25c1,2024-11,Gloucestershire Constabulary,Gloucestershire Constabulary,-2.252910,51.858055,On or near Parking Area,E01022332,Gloucester 004A,Suspect charged
332d5c549817af2508e07caaad45a00839d7f3d114af8da11290040f4e7a24f3,2024-11,Gloucestershire Constabulary,Gloucestershire Constabulary,-2.243009,51.864339,On or near Shopping Area,E01032937,Gloucester 004F,Suspect charged
1f0cc9831b0287c92247e66aac405c766c0b3f52e60b78308a06fd2338daabc4,2024-11,Gloucestershire Constabulary,Gloucestershire Constabulary,-2.243009,51.864339,On or near Shopping Area,E01032937,Gloucester 004F,Suspect charged
5f446260343ecaa4a2ccc8e9945e9a92ba98b806d39aa2ef84006163af9994f8,2024-11,Gloucestershire Constabulary,Gloucestershire Constabulary,-2.206613,51.736246,On or near Bowbridge Lock,E01022410,Stroud 006C,Unable to prosecute suspect
2cf6c7168635f9d1a4860104f6048a5dbfd5d045d184b32158727d03f607b17c,2024-11,Gloucestershire Constabulary,Gloucestershire Constabulary,-2.276067,51.829133,On or near Queen Anne Court,E01022335,Gloucester 015A,Suspect charged
b0b2d4df1d66774e1650937231b5bcc0aa54762b5759fd0e340dbe08ca49db89,2024-11,Gloucestershire Constabulary,Gloucestershire Constabulary,-2.288431,51.749704,On or near Park Road,E01022403,Stroud 005D,Unable to prosecute suspect
5d33b4f939e8fe14087202898d2024017f007bd4dbd7436f47ae108a7f12f512,2024-11,Gloucestershire Constabulary,Gloucestershire Constabulary,-2.109097,51.886194,On or near Florence Mews,E01022173,Cheltenham 013G,Investigation complete; no suspect identified
8f8957c67707be512562d01dd1f5cdc7d9e00de5c3973c79a8abcaa12bbc865e,2024-11,Gloucestershire Constabulary,Gloucestershire Constabulary,-2.211517,51.886683,On or near Rookery Road,E01022448,Tewkesbury 008B,Unable to prosecute suspect
8a83f83f0ecf49eeb8dfe23edc135272a18c0372008872fabf437243a715f8a1,2024-11,Gloucestershire Constabulary,Gloucestershire Constabulary,-2.211517,51.886683,On or near Rookery Road,E01022448,Tewkesbury 008B,Unable to prosecute suspect
495ab4cc0f1fb471ee924fcc3679963cf4462d49d5b8a4ab8753bbd6c809b87b,2024-11,Gloucestershire Constabulary,Gloucestershire Constabulary,,,No location,,,Unable to prosecute suspect
d36dfc67d44adaf09f3f587473ad10e2bc87651ed6fa9ec4a4112db96693c6e0,2024-11,Gloucestershire Constabulary,Gloucestershire Constabulary,-2.239063,51.848077,On or near Bathurst Road,E01022329,Gloucester 008E,Formal action is not in the public interest
048132efbc2cccfa6baf6e5f257be29cf6c04fa4237def7700039c4d805774a7,2024-11,Gloucestershire Constabulary,Gloucestershire Constabulary,,,No location,,,Investigation complete; no suspect identified
77f8baa4660c7188b51dfe8d60d85f1c367f60594ea192eeb534d0a4efa40877,2024-11,Gloucestershire Constabulary,Gloucestershire Constabulary,-2.214238,51.838820,On or near Winsley Road,E01022319,Gloucester 011A,Unable to prosecute suspect
e9f118869a5183b7fb42798dabef904deee4232daed76cf3948da446cfa0d265,2024-11,Gloucestershire Constabulary,Gloucestershire Constabulary,-2.230697,51.855862,On or near Salisbury Road,E01022288,Gloucester 005A,Local resolution
07d06e1ec2dc0ff9fc13ed41d51e3d4a857bda625954bd8af1e0aa2d4fd44900,2024-11,Gloucestershire Constabulary,Gloucestershire Constabulary,-2.412960,51.933287,On or near Ross Road,E01022267,Forest of Dean 002C,Action to be taken by another organisation
b938f6c02b30780f62d5edd1b675f0be960831b6213c9f8c83ec8e00109edfd4,2024-11,Gloucestershire Constabulary,Gloucestershire Constabulary,-2.272363,51.816438,On or near Naas Lane,E01034797,Gloucester 015K,Suspect charged
73f03dcdf74fe77e2ecf64980805133a75ef7e0fbcbbcceb98be1df4e5a7e26c,2024-11,Gloucestershire Constabulary,Gloucestershire Constabulary,-2.249196,51.861327,On or near Albion Street,E01034792,Gloucester 004H,Further action is not in the public interest
bf02b8aa98dcde681130f912abb8300827fdb7645a0b94597b9a0deceafd2930,2024-11,Gloucestershire Constabulary,Gloucestershire Constabulary,-2.223074,51.852856,On or near Fairford Way,E01022284,Gloucester 007D,Investigation complete; no suspect identified
b298e3e5f6a10e7d301f68dc2c9257b6aee61aa5c26740c48537d2a5d8fea424,2024-11,Gloucestershire Constabulary,Gloucestershire Constabulary,-2.259650,51.858418,On or near Burrows Close,E01034791,Gloucester 004G,Unable to prosecute suspect
b77942d6c465343746c67931b5214be0d9630c338a58bc3451d94bcec5a7ae4e,2024-11,Gloucestershire Constabulary,Gloucestershire Constabulary,-2.208827,51.851929,On or near Seven Acres,E01022285,Gloucester 007E,Local resolution
8a448251856910cdd78c3973e6c6e2fd023fcbe56dd3d5cdd4e07b4c5221c28a,2024-11,Gloucestershire Constabulary,Gloucestershire Constabulary,-2.241137,51.863933,On or near Russell Street,E01032937,Gloucester 004F,Investigation complete; no suspect identified
83be8e962ece4cfc4c622152b09d4d92ee4e47cff4f3af10b1b9234da49fa242,2024-11,Gloucestershire Constabulary,Gloucestershire Constabulary,-2.659436,51.649285,On or near Birch Grove,E01022275,Forest of Dean 010E,Unable to prosecute suspect
3156827b5d14af4f2877a539b65d036194295639e0980cc4286561dd6e1a082f,2024-11,Gloucestershire Constabulary,Gloucestershire Constabulary,-2.659436,51.649285,On or near Birch Grove,E01022275,Forest of Dean 010E,Unable to prosecute suspect
bb40b704aa8f0a036d5c13b7ef9a7f5de0000aeae160d9e4005883997dc9968a,2024-11,Gloucestershire Constabulary,Gloucestershire Constabulary,-2.079617,51.898902,On or near Nightclub,E01022127,Cheltenham 009G,Suspect charged
814fe2395cae32fcb0071b1ff140b08281c3cee64bcd1e1aea3ce956a61731ae,2024-11,Gloucestershire Constabulary,Gloucestershire Constabulary,-2.069260,51.897148,On or near Berkeley Street,E01022102,Cheltenham 008C,Unable to prosecute suspect
2573da94df03c60b2e0eccb61b74a44cde3e7b1aced069742b0b04b1482c6474,2024-11,Gloucestershire Constabulary,Gloucestershire Constabulary,,,No location,,,Unable to prosecute suspect
66d23d5dc1f6710c4f291a0cbeadf5fa1b1d89c35320e539f865dd7f31b40c2a,2024-11,Gloucestershire Constabulary,Gloucestershire Constabulary,-2.247745,51.866823,On or near College Street,E01032937,Gloucester 004F,Suspect charged
08294d309a75e88c8f89f9def21198d397fa29ee349c264b4543fb8d3c13a01e,2024-11,Gloucestershire Constabulary,Gloucestershire Constabulary,-2.218276,51.833409,On or near Capel Road,E01022320,Gloucester 011B,Unable to prosecute suspect
d9ee16a1ede4fbce52d9c3b96dbb56f9a65852922c32ae3f838ecf7b4cc409b5,2024-11,Gloucestershire Constabulary,Gloucestershire Constabulary,-2.234696,51.815170,On or near Gilberts Lane,E01034801,Stroud 001G,Suspect charged
ce7b181f2f228b1eb31a61d1c4f6ec4019947bd25a2cc1b326bfca7a97204e7c,2024-11,Gloucestershire Constabulary,Gloucestershire Constabulary,-2.235768,51.859188,On or near Vauxhall Road,E01022291,Gloucester 005D,Unable to prosecute suspect
591dfacd960a908f5b8972e55ac40da38a59d2041b77db5b323e7d3dfd3abb6e,2024-11,Gloucestershire Constabulary,Gloucestershire Constabulary,-1.770152,52.092492,On or near Powell Close,E01022185,Cotswold 001E,Unable to prosecute suspect
2a1070822a48f61fa235dfaa5c6388c62fa0be879a7bec786286bfaa09f677cf,2024-11,Gloucestershire Constabulary,Gloucestershire Constabulary,-2.272798,51.826102,On or near Headley Court,E01032933,Gloucester 015E,Suspect charged
ea700067538033d12971a64d0b8dd3d1bb3960dd8176d2a031eb6026792cc8de,2024-11,Gloucestershire Constabulary,Gloucestershire Constabulary,-2.243792,51.866301,On or near St Aldate Street,E01032937,Gloucester 004F,Unable to prosecute suspect
8f9ff2af8975cbf980e2e8398bd6adad9cb60dc643723934e31fd0ac5ce728ca,2024-11,Gloucestershire Constabulary,Gloucestershire Constabulary,-2.250589,51.863644,On or near Parking Area,E01034792,Gloucester 004H,Local resolution
96d0ec2c16ed0cabb490f9e9e999e27ddbceed6010960a2d1f9ee0cb545bb7a8,2024-11,Gloucestershire Constabulary,Gloucestershire Constabulary,-2.236118,51.863077,On or near Supermarket,E01022289,Gloucester 005B,Unable to prosecute suspect
bc3374164f3d7d52fe6c5d2a9638aa1ddf0ed952e82afbab0397759caee0baf4,2024-11,Gloucestershire Constabulary,Gloucestershire Constabulary,,,No location,,,Local resolution
e025cd44d3be42639796e2365bb93fcd5312485e3d6236e30fca9933e0f68ee7,2024-11,Gloucestershire Constabulary,Gloucestershire Constabulary,-2.197138,51.609150,On or near Sports/Recreation Area,E01034790,Cotswold 011H,Investigation complete; no suspect identified
af715f062acf55351507d45c35c6ad7d5a6f93b2fd9d5a155e63dcf55e6acb5f,2024-11,Gloucestershire Constabulary,Gloucestershire Constabulary,-2.203017,51.880387,On or near Mutsilver Mews,E01022316,Gloucester 001C,Local resolution
dbebe5fa06afb9e7a1251bb6c2fe07e288119e39eb73b92836f47b742c3e1bd1,2024-11,Gloucestershire Constabulary,Gloucestershire Constabulary,-2.052253,51.881063,On or near Horsefair Close,E01022110,Cheltenham 012E,Investigation complete; no suspect identified
efd7c687090599ba132f365da54158e7ce352c0fdcfa4f5eb7dec5ceaa7d1ca4,2024-11,Gloucestershire Constabulary,Gloucestershire Constabulary,-2.052253,51.881063,On or near Horsefair Close,E01022110,Cheltenham 012E,Investigation complete; no suspect identified
ac49f41bfb22ebf0639ee05af40bd15243719ec5629ded32e61e82823409ed1a,2024-11,Gloucestershire Constabulary,Gloucestershire Constabulary,-2.154382,51.838752,On or near Painswick Road,E01034810,Tewkesbury 009I,Investigation complete; no suspect identified
e1cfaee8807d42b1848312b456a11746fd0acee5b9d48f00a773c6d22fbfd079,2024-11,Gloucestershire Constabulary,Gloucestershire Constabulary,-2.052253,51.881063,On or near Horsefair Close,E01022110,Cheltenham 012E,Investigation complete; no suspect identified
c53929eade16a0d54decd75524f70ca382967d8c7aa0e5fbaf0d6ab8feb47cb5,2024-11,Gloucestershire Constabulary,Gloucestershire Constabulary,-2.076929,51.902645,On or near Shopping Area,E01022153,Cheltenham 004D,Local resolution
c5255a63e74e424d55d1de9846093bae71f17837348b1e6d4ac85d62eaa1684d,2024-11,Gloucestershire Constabulary,Gloucestershire Constabulary,-1.922410,51.674570,On or near The Close,E01034787,Cotswold 010D,Investigation complete; no suspect identified
ca4bd9e5211f496199e47f146b04eab9d38e3299a53cede174db6eae68cba5df,2024-11,Gloucestershire Constabulary,Gloucestershire Constabulary,-2.233704,51.850435,On or near Sybil Road,E01022294,Gloucester 008B,Unable to prosecute suspect
1321bd033660d734abf41a231ab4f89c444fc53a7e4beb8ea05f1f27dfd4f55e,2024-11,Gloucestershire Constabulary,Gloucestershire Constabulary,-1.954459,51.715011,On or near Golden Farm Road,E01022188,Cotswold 006A,Investigation complete; no suspect identified
d00f489c51821b630972e487ed8bb39832f0ed52a1233a28712e5e7a443b37a8,2024-11,Gloucestershire Constabulary,Gloucestershire Constabulary,-2.259905,51.839725,On or near Burns Avenue,E01022333,Gloucester 009E,Unable to prosecute suspect
bfbb6f4cf47bcc3810e50822c7bd0fdcdcef4c6a515b3c67763fa0eb6f5d5323,2024-11,Gloucestershire Constabulary,Gloucestershire Constabulary,-1.952983,51.715334,On or near Akeman Road,E01022188,Cotswold 006A,Investigation complete; no suspect identified
88fc2beca8f332b134063f11dc460090a10b49bbfe191a5687dcad1e773b7ccf,2024-11,Gloucestershire Constabulary,Gloucestershire Constabulary,-2.208078,51.881529,On or near Miller Close,E01022316,Gloucester 001C,Suspect charged
7ba61576f3458580711b32451123e9a045aff03bef1077fa48618a6152a26151,2024-11,Gloucestershire Constabulary,Gloucestershire Constabulary,-1.958411,51.715075,On or near Beeches Road,E01022199,Cotswold 007C,Investigation complete; no suspect identified
6d26d5e92a09927af32ccb2ddc13f8f95d9d15322c00e8ed4ff240a1a803ffe4,2024-11,Gloucestershire Constabulary,Gloucestershire Constabulary,-1.958411,51.715075,On or near Beeches Road,E01022199,Cotswold 007C,Investigation complete; no suspect identified
28d571e1048b0de68f2c8d12bde1078c78dab21d2e6724d5fdf80ebbd4367137,2024-11,Gloucestershire Constabulary,Gloucestershire Constabulary,-2.361582,51.689782,On or near Blackboys,E01022375,Stroud 014D,Unable to prosecute suspect
9955b98b6553c731d064402b828157f0fcc510122c03e0f551dd3836912544ca,2024-11,Gloucestershire Constabulary,Gloucestershire Constabulary,-1.959712,51.716748,On or near Theatre/Concert Hall,E01022199,Cotswold 007C,Investigation complete; no suspect identified
f8cf186d08fb3b3b65aef0615c632a3d80fce368cbe053a9db08711c5478dac4,2024-11,Gloucestershire Constabulary,Gloucestershire Constabulary,-1.968686,51.716994,On or near Nightclub,E01022194,Cotswold 007A,Unable to prosecute suspect
9681fb1154ad510693f25b29f977d2cc10bf914b2c61dc1b1fc1d0dc9dce0a45,2024-11,Gloucestershire Constabulary,Gloucestershire Constabulary,-2.364840,51.699114,On or near Fairmead,E01022361,Stroud 011C,Local resolution
6daf86cb6a712c5c0c20bd7bf6fc06bf8c3d42c45ce55164983aac28a7cae942,2024-11,Gloucestershire Constabulary,Gloucestershire Constabulary,-2.511930,51.836884,On or near Newtown Road,E01022240,Forest of Dean 004E,Local resolution
86c09cf740a66eb664d2a18286411a1db7535aeef9717db4bb2c6ab1669d8aed,2024-11,Gloucestershire Constabulary,Gloucestershire Constabulary,-2.187877,51.855327,On or near Parking Area,E01022303,Gloucester 006B,Investigation complete; no suspect identified
06501ab224d2d9b1aa086d6940a2b7a7498e4e4e32bb1dbfe377f9ed464005c9,2024-11,Gloucestershire Constabulary,Gloucestershire Constabulary,-1.747912,51.881345,On or near Lamberts Field,E01034784,Cotswold 003F,Investigation complete; no suspect identified
85b9abc1fa2238e7a13acfbe4b149adb10796c2beb640bcded16df1818c817e8,2024-11,Gloucestershire Constabulary,Gloucestershire Constabulary,,,No location,,,Formal action is not in the public interest
8ebbde0e36a208c25add58462b27bfadcb78fd05d560149c457252e4dde9ac94,2024-11,Gloucestershire Constabulary,Gloucestershire Constabulary,-2.401331,51.930837,On or near St Bartholomews,E01022262,Forest of Dean 002B,Unable to prosecute suspect
1a330cf9dfbbf16e39c8136ba97e7a0c4e30b8be14daee307d79b4c45b32d5b0,2024-11,Gloucestershire Constabulary,Gloucestershire Constabulary,-2.179877,51.844461,On or near Laurel Drive,E01034808,Tewkesbury 009G,Unable to prosecute suspect
89643308f2449c62537010703ad196fbf0c0768f08c26e1bedad00401c7968e1,2024-11,Gloucestershire Constabulary,Gloucestershire Constabulary,-2.401331,51.930837,On or near St Bartholomews,E01022262,Forest of Dean 002B,Unable to prosecute suspect
53bc789bc5731533cadfd2f69586f0b06d1b4645db220b19fde90aba90c0fd5c,2024-11,Gloucestershire Constabulary,Gloucestershire Constabulary,-2.068652,51.898317,On or near Witcombe Place,E01022102,Cheltenham 008C,Unable to prosecute suspect
80ceb1a4ca001a34040633bf25c55f917e4ab602acd638882c2b54a29f8e8076,2024-11,Gloucestershire Constabulary,Gloucestershire Constabulary,-2.180613,51.854269,On or near Buscombe Gardens,E01022304,Gloucester 006C,Investigation complete; no suspect identified
7baa0ff73abaaf33169fa5ea3c492619c1dce8495090fac727698b548c7e37b8,2024-11,Gloucestershire Constabulary,Gloucestershire Constabulary,-2.066744,51.915041,On or near Lexington Square,E01022143,Cheltenham 002A,Investigation complete; no suspect identified
e0d96dffcccdc606c58d0c7c2e3968aae78027494bd19910b19b100872e1d7f8,2024-11,Gloucestershire Constabulary,Gloucestershire Constabulary,,,No location,,,Unable to prosecute suspect
bb2d543ed6e6a167b8e22e1f81320361912174afb01f986f28dd7ef101cdfd54,2024-11,Gloucestershire Constabulary,Gloucestershire Constabulary,-2.259905,51.839725,On or near Burns Avenue,E01022333,Gloucester 009E,Unable to prosecute suspect
31b14e135f3b518bb53775fafba2a1057b40909b0903540326f3bb791066c569,2024-11,Gloucestershire Constabulary,Gloucestershire Constabulary,-2.249878,51.866432,On or near Upper Quay Street,E01032937,Gloucester 004F,Unable to prosecute suspect
db56108f24cbf49477ab2ac1532b960e1694d6e9e6c13ea696732126f9bb57bd,2024-11,Gloucestershire Constabulary,Gloucestershire Constabulary,-2.439864,51.977569,On or near Western Way,E01022233,Forest of Dean 001A,Investigation complete; no suspect identified
dcce6747b1e6fc7333456cc08cabce60ccc833500ab424da88dd049da5e108d1,2024-11,Gloucestershire Constabulary,Gloucestershire Constabulary,-2.497584,51.824502,On or near Edge Hills Close,E01022236,Forest of Dean 004A,Investigation complete; no suspect identified
dcfd7784f768203ac63257583a1a12d3b01ffcbf3dda65891b7bd7739cc324d7,2024-11,Gloucestershire Constabulary,Gloucestershire Constabulary,-2.246268,51.864813,On or near Shopping Area,E01032937,Gloucester 004F,Investigation complete; no suspect identified
d92a8fdda6c9f193e9502bd211d4d5bb2776c0901bc8c68deb4ed435d41018a1,2024-11,Gloucestershire Constabulary,Gloucestershire Constabulary,-2.246268,51.864813,On or near Shopping Area,E01032937,Gloucester 004F,Investigation complete; no suspect identified
4215cb4274581ed92511703c7ec919b227d1aa2b3129c62ae97659af760eeda5,2024-11,Gloucestershire Constabulary,Gloucestershire Constabulary,-1.957825,51.707388,On or near Kingsmead,E01022198,Cotswold 008D,Unable to prosecute suspect
b99137b4f98dab9941f8f8cfe1a02aa86b68b5b5d6091de5e1ce16cb2bb8c4c0,2024-11,Gloucestershire Constabulary,Gloucestershire Constabulary,-2.316473,51.751493,On or near Spring Hill,E01022376,Stroud 003A,Investigation complete; no suspect identified
05a73767099158a43f3ac15a37bec20d994d352c3799ff008ee8ef1e178a8c26,2024-11,Gloucestershire Constabulary,Gloucestershire Constabulary,-2.355790,51.681761,On or near Parsonage Street,E01022372,Stroud 014A,Investigation complete; no suspect identified
5f7b479d9e1cb0b83a03a4f67a246cfb982ae57858ec80283fdf44b7ad0a320a,2024-11,Gloucestershire Constabulary,Gloucestershire Constabulary,,,No location,,,Unable to prosecute suspect
31fddada6d16d9d48be4fcacd4f14b531ea8d4b55e8809230fde0acd37a30775,2024-11,Gloucestershire Constabulary,Gloucestershire Constabulary,-2.232526,51.844440,On or near Beaufort Road,E01022323,Gloucester 008C,Unable to prosecute suspect
ccb43811d0bc295e54de108807b212c614578819b5890fea2f16fe9d3430b780,2024-11,Gloucestershire Constabulary,Gloucestershire Constabulary,-2.182336,51.889016,On or near Holtham Avenue,E01022429,Tewkesbury 007E,Suspect charged as part of another case
9a8aec4699b0fe9791f6decf25c927c40a64bdf0387c625de99cd4e2689a94ab,2024-11,Gloucestershire Constabulary,Gloucestershire Constabulary,-2.523899,51.723921,On or near Rushyleaze,E01022254,Forest of Dean 009C,Unable to prosecute suspect
816a214efaf52594e6e812052a9354e8c3614fbfefc51af91c4addcf8786e81f,2024-11,Gloucestershire Constabulary,Gloucestershire Constabulary,-2.098234,51.914947,On or near Shopping Area,E01022165,Cheltenham 001C,Suspect charged as part of another case
45fb011d9f60c87518704ad36eeed3c829470aedd956ac5b21330b5016722347,2024-11,Gloucestershire Constabulary,Gloucestershire Constabulary,-2.152357,51.982347,On or near Ted Preston Close,E01022456,Tewkesbury 002A,Local resolution
7523f22fb8d3b9dfda6eac5008adac19718212f7115f8b2ed2e0e2d0051ba7a6,2024-11,Gloucestershire Constabulary,Gloucestershire Constabulary,-2.241898,51.865118,On or near Bus/Coach Station,E01032937,Gloucester 004F,Suspect charged
6589be27d95e8fb4b84cbdb073476d1565c02b1a1f9d607ab502d2a78c1f4b77,2024-11,Gloucestershire Constabulary,Gloucestershire Constabulary,-1.901767,51.858341,On or near Parking Area,E01022216,Cotswold 004D,Unable to prosecute suspect
e168768d983220dfb60c1f2f263534964c9e95ddff3d84c01b511d63b2fc0fdf,2024-11,Gloucestershire Constabulary,Gloucestershire Constabulary,-2.087118,51.903124,On or near Honeybourne Way,E01034778,Cheltenham 007H,Investigation complete; no suspect identified
8a958c02635eeab7bf92026d1d0fa0d57445f81220a9f3b05fa532bb952c3c55,2024-11,Gloucestershire Constabulary,Gloucestershire Constabulary,-2.265603,51.853451,On or near Hempsted Lane,E01034791,Gloucester 004G,Unable to prosecute suspect
d23faea82740154b08b7dae494d581a7d0762837bef54e638998812d9f200cca,2024-11,Gloucestershire Constabulary,Gloucestershire Constabulary,-2.119213,51.865649,On or near Harrison Road,E01022454,Tewkesbury 008C,Unable to prosecute suspect
6632124f5f72bee1df2c742af43c7c4e7c37bfd416ddf6d15fbb9be59624d0b4,2024-11,Gloucestershire Constabulary,Gloucestershire Constabulary,-2.119213,51.865649,On or near Harrison Road,E01022454,Tewkesbury 008C,Unable to prosecute suspect
4e76e7c4a0fe10a567941d502e7b0d1e43aa45592a9b8025036ca03c76b3d8c0,2024-11,Gloucestershire Constabulary,Gloucestershire Constabulary,-2.209327,51.743730,On or near Piccadilly,E01022410,Stroud 006C,Unable to prosecute suspect
b52964faa1145781416f3e301b77ecb4c9ae054090f323ee14b999ab9065dcb3,2024-11,Gloucestershire Constabulary,Gloucestershire Constabulary,-2.237054,51.855310,On or near Carmarthen Street,E01022294,Gloucester 008B,Unable to prosecute suspect
58b9988112f7d3f71f531f1492ecd349f24fca8e074bceb03ee88824c4e7e31c,2024-11,Gloucestershire Constabulary,Gloucestershire Constabulary,-2.238898,51.868955,On or near Columbia Close,E01022311,Gloucester 002C,Unable to prosecute suspect
56a4b9a080663304665f5e14998d16c8593bf4e5625dff473e8dd0943bec742d,2024-11,Gloucestershire Constabulary,Gloucestershire Constabulary,-2.614436,51.807900,On or near Aston Close,E01022229,Forest of Dean 007A,Unable to prosecute suspect
78345ba7bede0d1cee1c977ff5dc94315559b16fbcbd877766690b677957fceb,2024-11,Gloucestershire Constabulary,Gloucestershire Constabulary,-2.394193,51.688535,On or near Echo Lane,E01022413,Stroud 012D,Unable to prosecute suspect
0a7ecd49ffb4e883dc56cf19aa96b8584b440d0e1858b10278a0f034b9f4054e,2024-11,Gloucestershire Constabulary,Gloucestershire Constabulary,-1.719824,51.926685,On or near Fisher Close,E01022177,Cotswold 002A,Investigation complete; no suspect identified
a3892d00e22a42d3dd81debffac5edba2bf35210d98951c9fcc21ce70de2c4c7,2024-11,Gloucestershire Constabulary,Gloucestershire Constabulary,-2.158110,51.846380,On or near Sayers Crescent,E01022421,Tewkesbury 009A,Suspect charged as part of another case
4f561bdd1b6ef4bf7e955345cf0e941486c8edb22f7001bed7fba7640f937439,2024-11,Gloucestershire Constabulary,Gloucestershire Constabulary,-2.287313,51.815440,On or near Elmgrove Estate,E01022379,Stroud 001B,Unable to prosecute suspect
198ebc408fff7d06b50f54825b305898844ff13f3b816a5b3efec743cd32f380,2024-11,Gloucestershire Constabulary,Gloucestershire Constabulary,-2.267508,51.834377,On or near Tolsey Gardens,E01022301,Gloucester 013C,Investigation complete; no suspect identified
272aa0d4f2dd61bc8761aaefa1fdc9863b9d8bb58e41a44eb816094fa4a6c589,2024-11,Gloucestershire Constabulary,Gloucestershire Constabulary,-2.080512,51.906968,On or near Clarke Way,E01022152,Cheltenham 004C,Unable to prosecute suspect
3848a9bb626aeb5db9d202d7e0aca499e902f94ebeda9b346c53d9960149b7f3,2024-11,Gloucestershire Constabulary,Gloucestershire Constabulary,-2.572174,51.749716,On or near Acacia Close,E01022231,Forest of Dean 008A,Unable to prosecute suspect
6bda5f9ba0ff2837229b20ebc9f5faac37640d78ea7b6ba98dd89fc328f5c6a6,2024-11,Gloucestershire Constabulary,Gloucestershire Constabulary,-2.246268,51.864813,On or near Shopping Area,E01032937,Gloucester 004F,Suspect charged
6d2f10742868ee0137bf20b5f56d8fdd1ba65581bd48b8510b28a37fb17a7a20,2024-11,Gloucestershire Constabulary,Gloucestershire Constabulary,-2.242308,51.871141,On or near Sports/Recreation Area,E01022310,Gloucester 002B,Unable to prosecute suspect
491fb8a39257f8bb34f44ae97aac965976f44b3b5a8c040eae33a974f98a26ff,2024-11,Gloucestershire Constabulary,Gloucestershire Constabulary,-2.529240,51.726316,On or near Bath Place,E01022256,Forest of Dean 009E,Unable to prosecute suspect
d7cfa8ff2d565506f06481103e0723d6611a2638e5aed55f337f68d4a722c4d5,2024-11,Gloucestershire Constabulary,Gloucestershire Constabulary,-2.050217,51.905789,On or near Dart Road,E01022132,Cheltenham 006B,Action to be taken by another organisation
da71c2d6ceccce79039038c31458c45993b333728d035fd408496fd28c7d41ea,2024-11,Gloucestershire Constabulary,Gloucestershire Constabulary,-2.660296,51.649765,On or near Ash Crescent,E01022275,Forest of Dean 010E,Unable to prosecute suspect
f48a3d038c01614b4cd6ad99cb6c64a2da370feac485226579b44b298b614a7d,2024-11,Gloucestershire Constabulary,Gloucestershire Constabulary,-2.046333,51.902652,On or near Joyford Passage,E01034779,Cheltenham 012H,Unable to prosecute suspect
d903013e159b9f5006c54bf7659063e3078454a56c99288e76f0af4f96943c4a,2024-11,Gloucestershire Constabulary,Gloucestershire Constabulary,-2.046333,51.902652,On or near Joyford Passage,E01034779,Cheltenham 012H,Unable to prosecute suspect
bb2896907253bd2d729909a3c5202d2527988aa32aba8efa2c324e1a040096ee,2024-11,Gloucestershire Constabulary,Gloucestershire Constabulary,-2.192128,51.745540,On or near Margaret Hills Place,E01022399,Stroud 006B,Unable to prosecute suspect
50cd1badeaf0fdeca29823ef5bfe6ecaa7d893d951e7fcaa76541ad161f80cc7,2024-11,Gloucestershire Constabulary,Gloucestershire Constabulary,,,No location,,,Unable to prosecute suspect
f4d7ba6542a903618c98bba21c20a2022be8f19a741f5adf4e4916d3ee999991,2024-11,Gloucestershire Constabulary,Gloucestershire Constabulary,-1.791862,51.703777,On or near Honeybone Close,E01022203,Cotswold 009B,Action to be taken by another organisation
29f9b33af993dfc4e477b9e91d6234f7c94b9f7c5c8f7128f0bd2e5c76c2e6d6,2024-11,Gloucestershire Constabulary,Gloucestershire Constabulary,-2.439864,51.977569,On or near Western Way,E01022233,Forest of Dean 001A,Unable to prosecute suspect
432c27bb3addd49ee1b945127dadd3a58fff2e6fe35ffeeac2c17fb95f3137b7,2024-11,Gloucestershire Constabulary,Gloucestershire Constabulary,-2.098136,51.890114,On or near Castanum Court,E01022135,Cheltenham 011A,Unable to prosecute suspect
43d9b9af9378708b98028a5626a496bbd119de6c53f7550aa863a6b73eaf6c0d,2024-11,Gloucestershire Constabulary,Gloucestershire Constabulary,-1.947367,51.840325,On or near Harnham Lane,E01022186,Cotswold 004A,Investigation complete; no suspect identified
e64d87977bd9156811f681e9ba4e2b028b492202cef2c72bac0d134afc7b8b30,2024-11,Gloucestershire Constabulary,Gloucestershire Constabulary,-2.411603,51.931224,On or near Blackmans Close,E01022261,Forest of Dean 002A,Unable to prosecute suspect
2698590ff969b00e7b1620f99e8e1d55b32addbf1010219c40d4048ed1baa22d,2024-11,Gloucestershire Constabulary,Gloucestershire Constabulary,-2.116743,51.898827,On or near Pitman Road,E01022147,Cheltenham 005C,Unable to prosecute suspect
4489b4592209364a798e655225bfc03706017758cbe5418a8cb467b8325759f4,2024-11,Gloucestershire Constabulary,Gloucestershire Constabulary,-2.119489,51.887496,On or near Wards Road,E01022168,Cheltenham 013B,Local resolution
a5e1dc6a871ff6b9fe7cec9dd524494037685293c513787c9a89833f07eb2411,2024-11,Gloucestershire Constabulary,Gloucestershire Constabulary,-2.222114,51.849495,On or near Cheyney Close,E01022286,Gloucester 007F,Unable to prosecute suspect
74f77a782d258930326e9a216a4ff04b971a3377e212e626f43aa42090d61476,2024-11,Gloucestershire Constabulary,Gloucestershire Constabulary,-2.272769,51.823647,On or near Halton Way,E01032933,Gloucester 015E,Unable to prosecute suspect
86cadcbaef8084c0a9ffe7570df7a25e6e4f1007f8df6d5258e8e4cc1decd81e,2024-11,Gloucestershire Constabulary,Gloucestershire Constabulary,-2.060711,51.883343,On or near Moorend Road,E01022113,Cheltenham 014A,Local resolution
a2bd47d35b3cb6aa0019b422b4277e68de6298a131fd9b0063fa96b612282559,2024-11,Gloucestershire Constabulary,Gloucestershire Constabulary,-2.214965,51.747550,On or near Supermarket,E01022414,Stroud 006E,Suspect charged
cd9ec48f0af55537c36e3fc77e26bb8f2193004cda5cb22fc36712c4e9c1bda1,2024-11,Gloucestershire Constabulary,Gloucestershire Constabulary,-2.192128,51.745540,On or near Margaret Hills Place,E01022399,Stroud 006B,Investigation complete; no suspect identified
c078b5aa5a0c5a5208c3c4a05739dbee8c4327a684551eb6c965557b9a45e35e,2024-11,Gloucestershire Constabulary,Gloucestershire Constabulary,-2.140461,51.996315,On or near Canterbury Leys,E01022455,Tewkesbury 001E,Unable to prosecute suspect
33a6ac1a44020f08b35a664a7f63f4509da84ec9abcae1bcdba8b63075264bc3,2024-11,Gloucestershire Constabulary,Gloucestershire Constabulary,-2.335367,51.750145,On or near Fullers Close,E01022376,Stroud 003A,Unable to prosecute suspect
54395a85fc5714ab6fcbb77df822b95bf8b19e7aecfe41741e4d7545cb62fba6,2024-11,Gloucestershire Constabulary,Gloucestershire Constabulary,-2.239797,51.863226,On or near Nettleton Road,E01032937,Gloucester 004F,Unable to prosecute suspect
744c730cf1d3ba4c894e9bdda526ffd1d41b241b1fde84cb546a739521b45592,2024-11,Gloucestershire Constabulary,Gloucestershire Constabulary,-2.218869,51.746212,On or near Shopping Area,E01034804,Stroud 006G,Suspect charged
e10458eb36e4b78e83730e5fa475945894a88b049941a88273db247dd3f51821,2024-11,Gloucestershire Constabulary,Gloucestershire Constabulary,-2.212370,51.851986,On or near Coney Hill Parade,E01022285,Gloucester 007E,Local resolution
11a178a55895913394bbfd1d6ed9fca796d74e311ad8ad854b66e9ca53b16fdc,2024-11,Gloucestershire Constabulary,Gloucestershire Constabulary,-2.234386,51.847529,On or near Hazelton Close,E01022323,Gloucester 008C,Unable to prosecute suspect
70826ad780028d2559f198718cf2b3b445c36faec67e3f5c8f13f3ca8336e735,2024-11,Gloucestershire Constabulary,Gloucestershire Constabulary,-2.235556,51.860348,On or near Vauxhall Terrace,E01022289,Gloucester 005B,Unable to prosecute suspect
781018f90c323eb630cd4008a6a29a427d6561bbf9b7120229d4805a5cacb343,2024-11,Gloucestershire Constabulary,Gloucestershire Constabulary,-2.074078,51.901406,On or near Albion Walk,E01022102,Cheltenham 008C,Suspect charged
223295940b1d22e33e30bde0a7564716de9850f2441978067ddf9951f161f1d3,2024-11,Gloucestershire Constabulary,Gloucestershire Constabulary,,,No location,,,Investigation complete; no suspect identified
d177c6812e4c8e60a805e92d8bc480cbc5528bc21d44fb663cfefa3ac66ac1af,2024-11,Gloucestershire Constabulary,Gloucestershire Constabulary,-2.213085,51.751339,On or near Grange View,E01022411,Stroud 006D,Unable to prosecute suspect
f94f4a7141af3fbbb0a33406bffa427c3d5a3738ab0da935df54d35d8d5578a8,2024-11,Gloucestershire Constabulary,Gloucestershire Constabulary,-2.261465,51.818386,On or near Goose Bay Drive,E01034798,Gloucester 015L,Unable to prosecute suspect
bcbb125060cc1bc1396bc4a00cb311e097981f57f7ed0a1bf8689cc0a58d4e32,2024-11,Gloucestershire Constabulary,Gloucestershire Constabulary,-2.251661,51.860521,On or near Church Street,E01034791,Gloucester 004G,Unable to prosecute suspect
816cd9d9d3d84b0b56a1e4a03c9f5c35a3f92cafcae01120b07f77108bc0f76a,2024-11,Gloucestershire Constabulary,Gloucestershire Constabulary,-1.695381,51.988643,On or near Croft Holm,E01034782,Cotswold 002G,Offender given a caution
c1bb2c38b3b238625deb7221cafb1ce194090cef1523e5937f6e1e204189efe1,2024-11,Gloucestershire Constabulary,Gloucestershire Constabulary,-1.695381,51.988643,On or near Croft Holm,E01034782,Cotswold 002G,Offender given a caution
333574077db8aec3f7812dcf361c8e2941c0a892261350d36057597b9abfa3df,2024-11,Gloucestershire Constabulary,Gloucestershire Constabulary,-2.272798,51.826102,On or near Headley Court,E01032933,Gloucester 015E,Investigation complete; no suspect identified
61d3a73dbb5859e116fa4bd4eaba20e622da626b1855c7c1be0b7ab67e9ceb28,2024-11,Gloucestershire Constabulary,Gloucestershire Constabulary,-1.951610,51.781382,On or near Rendcomb Airfield,E01022187,Cotswold 004B,Unable to prosecute suspect
0c70b4206fe876bdd7d47dac26f50a1dcd48438a3dd8f64ab2e64711b03ac7a7,2024-11,Gloucestershire Constabulary,Gloucestershire Constabulary,-2.272798,51.826102,On or near Headley Court,E01032933,Gloucester 015E,Unable to prosecute suspect
31fbf8dc3833c647bf32aaa1696a57c0b25a3f0c081e2be9a0051e17c63ee73d,2024-11,Gloucestershire Constabulary,Gloucestershire Constabulary,-2.237752,51.858294,On or near Thomas Street,E01022289,Gloucester 005B,Unable to prosecute suspect
4761dad988a4e0c343e819b0c192c435fd20e9fadaed0f85cfd2655a8fdee20f,2024-11,Gloucestershire Constabulary,Gloucestershire Constabulary,-2.076929,51.902645,On or near Shopping Area,E01022153,Cheltenham 004D,Investigation complete; no suspect identified
af017f9f5e463856d9943c5bc0e52820be6769479882df5b62077e387d65c27a,2024-11,Gloucestershire Constabulary,Gloucestershire Constabulary,-2.242476,51.864506,On or near Clarence Street,E01032937,Gloucester 004F,Unable to prosecute suspect
4fa469a1a66e9f48c7158dde3ea4e86d7f71f396fefc8f67bdd5d7357c04ac8f,2024-11,Gloucestershire Constabulary,Gloucestershire Constabulary,-2.246268,51.864813,On or near Shopping Area,E01032937,Gloucester 004F,Unable to prosecute suspect
f789ff1484490500bf9383168187b33b1fc70438278a84f6de99c508b67cc51c,2024-11,Gloucestershire Constabulary,Gloucestershire Constabulary,-2.079617,51.898902,On or near Nightclub,E01022127,Cheltenham 009G,Suspect charged
9a65e5014b97cc48c45cb8b9def604127f43724fc03bb071ecff23a08c73ea7c,2024-11,Gloucestershire Constabulary,Gloucestershire Constabulary,,,No location,,,Unable to prosecute suspect
0d6be3d1b9b29512918c2d02694d768591b6c6702ab0ef9aafa6aed88e7e48a2,2024-11,Gloucestershire Constabulary,Gloucestershire Constabulary,-2.118363,51.912330,On or near Carrol Grove,E01022160,Cheltenham 003B,Unable to prosecute suspect
f8db1ff4386f1d0f3e01cba6bc6c2462e521f8be69e758522e17725c4b3ccd91,2024-11,Gloucestershire Constabulary,Gloucestershire Constabulary,-2.354183,51.638905,On or near Petrol Station,E01022418,Stroud 015E,Unable to prosecute suspect
52f281ed08eb504274a727e414be428ea6d5f34e1bd1170b990e704f616079b6,2024-11,Gloucestershire Constabulary,Gloucestershire Constabulary,-2.076503,51.900452,On or near Post Office Lane,E01022127,Cheltenham 009G,Unable to prosecute suspect
8ad6c5936c8611a96e38f780935ebe2e04b20a5534f833a0c45c60dafbbb5c73,2024-11,Gloucestershire Constabulary,Gloucestershire Constabulary,-2.354183,51.638905,On or near Petrol Station,E01022418,Stroud 015E,Unable to prosecute suspect
82596ccb629fb00e4985203977305fa04ed14087f92ed08ee7a11828a4e1b49f,2024-11,Gloucestershire Constabulary,Gloucestershire Constabulary,-2.248604,51.882879,On or near Sandhurst Lane,E01022440,Tewkesbury 006A,Unable to prosecute suspect
e89d5204d52ef568535da09f2a9725d35a3836cbe9a3d9fb816356c26a87103e,2024-11,Gloucestershire Constabulary,Gloucestershire Constabulary,-2.239380,51.850342,On or near Osric Road,E01022328,Gloucester 008D,Unable to prosecute suspect
13773545b84cb43acd591159018e600cd8a38ac52031c3ea6e32c35b9766e348,2024-11,Gloucestershire Constabulary,Gloucestershire Constabulary,-2.232889,51.847343,On or near Bibury Road,E01022323,Gloucester 008C,Unable to prosecute suspect
ed7348588f45b29a4917ee24e78811fa7fcfda0d31c2625949df4e7ce6def31c,2024-11,Gloucestershire Constabulary,Gloucestershire Constabulary,,,No location,,,Unable to prosecute suspect
ab634747865b451c9ce96858a63bd705aa37b4d92bf6f0bf135ca2937e48038b,2024-11,Gloucestershire Constabulary,Gloucestershire Constabulary,-2.209531,51.862861,On or near Barnwood Road,E01022287,Gloucester 007G,Unable to prosecute suspect
e81194a8916f1c420c7a61fea87bbfc598ed84f5e132cf38bc2fd33a54676f2e,2024-11,Gloucestershire Constabulary,Gloucestershire Constabulary,-2.098234,51.914947,On or near Shopping Area,E01022165,Cheltenham 001C,Suspect charged
16f870772b384d73f927b389a32734d91a8979906d5ddde385cab99257fa466b,2024-11,Gloucestershire Constabulary,Gloucestershire Constabulary,-2.202476,51.740524,On or near Highfield Road,E01022410,Stroud 006C,Unable to prosecute suspect
7be2d51aaaf1a68c9be991cde8baf390d0b324e8798e3fe55892263def8b0a43,2024-11,Gloucestershire Constabulary,Gloucestershire Constabulary,-2.272769,51.823647,On or near Halton Way,E01032933,Gloucester 015E,Unable to prosecute suspect
5f073a36e7196c6985f9c5e64c4a9d0b6d9101378eac58b78f8a93dc7925df48,2024-11,Gloucestershire Constabulary,Gloucestershire Constabulary,,,No location,,,Unable to prosecute suspect
423f9eaca0b7faf9c228a64e0c5d900c462928ddd101e52e86e7dddb0ed5690d,2024-11,Gloucestershire Constabulary,Gloucestershire Constabulary,-2.272769,51.823647,On or near Halton Way,E01032933,Gloucester 015E,Unable to prosecute suspect
6025c00c69ba075325d52134cd2ac3f5c05d612f649a2dd8218a15f4365152eb,2024-11,Gloucestershire Constabulary,Gloucestershire Constabulary,-2.118190,51.901613,On or near Further/Higher Educational Building,E01022121,Cheltenham 005B,Investigation complete; no suspect identified
f9be66e2fb2be9b90c9b0a94797898e20822095f1892b8baa9c01c6da4e97a7c,2024-11,Gloucestershire Constabulary,Gloucestershire Constabulary,-2.250445,51.829955,On or near Jewson Close,E01022346,Gloucester 012D,Unable to prosecute suspect
8df356d359268ae19983cfd6b060e72bea57d0e576b934dda488b92477b2c9cf,2024-11,Gloucestershire Constabulary,Gloucestershire Constabulary,-2.089043,51.898771,On or near Malvern Road,E01022124,Cheltenham 009D,Unable to prosecute suspect
9d46be42b243def95117a9d4eeedbff62d45e981d1ea7242d1dc683b4489972f,2024-11,Gloucestershire Constabulary,Gloucestershire Constabulary,-2.486332,51.861547,On or near Abenhall Road,E01022259,Forest of Dean 003D,Offender given a caution
fc9cffc783cc979948168a080bb832df9be2e1234b558db8b5f66cc0f22cc617,2024-11,Gloucestershire Constabulary,Gloucestershire Constabulary,-2.085052,51.917151,On or near Limber Hill,E01022166,Cheltenham 001D,Suspect charged
82576a7a01a4d274baef5270744d32c4d55139e9d2f871fcc3569df5121d3f6c,2024-11,Gloucestershire Constabulary,Gloucestershire Constabulary,-2.085052,51.917151,On or near Limber Hill,E01022166,Cheltenham 001D,Suspect charged
169f613388651321720d513526ec27ad27e9ff85976a62c31247b505c7cf634c,2024-11,Gloucestershire Constabulary,Gloucestershire Constabulary,-2.243792,51.866301,On or near St Aldate Street,E01032937,Gloucester 004F,Unable to prosecute suspect
4b2438f8394c8748c36311fa1032e12db47ee60def5d1bfd2aa9a9ed73de4cae,2024-11,Gloucestershire Constabulary,Gloucestershire Constabulary,-1.677320,52.011368,On or near Park/Open Space,E01022205,Cotswold 002C,Investigation complete; no suspect identified
f950f259d5827d7522ae1b374e4838a7b8a1c93d4beb7cb15f10da390239379d,2024-11,Gloucestershire Constabulary,Gloucestershire Constabulary,-1.972322,51.951901,On or near Malthouse Lane,E01022464,Tewkesbury 003C,Investigation complete; no suspect identified
d648eb94666b6008be11906803af806599b0ec590392d19b068a73b8adb974d1,2024-11,Gloucestershire Constabulary,Gloucestershire Constabulary,-2.123193,51.908369,On or near Dulverton Close,E01022162,Cheltenham 003D,Unable to prosecute suspect
29d0b270ec7b3f9df3460a0dd5b731ae3284880d881a496a9f5f26fecd685ab5,2024-11,Gloucestershire Constabulary,Gloucestershire Constabulary,-2.219205,51.833407,On or near Beacon Road,E01022320,Gloucester 011B,Unable to prosecute suspect
6a95fd086df3173d96e2db356f03d086e24ffc5a94467e71a0a6938fe3b4f83b,2024-11,Gloucestershire Constabulary,Gloucestershire Constabulary,-2.192689,51.883991,On or near Dancey Road,E01022428,Tewkesbury 007D,Investigation complete; no suspect identified
04df712499e0cae8fbe5d5aacc0904024a1643d2a7ccd0426ca1fda2de459ba8,2024-11,Gloucestershire Constabulary,Gloucestershire Constabulary,-2.270963,51.824883,On or near Woodvale,E01034795,Gloucester 015I,Unable to prosecute suspect
36846600c70f0a7b32fad685bb373dd8623ae922554500f6f67143993cc2477c,2024-11,Gloucestershire Constabulary,Gloucestershire Constabulary,-2.292091,51.755764,On or near Baker Close,E01022403,Stroud 005D,Unable to prosecute suspect
35c4f817e52b2c084ece5cdaf5c4791e97f407867f51892ac022904e648be2ab,2024-11,Gloucestershire Constabulary,Gloucestershire Constabulary,-2.239299,51.854263,On or near Slaney Street,E01022293,Gloucester 008A,Unable to prosecute suspect
d3f7dcfe65d76e1bb9f3db7afe0da01282ebf8b4f13d821f9d1e133ed206b063,2024-11,Gloucestershire Constabulary,Gloucestershire Constabulary,-2.239299,51.854263,On or near Slaney Street,E01022293,Gloucester 008A,Unable to prosecute suspect
42adb6bae2e07bbbee2dfb61e5cb6663420c3f95395d4e1b9d8fa1a90befc3ea,2024-11,Gloucestershire Constabulary,Gloucestershire Constabulary,-2.571260,51.746169,On or near Green Acre,E01022231,Forest of Dean 008A,Unable to prosecute suspect
0825e7575206a5b99f0eeeedadd7044658178fa82a7f55c8b8b00b5010b7ae69,2024-11,Gloucestershire Constabulary,Gloucestershire Constabulary,-2.246518,51.857421,On or near Weston Road,E01022332,Gloucester 004A,Unable to prosecute suspect
c1b0399c1321a5f8c4371746ac5061bdc15ba0f0320c403edc07e65116ed9d2e,2024-11,Gloucestershire Constabulary,Gloucestershire Constabulary,-2.236118,51.863077,On or near Supermarket,E01022289,Gloucester 005B,Unable to prosecute suspect
99f06c70f3863b44b0b687dea2c6d7cf1dd5576130f846b2be89254ef53232c7,2024-11,Gloucestershire Constabulary,Gloucestershire Constabulary,-2.167006,51.876991,On or near Blacksmith Lane,E01022427,Tewkesbury 007C,Unable to prosecute suspect
2346625772d6db40eefde09385ef14f68780a5d388a691016e43051b41c980f8,2024-11,Gloucestershire Constabulary,Gloucestershire Constabulary,-2.353898,51.637521,On or near Market Street,E01022418,Stroud 015E,Unable to prosecute suspect
98803614e18c1175693e6ae7ed578e5158bbd5e9412506a97e32ea439f811955,2024-11,Gloucestershire Constabulary,Gloucestershire Constabulary,-2.256060,51.837459,On or near Epney Road,E01022344,Gloucester 012B,Investigation complete; no suspect identified
e36dcc1ee3f118d664535c438ef7ef6055973114027c1dde9609d2d221e66f70,2024-11,Gloucestershire Constabulary,Gloucestershire Constabulary,-2.214787,51.835258,On or near Matson Avenue,E01022319,Gloucester 011A,Unable to prosecute suspect
c27c38806817b49d2356c7f57f21d8f8ce190254b96b00443b691988b553bedd,2024-11,Gloucestershire Constabulary,Gloucestershire Constabulary,-2.472206,51.714762,On or near New Street,E01022351,Stroud 012A,Suspect charged
402ead984608205632cf441092766c6bb141713e8c05b2262058563d1aa10543,2024-11,Gloucestershire Constabulary,Gloucestershire Constabulary,-2.234528,51.846981,On or near Stow Close,E01022323,Gloucester 008C,Suspect charged
6de302c90174ec79dc90b434e8f52e64c3e8eeee7607f3bc29db2c2c4644210e,2024-11,Gloucestershire Constabulary,Gloucestershire Constabulary,-2.149250,51.845043,On or near Hebden Close,E01022424,Tewkesbury 009D,Unable to prosecute suspect
8747bdf7e555540476d6dc70dca5d3a8e6fe8d3f9c2b38b9dd188a7f68d418c2,2024-11,Gloucestershire Constabulary,Gloucestershire Constabulary,,,No location,,,Unable to prosecute suspect
6effdce7462443704c191ac04fc305798ad6256ad04ef9e199fa3bc17d032045,2024-11,Gloucestershire Constabulary,Gloucestershire Constabulary,-2.079430,51.903723,On or near St Paul's Street South,E01022153,Cheltenham 004D,Unable to prosecute suspect
e1598fe085f07b441d968fe07d35eea38249c95a9fad83f4b518e2e4092e800f,2024-11,Gloucestershire Constabulary,Gloucestershire Constabulary,-2.115201,52.005738,On or near Monkey Meadow,E01022450,Tewkesbury 001B,Unable to prosecute suspect
40c9e30b7d6b67890b44a98a59e65c3ed05519ad9a4b9d9d6c071df5dc764865,2024-11,Gloucestershire Constabulary,Gloucestershire Constabulary,-2.243783,51.856528,On or near Park End Road,E01022293,Gloucester 008A,Unable to prosecute suspect
5cc4c416df6888f2c88fbd5476be7f0f9369b2ec3660091e608bd067c32fe017,2024-11,Gloucestershire Constabulary,Gloucestershire Constabulary,-2.347484,51.675519,On or near Somerset Avenue,E01022374,Stroud 014C,Unable to prosecute suspect
e05c35b70ed6ca1bd37e8e5effcd4fb248f49887cb02681ef5a7baa731755fc2,2024-11,Gloucestershire Constabulary,Gloucestershire Constabulary,-2.048702,51.902669,On or near Kempley Close,E01034780,Cheltenham 012I,Investigation complete; no suspect identified
607090800d0b75523b38bf7a954ad7b6615cfd513d21e985b0a0422a34dfded9,2024-11,Gloucestershire Constabulary,Gloucestershire Constabulary,-2.084021,51.917727,On or near Arkle Close,E01022166,Cheltenham 001D,Investigation complete; no suspect identified
11c69108d1558ca375ddb2b72f04aba38f406a6641420167c9e003107978f159,2024-11,Gloucestershire Constabulary,Gloucestershire Constabulary,-2.245507,51.853153,On or near Robinson Road,E01022328,Gloucester 008D,Unable to prosecute suspect
7be3ec44a5e74967beeb842e6e208ccb9687299732596600000cf0811d81c604,2024-11,Gloucestershire Constabulary,Gloucestershire Constabulary,-2.243783,51.856528,On or near Park End Road,E01022293,Gloucester 008A,Investigation complete; no suspect identified
df765d21e076d24c38ddcd6f92a148b4f1a99a3a4bf37a7adb2fca6734e7bcd1,2024-11,Gloucestershire Constabulary,Gloucestershire Constabulary,-2.276639,51.751935,On or near Kimmins Road,E01022401,Stroud 005B,Formal action is not in the public interest
0fa0d54a329df293c3f1415960007957a8c6a2802a13773d0879309b112574c3,2024-11,Gloucestershire Constabulary,Gloucestershire Constabulary,-2.104642,51.901122,On or near Norfolk Avenue,E01022150,Cheltenham 007C,Unable to prosecute suspect
095cae2fffc151bb840700331d863730ac21fe0329a9ef35692fd45b670195a1,2024-11,Gloucestershire Constabulary,Gloucestershire Constabulary,-2.218276,51.833409,On or near Capel Road,E01022320,Gloucester 011B,Unable to prosecute suspect
4fa766690cfb77871bd6ddd6b348106bbb1ae4ceaee61bd31d3cb7f65e634fb6,2024-11,Gloucestershire Constabulary,Gloucestershire Constabulary,-2.234039,51.850731,On or near Leonard Road,E01022294,Gloucester 008B,Unable to prosecute suspect
4ea5326b631091c0e178deb138037082797287a95e09b5b0e5dfa11eaae878f6,2024-11,Gloucestershire Constabulary,Gloucestershire Constabulary,-2.249154,51.745927,On or near Hunters Way,E01022355,Stroud 004A,Unable to prosecute suspect
46622afa279868ddef52de240fbbffd0a212988e6bdadf55a86493a5d46232fe,2024-11,Gloucestershire Constabulary,Gloucestershire Constabulary,-2.279270,51.833252,On or near Elmore Lane East,E01022339,Gloucester 014A,Unable to prosecute suspect
223f18c8b773b3726e0eec84bf08fe798b26ab8928c159fabca320c7410efb0b,2024-11,Gloucestershire Constabulary,Gloucestershire Constabulary,-1.948781,51.718866,On or near Century Close,E01022188,Cotswold 006A,Unable to prosecute suspect
24c0e1e0cdbfe1aab0b916110e826183b83dc19bdd0e50c86cde50334ebafa32,2024-11,Gloucestershire Constabulary,Gloucestershire Constabulary,-2.234284,51.855855,On or near Albany Street,E01022291,Gloucester 005D,Unable to prosecute suspect
2635be32c2e06675718ab802ffac064660ea772017e47591d227fd3f904e3a1b,2024-11,Gloucestershire Constabulary,Gloucestershire Constabulary,-2.084859,51.899817,On or near St Georges Road,E01022127,Cheltenham 009G,Investigation complete; no suspect identified
3c2716b2609b55fb4f8847fafe698b44d6187d3d6f9acc00501c8b8d152f71c8,2024-11,Gloucestershire Constabulary,Gloucestershire Constabulary,-1.721309,51.926338,On or near Chamberlayne Close,E01022177,Cotswold 002A,Unable to prosecute suspect
509e0407fc04c9963452c5d065dbb7cfe586714c326898b6a67542a4a9bcc820,2024-11,Gloucestershire Constabulary,Gloucestershire Constabulary,-2.406101,51.930803,On or near Broad Street,E01022262,Forest of Dean 002B,Unable to prosecute suspect
87efc89d6a91ecf9c48b9574fd4a50355a9fe30d608811bc7dddd8728cddac36,2024-11,Gloucestershire Constabulary,Gloucestershire Constabulary,-2.188731,51.892710,On or near Brandon Close,E01022431,Tewkesbury 007G,Unable to prosecute suspect
711b2df7ce94f3ae538d7e83a3603ef6f4b696f737f08d7bbf32759b551be714,2024-11,Gloucestershire Constabulary,Gloucestershire Constabulary,-2.245501,51.868078,On or near Pitt Street,E01032937,Gloucester 004F,Unable to prosecute suspect
6dcb3f9fc1b21387ed6c2aaacc519a932ffd4d51f26a710aef19a35e8bdbd8e9,2024-11,Gloucestershire Constabulary,Gloucestershire Constabulary,-2.063985,51.948344,On or near Hill View Close,E01034814,Tewkesbury 011B,Unable to prosecute suspect
5979626e409debb3a193c380cc44e3562b5035c26760c9af26dc477a25b42d1a,2024-11,Gloucestershire Constabulary,Gloucestershire Constabulary,-2.241745,51.852873,On or near Catherine Court,E01022328,Gloucester 008D,Unable to prosecute suspect
f3b29ef99f82981aabc59dad5ea2e25a4d18c237a4059b67579d1683d07dcfef,2024-11,Gloucestershire Constabulary,Gloucestershire Constabulary,-2.192292,51.862432,On or near Barnacre Drive,E01022308,Gloucester 006E,Unable to prosecute suspect
c716cbd7d19e1219943dbbdbafaa830df9c52a149ad98fc041a0ae79c1c7a5c7,2024-11,Gloucestershire Constabulary,Gloucestershire Constabulary,-2.248975,51.863377,On or near Kimbrose Way,E01034792,Gloucester 004H,Unable to prosecute suspect
9e0f5e63aa8bd74d880b25d2b6244157e0ce58b69c8076918892dd43a55ed351,2024-11,Gloucestershire Constabulary,Gloucestershire Constabulary,-2.255401,51.849302,On or near Gladstone Road,E01022330,Gloucester 009C,Unable to prosecute suspect
ba30c01ef531ddca2df79ca69cbb72d3106b07ed4dce3c606b3432a24d326eb6,2024-11,Gloucestershire Constabulary,Gloucestershire Constabulary,-2.284202,51.754497,On or near Albany,E01022402,Stroud 005C,Unable to prosecute suspect
c17d15b71ebab74829bc3f4bc39db3fca56c349a8ab84e9d60273a0156503544,2024-11,Gloucestershire Constabulary,Gloucestershire Constabulary,-2.227657,51.857612,On or near Harbury Mews,E01022288,Gloucester 005A,Unable to prosecute suspect
2cd0507f8a87a7a3b98d6ac750cf09671e104ffc87bca70983cc166d57543ec4,2024-11,Gloucestershire Constabulary,Gloucestershire Constabulary,-2.107194,51.886429,On or near Gwernant Road,E01022173,Cheltenham 013G,Unable to prosecute suspect
703c24d7204ca2d7f822c887429b52272a67c5e91dc2f796654abd073be970a7,2024-11,Gloucestershire Constabulary,Gloucestershire Constabulary,-2.065543,51.899344,On or near Leighton Road,E01022101,Cheltenham 008B,Investigation complete; no suspect identified
f8de4b3cb956da741fd6bd0b87ec240f31e62e62493a9bd323a291b63fd2e9c9,2024-11,Gloucestershire Constabulary,Gloucestershire Constabulary,-2.248170,51.864827,On or near Parking Area,E01032937,Gloucester 004F,Unable to prosecute suspect
41b89df180d38d5437b1cd3a3a8783df48a6780846a0386b9ff78698b261e78b,2024-11,Gloucestershire Constabulary,Gloucestershire Constabulary,-2.248170,51.864827,On or near Parking Area,E01032937,Gloucester 004F,Unable to prosecute suspect
04dd68e4eebcd2fa7e75654d2e5a8476eea4d07ae8b685ca1bb9479ed4ab174d,2024-11,Gloucestershire Constabulary,Gloucestershire Constabulary,-2.249692,51.861659,On or near Albion Mews,E01034792,Gloucester 004H,Unable to prosecute suspect
26e33eeacd38da41c28013c304566f97b8a9a7f57d6a2d7d9e30e6d639ef609f,2024-11,Gloucestershire Constabulary,Gloucestershire Constabulary,-2.247745,51.866823,On or near College Street,E01032937,Gloucester 004F,Unable to prosecute suspect
90eab2e4aa396d63aaa6da99a83c0dd73f45d99335af92c9005866e95eeda681,2024-11,Gloucestershire Constabulary,Gloucestershire Constabulary,-2.252631,51.859614,On or near Shopping Area,E01034791,Gloucester 004G,Unable to prosecute suspect
bbcf865884de18e8c0f8e830d0d712d63bde7182731f0bd37b1b404755700c9e,2024-11,Gloucestershire Constabulary,Gloucestershire Constabulary,-2.242525,51.873631,On or near Kingsholm Square,E01022310,Gloucester 002B,Unable to prosecute suspect
bf5ebddcc86a66b30118c4a403ababb8f402876954ad5e533b20067d9d00de57,2024-11,Gloucestershire Constabulary,Gloucestershire Constabulary,-2.214026,51.833803,On or near Munsley Grove,E01022319,Gloucester 011A,Unable to prosecute suspect
bb69ad5daf3e9d9c102e3f6d0bf76e770166ec337f8db2e97e88535c7582e55e,2024-11,Gloucestershire Constabulary,Gloucestershire Constabulary,-2.372843,51.695852,On or near Severn Road,E01022364,Stroud 011F,Unable to prosecute suspect
ae5e42b724ea076ac33ff50928961dc3b7b25c840ab90db56829e77b6ea11bdc,2024-11,Gloucestershire Constabulary,Gloucestershire Constabulary,-2.221856,51.738079,On or near Butterow West,E01022395,Stroud 007C,Local resolution
eff717359cb9e25c2536438738177f373a6749eba8537d1abb8fe8b324036bf8,2024-11,Gloucestershire Constabulary,Gloucestershire Constabulary,-2.263386,51.816953,On or near Goose Bay Drive,E01034798,Gloucester 015L,Unable to prosecute suspect
e2a2cc8f7bfa71ca44af7f5eb1ca2e468924c786531fc377f4a7adebefe7b81d,2024-11,Gloucestershire Constabulary,Gloucestershire Constabulary,-2.276513,51.823845,On or near Stanbridge Way,E01032933,Gloucester 015E,Local resolution
be47e773e840045732c15ee8abea6e7a20749b87e04895ba0e96e14e6fea4bac,2024-11,Gloucestershire Constabulary,Gloucestershire Constabulary,-2.280353,51.820609,On or near The Holly Grove,E01034797,Gloucester 015K,Unable to prosecute suspect
923cfa53b077137f8848b810093676f75526637deb36ae839c82cebab3892e34,2024-11,Gloucestershire Constabulary,Gloucestershire Constabulary,-2.166580,51.683127,On or near Hampton Hill,E01022176,Cotswold 011A,Unable to prosecute suspect
4b851e042061888584844c3150a8d58f88669a0dd0793bcd3561ccf648fbcbd8,2024-11,Gloucestershire Constabulary,Gloucestershire Constabulary,-2.185355,51.856455,On or near Conway Road,E01022304,Gloucester 006C,Unable to prosecute suspect
b694ebd4bee2cded3d3739b6f08569181492cd664db8f24341c6df0b5056d2ad,2024-11,Gloucestershire Constabulary,Gloucestershire Constabulary,-2.224422,51.700527,On or near Stroud Road,E01022387,Stroud 013C,Unable to prosecute suspect
3e4cbf389d05d9c9990131aa4e5f6d3def850581a33505af2dccf743938904bf,2024-11,Gloucestershire Constabulary,Gloucestershire Constabulary,-2.070993,51.899107,On or near Supermarket,E01022102,Cheltenham 008C,Local resolution
73dc80def8ac5b77615b611655394d3e5e705a392b75e6d6ffcafdb16dbd2721,2024-11,Gloucestershire Constabulary,Gloucestershire Constabulary,-2.515118,51.733445,On or near Highbrook Way,E01022255,Forest of Dean 009D,Unable to prosecute suspect
2b4c613d8b1cb0fdbd7ae9cacdd06a80d043170567c22ee02778921c0a8836a8,2024-11,Gloucestershire Constabulary,Gloucestershire Constabulary,-2.515118,51.733445,On or near Highbrook Way,E01022255,Forest of Dean 009D,Unable to prosecute suspect
124eae382a8ac0f6637367738f728d7ef8428a169eae698228588a926e09a433,2024-11,Gloucestershire Constabulary,Gloucestershire Constabulary,-2.496886,51.825683,On or near Northwood Close,E01022237,Forest of Dean 004B,Unable to prosecute suspect
e495327d2c8c29962c06fabcd10128d9c1be086d00077055d713b680bacae97c,2024-11,Gloucestershire Constabulary,Gloucestershire Constabulary,-2.078180,51.903669,On or near St George's Street,E01022153,Cheltenham 004D,Unable to prosecute suspect
67036422d16fedfacbde489357e176f28258d34aa6ff268ec84532ddee6778f7,2024-11,Gloucestershire Constabulary,Gloucestershire Constabulary,-2.072765,51.898278,On or near Bath Street,E01022117,Cheltenham 009B,Unable to prosecute suspect
e53e98ae927b1fb6fb389b14c3948b253bc400c23901332596626aa0969190f5,2024-11,Gloucestershire Constabulary,Gloucestershire Constabulary,-2.273006,51.834121,On or near Greenhill Drive,E01022341,Gloucester 014C,Unable to prosecute suspect
56e615101d72123a938aeb6b3c42e3813775b247e25dacc02db59df4d60ff7b1,2024-11,Gloucestershire Constabulary,Gloucestershire Constabulary,-2.260389,51.855755,On or near Maritime Court,E01034791,Gloucester 004G,Unable to prosecute suspect
13c3d3aa111fe66654840207ac9dde2b4c2c8ad5c161e373ae0b4c97a5fdcb94,2024-11,Gloucestershire Constabulary,Gloucestershire Constabulary,-2.259978,51.837244,On or near Cole Avenue,E01022301,Gloucester 013C,Formal action is not in the public interest
b8452a672f37da5d35ee195aaf0b8f6f60108a563e0ecd2804c381b221a6f422,2024-11,Gloucestershire Constabulary,Gloucestershire Constabulary,-2.155225,51.843210,On or near Chandos Drive,E01022421,Tewkesbury 009A,Unable to prosecute suspect
e736518a3a40ff4f9441060020b5586bbf7e5c96c1f79f49b29aa5f303598626,2024-11,Gloucestershire Constabulary,Gloucestershire Constabulary,-2.240387,51.739607,On or near Supermarket,E01022394,Stroud 007B,Local resolution
92a50957db18ec217d35bfb200150d6f05f3cfab58e1615983ad5ff1683d949d,2024-11,Gloucestershire Constabulary,Gloucestershire Constabulary,-2.235585,51.852112,On or near Maldon Gardens,E01022294,Gloucester 008B,Unable to prosecute suspect
b96fb1ab62d3518debe8f72cd82211ee6f8530e7e3ba32ff9029c28672fe074a,2024-11,Gloucestershire Constabulary,Gloucestershire Constabulary,-2.280621,51.821687,On or near Hadow Way,E01034797,Gloucester 015K,Unable to prosecute suspect
e0d84298b0a09b33932a224024835f2e6234c21485e1811ffe99426c000677ca,2024-11,Gloucestershire Constabulary,Gloucestershire Constabulary,-2.213240,51.833373,On or near Birchall Avenue,E01022320,Gloucester 011B,Unable to prosecute suspect
8bbc225ecf8f866cb3649018b4f689e2e9b436aede184b0494efc0264b23ebdc,2024-11,Gloucestershire Constabulary,Gloucestershire Constabulary,-2.219130,51.841984,On or near Cleeve Road,E01022324,Gloucester 011E,Local resolution
b6c69fe4ec7c0323ac00602509c4e6b14d64f0a615040087bb360f2247f7245c,2024-11,Gloucestershire Constabulary,Gloucestershire Constabulary,-2.241137,51.863933,On or near Russell Street,E01032937,Gloucester 004F,Unable to prosecute suspect
71ab6c1d32eda54b8ebb1e1ed522c3a7e62d15df1e0fa1f306c42dca6ebee5c7,2024-11,Gloucestershire Constabulary,Gloucestershire Constabulary,-2.213240,51.833373,On or near Birchall Avenue,E01022320,Gloucester 011B,Unable to prosecute suspect
f869074372f900e98151ab5cbe332dae4809e52160f1f62c3049d3370c99c0cf,2024-11,Gloucestershire Constabulary,Gloucestershire Constabulary,,,No location,,,Unable to prosecute suspect
3cbf4594f870a56dbb631346e6c4a31637e471b8868e3093c55de0015f91c2e1,2024-11,Gloucestershire Constabulary,Gloucestershire Constabulary,-2.213240,51.833373,On or near Birchall Avenue,E01022320,Gloucester 011B,Unable to prosecute suspect
8d218357d54f2d988664de6c15d099b3b06a435b82462e6cab95d8a75c1ec4b4,2024-11,Gloucestershire Constabulary,Gloucestershire Constabulary,-2.192037,51.843542,On or near Cotton Close,E01022281,Gloucester 010D,Unable to prosecute suspect
823d65d17f53c05b0d49bd3bdcd30ec4ab1d84383da27e3a2dd0cb38794da2b3,2024-11,Gloucestershire Constabulary,Gloucestershire Constabulary,-2.245394,51.861677,On or near St Michael's Square,E01034793,Gloucester 004I,Investigation complete; no suspect identified
ae532713f12cc727a07747424b14412fbb4cdbf01965e381c615e078b6681b76,2024-11,Gloucestershire Constabulary,Gloucestershire Constabulary,-1.757368,51.888038,On or near Sports/Recreation Area,E01034784,Cotswold 003F,Unable to prosecute suspect
a87f6a838b8ba62eff9361a13c0b287758d8c3879c6c165d06d4024addc12e33,2024-11,Gloucestershire Constabulary,Gloucestershire Constabulary,,,No location,,,Unable to prosecute suspect
bf22db8968c6293249b0c33f6a0b59da1b8e393d1ee5b4117c3a0bff1aeb4ce1,2024-11,Gloucestershire Constabulary,Gloucestershire Constabulary,-1.705726,51.947689,On or near The Leasows,E01022205,Cotswold 002C,Unable to prosecute suspect
1c961456cc88f2e896d469d76afff78a05ce06ca8954313f155a5d50c099d04e,2024-11,Gloucestershire Constabulary,Gloucestershire Constabulary,-1.757368,51.888038,On or near Sports/Recreation Area,E01034784,Cotswold 003F,Unable to prosecute suspect
b96c87d11e620248a2570732c79ba9fa2d2b84896f3a93a1e7abd563224eabe7,2024-11,Gloucestershire Constabulary,Gloucestershire Constabulary,-2.085304,51.996395,On or near Ellendene Drive,E01032938,Tewkesbury 001F,Unable to prosecute suspect
eef674b12b3b0e3e9ff61180a8e7c53fc81929313c7b737d7455897115181935,2024-11,Gloucestershire Constabulary,Gloucestershire Constabulary,-2.085304,51.996395,On or near Ellendene Drive,E01032938,Tewkesbury 001F,Unable to prosecute suspect
8f7686ab27fb303b2674e3b8a05c12fcbb0fa6ca334dc2f2f3b19628d5055205,2024-11,Gloucestershire Constabulary,Gloucestershire Constabulary,,,No location,,,Suspect charged as part of another case
67ec1eacbe44d17f5d3f2d23981d0befbd9055c8a9c561b90040922c14cf5503,2024-11,Gloucestershire Constabulary,Gloucestershire Constabulary,,,No location,,,Formal action is not in the public interest
898d3e41dfde653e4f22bdbe695c5973fe35e41b5c867503e958d407ae2d56e6,2024-11,Gloucestershire Constabulary,Gloucestershire Constabulary,-2.208301,51.745534,On or near Sports/Recreation Area,E01022414,Stroud 006E,Unable to prosecute suspect
b19e4c1fee3bec05d37181b96cc6d7e524e281512e19ec70a1a373a5dbaf0f6e,2024-11,Gloucestershire Constabulary,Gloucestershire Constabulary,-2.208301,51.745534,On or near Sports/Recreation Area,E01022414,Stroud 006E,Unable to prosecute suspect
da9d1c46ba1a2883eaf3b12741fa700eb5dab97cbf4b4d18fe775017a38a8b74,2024-11,Gloucestershire Constabulary,Gloucestershire Constabulary,-2.081415,51.816650,On or near Park/Open Space,E01022201,Cotswold 004C,Investigation complete; no suspect identified
02550b24ca7cc33de992334e549e5e7440c9d0711e90cb94081aed82be4d46cd,2024-11,Gloucestershire Constabulary,Gloucestershire Constabulary,-1.866280,51.921674,On or near Piccadilly,E01022222,Cotswold 003D,Investigation complete; no suspect identified
79b005ca0b6a7399e26e0d9df91974c47aa322aaa79ddcfc39f7586060f0e638,2024-11,Gloucestershire Constabulary,Gloucestershire Constabulary,-2.246268,51.864813,On or near Shopping Area,E01032937,Gloucester 004F,Unable to prosecute suspect
379a358a0228c4386599b12d37cf1772a664ed6471e297fcb41946066f1da51d,2024-11,Gloucestershire Constabulary,Gloucestershire Constabulary,-1.768527,52.005829,On or near Five Mile Drive,E01022179,Cotswold 001A,Investigation complete; no suspect identified
9bcc00010b4c24454c9ba0cffe6cc9c63510ae912bf1b131c42cb3b85a5d3ede,2024-11,Gloucestershire Constabulary,Gloucestershire Constabulary,-2.248604,51.882879,On or near Sandhurst Lane,E01022440,Tewkesbury 006A,Unable to prosecute suspect
3b6a6596d0deb3789deca665eb4f58b91c2be80f71a230b9bd43a70d63be7cfa,2024-11,Gloucestershire Constabulary,Gloucestershire Constabulary,-2.458566,51.691322,On or near Market Place,E01022353,Stroud 012C,Unable to prosecute suspect
351ffce99520ce11b98d10c1e4b2833f74af47ecff6ccddf8ddbc16220b14f16,2024-11,Gloucestershire Constabulary,Gloucestershire Constabulary,-2.369168,51.759754,On or near Meadow View,E01022396,Stroud 003B,Unable to prosecute suspect
ef9b234a185eed4f655e2b1221741ab335de80e5fbaa7dcadb6b43660a045bbd,2024-11,Gloucestershire Constabulary,Gloucestershire Constabulary,-2.252631,51.859614,On or near Shopping Area,E01034791,Gloucester 004G,Unable to prosecute suspect
d81e7af5a8ffd6bf1cac7b8731426970e8b37426a115963c85657a789360479b,2024-11,Gloucestershire Constabulary,Gloucestershire Constabulary,-2.048721,51.906158,On or near Priors Road,E01022132,Cheltenham 006B,Local resolution
93674d6d3687f2d02e33203b4a666d63c57ca5b79116fde01515531603c2a6c9,2024-11,Gloucestershire Constabulary,Gloucestershire Constabulary,-2.236661,51.849593,On or near Clevedon Road,E01022329,Gloucester 008E,Unable to prosecute suspect
5e5fbda968ea812db86d2c0fa68bfbeb970b7c0b1773f0acdf48efc7a825126a,2024-11,Gloucestershire Constabulary,Gloucestershire Constabulary,-2.101756,51.916688,On or near Rutherford Way,E01022165,Cheltenham 001C,Investigation complete; no suspect identified
986cf0d1b15bff01c37299ec2eab10e0403ddad495ed37f1ef20cfa68efc8ab8,2024-11,Gloucestershire Constabulary,Gloucestershire Constabulary,-2.244136,51.862722,On or near Kiln Close,E01034793,Gloucester 004I,Suspect charged
1a1a62b433491d0a475168e528e6ee2225099374787fb6e90c034f3ed30257f0,2024-11,Gloucestershire Constabulary,Gloucestershire Constabulary,-2.341393,51.754057,On or near Claypits Hill,E01022396,Stroud 003B,Investigation complete; no suspect identified
5fbe36cd54674bbeccd39546180f83d50238928d7065d864502338c5635a579c,2024-11,Gloucestershire Constabulary,Gloucestershire Constabulary,-2.097568,51.916323,On or near Kingsville Road,E01022165,Cheltenham 001C,Unable to prosecute suspect
6f6a35b4b10cb11daef00201e4601de645b2d5c4692e30b3a993da2bcc812dd7,2024-11,Gloucestershire Constabulary,Gloucestershire Constabulary,,,No location,,,Unable to prosecute suspect
700246f2517cf577dc2290af35579500292514a68e0419c2b1074f8f0b8c83b6,2024-11,Gloucestershire Constabulary,Gloucestershire Constabulary,-1.952351,51.710407,On or near Gillman Close,E01022190,Cotswold 006C,Unable to prosecute suspect
c981bcc7346ae55235bfadd92901416ca240a61ec9d1970dac12e92d34e605b9,2024-11,Gloucestershire Constabulary,Gloucestershire Constabulary,-1.761954,52.094166,On or near Granbrook Lane,E01022185,Cotswold 001E,Unable to prosecute suspect
cf8244a1cb84de1515bd7d6e181fb97379d897738ed771a879ead3e4632e0abd,2024-11,Gloucestershire Constabulary,Gloucestershire Constabulary,-2.618265,51.805658,On or near Petrol Station,E01022242,Forest of Dean 007C,Unable to prosecute suspect
f8eb6c6b9f8ba67da67bc85cef682befe11c771650439bd7bde04a5527251117,2024-11,Gloucestershire Constabulary,Gloucestershire Constabulary,-2.243783,51.856528,On or near Park End Road,E01022293,Gloucester 008A,Unable to prosecute suspect
c037f59c5ee78a58a0769ca9dcb1d2457c1dfc9e5209ec3fcd70b659e4911ea3,2024-11,Gloucestershire Constabulary,Gloucestershire Constabulary,-2.102856,51.914403,On or near Riverview Way,E01022165,Cheltenham 001C,Unable to prosecute suspect
bc0d635e9972e6b125e7f1c0032e4ef7b06d18ae8f079212535259a7324061c1,2024-11,Gloucestershire Constabulary,Gloucestershire Constabulary,-2.244012,51.745848,On or near Hyett Road,E01022358,Stroud 004D,Unable to prosecute suspect
06442fe0a2343549e713896fdc1abade9c435d76baacb9242b68e2cd8ffa97da,2024-11,Gloucestershire Constabulary,Gloucestershire Constabulary,-2.246348,51.855660,On or near St Paul's Road,E01022332,Gloucester 004A,Unable to prosecute suspect
f2ac702ac2809c987850fda774a84f0632523ea527d9c76872b66c72621d0de9,2024-11,Gloucestershire Constabulary,Gloucestershire Constabulary,-1.954459,51.715011,On or near Golden Farm Road,E01022188,Cotswold 006A,Further action is not in the public interest
f3293045a8efea1f36ad24e663506f2e324cb316cdefca54d52cb44566ea65ba,2024-11,Gloucestershire Constabulary,Gloucestershire Constabulary,,,No location,,,Offender given a caution
83fa581276342a6f9f91decf22e09c8dc589fa29d0afebe65424b85ff5864e2f,2024-11,Gloucestershire Constabulary,Gloucestershire Constabulary,-2.256799,51.839804,On or near Kipling Close,E01022333,Gloucester 009E,Unable to prosecute suspect
599216a6067b4e0ab3386cead4eb522313bd4e7dea29e6d51d40f16171786ffd,2024-11,Gloucestershire Constabulary,Gloucestershire Constabulary,-2.215505,51.833647,On or near Gatmeres Road,E01022319,Gloucester 011A,Unable to prosecute suspect
7a33bfcbfa60482b6bd3c28dfe736135d529ee1768fa68c014da74eda5b8a17b,2024-11,Gloucestershire Constabulary,Gloucestershire Constabulary,-2.129763,51.891862,On or near Hospital,E01022108,Cheltenham 010C,Unable to prosecute suspect
35bda2547b9c2f66f564b6a7346ad3b734506fb1d518e617a901d1a6b0daec95,2024-11,Gloucestershire Constabulary,Gloucestershire Constabulary,,,No location,,,Unable to prosecute suspect
0cf704f81e66b2ca38199b19ee53a231d7ff501a10969e6dd06f6b1aecc43074,2024-11,Gloucestershire Constabulary,Gloucestershire Constabulary,-2.255658,51.869009,On or near Petrol Station,E01032932,Gloucester 004E,Unable to prosecute suspect
165bdc5395ddb74bf885ec040702d9680ccd9f337607c99d7e151f49ac448302,2024-11,Gloucestershire Constabulary,Gloucestershire Constabulary,-2.255658,51.869009,On or near Petrol Station,E01032932,Gloucester 004E,Unable to prosecute suspect
60070879f27dd9ecd0998d1f1cff828f421cb2de5650bdc49e8f116a59c9aed1,2024-11,Gloucestershire Constabulary,Gloucestershire Constabulary,-2.243009,51.864339,On or near Shopping Area,E01032937,Gloucester 004F,Unable to prosecute suspect
3ad0da9c991621dac90658c59adc10bda47ee03d829b20e19320581bcd69dd6c,2024-11,Gloucestershire Constabulary,Gloucestershire Constabulary,-2.210335,51.851486,On or near Court Place,E01022285,Gloucester 007E,Unable to prosecute suspect
7ac81b638a4a9527413bd1a85c5b4b188dc3db5823e0eb3370857989d0470d60,2024-11,Gloucestershire Constabulary,Gloucestershire Constabulary,-2.243009,51.864339,On or near Shopping Area,E01032937,Gloucester 004F,Unable to prosecute suspect
aa9b2c005e6a3e6478e2b7276683acd0f8c2500858b85ca13e5d2eb2d68b9e93,2024-11,Gloucestershire Constabulary,Gloucestershire Constabulary,-2.441963,51.980815,On or near The Crypt,E01022233,Forest of Dean 001A,Unable to prosecute suspect
62a1b4df179ff93304fe359c9334309ac2923d01feb3c6c858ea5730ddd6fca9,2024-11,Gloucestershire Constabulary,Gloucestershire Constabulary,-2.238725,51.866545,On or near Parking Area,E01022311,Gloucester 002C,Unable to prosecute suspect
ac7083396c958fc305bc23565cd00694e8d7b9d69c9848d3b1fa34b7fe281498,2024-11,Gloucestershire Constabulary,Gloucestershire Constabulary,-2.218869,51.746212,On or near Shopping Area,E01034804,Stroud 006G,Suspect charged
4c5856e3649264f00b3324f79ad522a8c225d994992c2a436c9d5da029610a4f,2024-11,Gloucestershire Constabulary,Gloucestershire Constabulary,-2.239299,51.854263,On or near Slaney Street,E01022293,Gloucester 008A,Unable to prosecute suspect
187ca1889cfaa8171c590c64a611977eacf878a3a0b18455d5a396b8605394ca,2024-11,Gloucestershire Constabulary,Gloucestershire Constabulary,-2.246268,51.864813,On or near Shopping Area,E01032937,Gloucester 004F,Suspect charged
a3006577d3d07eb320d0178e9e16bde41025978249e46c94118084ef1e1fb280,2024-11,Gloucestershire Constabulary,Gloucestershire Constabulary,-2.048617,51.877495,On or near Vineyards Close,E01022109,Cheltenham 012D,Unable to prosecute suspect
7521ae5ddb0551f3f0e4c792726ed1910630b09c8c1b9e98b1bde099fbb7b6dd,2024-11,Gloucestershire Constabulary,Gloucestershire Constabulary,-2.065414,51.940117,On or near Cheltenham Road,E01022432,Tewkesbury 011E,Unable to prosecute suspect
0759bec47189c017bbf318e6b8719f7aff2379b0fbe9d6dd19a4602ecab3692c,2024-11,Gloucestershire Constabulary,Gloucestershire Constabulary,-1.789845,51.739522,On or near Fowler's Hill,E01022202,Cotswold 009A,Unable to prosecute suspect
d2efd825f09e8745b179a26efd6c13a1f2e0eedaa6f1805d73e1bd444b2b2198,2024-11,Gloucestershire Constabulary,Gloucestershire Constabulary,-2.078180,51.903669,On or near St George's Street,E01022153,Cheltenham 004D,Unable to prosecute suspect
bb4f44cb295710e823661fd39a41242c44f53539446fa30617641b6cb64ef89a,2024-11,Gloucestershire Constabulary,Gloucestershire Constabulary,-2.246268,51.864813,On or near Shopping Area,E01032937,Gloucester 004F,Suspect charged
ff8474ed26f23ac960bb712faa33bac247ad3a22c3dfe475ea8395c073673079,2024-11,Gloucestershire Constabulary,Gloucestershire Constabulary,-2.219558,51.864263,On or near Armscroft Place,E01022298,Gloucester 003D,Unable to prosecute suspect
5dcf7bc1109dfeedd7ead09d8af31c4d9f41ee1b75696a4eb78fc30a9ecb3283,2024-11,Gloucestershire Constabulary,Gloucestershire Constabulary,-1.776257,52.085842,On or near Broadway Road,E01022184,Cotswold 001D,Unable to prosecute suspect
0b20aad078da8638b942dd0c155f3dc150b108cf576e9d98cd776eac316b6858,2024-11,Gloucestershire Constabulary,Gloucestershire Constabulary,-2.355752,51.781914,On or near Parking Area,E01022397,Stroud 003C,Unable to prosecute suspect
8e1a2081e6c000f55fcfa9c4efca63dd72806986e4aa415afc34bf97526a80a8,2024-11,Gloucestershire Constabulary,Gloucestershire Constabulary,-2.241768,51.868014,On or near Black Dog Way,E01032937,Gloucester 004F,Investigation complete; no suspect identified
66e5428c793273102db5a60c9ff5cb0d93a9d3f05ec0c25da27b079490ae1219,2024-11,Gloucestershire Constabulary,Gloucestershire Constabulary,-2.234390,51.700265,On or near Nortonwood,E01022387,Stroud 013C,Unable to prosecute suspect
ec5b89171036d159d4d7fe55dfe9f3f6d6f85cacbf47537a34ad7bd52af55532,2024-11,Gloucestershire Constabulary,Gloucestershire Constabulary,-2.235225,51.749579,On or near Duderstadt Close,E01022377,Stroud 004E,Unable to prosecute suspect
44f80daa4badb5a7c23fd3040cf507f1ded6de6848ba341f9791bbdc1b180672,2024-11,Gloucestershire Constabulary,Gloucestershire Constabulary,-1.836832,51.761858,On or near Parking Area,E01022175,Cotswold 005A,Unable to prosecute suspect
b2cbf68be06bd94b3b5736c0518171d8b39dc7637a76343d4d157d4082095223,2024-11,Gloucestershire Constabulary,Gloucestershire Constabulary,-1.836832,51.761858,On or near Parking Area,E01022175,Cotswold 005A,Unable to prosecute suspect
f9c945f6f786079c628bde0d1369830def093cd017040228e15be6acda80c2eb,2024-11,Gloucestershire Constabulary,Gloucestershire Constabulary,-2.207765,51.744327,On or near Cotteswold Rise,E01022399,Stroud 006B,Unable to prosecute suspect
40650c92c99adfafd6cf2c97773b999e7cf8267cabf3abb94d65f455edc33cd3,2024-11,Gloucestershire Constabulary,Gloucestershire Constabulary,-2.245394,51.861677,On or near St Michael's Square,E01034793,Gloucester 004I,Unable to prosecute suspect
62d3ddb8f6cc985320aa9abe0a61e0ec7ca92c8bea424ca2b51d76cb4aef0d6d,2024-11,Gloucestershire Constabulary,Gloucestershire Constabulary,-2.269836,51.828114,On or near Beverstone Road,E01032933,Gloucester 015E,Unable to prosecute suspect
d4dcd70164074f264e94ed212e75c10441d3aa6ec08a89631d3ca8a0ed90bcd2,2024-11,Gloucestershire Constabulary,Gloucestershire Constabulary,-2.214965,51.747550,On or near Supermarket,E01022414,Stroud 006E,Suspect charged as part of another case
8d63a6c394ef2f95a6d2e453ac0295dca43b7c6a79217fd861d36f2a32d5b313,2024-11,Gloucestershire Constabulary,Gloucestershire Constabulary,-2.115243,51.897561,On or near Wasley Road,E01022147,Cheltenham 005C,Unable to prosecute suspect
b1eadf5e3689339fcaac9bfd1ed165ee3063f63f5fd9bba997fdc92c8934bc05,2024-11,Gloucestershire Constabulary,Gloucestershire Constabulary,-1.966399,51.875172,On or near Waterside Close,E01022216,Cotswold 004D,Investigation complete; no suspect identified
4b33617c4c88d2bac5fed27cf47876dd72656d22785a046f8be578dd96fb529f,2024-11,Gloucestershire Constabulary,Gloucestershire Constabulary,-2.352191,51.682105,On or near Long Street,E01022374,Stroud 014C,Investigation complete; no suspect identified
72f6ecc3ce7cb11cefff96c71a1ee55b82021ed57de0e82ff86e36326ed31afe,2024-11,Gloucestershire Constabulary,Gloucestershire Constabulary,-2.192315,51.707723,On or near Dr Brown's Road,E01022382,Stroud 010B,Investigation complete; no suspect identified
8c96eb340d1a45a868fb05a24455b528a3d2c5b2bc2102b4faccdfc42dd36b48,2024-11,Gloucestershire Constabulary,Gloucestershire Constabulary,-2.231703,51.867980,On or near Hyde Close,E01022311,Gloucester 002C,Unable to prosecute suspect
490e12b7e79999d9513475e13b71c5ab08686d367fb94ac31223d09f520d43d0,2024-11,Gloucestershire Constabulary,Gloucestershire Constabulary,-2.254083,51.852370,On or near Lysons Avenue,E01022326,Gloucester 009A,Investigation complete; no suspect identified
8c618f846dc5f616df8257ae5e703fe7e1da784b3965392fe8aec7f240d85883,2024-11,Gloucestershire Constabulary,Gloucestershire Constabulary,-1.867230,51.756934,On or near Park/Open Space,E01022175,Cotswold 005A,Local resolution
ffe5e969e4773641a3b8c007b65470818a3393aacedcd0d1f138651e47982fd1,2024-11,Gloucestershire Constabulary,Gloucestershire Constabulary,-2.073568,51.900643,On or near Shopping Area,E01022102,Cheltenham 008C,Unable to prosecute suspect
066a4f58fb1a910a1c196d16463286a000efe436afa5bb5a584ebc60d767e619,2024-11,Gloucestershire Constabulary,Gloucestershire Constabulary,-2.089180,51.909488,On or near Hope Street,E01022164,Cheltenham 001B,Local resolution
57be6e421daa5e6c98f3a02b3420c19c2da5de02f2768952702e4f44ca4afe4e,2024-11,Gloucestershire Constabulary,Gloucestershire Constabulary,-2.356733,51.685787,On or near Rednock Drive,E01022372,Stroud 014A,Unable to prosecute suspect
3c3567c6c23d645c849c27a600d19c34b6e0c93ec728ded0767b7888cfbc8578,2024-11,Gloucestershire Constabulary,Gloucestershire Constabulary,-2.246268,51.864813,On or near Shopping Area,E01032937,Gloucester 004F,Local resolution
a1fc692ae8682e6fb5503ceaf12a77032a8032ba828696b16ad264981fef2d06,2024-11,Gloucestershire Constabulary,Gloucestershire Constabulary,-1.781999,51.877286,On or near Parking Area,E01022181,Cotswold 003B,Unable to prosecute suspect
754298303c207e1486cb0284c7ae7ea489be85a5b25cb270a5ce675c007a5a50,2024-11,Gloucestershire Constabulary,Gloucestershire Constabulary,-2.240227,51.862182,On or near Nightclub,E01034793,Gloucester 004I,Unable to prosecute suspect
4facfffcd9b703a8a3ebe4246dd9f6a85e5b65cf583fd89b09a89de5c07ef83c,2024-11,Gloucestershire Constabulary,Gloucestershire Constabulary,-2.240227,51.862182,On or near Nightclub,E01034793,Gloucester 004I,Unable to prosecute suspect
98f2f78e507e9dcb0b2d79fd5959e955d7498ca22ec936abd0cf6cdebdd4f374,2024-11,Gloucestershire Constabulary,Gloucestershire Constabulary,-2.249473,51.837779,On or near Westbury Road,E01022344,Gloucester 012B,Unable to prosecute suspect
418efe8c866b35832ac6f703d5a9585be1be149fd5da611ea85467a62a84f3fe,2024-11,Gloucestershire Constabulary,Gloucestershire Constabulary,-2.196076,51.847662,On or near Baptist Close,E01022307,Gloucester 010F,Unable to prosecute suspect
a258a1f186440325647fa991453c0471ac4f021ede69645d9e0dbefd2167d8a1,2024-11,Gloucestershire Constabulary,Gloucestershire Constabulary,-2.140565,51.964227,On or near St John's Court,E01022453,Tewkesbury 004D,Investigation complete; no suspect identified
640970d69eb679fed7d7ce9a9737a117874d380479e48e6cce538e4c8f06df4d,2024-11,Gloucestershire Constabulary,Gloucestershire Constabulary,-2.352198,51.681062,On or near Parking Area,E01022374,Stroud 014C,Unable to prosecute suspect
ec61d5f1157b0846a458b1071a169fa2c1bd9fa46d7bf2dd97d4a6a8ddb2adb2,2024-11,Gloucestershire Constabulary,Gloucestershire Constabulary,-2.214965,51.747550,On or near Supermarket,E01022414,Stroud 006E,Suspect charged
5935ea04d001e9d7bd765e0f45a4c7421ae37e11cf5fdeaf7e86576c1d5b2a4d,2024-11,Gloucestershire Constabulary,Gloucestershire Constabulary,-2.546808,51.856202,On or near Belle Vue Road,E01022251,Forest of Dean 003A,Unable to prosecute suspect
1074e97eb1d4dc9f5d0e06fa3be81b965a259fe43331e72ae22048ccdae9370a,2024-11,Gloucestershire Constabulary,Gloucestershire Constabulary,-2.242965,51.866348,On or near Shopping Area,E01032937,Gloucester 004F,Investigation complete; no suspect identified
73c1df70fc2372eecdef1526a65d0369e59534190d3facc7222ef98513971c22,2024-11,Gloucestershire Constabulary,Gloucestershire Constabulary,,,No location,,,Unable to prosecute suspect
322221f8202831375402c2134bdf36c57d29fe30f81bc97916fc0c9e48bca3b3,2024-11,Gloucestershire Constabulary,Gloucestershire Constabulary,-2.221818,51.874922,On or near South Close,E01022318,Gloucester 001E,Unable to prosecute suspect
35470dc64b3a058b5dbf7361f3ba7eeff7fd734befcac958d92a9d890b92d806,2024-11,Gloucestershire Constabulary,Gloucestershire Constabulary,,,No location,,,Suspect charged
cf26db797ca1856cb58fbf185b48d5ad5a588e5d6e9683f880a0d269bc433c7b,2024-11,Gloucestershire Constabulary,Gloucestershire Constabulary,,,No location,,,Unable to prosecute suspect
c301c24e4bb8fe42a195729de864be030e618655c4d6e44ed48678e73cec8a6d,2024-11,Gloucestershire Constabulary,Gloucestershire Constabulary,-2.098382,51.903043,On or near School Mead,E01022150,Cheltenham 007C,Unable to prosecute suspect
3cc933f9e5f559d137d638fedd09ac63f6bfb73b19f421fa065b1a430f4bfb3b,2024-11,Gloucestershire Constabulary,Gloucestershire Constabulary,-2.062763,51.906942,On or near Petrol Station,E01022140,Cheltenham 008D,Suspect charged as part of another case
c0b882d828071a20932e95a212e852cfe31210716bc52b8cd2f7941058156bc9,2024-11,Gloucestershire Constabulary,Gloucestershire Constabulary,-2.259536,51.838665,On or near Keats Avenue,E01022333,Gloucester 009E,Unable to prosecute suspect
7473c76442c86112084889530b483fe1e32fbd93fae1b9b13a1ba4bebda61d58,2024-11,Gloucestershire Constabulary,Gloucestershire Constabulary,-2.074554,51.907987,On or near Marle Hill Road,E01022154,Cheltenham 004E,Unable to prosecute suspect
24031011ae39e8e4d9b3d2c632889cbbbdc1e16517f3df4cdf76a0b936f1a929,2024-11,Gloucestershire Constabulary,Gloucestershire Constabulary,-2.062763,51.906942,On or near Petrol Station,E01022140,Cheltenham 008D,Suspect charged as part of another case
f3c0f41ba1f309c853269290076dc58aceaa21c35528604e0672eda9c3ff05ba,2024-11,Gloucestershire Constabulary,Gloucestershire Constabulary,,,No location,,,Unable to prosecute suspect
9cfc977fa0b89303cbbc24e6491c0f9eb84d9aa623494e774a8007c34b7526ba,2024-11,Gloucestershire Constabulary,Gloucestershire Constabulary,-2.456538,51.656561,On or near Vale Orchard,E01022413,Stroud 012D,Unable to prosecute suspect
d840f50fc2031202bd91b227b8e2457b4576cb9d31b04a5b7bdbea7634c0b9fd,2024-11,Gloucestershire Constabulary,Gloucestershire Constabulary,-2.240107,51.864295,On or near Station Road,E01032937,Gloucester 004F,Unable to prosecute suspect
5672742a0d4e8244d91baa464ae979c8944a1a9c3d7b6d036b5a3488a793c73d,2024-11,Gloucestershire Constabulary,Gloucestershire Constabulary,-2.245463,51.866379,On or near St John's Lane,E01032937,Gloucester 004F,Suspect charged
b2bccde12518f36494b62620ce45181e84437ff3354a9a65b3fd3f158db40e66,2024-11,Gloucestershire Constabulary,Gloucestershire Constabulary,-2.241269,51.861514,On or near Arthur Street,E01034793,Gloucester 004I,Unable to prosecute suspect
598421465fbed856f718d6c20f898383a5b933b94f10fe7df0b8cebd1c95b171,2024-11,Gloucestershire Constabulary,Gloucestershire Constabulary,-2.241716,51.860965,On or near Belgrave Road,E01034793,Gloucester 004I,Investigation complete; no suspect identified
c9d3caef6ea7569b3a0f7f2c979ba87c22965c5f46f9915d605677339b20a5cf,2024-11,Gloucestershire Constabulary,Gloucestershire Constabulary,-2.246049,51.861954,On or near Brunswick Road,E01034793,Gloucester 004I,Suspect charged
6707fa0d6cb0ed14fa72cae0df8a55ffdfde6efaf3f47926aa58f9e380deaab9,2024-11,Gloucestershire Constabulary,Gloucestershire Constabulary,-2.218869,51.746212,On or near Shopping Area,E01034804,Stroud 006G,Suspect charged
4053e88d3f2da68a080743d8fbf3f9472c34293a8740116e923fd78518c03ba3,2024-11,Gloucestershire Constabulary,Gloucestershire Constabulary,-2.529240,51.726316,On or near Bath Place,E01022256,Forest of Dean 009E,Unable to prosecute suspect
f3eb100df52525d698a474f9a4ca755ae8af2d44f34254a7546f11cf8b3aa7e0,2024-11,Gloucestershire Constabulary,Gloucestershire Constabulary,-2.248604,51.882879,On or near Sandhurst Lane,E01022440,Tewkesbury 006A,Unable to prosecute suspect
a12c73ec8893eb1cf7a58ca99cffd6a8c3458f232211b29c0c1f6408af98d030,2024-11,Gloucestershire Constabulary,Gloucestershire Constabulary,-2.248604,51.882879,On or near Sandhurst Lane,E01022440,Tewkesbury 006A,Unable to prosecute suspect
7a67bf82446d969ad5585022db1f67c7f18cc48b8ac38e75a36afd474f267c6e,2024-11,Gloucestershire Constabulary,Gloucestershire Constabulary,-2.247951,51.856690,On or near New Street,E01022332,Gloucester 004A,Unable to prosecute suspect
65fcea23b84ce07f0b3caabb3d39d02f54629bc3aedd6585c24e39826f8e2eb0,2024-11,Gloucestershire Constabulary,Gloucestershire Constabulary,-2.139538,51.980286,On or near Bluebell Grove,E01032938,Tewkesbury 001F,Investigation complete; no suspect identified
ee7b0eac543337a96e8bbfee0def99713ba6dd4946bc5bb7ff3ebd6c8f659c6e,2024-11,Gloucestershire Constabulary,Gloucestershire Constabulary,-2.078545,51.895892,On or near Imperial,E01022126,Cheltenham 009F,Investigation complete; no suspect identified
83e4addb73826d4bc3215eb0b113d8982496dd613eaa6cda3e9d5207f4317fc4,2024-11,Gloucestershire Constabulary,Gloucestershire Constabulary,-2.337142,51.642282,On or near Coombe Lane,E01022417,Stroud 015D,Unable to prosecute suspect
203e552f30538680d932ca182ba5fd9c7ab677afedf57f152e33721b93e920f5,2024-11,Gloucestershire Constabulary,Gloucestershire Constabulary,-2.337142,51.642282,On or near Coombe Lane,E01022417,Stroud 015D,Unable to prosecute suspect
f52375d515e2785d6df2ba15d9d8b3fc6a8c9a32ee261e8216e1c551f29ae001,2024-11,Gloucestershire Constabulary,Gloucestershire Constabulary,-2.337142,51.642282,On or near Coombe Lane,E01022417,Stroud 015D,Unable to prosecute suspect
72b00c1a828f767bbc05eeb16a0cb4e72541ac0798a28cf563ba63e29b971cb2,2024-11,Gloucestershire Constabulary,Gloucestershire Constabulary,-1.966908,51.954399,On or near Parking Area,E01022463,Tewkesbury 003B,Local resolution
5bd77cc57db979da038aa5ab1833fe6a594c3bf66800644cdaa05df190e5e1ff,2024-11,Gloucestershire Constabulary,Gloucestershire Constabulary,-2.248604,51.882879,On or near Sandhurst Lane,E01022440,Tewkesbury 006A,Unable to prosecute suspect
622d3a9d123a186ee2d986dcec8fa28db7aaff0296f10355bcf83e120b2a75f7,2024-11,Gloucestershire Constabulary,Gloucestershire Constabulary,-2.250872,51.857125,On or near Supermarket,E01022332,Gloucester 004A,Investigation complete; no suspect identified
7fd388c2273f35fdcf5991fa79694074d9b0b2df24cfb94e5aada69675e174e8,2024-11,Gloucestershire Constabulary,Gloucestershire Constabulary,-2.250872,51.857125,On or near Supermarket,E01022332,Gloucester 004A,Investigation complete; no suspect identified
70935b7cc6ec0ee1db68369d97942ce5a4ad15149e26be26e62dfe497480b345,2024-11,Gloucestershire Constabulary,Gloucestershire Constabulary,-1.689410,51.990722,On or near Proctor Road,E01034781,Cotswold 002F,Unable to prosecute suspect
2812126547555edf2fb24319d3379cee7dc4403355b9a6b449a113b4b723f508,2024-11,Gloucestershire Constabulary,Gloucestershire Constabulary,-2.245781,51.863420,On or near Shopping Area,E01032937,Gloucester 004F,Unable to prosecute suspect
bd15cf45e96c1eca1b229623c79a5c2f505b266e04f3cfd5751137fb99a6c0b9,2024-11,Gloucestershire Constabulary,Gloucestershire Constabulary,-2.245781,51.863420,On or near Shopping Area,E01032937,Gloucester 004F,Unable to prosecute suspect
e40d06f0c09fc71078caf531dff63ea07aad6f862a606ecba86c50a14e51b042,2024-11,Gloucestershire Constabulary,Gloucestershire Constabulary,-2.219442,51.843359,On or near Chatcombe Road,E01022324,Gloucester 011E,Investigation complete; no suspect identified
15e82d6c9263b2a7d438696615b192120acad4cffa3e4ae78f5828e1de79ca0c,2024-11,Gloucestershire Constabulary,Gloucestershire Constabulary,-2.310909,51.726080,On or near Court Road,E01022407,Stroud 009E,Unable to prosecute suspect
7ceb6da8894766f95ade067972fe56797e1873033fb4fdfacf625ceebaba1885,2024-11,Gloucestershire Constabulary,Gloucestershire Constabulary,-2.265203,51.822568,On or near Lakenheath,E01034795,Gloucester 015I,Local resolution
80cc55028b275f122218059f04c896c09e6a641a32874643b1739b928fc423a5,2024-11,Gloucestershire Constabulary,Gloucestershire Constabulary,-2.215505,51.833647,On or near Gatmeres Road,E01022319,Gloucester 011A,Unable to prosecute suspect
af0bd47bae77117db6208ba3976468dff6b7941788155c1d4995e51dd67e21ac,2024-11,Gloucestershire Constabulary,Gloucestershire Constabulary,-2.215505,51.833647,On or near Gatmeres Road,E01022319,Gloucester 011A,Unable to prosecute suspect
a1c502349f89f5045554d544136aa7cc6bcdd6e05f7011f014db1366113c00fa,2024-11,Gloucestershire Constabulary,Gloucestershire Constabulary,-2.240227,51.862182,On or near Nightclub,E01034793,Gloucester 004I,Unable to prosecute suspect
e8ead78cf1d1be6d5e47daa727364e80f2bab5a3930bc2b1210611c9d2149a73,2024-11,Gloucestershire Constabulary,Gloucestershire Constabulary,-2.242476,51.864506,On or near Clarence Street,E01032937,Gloucester 004F,Local resolution
227aef9953ead5736c048f065d974188c289663c9b7dc181e042e939338a14e2,2024-11,Gloucestershire Constabulary,Gloucestershire Constabulary,-2.074675,51.902512,On or near Rose And Crown Passage,E01022153,Cheltenham 004D,Unable to prosecute suspect
838a60edd4a92b7458a445fd0e3ff368754a34faacf2e403d605786c60ebcc5d,2024-11,Gloucestershire Constabulary,Gloucestershire Constabulary,-2.240227,51.862182,On or near Nightclub,E01034793,Gloucester 004I,Suspect charged
838a60edd4a92b7458a445fd0e3ff368754a34faacf2e403d605786c60ebcc5d,2024-11,Gloucestershire Constabulary,Gloucestershire Constabulary,-2.240227,51.862182,On or near Nightclub,E01034793,Gloucester 004I,Suspect charged
838a60edd4a92b7458a445fd0e3ff368754a34faacf2e403d605786c60ebcc5d,2024-11,Gloucestershire Constabulary,Gloucestershire Constabulary,-2.240227,51.862182,On or near Nightclub,E01034793,Gloucester 004I,Suspect charged
d6dc22ffd31ee8e3e4fcd34e3c0e877b00b3ff1ec5327f03f7cf6797976680f6,2024-11,Gloucestershire Constabulary,Gloucestershire Constabulary,-2.223499,51.689443,On or near B4058,E01022386,Stroud 013B,Investigation complete; no suspect identified
56509a8832d5e80bd9b11c97468bd7f8e946c9f2f0ecec6801012c5cc233714d,2024-11,Gloucestershire Constabulary,Gloucestershire Constabulary,-2.240511,51.855591,On or near Howard Street,E01022292,Gloucester 005E,Investigation complete; no suspect identified
7dc9eda913db52aa214182a304054dd99ca4da7424f5bf564d43af78a03107cf,2024-11,Gloucestershire Constabulary,Gloucestershire Constabulary,-2.209634,51.744503,On or near Chapel Street,E01022399,Stroud 006B,Investigation complete; no suspect identified
d3261a550408ece96f060ff6611acd8fc0b0cd1fe9ba266d1250f53db1c01112,2024-11,Gloucestershire Constabulary,Gloucestershire Constabulary,-2.191307,51.886925,On or near Elderberry Mews,E01022428,Tewkesbury 007D,Unable to prosecute suspect
eaefbec30e0a946b2b3fd2dbba8cf77997fd4937d712de0d4c37f3be2ae8981b,2024-11,Gloucestershire Constabulary,Gloucestershire Constabulary,-2.270088,51.819338,On or near Leuchars Close,E01032933,Gloucester 015E,Suspect charged
ac8cd638b46f25d43be30f4b0179b642317d819c2202dd14486574d5a2f2da99,2024-11,Gloucestershire Constabulary,Gloucestershire Constabulary,-2.259536,51.838665,On or near Keats Avenue,E01022333,Gloucester 009E,Local resolution
69e4cb0764746c7a70332d8d56d7fa200b6e532389acdac339d544558f7daed9,2024-11,Gloucestershire Constabulary,Gloucestershire Constabulary,-2.235556,51.860348,On or near Vauxhall Terrace,E01022289,Gloucester 005B,Unable to prosecute suspect
c9b887131e56bbab4672a32791e2747d385ed6273991b35118e0e39a5fc1222f,2024-11,Gloucestershire Constabulary,Gloucestershire Constabulary,-1.972389,51.721436,On or near Gloucester Street,E01022195,Cotswold 007B,Unable to prosecute suspect
dcdf09517d6705b30129a0c7eafb6a2179d374a97ec1616b45ddd68867400e9f,2024-11,Gloucestershire Constabulary,Gloucestershire Constabulary,,,No location,,,Suspect charged
2cb274423669b1071992516c695edca595622984e2ce49f5d3f28878450d8f47,2024-11,Gloucestershire Constabulary,Gloucestershire Constabulary,,,No location,,,Unable to prosecute suspect
b5daefbabf838378f6fc5a6175bacea7016f32b2f476ca69332cb58ef1a8a761,2024-11,Gloucestershire Constabulary,Gloucestershire Constabulary,-2.294154,51.816826,On or near Mylne Close,E01022378,Stroud 001A,Unable to prosecute suspect
0f011f963326c5fd0f24e1cb831e41b2825efb7dc3b3022fc52d70101c4cdb64,2024-11,Gloucestershire Constabulary,Gloucestershire Constabulary,-2.294154,51.816826,On or near Mylne Close,E01022378,Stroud 001A,Suspect charged
97aa711ef8c07005eee49e1990df41b5c035cc161a6c97711faac8285de7d3e7,2024-11,Gloucestershire Constabulary,Gloucestershire Constabulary,-2.294154,51.816826,On or near Mylne Close,E01022378,Stroud 001A,Suspect charged
d4c2a0a6be233141616dee40df3927f8dcddf47d90882e2e21b619965ac1d9b2,2024-11,Gloucestershire Constabulary,Gloucestershire Constabulary,-2.294154,51.816826,On or near Mylne Close,E01022378,Stroud 001A,Suspect charged
9f159838ad8453a9dee648c41454fd1abb02bd1b7653a7123080360093968eae,2024-11,Gloucestershire Constabulary,Gloucestershire Constabulary,-2.294154,51.816826,On or near Mylne Close,E01022378,Stroud 001A,Suspect charged
4f1a8a45819f373993816e142950c33fdb5ab33620aaa6c950e663f9c569ae6f,2024-11,Gloucestershire Constabulary,Gloucestershire Constabulary,-2.294154,51.816826,On or near Mylne Close,E01022378,Stroud 001A,Suspect charged
33e6c51e4de3b822ecb162a37081242ca3044c25ac630140aad7bc5cb7acfe48,2024-11,Gloucestershire Constabulary,Gloucestershire Constabulary,-2.294154,51.816826,On or near Mylne Close,E01022378,Stroud 001A,Unable to prosecute suspect
eee15f0bbaf12893f9365424608c471a83b4015b33111bcae0131dbde602b924,2024-11,Gloucestershire Constabulary,Gloucestershire Constabulary,-2.294154,51.816826,On or near Mylne Close,E01022378,Stroud 001A,Suspect charged
4dcdb18f7e3f414fba5c0d3cc69a6e652f2d5f1e33ec20378d6d7b85b3f6191d,2024-11,Gloucestershire Constabulary,Gloucestershire Constabulary,-2.294154,51.816826,On or near Mylne Close,E01022378,Stroud 001A,Suspect charged
bf4f5237358173f155182ca1fbf3edc9b86b353ea9e084d4dcaf54125d592483,2024-11,Gloucestershire Constabulary,Gloucestershire Constabulary,-2.241137,51.863933,On or near Russell Street,E01032937,Gloucester 004F,Suspect charged
2b12fee97038a07aacb7b2de08a4f47805200c2ab28713eb6a3d61d9a26833e6,2024-11,Gloucestershire Constabulary,Gloucestershire Constabulary,-2.241137,51.863933,On or near Russell Street,E01032937,Gloucester 004F,Suspect charged
6844e78ec672e7255baf0c3cc5409cf1d58c6b1abaa242ee6306d88767444f79,2024-11,Gloucestershire Constabulary,Gloucestershire Constabulary,-2.241137,51.863933,On or near Russell Street,E01032937,Gloucester 004F,Suspect charged
a4ffd0edc1ad135459c072984765ba28892abede782765decd6344b44f72f0f5,2024-11,Gloucestershire Constabulary,Gloucestershire Constabulary,-2.076597,51.895732,On or near Vittoria Walk,E01022117,Cheltenham 009B,Unable to prosecute suspect
d1be3a5a665ee04ed2bc96f248c7c487622fe23f73dddf097479dbdfb5c02b78,2024-11,Gloucestershire Constabulary,Gloucestershire Constabulary,-2.245463,51.866379,On or near St John's Lane,E01032937,Gloucester 004F,Unable to prosecute suspect
b95dd84d95de1b7129f8c8cf6f558e9682709cd4966582397f325a34fa8b7263,2024-11,Gloucestershire Constabulary,Gloucestershire Constabulary,-2.054572,51.900860,On or near B4075,E01022100,Cheltenham 008A,Suspect charged as part of another case
2d8a25afe295ae7911f60cd801d3d2fb987bb82121c87ed6c6fb8c178aac8558,2024-11,Gloucestershire Constabulary,Gloucestershire Constabulary,-2.054572,51.900860,On or near B4075,E01022100,Cheltenham 008A,Suspect charged as part of another case
68f8cf80fa42ba067a0d959e113a389e6b61e05039383b208d21925f184e8535,2024-11,Gloucestershire Constabulary,Gloucestershire Constabulary,-2.229498,51.845588,On or near Kingsley Road,E01022323,Gloucester 008C,Unable to prosecute suspect
af4614d75429b1541c6bbf675491120eb850761c9d3312b44f83f993a19190be,2024-11,Gloucestershire Constabulary,Gloucestershire Constabulary,-1.787252,52.050880,On or near Hoo Lane,E01022184,Cotswold 001D,Investigation complete; no suspect identified
fa15d92fc3af8aa02f65ddfa046bde7b3260a548ae6dc65da2eef253b50432ce,2024-11,Gloucestershire Constabulary,Gloucestershire Constabulary,,,No location,,,Unable to prosecute suspect
b7d677fe43567586bc3342722d13fc092e48fb6ffc628ccce0a4f35cd679f27c,2024-11,Gloucestershire Constabulary,Gloucestershire Constabulary,-2.228632,51.895139,On or near Tewkesbury Road,E01022440,Tewkesbury 006A,Unable to prosecute suspect
ebeed2b81a8dd6312a4ca8c8ce5ffd8823c022b33cc25d01c98073e4ac34b2ae,2024-11,Gloucestershire Constabulary,Gloucestershire Constabulary,-2.500159,51.822468,On or near Commercial Street,E01022240,Forest of Dean 004E,Unable to prosecute suspect
6fd8a70fed2a45fb4af2a466b6db4fa3a16b783562f88b08a25ff6eef1d75d05,2024-11,Gloucestershire Constabulary,Gloucestershire Constabulary,-2.069849,51.892805,On or near Parking Area,E01022116,Cheltenham 009A,Unable to prosecute suspect
ee4cad12bfc0fa51932c3df9566aceffe5e2d6fa8bd2538c7b62db3a428c7b07,2024-11,Gloucestershire Constabulary,Gloucestershire Constabulary,-2.310735,51.959900,On or near Freedom Close,E01022270,Forest of Dean 001D,Suspect charged
0e352a33cf61c35cf52df953d73201e19215a1f332910d2c40c3d1ee26e48a0e,2024-11,Gloucestershire Constabulary,Gloucestershire Constabulary,-2.241137,51.863933,On or near Russell Street,E01032937,Gloucester 004F,Suspect charged
451a0d1164fe9e996455726bdc1394739dd3283d8a19cfbb8aeb864c47c6fcd0,2024-11,Gloucestershire Constabulary,Gloucestershire Constabulary,-2.241137,51.863933,On or near Russell Street,E01032937,Gloucester 004F,Suspect charged
a7dbd7ce793ee9e5b56e79bf4a9d307769df8f0fa3e1877141c92ff9ee3d03c7,2024-11,Gloucestershire Constabulary,Gloucestershire Constabulary,-2.069849,51.892805,On or near Parking Area,E01022116,Cheltenham 009A,Local resolution
f7a7c28316b7cf7a3edaeedeb41b233a483365c855771ea6a957609c275d5c78,2024-11,Gloucestershire Constabulary,Gloucestershire Constabulary,-2.242586,51.741913,On or near Hilly Orchard,E01022356,Stroud 004B,Unable to prosecute suspect
ab6279a19090e5effe7c42d1825a7a1bcff899c8b1caac59e0804191a624d594,2024-11,Gloucestershire Constabulary,Gloucestershire Constabulary,-1.831471,51.757769,On or near Cemetery Lane,E01022175,Cotswold 005A,Local resolution
ca264d7179929133bda76457c05a1195f9e8d79163e63919a25de02f5876790f,2024-11,Gloucestershire Constabulary,Gloucestershire Constabulary,-2.361582,51.689782,On or near Blackboys,E01022375,Stroud 014D,Unable to prosecute suspect
e83d85716d961e6df1a61edd1d2229ec816466f603b4f70e617d9cc87641dbb5,2024-11,Gloucestershire Constabulary,Gloucestershire Constabulary,-2.183169,51.707917,On or near Blue Boys' Park,E01022383,Stroud 010C,Suspect charged
3d6f7a183eceaeb5b76807ff48a037353ae4f065631b433d45bb506f1e2d23f1,2024-11,Gloucestershire Constabulary,Gloucestershire Constabulary,-2.144073,51.978042,On or near Honeysuckle Crescent,E01032938,Tewkesbury 001F,Unable to prosecute suspect
689fdd591a311b1bccb2a58bdc40b6e8a2fd4647831defe8a45a9c7027fea77f,2024-11,Gloucestershire Constabulary,Gloucestershire Constabulary,-2.304517,51.957075,On or near Gloucester Road,E01022247,Forest of Dean 001C,Unable to prosecute suspect
203f067dce81c005a59c2a8a0e75a88fdcdfd9d59e154fb45ae08d53fb8ed4d9,2024-11,Gloucestershire Constabulary,Gloucestershire Constabulary,-1.828079,51.826968,On or near Bassett Road,E01022213,Cotswold 005C,Unable to prosecute suspect
e58ced5f39703b2d78270c3d7feb71152d1901fecfbfa298a7c55672981083af,2024-11,Gloucestershire Constabulary,Gloucestershire Constabulary,-2.249125,51.851113,On or near Balfour Road,E01022328,Gloucester 008D,Unable to prosecute suspect
805be066120f2603aaa68899de8dfa1359ee7b33c8fde796fa6b9994554fc7b6,2024-11,Gloucestershire Constabulary,Gloucestershire Constabulary,-1.775575,51.708269,On or near Lower Croft,E01022204,Cotswold 009C,Investigation complete; no suspect identified
1ad71827df2b9b71cf46caa1ebeb3ee8e31de445ea32b45111928df0d8af9e49,2024-11,Gloucestershire Constabulary,Gloucestershire Constabulary,-2.093410,51.902283,On or near Thornbury Close,E01022156,Cheltenham 007E,Suspect charged
566a6c159bb12e5b06f4fcfb3ccd75a7d4b763b6ced0afaf117e8b99ac7fd113,2024-11,Gloucestershire Constabulary,Gloucestershire Constabulary,-2.190103,51.887304,On or near Lovage Close,E01022428,Tewkesbury 007D,Unable to prosecute suspect
d3909cb26e7a81d61f85e48b1136f0301503ab015980f8fee93932673fac3ae1,2024-11,Gloucestershire Constabulary,Gloucestershire Constabulary,-2.078363,51.908686,On or near Manser Street,E01022152,Cheltenham 004C,Unable to prosecute suspect
5e6f1d64732c665db2782bd0f140355e93dd2503964bef93de2fe3e0a13424df,2024-11,Gloucestershire Constabulary,Gloucestershire Constabulary,-2.481244,51.818798,On or near Parking Area,E01022249,Forest of Dean 004F,Unable to prosecute suspect
5b120b042a7049a52b78b05bd4cb1d4b646d1f35e7e5f2af784c6d73558aa4d9,2024-11,Gloucestershire Constabulary,Gloucestershire Constabulary,-2.039980,51.901342,On or near Fairford Road,E01034779,Cheltenham 012H,Unable to prosecute suspect
951725319d8b2fd7ef9684f80e9264e9d0e4cd59a700f9c82bd5dc304ddd1e2f,2024-11,Gloucestershire Constabulary,Gloucestershire Constabulary,-2.212893,51.747410,On or near Lansdown,E01022414,Stroud 006E,Unable to prosecute suspect
d9e859f0c45ebfe5eb15609468a546a4edf53592b619716f4b3ada142461030b,2024-11,Gloucestershire Constabulary,Gloucestershire Constabulary,-2.219077,51.696518,On or near Springhill Close,E01022386,Stroud 013B,Unable to prosecute suspect
7e36bafe80f552e0917686fbe72a87ae2179ff44dd4f6fe65559bfd68f770430,2024-11,Gloucestershire Constabulary,Gloucestershire Constabulary,-2.611228,51.795905,On or near Wynols Hill Lane,E01022241,Forest of Dean 007B,Unable to prosecute suspect
340b636b61150f4f7a0006b9f9290f434b3ac3fe4f84531216f28f41e83d5651,2024-11,Gloucestershire Constabulary,Gloucestershire Constabulary,-2.235982,51.861291,On or near Widden Street,E01022289,Gloucester 005B,Suspect charged
93a34fdfd6d93e86916204f35b248dc0abcdec373640efc52b30a2da1a27cfdd,2024-11,Gloucestershire Constabulary,Gloucestershire Constabulary,-1.837043,51.831944,On or near May's Crescent,E01022213,Cotswold 005C,Unable to prosecute suspect
fbb8681b73b073d77dba5c82b55525e7adfb3acb6b279543fc230255fe85aa02,2024-11,Gloucestershire Constabulary,Gloucestershire Constabulary,-2.249196,51.861327,On or near Albion Street,E01034792,Gloucester 004H,Investigation complete; no suspect identified
668bb3c7c91a1234b5aca5a2738b796e7c0616be9896ceb1984d42ac067c0a95,2024-11,Gloucestershire Constabulary,Gloucestershire Constabulary,-2.163773,51.734937,On or near The Ridgeway,E01022369,Stroud 008D,Investigation complete; no suspect identified
e2462054c6668963416a3d336ede47075b5da9d0b0a1c5debdec43480cc54f91,2024-11,Gloucestershire Constabulary,Gloucestershire Constabulary,-2.119623,52.003279,On or near Oak Drive,E01022452,Tewkesbury 001D,Unable to prosecute suspect
d40c207c9a7a14d075fddc09c2e712569536da170429846538b1dedf2bd3b3fa,2024-11,Gloucestershire Constabulary,Gloucestershire Constabulary,,,No location,,,Unable to prosecute suspect
65c512ed32430202570eeb53ae45f2caf02dac7152148843af1c31b6fe92e137,2024-11,Gloucestershire Constabulary,Gloucestershire Constabulary,-2.079430,51.903723,On or near St Paul's Street South,E01022153,Cheltenham 004D,Unable to prosecute suspect
204d1641fdcb8dcaff60d69ab8a8ba325bf08cb765e113c7b77c11f9c196d8f0,2024-11,Gloucestershire Constabulary,Gloucestershire Constabulary,-2.263700,51.823605,On or near Prestwick Road,E01032935,Gloucester 015G,Unable to prosecute suspect
0f2caefa5c79b5ca6bd94ddcce904e88c46a123c2af42d9fe6c6f9bbf1dbd952,2024-11,Gloucestershire Constabulary,Gloucestershire Constabulary,-2.574833,51.750351,On or near High Street,E01022232,Forest of Dean 008B,Local resolution
847e843db6fd4f8c1ea4f25e0a0121281bb859ee142998bc79b1faec65e94fe1,2024-11,Gloucestershire Constabulary,Gloucestershire Constabulary,-2.211785,51.888193,On or near Chaffinch Close,E01022448,Tewkesbury 008B,Unable to prosecute suspect
8df6c111fb2b598ffccafcc45420902b6779ef3148fd66c603a87a2934391955,2024-11,Gloucestershire Constabulary,Gloucestershire Constabulary,,,No location,,,Offender given a caution
0b03d5efb5111b782d688a9a9b59450b6ce62fabdd2ee1ee8dcc86e5843a26d9,2024-11,Gloucestershire Constabulary,Gloucestershire Constabulary,-1.722886,51.875696,On or near Manor Farm,E01034785,Cotswold 003G,Unable to prosecute suspect
ac9cd3e3adaeae598d7650f15277a5f3808bb712daa1b904b46683d1653cb2e6,2024-11,Gloucestershire Constabulary,Gloucestershire Constabulary,,,No location,,,Unable to prosecute suspect
8c331e29095b278544a9a6cfd814aa7cbd33451b044d954703e2bd40d01ed81c,2024-11,Gloucestershire Constabulary,Gloucestershire Constabulary,-2.213269,51.836340,On or near St Peter's Road,E01022319,Gloucester 011A,Unable to prosecute suspect
3135b4e5382552da521663ae5aa29605ca19c4b51e831145cfef999e3855b8a6,2024-11,Gloucestershire Constabulary,Gloucestershire Constabulary,,,No location,,,Further action is not in the public interest
f42a4aad05d6e0670979e83518e20f2ee2a3db57bac2382e0e1eeb7bbfedf5c6,2024-11,Gloucestershire Constabulary,Gloucestershire Constabulary,-2.120400,51.913002,On or near Honeybourne Drive,E01022161,Cheltenham 003C,Unable to prosecute suspect
c60df083c26916f770a500cd439498d08fb60c737f59e95d227ef1595a4da4e0,2024-11,Gloucestershire Constabulary,Gloucestershire Constabulary,-2.169679,51.722728,On or near Browns Hill,E01022366,Stroud 008A,Investigation complete; no suspect identified
df4b05cd1e3ce0e41849c715e5cecf15808b386238f441f17a318839b278cd68,2024-11,Gloucestershire Constabulary,Gloucestershire Constabulary,-2.045356,51.884491,On or near Courtfield Drive,E01022112,Cheltenham 012G,Investigation complete; no suspect identified
26d43e97513962ceef8c0ed1c45b03c5c32f8b8018679933243315166d07b9c3,2024-11,Gloucestershire Constabulary,Gloucestershire Constabulary,-2.264550,51.824916,On or near Marham Drive,E01032935,Gloucester 015G,Unable to prosecute suspect
c5ace6c5d7b98444fed8ecf61bf5bf80f459e02465636955631f5e13145dc6ce,2024-11,Gloucestershire Constabulary,Gloucestershire Constabulary,-2.502383,51.825417,On or near Parragate Road,E01022240,Forest of Dean 004E,Unable to prosecute suspect
300acad93c91aafffd07fad4acce03efe470156bf602caf580a38f1d6753516d,2024-11,Gloucestershire Constabulary,Gloucestershire Constabulary,-2.504485,51.822665,On or near Listers Place,E01022239,Forest of Dean 004D,Unable to prosecute suspect
29e5c1206acad8873225c806638d0180e59ec3b52866ad2f5ee2cba282150bb7,2024-11,Gloucestershire Constabulary,Gloucestershire Constabulary,-2.168286,51.644048,On or near Wheat Hill,E01022218,Cotswold 011D,Unable to prosecute suspect
e91ddb37b976f90ab241d0211cb485e15fb6d12ac6a255216069d0eb7c4835c2,2024-11,Gloucestershire Constabulary,Gloucestershire Constabulary,-2.267508,51.834377,On or near Tolsey Gardens,E01022301,Gloucester 013C,Unable to prosecute suspect
352a68fa882c1ec51ae7c86f9e2fecc0cbcab3d32ff7b829866b63b8ef8cc594,2024-11,Gloucestershire Constabulary,Gloucestershire Constabulary,-4.686746,53.303454,On or near Parking Area,W01000040,Isle of Anglesey 004D,Suspect charged
2589ea593f54a151d6c988e13bce85ec58f979cf0a697369b06f038328854d89,2024-11,Gloucestershire Constabulary,Gloucestershire Constabulary,,,No location,,,Unable to prosecute suspect
9dc6df2ffd3852cb309bc0554b2fbd1f02ccad3f5ae15c8ef60681b61eada071,2024-11,Gloucestershire Constabulary,Gloucestershire Constabulary,,,No location,,,Unable to prosecute suspect
6487c8c74ee3ca21aeeeccb9449b854f649cc0d88c279034693e3f946dd2989a,2024-11,Gloucestershire Constabulary,Gloucestershire Constabulary,-2.289828,51.744000,On or near Barlow Close,E01022400,Stroud 005A,Unable to prosecute suspect
9e61c74c58c7b9128327ff580752cb9931b4c076498d1efb889ecf467f7acaf5,2024-11,Gloucestershire Constabulary,Gloucestershire Constabulary,-2.289828,51.744000,On or near Barlow Close,E01022400,Stroud 005A,Unable to prosecute suspect
58abce3afdc1040f49d4ea9fc201a79749b03deecf8f18b3829f801510bc9510,2024-11,Gloucestershire Constabulary,Gloucestershire Constabulary,-2.243385,51.860755,On or near Park Road,E01034792,Gloucester 004H,Unable to prosecute suspect
732412d20229ca81d73c33fcc0306759c3fd492c22e8990fed08746b59bed858,2024-11,Gloucestershire Constabulary,Gloucestershire Constabulary,-2.079188,51.898005,On or near Nightclub,E01022127,Cheltenham 009G,Unable to prosecute suspect
f20dc2f40f4584dc4f26cea536cef6e67783e1f9b497156d28a60c6000e18f54,2024-11,Gloucestershire Constabulary,Gloucestershire Constabulary,,,No location,,,Unable to prosecute suspect
632d069d4dc8d8f1407f16d32e9c2f694763ebf8502522d2763de34234e0e08c,2024-11,Gloucestershire Constabulary,Gloucestershire Constabulary,,,No location,,,Unable to prosecute suspect
79c5ab999c1ea298dc55a2b59cf11bf004e96dcbec83aed6e569e27e2b2764cc,2024-11,Gloucestershire Constabulary,Gloucestershire Constabulary,-2.218711,51.830297,On or near Caledonian Road,E01022319,Gloucester 011A,Unable to prosecute suspect
9844836145c64c443c1cb155fbab9adcb45f7ac9c3c21b7810020ff35392478c,2024-11,Gloucestershire Constabulary,Gloucestershire Constabulary,-2.262102,51.833139,On or near Sapphire Close,E01022301,Gloucester 013C,Unable to prosecute suspect
aae01b84e2a185269c0c2df2de20355c5e513e125b5de98aad5a9ff3d12da386,2024-11,Gloucestershire Constabulary,Gloucestershire Constabulary,-2.238155,51.860343,On or near All Saints' Road,E01022289,Gloucester 005B,Investigation complete; no suspect identified
4ee01a61933b97e62485ff5f064c3579e8f3e9b3af6f71ce2db92d9d203b9de9,2024-11,Gloucestershire Constabulary,Gloucestershire Constabulary,-2.600018,51.792528,On or near School Close,E01022243,Forest of Dean 007D,Suspect charged
e9df698e5c4be60959cd94fb39bc2e38dbf846db8b26f912c01de1e00dee8a5a,2024-11,Gloucestershire Constabulary,Gloucestershire Constabulary,-2.073568,51.900643,On or near Shopping Area,E01022102,Cheltenham 008C,Investigation complete; no suspect identified
b12868a47bd2b7a5f54be6d77ea9de51ba620b5f26c94e5e251121edb46e693e,2024-11,Gloucestershire Constabulary,Gloucestershire Constabulary,-2.236972,51.867268,On or near Claremont Road,E01022311,Gloucester 002C,Suspect charged
8d754dc4b054237bc41b9716b4d556134a4f55ce30fc82bca83da8aebeab8224,2024-11,Gloucestershire Constabulary,Gloucestershire Constabulary,-2.542751,51.846061,On or near Denehurst,E01022252,Forest of Dean 003B,Unable to prosecute suspect
8abb85687af24209d6a0e144641a84c64c392710a6b7668c23c3a035e815de01,2024-11,Gloucestershire Constabulary,Gloucestershire Constabulary,-2.106353,51.886798,On or near Warren Close,E01022174,Cheltenham 011E,Unable to prosecute suspect
4f10fc98068cd73ccbffb4a5832b4cbcd9ac3a10211c36ef1f233763f8bea77f,2024-11,Gloucestershire Constabulary,Gloucestershire Constabulary,-2.311342,51.755408,On or near Duxbury Close,E01022376,Stroud 003A,Investigation complete; no suspect identified
140382b3082fa45d18e32cc2a6fd4a41caffddadd52a9f7f090f54782b7c6e86,2024-11,Gloucestershire Constabulary,Gloucestershire Constabulary,-2.050945,51.996065,On or near Walnut Bank Drive,E01022449,Tewkesbury 003A,Unable to prosecute suspect
b59e54928fb0303dc5f4024d48f37c7646447e4e6c13ac806d0d37692192449c,2024-11,Gloucestershire Constabulary,Gloucestershire Constabulary,-2.197412,51.854412,On or near Anbrook Crescent,E01022283,Gloucester 006A,Unable to prosecute suspect
081f254fa4b751953c3f6baedf01e01108cb20ad2c9e7be954f04331e0869c93,2024-11,Gloucestershire Constabulary,Gloucestershire Constabulary,-2.570533,51.757466,On or near John Hale Close,E01022231,Forest of Dean 008A,Unable to prosecute suspect
a217f39f275a36cea40ce9c8ee426c623b8293965ef5b3935115db4969c3ed3f,2024-11,Gloucestershire Constabulary,Gloucestershire Constabulary,-2.241137,51.863933,On or near Russell Street,E01032937,Gloucester 004F,Offender given a caution
337daa5eb510ce7e84b44ddb3f834972807474ee82462f0d7b6b0a8d6837f262,2024-11,Gloucestershire Constabulary,Gloucestershire Constabulary,-2.081718,51.890783,On or near Casino Place,E01022137,Cheltenham 011C,Unable to prosecute suspect
b731d4b3d22658758ae60a67a76c4dc011a58f259a620ff296416ca8225a8373,2024-11,Gloucestershire Constabulary,Gloucestershire Constabulary,-2.064664,51.904577,On or near Selkirk Close,E01022141,Cheltenham 008E,Suspect charged
c821e1487e81ed68699b1456f59fffc3c1f62d4eb9c28d8d2e2d4fb76da56150,2024-11,Gloucestershire Constabulary,Gloucestershire Constabulary,-2.250894,51.842766,On or near Redwood Close,E01022334,Gloucester 009F,Unable to prosecute suspect
0fbbf15aadfde12b1fcb1bb22136addad46f6fcf2821ef9b48111bcb463abc18,2024-11,Gloucestershire Constabulary,Gloucestershire Constabulary,-2.076678,51.898785,On or near Hospital,E01022117,Cheltenham 009B,Unable to prosecute suspect
f26b89ff638173f41ee2a37b7c60ccc6fd007016028e79ec52d3ab481c3ee1a3,2024-11,Gloucestershire Constabulary,Gloucestershire Constabulary,-2.238725,51.866545,On or near Parking Area,E01022311,Gloucester 002C,Unable to prosecute suspect
20814a071899fbf0a9c5da707d2e6a1c04b235efddf9148256f5034458a1fe7c,2024-11,Gloucestershire Constabulary,Gloucestershire Constabulary,-2.600018,51.792528,On or near School Close,E01022243,Forest of Dean 007D,Suspect charged
973139daffb043c07401eada52bf99aed51f26ea07a5db540dbe9893a5bb3fa4,2024-11,Gloucestershire Constabulary,Gloucestershire Constabulary,-2.214026,51.833803,On or near Munsley Grove,E01022319,Gloucester 011A,Suspect charged
210a3a2f3834bf7038d054d28e3c0e42c2026ecd00590dd1b5bf717cf6261683,2024-11,Gloucestershire Constabulary,Gloucestershire Constabulary,-2.214026,51.833803,On or near Munsley Grove,E01022319,Gloucester 011A,Suspect charged
c91bc43ed9f3e881b45a8a5ec06ba7adf90e70392fa1a83668902b10faf4f955,2024-11,Gloucestershire Constabulary,Gloucestershire Constabulary,-2.214026,51.833803,On or near Munsley Grove,E01022319,Gloucester 011A,Suspect charged
e66cb75d3f9a0d0900a813c34bce731a9846ae703254994091105856ae19370f,2024-11,Gloucestershire Constabulary,Gloucestershire Constabulary,-2.245463,51.866379,On or near St John's Lane,E01032937,Gloucester 004F,Suspect charged
43a73538b05df00afed1e21ccd5eed05b9a7f5acde17dcd6d2f7c7518173ed0a,2024-11,Gloucestershire Constabulary,Gloucestershire Constabulary,-2.228080,51.866504,On or near Mayhill Way,E01022312,Gloucester 002D,Unable to prosecute suspect
81640332016c794b03204c1667c88d882c6fb75a16a1b1ad1975abd3bcaf6571,2024-11,Gloucestershire Constabulary,Gloucestershire Constabulary,-2.079430,51.903723,On or near St Paul's Street South,E01022153,Cheltenham 004D,Unable to prosecute suspect
ae14c7a9d7e479c0321ab23ffacec1f9e7536d0e4eb4a5f790802e59a8e8a9e2,2024-11,Gloucestershire Constabulary,Gloucestershire Constabulary,-2.184028,51.844265,On or near Hazel Way,E01034808,Tewkesbury 009G,Unable to prosecute suspect
27934576938c599a0042ff699dec3a9679e2514ce4b73e1780c946ee28594628,2024-11,Gloucestershire Constabulary,Gloucestershire Constabulary,-2.369168,51.759754,On or near Meadow View,E01022396,Stroud 003B,Suspect charged
d995dfa0342c00996fe5aae1775f501006e9d4332b83e03eab18b9473e28a256,2024-11,Gloucestershire Constabulary,Gloucestershire Constabulary,-1.747912,51.881345,On or near Lamberts Field,E01034784,Cotswold 003F,Unable to prosecute suspect
57d355a681c48e50eddd6f1ad37a69f7308d0405288d7c7ab43d10bbea749c09,2024-11,Gloucestershire Constabulary,Gloucestershire Constabulary,-2.175790,51.983708,On or near Parking Area,E01022456,Tewkesbury 002A,Unable to prosecute suspect
dc67e24d340754a948c44f84410b365bacc628fc7947b91277ec48932ae5ca6b,2024-11,Gloucestershire Constabulary,Gloucestershire Constabulary,-1.687600,51.991320,On or near Lysander Way,E01034781,Cotswold 002F,Unable to prosecute suspect
3f92cfd7e69267f8167d42ef2a29c734c722b60b3ffc8884c974facf178cd69b,2024-11,Gloucestershire Constabulary,Gloucestershire Constabulary,-2.241704,51.874991,On or near Sandhurst Road,E01022310,Gloucester 002B,Unable to prosecute suspect
2a0ee91d168de7f2389fbb0ebdaf11f2b7bd1a5f5e92dafeaf9f1aaba1d777d7,2024-11,Gloucestershire Constabulary,Gloucestershire Constabulary,-2.212893,51.747410,On or near Lansdown,E01022414,Stroud 006E,Further action is not in the public interest
51ae8e74ffb3e9473e783607fedeca0ee90594d4bad3398ab69d07627fbe2429,2024-11,Gloucestershire Constabulary,Gloucestershire Constabulary,-2.214026,51.833803,On or near Munsley Grove,E01022319,Gloucester 011A,Unable to prosecute suspect
0ff94fbf8e0d84891be84799c397de3dd0fa567681a92bdecfc11618fe7a86c7,2024-11,Gloucestershire Constabulary,Gloucestershire Constabulary,-2.509021,51.835089,On or near Steam Mills Road,E01022240,Forest of Dean 004E,Unable to prosecute suspect
2309c0de24b472cfba585d754d55bf6397162c18224a2786b036de42ed887af2,2024-11,Gloucestershire Constabulary,Gloucestershire Constabulary,-2.251297,51.748332,On or near The Bassetts,E01022357,Stroud 004C,Suspect charged
900284b051183c6c7b3345eb3ed0437a3a78422b2bc42c03c02070d5f4aec4e5,2024-11,Gloucestershire Constabulary,Gloucestershire Constabulary,-2.251947,51.854650,On or near Danwood Court,E01022326,Gloucester 009A,Unable to prosecute suspect
d344b1238dc271dd3efc9ad79efd161b08f5f2d9277cd20fc1de635a9cfa9485,2024-11,Gloucestershire Constabulary,Gloucestershire Constabulary,-2.232753,51.764573,On or near Victory Road,E01022389,Stroud 004F,Suspect charged
b41d12c1a9aa685a6f4a3a98aa370e274f8d905b642fbe205487780e4649d785,2024-11,Gloucestershire Constabulary,Gloucestershire Constabulary,-2.009451,51.757430,On or near Parking Area,E01022201,Cotswold 004C,Suspect charged
a096b4a63d9bbae71a4f8e5a56de0dbe469607a9c81a7a4ae1a3ddecd0ca190f,2024-11,Gloucestershire Constabulary,Gloucestershire Constabulary,,,No location,,,Unable to prosecute suspect
9abb3151eaac1084140c596ec1cf1c4ce77e96339ad4e44c1840a2736a3eab3e,2024-11,Gloucestershire Constabulary,Gloucestershire Constabulary,-2.205242,51.877631,On or near Doverdale Drive,E01022317,Gloucester 001D,Local resolution
40f4c8562aed2cc7325ddfd4926d2c309b02dc71388940052faa216d007faef7,2024-11,Gloucestershire Constabulary,Gloucestershire Constabulary,-2.247765,51.830716,On or near Windrush Road,E01022346,Gloucester 012D,Suspect charged
975591c6a0a6b592a422e8db9a92398fa32272495ac4cde74619b41576d178ae,2024-11,Gloucestershire Constabulary,Gloucestershire Constabulary,-2.246730,51.829936,On or near Bourton Road,E01022346,Gloucester 012D,Suspect charged
975591c6a0a6b592a422e8db9a92398fa32272495ac4cde74619b41576d178ae,2024-11,Gloucestershire Constabulary,Gloucestershire Constabulary,-2.246730,51.829936,On or near Bourton Road,E01022346,Gloucester 012D,Suspect charged
bb8e55170955b783e1a4fad09e81e751d42da022c4927d09caf9ed31c226269b,2024-11,Gloucestershire Constabulary,Gloucestershire Constabulary,-2.252628,51.828494,On or near Bateman Close,E01022345,Gloucester 012C,Unable to prosecute suspect
77927c7fded7bd509b6c1e4f8b392307a757f64fd51b3921b769b17992a4fbbd,2024-11,Gloucestershire Constabulary,Gloucestershire Constabulary,-2.267852,51.819010,On or near Cerney Walk,E01034796,Gloucester 015J,Offender given a caution
23832bc4129a7a454a54836cfb1c178bf6f16d35a64ec2efa0526d6edfd873ee,2024-11,Gloucestershire Constabulary,Gloucestershire Constabulary,-2.051822,51.872836,On or near Gadshill Road,E01022109,Cheltenham 012D,Unable to prosecute suspect
d3fa28a120cd5d2069007ab0e3de3f81b4e1db0ac3e47dc53476e20056f575a4,2024-11,Gloucestershire Constabulary,Gloucestershire Constabulary,-2.325760,51.771895,On or near Vaisey Field,E01022396,Stroud 003B,Suspect charged
a51c2aaf0250b1df29bf523b4565da0f7381e858d2b5a19e23ca5f9d755d856c,2024-11,Gloucestershire Constabulary,Gloucestershire Constabulary,-2.235898,51.870228,On or near Henry Road,E01022309,Gloucester 002A,Unable to prosecute suspect
215096445aa5a9cc0ee5e003f054704d95a91d115a7f32d977bcc085cb88d905,2024-11,Gloucestershire Constabulary,Gloucestershire Constabulary,-2.207765,51.744327,On or near Cotteswold Rise,E01022399,Stroud 006B,Local resolution
8cfa368246caa89ddaec6d1e8322c2457be4b6df11e6d17432c36242d8825757,2024-11,Gloucestershire Constabulary,Gloucestershire Constabulary,-2.207765,51.744327,On or near Cotteswold Rise,E01022399,Stroud 006B,Local resolution
5a1ca1684e06d318d9b2c51dd5b6529560e6232cf8157332ce64d28f7e97c6a4,2024-11,Gloucestershire Constabulary,Gloucestershire Constabulary,-1.971143,51.953061,On or near Abbey View,E01022464,Tewkesbury 003C,Unable to prosecute suspect
0b5db5c79cd5dc128e8b6b3738b554338cacd100c7b25c2f0deee38d3e3cd380,2024-11,Gloucestershire Constabulary,Gloucestershire Constabulary,-2.069934,51.909923,On or near Park/Open Space,E01022141,Cheltenham 008E,Unable to prosecute suspect
3d9a9a7c7e9ef3523fce677080f9f785572fb25d00b2962eac9f7ea74f73b940,2024-11,Gloucestershire Constabulary,Gloucestershire Constabulary,-2.080653,51.896565,On or near Queen's Circus,E01022126,Cheltenham 009F,Investigation complete; no suspect identified
15a24d2891a243dbf98fe6bd929fab7562682ae6ff6054918a4081b390ce9f0f,2024-11,Gloucestershire Constabulary,Gloucestershire Constabulary,-2.213315,51.750889,On or near Grove Park Road,E01022411,Stroud 006D,Local resolution
a1e68d285007bddf65e44ff2db0fad791dd30d59fa6ca3a2a3711b3cdb15dde4,2024-11,Gloucestershire Constabulary,Gloucestershire Constabulary,-2.286295,51.755535,On or near Sydney,E01022402,Stroud 005C,Unable to prosecute suspect
e47c1ab3824ad0663bf10db1aa1fdfb7924d9247c4c9f233a06739728bbe9501,2024-11,Gloucestershire Constabulary,Gloucestershire Constabulary,-2.201628,51.712787,On or near Brimscombe Hill,E01022382,Stroud 010B,Local resolution
21ed3caea5cca9518d17f0c6be86a4b86e6febd6072783b9a57fded35308737b,2024-11,Gloucestershire Constabulary,Gloucestershire Constabulary,-2.209680,51.751246,On or near Capel Court,E01022411,Stroud 006D,Unable to prosecute suspect
5cdc890b2b3a498a975601b76c80fc77801b42d95b1dbd90072ebba9434b9e78,2024-11,Gloucestershire Constabulary,Gloucestershire Constabulary,-2.234032,51.846631,On or near Broadway,E01022323,Gloucester 008C,Unable to prosecute suspect
6be929a7170120c6003782c983232790bf781b0c5b7359b25055f8368a676d91,2024-11,Gloucestershire Constabulary,Gloucestershire Constabulary,-2.234032,51.846631,On or near Broadway,E01022323,Gloucester 008C,Unable to prosecute suspect
651786b3784fa1a2404752daf31ad7f8b5790a05a3709e1b95d79274d597410a,2024-11,Gloucestershire Constabulary,Gloucestershire Constabulary,-2.078180,51.903669,On or near St George's Street,E01022153,Cheltenham 004D,Unable to prosecute suspect
25e21a23d2402dcc91b32a71d7756c4d98db06c7704dc7536b1c5c6fcb8f2da0,2024-11,Gloucestershire Constabulary,Gloucestershire Constabulary,-2.076678,51.898785,On or near Hospital,E01022117,Cheltenham 009B,Suspect charged
d4aa2514f2f1b2c7250cf8522bd7614dab8040f69359ffbbbcb3bd4280e972fd,2024-11,Gloucestershire Constabulary,Gloucestershire Constabulary,,,No location,,,Unable to prosecute suspect
93368b27c88d7b26fb11b28f42768de07738e1d474ec9fe06399fb179dcc3424,2024-11,Gloucestershire Constabulary,Gloucestershire Constabulary,-2.226248,51.898047,On or near Twigworth Views,E01022440,Tewkesbury 006A,Unable to prosecute suspect
6f2264b70cc4fed8bc5eda971805692c7782269263465de0dbfc2c336a800d5c,2024-11,Gloucestershire Constabulary,Gloucestershire Constabulary,-2.282947,51.824837,On or near Scholars Walk,E01022335,Gloucester 015A,Suspect charged
76ce6dbe859d92d01f1f87925a960014a5cf7fdafea6a81269b979187641a41a,2024-11,Gloucestershire Constabulary,Gloucestershire Constabulary,-2.280519,51.819295,On or near Lanham Gardens,E01022338,Gloucester 015D,Unable to prosecute suspect
bedb9bbd4959009ee682347f14dd26f4956c2d3734f7187387714060e467c65f,2024-11,Gloucestershire Constabulary,Gloucestershire Constabulary,-2.080982,51.917990,On or near Swindon Lane,E01022166,Cheltenham 001D,Unable to prosecute suspect
18534f911c3df6fcfc5fee834f7ef5df0199602fd0635c737790cd330dc617d5,2024-11,Gloucestershire Constabulary,Gloucestershire Constabulary,-2.142142,51.731198,On or near Highfield Way,E01022367,Stroud 008B,Unable to prosecute suspect
6fa35473f8f497fecd1c57b52ad1b99d7b9c192c0c77cc65a3415fc3393f71d4,2024-11,Gloucestershire Constabulary,Gloucestershire Constabulary,-2.175759,51.838263,On or near Nautilus Close,E01034809,Tewkesbury 009H,Unable to prosecute suspect
f1dfe90b6d24170cc25d382dad137a2aa270cea005cfb555e8a2f00b2474421f,2024-11,Gloucestershire Constabulary,Gloucestershire Constabulary,-2.182463,51.845005,On or near Willow Close,E01034808,Tewkesbury 009G,Investigation complete; no suspect identified
ba8ea35aaf72470f791399b1bf67a0493da9b4ec733eb5dc6eefe18918e4ffcb,2024-11,Gloucestershire Constabulary,Gloucestershire Constabulary,-2.233726,51.857538,On or near St James Street,E01022291,Gloucester 005D,Unable to prosecute suspect
eedc9117397e64b68abad37b8979bcb73e146fe3ac0a8e0979ff1e73ac96a38a,2024-11,Gloucestershire Constabulary,Gloucestershire Constabulary,,,No location,,,Unable to prosecute suspect
c5d930f1f74338a929b6aba7c57b51d6ba268393a68e64a193137dd871f426b2,2024-11,Gloucestershire Constabulary,Gloucestershire Constabulary,-2.202991,51.877671,On or near Maple Court,E01022316,Gloucester 001C,Unable to prosecute suspect
386a20b36822064ef7a332c1b871a73a4656b3b03e1ae36faf8caffd91d23fe5,2024-11,Gloucestershire Constabulary,Gloucestershire Constabulary,-2.142142,51.731198,On or near Highfield Way,E01022367,Stroud 008B,Unable to prosecute suspect
7b9a94588b2c4268eae3620e714830b39c6aa350366d87d49cef53dcdea535f8,2024-11,Gloucestershire Constabulary,Gloucestershire Constabulary,-2.241137,51.863933,On or near Russell Street,E01032937,Gloucester 004F,Suspect charged
e58d17d49e34756eeb1f1e52a5f56c3ceff91740710845d8004d7ccdb853cd62,2024-11,Gloucestershire Constabulary,Gloucestershire Constabulary,-2.241137,51.863933,On or near Russell Street,E01032937,Gloucester 004F,Unable to prosecute suspect
20a5f0a552dc7bd42d633bbc8fd1216f92686e723a4b1b7d138c83c8779e3968,2024-11,Gloucestershire Constabulary,Gloucestershire Constabulary,,,No location,,,Local resolution
b92c200a474d06320e81a0ff88eaab62775a1be90db651e0d0d21091358ee612,2024-11,Gloucestershire Constabulary,Gloucestershire Constabulary,-2.089180,51.909488,On or near Hope Street,E01022164,Cheltenham 001B,Unable to prosecute suspect
0227c6963ef3c337ae251e7668847c1b8f2aabb5d444ad31645828721b209221,2024-11,Gloucestershire Constabulary,Gloucestershire Constabulary,-2.010884,51.942533,On or near Park/Open Space,E01022434,Tewkesbury 004A,Unable to prosecute suspect
908bba0cda1f14e779e30e64fbe61cb3cc49da89248c4bab8233681bdf8c23b7,2024-11,Gloucestershire Constabulary,Gloucestershire Constabulary,-2.240227,51.862182,On or near Nightclub,E01034793,Gloucester 004I,Unable to prosecute suspect
eee19624cfa5739bfbd5aa6de9b0f304e7a005e3bf595cfd4e7288409bf32841,2024-11,Gloucestershire Constabulary,Gloucestershire Constabulary,-2.257733,51.835585,On or near Crypt Court,E01022302,Gloucester 013D,Local resolution
3085a149c02e6d5ca580d3234cb7de9cdcd19debf609565a880dcfce60b27c0b,2024-11,Gloucestershire Constabulary,Gloucestershire Constabulary,-2.165078,51.731483,On or near Dorington Court,E01022369,Stroud 008D,Unable to prosecute suspect
a38601c9618c5e12dd6b643a71eb894f3beb6778f307d5eeeb2e0fda9f4b53fa,2024-11,Gloucestershire Constabulary,Gloucestershire Constabulary,-2.241745,51.852873,On or near Catherine Court,E01022328,Gloucester 008D,Unable to prosecute suspect
22e199d381d408a04c7798a87e141219da0166669b7861ad11260506af1a0819,2024-11,Gloucestershire Constabulary,Gloucestershire Constabulary,-2.209531,51.862861,On or near Barnwood Road,E01022287,Gloucester 007G,Unable to prosecute suspect
12c1ac9b61762e7f12c80e9d2b6c22296cf6d97c4aae0d0142598c35e7b8aade,2024-11,Gloucestershire Constabulary,Gloucestershire Constabulary,-2.275462,51.806091,On or near Niblett Close,E01034802,Stroud 001H,Unable to prosecute suspect
85e1370e6d73f989f271e976fcb39a0f3417f0ad11577b416f7571a9016eadbf,2024-11,Gloucestershire Constabulary,Gloucestershire Constabulary,-2.625322,51.815773,On or near Woodland Road,E01022234,Forest of Dean 006A,Investigation complete; no suspect identified
8fe0aaa4ab3d9e2921b6266b1f1a57eac85896b8496beced85a5458e183bc9a1,2024-11,Gloucestershire Constabulary,Gloucestershire Constabulary,-2.478993,51.762363,On or near Sports/Recreation Area,E01022228,Forest of Dean 005A,Investigation complete; no suspect identified
75605425a68dd456d8094814b654a2f7aa57d014f250ef324b4a92229cfd5805,2024-11,Gloucestershire Constabulary,Gloucestershire Constabulary,-2.254867,51.744369,On or near East Drive,E01022355,Stroud 004A,Investigation complete; no suspect identified
c37c15716faea5cda297226baf5d958ca100cccb3af0dae663579022f25d89f3,2024-11,Gloucestershire Constabulary,Gloucestershire Constabulary,-2.219442,51.843359,On or near Chatcombe Road,E01022324,Gloucester 011E,Unable to prosecute suspect
57bff2a3503336828c2183979e1f566a012002d9bc931cfdaf4f82c4a207fbb6,2024-11,Gloucestershire Constabulary,Gloucestershire Constabulary,-2.114342,51.903235,On or near Yalta Close,E01022121,Cheltenham 005B,Unable to prosecute suspect
3e1be2cbc50e47f6002e0265bd63ffa71f2d84e357cf1cb9ed501a508d77c7f6,2024-11,Gloucestershire Constabulary,Gloucestershire Constabulary,-1.968686,51.716994,On or near Nightclub,E01022194,Cotswold 007A,Suspect charged as part of another case
aac44e2d261f6d226021cd7b89f5a4a051f674434e251481c630ad6d6d627b9b,2024-11,Gloucestershire Constabulary,Gloucestershire Constabulary,-2.123559,51.951516,On or near Swan Lane,E01022453,Tewkesbury 004D,Unable to prosecute suspect
c2c3628e64bc0ba9fc1bb1f6893c67994dc2a87337154f2beee82ab91ba92b52,2024-11,Gloucestershire Constabulary,Gloucestershire Constabulary,-2.275462,51.806091,On or near Niblett Close,E01034802,Stroud 001H,Unable to prosecute suspect
422ba69993833a7e97a5220bedfd7d1ba163131623487cc0ed505c5d913bb7fc,2024-11,Gloucestershire Constabulary,Gloucestershire Constabulary,-1.781799,51.954544,On or near Close Gardens,E01022205,Cotswold 002C,Unable to prosecute suspect
218a13c0644e8c731afc14a754bdf872ab8d5632ae497d14cc4c0872b48e61f9,2024-11,Gloucestershire Constabulary,Gloucestershire Constabulary,-2.079617,51.898902,On or near Nightclub,E01022127,Cheltenham 009G,Suspect charged
f89cf641edc305c7448701224ee53f9f461f296f9c8115073ddd556e5aae6f9b,2024-11,Gloucestershire Constabulary,Gloucestershire Constabulary,-2.056126,51.911414,On or near Bushel Close,E01022140,Cheltenham 008D,Unable to prosecute suspect
b07b8c2e60d1fbb7cd0365f4d33def3de940199324d46177fb8c5adf9021e3de,2024-11,Gloucestershire Constabulary,Gloucestershire Constabulary,-2.159069,51.842405,On or near Green Close,E01022421,Tewkesbury 009A,Unable to prosecute suspect
8ae9f769da95515b70df244b9478852fb5eb53c360ee682c44de1de4f31e00f8,2024-11,Gloucestershire Constabulary,Gloucestershire Constabulary,-2.231886,51.753875,On or near Heathfield Road,E01022377,Stroud 004E,Unable to prosecute suspect
d0a58b5762b2aafe436c7a6430ee62eadcdf5a5eb244859b2535e50e83ac4a44,2024-11,Gloucestershire Constabulary,Gloucestershire Constabulary,-2.241269,51.861514,On or near Arthur Street,E01034793,Gloucester 004I,Unable to prosecute suspect
34bf83edffdb8917e2d68edb38024312de4e0932c415b7661290e0a089f42a87,2024-11,Gloucestershire Constabulary,Gloucestershire Constabulary,-2.192128,51.745540,On or near Margaret Hills Place,E01022399,Stroud 006B,Investigation complete; no suspect identified
3526c7731818868b0f58bba4d4bb7757c8cedccdddcd3c86fab76242d76a4677,2024-11,Gloucestershire Constabulary,Gloucestershire Constabulary,-2.151275,51.847000,On or near Tamar Road,E01022424,Tewkesbury 009D,Unable to prosecute suspect
07e9d57cefa1e69765a9c88f70ce6260c5101c4da82631d482b0611aaa657256,2024-11,Gloucestershire Constabulary,Gloucestershire Constabulary,-2.266962,51.830467,On or near Althorp Close,E01022299,Gloucester 013A,Unable to prosecute suspect
feec2f1f251115f37f00d6bc8a97ff8e8789478d922eea4540f84ada3f3e8603,2024-11,Gloucestershire Constabulary,Gloucestershire Constabulary,-2.151275,51.847000,On or near Tamar Road,E01022424,Tewkesbury 009D,Unable to prosecute suspect
d4a623c9966a01599a83c0849f8729b5c3fa98afa6bbd6e85e484be247bcba9a,2024-11,Gloucestershire Constabulary,Gloucestershire Constabulary,-2.218084,51.745603,On or near King Street,E01034804,Stroud 006G,Unable to prosecute suspect
25f01f0980de293ac8d288a44697521b5bc52c1a84937ced44f9589afddc2a72,2024-11,Gloucestershire Constabulary,Gloucestershire Constabulary,-2.230369,51.749041,On or near Jack Russell Close,E01034803,Stroud 006F,Unable to prosecute suspect
a025200e725781c5088c4907bddd621d86b37711b3e527d37834f7b50b0ee062,2024-11,Gloucestershire Constabulary,Gloucestershire Constabulary,-2.119945,51.862312,On or near Hillview Gardens,E01022454,Tewkesbury 008C,Unable to prosecute suspect
4935cb56905fb8574b0f29213b2ea33ef749baa35dc94abff6a371e0f67bfe82,2024-11,Gloucestershire Constabulary,Gloucestershire Constabulary,-1.757463,51.882848,On or near Chardwar Gardens,E01022181,Cotswold 003B,Unable to prosecute suspect
a10deb34d6f685b52b1cf70dceb699fc1e4617bd9db285d41eb42125d6318d6d,2024-11,Gloucestershire Constabulary,Gloucestershire Constabulary,-2.071038,51.900392,On or near Parking Area,E01022102,Cheltenham 008C,Suspect charged as part of another case
b29565d149d4b74a9ffe265ee70249348a790d086e3d73133e6be53e90489bc7,2024-11,Gloucestershire Constabulary,Gloucestershire Constabulary,-2.074078,51.901406,On or near Albion Walk,E01022102,Cheltenham 008C,Suspect charged as part of another case
7a19e1bf049dc9080b2d05c07ffa6e37300e919a9296af82684e9b84cf9004ec,2024-11,Gloucestershire Constabulary,Gloucestershire Constabulary,-2.083831,51.901930,On or near Supermarket,E01022127,Cheltenham 009G,Suspect charged as part of another case
f17cc5882384c21aa15ed615f1c23cc3eec724f9b8058dc5b59579178fe3622b,2024-11,Gloucestershire Constabulary,Gloucestershire Constabulary,-2.086746,51.905965,On or near Supermarket,E01034777,Cheltenham 007G,Suspect charged as part of another case
9ec26ed20276722be825ab682ac9bc17df167eaa83dd5deb1c5e3c0cff27fbd2,2024-11,Gloucestershire Constabulary,Gloucestershire Constabulary,-2.083831,51.901930,On or near Supermarket,E01022127,Cheltenham 009G,Suspect charged as part of another case
93721b8eeddd943cc374c5b81dda3c9510a3929ca43d5d41d53028d4470a3762,2024-11,Gloucestershire Constabulary,Gloucestershire Constabulary,-2.245910,51.852424,On or near Churchill Road,E01022328,Gloucester 008D,Investigation complete; no suspect identified
9e3074dda814a13cdec2073309ca9d5994900c487976f4231888dc9410363e60,2024-11,Gloucestershire Constabulary,Gloucestershire Constabulary,-2.212370,51.851986,On or near Coney Hill Parade,E01022285,Gloucester 007E,Investigation complete; no suspect identified
6d433b9e02a1ae0db636972f26736893453e8a6bab40e7f92b461274aef3629c,2024-11,Gloucestershire Constabulary,Gloucestershire Constabulary,-2.049683,51.908630,On or near Pennine Road,E01022131,Cheltenham 006A,Unable to prosecute suspect
1bbf5ca87cd41eaa4f233ac95ae2362fb9e3b4b8dd459de067fae310c7a68a33,2024-11,Gloucestershire Constabulary,Gloucestershire Constabulary,-2.527967,51.727607,On or near Shopping Area,E01022256,Forest of Dean 009E,Unable to prosecute suspect
d7092c33319042f06114840eeec7494a0b551f98fbcc055f29f8ee7f17d0c515,2024-11,Gloucestershire Constabulary,Gloucestershire Constabulary,-1.757463,51.882848,On or near Chardwar Gardens,E01022181,Cotswold 003B,Unable to prosecute suspect
48255936d15e1a947de3105db1b0750637c400433a72b426ee99bc984f299c61,2024-11,Gloucestershire Constabulary,Gloucestershire Constabulary,-2.246322,51.837552,On or near Beechwood Grove,E01022344,Gloucester 012B,Unable to prosecute suspect
1272d3dd5d612bb0c2f8e6be65cf8cb5a09d7c013bc642b208818f34e07238e3,2024-11,Gloucestershire Constabulary,Gloucestershire Constabulary,-2.157068,51.847173,On or near Vicarage Lane,E01022424,Tewkesbury 009D,Unable to prosecute suspect
b1c82c4eba9c685ef258d6d48720379d21ea60ca23e6e17c5d845716f3f6dc20,2024-11,Gloucestershire Constabulary,Gloucestershire Constabulary,,,No location,,,Unable to prosecute suspect
a6fda528d73d868a0a6ee180a868867bfca96502a62a32c9d26e2ebb2328304e,2024-11,Gloucestershire Constabulary,Gloucestershire Constabulary,-2.252516,51.868099,On or near Westgate Street,E01032932,Gloucester 004E,Investigation complete; no suspect identified
c53b2f7b95f741af47f5988c9f5977445cdfc2f059431ec9f222c845fbe77a5c,2024-11,Gloucestershire Constabulary,Gloucestershire Constabulary,-2.073274,51.898764,On or near Cambray Place,E01022117,Cheltenham 009B,Investigation complete; no suspect identified
5999427aa84aa75ac38aec55d010a57798169485564c031018d0e9cd596a124a,2024-11,Gloucestershire Constabulary,Gloucestershire Constabulary,-1.966690,51.715833,On or near West Way,E01022194,Cotswold 007A,Suspect charged
fefaab6cc6f674ff53d30f2b70480e97eae382bf4a3cb7d9edef782506607121,2024-11,Gloucestershire Constabulary,Gloucestershire Constabulary,-2.098234,51.914947,On or near Shopping Area,E01022165,Cheltenham 001C,Suspect charged
ce56b3a09a3e8d39ba79c4a7fca4570c00767ff80a259174e393c2c589718645,2024-11,Gloucestershire Constabulary,Gloucestershire Constabulary,-2.173530,51.896402,On or near Vernon Court,E01022431,Tewkesbury 007G,Investigation complete; no suspect identified
588b261358c65aa554ca5dbb1329f6bfde08b8b2d26aef23d473482c98d89973,2024-11,Gloucestershire Constabulary,Gloucestershire Constabulary,-2.489203,51.865123,On or near High Street,E01022258,Forest of Dean 003C,Suspect charged
06002e94b063d3f90560ce9afd7f37fd6db54711410a3035ee975c02d1891e9e,2024-11,Gloucestershire Constabulary,Gloucestershire Constabulary,-2.117206,51.897694,On or near Monks Croft,E01022147,Cheltenham 005C,Unable to prosecute suspect
a431ed89d432c3a6cbe9e8caa5da2741201c392854f0b5684b345837e6281ba2,2024-11,Gloucestershire Constabulary,Gloucestershire Constabulary,-2.241468,51.874371,On or near Kingsholm Court,E01022310,Gloucester 002B,Action to be taken by another organisation
7ba089a9f4311f39fd9086ae9e11b1abb6183b8780d50fecebcfbe718dfcc6ca,2024-11,Gloucestershire Constabulary,Gloucestershire Constabulary,-2.098234,51.914947,On or near Shopping Area,E01022165,Cheltenham 001C,Suspect charged
4ee780b7e614a660c8daa8bbe6d88d4a07b26ffb44aaff6f69c401b5ecd5cf6f,2024-11,Gloucestershire Constabulary,Gloucestershire Constabulary,-2.196945,51.747510,On or near Summer Crescent,E01022414,Stroud 006E,Unable to prosecute suspect
d727ca66df53622ef3391d0a4230f19618557682ddf217a1412887b88af48946,2024-11,Gloucestershire Constabulary,Gloucestershire Constabulary,-2.244136,51.862722,On or near Kiln Close,E01034793,Gloucester 004I,Investigation complete; no suspect identified
dcea8262ceeea3c0668a25911667bd80d334bca17222aa07d2e9953a7a448c73,2024-11,Gloucestershire Constabulary,Gloucestershire Constabulary,-2.523448,51.722484,On or near Orchard Road,E01022254,Forest of Dean 009C,Unable to prosecute suspect
ac338d598cec112b8c795a92c0b2cc78caf347eab23264348c27f86f109cd2c2,2024-11,Gloucestershire Constabulary,Gloucestershire Constabulary,-2.617330,51.807346,On or near Crow Ash Road,E01022229,Forest of Dean 007A,Unable to prosecute suspect
0e141cba4b5e6bf82aa4eae9396ce1632596c5af01f9c22f81492075f36d7116,2024-11,Gloucestershire Constabulary,Gloucestershire Constabulary,-2.075866,51.901792,On or near High Street,E01022127,Cheltenham 009G,Investigation complete; no suspect identified
b6bc5f969c8edcfab3d370bec038350a3225fe8622913d8e6e6d1bef7647da80,2024-11,Gloucestershire Constabulary,Gloucestershire Constabulary,-2.356478,51.778396,On or near Church Lane,E01022396,Stroud 003B,Unable to prosecute suspect
aee273bc6c90537f4cddfe348c7f89f55eb9442fd053c2ca840672d5b2d1af81,2024-11,Gloucestershire Constabulary,Gloucestershire Constabulary,-2.236118,51.863077,On or near Supermarket,E01022289,Gloucester 005B,Investigation complete; no suspect identified
fa96184f9203c31cd7fa2a126f1575054c58664df86960dc290c731162e521d6,2024-11,Gloucestershire Constabulary,Gloucestershire Constabulary,-2.214965,51.747550,On or near Supermarket,E01022414,Stroud 006E,Unable to prosecute suspect
09a74010ed29e85961214c4be712514594493f0576e8526b5ba7c88350c3ba90,2024-11,Gloucestershire Constabulary,Gloucestershire Constabulary,,,No location,,,Unable to prosecute suspect
eb4d704b6ba3c6af191e77d86130378c22b5e9bb94cf5fbbba866b40d17a2e97,2024-11,Gloucestershire Constabulary,Gloucestershire Constabulary,-2.218869,51.746212,On or near Shopping Area,E01034804,Stroud 006G,Unable to prosecute suspect
3be96fb4c601b72fd8507620ee55508c5c6400d4ae92c52dca9646baa794f60e,2024-11,Gloucestershire Constabulary,Gloucestershire Constabulary,-1.727834,51.811548,On or near Windrush Heights,E01022215,Cotswold 005D,Investigation complete; no suspect identified
2d8c14a2e0edfe4541fe4c6827ae03e5baf0e072cfbf450c2cb8bc35851cd270,2024-11,Gloucestershire Constabulary,Gloucestershire Constabulary,-2.622703,51.796303,On or near Oakfields,E01022242,Forest of Dean 007C,Unable to prosecute suspect
5f3a7c3353e690fdcb1c682851bc59ea7ae36722640e560af52ed88b32943c5a,2024-11,Gloucestershire Constabulary,Gloucestershire Constabulary,-2.115833,51.883849,On or near Fernleigh Crescent,E01022170,Cheltenham 013D,Unable to prosecute suspect
88b1792bb52e713e8b3a4d3e50907208623285ed33b43bec8f9fa5435a4f08f9,2024-11,Gloucestershire Constabulary,Gloucestershire Constabulary,-2.599102,51.797784,On or near Kingsway,E01022244,Forest of Dean 007E,Unable to prosecute suspect
756b0c37922394c2b714633122095703c76d66d526ec0fec43e7a7ed6b161b45,2024-11,Gloucestershire Constabulary,Gloucestershire Constabulary,-2.086998,51.916134,On or near Supermarket,E01022163,Cheltenham 001A,Unable to prosecute suspect
89069c9e743a0db756c38f8c185b8d1c22c88386fd1fad500ea98d368c14344f,2024-11,Gloucestershire Constabulary,Gloucestershire Constabulary,-2.087916,51.894932,On or near Lansdown Crescent Lane,E01022126,Cheltenham 009F,Unable to prosecute suspect
e86ea94a06674ee4a6bbad2179d93e5abb40998ecb7633993491bd5204a50cb2,2024-11,Gloucestershire Constabulary,Gloucestershire Constabulary,-2.489203,51.865123,On or near High Street,E01022258,Forest of Dean 003C,Suspect charged
299d5944e2ccb1255b27da56a114321a4356751ce34bc7b5e57f66488d1c6a6a,2024-11,Gloucestershire Constabulary,Gloucestershire Constabulary,-2.066406,51.952344,On or near The Lea,E01034811,Tewkesbury 010A,Unable to prosecute suspect
c96b6666f2cdbac446fcd27ae0a167a915c68731670fdb60aa1ca9fdf298a0d9,2024-11,Gloucestershire Constabulary,Gloucestershire Constabulary,-2.216098,51.745291,On or near High Street,E01034804,Stroud 006G,Suspect charged
4166ce5a66c28c86eb0f0e685941198f214c15e02f77e8e5a4e7db5878494107,2024-11,Gloucestershire Constabulary,Gloucestershire Constabulary,-2.182307,51.842335,On or near Gamecock Close,E01034799,Stroud 001E,Unable to prosecute suspect
31c4242dd2733427a1b4e9b44754874e8b67b56425d0ce673cc3a88d8e96e73a,2024-11,Gloucestershire Constabulary,Gloucestershire Constabulary,-2.252910,51.858055,On or near Parking Area,E01022332,Gloucester 004A,Suspect charged
9214f6be837a9db5224c606b6a8af139c5f541b2649fa1728fc5ed10589549b2,2024-11,Gloucestershire Constabulary,Gloucestershire Constabulary,-2.234267,51.852699,On or near Lattistep Court,E01022294,Gloucester 008B,Unable to prosecute suspect
5e125dbe3d0fdd220f4b93fa97a738cf3fb488a59d9943fd47ee7fdbf339d45e,2024-11,Gloucestershire Constabulary,Gloucestershire Constabulary,-2.263386,51.816953,On or near Goose Bay Drive,E01034798,Gloucester 015L,Unable to prosecute suspect
21b8f3e9e679ccb99df2070d5b3bc1e6375427f1df91de8971666368159763ad,2024-11,Gloucestershire Constabulary,Gloucestershire Constabulary,-2.248735,51.872486,On or near Parking Area,E01032932,Gloucester 004E,Investigation complete; no suspect identified
9d22e0c581fd80ef411ecf7e64e1e09ed0f237a6225ea0733426e5ab05d9bce8,2024-11,Gloucestershire Constabulary,Gloucestershire Constabulary,,,No location,,,Suspect charged
eec992e21f359d9c968dee4d405a769bf2cf9b9a3fa64e098c9b38f8f8d0ac2d,2024-11,Gloucestershire Constabulary,Gloucestershire Constabulary,-2.232602,51.856281,On or near Upton Street,E01022288,Gloucester 005A,Unable to prosecute suspect
abfb589a52ba7abb623ff21a55d8110dfcf04cf53f1cde860eb98f10fd2a99bb,2024-11,Gloucestershire Constabulary,Gloucestershire Constabulary,-2.058321,51.911305,On or near Welland Lodge Road,E01022140,Cheltenham 008D,Unable to prosecute suspect
92428a7e8c503d62891a8d50ddd2ad5920a5af3edda78e8d30d4d015533d7c7e,2024-11,Gloucestershire Constabulary,Gloucestershire Constabulary,-2.190457,51.854298,On or near Porchester Road,E01022305,Gloucester 006D,Unable to prosecute suspect
e3749ed506fde47e4dce795953502171c255aa8998daf8709abdbb58ab9d86db,2024-11,Gloucestershire Constabulary,Gloucestershire Constabulary,-2.162190,51.842589,On or near Bobbin Close,E01034810,Tewkesbury 009I,Unable to prosecute suspect
bcf0797d43e7c9fd670a535ab0824377f8edf977804e946cda93a085f8687eb5,2024-11,Gloucestershire Constabulary,Gloucestershire Constabulary,-2.162190,51.842589,On or near Bobbin Close,E01034810,Tewkesbury 009I,Unable to prosecute suspect
5c6fe3337854fdb22652bb40f0bd3de5b3ef00a1c70a0ecfc064a9826e280954,2024-11,Gloucestershire Constabulary,Gloucestershire Constabulary,-2.286641,51.741670,On or near Wharfdale Way,E01022400,Stroud 005A,Investigation complete; no suspect identified
3299f0210651dfe5326b80c678582093072dcd7229a3f2f6d5b65c6bf911f4dc,2024-11,Gloucestershire Constabulary,Gloucestershire Constabulary,-2.228718,51.855030,On or near Diamond Jubilee Close,E01022288,Gloucester 005A,Unable to prosecute suspect
784e306c297c785f4f129c9c967d9e596b72ce6cfa39b3ce13dd37e7a78dc440,2024-11,Gloucestershire Constabulary,Gloucestershire Constabulary,-2.066508,51.903227,On or near Selkirk Street,E01022142,Cheltenham 008F,Unable to prosecute suspect
062095bbc06808bc3dab98e163f344e423a86e8c6317585445d241ff6d902fe1,2024-11,Gloucestershire Constabulary,Gloucestershire Constabulary,-2.145920,51.762429,On or near Stancombe Lane,E01022354,Stroud 002A,Unable to prosecute suspect
fafa0e72b37524d3628eefcedc3a4b29d313d26cb5c370a51e5594b023800825,2024-11,Gloucestershire Constabulary,Gloucestershire Constabulary,-2.083831,51.901930,On or near Supermarket,E01022127,Cheltenham 009G,Suspect charged
b401ec8ce0f507d0f6de032fed567617748a44c7c6710aa60a3a624f80e0b28f,2024-11,Gloucestershire Constabulary,Gloucestershire Constabulary,-2.258837,51.858609,On or near Petrol Station,E01034791,Gloucester 004G,Suspect charged
273f1b93e890dc56675e3d4d8296eeb57d8f913ba39885a5023410cad94326ad,2024-11,Gloucestershire Constabulary,Gloucestershire Constabulary,-2.158524,51.637723,On or near Parking Area,E01022220,Cotswold 011F,Unable to prosecute suspect
918e70bb6d2fb075c4e2ba1e45fa5a5818729f2f9bec11b16c1d6f3b54a65738,2024-11,Gloucestershire Constabulary,Gloucestershire Constabulary,-1.974147,51.659407,On or near Elm View,E01022224,Cotswold 010C,Unable to prosecute suspect
80415e4bb235fe91cf77a9da77b3ff0e525837ee597e26fd46e80a8600e40e8c,2024-11,Gloucestershire Constabulary,Gloucestershire Constabulary,-2.243009,51.864339,On or near Shopping Area,E01032937,Gloucester 004F,Unable to prosecute suspect
c693f99195ee4340612dcd94c4309bce9f37a604e92aa6a632305b0cc6f1e324,2024-11,Gloucestershire Constabulary,Gloucestershire Constabulary,-2.110438,51.911412,On or near Ismay Road,E01022159,Cheltenham 005E,Unable to prosecute suspect
5faeee7f66ada2b10426a0dc7412b19f499db9cd24b61714baaa8ef219c36832,2024-11,Gloucestershire Constabulary,Gloucestershire Constabulary,-2.151361,51.993344,On or near Watledge Close,E01022460,Tewkesbury 002E,Unable to prosecute suspect
e6a92f80523a7f775322e245139ca120d281b27b541b890f0d64355cafb3f81b,2024-11,Gloucestershire Constabulary,Gloucestershire Constabulary,-2.242965,51.866348,On or near Shopping Area,E01032937,Gloucester 004F,Investigation complete; no suspect identified
36c9df252e536e3558887a8cc4af2fcfc4cc40e6fe2a29fcfc92d53ba9b93f05,2024-11,Gloucestershire Constabulary,Gloucestershire Constabulary,-2.226414,51.852913,On or near Stonehenge Road,E01022284,Gloucester 007D,Unable to prosecute suspect
7591d719b6b8502de398d13c5b8d3f5a26461953cba605147e69e48d5507e99e,2024-11,Gloucestershire Constabulary,Gloucestershire Constabulary,-2.626696,51.771565,On or near Orchard Close,E01022264,Forest of Dean 008C,Unable to prosecute suspect
8603a0b0506e38f77612f1f2e931a7b7a194e710de5ee3e92120d522ab971b93,2024-11,Gloucestershire Constabulary,Gloucestershire Constabulary,-2.291554,51.755540,On or near Rowbotham Way,E01022403,Stroud 005D,Unable to prosecute suspect
5a21206380473e91b63265855000c8384b867b53a62eaef7fff3c3df354ab94a,2024-11,Gloucestershire Constabulary,Gloucestershire Constabulary,-2.464078,51.691390,On or near Park View Road,E01022352,Stroud 012B,Investigation complete; no suspect identified
3028d9e5e0cc25badd62a224a3f968f26830709fb0679ca0dcad9f4631f9ec90,2024-11,Gloucestershire Constabulary,Gloucestershire Constabulary,-2.214787,51.835258,On or near Matson Avenue,E01022319,Gloucester 011A,Unable to prosecute suspect
5c27bac10d9dbcc800ae5c32d9a2a493faa1386e2d369969608d0bfa1d42c989,2024-11,Gloucestershire Constabulary,Gloucestershire Constabulary,-2.214787,51.835258,On or near Matson Avenue,E01022319,Gloucester 011A,Unable to prosecute suspect
7b3fc51c28d8847cf4e7d8803865b514b1bae3e4720411ef15ae895aab2f5fa0,2024-11,Gloucestershire Constabulary,Gloucestershire Constabulary,-2.214787,51.835258,On or near Matson Avenue,E01022319,Gloucester 011A,Unable to prosecute suspect
a0c5292b75012a4d010ae21526cd97ca26870cd1c2788e39024d46169485d744,2024-11,Gloucestershire Constabulary,Gloucestershire Constabulary,-1.752811,51.888674,On or near Roman Way,E01034783,Cotswold 003E,Investigation complete; no suspect identified
f360c1fc19bf22940638667e71b832902296b0521f76e83e4c4a7820360db395,2024-11,Gloucestershire Constabulary,Gloucestershire Constabulary,-2.249716,51.831835,On or near Supermarket,E01022346,Gloucester 012D,Investigation complete; no suspect identified
0a0fc065f3aec95c1f431ff5235445359b5ca1910a98537f71bf94b27557edb3,2024-11,Gloucestershire Constabulary,Gloucestershire Constabulary,-2.294863,51.883105,On or near Tunacre,E01022443,Tewkesbury 006C,Unable to prosecute suspect
0197532ac6cd5102dbcf7e4dcf6e05d985ddb032d39bb74467e969c6f7846abc,2024-11,Gloucestershire Constabulary,Gloucestershire Constabulary,-2.228080,51.866504,On or near Mayhill Way,E01022312,Gloucester 002D,Unable to prosecute suspect
bc57af258966a1f5c8a6da36b26690dabc57731659629b473bcb2faf947ef473,2024-11,Gloucestershire Constabulary,Gloucestershire Constabulary,-2.160969,52.024745,On or near Page's Lane,E01022462,Tewkesbury 002G,Investigation complete; no suspect identified
0bfe3fb5c1cd84f3829ea97f3a697b3c1e87a1ab466a5ef855680d1da40f1557,2024-11,Gloucestershire Constabulary,Gloucestershire Constabulary,-2.193080,51.720777,On or near Brimscombe Lane,E01022409,Stroud 007E,Unable to prosecute suspect
7a6a7a3ce609598fcea82c9006753f596b87ad40c1f013df9667757e48025a54,2024-11,Gloucestershire Constabulary,Gloucestershire Constabulary,-2.236972,51.867268,On or near Claremont Road,E01022311,Gloucester 002C,Unable to prosecute suspect
b2b44d4d42c31ee546b838f996a4a98f0a30d39d93e83055b4b9b1b71fc97c44,2024-11,Gloucestershire Constabulary,Gloucestershire Constabulary,-2.119359,51.903994,On or near Marsland Road,E01022122,Cheltenham 003A,Local resolution
1c15f6057b056f09ffa68cbb5de4093a797919d4ead949de74eace91c4affc84,2024-11,Gloucestershire Constabulary,Gloucestershire Constabulary,-1.933168,51.990123,On or near Sandlin Close,E01022449,Tewkesbury 003A,Unable to prosecute suspect
7d5048006aef90fc1f04a7f02e29cef7dec612810a543a6ee9ea41584a1e8e05,2024-11,Gloucestershire Constabulary,Gloucestershire Constabulary,-2.263831,51.816169,On or near Silverstone Walk,E01034798,Gloucester 015L,Unable to prosecute suspect
4de1cd828f705e2e9b7b9ec4cbd285435cca6815b7e2dece820106429802cc00,2024-11,Gloucestershire Constabulary,Gloucestershire Constabulary,-2.617743,51.794109,On or near St John's Street,E01022241,Forest of Dean 007B,Unable to prosecute suspect
6cae902e9d9ddc7681947d68ab0289d9d03cad38fd8adf1c0ad14f9afb42b1ca,2024-11,Gloucestershire Constabulary,Gloucestershire Constabulary,,,No location,,,Investigation complete; no suspect identified
34aa8907f2f6c5c74e6cc1a62456eeed1d2fd6ea70dff14c099034444e737a2b,2024-11,Gloucestershire Constabulary,Gloucestershire Constabulary,-2.242965,51.866348,On or near Shopping Area,E01032937,Gloucester 004F,Suspect charged
a74baf8c01eb1fe9718a485b277bd7cec45413f115e126ac45cf2da6481876d7,2024-11,Gloucestershire Constabulary,Gloucestershire Constabulary,-2.140647,51.995236,On or near Knights Way,E01022455,Tewkesbury 001E,Unable to prosecute suspect
36d6d18d2c5c5dbc9dc261d57fe1e94e01ab3da77a4d5238c603a19182af5069,2024-11,Gloucestershire Constabulary,Gloucestershire Constabulary,-2.096141,51.874382,On or near Cowslip Close,E01022454,Tewkesbury 008C,Unable to prosecute suspect
2c7f8a7377eb16ea8647e9d247a21a5eb20f35092864e02e106eabef0d4b145e,2024-11,Gloucestershire Constabulary,Gloucestershire Constabulary,-2.241771,51.876618,On or near Greville Close,E01022310,Gloucester 002B,Unable to prosecute suspect
a5f33caf29913eb9847fb362109fbb890af28e504d73dfca4be02c85e28a9bd2,2024-11,Gloucestershire Constabulary,Gloucestershire Constabulary,-2.506538,51.824590,On or near The Keelings,E01022238,Forest of Dean 004C,Unable to prosecute suspect
c4d73f140d101ac060f527953ca994df0e0cff1faeaa8884d9e6600147d919bd,2024-11,Gloucestershire Constabulary,Gloucestershire Constabulary,-2.610370,51.792529,On or near Coalway Road,E01022241,Forest of Dean 007B,Unable to prosecute suspect
cd1aeaa4a0e916241093a1a3979adb80496fde34a1a871f608b2f6030798b578,2024-11,Gloucestershire Constabulary,Gloucestershire Constabulary,-2.209256,51.887982,On or near Robins End,E01022447,Tewkesbury 007H,Unable to prosecute suspect
fd44b72697622b54909e6b8ff2c534545a0a8af4308ae26c19a9610f35bcb6ba,2024-11,Gloucestershire Constabulary,Gloucestershire Constabulary,-2.238155,51.860343,On or near All Saints' Road,E01022289,Gloucester 005B,Unable to prosecute suspect
27b4120183c46d23626a9003018463a398d69b566923a0e54b3979f4ae29a9fe,2024-11,Gloucestershire Constabulary,Gloucestershire Constabulary,,,No location,,,Unable to prosecute suspect
63e46a682f609de95bbf3889c228c35fe3c5e02d20912a4208e6da7980c24bd6,2024-11,Gloucestershire Constabulary,Gloucestershire Constabulary,-2.243792,51.866301,On or near St Aldate Street,E01032937,Gloucester 004F,Unable to prosecute suspect
13edbb92e1b4334c064c3d86da3885ee83f3ef3679faeffc5a7267cd80de4395,2024-11,Gloucestershire Constabulary,Gloucestershire Constabulary,-2.174319,51.837303,On or near Viceroy Close,E01034809,Tewkesbury 009H,Unable to prosecute suspect
535aaf56ba9066ea078e7cd48339336d533e8a9371edbdf3db682b72cdf81fe6,2024-11,Gloucestershire Constabulary,Gloucestershire Constabulary,-2.149914,51.843693,On or near Tone Drive,E01034810,Tewkesbury 009I,Unable to prosecute suspect
3913a430526c94c0158bbca05f61e3bbdee64eb27fd958f6fdf0308b16648c37,2024-11,Gloucestershire Constabulary,Gloucestershire Constabulary,-2.149914,51.843693,On or near Tone Drive,E01034810,Tewkesbury 009I,Unable to prosecute suspect
725ee828a50582c61adeb2c768ea694b943e7405b57ce3d4ba2227da834b248e,2024-11,Gloucestershire Constabulary,Gloucestershire Constabulary,-2.076503,51.900452,On or near Post Office Lane,E01022127,Cheltenham 009G,Investigation complete; no suspect identified
a5c95e9031f54e9cf2e4ba875af0c7c6a456da32275b58be99117cb54bd72f5d,2024-11,Gloucestershire Constabulary,Gloucestershire Constabulary,-2.083244,51.890962,On or near Andover Street,E01022137,Cheltenham 011C,Offender given a caution
0cc9b729d98086a5ae428c03c9dd36ee9d06ab9bbea4031af3581ec733d1dabf,2024-11,Gloucestershire Constabulary,Gloucestershire Constabulary,,,No location,,,Unable to prosecute suspect
99d9c4f61fb2e0c89c356e1474768570abb258c0b1ace7a57ea669d2d3371e50,2024-11,Gloucestershire Constabulary,Gloucestershire Constabulary,-2.234284,51.855855,On or near Albany Street,E01022291,Gloucester 005D,Unable to prosecute suspect
68e6d26e3b875c8ccdbebcc57aff6b0a5d2ebe801f61097d2e02236f6b5fe1cd,2024-11,Gloucestershire Constabulary,Gloucestershire Constabulary,,,No location,,,Unable to prosecute suspect
08e92ec6f58a035ca55fe235ffc1d844afa3ee57bb77753684ee72c4a232eb87,2024-11,Gloucestershire Constabulary,Gloucestershire Constabulary,,,No location,,,Unable to prosecute suspect
e21e9fff7c7cd0a6aa2cd56e5aed488c3f96bb3f753c72d54b990cdeaafb4bdd,2024-11,Gloucestershire Constabulary,Gloucestershire Constabulary,-2.106400,51.912899,On or near Newdawn Place,E01022159,Cheltenham 005E,Unable to prosecute suspect
ea65882ce1207a4283354ea2c6860e4cb07e9ac7bcae7300c61980414e68c891,2024-11,Gloucestershire Constabulary,Gloucestershire Constabulary,-2.237236,51.851354,On or near Nelson Street,E01022329,Gloucester 008E,Unable to prosecute suspect
3ebd4ec01dc36b0ca5332f7e05e4bccbcad7866ca565126d7e3c14312ffa93ef,2024-11,Gloucestershire Constabulary,Gloucestershire Constabulary,-2.237236,51.851354,On or near Nelson Street,E01022329,Gloucester 008E,Unable to prosecute suspect
1427705bc5120e55e4d0e78febf826883cc0d9c1704dfa3d04ce6ebaf39c1cdf,2024-11,Gloucestershire Constabulary,Gloucestershire Constabulary,-1.759277,52.095267,On or near Nursery Close,E01022185,Cotswold 001E,Suspect charged
eca7616722b0a46083c215bf4c424b8589ddd3ee0150adc8cdbc7eb0efeee73d,2024-11,Gloucestershire Constabulary,Gloucestershire Constabulary,-2.237236,51.851354,On or near Nelson Street,E01022329,Gloucester 008E,Unable to prosecute suspect
f3bb1bee98cb21237bbe8d6a610744528b99fab30c4ee06db2bd78fced152c46,2024-11,Gloucestershire Constabulary,Gloucestershire Constabulary,-2.077008,51.898114,On or near Nightclub,E01022117,Cheltenham 009B,Unable to prosecute suspect
8c52aec513fa47a1ea3308e9a0a2edb2171073cc96ae898a84375d5a284ceefc,2024-11,Gloucestershire Constabulary,Gloucestershire Constabulary,-2.116743,51.898827,On or near Pitman Road,E01022147,Cheltenham 005C,Offender given a caution
47de7368056132bc783c767ab1bd9a81e1c57d0e69715647dff4f8b8e3158649,2024-11,Gloucestershire Constabulary,Gloucestershire Constabulary,-2.578964,51.702982,On or near Knapp Lane,E01022227,Forest of Dean 009B,Unable to prosecute suspect
463e77dafc7a519aa16ac3e55af8a943af4bf2d6a707c34e00817099a722e048,2024-11,Gloucestershire Constabulary,Gloucestershire Constabulary,-2.232622,51.868599,On or near London Road,E01022311,Gloucester 002C,Unable to prosecute suspect
53ae46c8fc8c6f5e713684bafc7c5be415fd28ab792c7c6510b061524eeb67de,2024-11,Gloucestershire Constabulary,Gloucestershire Constabulary,-1.952063,51.708860,On or near Cross Close,E01022225,Cotswold 008E,Suspect charged
dcd1bca84bba9e08a62fcc18a664742beff3ad47f36da0ea5ad4762154009819,2024-11,Gloucestershire Constabulary,Gloucestershire Constabulary,-2.161835,52.006375,On or near Mythe Road,E01022462,Tewkesbury 002G,Suspect charged
369ad28537361e18fe2b69ba4ee4bd2a67ce53782552dcfe6f829b506510a4f5,2024-11,Gloucestershire Constabulary,Gloucestershire Constabulary,-2.162159,51.991046,On or near Mill Street,E01022459,Tewkesbury 002D,Unable to prosecute suspect
c97788f454801d4fb5f79e50a49b180356529643a0ed86cd2422f4ccc76bdc51,2024-11,Gloucestershire Constabulary,Gloucestershire Constabulary,,,No location,,,Suspect charged
1409ca221cf143fdfe1884cf66406286d6bd923cc279d3d376fb982e50d4c0c5,2024-11,Gloucestershire Constabulary,Gloucestershire Constabulary,-2.502432,51.816857,On or near Church Road,E01022239,Forest of Dean 004D,Unable to prosecute suspect
dda29ba7e01838689498e664eb670353eede6c7902a664fdeae71dc9217d7770,2024-11,Gloucestershire Constabulary,Gloucestershire Constabulary,-2.242965,51.866348,On or near Shopping Area,E01032937,Gloucester 004F,Unable to prosecute suspect
b18950a85cfdd8fe998a0d505a194f78c56088dfe34b421d599de333fb74adf5,2024-11,Gloucestershire Constabulary,Gloucestershire Constabulary,-2.214826,51.745806,On or near Parking Area,E01034804,Stroud 006G,Unable to prosecute suspect
db2b6ebc755c42e256d70d7d42ec8db9d3b0c39251d0fef7babde1e2bd1fb4a3,2024-11,Gloucestershire Constabulary,Gloucestershire Constabulary,-2.187891,51.886517,On or near Supermarket,E01022430,Tewkesbury 007F,Suspect charged
0c5df1b5fc5a6e8faa586be70632c3dbff15d5f2e24d25fb3ea5512d0e6827f1,2024-11,Gloucestershire Constabulary,Gloucestershire Constabulary,-2.242476,51.864506,On or near Clarence Street,E01032937,Gloucester 004F,Unable to prosecute suspect
eea3326783a2347164728f1c86fb2fa5eb3000201603cfe5ac32cd2cc0630d82,2024-11,Gloucestershire Constabulary,Gloucestershire Constabulary,-2.151275,51.847000,On or near Tamar Road,E01022424,Tewkesbury 009D,Unable to prosecute suspect
4fa401acaf192d0b1aa589abf2a470eab7eef7ba976c2bd2078b305a23c6d41b,2024-11,Gloucestershire Constabulary,Gloucestershire Constabulary,-2.281576,51.749280,On or near Chestnut Avenue,E01022401,Stroud 005B,Unable to prosecute suspect
525487344e7134ea23da2644a3ff7aacd494b273a1a03133ef54851057017e66,2024-11,Gloucestershire Constabulary,Gloucestershire Constabulary,-2.158110,51.846380,On or near Sayers Crescent,E01022421,Tewkesbury 009A,Unable to prosecute suspect
4cddf143a534f75043efb86142de5941e2e36ebe0b95fd1c8f0a832fbab7bb56,2024-11,Gloucestershire Constabulary,Gloucestershire Constabulary,-2.239474,51.857085,On or near Regent Street,E01022292,Gloucester 005E,Unable to prosecute suspect
a2ae2e059a43d86dfff6ea024730eec34e7e2fd2df7b7f49a1faa49c8dcf8525,2024-11,Gloucestershire Constabulary,Gloucestershire Constabulary,-2.242965,51.866348,On or near Shopping Area,E01032937,Gloucester 004F,Unable to prosecute suspect
cc393552c6018dedcbd3cede6551043fa8587b48a1d6acc07c0ffec3e2d595fc,2024-11,Gloucestershire Constabulary,Gloucestershire Constabulary,-2.402398,51.929809,On or near Graces Pitch,E01022262,Forest of Dean 002B,Unable to prosecute suspect
bc23cf8c6678a03b37d300e0a98ea7c37174313dc3f21a690dbf1458ecb4b11a,2024-11,Gloucestershire Constabulary,Gloucestershire Constabulary,-1.986102,51.711180,On or near Stroud Road,E01022195,Cotswold 007B,Investigation complete; no suspect identified
dcc64e721727ba16126e0acd3621eb41a73b514f89f0cee51d180e13d3271fa5,2024-11,Gloucestershire Constabulary,Gloucestershire Constabulary,-2.473785,51.811680,On or near Dean Road,E01022265,Forest of Dean 005C,Unable to prosecute suspect
210c421a1f7d909a086c106545c17f7b9ce49986cd61b044e8579e4f5952cacb,2024-11,Gloucestershire Constabulary,Gloucestershire Constabulary,-2.192689,51.883991,On or near Dancey Road,E01022428,Tewkesbury 007D,Unable to prosecute suspect
acd093c7f0daec8b38461fe23eec6ec99f1e342ab271b1eeeb3f57b949a52c8e,2024-11,Gloucestershire Constabulary,Gloucestershire Constabulary,-2.188086,51.860182,On or near St Philip's Close,E01022303,Gloucester 006B,Investigation complete; no suspect identified
f916e33555d14195d7b497e810f78ac74717f1359dca7abe9950dc0922272fe3,2024-11,Gloucestershire Constabulary,Gloucestershire Constabulary,-1.790259,51.737527,On or near Snake Drive,E01022202,Cotswold 009A,Unable to prosecute suspect
e6bcc07f13bcc97d01faa0a25dcb9f7be6b9b32f0f74abe29306b1a854bf5561,2024-11,Gloucestershire Constabulary,Gloucestershire Constabulary,-2.114587,51.913844,On or near Gravney Court,E01022160,Cheltenham 003B,Unable to prosecute suspect
ba5445ab5613f6a292bdb9f3188768ae4225f7022167857c4a4684a38395f1de,2024-11,Gloucestershire Constabulary,Gloucestershire Constabulary,-2.212249,51.838607,On or near Acorn Court,E01022324,Gloucester 011E,Unable to prosecute suspect
7599846553ef666f5a33c323d02b3c4f7f6844606b9257dae126f9a4ac9c1e94,2024-11,Gloucestershire Constabulary,Gloucestershire Constabulary,-2.244705,51.831154,On or near Petrol Station,E01022345,Gloucester 012C,Unable to prosecute suspect
39fcba388e07e3bf78785473d0776274d56d696d1486cefa61d1a89518b1c387,2024-11,Gloucestershire Constabulary,Gloucestershire Constabulary,-2.072269,51.951477,On or near Jasper Close,E01022439,Tewkesbury 010C,Unable to prosecute suspect
e5cd638c5b034820dd236b080c503edf752f1c36da3301686c7b8cb92c3d4ffc,2024-11,Gloucestershire Constabulary,Gloucestershire Constabulary,-2.578011,51.706602,On or near Garlands Road,E01022227,Forest of Dean 009B,Suspect charged
1650775c394b7817a63519a45b302dd86e5d54372f6bda2bec5cdf2f03ce2039,2024-11,Gloucestershire Constabulary,Gloucestershire Constabulary,-2.242930,51.849094,On or near Tweenbrook Avenue,E01022327,Gloucester 009B,Unable to prosecute suspect
16f1e676e8423e018ab102e0b8d541a51b134eaf5525f5d73e8c138713fa4e93,2024-11,Gloucestershire Constabulary,Gloucestershire Constabulary,-2.500159,51.822468,On or near Commercial Street,E01022240,Forest of Dean 004E,Unable to prosecute suspect
94c580e67611a97d41d3110e34efe73e35e83a326b38d073257ed08da2f847b5,2024-11,Gloucestershire Constabulary,Gloucestershire Constabulary,-2.257460,51.841142,On or near Shelley Avenue,E01022333,Gloucester 009E,Unable to prosecute suspect
e29d148334fdf0ad10025a0165330f4d81924325477147b000e72f2fca8259ca,2024-11,Gloucestershire Constabulary,Gloucestershire Constabulary,-2.197334,51.836610,On or near Staites Orchard,E01034799,Stroud 001E,Unable to prosecute suspect
eccf5afef064517157e2e1918e9614c67dd417a5da5d824108fe284f0b140dd0,2024-11,Gloucestershire Constabulary,Gloucestershire Constabulary,-2.096232,51.896715,On or near Eldorado Road,E01022125,Cheltenham 009E,Unable to prosecute suspect
ec43b9780701bd7a7b3d6c3dc94e0be996ebefe4d461b8b656257170e9b06048,2024-11,Gloucestershire Constabulary,Gloucestershire Constabulary,-2.218084,51.745603,On or near King Street,E01034804,Stroud 006G,Unable to prosecute suspect
6e0db827df1def3a4f0f1da7c6e6fe2cb30bf9bffa37a6dee4050983f1251f76,2024-11,Gloucestershire Constabulary,Gloucestershire Constabulary,-2.154915,51.997853,On or near Twixtbears,E01022460,Tewkesbury 002E,Unable to prosecute suspect
62403754c1a7207f26eb3e062702a36f35624498e86a66e0dfba4538dd56019b,2024-11,Gloucestershire Constabulary,Gloucestershire Constabulary,-2.366278,51.624563,On or near Orchard Walk,E01022381,Stroud 015A,Unable to prosecute suspect
3732cd4591cd8a591bc0951b268383f1e8842735feb0edc03f7ba536ca35371a,2024-11,Gloucestershire Constabulary,Gloucestershire Constabulary,-2.211785,51.888193,On or near Chaffinch Close,E01022448,Tewkesbury 008B,Unable to prosecute suspect
bcf28d43b6d8e497482597e70ca5afb617c7484862eabbb57a71c2f6d329ca32,2024-11,Gloucestershire Constabulary,Gloucestershire Constabulary,-2.283922,51.746891,On or near Orchard Court,E01022400,Stroud 005A,Investigation complete; no suspect identified
9fbdbf21bbb768f8d4a56749f4bfcba4ddbae8a3d69ae93c02f6b2bd1bbffbdb,2024-11,Gloucestershire Constabulary,Gloucestershire Constabulary,-2.211785,51.888193,On or near Chaffinch Close,E01022448,Tewkesbury 008B,Unable to prosecute suspect
cb2f6f57e49f0a3edf6984874f3c14b03dc8cf094d3832245813c179656a03e4,2024-11,Gloucestershire Constabulary,Gloucestershire Constabulary,-2.198139,51.851354,On or near Roman Road,E01022307,Gloucester 010F,Unable to prosecute suspect
9e9e5b9e894f44f14639f11d981f493fe611365dccb98c41e9cd577a5c7491bd,2024-11,Gloucestershire Constabulary,Gloucestershire Constabulary,-2.078363,51.908686,On or near Manser Street,E01022152,Cheltenham 004C,Unable to prosecute suspect
8a7267ee0d4dd4fa6170a13b2bfddafdf9dcb3a7e9c0661541ff9a7491b011c1,2024-11,Gloucestershire Constabulary,Gloucestershire Constabulary,-2.067142,51.938408,On or near Cantors Drive,E01022432,Tewkesbury 011E,Suspect charged
076df2f97a789f6a0349d5d86d06bd6b3ef5efafdde92956de46fc9ea224500c,2024-11,Gloucestershire Constabulary,Gloucestershire Constabulary,-2.187891,51.886517,On or near Supermarket,E01022430,Tewkesbury 007F,Suspect charged
82599e28e08ecd6e49c6c43f2d38449c4e46eac5d060b9bef98d6e54ac6387e1,2024-11,Gloucestershire Constabulary,Gloucestershire Constabulary,-2.607445,51.770147,On or near Oakwood Road,E01022264,Forest of Dean 008C,Unable to prosecute suspect
b210e2ab3f79f14807d98e2cf2dda75b9ebf5ba994842c157279c2fe04e31499,2024-11,Gloucestershire Constabulary,Gloucestershire Constabulary,-2.115428,51.901607,On or near Hamlet Close,E01022147,Cheltenham 005C,Suspect charged
faaf5e3c6e3c42a651420d06be564594638a8506f0b41376b2844a29230ee242,2024-11,Gloucestershire Constabulary,Gloucestershire Constabulary,-2.280353,51.820609,On or near The Holly Grove,E01034797,Gloucester 015K,Unable to prosecute suspect
bd5d95467252c3b6acacf14a8e9f2f8dd1574f0944a9a2868ef036e221d4d5c8,2024-11,Gloucestershire Constabulary,Gloucestershire Constabulary,-2.246268,51.864813,On or near Shopping Area,E01032937,Gloucester 004F,Unable to prosecute suspect
1aba4c719d93f0f172e3c4c701a45084f83db49bd3d61f889822d4b602c147a1,2024-11,Gloucestershire Constabulary,Gloucestershire Constabulary,-2.083831,51.901930,On or near Supermarket,E01022127,Cheltenham 009G,Unable to prosecute suspect
35329ddb025cd0f373855b80f1561f69f04706093b3e5fc77ce26409cba1cc8a,2024-11,Gloucestershire Constabulary,Gloucestershire Constabulary,-2.197334,51.836610,On or near Staites Orchard,E01034799,Stroud 001E,Unable to prosecute suspect
000c18f398934d9de7614a35ecd3cf30099a43fe659c786db4b19db5ac1a52dc,2024-11,Gloucestershire Constabulary,Gloucestershire Constabulary,-2.179158,51.707177,On or near Eastfield Road,E01022383,Stroud 010C,Local resolution
0000698be19413de1e49a0c41b6f138c22d3be16ee6a5529fb190e2816064f45,2024-11,Gloucestershire Constabulary,Gloucestershire Constabulary,-2.310909,51.726080,On or near Court Road,E01022407,Stroud 009E,Unable to prosecute suspect
120c6c305a972c412142003f5b2afa721724351a429151cf8b4af9cc568ea7ff,2024-11,Gloucestershire Constabulary,Gloucestershire Constabulary,-2.213068,51.864500,On or near A417,E01022287,Gloucester 007G,Unable to prosecute suspect
42c7244a83b2f83458219f6bd697dd5446814e5be05edfc057bbd0749cb2c60e,2024-11,Gloucestershire Constabulary,Gloucestershire Constabulary,-2.218910,51.697867,On or near Parking Area,E01022386,Stroud 013B,Suspect charged
42f2f2bdcecb30ba0d05721be600b0c32ae5c8a2eeb56374812541e84e7516e2,2024-11,Gloucestershire Constabulary,Gloucestershire Constabulary,-1.687020,51.990986,On or near Lancaster Corner,E01034781,Cotswold 002F,Unable to prosecute suspect
8b64cd622d937c20e16a7dc2205ac005062b0cb57abe2b61096e0f3da402f0af,2024-11,Gloucestershire Constabulary,Gloucestershire Constabulary,-2.479338,51.821008,On or near Three Trees Way,E01022250,Forest of Dean 004G,Unable to prosecute suspect
f66c4d9e89a1f9ec51c2f401a6e30db7ce0aa7b59872143ba13745b27cc937d4,2024-11,Gloucestershire Constabulary,Gloucestershire Constabulary,-2.210657,51.870600,On or near Meadowleaze,E01022296,Gloucester 003B,Action to be taken by another organisation
ad6c59bb0b5b52e3628e20ce5f18302a2ff276e5df4e61b2eea3d0029e2b6398,2024-11,Gloucestershire Constabulary,Gloucestershire Constabulary,-2.351002,51.685390,On or near Bailey Way,E01022372,Stroud 014A,Unable to prosecute suspect
706d5fc9fcf9c5dcb96475096704e8015ebde9f8972081eefe636142a59b3401,2024-11,Gloucestershire Constabulary,Gloucestershire Constabulary,-2.221872,51.882924,On or near Thistlebank,E01022313,Gloucester 001A,Unable to prosecute suspect
ee008eed9b0a4ebb90f2d24ad6a31eaa2436edcabf9f5a5163ad3c4c7b03f2a0,2024-11,Gloucestershire Constabulary,Gloucestershire Constabulary,-2.266063,51.828212,On or near Sandford Way,E01022299,Gloucester 013A,Unable to prosecute suspect
8e5f07d90de63e445118d48e8321393aa62e91bf2033b8f6255fd0ec120dddb0,2024-11,Gloucestershire Constabulary,Gloucestershire Constabulary,-2.502829,51.827708,On or near Parking Area,E01022240,Forest of Dean 004E,Suspect charged
ce81fdf9216870c43be3354307b98310e40a496189852a5df94a89bd4f1d125d,2024-11,Gloucestershire Constabulary,Gloucestershire Constabulary,-2.081116,51.887601,On or near Edward Street,E01022138,Cheltenham 011D,Unable to prosecute suspect
9d7cda0e5162ea1c2da815a126de2a79538b61b2acd289dda387474c200b95f4,2024-11,Gloucestershire Constabulary,Gloucestershire Constabulary,-2.124239,51.997278,On or near M5,E01022455,Tewkesbury 001E,Unable to prosecute suspect
1f34303b6071901206ebaa0bc786c2828889ea48ec6a48e359115a95849d0abb,2024-11,Gloucestershire Constabulary,Gloucestershire Constabulary,-2.578862,51.845646,On or near Hillside Terrace,E01022251,Forest of Dean 003A,Unable to prosecute suspect
737e3075cf96ded8281bdb95425b7f1a377d66cb0d9b5cb1d785e1b16f10d598,2024-11,Gloucestershire Constabulary,Gloucestershire Constabulary,-2.242476,51.864506,On or near Clarence Street,E01032937,Gloucester 004F,Unable to prosecute suspect
773cdb3145546902dcf04af420eee81291cbf9895395282edfd9187dfb56f8f3,2024-11,Gloucestershire Constabulary,Gloucestershire Constabulary,-2.217670,51.840072,On or near Rectory Road,E01022324,Gloucester 011E,Unable to prosecute suspect
7ab1be9d5850605fdbd3bebfabe2b5e315515a3c802932e5ecd6a116ead48ccd,2024-11,Gloucestershire Constabulary,Gloucestershire Constabulary,-2.238962,51.867471,On or near Wellington Parade,E01022311,Gloucester 002C,Suspect charged
bff25eeb1c911b09ae6bd476569768ffa5c3dc52a13063517210ed3c238a712b,2024-11,Gloucestershire Constabulary,Gloucestershire Constabulary,-2.062022,51.906970,On or near Cakebridge Place,E01022134,Cheltenham 006D,Suspect charged
a44c548fedde8d97e4dcb59b4402e332665055147d365da9da07e032235bc576,2024-11,Gloucestershire Constabulary,Gloucestershire Constabulary,-1.975600,51.781084,On or near The Drive,E01022187,Cotswold 004B,Unable to prosecute suspect
f1609cb716fde270d4a98ef7b9de659f5b4f0e6f7eec99dcde161b29dde9d8d1,2024-11,Gloucestershire Constabulary,Gloucestershire Constabulary,-2.193907,51.788937,On or near Pullens Road,E01022390,Stroud 002B,Unable to prosecute suspect
0008868724ab2ded20f64e9d1f0f78fa690c35e52c8aacce60d0e4b113fd6fa9,2024-11,Gloucestershire Constabulary,Gloucestershire Constabulary,-2.614436,51.807900,On or near Aston Close,E01022229,Forest of Dean 007A,Unable to prosecute suspect
10191d8930232d97f5bef4ccc8097b3e176794cea6c3b034ad799339a6d4745e,2024-11,Gloucestershire Constabulary,Gloucestershire Constabulary,-2.614436,51.807900,On or near Aston Close,E01022229,Forest of Dean 007A,Offender given a caution
0762ebd4ac461b25e2024f5187e957cf22cc4f623308abbcc3407fd57fd41788,2024-11,Gloucestershire Constabulary,Gloucestershire Constabulary,-2.213315,51.750889,On or near Grove Park Road,E01022411,Stroud 006D,Local resolution
c4f3eabb9ebfb7f2097de5cebea8136bc75827d09453dacf7856550403db220f,2024-11,Gloucestershire Constabulary,Gloucestershire Constabulary,-2.282603,51.751264,On or near Greenstreet,E01022403,Stroud 005D,Unable to prosecute suspect
0aac1ea507b15bbecd80d5256648501f9b0fcde0198a431ba1e10dfad8ad0c38,2024-11,Gloucestershire Constabulary,Gloucestershire Constabulary,-2.282603,51.751264,On or near Greenstreet,E01022403,Stroud 005D,Unable to prosecute suspect
3d672fa1ddce232dec4d80486ff3e9f53aa7e08bb22437c7b6371ad157570140,2024-11,Gloucestershire Constabulary,Gloucestershire Constabulary,-2.218977,51.744666,On or near Parking Area,E01034804,Stroud 006G,Unable to prosecute suspect
a9ce70f8e5bcf061f297e17dff744c78b1ef01699a8ddf6c433127ff6f06c8f7,2024-11,Gloucestershire Constabulary,Gloucestershire Constabulary,-2.272363,51.816438,On or near Naas Lane,E01034797,Gloucester 015K,Suspect charged
660dbcb32b5c565489f0ce4eb6a20ed970acae7466c901c53b6859e91722d96d,2024-11,Gloucestershire Constabulary,Gloucestershire Constabulary,-2.159031,51.844050,On or near Bronze Close,E01022421,Tewkesbury 009A,Unable to prosecute suspect
96ce7eb63f1ecdb306b5b524c92627082840a25113463b7cdc029ffea53678bd,2024-11,Gloucestershire Constabulary,Gloucestershire Constabulary,-2.570059,51.746247,On or near Whittington Way,E01022231,Forest of Dean 008A,Unable to prosecute suspect
5da0377b64e19a77cb9a0ee01b6a82395025edb78f352cc682b3a6cd641a2776,2024-11,Gloucestershire Constabulary,Gloucestershire Constabulary,-2.223971,51.747030,On or near Supermarket,E01034804,Stroud 006G,Suspect charged
caf2b0b68e6228ae4f2178be0a474537c3ed2534701fa1cf8fba888c56097dea,2024-11,Gloucestershire Constabulary,Gloucestershire Constabulary,-1.959515,51.710400,On or near Queen Street,E01022199,Cotswold 007C,Suspect charged
01625490d08b2e3954e96a8cc556c16a042501a10362a30db010f8f3dc063f66,2024-11,Gloucestershire Constabulary,Gloucestershire Constabulary,-2.217246,51.857605,On or near Eastbrook Road,E01022287,Gloucester 007G,Unable to prosecute suspect
a43a85015e7a0c989467e5d16bc24e8e749074fbe4ca5f30cf9e4d5e4528a2b6,2024-11,Gloucestershire Constabulary,Gloucestershire Constabulary,-2.072765,51.898278,On or near Bath Street,E01022117,Cheltenham 009B,Suspect charged as part of another case
4d29c0cc5e664e52b69c48cf930350fd83fb5a10497bb066a5a80320b5db2706,2024-11,Gloucestershire Constabulary,Gloucestershire Constabulary,-2.072765,51.898278,On or near Bath Street,E01022117,Cheltenham 009B,Suspect charged as part of another case
89bb5f4aa270f174abb31f0cda172bc9b56b91f093f157a01c9bc20aeb75b189,2024-11,Gloucestershire Constabulary,Gloucestershire Constabulary,-1.986102,51.711180,On or near Stroud Road,E01022195,Cotswold 007B,Local resolution
5de8f7416e58adc4c093a0f4de42b84dd58bcaa170c1371902782344d0225d9b,2024-11,Gloucestershire Constabulary,Gloucestershire Constabulary,-1.968489,51.715816,On or near Nightclub,E01022194,Cotswold 007A,Unable to prosecute suspect
36be402cc8031c344130b56029cfa4499a3474e948675685ff4a81a548e78bc9,2024-11,Gloucestershire Constabulary,Gloucestershire Constabulary,-2.052025,51.897552,On or near Oakley Road,E01034780,Cheltenham 012I,Unable to prosecute suspect
670dc151812773281bb81b72cdc18f6f47583009b30589e709c8de236ae04852,2024-11,Gloucestershire Constabulary,Gloucestershire Constabulary,-2.241137,51.863933,On or near Russell Street,E01032937,Gloucester 004F,Unable to prosecute suspect
3633560c27667d3b80c361c4a153704b0441d71c625648833539a190509c8db8,2024-11,Gloucestershire Constabulary,Gloucestershire Constabulary,-2.057513,51.904491,On or near Whaddon Road,E01022134,Cheltenham 006D,Suspect charged
9a77659c6f027db7177fe2dd00edc0a1c05b10696791088dcfa7627662a5cd62,2024-11,Gloucestershire Constabulary,Gloucestershire Constabulary,-2.247135,51.853581,On or near Central Road,E01022332,Gloucester 004A,Further action is not in the public interest
11f42a1aa1e314e0e44a3e152bbd3db54f29e9c40733a040b2fcc39d6094baca,2024-11,Gloucestershire Constabulary,Gloucestershire Constabulary,-2.155272,51.995883,On or near Sun Street,E01022459,Tewkesbury 002D,Suspect charged
11f42a1aa1e314e0e44a3e152bbd3db54f29e9c40733a040b2fcc39d6094baca,2024-11,Gloucestershire Constabulary,Gloucestershire Constabulary,-2.155272,51.995883,On or near Sun Street,E01022459,Tewkesbury 002D,Suspect charged
11f42a1aa1e314e0e44a3e152bbd3db54f29e9c40733a040b2fcc39d6094baca,2024-11,Gloucestershire Constabulary,Gloucestershire Constabulary,-2.155272,51.995883,On or near Sun Street,E01022459,Tewkesbury 002D,Suspect charged
11f42a1aa1e314e0e44a3e152bbd3db54f29e9c40733a040b2fcc39d6094baca,2024-11,Gloucestershire Constabulary,Gloucestershire Constabulary,-2.155272,51.995883,On or near Sun Street,E01022459,Tewkesbury 002D,Suspect charged
11f42a1aa1e314e0e44a3e152bbd3db54f29e9c40733a040b2fcc39d6094baca,2024-11,Gloucestershire Constabulary,Gloucestershire Constabulary,-2.155272,51.995883,On or near Sun Street,E01022459,Tewkesbury 002D,Suspect charged
6d6091d66fca77c2e470ae476147ba21142041477cd00e6d57c93ce93179ce41,2024-11,Gloucestershire Constabulary,Gloucestershire Constabulary,-2.161835,52.006375,On or near Mythe Road,E01022462,Tewkesbury 002G,Suspect charged
6d6091d66fca77c2e470ae476147ba21142041477cd00e6d57c93ce93179ce41,2024-11,Gloucestershire Constabulary,Gloucestershire Constabulary,-2.161835,52.006375,On or near Mythe Road,E01022462,Tewkesbury 002G,Suspect charged
6d6091d66fca77c2e470ae476147ba21142041477cd00e6d57c93ce93179ce41,2024-11,Gloucestershire Constabulary,Gloucestershire Constabulary,-2.161835,52.006375,On or near Mythe Road,E01022462,Tewkesbury 002G,Suspect charged
6d6091d66fca77c2e470ae476147ba21142041477cd00e6d57c93ce93179ce41,2024-11,Gloucestershire Constabulary,Gloucestershire Constabulary,-2.161835,52.006375,On or near Mythe Road,E01022462,Tewkesbury 002G,Suspect charged
6d6091d66fca77c2e470ae476147ba21142041477cd00e6d57c93ce93179ce41,2024-11,Gloucestershire Constabulary,Gloucestershire Constabulary,-2.161835,52.006375,On or near Mythe Road,E01022462,Tewkesbury 002G,Suspect charged
5bc8d7e705189aa3f3acdbf1eb1d7376370a700d3ab01298c8002e4d179e5004,2024-11,Gloucestershire Constabulary,Gloucestershire Constabulary,-2.413966,51.928896,On or near The Tythings,E01022261,Forest of Dean 002A,Unable to prosecute suspect
948778de781ea8b57a403be2a87fdffb650d0f1e58438cba767cb30139d96dbc,2024-11,Gloucestershire Constabulary,Gloucestershire Constabulary,-2.245394,51.861677,On or near St Michael's Square,E01034793,Gloucester 004I,Suspect charged
2692fb444ce457dd67c778fd51d269b33934810c88fbd51e0715a3a46965b114,2024-11,Gloucestershire Constabulary,Gloucestershire Constabulary,,,No location,,,Suspect charged
565e76e39ce31a5a69b09a6eb5f611658a4994fa2b93c4ae00b46fe9e0273998,2024-11,Gloucestershire Constabulary,Gloucestershire Constabulary,-2.549394,51.754986,On or near Pillowell Road,E01022268,Forest of Dean 008D,Suspect charged
ee54fcdd5fbaae714cab66efff018a9b38645bf64ff84da52231965dad2d30a4,2024-11,Gloucestershire Constabulary,Gloucestershire Constabulary,-2.062763,51.906942,On or near Petrol Station,E01022140,Cheltenham 008D,Unable to prosecute suspect
10fe3db4a7426292dc3b5754ed54bbbd00dfd8116e5ae18f52203d42720e9b9d,2024-11,Gloucestershire Constabulary,Gloucestershire Constabulary,-2.265818,51.816039,On or near Pucklechurch Close,E01034798,Gloucester 015L,Unable to prosecute suspect
15ec2a230c000059e83b056f21387665d2481a2354488112ec565efe84639a3b,2024-11,Gloucestershire Constabulary,Gloucestershire Constabulary,-2.261758,51.838939,On or near Hathaway Close,E01022333,Gloucester 009E,Unable to prosecute suspect
e8bf46351f992f6ef79de2d2e2c5c7f454c13f25c2cb29626ef77aae872a3c12,2024-11,Gloucestershire Constabulary,Gloucestershire Constabulary,-2.088450,51.730388,On or near Dane Lane,E01022354,Stroud 002A,Unable to prosecute suspect
efbb9b40a9d2757a7443e13c55e806512f2bfd33b87272e4ba1c76369a4d31fb,2024-11,Gloucestershire Constabulary,Gloucestershire Constabulary,-2.257400,51.858585,On or near Supermarket,E01034791,Gloucester 004G,Suspect charged
017581cafde7e6e8e2c9d32a319fa7f07fa86a96c20c6cd829150264339c2108,2024-11,Gloucestershire Constabulary,Gloucestershire Constabulary,-2.463664,51.826241,On or near The Slad,E01022249,Forest of Dean 004F,Unable to prosecute suspect
63492dad226f51233cd5f851b0ee35f09371fb5cc724bfe06d3bf25c39410b42,2024-11,Gloucestershire Constabulary,Gloucestershire Constabulary,-2.241227,51.872609,On or near Vine Terrace,E01022310,Gloucester 002B,Unable to prosecute suspect
feaa90fd1de9cf658e0ceb84d5215cc6163cbd19101bda1c2510441a53ab807a,2024-11,Gloucestershire Constabulary,Gloucestershire Constabulary,,,No location,,,Unable to prosecute suspect
40b673a88976fec6ce0b698fa95d2eab3696cdc5bf87cb1d096dea2f18e59d24,2024-11,Gloucestershire Constabulary,Gloucestershire Constabulary,,,No location,,,Unable to prosecute suspect
045abc1d3470cceae4999fd46fb2756fbc31ba8001dfcab22d384abf1eb3e79d,2024-11,Gloucestershire Constabulary,Gloucestershire Constabulary,-2.411338,51.932556,On or near Glebe Way,E01022261,Forest of Dean 002A,Unable to prosecute suspect
841060c50447bc3af505cab63ce0fb8640f2f90e7ee545dcc0df68832d560dbb,2024-11,Gloucestershire Constabulary,Gloucestershire Constabulary,-2.470282,51.719005,On or near Oakfield Way,E01022351,Stroud 012A,Unable to prosecute suspect
9f8dedaf9c3922ab8ec22d4d6c4c734f3dd43554eb178852a5934f1a3e6dee14,2024-11,Gloucestershire Constabulary,Gloucestershire Constabulary,-2.470282,51.719005,On or near Oakfield Way,E01022351,Stroud 012A,Unable to prosecute suspect
3dcb0190703502a0b24724b2d3488450d00e285bdeb820af8d72d3069a643bb0,2024-11,Gloucestershire Constabulary,Gloucestershire Constabulary,-2.139600,51.752079,On or near High Street,E01022354,Stroud 002A,Unable to prosecute suspect
ead79a51afbde94ff903b110791e13b26dc3f897f734735942405ffbbcc44249,2024-11,Gloucestershire Constabulary,Gloucestershire Constabulary,-2.284380,51.743698,On or near Regency Close,E01022404,Stroud 005E,Unable to prosecute suspect
0ae6242e8e1eea03ba1b1bf21ee85112b258f63572762cb61bfd1ad19f377172,2024-11,Gloucestershire Constabulary,Gloucestershire Constabulary,-1.959143,51.705527,On or near Supermarket,E01022198,Cotswold 008D,Suspect charged as part of another case
de0b8300d1a1a02ac52c41acded24e068bba7bf2e3b0d0ca342d8f8e3500c797,2024-11,Gloucestershire Constabulary,Gloucestershire Constabulary,-2.135984,51.994496,On or near Churchill Grove,E01022455,Tewkesbury 001E,Unable to prosecute suspect
cfe8ad43d01cbaa1830bf252990b4baced2acdba0fa52144aa6442032c2ba941,2024-11,Gloucestershire Constabulary,Gloucestershire Constabulary,-2.215588,51.850991,On or near Ashgrove Avenue,E01022286,Gloucester 007F,Local resolution
4401a11c02fe0953613dd19e110ab81ecd5506096b38e3b921aa2401c0221f05,2024-11,Gloucestershire Constabulary,Gloucestershire Constabulary,-2.238035,51.859597,On or near Victoria Street,E01022289,Gloucester 005B,Unable to prosecute suspect
89f8a83969fb7272b1cb65a863652403bde53ff59fdafe7a6d66e009de3f1bc8,2024-11,Gloucestershire Constabulary,Gloucestershire Constabulary,-2.075402,51.902287,On or near Bennington Street,E01022153,Cheltenham 004D,Unable to prosecute suspect
755a1adf110d2fe0e809e428f99107e16c6732d6245ebb2723d4f0011c043139,2024-11,Gloucestershire Constabulary,Gloucestershire Constabulary,-2.075402,51.902287,On or near Bennington Street,E01022153,Cheltenham 004D,Unable to prosecute suspect
2baeceb9abdc82a7bfd7b245585e9062e53ee4c74a31b9e65b69df83d5e91f05,2024-11,Gloucestershire Constabulary,Gloucestershire Constabulary,-1.757136,51.889546,On or near The Avenue,E01034784,Cotswold 003F,Unable to prosecute suspect
f0af7199aaadc7299a9ed3bfe849d20e9b1f47d963a864e433561966256d24d4,2024-11,Gloucestershire Constabulary,Gloucestershire Constabulary,-2.241701,51.855516,On or near Furlong Road,E01022293,Gloucester 008A,Unable to prosecute suspect
eda6423bb8fe6d1990ec3e9a7b6acef3b403bc869ba505de61e403bd96456fa4,2024-11,Gloucestershire Constabulary,Gloucestershire Constabulary,-2.492771,51.823560,On or near Danby Close,E01022236,Forest of Dean 004A,Offender given a caution
bcd599eab33f0e9dfcceff442a0ecd50d3b724be32e7c3ccdf08696618980180,2024-11,Gloucestershire Constabulary,Gloucestershire Constabulary,-1.705579,51.878990,On or near Wright Road,E01034786,Cotswold 003H,Investigation complete; no suspect identified
62f8851b9711186aff27e4c10e39f393cb94cc105eb431bb9f0393fea1b3ae22,2024-11,Gloucestershire Constabulary,Gloucestershire Constabulary,-2.027335,51.877250,On or near The Barlands,E01022109,Cheltenham 012D,Investigation complete; no suspect identified
335b4ffe2d2dcccc95694bfe09a635f441af35e0bef9d6abeb9cf80c303e5465,2024-11,Gloucestershire Constabulary,Gloucestershire Constabulary,-2.239299,51.854263,On or near Slaney Street,E01022293,Gloucester 008A,Unable to prosecute suspect
20f151aad024f11d8bb81ac919e408b36fd1fb1762e8943ae19d5ffe2fe0b75b,2024-11,Gloucestershire Constabulary,Gloucestershire Constabulary,-2.247765,51.830716,On or near Windrush Road,E01022346,Gloucester 012D,Unable to prosecute suspect
3f99f5709c2834c90602f9b8697889c0452c1be7fe919ecac52147b562964c32,2024-11,Gloucestershire Constabulary,Gloucestershire Constabulary,-2.247765,51.830716,On or near Windrush Road,E01022346,Gloucester 012D,Unable to prosecute suspect
10e953b6c3b9681377e5052eab48ff66b267eb59ca0369b1e037f050e80d1bde,2024-11,Gloucestershire Constabulary,Gloucestershire Constabulary,-2.217670,51.840072,On or near Rectory Road,E01022324,Gloucester 011E,Unable to prosecute suspect
209db613044b7bc41b9b7696172f35c715d708fc2c96723fe2f5d1d03280e277,2024-11,Gloucestershire Constabulary,Gloucestershire Constabulary,-2.217670,51.840072,On or near Rectory Road,E01022324,Gloucester 011E,Unable to prosecute suspect
729b1384a7a064586dfeda40ff02a3e54f64aa7bc8d508b6daba2c38f63647ea,2024-11,Gloucestershire Constabulary,Gloucestershire Constabulary,-2.217670,51.840072,On or near Rectory Road,E01022324,Gloucester 011E,Unable to prosecute suspect
cf04146e8cb25c1735b9d90aa74cd9205f3b34ef994fb9caa356c8dcb2ce686c,2024-11,Gloucestershire Constabulary,Gloucestershire Constabulary,-2.204511,51.841282,On or near Glevum Way,E01022277,Gloucester 010B,Suspect charged
f7c05d049233737e938a46b7aaf99722856c89e4c338b00a58f4b50b1605ff46,2024-11,Gloucestershire Constabulary,Gloucestershire Constabulary,-2.081814,51.895908,On or near Supermarket,E01022126,Cheltenham 009F,Unable to prosecute suspect
8998f8941f10c4ccec770c325c69d1fec70e55e6c2b3529ae52b69d7fbc37afc,2024-11,Gloucestershire Constabulary,Gloucestershire Constabulary,-2.211785,51.888193,On or near Chaffinch Close,E01022448,Tewkesbury 008B,Unable to prosecute suspect
35f8646814bd22708a8869c49258363218491d340ac6e25ed8e6d2b5e4887aee,2024-11,Gloucestershire Constabulary,Gloucestershire Constabulary,-2.232593,51.722387,On or near Southbank,E01022350,Stroud 010A,Local resolution
f104a349b9921fdf6658f2d1be48e068e2ac47188da8f3e85347d4a59a3ed96b,2024-11,Gloucestershire Constabulary,Gloucestershire Constabulary,-2.247765,51.830716,On or near Windrush Road,E01022346,Gloucester 012D,Unable to prosecute suspect
6e0047b0f65459ea400ce6fc50236d9de6ba5ffd7143208727eb8571d6edc923,2024-11,Gloucestershire Constabulary,Gloucestershire Constabulary,-2.114834,51.902273,On or near Evington Road,E01022147,Cheltenham 005C,Unable to prosecute suspect
661a7f92821215667609d49745b463fa985075d01be295f7e3ae1fe3b1b52aea,2024-11,Gloucestershire Constabulary,Gloucestershire Constabulary,-2.190652,51.886701,On or near Salvia Close,E01022428,Tewkesbury 007D,Unable to prosecute suspect
aa85631ebda917f566ccee3dc51fbb2f441a34a55841b4bf9fc4ff90af26e05b,2024-11,Gloucestershire Constabulary,Gloucestershire Constabulary,-2.190943,51.718784,On or near Port Lane,E01022409,Stroud 007E,Investigation complete; no suspect identified
889eba8affb57606acf71c3021a76ff6f0cc4677cc23d406f88391b8b28ff795,2024-11,Gloucestershire Constabulary,Gloucestershire Constabulary,-2.204511,51.841282,On or near Glevum Way,E01022277,Gloucester 010B,Suspect charged
2294b35c4fe220e65417ab3fcce46f7cbefe5aa80ac7f08045a70831acc0d427,2024-11,Gloucestershire Constabulary,Gloucestershire Constabulary,-2.079857,51.882063,On or near Station Close,E01022129,Cheltenham 015B,Further action is not in the public interest
8a988d83534c5461409c40ae6c7b30e981be8ca21cb9376cb0098d64a18f49fa,2024-11,Gloucestershire Constabulary,Gloucestershire Constabulary,-2.187891,51.886517,On or near Supermarket,E01022430,Tewkesbury 007F,Unable to prosecute suspect
c0a8645ebb6bec2c1e99a9023a28e31e5ab723aff431b700221b867101270a5c,2024-11,Gloucestershire Constabulary,Gloucestershire Constabulary,-1.968513,51.716301,On or near Brewery Court,E01022194,Cotswold 007A,Suspect charged
96a33f4afb4f042253a4ebfa6460576452e4539c3eb3b014d28f01a5ab1a85fb,2024-11,Gloucestershire Constabulary,Gloucestershire Constabulary,-2.274082,51.808117,On or near Hunts Grove Drive,E01034802,Stroud 001H,Action to be taken by another organisation
592897755d7970f2bf105b5e3b0088ca040ccd6f9c77c0dd5df8e8faf7308bf0,2024-11,Gloucestershire Constabulary,Gloucestershire Constabulary,-2.274082,51.808117,On or near Hunts Grove Drive,E01034802,Stroud 001H,Action to be taken by another organisation
92b64c2a9dcd2fd913fa7206b38778c7959c2718845ed1143aad0037714a06a8,2024-11,Gloucestershire Constabulary,Gloucestershire Constabulary,-2.247745,51.866823,On or near College Street,E01032937,Gloucester 004F,Unable to prosecute suspect
cdd8c8ac3528cb7685f38573bc61008924058a73dd0a3a70f38db217770e9acf,2024-11,Gloucestershire Constabulary,Gloucestershire Constabulary,-2.088194,51.903249,On or near Amos Close,E01034778,Cheltenham 007H,Unable to prosecute suspect
2091fb40e918e713f2c1c17beae8aaccb846cc0cc87b0a1133e5fa02f7ba0365,2024-11,Gloucestershire Constabulary,Gloucestershire Constabulary,-2.360410,51.691593,On or near St George's Road,E01022375,Stroud 014D,Unable to prosecute suspect
8c8dbeaeb67f3780026ae318b6f6e9c936d06b6f9bd5d2eed9e01c9a0a19fc5f,2024-11,Gloucestershire Constabulary,Gloucestershire Constabulary,-2.389346,51.734002,On or near Kingston Road,E01022398,Stroud 003D,Unable to prosecute suspect
d37c450f2c6fadbde00c52512d8ba40ef3d24ba0e4d1dfbd968561e38b837194,2024-11,Gloucestershire Constabulary,Gloucestershire Constabulary,-2.654287,51.633983,On or near Buttington Terrace,E01022273,Forest of Dean 010C,Unable to prosecute suspect
bdc47e63c8cac9df57b46f8c13f34e94c0e61b3ebe0f0e4ba5df01abc01661f6,2024-11,Gloucestershire Constabulary,Gloucestershire Constabulary,-2.252631,51.859614,On or near Shopping Area,E01034791,Gloucester 004G,Unable to prosecute suspect
1ee373b6e05f8da36f4834434120bed74974c5b2f95c95c74b627dcd5785c658,2024-11,Gloucestershire Constabulary,Gloucestershire Constabulary,-2.264924,51.814486,On or near Snetterton Heath,E01034798,Gloucester 015L,Suspect charged
0f3fa16b45faa07733326365a92ae99b166218cd21a0363bae7b2ad78cf353e0,2024-11,Gloucestershire Constabulary,Gloucestershire Constabulary,-2.616738,51.793790,On or near Market Place,E01022241,Forest of Dean 007B,Unable to prosecute suspect
3d4e1bc76ef50639e4a4c6df32f66a7787d5efdd9196d0ea67ab4bdc15642f41,2024-11,Gloucestershire Constabulary,Gloucestershire Constabulary,-2.236118,51.863077,On or near Supermarket,E01022289,Gloucester 005B,Suspect charged
4da64f84ed0fc678b23b8f3b2971b8caa6a1496fc634e98f739664c51cac0e8a,2024-11,Gloucestershire Constabulary,Gloucestershire Constabulary,-2.273233,51.667651,On or near Windmill Lane,E01034790,Cotswold 011H,Suspect charged as part of another case
93ff3d4efd4610a05da014b045b0bcce6f5beffa3cd797ba7fc6cf9e8bae2137,2024-11,Gloucestershire Constabulary,Gloucestershire Constabulary,-1.757978,51.892523,On or near Melville,E01034784,Cotswold 003F,Unable to prosecute suspect
ae3032388df176cee253fb70f0f89f925a7cbe05d37b655bfc2aa278736aebad,2024-11,Gloucestershire Constabulary,Gloucestershire Constabulary,-2.061453,51.948103,On or near Gilders Paddock,E01034814,Tewkesbury 011B,Unable to prosecute suspect
53b99d6073b54b2b76efc470cb06500ae900bb19b0e06c31131e02ef698b0aba,2024-11,Gloucestershire Constabulary,Gloucestershire Constabulary,-2.615094,51.794035,On or near Police Station,E01022241,Forest of Dean 007B,Unable to prosecute suspect
ef7f55cca72a6ec6f27f268cdd3b4ee7c40c875ef2733e03cc4b2a7208ca2202,2024-11,Gloucestershire Constabulary,Gloucestershire Constabulary,-2.054201,51.882447,On or near Gladstone Road,E01022110,Cheltenham 012E,Unable to prosecute suspect
2a1f4572da5a675b4490227b7c80f4890868b91b712f641ec6ff3a9848e43ecf,2024-11,Gloucestershire Constabulary,Gloucestershire Constabulary,-2.153426,51.996875,On or near Jeynes Row,E01022460,Tewkesbury 002E,Unable to prosecute suspect
16a1dc82ac0f4a53762bc56a55dc3a1dea2efc6b7409e2ba52e635bc4147c0ca,2024-11,Gloucestershire Constabulary,Gloucestershire Constabulary,-2.253078,51.825849,On or near Freemans Road,E01022345,Gloucester 012C,Unable to prosecute suspect
0c40c283bad001b9010353121de8401b47f0bc6efb77e58c2a9e266d7d2a7796,2024-11,Gloucestershire Constabulary,Gloucestershire Constabulary,-2.355835,51.768535,On or near B4071,E01022396,Stroud 003B,Unable to prosecute suspect
47eae66ed0d6b2ff0baa9d4b88dbf8d0fa444074708397d5afcd77268b5c9869,2024-11,Gloucestershire Constabulary,Gloucestershire Constabulary,-2.183129,51.840976,On or near Sapphire Way,E01034799,Stroud 001E,Suspect charged
4a8637f403160f570680c0d353fc49f56ae01d269d0dcbe4ccbb24c390ead5b9,2024-11,Gloucestershire Constabulary,Gloucestershire Constabulary,-2.265818,51.816039,On or near Pucklechurch Close,E01034798,Gloucester 015L,Unable to prosecute suspect
2206fc21f117404484de5a1a0ad7176e9b115d38b0241d6552992f4648386c16,2024-11,Gloucestershire Constabulary,Gloucestershire Constabulary,-2.264795,51.819826,On or near Portreath Way,E01034796,Gloucester 015J,Unable to prosecute suspect
b19cb9f121bfeed78c9a5390ddab55d03016580f611c535913514aadd4029d07,2024-11,Gloucestershire Constabulary,Gloucestershire Constabulary,-2.252204,51.874591,On or near Dexter Way,E01032932,Gloucester 004E,Unable to prosecute suspect
14fdd63b0d5bb328d1e379f830e653fa4117dd90b169d5fb2274835d7d5c1d33,2024-11,Gloucestershire Constabulary,Gloucestershire Constabulary,-2.072152,51.906227,On or near Wellington Square,E01022141,Cheltenham 008E,Unable to prosecute suspect
7ac21e574c3373b385186d411535eb8f26360ce87ca32513fe95cce7478cf703,2024-11,Gloucestershire Constabulary,Gloucestershire Constabulary,-2.522372,51.763462,On or near Morris Close,E01022268,Forest of Dean 008D,Unable to prosecute suspect
838a44c3e98a00073c9a11f0f1ab6028e2f19228a8532774c6fb909521d5ce53,2024-11,Gloucestershire Constabulary,Gloucestershire Constabulary,-2.255658,51.869009,On or near Petrol Station,E01032932,Gloucester 004E,Suspect charged
f12e153c1b3d09e940471698a0aadcfef3768ad1c5ba7a782769c007579ade4d,2024-11,Gloucestershire Constabulary,Gloucestershire Constabulary,-2.272363,51.816438,On or near Naas Lane,E01034797,Gloucester 015K,Unable to prosecute suspect
e121f1f322b1df2605c9744cbb1b98f990b084862f31d1d46e88b680ae304586,2024-11,Gloucestershire Constabulary,Gloucestershire Constabulary,-2.272363,51.816438,On or near Naas Lane,E01034797,Gloucester 015K,Unable to prosecute suspect
51e9c8c800773929c3b6a6b3a00961e2c843834e3a484f20b395fec766cae445,2024-11,Gloucestershire Constabulary,Gloucestershire Constabulary,-2.159618,51.841685,On or near Pound Close,E01034810,Tewkesbury 009I,Unable to prosecute suspect
72f042f5c514210561b9f826b78704f1d65226e169fd6312857442d73a59b001,2024-11,Gloucestershire Constabulary,Gloucestershire Constabulary,-2.257400,51.858585,On or near Supermarket,E01034791,Gloucester 004G,Investigation complete; no suspect identified
38a3dbb6f916bb3a18b9bd7cf549768dc3c63a3e55a071b3880e632735257b57,2024-11,Gloucestershire Constabulary,Gloucestershire Constabulary,-2.076054,51.901189,On or near Church Street,E01022127,Cheltenham 009G,Unable to prosecute suspect
815472d65881d66153f46923fb886fa86c5aefa238cf63e0ddd89735c3be4711,2024-11,Gloucestershire Constabulary,Gloucestershire Constabulary,-2.288677,51.729347,On or near Wesley Road,E01022407,Stroud 009E,Unable to prosecute suspect
5ec0c5573b5ed268edb1626037d4ebc3fd1effb461b7fa6b3bdc6af8e97e3c9f,2024-11,Gloucestershire Constabulary,Gloucestershire Constabulary,-2.217914,51.746430,On or near Parking Area,E01034804,Stroud 006G,Suspect charged
696d02e2e2ad90dea6d17ce9cef98b678b84d7144a1ae4b643f4c9cf92166be6,2024-11,Gloucestershire Constabulary,Gloucestershire Constabulary,-2.295441,51.818396,On or near Bridge Keepers Way,E01022378,Stroud 001A,Unable to prosecute suspect
5643ff862215bb5c1256cc004c04632151d44a4c331d250bbe22b2472d9adb99,2024-11,Gloucestershire Constabulary,Gloucestershire Constabulary,-2.252684,51.742620,On or near Huntingdon Close,E01022356,Stroud 004B,Unable to prosecute suspect
a17bd851135384b96a6ebafa6261b9a53e72e008a7285b77129d950dc2f9fa66,2024-11,Gloucestershire Constabulary,Gloucestershire Constabulary,-2.038461,51.943348,On or near Hillside Gardens,E01022434,Tewkesbury 004A,Unable to prosecute suspect
ea5c42e93bb238722cbef9457a9184b22d825465e331a7b265fc74492214879c,2024-11,Gloucestershire Constabulary,Gloucestershire Constabulary,,,No location,,,Unable to prosecute suspect
37963e5d79166f00db20395fa3e24d778162c044f52820ff55abbeb9237672c5,2024-11,Gloucestershire Constabulary,Gloucestershire Constabulary,-2.240227,51.862182,On or near Nightclub,E01034793,Gloucester 004I,Unable to prosecute suspect
5df211d8b35b21e1d72531d8cb2f95223637ec6191fdaa29ff37c04de3635095,2024-11,Gloucestershire Constabulary,Gloucestershire Constabulary,,,No location,,,Unable to prosecute suspect
55999e7b38e118733328f75eecf18a2b6a99481ac49bf4576786d12ee9aa3a26,2024-11,Gloucestershire Constabulary,Gloucestershire Constabulary,-2.246268,51.864813,On or near Shopping Area,E01032937,Gloucester 004F,Unable to prosecute suspect
a65ab83b559edb84a0d54577b1641a2e45e115360254334cfad0728aa595ae3b,2024-11,Gloucestershire Constabulary,Gloucestershire Constabulary,-2.045359,51.902185,On or near Ruardean Walk,E01034779,Cheltenham 012H,Unable to prosecute suspect
291df3122d3789f636864bd840c120b015e8af3ec0ffb8905edab387a0d9bfde,2024-11,Gloucestershire Constabulary,Gloucestershire Constabulary,-2.180243,51.845260,On or near Mulberry Road,E01034808,Tewkesbury 009G,Unable to prosecute suspect
977b700b70bb32e5ddd79590f7e6af59e9a6b12736a6a3c4425faeb40f684f70,2024-11,Gloucestershire Constabulary,Gloucestershire Constabulary,-2.076597,51.895732,On or near Vittoria Walk,E01022117,Cheltenham 009B,Unable to prosecute suspect
db7331d249706a14b81bec0a8859bb452c9560d0e27c3cdceb6b895c7ab13349,2024-11,Gloucestershire Constabulary,Gloucestershire Constabulary,-2.211517,51.886683,On or near Rookery Road,E01022448,Tewkesbury 008B,Unable to prosecute suspect
82b7710a6bb6165f6fb7873d5bc39ad96ca11c46aaee05a44e90fbc36b5bd090,2024-11,Gloucestershire Constabulary,Gloucestershire Constabulary,-2.504868,51.810265,On or near Villa Close,E01022249,Forest of Dean 004F,Unable to prosecute suspect
48a7bb88e6b6eb6f8edd91a29666cb45d006e2a5848548348a31dfe396c1c2a5,2024-11,Gloucestershire Constabulary,Gloucestershire Constabulary,-2.234696,51.815170,On or near Gilberts Lane,E01034801,Stroud 001G,Suspect charged
c1ea9c10597319216be7c46b603eb6885c310b1e51b8a1df097dab1b172a7c7b,2024-11,Gloucestershire Constabulary,Gloucestershire Constabulary,-2.236972,51.867268,On or near Claremont Road,E01022311,Gloucester 002C,Unable to prosecute suspect
8afac922e469626cbcd9cc19d14d5193e9d3afc6807f2759c472396a0eab429b,2024-11,Gloucestershire Constabulary,Gloucestershire Constabulary,-2.215505,51.833647,On or near Gatmeres Road,E01022319,Gloucester 011A,Unable to prosecute suspect
49dc4ecf165b8f26549edd8aa969b0f155cffd4b25c33b96e9d9f3d0e5382e1d,2024-11,Gloucestershire Constabulary,Gloucestershire Constabulary,-1.724270,51.875007,On or near The Pound,E01034785,Cotswold 003G,Unable to prosecute suspect
145d0b3bcc1bd983e06aff0eb36eae3eadeb0fc2e0c82159dc179eb12cc5003b,2024-11,Gloucestershire Constabulary,Gloucestershire Constabulary,-2.225072,51.848779,On or near The Lampreys,E01022321,Gloucester 011C,Unable to prosecute suspect
04631c3b70b859c6a83f4b94b01205e41210f3aaee3d6847cfd8744197405f8a,2024-11,Gloucestershire Constabulary,Gloucestershire Constabulary,-2.225072,51.848779,On or near The Lampreys,E01022321,Gloucester 011C,Unable to prosecute suspect
f393bae77bb449d9187a3907f83972950f7dd3da4c08a49def5a2c4a5ee39bea,2024-11,Gloucestershire Constabulary,Gloucestershire Constabulary,-2.242674,51.863615,On or near Eastgate Street,E01032937,Gloucester 004F,Unable to prosecute suspect
08ea76fcf71bfa2bf1a6069e7e97422e8d59bd9d9107d37594271da3affaf537,2024-11,Gloucestershire Constabulary,Gloucestershire Constabulary,-2.158347,51.603763,On or near Southside,E01034790,Cotswold 011H,Unable to prosecute suspect
da61e3fb4d83f599bbb0a98c054eeb8a53fc38b0eb7a67e0087e4a45224ccf39,2024-11,Gloucestershire Constabulary,Gloucestershire Constabulary,-2.158347,51.603763,On or near Southside,E01034790,Cotswold 011H,Unable to prosecute suspect
cdb225e03dd77f169ad2e37c007f6fd0a1bd66a4560f95e7a0e8c085966eaaca,2024-11,Gloucestershire Constabulary,Gloucestershire Constabulary,-2.158347,51.603763,On or near Southside,E01034790,Cotswold 011H,Unable to prosecute suspect
6131daa1e03fb6e0741ed80f2f5aba98fa312c1efd69a0ab128af74a5bf45d55,2024-11,Gloucestershire Constabulary,Gloucestershire Constabulary,-2.279949,51.818730,On or near Mansfield Mews,E01022338,Gloucester 015D,Unable to prosecute suspect
3c48ac4008809e1205af2fafa657f4854a2af3cfcba0f4e859d3c80c4c0ac009,2024-11,Gloucestershire Constabulary,Gloucestershire Constabulary,-2.218084,51.745603,On or near King Street,E01034804,Stroud 006G,Suspect charged
7fea0161981a1a6bc2e8278ede1e249e2b94a9f6e3051c029f58d15bfea48470,2024-11,Gloucestershire Constabulary,Gloucestershire Constabulary,-2.104318,51.918079,On or near Shopping Area,E01022165,Cheltenham 001C,Investigation complete; no suspect identified
a23f4c96f96f6353455502b1e60272b09449b70214f8ab00bb56d7595485435e,2024-11,Gloucestershire Constabulary,Gloucestershire Constabulary,-2.397084,51.929143,On or near Blenheim Drive,E01022262,Forest of Dean 002B,Unable to prosecute suspect
5b9b6684f9922f4c7e3bb6471783799226d9c046a35253df91a54747f7365571,2024-11,Gloucestershire Constabulary,Gloucestershire Constabulary,-2.076054,51.901189,On or near Church Street,E01022127,Cheltenham 009G,Unable to prosecute suspect
ee105611462eb43551c2ab01a18f77ac346d0eeb83cf9bb4a061f7ed6bec654b,2024-11,Gloucestershire Constabulary,Gloucestershire Constabulary,-2.076054,51.901189,On or near Church Street,E01022127,Cheltenham 009G,Local resolution
4b9b0e5db5b1e4cc12f537ad7e8a65d1c22210a908e1908499ab0bdbd10a9903,2024-11,Gloucestershire Constabulary,Gloucestershire Constabulary,-2.219069,51.829361,On or near Sneedhams Road,E01022320,Gloucester 011B,Action to be taken by another organisation
1a87a056638488b1a17c47e0f769a1f25cb0c103e1516b02a660d2a970c7cd20,2024-11,Gloucestershire Constabulary,Gloucestershire Constabulary,-2.214761,51.860118,On or near Shopping Area,E01022287,Gloucester 007G,Unable to prosecute suspect
fd5969da60622ebfba1f54b38b2265ca514b94094b5ab23bd50075b6914f25ce,2024-11,Gloucestershire Constabulary,Gloucestershire Constabulary,-2.207765,51.744327,On or near Cotteswold Rise,E01022399,Stroud 006B,Unable to prosecute suspect
4705efcd157fc903b5de868d22c9f143505e64881bfc5d31aef352107147484e,2024-11,Gloucestershire Constabulary,Gloucestershire Constabulary,-2.207765,51.744327,On or near Cotteswold Rise,E01022399,Stroud 006B,Unable to prosecute suspect
307bae92355824c2975a6aff7844b283eda5d71bcb22d00389604869a4b9df3e,2024-11,Gloucestershire Constabulary,Gloucestershire Constabulary,-2.206021,51.723911,On or near Bagpath Lane,E01022408,Stroud 007D,Unable to prosecute suspect
0678fc77db5db34ef2a40cbd93490fdee85ffff470770f0435657c0d62cbcda8,2024-11,Gloucestershire Constabulary,Gloucestershire Constabulary,-2.241745,51.852873,On or near Catherine Court,E01022328,Gloucester 008D,Unable to prosecute suspect
b7d3eeb945f5fa698d7306dc46f7fd45e3019ac39e93641eb9a9518a43197cf4,2024-11,Gloucestershire Constabulary,Gloucestershire Constabulary,-2.078363,51.908686,On or near Manser Street,E01022152,Cheltenham 004C,Unable to prosecute suspect
74a778b4c6bf796684f2587d5f7af8aef4fcd92811104fbb0c99785a6e415c41,2024-11,Gloucestershire Constabulary,Gloucestershire Constabulary,-2.064022,51.943777,On or near Orchard Road,E01022437,Tewkesbury 010D,Local resolution
bb37698cf6c5a0e7268c58d9f3cf0cdc9822b507524556e4bcc14b503d5da611,2024-11,Gloucestershire Constabulary,Gloucestershire Constabulary,,,No location,,,Unable to prosecute suspect
62b57c5924984072c00c59818b3ad9631e224cd932efa982bf792ae6da5fc7f0,2024-11,Gloucestershire Constabulary,Gloucestershire Constabulary,-2.575452,51.747776,On or near Puzzle Close,E01022232,Forest of Dean 008B,Local resolution
a6ff0de6327e39867ced2faa608aedb03175d85f820dc7cb884674fb8407900e,2024-11,Gloucestershire Constabulary,Gloucestershire Constabulary,-2.190103,51.887304,On or near Lovage Close,E01022428,Tewkesbury 007D,Unable to prosecute suspect
4af22835877433116be63e9c5fb29ca4bb4270b527a62523cc4ef162ab937d2e,2024-11,Gloucestershire Constabulary,Gloucestershire Constabulary,-2.439864,51.977569,On or near Western Way,E01022233,Forest of Dean 001A,Local resolution
34ba65526fd6f11310fb9d97fa476e3c7c0b2826c3fee992f4c236f5823587e0,2024-11,Gloucestershire Constabulary,Gloucestershire Constabulary,-2.076503,51.900452,On or near Post Office Lane,E01022127,Cheltenham 009G,Investigation complete; no suspect identified
fee095b93f954d7cb04784234c975c7970ef9645132c0e44921efda3f426afe8,2024-11,Gloucestershire Constabulary,Gloucestershire Constabulary,-2.245719,51.860102,On or near Montpellier,E01034792,Gloucester 004H,Unable to prosecute suspect
45433e5ba55e2e362081ce8f51c7f84ba7fe74278b365f2dee281561148bb1cf,2024-11,Gloucestershire Constabulary,Gloucestershire Constabulary,-2.245719,51.860102,On or near Montpellier,E01034792,Gloucester 004H,Local resolution
da11d042cd631a34ceea0d17a38aff6b344123498f825411e12d46a3a309525e,2024-11,Gloucestershire Constabulary,Gloucestershire Constabulary,-2.099088,51.708855,On or near Emmerson Lane,E01022221,Cotswold 010A,Investigation complete; no suspect identified
6c3d7b687376c74fc1f2026044583c3abb5faf4a392a36264d10664e76c7e6a1,2024-11,Gloucestershire Constabulary,Gloucestershire Constabulary,-2.078795,51.889688,On or near Bath Terrace,E01022119,Cheltenham 009C,Unable to prosecute suspect
9c7a579309fe114d12abcee48cd6175ba68f18657edbe7621aefb51172f2607e,2024-11,Gloucestershire Constabulary,Gloucestershire Constabulary,-1.973686,51.707347,On or near Apsley Road,E01022192,Cotswold 008B,Unable to prosecute suspect
cb9b8e49450e617978ec896edf7be2ede606ce15fa68cd3245d443659569c8e9,2024-11,Gloucestershire Constabulary,Gloucestershire Constabulary,-2.275805,51.729207,On or near Bath Road,E01022405,Stroud 009C,Investigation complete; no suspect identified
2eb24f60bc6bcfd173309856ace8c8c378ff0487f1b685c2ef3b8315a7a168ab,2024-11,Gloucestershire Constabulary,Gloucestershire Constabulary,,,No location,,,Unable to prosecute suspect
1bdd70308f838fa298ed818283a24375ae0c935c2ea0b1703f900a9c4c819dfc,2024-11,Gloucestershire Constabulary,Gloucestershire Constabulary,-2.090198,51.895039,On or near Lansdown Parade,E01022125,Cheltenham 009E,Unable to prosecute suspect
82c0583fe5f02d1aa77e32fbf93a32b1362eee65269ed218b4347f6a6bea562d,2024-11,Gloucestershire Constabulary,Gloucestershire Constabulary,-2.080420,51.904225,On or near King Street,E01022153,Cheltenham 004D,Investigation complete; no suspect identified
8fa418993f0914ad489f58be84ad7eeb06e6c50960bfd0b43e525f7b20540426,2024-11,Gloucestershire Constabulary,Gloucestershire Constabulary,-2.232622,51.868599,On or near London Road,E01022311,Gloucester 002C,Unable to prosecute suspect
fd22f8d2b552b2894385bc46bd0f3e17ae18bed67c0cfc93d3051923ae3cdfeb,2024-11,Gloucestershire Constabulary,Gloucestershire Constabulary,-2.113074,51.901681,On or near Goldsmith Road,E01022147,Cheltenham 005C,Unable to prosecute suspect
90f8ca826d793c4cb6d1bc2c9de62a082b68512b7b03e2dc6ffa5cda3458e06c,2024-11,Gloucestershire Constabulary,Gloucestershire Constabulary,-2.061503,51.962785,On or near Long Furlong,E01022453,Tewkesbury 004D,Unable to prosecute suspect
7b201792b9ef668d2991f16d9a152923d922d3acc132fce50306a988b4010869,2024-11,Gloucestershire Constabulary,Gloucestershire Constabulary,,,No location,,,Unable to prosecute suspect
0d30c6f23d941046d99c400a8ebe438cfb295a69e3aad38ab2627cc83fdbee36,2024-11,Gloucestershire Constabulary,Gloucestershire Constabulary,-2.079834,51.902113,On or near Ambrose Place,E01022127,Cheltenham 009G,Unable to prosecute suspect
b0c679012dd7b878609d6fac616c1cdc55ed8c9b68636845d117a907d37127b5,2024-11,Gloucestershire Constabulary,Gloucestershire Constabulary,-2.236686,51.765760,On or near Lower Street,E01022389,Stroud 004F,Unable to prosecute suspect
3aedd539d1384c609d830f41394202231a316642d1fb94621f7b1ae5ff96ac5a,2024-11,Gloucestershire Constabulary,Gloucestershire Constabulary,-2.241804,51.866539,On or near Spread Eagle Road,E01032937,Gloucester 004F,Unable to prosecute suspect
41cdc1fd08bd35937f631bf783f0b25cd201928adc90d046ae394275a6e64a1c,2024-11,Gloucestershire Constabulary,Gloucestershire Constabulary,-2.500159,51.822468,On or near Commercial Street,E01022240,Forest of Dean 004E,Unable to prosecute suspect
a5aa686b10846d824ac57f0f9af064afed484f9d12df0a88126b15c2f2ed060b,2024-11,Gloucestershire Constabulary,Gloucestershire Constabulary,-2.228080,51.866504,On or near Mayhill Way,E01022312,Gloucester 002D,Unable to prosecute suspect
cb7d2c4bb24f4fdef7e067c6178e9f4e64a264843e13a37eb440de4d6b01f4f6,2024-11,Gloucestershire Constabulary,Gloucestershire Constabulary,-2.246049,51.861954,On or near Brunswick Road,E01034793,Gloucester 004I,Unable to prosecute suspect
e9450b6417c10ff54138bee0d73329b928facab1f2cd25d9a95279eae9097433,2024-11,Gloucestershire Constabulary,Gloucestershire Constabulary,-2.365990,51.705467,On or near The Vennings,E01022363,Stroud 011E,Unable to prosecute suspect
b53c2c2068411f4a3280726a1275ea45b50251b12086b0556ababd805faab29d,2024-11,Gloucestershire Constabulary,Gloucestershire Constabulary,-2.077243,51.899840,On or near Crescent Terrace,E01022127,Cheltenham 009G,Unable to prosecute suspect
f8bf669ffa35b876f767898d835d8728434a4b2ad7bb54209940dcaf445e831a,2024-11,Gloucestershire Constabulary,Gloucestershire Constabulary,-2.072255,51.897604,On or near Nightclub,E01022116,Cheltenham 009A,Investigation complete; no suspect identified
1dee474ee45f1441880492260dae8329df9461bdc1ad11ce0275cfea7486424b,2024-11,Gloucestershire Constabulary,Gloucestershire Constabulary,-1.968489,51.715816,On or near Nightclub,E01022194,Cotswold 007A,Local resolution
65f69c22fa1a4f2ea19fffa41dbf13863428038227396524f930add455fdd55a,2024-11,Gloucestershire Constabulary,Gloucestershire Constabulary,-2.235768,51.859188,On or near Vauxhall Road,E01022291,Gloucester 005D,Unable to prosecute suspect
e048452f20a5214931e2950a3e6e14a71339a40a3735af577da4eb2a0a88f654,2024-11,Gloucestershire Constabulary,Gloucestershire Constabulary,-2.464078,51.691390,On or near Park View Road,E01022352,Stroud 012B,Unable to prosecute suspect
732e78d57e1d4ab1c4257166ec6f57e27d1e66e684fc346abbc134780d3f7071,2024-11,Gloucestershire Constabulary,Gloucestershire Constabulary,-2.267289,51.726404,On or near Coldwell Close,E01022406,Stroud 009D,Offender given a caution
173f7fddf103584a8224ba675a0944329d4d91434d2ef436382464cb78a668b5,2024-11,Gloucestershire Constabulary,Gloucestershire Constabulary,-2.288431,51.749704,On or near Park Road,E01022403,Stroud 005D,Unable to prosecute suspect
2734749617e63c5aafdc56e0ca931f84a03531a72243202a216b7d9aa756825c,2024-11,Gloucestershire Constabulary,Gloucestershire Constabulary,-2.119359,51.903994,On or near Marsland Road,E01022122,Cheltenham 003A,Unable to prosecute suspect
85a594c6e3a603dd0f57713be49eb22a79409449a367feb9ae9782761d0cd620,2024-11,Gloucestershire Constabulary,Gloucestershire Constabulary,-1.837043,51.831944,On or near May's Crescent,E01022213,Cotswold 005C,Unable to prosecute suspect
f5ea7f24cfabe79259641357c81cf9f99055668e35db5d516decf5498871d111,2024-11,Gloucestershire Constabulary,Gloucestershire Constabulary,-2.231505,51.699245,On or near Colliers Wood,E01022387,Stroud 013C,Unable to prosecute suspect
1a00ee2e7931ea9157b0203c17b4b769afde5291ea2a7af34d9ac22e2e74095a,2024-11,Gloucestershire Constabulary,Gloucestershire Constabulary,-2.242316,51.861854,On or near Wellington Street,E01034793,Gloucester 004I,Unable to prosecute suspect
c68c2394b274c207b1f23516ac6b8131acb747bdf10bacbb5c443e60ea36d9cd,2024-11,Gloucestershire Constabulary,Gloucestershire Constabulary,-2.281200,51.730741,On or near Sandford Close,E01022405,Stroud 009C,Unable to prosecute suspect
5674dd9278a000fe49004b40fc1503c4cd992a6743e701b6932ad311950171f6,2024-11,Gloucestershire Constabulary,Gloucestershire Constabulary,-2.146985,51.893687,On or near Valley Park,E01034805,Tewkesbury 008D,Local resolution
2740e7f972331e636752debc68cd6a3b508ec4017a03b1b52c8bd46e1fb4348e,2024-11,Gloucestershire Constabulary,Gloucestershire Constabulary,-2.055570,51.908528,On or near Lynworth Place,E01022131,Cheltenham 006A,Investigation complete; no suspect identified
7defeebfbc1a4c0fc33dbb4737256572934c7ada835383c1d8c5887da869b181,2024-11,Gloucestershire Constabulary,Gloucestershire Constabulary,-2.242316,51.861854,On or near Wellington Street,E01034793,Gloucester 004I,Unable to prosecute suspect
24c6f8223207c539f6a563deddf5869748c56b89af5c2b9f4d1e9a78e6e353c2,2024-11,Gloucestershire Constabulary,Gloucestershire Constabulary,-2.241137,51.863933,On or near Russell Street,E01032937,Gloucester 004F,Suspect charged
776f07caf15b174b4b7ef80460e3bd23811188aeb9981472163464fc46dd6bf0,2024-11,Gloucestershire Constabulary,Gloucestershire Constabulary,-2.118077,51.908599,On or near Hester's Way Road,E01022162,Cheltenham 003D,Investigation complete; no suspect identified
af154d198a04336ce19a509cb007b1d4dd94052f65a6168aeb680cddafb85a22,2024-11,Gloucestershire Constabulary,Gloucestershire Constabulary,-2.241137,51.863933,On or near Russell Street,E01032937,Gloucester 004F,Suspect charged
197f49f18e1d8f4d90ad479385bef2620d876202eb65480cfdb6e029410b764e,2024-11,Gloucestershire Constabulary,Gloucestershire Constabulary,-2.218859,51.699315,On or near Watledge Bank,E01022386,Stroud 013B,Unable to prosecute suspect
c6caff7236e94d0c56d7f4277d78c2ca96281623546a8d07a89c1cb01c3b01c3,2024-11,Gloucestershire Constabulary,Gloucestershire Constabulary,,,No location,,,Suspect charged
5e874c9dd034349ba9454d584287c59e596a3b658eda94e40ca4da714c9b0bb5,2024-11,Gloucestershire Constabulary,Gloucestershire Constabulary,-2.216567,51.725258,On or near Private Road,E01022393,Stroud 007A,Unable to prosecute suspect
09233e293146fe9f42f859eee05fb5dbbf54a331af9fa3f0d163a11420ab808f,2024-11,Gloucestershire Constabulary,Gloucestershire Constabulary,,,No location,,,Unable to prosecute suspect
9a03c76ae07eb65d536a79a22a1bf33368a5791e54c0bfd813c99eaeeaf9e62b,2024-11,Gloucestershire Constabulary,Gloucestershire Constabulary,-2.279572,51.835140,On or near Goshawk Road,E01022339,Gloucester 014A,Unable to prosecute suspect
35b675dace5b4b5c4bbbf55c7ac940ef0f6bb4022a2a6284d7c6c957ac72c4da,2024-11,Gloucestershire Constabulary,Gloucestershire Constabulary,-2.352198,51.681062,On or near Parking Area,E01022374,Stroud 014C,Unable to prosecute suspect
9fdfef5eb540eda06a951ebcbd5f533522225143589cf9a35d2602dcf0390a4e,2024-11,Gloucestershire Constabulary,Gloucestershire Constabulary,-2.056845,51.905525,On or near Thames Road,E01022134,Cheltenham 006D,Unable to prosecute suspect
d254880830b13dcbec257a97db896ceabe519e867a05b531c9a8c0c175375f4b,2024-11,Gloucestershire Constabulary,Gloucestershire Constabulary,-2.264595,51.820366,On or near Bampton Castle Way,E01034795,Gloucester 015I,Unable to prosecute suspect
99414cef2a98b73e316365d339377f56f9833308abb4aa29f0e3617d786283be,2024-11,Gloucestershire Constabulary,Gloucestershire Constabulary,-2.077008,51.898114,On or near Nightclub,E01022117,Cheltenham 009B,Suspect charged
b2b2d52ca399a9068ccc7f12ade1a9a786481c69748cef980753be64d9a8551a,2024-11,Gloucestershire Constabulary,Gloucestershire Constabulary,-2.246268,51.864813,On or near Shopping Area,E01032937,Gloucester 004F,Unable to prosecute suspect
1c038791ff19a6839570491884a3f89931a0c91b6dbfe5a30b4a0e811251379c,2024-11,Gloucestershire Constabulary,Gloucestershire Constabulary,-2.237026,51.750610,On or near Paganhill Estate,E01022377,Stroud 004E,Unable to prosecute suspect
f3c007e4688795d7bf40153b7be011ca031612c9dbcfd9ec03cc5547e3da8217,2024-11,Gloucestershire Constabulary,Gloucestershire Constabulary,-2.280519,51.819295,On or near Lanham Gardens,E01022338,Gloucester 015D,Unable to prosecute suspect
5a1cc190b50a7be2098549f9d40f5ffb5a266b668ab61c7fa26ceba27402d261,2024-11,Gloucestershire Constabulary,Gloucestershire Constabulary,-2.081357,51.908370,On or near Aldridge Close,E01022152,Cheltenham 004C,Unable to prosecute suspect
12b168a2518178d4b048eb960d0ae1285f0de6f52a569abb01fda7f9672cf8f7,2024-11,Gloucestershire Constabulary,Gloucestershire Constabulary,-2.240160,51.868709,On or near Alvin Street,E01022311,Gloucester 002C,Unable to prosecute suspect
1042838c1beea248720c2bac3c36a1a3fbce4bc24b504abfd232e2dc685f44e4,2024-11,Gloucestershire Constabulary,Gloucestershire Constabulary,-2.251661,51.860521,On or near Church Street,E01034791,Gloucester 004G,Unable to prosecute suspect
34bd2acaa20fb2a0a2dc2784135049a1d7ee6b8e4c156d047d83678eb7b3cfbe,2024-11,Gloucestershire Constabulary,Gloucestershire Constabulary,-2.252631,51.859614,On or near Shopping Area,E01034791,Gloucester 004G,Suspect charged as part of another case
373c8014b67bf10b20f45e49e4b693364a6a610de32989046a6f9d71d2d9eb6c,2024-11,Gloucestershire Constabulary,Gloucestershire Constabulary,-2.062763,51.906942,On or near Petrol Station,E01022140,Cheltenham 008D,Unable to prosecute suspect
6cd766ed3bbf1b2241aaf666124f43b90d3e5c2b46c03c5dc6e051e73bdab7b2,2024-11,Gloucestershire Constabulary,Gloucestershire Constabulary,-2.231886,51.753875,On or near Heathfield Road,E01022377,Stroud 004E,Unable to prosecute suspect
9dac996395bb0ca4e9a92cca6e053d15ef2616e3b9c8b18bc0a1a3a0bb3cce25,2024-11,Gloucestershire Constabulary,Gloucestershire Constabulary,-2.495362,51.825581,On or near Moorland Close,E01022237,Forest of Dean 004B,Action to be taken by another organisation
84dbc2ee461093909f9be29b2c6ec6152310035f5312b9ec1eeb90c3b9747e64,2024-11,Gloucestershire Constabulary,Gloucestershire Constabulary,-2.495362,51.825581,On or near Moorland Close,E01022237,Forest of Dean 004B,Action to be taken by another organisation
ea7d4effa37e699e7c6a9395bd522a16fa23973c1516da06c21609e290d863fa,2024-11,Gloucestershire Constabulary,Gloucestershire Constabulary,-2.109274,51.916978,On or near Coppice Gate,E01022441,Tewkesbury 004B,Suspect charged
b4b04127999ef289825db7a0efa8879749400464bce374f89656d879c68dc8ed,2024-11,Gloucestershire Constabulary,Gloucestershire Constabulary,-2.205761,51.841748,On or near Supermarket,E01022277,Gloucester 010B,Local resolution
75ee76e3537ccaada99322a8a7c2c6fa5868bf5ca93dc415503a050c01c31c81,2024-11,Gloucestershire Constabulary,Gloucestershire Constabulary,-2.098234,51.914947,On or near Shopping Area,E01022165,Cheltenham 001C,Local resolution
ef655a9153980a10d2de0fb9df8724d52271b38249e6199cf03e6d9a765a205b,2024-11,Gloucestershire Constabulary,Gloucestershire Constabulary,-2.246348,51.855660,On or near St Paul's Road,E01022332,Gloucester 004A,Suspect charged
cfe12afdd1d1f729266b161c978d5b0dded38ddc4b6971da22a8f5c87c42a134,2024-11,Gloucestershire Constabulary,Gloucestershire Constabulary,-2.576740,51.843147,On or near Edwards Close,E01022251,Forest of Dean 003A,Unable to prosecute suspect
197b70f38d531ccae89bef0bff81f4be7e837696c0f3e29d48500585f4154464,2024-11,Gloucestershire Constabulary,Gloucestershire Constabulary,-2.255396,51.858589,On or near St Ann Way,E01022332,Gloucester 004A,Suspect charged
d0868072a808c7e2c54951e13004314b6f60092361a457bd78caef754ce7a01a,2024-11,Gloucestershire Constabulary,Gloucestershire Constabulary,-2.228632,51.895139,On or near Tewkesbury Road,E01022440,Tewkesbury 006A,Unable to prosecute suspect
70d602312acef711963f234baa1917c0c6bd7dcc5020cfedd8667b77085dfe35,2024-11,Gloucestershire Constabulary,Gloucestershire Constabulary,,,No location,,,Unable to prosecute suspect
ebaf7dd139520c3742219705ce14a6e686ab9f1392557abd4c181a92425cd044,2024-11,Gloucestershire Constabulary,Gloucestershire Constabulary,-2.072255,51.897604,On or near Nightclub,E01022116,Cheltenham 009A,Investigation complete; no suspect identified
7b79a59c5b1d25e50446460e253cf570f2e3346590b4a09ea591576816c18033,2024-11,Gloucestershire Constabulary,Gloucestershire Constabulary,-2.217162,51.746710,On or near Gloucester Street,E01034804,Stroud 006G,Suspect charged
197f48e1d2c30c8fcf34859d13e9de4a9a3c30a73bca30d7360db4debde8a801,2024-11,Gloucestershire Constabulary,Gloucestershire Constabulary,-2.213240,51.833373,On or near Birchall Avenue,E01022320,Gloucester 011B,Unable to prosecute suspect
b70e4ae5850824e65d6291455d25088ff57201631b79e3fe2d61f8c05bd8eae5,2024-11,Gloucestershire Constabulary,Gloucestershire Constabulary,-2.084378,51.906515,On or near Townsend Street,E01022151,Cheltenham 004B,Unable to prosecute suspect
17be86c790aa5227e16b2f94a9c2f1b7df36fe81ed477b4c717f7a8234760b9a,2024-11,Gloucestershire Constabulary,Gloucestershire Constabulary,-2.152485,51.985700,On or near Warwick Place,E01022457,Tewkesbury 002B,Unable to prosecute suspect
8fc7f416b691653fd3b7a902b3aa0154ab1bb1f3ff099f7f959a33657bbb6d16,2024-11,Gloucestershire Constabulary,Gloucestershire Constabulary,-2.246268,51.864813,On or near Shopping Area,E01032937,Gloucester 004F,Unable to prosecute suspect
fa7517325de886dc245250983b53ef662f33ab884ef996417144278ee4cd8425,2024-11,Gloucestershire Constabulary,Gloucestershire Constabulary,-2.244705,51.831154,On or near Petrol Station,E01022345,Gloucester 012C,Unable to prosecute suspect
3b61974dee38b6927b01f21b1a1a7c2d3a93b04d9440e1b6b2658c0eda7227a4,2024-11,Gloucestershire Constabulary,Gloucestershire Constabulary,,,No location,,,Unable to prosecute suspect
da4004dd37a164ba97f83d3387e058b6e3465a397cf99abbc596c8dfffd43e52,2024-11,Gloucestershire Constabulary,Gloucestershire Constabulary,-2.138245,51.995527,On or near Petrol Station,E01022455,Tewkesbury 001E,Suspect charged
04d919fa5c2f1ce58f7bd58b24c35d638610f116436e62962b4d93aacbfbe62f,2024-11,Gloucestershire Constabulary,Gloucestershire Constabulary,-2.232269,51.862252,On or near Lobb Court,E01022289,Gloucester 005B,Unable to prosecute suspect
490dd57cc87b1452bd80da381e6c7adaad4725987fbb097161a8707c43c60ca2,2024-11,Gloucestershire Constabulary,Gloucestershire Constabulary,-2.242006,51.858159,On or near Midland Road,E01022293,Gloucester 008A,Suspect charged
15bdc4fc601180c2d185b420c33075380cc1440a9a008d015824563d70ffbc47,2024-11,Gloucestershire Constabulary,Gloucestershire Constabulary,-2.239627,51.858623,On or near Goodyere Street,E01022292,Gloucester 005E,Offender given a caution
e2b1a90be50bb27a4031e9f9d976b8cb57ea2fa1b697469445b4e53c7f116ae0,2024-11,Gloucestershire Constabulary,Gloucestershire Constabulary,-2.239627,51.858623,On or near Goodyere Street,E01022292,Gloucester 005E,Offender given a caution
3562f2be167b7361775ee29249038642615c770047538ed4306266fdf0c1e9f1,2024-11,Gloucestershire Constabulary,Gloucestershire Constabulary,-2.239627,51.858623,On or near Goodyere Street,E01022292,Gloucester 005E,Offender given a caution
3dcba8d489fa5aa68e6f2e207192516b324cee39da5412dde71dac61c61a9903,2024-11,Gloucestershire Constabulary,Gloucestershire Constabulary,-2.237596,51.861782,On or near Charles Street,E01022289,Gloucester 005B,Unable to prosecute suspect
bb402c2c4913c1c66ae875c3ea1ea48dd98b86e7e33de46254b7a980cd1438c5,2024-11,Gloucestershire Constabulary,Gloucestershire Constabulary,-2.244705,51.831154,On or near Petrol Station,E01022345,Gloucester 012C,Unable to prosecute suspect
eb63b292b69b90dff9065143afa726f11fdb9983b3b3b43664aac9fe16972f52,2024-11,Gloucestershire Constabulary,Gloucestershire Constabulary,-2.449406,51.660464,On or near Matford Lane,E01022413,Stroud 012D,Unable to prosecute suspect
55c8df3dd004f65cac726e8e43027c76c454a654f94f03419593feb7469400ea,2024-11,Gloucestershire Constabulary,Gloucestershire Constabulary,-2.244705,51.831154,On or near Petrol Station,E01022345,Gloucester 012C,Unable to prosecute suspect
cd1e648ef0db9f4f1aae4dfab0e781e96ea46ee21a3b99d6f47aa1ff0ddfbf6b,2024-11,Gloucestershire Constabulary,Gloucestershire Constabulary,-2.244633,51.839210,On or near Southern Avenue,E01022343,Gloucester 012A,Unable to prosecute suspect
3152205ac4c66f9a62bb23aa9e5232243ace05a7dc44e2b9c1dd8c451a2297ba,2024-11,Gloucestershire Constabulary,Gloucestershire Constabulary,-2.244705,51.831154,On or near Petrol Station,E01022345,Gloucester 012C,Unable to prosecute suspect
387e4f8b32f5acd492e12d6daa846aa8f9da5f3410d1c05ef3f21d90535f0822,2024-11,Gloucestershire Constabulary,Gloucestershire Constabulary,-2.236118,51.863077,On or near Supermarket,E01022289,Gloucester 005B,Suspect charged
fafa8bd51be2a1f4031de7089e5f9aded8a64478e35e195398f4f97208916dba,2024-11,Gloucestershire Constabulary,Gloucestershire Constabulary,-2.112008,51.911410,On or near Lipson Road,E01022160,Cheltenham 003B,Unable to prosecute suspect
207b26621e35a003f204e1d1aae1586b41bcbbe0fa393ee78924668522588035,2024-11,Gloucestershire Constabulary,Gloucestershire Constabulary,-2.210541,51.743144,On or near Lower Street,E01022410,Stroud 006C,Action to be taken by another organisation
26237de5aa72fb7f55fb7bf1085bc145715726b80d72718a8fdadefba68effd8,2024-11,Gloucestershire Constabulary,Gloucestershire Constabulary,-2.140461,51.996315,On or near Canterbury Leys,E01022455,Tewkesbury 001E,Suspect charged
df87819f057b6439e5103cd3cdb216d023cb1233267f588bef04eae1a964c4d5,2024-11,Gloucestershire Constabulary,Gloucestershire Constabulary,-2.228486,51.846498,On or near Jenkinson Close,E01022321,Gloucester 011C,Investigation complete; no suspect identified
0b655959ed71d30768c72c1e016e8a00012f5d0a6f432add8cdc181f3c24d8bc,2024-11,Gloucestershire Constabulary,Gloucestershire Constabulary,-2.216688,51.744391,On or near John Street,E01034804,Stroud 006G,Local resolution
9774596b4fd1c0fa818ff72034b5975443c327cb7c0873d6fc88a6fb218d9efe,2024-11,Gloucestershire Constabulary,Gloucestershire Constabulary,-2.225072,51.848779,On or near The Lampreys,E01022321,Gloucester 011C,Unable to prosecute suspect
a6d692170ddf4803cb33802e8eaa2bd1b348cec990137e167d8b6741ccf9d3da,2024-11,Gloucestershire Constabulary,Gloucestershire Constabulary,-2.269718,51.830227,On or near Ruardean Drive,E01022341,Gloucester 014C,Suspect charged
890d98e3b7854faeed9bb616ec25765fc11edc95631ccc97d51999403d0f69f4,2024-11,Gloucestershire Constabulary,Gloucestershire Constabulary,-1.861084,51.710748,On or near Ashbrook Lane,E01022175,Cotswold 005A,Unable to prosecute suspect
b89d32ce73f70727a9b07a4a19c7f6cc51e75885728063e55d84841c83072107,2024-11,Gloucestershire Constabulary,Gloucestershire Constabulary,-2.531125,51.725354,On or near Swan Road,E01022256,Forest of Dean 009E,Unable to prosecute suspect
2260bf67c2556e2a205907503d932653753994be67a017e5b937706fe7578401,2024-11,Gloucestershire Constabulary,Gloucestershire Constabulary,-1.756154,51.697297,On or near Park/Open Space,E01022209,Cotswold 009E,Unable to prosecute suspect
f49b50ff5e044f3560666ed06c506efd928e75eb8eb50e1cd626aeb1f89225a7,2024-11,Gloucestershire Constabulary,Gloucestershire Constabulary,-2.252631,51.859614,On or near Shopping Area,E01034791,Gloucester 004G,Unable to prosecute suspect
17c5ad63aecc6233c8b921ccbfd7faec5be9402d95ca35a323c98e4f27eae41e,2024-11,Gloucestershire Constabulary,Gloucestershire Constabulary,-2.244705,51.831154,On or near Petrol Station,E01022345,Gloucester 012C,Unable to prosecute suspect
df10c6d15c60cea187cedd5f7911b7bbd7c22a7320d551c5226424f92b7349ae,2024-11,Gloucestershire Constabulary,Gloucestershire Constabulary,-2.515700,51.859489,On or near Hazel Field,E01022260,Forest of Dean 003E,Suspect charged
4589f398b53ef0ec7fecf8ee4b70efb4502bdd7e3561da49fd7426cd9cb3e281,2024-11,Gloucestershire Constabulary,Gloucestershire Constabulary,-2.414349,51.930936,On or near West View,E01022261,Forest of Dean 002A,Local resolution
14bcba3262ef87d2c58f0b5ef0c847bfb249b42ac7b15e54c7be9583dce59e31,2024-11,Gloucestershire Constabulary,Gloucestershire Constabulary,-2.414349,51.930936,On or near West View,E01022261,Forest of Dean 002A,Local resolution
dd15b257621acf3df9ee26ddfa8a609a8ec0358f14cc09f16d0f9e1308478c14,2024-11,Gloucestershire Constabulary,Gloucestershire Constabulary,-2.147323,51.846052,On or near Ribble Close,E01022424,Tewkesbury 009D,Unable to prosecute suspect
b5cf0cbf72458ee9450819dcd1268c5f76e0928f71603102c1b76fcc07a73d13,2024-11,Gloucestershire Constabulary,Gloucestershire Constabulary,-2.235024,51.853039,On or near Paul Street,E01022294,Gloucester 008B,Suspect charged
9a5f33385239a9180fecb691a216b196dfc3504b5980c3638947b82a9310ea2e,2024-11,Gloucestershire Constabulary,Gloucestershire Constabulary,-2.140226,51.888588,On or near Branch Road,E01022108,Cheltenham 010C,Suspect charged
e955bfef59f46b721c2f90f510f39807b646fdcc8fa4ba94f94a385ca68d8743,2024-11,Gloucestershire Constabulary,Gloucestershire Constabulary,-2.195713,51.744033,On or near Target Close,E01022399,Stroud 006B,Investigation complete; no suspect identified
28a31965e68130a1653b1135572dd4e85896a743ab8bc0fd01b7e6d85f447384,2024-11,Gloucestershire Constabulary,Gloucestershire Constabulary,-2.217234,51.861013,On or near Southbrook Road,E01022287,Gloucester 007G,Unable to prosecute suspect
a6ac3870e48fdf88881658f55f718b534a399c13a02781802464b570e3164645,2024-11,Gloucestershire Constabulary,Gloucestershire Constabulary,-2.080208,51.907759,On or near Margrett Road,E01022152,Cheltenham 004C,Unable to prosecute suspect
c9cd82064dff10a4f6c8df528ca505be40bedb7613602aa077be6ed7bdee8560,2024-11,Gloucestershire Constabulary,Gloucestershire Constabulary,-2.080208,51.907759,On or near Margrett Road,E01022152,Cheltenham 004C,Suspect charged
974cc70b22d55dc7f7232c3dc17359ebeebf29bef09985bf9acac8228c667292,2024-11,Gloucestershire Constabulary,Gloucestershire Constabulary,-2.246348,51.855660,On or near St Paul's Road,E01022332,Gloucester 004A,Unable to prosecute suspect
94aa3e42707f88baca90e8102599e133177f4f948573c3c39aced4cea4298c15,2024-11,Gloucestershire Constabulary,Gloucestershire Constabulary,-2.235556,51.860348,On or near Vauxhall Terrace,E01022289,Gloucester 005B,Investigation complete; no suspect identified
75dbd76daff14643dde72f79e1d3c8aeff3b0aa8abaaf61033253d9c1474ebb5,2024-11,Gloucestershire Constabulary,Gloucestershire Constabulary,-2.078134,51.902159,On or near Jenner Walk,E01022127,Cheltenham 009G,Unable to prosecute suspect
a5e926acb92453bb742f47798cacc6d01c30bc05ad0859f44fe8c8803548f747,2024-11,Gloucestershire Constabulary,Gloucestershire Constabulary,-1.951876,51.708330,On or near Bishop Mews,E01022225,Cotswold 008E,Further action is not in the public interest
e5a3e19f3f44c774422c1f91b33e227d50bb345aee23d92cae890d4b3d134292,2024-11,Gloucestershire Constabulary,Gloucestershire Constabulary,-2.062763,51.906942,On or near Petrol Station,E01022140,Cheltenham 008D,Suspect charged as part of another case
91cbcf805ca453ab155978ec7658c8719bb034dd0e1933caa733a6a81e5e700e,2024-11,Gloucestershire Constabulary,Gloucestershire Constabulary,-2.103164,51.909314,On or near Brooklyn Close,E01022157,Cheltenham 005D,Action to be taken by another organisation
13a3a5dde0d64c152f84620530f63ac96991876ff303de4d30c7afdae4502851,2024-11,Gloucestershire Constabulary,Gloucestershire Constabulary,-2.059509,51.897207,On or near Hale's Road,E01022100,Cheltenham 008A,Unable to prosecute suspect
875d3fc24aa6666dbc7a52b4c5eae740bc84e5f9f482f62348681b571df80fcd,2024-11,Gloucestershire Constabulary,Gloucestershire Constabulary,-2.194859,51.744124,On or near Gibson Close,E01022399,Stroud 006B,Unable to prosecute suspect
c56067f8fdcbe36874ed74d1959f414889e31a2e0689246f29a950f6a7e2c5ca,2024-11,Gloucestershire Constabulary,Gloucestershire Constabulary,-2.244705,51.831154,On or near Petrol Station,E01022345,Gloucester 012C,Unable to prosecute suspect
3f4f3ac02eb86f9f48a2144769dd21beaba87cf1e1d5af0599a539d84030e995,2024-11,Gloucestershire Constabulary,Gloucestershire Constabulary,-2.234039,51.850731,On or near Leonard Road,E01022294,Gloucester 008B,Unable to prosecute suspect
5d5490f6b704a04bae9cd8a370ef100c6ebac7148a981e3f1de22997bcefa34c,2024-11,Gloucestershire Constabulary,Gloucestershire Constabulary,-2.199468,51.846506,On or near Mead Road,E01022307,Gloucester 010F,Unable to prosecute suspect
12d9444987917cab105b7023da2e65ecbd115d3b76b4a83d857a7bead4a43357,2024-11,Gloucestershire Constabulary,Gloucestershire Constabulary,-2.210255,51.846793,On or near Hawk Close,E01022278,Gloucester 007A,Unable to prosecute suspect
09b008f20fcb3cd50b6601605c4fb2e84687c267c923fd7ec47f3d43c473bb59,2024-11,Gloucestershire Constabulary,Gloucestershire Constabulary,-2.119842,51.899858,On or near Pinewood Drive,E01022123,Cheltenham 010D,Unable to prosecute suspect
fd7ac1da407c03cc49e32f3c6aaebb217afedf8d3c0ca3299896fc244f8a5807,2024-11,Gloucestershire Constabulary,Gloucestershire Constabulary,-2.478993,51.762363,On or near Sports/Recreation Area,E01022228,Forest of Dean 005A,Suspect charged
403f11eb4dbf7940d6ed5e4f9e06b45a2faed94ed3b5959c3c1900d9cc92e4cb,2024-11,Gloucestershire Constabulary,Gloucestershire Constabulary,-2.203800,51.844727,On or near Speedwell Close,E01022280,Gloucester 010C,Unable to prosecute suspect
051f571252099e5bc650be2610c398784dd3638559ee4ebe7d0eeb221527062a,2024-11,Gloucestershire Constabulary,Gloucestershire Constabulary,-2.203800,51.844727,On or near Speedwell Close,E01022280,Gloucester 010C,Unable to prosecute suspect
ed1c6506f68370470c5885f1710397068ef31decd63afcc0d179e21ebac12947,2024-11,Gloucestershire Constabulary,Gloucestershire Constabulary,-2.247951,51.856690,On or near New Street,E01022332,Gloucester 004A,Suspect charged
1c8125f214cafb12b964990fea33038976b6aec1c5b1996fbd7089e4fa4827f0,2024-11,Gloucestershire Constabulary,Gloucestershire Constabulary,-2.261758,51.838939,On or near Hathaway Close,E01022333,Gloucester 009E,Unable to prosecute suspect
df2fa446647cee80249bc6387d49108f269b82ac3209a2b69c7bb5eb88ca19b0,2024-11,Gloucestershire Constabulary,Gloucestershire Constabulary,-2.128916,51.997767,On or near Furrowfield Park,E01022455,Tewkesbury 001E,Unable to prosecute suspect
3ac6b41112b7992b69aa17330f54dfc25e63139f0fbd920d157168b09e0c53c9,2024-11,Gloucestershire Constabulary,Gloucestershire Constabulary,-2.411985,51.928526,On or near Tythings Mews,E01022261,Forest of Dean 002A,Unable to prosecute suspect
fe368131613549abd82a39c6785ff3f15f98d7680fe2221d367e295c22b33a82,2024-11,Gloucestershire Constabulary,Gloucestershire Constabulary,-2.266902,51.665714,On or near Windmill Lane,E01034790,Cotswold 011H,Unable to prosecute suspect
ecfa75caff1385d433986f0ab0deba4132c62baa5c8ccbeabeb430549dba6931,2024-11,Gloucestershire Constabulary,Gloucestershire Constabulary,-2.266902,51.665714,On or near Windmill Lane,E01034790,Cotswold 011H,Unable to prosecute suspect
bed0724ef2671d1a004720e3ca299d532ad7ff499b4b152a8711a940dfcee8ff,2024-11,Gloucestershire Constabulary,Gloucestershire Constabulary,,,No location,,,Unable to prosecute suspect
cf2eed92d0b2eba2bb8341e1cc28307aad49ec9ce3e64abeb0b02576889c815b,2024-11,Gloucestershire Constabulary,Gloucestershire Constabulary,-2.232593,51.722387,On or near Southbank,E01022350,Stroud 010A,Unable to prosecute suspect
8fef3ddf721eeb3dc181c342414e313a3c374a0e7606cc28a545c4139d43a10e,2024-11,Gloucestershire Constabulary,Gloucestershire Constabulary,-2.274051,51.822143,On or near Petrol Station,E01032933,Gloucester 015E,Suspect charged as part of another case
b5162bf9bb267b027000226ad9d0c706f29eb7591101660a440d67e37bc28374,2024-11,Gloucestershire Constabulary,Gloucestershire Constabulary,-2.246268,51.864813,On or near Shopping Area,E01032937,Gloucester 004F,Unable to prosecute suspect
57a725e3f038f1557a36ecd90126dbdfc390d1e9278708f7cd1291a15c7c1cb0,2024-11,Gloucestershire Constabulary,Gloucestershire Constabulary,-2.070981,51.901004,On or near Regency Place,E01022102,Cheltenham 008C,Unable to prosecute suspect
77c5e3243e71aecf37c60849bf44b908b4b6a907ab4b02e9893646909f77068a,2024-11,Gloucestershire Constabulary,Gloucestershire Constabulary,-2.236732,51.857621,On or near Ryecroft Street,E01022291,Gloucester 005D,Unable to prosecute suspect
fcfd3556f741f6467a5afe816bbb73ea7b1ff6775e47588a157ca1c90fcdb366,2024-11,Gloucestershire Constabulary,Gloucestershire Constabulary,-2.115243,51.897561,On or near Wasley Road,E01022147,Cheltenham 005C,Unable to prosecute suspect
d3253cdb8200f6645e8a46f91ace96d11a8ffaac01fc4e54f5fc8e421e5b9fa6,2024-11,Gloucestershire Constabulary,Gloucestershire Constabulary,-1.970455,51.713272,On or near Sheep Street,E01022194,Cotswold 007A,Further action is not in the public interest
e3f118c762d762116ac14665909df159d673f86873631aa70ed61239f79775b6,2024-11,Gloucestershire Constabulary,Gloucestershire Constabulary,-2.229498,51.845588,On or near Kingsley Road,E01022323,Gloucester 008C,Unable to prosecute suspect
beeea43646ec0cd77a0609cf131fcb12f19dc0c15832d52837585f37268629ed,2024-11,Gloucestershire Constabulary,Gloucestershire Constabulary,-2.404387,51.922888,On or near Southend Lane,E01022261,Forest of Dean 002A,Action to be taken by another organisation
aed5c3a187e62c6fabd7165b908bb470907b26c035ef5c15fcac124a8261ce8d,2024-11,Gloucestershire Constabulary,Gloucestershire Constabulary,-2.249862,51.860966,On or near Norfolk Street,E01034792,Gloucester 004H,Unable to prosecute suspect
15acec29a5baef1d9adff153aed9937d4ee27723c2c0b3db326bfab60d8ead8b,2024-11,Gloucestershire Constabulary,Gloucestershire Constabulary,-2.034768,51.908734,On or near Buttercross Lane,E01022146,Cheltenham 002D,Unable to prosecute suspect
0b6b5fd7d3527a47e587b9b97693c48ac9fc388495bdfec6ad4cdc60d39834ef,2024-11,Gloucestershire Constabulary,Gloucestershire Constabulary,-2.242661,51.858392,On or near Trier Way,E01034792,Gloucester 004H,Suspect charged
82c10e01547aa761a1225751c1e08da4e8bb588fe86a1eb537c698c32c5a2977,2024-11,Gloucestershire Constabulary,Gloucestershire Constabulary,-2.273006,51.834121,On or near Greenhill Drive,E01022341,Gloucester 014C,Unable to prosecute suspect
5f380cffcb05ecb96878afc313b03681e2b4350714bdcf540a2099105897cb33,2024-11,Gloucestershire Constabulary,Gloucestershire Constabulary,-2.297315,51.825314,On or near Ibis Walk,E01022342,Gloucester 014D,Unable to prosecute suspect
1d3adfe5d9bb4b90a9276238a1ea7b66f0627724cd11da0ac3495d7c531a7fd9,2024-11,Gloucestershire Constabulary,Gloucestershire Constabulary,-2.083831,51.901930,On or near Supermarket,E01022127,Cheltenham 009G,Suspect charged
894fdaea11b8873aafb48f1f9ffd3f291cddbe7e149fb752e4b18533a15998ce,2024-11,Gloucestershire Constabulary,Gloucestershire Constabulary,-1.968489,51.715816,On or near Nightclub,E01022194,Cotswold 007A,Suspect charged as part of another case
46d420acd79e2f8fbd777bc9de1f43f8c6ea4a8965b3d089c4fe718157cdff78,2024-11,Gloucestershire Constabulary,Gloucestershire Constabulary,-2.259652,51.841201,On or near Stratford Close,E01022333,Gloucester 009E,Suspect charged
2883f59929654ffca94562c8a95293d0e4cb631bb42cc01e0cb127b44ca04262,2024-11,Gloucestershire Constabulary,Gloucestershire Constabulary,-2.168286,51.644048,On or near Wheat Hill,E01022218,Cotswold 011D,Unable to prosecute suspect
b47a9bc3b4e9a5b3a8f64b0f915bd1c0a2613a4cce5ea45eefd112b78eec9268,2024-11,Gloucestershire Constabulary,Gloucestershire Constabulary,-2.404387,51.922888,On or near Southend Lane,E01022261,Forest of Dean 002A,Unable to prosecute suspect
c5074d37df49dfb448caaae0744fcbfa7ad3df38d5b55bdca2a8bbb04b6d968b,2024-11,Gloucestershire Constabulary,Gloucestershire Constabulary,-1.757368,51.888038,On or near Sports/Recreation Area,E01034784,Cotswold 003F,Further action is not in the public interest
1089948145d14725383b9bce4fbe310f270aa2420020f2d64498b77326ec9de8,2024-11,Gloucestershire Constabulary,Gloucestershire Constabulary,-2.150045,51.850859,On or near Sports/Recreation Area,E01022423,Tewkesbury 009C,Further action is not in the public interest
942b8eb3967f3181660ecdb0d65231eb6c0b6381445bf94a2be8193d79d0db45,2024-11,Gloucestershire Constabulary,Gloucestershire Constabulary,-2.479138,51.815821,On or near Dean Crescent,E01022249,Forest of Dean 004F,Unable to prosecute suspect
1c90633d1c8071fe60ba1e9b80da1411f2d3ef101fc689c7d31dfc56379f0405,2024-11,Gloucestershire Constabulary,Gloucestershire Constabulary,-2.346792,51.673912,On or near Whiteway Close,E01022374,Stroud 014C,Unable to prosecute suspect
f062be93da6dbe6c7f1c58955861c91e6684f90563e7994ec77ee5c7282f68fc,2024-11,Gloucestershire Constabulary,Gloucestershire Constabulary,-2.247200,51.875995,On or near The Stockyards,E01032932,Gloucester 004E,Unable to prosecute suspect
b1bb2ecc1d13c6cc5e23d71d79e2ec86c40fcc6031d1ca334bda2cb258f42bb5,2024-11,Gloucestershire Constabulary,Gloucestershire Constabulary,-2.240099,51.881737,On or near Stamp's Meadow,E01022310,Gloucester 002B,Unable to prosecute suspect
97ca03038ec0ce3ece20f9365564ba99a8b1bb80d195be4426b94c4aae21040f,2024-11,Gloucestershire Constabulary,Gloucestershire Constabulary,-2.568559,51.752530,On or near Whitechapel Road,E01022231,Forest of Dean 008A,Unable to prosecute suspect
ec59e88d6d14d3f5049a438fd1499ef32537e67c0eec84711c00c8acd5afa8cf,2024-11,Gloucestershire Constabulary,Gloucestershire Constabulary,-2.521175,51.764025,On or near Ridgeway,E01022268,Forest of Dean 008D,Suspect charged
27d25211d58eacab17905e8d00a54af3740971ddd8d6408ecbe8430317a66123,2024-11,Gloucestershire Constabulary,Gloucestershire Constabulary,-2.241142,51.862270,On or near Theatre/Concert Hall,E01034793,Gloucester 004I,Investigation complete; no suspect identified
b4e626e91583067dd86c7f2052fcf7f45c6fde36bf1a759a23b8b7185b451492,2024-11,Gloucestershire Constabulary,Gloucestershire Constabulary,-2.568559,51.752530,On or near Whitechapel Road,E01022231,Forest of Dean 008A,Unable to prosecute suspect
107af2c65cd7e117d0eaa4ed7062bbee07bb446d4397170d7d918a49301a5add,2024-11,Gloucestershire Constabulary,Gloucestershire Constabulary,-1.757136,51.889546,On or near The Avenue,E01034784,Cotswold 003F,Further action is not in the public interest
37d823036655bde901ee9d96a4e7adba0e49798a24fe18bce38ad2723340e899,2024-11,Gloucestershire Constabulary,Gloucestershire Constabulary,-2.277682,51.813341,On or near Davy Way,E01034802,Stroud 001H,Suspect charged
12a0028810e84480e5f617a56558273cb2f625dc65e17f1c09f3e2752f76c210,2024-11,Gloucestershire Constabulary,Gloucestershire Constabulary,-2.089910,51.903841,On or near Old Millbrook Terrace,E01022156,Cheltenham 007E,Suspect charged
283204cd0ae1b83151aa10bdd6eb14de38b4b2c8371f7e1302bf3ef34136988f,2024-11,Gloucestershire Constabulary,Gloucestershire Constabulary,-2.301872,51.810314,On or near Stank Lane,E01034800,Stroud 001F,Unable to prosecute suspect
ca910d62ab8bf84f8e126a884d79f41c12e0ea5b4cb31008ea60f02921420ab9,2024-11,Gloucestershire Constabulary,Gloucestershire Constabulary,-2.489207,51.864152,On or near Stars Pitch,E01022258,Forest of Dean 003C,Unable to prosecute suspect
aeaa46a98ad7b73ae355e8dcea548243d712e4c3a15c43f5d04a336da02ee36e,2024-11,Gloucestershire Constabulary,Gloucestershire Constabulary,-2.568559,51.752530,On or near Whitechapel Road,E01022231,Forest of Dean 008A,Unable to prosecute suspect
d122c7c35ba4576bbe813af510c74fccb847f1cc3099d250af5b47786f6c2703,2024-11,Gloucestershire Constabulary,Gloucestershire Constabulary,-2.215588,51.850991,On or near Ashgrove Avenue,E01022286,Gloucester 007F,Unable to prosecute suspect
a85114006072bb85ae95256c893103ee1ebc95fc355ab0c068e720ae25ceb4ea,2024-11,Gloucestershire Constabulary,Gloucestershire Constabulary,-2.230369,51.749041,On or near Jack Russell Close,E01034803,Stroud 006F,Unable to prosecute suspect
ef0d6aee124fa3d283f56b8ce53cc98a01a799d9ac8f37a8804b53a34ab525ed,2024-11,Gloucestershire Constabulary,Gloucestershire Constabulary,-2.111305,52.003135,On or near Elm Road,E01022450,Tewkesbury 001B,Unable to prosecute suspect
403ab27e0000b6c5d054c3e3f9b61f635d9c717d9efa88016b32a5316407facf,2024-11,Gloucestershire Constabulary,Gloucestershire Constabulary,-2.215588,51.850991,On or near Ashgrove Avenue,E01022286,Gloucester 007F,Unable to prosecute suspect
a29875dfda6828505716940651dd53836d3b0c08e30f230991d4e6deeb0ee527,2024-11,Gloucestershire Constabulary,Gloucestershire Constabulary,-2.346792,51.673912,On or near Whiteway Close,E01022374,Stroud 014C,Unable to prosecute suspect
105dad88aa294b8529858a59b07724ad4f7eb6f770eef84343de9bf497815040,2024-11,Gloucestershire Constabulary,Gloucestershire Constabulary,-2.100631,51.901000,On or near Rowanfield Road,E01022150,Cheltenham 007C,Unable to prosecute suspect
73ce3fefdaeb79c2da0de6ff2e2e49ae32d0e95f94ef13ffa3908c0910f5664e,2024-11,Gloucestershire Constabulary,Gloucestershire Constabulary,-2.236304,51.856193,On or near Grove Street,E01022291,Gloucester 005D,Unable to prosecute suspect
09eed25163900c00e723c696b4e6f592197c66f3f10e72ac1638727a84186124,2024-11,Gloucestershire Constabulary,Gloucestershire Constabulary,-2.181694,51.881177,On or near Watermoor Court,E01022425,Tewkesbury 007A,Unable to prosecute suspect
f5113c9df59a6f73879c8c5120264a1c2b035973cf59b28827650e99432b53bd,2024-11,Gloucestershire Constabulary,Gloucestershire Constabulary,-2.636227,51.795898,On or near Scowles Road,E01022242,Forest of Dean 007C,Unable to prosecute suspect
c97597e23408ae5a9a8f5ab9c95f2081af14ec87429c182485849f068ba45c37,2024-11,Gloucestershire Constabulary,Gloucestershire Constabulary,-2.352034,51.635692,On or near Rosemary Terrace,E01022418,Stroud 015E,Unable to prosecute suspect
1d0ae49a0ad45b85d1f8723a6b7e119516706da96eccaa698b9638f83da6c4ca,2024-11,Gloucestershire Constabulary,Gloucestershire Constabulary,-2.214510,51.770766,On or near Cheltenham Road,E01022391,Stroud 002C,Unable to prosecute suspect
c61d1a0d7db7f2631ba794e5ac5f4811d67baac45e4d30400bb7a616e3f83629,2024-11,Gloucestershire Constabulary,Gloucestershire Constabulary,-2.160327,51.730833,On or near Hill Top View,E01022369,Stroud 008D,Unable to prosecute suspect
3c0d465435b5cd33625d5364ed3abeb4d884c5c241ca92447c21926539694cc8,2024-11,Gloucestershire Constabulary,Gloucestershire Constabulary,-2.377443,51.819060,On or near Upper Rodley Road,E01022266,Forest of Dean 005D,Suspect charged
3e895be986b936d29a057f3d4aabc31ec5ef8e4498c7e9bf4be7033854f6d90d,2024-11,Gloucestershire Constabulary,Gloucestershire Constabulary,-2.236612,51.751699,On or near Wheelers Walk,E01022377,Stroud 004E,Unable to prosecute suspect
0b823fbd675931729691793cf8dc364f02b8ddf120dfd445ebc5dbef85500747,2024-11,Gloucestershire Constabulary,Gloucestershire Constabulary,-2.246049,51.861954,On or near Brunswick Road,E01034793,Gloucester 004I,Unable to prosecute suspect
dc784c0a99173099cb53e4b28be60c643fb0262e9e96f86caf38adf59d7be63c,2024-11,Gloucestershire Constabulary,Gloucestershire Constabulary,-2.075267,51.900129,On or near County Court Road,E01022117,Cheltenham 009B,Unable to prosecute suspect
d7fcc0e041fef33746c89b817ca0508316cec14d573c5848dd76b5cab13b5eed,2024-11,Gloucestershire Constabulary,Gloucestershire Constabulary,-2.210496,51.854848,On or near Ullenwood Road,E01022285,Gloucester 007E,Unable to prosecute suspect
a63b47058386c51a7cb3e213df976388784c967e62a9194de643ccd0d8df3def,2024-11,Gloucestershire Constabulary,Gloucestershire Constabulary,-2.618480,51.796056,On or near Copper Beech Close,E01022241,Forest of Dean 007B,Unable to prosecute suspect
d5c31d9efe0dd7452f1127fbeaaf12cbb5b2092109fb0b167f0cfb754a5992e6,2024-11,Gloucestershire Constabulary,Gloucestershire Constabulary,-2.502829,51.827708,On or near Parking Area,E01022240,Forest of Dean 004E,Unable to prosecute suspect
26d33731e30b248412954df7f3a14ac5b3276362ea8320d507af34ba3817d820,2024-11,Gloucestershire Constabulary,Gloucestershire Constabulary,-2.344037,51.634826,On or near Fountain Crescent,E01022416,Stroud 015C,Unable to prosecute suspect
6dfefd84e933e56810cd1f2880e9a92228cdf10a99e0fa4689f9ad4e2e59d75f,2024-11,Gloucestershire Constabulary,Gloucestershire Constabulary,-2.238962,51.867471,On or near Wellington Parade,E01022311,Gloucester 002C,Unable to prosecute suspect
37b475d6e2014b8da1a1b1be1e07ae3d419b70d87953c7517fdecf72dffc2948,2024-11,Gloucestershire Constabulary,Gloucestershire Constabulary,-2.238962,51.867471,On or near Wellington Parade,E01022311,Gloucester 002C,Unable to prosecute suspect
f6c69bc840a134cd8b524b5dbcd90d92220956ba33dcf89225bd5759939fa1e6,2024-11,Gloucestershire Constabulary,Gloucestershire Constabulary,-2.200611,51.865133,On or near Supermarket,E01022287,Gloucester 007G,Unable to prosecute suspect
c430c9de8bc86cdc61df7c266821a81f9d6a42b3cd9b5d9898de7eb3c5a3bd77,2024-11,Gloucestershire Constabulary,Gloucestershire Constabulary,-1.757463,51.882848,On or near Chardwar Gardens,E01022181,Cotswold 003B,Suspect charged
64925c15278cee8323bee7e13ba742a254c018836538df556c13d38975109f8f,2024-11,Gloucestershire Constabulary,Gloucestershire Constabulary,-2.381247,51.695582,On or near Orchard Leaze,E01022362,Stroud 011D,Unable to prosecute suspect
80a081dbe3b43b7065b136a0df40794c525b8f5001cabf098b059f00514c6ebe,2024-11,Gloucestershire Constabulary,Gloucestershire Constabulary,-1.758221,51.893234,On or near Springvale,E01034784,Cotswold 003F,Further action is not in the public interest
2199a814b1f30f2d8e1118464b81986580bcca11c92d305fbde5c4880fa8fb10,2024-11,Gloucestershire Constabulary,Gloucestershire Constabulary,-2.252631,51.859614,On or near Shopping Area,E01034791,Gloucester 004G,Suspect charged as part of another case
c775587a416203468deca8403af677fc9221fc0659247014f5e8143abf2ee463,2024-11,Gloucestershire Constabulary,Gloucestershire Constabulary,-2.240167,51.856356,On or near Brook Street,E01022293,Gloucester 008A,Investigation complete; no suspect identified
7184e574e0d46578dfe8a654c2089f1d140353ac8e7e5369defd961ef756cf01,2024-11,Gloucestershire Constabulary,Gloucestershire Constabulary,-1.758221,51.893234,On or near Springvale,E01034784,Cotswold 003F,Further action is not in the public interest
076a811b806af5a932ab31b1ec37bdda07d6f12c90082936732bf8829b0358ac,2024-11,Gloucestershire Constabulary,Gloucestershire Constabulary,-2.095865,51.894881,On or near Skillicorne Mews,E01022125,Cheltenham 009E,Unable to prosecute suspect
fe8a9b9002cfd2babe7dfb3d5a30d0d27415c831380908439aa5ca95f47bd9a5,2024-11,Gloucestershire Constabulary,Gloucestershire Constabulary,-2.230023,51.857527,On or near India Road,E01022288,Gloucester 005A,Suspect charged
a79f66a63d66330cbb2dec847bd2a6bccde3c8e35481dd2a2a9e76f93debd531,2024-11,Gloucestershire Constabulary,Gloucestershire Constabulary,-2.257400,51.858585,On or near Supermarket,E01034791,Gloucester 004G,Suspect charged as part of another case
ff4fd34887516ba97f63d4ab02b82c4ae4e9394e078447a31c72afe3f405136d,2024-11,Gloucestershire Constabulary,Gloucestershire Constabulary,-2.182309,51.842776,On or near Lobleys Drive,E01034808,Tewkesbury 009G,Unable to prosecute suspect
41eac71c50b565eec47446bc317dffd6c5d234d93323020386cddcd7db5b2cf2,2024-11,Gloucestershire Constabulary,Gloucestershire Constabulary,-2.285998,51.754430,On or near Perth,E01022402,Stroud 005C,Unable to prosecute suspect
0aab10334507a716d3882af8a7e388867b1cad80ed7377d7b60dc01565764ec3,2024-11,Gloucestershire Constabulary,Gloucestershire Constabulary,-2.060255,51.943959,On or near Hemming Way,E01022437,Tewkesbury 010D,Local resolution
024c3d22bc504380f6bc93dddaad80e775d0056471b6cca0edc65fd4c8c4764b,2024-11,Gloucestershire Constabulary,Gloucestershire Constabulary,-2.100090,51.846244,On or near Park/Open Space,E01022187,Cotswold 004B,Local resolution
afa995f40b5fbc486f5223028a608ce312a53c11e4034520cf1edbc840a5fb6d,2024-11,Gloucestershire Constabulary,Gloucestershire Constabulary,-2.452187,51.804510,On or near Allsopp Close,E01022265,Forest of Dean 005C,Unable to prosecute suspect
68054a3a2dbbf950f67dbceff16101b04a5c7dbe946239f3ee8081609dc024cd,2024-11,Gloucestershire Constabulary,Gloucestershire Constabulary,-2.047472,51.907138,On or near Newland Court,E01022132,Cheltenham 006B,Investigation complete; no suspect identified
40e5ac3cdd2c9a64b1d4be535d4a9426ee83068c260851d0e71692e5efa0516b,2024-11,Gloucestershire Constabulary,Gloucestershire Constabulary,-2.264795,51.819826,On or near Portreath Way,E01034796,Gloucester 015J,Unable to prosecute suspect
2fbb52c285298b14c1d0418327197ee8e77abd4493b4bd298cebdf53f3b52a0b,2024-11,Gloucestershire Constabulary,Gloucestershire Constabulary,-2.207698,51.862037,On or near Wotton Court,E01022287,Gloucester 007G,Suspect charged
43d504fd1246d09e0ac18f9568604031fa7dd8d8d151c646ecdbe688177f7c37,2024-11,Gloucestershire Constabulary,Gloucestershire Constabulary,-2.058507,51.942216,On or near Dale Walk,E01034815,Tewkesbury 011D,Unable to prosecute suspect
6be01f60e688b496ba88cab2cbe89cab5139612c811bd55699df09748d2ed3b4,2024-11,Gloucestershire Constabulary,Gloucestershire Constabulary,-2.406101,51.930803,On or near Broad Street,E01022262,Forest of Dean 002B,Suspect charged
22cec9f677b83e3bf8e069e78c2170af9ea61775e6a9f8445842f3d724ec0d9b,2024-11,Gloucestershire Constabulary,Gloucestershire Constabulary,-2.271327,51.817914,On or near Rudloe Drive Kingsway,E01034797,Gloucester 015K,Unable to prosecute suspect
e3d66950d2f4b467b02b9821e3a493c0ea5d8d12aaa1e27797d420fda3efc2a3,2024-11,Gloucestershire Constabulary,Gloucestershire Constabulary,,,No location,,,Unable to prosecute suspect
06ac9599341577e8460585a3545e59b0955473e3f365ac6cffb6f1b4b75255cd,2024-11,Gloucestershire Constabulary,Gloucestershire Constabulary,,,No location,,,Unable to prosecute suspect
ae32201e3a1485d8710afa4b16af38716d66d2e8c10474a0fe87a54953ac7e0a,2024-11,Gloucestershire Constabulary,Gloucestershire Constabulary,-2.240227,51.862182,On or near Nightclub,E01034793,Gloucester 004I,Unable to prosecute suspect
8f808f82ca4be794d17686de751daf33cfbd03b151f994fff0ecf00ae80bf2c2,2024-11,Gloucestershire Constabulary,Gloucestershire Constabulary,-2.243823,51.866643,On or near Northgate Street,E01032937,Gloucester 004F,Suspect charged
2f6f131554483d9b4a0e658134172582b86e98d574015b4dae0ce40ee120244e,2024-11,Gloucestershire Constabulary,Gloucestershire Constabulary,-2.242661,51.858392,On or near Trier Way,E01034792,Gloucester 004H,Suspect charged
452c9cb6e3e25fd535b9de29ab9d6593f4134df5d255ba742a82abd09c46ebd6,2024-11,Gloucestershire Constabulary,Gloucestershire Constabulary,-2.519269,51.719131,On or near Bledisloe Way,E01022254,Forest of Dean 009C,Unable to prosecute suspect
fc303df6c6aa2cdb62233c88880f5f4c0ca05c605c7e14b9f865ab4d4933640c,2024-11,Gloucestershire Constabulary,Gloucestershire Constabulary,-2.245394,51.861677,On or near St Michael's Square,E01034793,Gloucester 004I,Unable to prosecute suspect
4b3da86c63eb84d8b28e5099b95a299fa8d7b56329edbc84f196fb3094b67b6b,2024-11,Gloucestershire Constabulary,Gloucestershire Constabulary,-2.571324,51.786791,On or near Parking Area,E01022269,Forest of Dean 008E,Local resolution
34c7dcf06e0aa7182afa02eb3ffe7b58dab0ee509522c514c031c40130309ab4,2024-11,Gloucestershire Constabulary,Gloucestershire Constabulary,-2.046509,51.904154,On or near Ladysmith Road,E01022132,Cheltenham 006B,Suspect charged
99bc82b36affe02d24f0e88cf7e11f5ec4e4cdd03db5e5fc21876449d57cbc92,2024-11,Gloucestershire Constabulary,Gloucestershire Constabulary,-2.153104,51.646020,On or near De Borg Close,E01034789,Cotswold 011G,Unable to prosecute suspect
9ad1a4ae991b97332fa22894e3cdaabd63fece936eee80ef37c915962fba10d4,2024-11,Gloucestershire Constabulary,Gloucestershire Constabulary,-2.188085,51.887829,On or near Vervain Close,E01022428,Tewkesbury 007D,Suspect charged
fc3ee69377bade4c483dcad37f5fa9adbdfc5e482be7d9d7aec0f5c65d13221c,2024-11,Gloucestershire Constabulary,Gloucestershire Constabulary,-2.424669,51.692753,On or near Petrol Station,E01022352,Stroud 012B,Further action is not in the public interest
c6e02eda06f871b7b927ae4c595da852d496ece97f8004f4e4466ddb6841b567,2024-11,Gloucestershire Constabulary,Gloucestershire Constabulary,-2.433302,51.690834,On or near The Common,E01022352,Stroud 012B,Further action is not in the public interest
c482e4324d1f42c215ad242bc1ad49186497b84552e12a09f010a729979193ce,2024-11,Gloucestershire Constabulary,Gloucestershire Constabulary,-2.234032,51.846631,On or near Broadway,E01022323,Gloucester 008C,Unable to prosecute suspect
0126a5b4d587d985f1aec9d60eba07ebc132b7b0094567585141d951d46d9706,2024-11,Gloucestershire Constabulary,Gloucestershire Constabulary,-1.961788,51.709781,On or near Stepstairs Lane,E01022200,Cotswold 007D,Suspect charged
1d6231dc47584ab94effbab9c656d506bc4b2eed249c16f2ab4fb2f06f9b8f2a,2024-11,Gloucestershire Constabulary,Gloucestershire Constabulary,-2.260950,51.852221,On or near Mainsail Lane,E01034794,Gloucester 004J,Suspect charged
1d6231dc47584ab94effbab9c656d506bc4b2eed249c16f2ab4fb2f06f9b8f2a,2024-11,Gloucestershire Constabulary,Gloucestershire Constabulary,-2.260950,51.852221,On or near Mainsail Lane,E01034794,Gloucester 004J,Suspect charged
1d6231dc47584ab94effbab9c656d506bc4b2eed249c16f2ab4fb2f06f9b8f2a,2024-11,Gloucestershire Constabulary,Gloucestershire Constabulary,-2.260950,51.852221,On or near Mainsail Lane,E01034794,Gloucester 004J,Suspect charged
f46247d4d443ac007bf68200d3b340d49f9683bd0050eb2010ccefadf87566d8,2024-11,Gloucestershire Constabulary,Gloucestershire Constabulary,-1.952496,51.709795,On or near Fry Close,E01022225,Cotswold 008E,Unable to prosecute suspect
745b52b33283b0d7b3ac40da0571e9151eae90cff76cf2ca1ca3fb85537b5ac7,2024-11,Gloucestershire Constabulary,Gloucestershire Constabulary,-2.294344,51.905898,On or near Dent's Lane,E01022247,Forest of Dean 001C,Suspect charged
653ff451c48b458d598d940a02f49c297ed6c88504feaa5e254ac0e92aa0469d,2024-11,Gloucestershire Constabulary,Gloucestershire Constabulary,-2.276639,51.751935,On or near Kimmins Road,E01022401,Stroud 005B,Formal action is not in the public interest
fd795ff1e805ac1a5b9ee592f777ee1d69bf091539c59cb0d2c2e30924cb698c,2024-11,Gloucestershire Constabulary,Gloucestershire Constabulary,-2.237928,51.855767,On or near Dainty Street,E01022292,Gloucester 005E,Unable to prosecute suspect
4b79c6fa67e62303329a709dba7926fd4cfc6216cf6ef6f0d9194bb2f757df5e,2024-11,Gloucestershire Constabulary,Gloucestershire Constabulary,-2.081710,51.902669,On or near New Street,E01022127,Cheltenham 009G,Unable to prosecute suspect
7402640502680ef691cb3bf37ce609b2d14f5d1f1d4bb6852550be36dba256f6,2024-11,Gloucestershire Constabulary,Gloucestershire Constabulary,-2.167609,51.644679,On or near Webb Road,E01022218,Cotswold 011D,Unable to prosecute suspect
93203e84a78a26b8be26757f4d532560aec3ebc8b9ec8d0631c9cc5b1d78db3e,2024-11,Gloucestershire Constabulary,Gloucestershire Constabulary,-2.210657,51.870600,On or near Meadowleaze,E01022296,Gloucester 003B,Suspect charged
7d979eb477743c49781621d8221a01c56998b1b52039bfdbab8b1dd2a65bef59,2024-11,Gloucestershire Constabulary,Gloucestershire Constabulary,,,No location,,,Unable to prosecute suspect
e07467c24259e3bc678c9e42a9aaf69402a35499d0c37ce3e0b97d12b03fad3d,2024-11,Gloucestershire Constabulary,Gloucestershire Constabulary,-2.112578,51.906824,On or near Quebec Drive,E01022120,Cheltenham 005A,Unable to prosecute suspect
8481c80bab674ffa9f4627d5ead6736b67cbf073ebb96d38b63c2b0294f5cdec,2024-11,Gloucestershire Constabulary,Gloucestershire Constabulary,-2.076503,51.900452,On or near Post Office Lane,E01022127,Cheltenham 009G,Investigation complete; no suspect identified
29b250cc08ed3c0ed54bf2750efc0aae8c23a1c0dcc3d10e3bb6fff8063e99d9,2024-11,Gloucestershire Constabulary,Gloucestershire Constabulary,-2.242006,51.858159,On or near Midland Road,E01022293,Gloucester 008A,Unable to prosecute suspect
1e87ea5abcb8c3983e3804086949f2995b06b9ecc6d9c07cb5ab64367ff41b34,2024-11,Gloucestershire Constabulary,Gloucestershire Constabulary,-1.968513,51.716301,On or near Brewery Court,E01022194,Cotswold 007A,Unable to prosecute suspect
8bf5fb0924f604fd1a6d8f0992ddd777857baab63343b47507f74a8a1acd029b,2024-11,Gloucestershire Constabulary,Gloucestershire Constabulary,-2.509127,51.821351,On or near Furnaces Close,E01022238,Forest of Dean 004C,Unable to prosecute suspect
25736abc6a3803d14f3bde3e24903e92729fe514c226cd55c6a7b97492e87374,2024-11,Gloucestershire Constabulary,Gloucestershire Constabulary,-2.502546,51.823114,On or near College Road,E01022239,Forest of Dean 004D,Unable to prosecute suspect
7358d6c32e61c886efb8b8ffe4cf55212b8a51fb7abd082a19d56be26b72df83,2024-11,Gloucestershire Constabulary,Gloucestershire Constabulary,-2.061757,51.946520,On or near Supermarket,E01034814,Tewkesbury 011B,Suspect charged
851b624bdb932e666b904bdf74bfced1552600029a281fb6f5ed77999509de53,2024-11,Gloucestershire Constabulary,Gloucestershire Constabulary,-2.236118,51.863077,On or near Supermarket,E01022289,Gloucester 005B,Unable to prosecute suspect
b2bf7209ef42d045714b75f2281a4323906c5c008c41d6c4e244d2542602014a,2024-11,Gloucestershire Constabulary,Gloucestershire Constabulary,-2.259905,51.839725,On or near Burns Avenue,E01022333,Gloucester 009E,Further action is not in the public interest
4022b9d69308d4dec543ecf0c3a28d72e12eb2012b0a8287ddd8974e76822919,2024-11,Gloucestershire Constabulary,Gloucestershire Constabulary,-2.245394,51.861677,On or near St Michael's Square,E01034793,Gloucester 004I,Unable to prosecute suspect
9ec04b11aa7dcfc7c510432321371b3b1d5ce4a690f10c77a11d177122960a1c,2024-11,Gloucestershire Constabulary,Gloucestershire Constabulary,-2.280519,51.819295,On or near Lanham Gardens,E01022338,Gloucester 015D,Unable to prosecute suspect
575225743dcf7bab6c099ba0d9262d1a2bdb8873c90e4f64fcdc8502263fabbe,2024-11,Gloucestershire Constabulary,Gloucestershire Constabulary,-2.161201,51.878581,On or near Brookfield Road,E01022426,Tewkesbury 007B,Unable to prosecute suspect
